timestamp,x,y,heading,velocity_x,velocity_y,steering_input,throttle_input
1787619983.529166,400.0,300.0,0.0,-0.0,0.0,0.0007486979166666675,-0.0007039388020833332
1787619983.5467038,400.0,300.0,0.0,-0.0,0.0,0.0007486979166666675,-0.0007039388020833332
1787619983.562929,400.0,300.0,0.0,-0.0,0.0,0.0007486979166666675,-0.0007039388020833332
1787619983.580864,400.0,300.0,0.0,-0.0,0.0,0.0007486979166666675,-0.0007039388020833332
1787619983.5987148,400.0,300.0,0.0,-0.0,0.0,0.0007486979166666675,-0.0007039388020833332
1787619983.615538,400.0,300.0,0.0,-0.0,0.0,0.0007486979166666675,-0.0007039388020833332
1787619983.632396,400.0,300.0,0.0,-0.0,0.0,0.0007486979166666675,-0.0007039388020833332
1787619983.6490262,400.0,300.0,0.0,-0.0,0.0,0.0007486979166666675,-0.0007039388020833332
1787619983.6661088,400.0,300.0,0.0,-0.0,0.0,0.0007486979166666675,-0.0007039388020833332
1787619983.6836202,400.0,300.0,0.0,-0.0,0.0,0.0007486979166666675,-0.0007039388020833332
1787619983.700567,400.0,300.0,0.0,-0.0,0.0,0.0007486979166666675,-0.0007039388020833332
1787619983.7172601,400.0,300.0,0.0,-0.0,0.0,0.0007486979166666675,-0.0007039388020833332
1787619983.734126,400.0,300.0,0.0,-0.0,0.0,0.0007486979166666675,-0.0007039388020833332
1787619983.751616,400.0,300.0,0.0,-0.0,0.0,0.0007486979166666675,-0.0007039388020833332
1787619983.768018,400.0,300.0,0.0,-0.0,0.0,0.0007486979166666675,-0.0007039388020833332
1787619983.785646,400.0,300.0,0.0,-0.0,0.0,0.0007486979166666675,-0.0007039388020833332
1787619983.802473,400.0,300.0,0.0,-0.0,0.0,0.0007486979166666675,-0.0007039388020833332
1787619983.819239,400.0,300.0,0.0,-0.0,0.0,0.0007486979166666675,-0.0007039388020833332
1787619983.836179,400.0,300.0,0.0,-0.0,0.0,0.0007486979166666675,-0.0007039388020833332
1787619983.852306,400.0,300.0,0.0,-0.0,0.0,0.0007486979166666675,-0.0007039388020833332
1787619983.869159,400.0,300.0,0.0,-0.0,0.0,0.0007486979166666675,-0.0007039388020833332
1787619983.8860219,400.0,300.0,0.0,-0.0,0.0,0.0007486979166666675,-0.0007039388020833332
1787619983.902911,400.0,300.0,0.0,-0.0,0.0,0.0007486979166666675,-0.0007039388020833332
1787619983.9207838,400.0,300.0,0.0,-0.0,0.0,0.0007486979166666675,-0.0007039388020833332
1787619983.93758,400.0,300.0,0.0,-0.0,0.0,0.0007486979166666675,-0.0007039388020833332
1787619983.954407,400.0,300.0,0.0,-0.0,0.0,0.0007486979166666675,-0.0007039388020833332
1787619983.971068,400.0,300.0,0.0,-0.0,0.0,0.0007486979166666675,-0.0007039388020833332
1787619983.987936,400.0,300.0,0.0,-0.0,0.0,0.0007486979166666675,-0.0007039388020833332
1787619984.005837,400.0,300.0,0.0,-0.0,0.0,0.0007486979166666675,-0.0007039388020833332
1787619984.022662,400.0,300.0,0.0,-0.0,0.0,0.0007486979166666675,-0.0007039388020833332
1787619984.039676,400.0,300.0,0.0,-0.0,0.0,0.0007486979166666675,-0.0007039388020833332
1787619984.0564868,400.0,300.0,0.0,-0.0,0.0,0.0007486979166666675,-0.0007039388020833332
1787619984.073317,400.0,300.0,0.0,-0.0,0.0,0.0007486979166666675,-0.0007039388020833332
1787619984.0901172,400.0,300.0,0.0,-0.0,0.0,0.0007486979166666675,-0.0007039388020833332
1787619984.1069682,400.0,300.0,0.0,-0.0,0.0,0.0007486979166666675,-0.0007039388020833332
1787619984.123911,400.0,300.0,0.0,-0.0,0.0,0.0007486979166666675,-0.0007039388020833332
1787619984.1417432,400.0,300.0,0.0,-0.0,0.0,0.0007486979166666675,-0.0007039388020833332
1787619984.158588,400.0,300.0,0.0,-0.0,0.0,0.0007486979166666675,-0.0007039388020833332
1787619984.175054,400.0,300.0,0.0,-0.0,0.0,0.0007486979166666675,-0.0007039388020833332
1787619984.192018,400.0,300.0,0.0,-0.0,0.0,0.0007486979166666675,-0.0007039388020833332
1787619984.209048,400.0,300.0,0.0,-0.0,0.0,0.0007486979166666675,-0.0007039388020833332
1787619984.2256489,400.0,300.0,0.0,-0.0,0.0,0.0007486979166666675,-0.0007039388020833332
1787619984.242829,400.0,300.0,0.0,-0.0,0.0,0.0007486979166666675,-0.0007039388020833332
1787619984.2597408,400.0,300.0,0.0,-0.0,0.0,0.0007486979166666675,-0.0007039388020833332
1787619984.276588,400.0,300.0,0.0,-0.0,0.0,0.0007486979166666675,-0.0007039388020833332
1787619984.293586,400.0,300.0,0.0,-0.0,0.0,0.0007486979166666675,-0.0007039388020833332
1787619984.310687,400.0,300.0,0.0,-0.0,0.0,0.0007486979166666675,-0.0007039388020833332
1787619984.326985,400.0,300.0,0.0,-0.0,0.0,0.0007486979166666675,-0.0007039388020833332
1787619984.344439,400.0,300.0,0.0,-0.0,0.0,0.0007486979166666675,-0.0007039388020833332
1787619984.360954,400.0,300.0,0.0,-0.0,0.0,0.0007486979166666675,-0.0007039388020833332
1787619984.378761,400.0,300.0,0.0,-0.0,0.0,0.0007486979166666675,-0.0007039388020833332
1787619984.395755,400.0,300.0,0.0,-0.0,0.0,0.0007486979166666675,-0.0007039388020833332
1787619984.412736,400.0,300.0,0.0,-0.0,0.0,0.0007486979166666675,-0.0007039388020833332
1787619984.4296489,400.0,300.0,0.0,-0.0,0.0,0.0007486979166666675,-0.0007039388020833332
1787619984.446107,400.0,300.0,0.0,-0.0,0.0,0.0007486979166666675,-0.0007039388020833332
1787619984.463893,400.0,300.0,0.0,-0.0,0.0,0.0007486979166666675,-0.0007039388020833332
1787619984.480897,400.0,300.0,0.0,-0.0,0.0,0.0007486979166666675,-0.0007039388020833332
1787619984.498206,400.0,300.0,0.0,-0.0,0.0,0.0007486979166666675,-0.0007039388020833332
1787619984.5158029,400.0,300.0,0.0,-0.0,0.0,0.0007486979166666675,-0.0007039388020833332
1787619984.532767,400.0,300.0,0.0,-0.0,0.0,0.0007486979166666675,-0.0007039388020833332
1787619984.5495648,400.0,300.0,0.0,-0.0,0.0,0.0007486979166666675,-0.0007039388020833332
1787619984.566564,400.0,300.0,0.0,-0.0,0.0,0.0007486979166666675,-0.0007039388020833332
1787619984.583544,400.0,300.0,0.0,-0.0,0.0,0.0007486979166666675,-0.0007039388020833332
1787619984.6004028,400.0,300.0,0.0,-0.0,0.0,0.0007486979166666675,-0.0007039388020833332
1787619984.616221,400.0,300.0,0.0,-0.0,0.0,0.0007486979166666675,-0.0007039388020833332
1787619984.632823,400.0,300.0,0.0,-0.0,0.0,0.0007486979166666675,-0.0007039388020833332
1787619984.650337,400.0,300.0,0.0,-0.0,0.0,0.0007486979166666675,-0.0007039388020833332
1787619984.666807,400.0,300.0,0.0,-0.0,0.0,0.0007486979166666675,-0.01898396809895833
1787619984.6843488,400.0,299.9877366449216,0.0,0.0,-0.012263355078408497,0.0007486979166666675,-0.46692097981770836
1787619984.7008798,400.0,299.9127053387866,0.0,0.0,-0.07503130613498449,0.0007486979166666675,-0.7580586751302083
1787619984.718403,400.0,299.6939955934504,0.0,0.0,-0.21870974533626558,0.0007486979166666675,-0.9901448567708333
1787619984.735011,400.0,299.2941316145234,0.0,0.0,-0.3998639789269993,0.0007486979166666675,-0.9901448567708333
1787619984.752504,400.0,298.69763912474946,0.0,0.0,-0.5964924897739416,0.0007486979166666675,-0.9901448567708333
1787619984.7692091,400.0,297.9031996453726,0.0,0.0,-0.794439479376849,0.0007486979166666675,-0.9901448567708333
1787619984.7857559,400.0,296.91824300906904,0.0,0.0,-0.9849566363035425,0.0007486979166666675,-0.9901448567708333
1787619984.80163,400.0,295.75526233848814,0.0,0.0,-1.1629806705808823,0.0007486979166666675,-0.9901448567708333
1787619984.8183858,400.0,294.42934022300375,0.0,0.0,-1.3259221154843934,0.0007486979166666675,-0.9901448567708333
1787619984.8348749,400.0,292.9565216954592,0.0,0.0,-1.4728185275445935,0.0007486979166666675,-0.9901448567708333
1787619984.852746,400.0,291.35277497480126,0.0,0.0,-1.6037467206578893,0.0007486979166666675,-0.9901448567708333
1787619984.869571,400.0,289.6333564295292,0.0,0.0,-1.7194185452720767,0.0007486979166666675,-0.9901448567708333
1787619984.886399,400.0,287.81245021664705,0.0,0.0,-1.8209062128821834,0.0007486979166666675,-0.9901448567708333
1787619984.903208,400.0,285.90299160573915,0.0,0.0,-1.9094586109078886,0.0007486979166666675,-0.9901448567708333
1787619984.919112,400.0,283.9166104628069,0.0,0.0,-1.986381142932253,0.0007486979166666675,-0.9901448567708333
1787619984.936109,400.0,281.86365087970387,0.0,0.0,-2.0529595831030303,0.0007486979166666675,-0.9901448567708333
1787619984.951992,400.0,279.75323674941177,0.0,0.0,-2.110414130292114,0.0007486979166666675,-0.9901448567708333
1787619984.96978,400.0,277.5933628282347,0.0,0.0,-2.15987392117707,0.0007486979166666675,-0.9901448567708333
1787619984.98675,400.0,275.39099765968353,0.0,0.0,-2.2023651685511676,0.0007486979166666675,-0.9901448567708333
1787619985.002943,400.0,273.1521894987138,0.0,0.0,-2.238808160969712,0.0007486979166666675,-0.9901448567708333
1787619985.019883,400.0,270.8821696694596,0.0,0.0,-2.2700198292542555,0.0007486979166666675,-0.9901448567708333
1787619985.037676,400.0,268.5854500445469,0.0,0.0,-2.296719624912662,0.0007486979166666675,-0.9901448567708333
1787619985.0544908,400.0,266.26591285674664,0.0,0.0,-2.31953718780026,0.0007486979166666675,-0.9901448567708333
1787619985.071476,400.0,263.92689206331437,0.0,0.0,-2.3390207934322897,0.0007486979166666675,-0.9901448567708333
1787619985.087761,400.0,261.57124613583403,0.0,0.0,-2.3556459274803103,0.0007486979166666675,-0.9901448567708333
1787619985.103561,400.0,259.20142255437196,0.0,0.0,-2.369823581462052,0.0007486979166666675,-0.9901448567708333
1787619985.120398,400.0,256.81951452247085,0.0,0.0,-2.3819080319011006,0.0007486979166666675,-0.9901448567708333
1787619985.136529,400.0,254.42731054400588,0.0,0.0,-2.3922039784649667,0.0007486979166666675,-0.9901448567708333
1787619985.153313,400.0,252.0263375526951,0.0,0.0,-2.4009729913107662,0.0007486979166666675,-0.9901448567708333
1787619985.170363,400.0,249.61789828686787,0.0,0.0,-2.4084392658272518,0.0007486979166666675,-0.9901448567708333
1787619985.1871831,400.0,247.20310357437737,0.0,0.0,-2.414794712490498,0.0007486979166666675,-0.9901448567708333
1787619985.204293,400.0,244.78290014784636,0.0,0.0,-2.420203426531016,0.0007486979166666675,-0.9901448567708333
1787619985.2211661,400.0,242.3580945571687,0.0,0.0,-2.424805590677665,0.0007486979166666675,-0.9901448567708333
1787619985.238338,400.0,239.92937368988055,0.0,0.0,-2.4287208672881375,0.0007486979166666675,-0.9901448567708333
1787619985.255709,400.0,237.497322354179,0.0,0.0,-2.4320513357015443,0.0007486979166666675,-0.9901448567708333
1787619985.272872,400.0,235.06243832614578,0.0,0.0,-2.43488402803322,0.0007486979166666675,-0.9901448567708333
1787619985.289092,400.0,232.62514521333537,0.0,0.0,-2.4372931128103965,0.0007486979166666675,-0.9901448567708333
1787619985.306048,400.0,230.18580344189107,0.0,0.0,-2.439341771444317,0.0007486979166666675,-0.9901448567708333
1787619985.322398,400.0,227.7447196339337,0.0,0.0,-2.4410838079573725,0.0007486979166666675,-0.9901448567708333
1787619985.3388631,400.0,225.3021546060431,0.0,0.0,-2.4425650278905966,0.0007486979166666675,-0.9901448567708333
1787619985.356023,400.0,222.86981249096016,0.0,0.0,-2.432342115082948,0.0007486979166666675,-0.9746419270833333
1787619985.3721862,400.0,220.46938927417284,0.0,0.0,-2.400423216787324,0.0007486979166666675,-0.9430867513020833
1787619985.388406,400.0,218.12771523976411,0.0,0.0,-2.341674034408719,0.0007486979166666675,-0.8994466145833333
1787619985.405421,400.0,215.88133024621786,0.0,0.0,-2.2463849935462537,0.0007486979166666675,-0.8351765950520833
1787619985.4225018,400.0,213.77565656538414,0.0,0.0,-2.1056736808337204,0.0007486979166666675,-0.7467976888020833
1787619985.43945,400.0,211.85300158820016,0.0,0.0,-1.922654977183992,0.0007486979166666675,-0.6458150227864583
1787619985.456301,400.0,210.14118905820257,0.0,0.0,-1.7118125299975784,0.0007486979166666675,-0.5470906575520833
1787619985.473336,400.0,208.63359227720838,0.0,0.0,-1.5075967809941981,0.0007486979166666675,-0.48797810872395836
1787619985.4905338,400.0,207.29819703950758,0.0,0.0,-1.335395237700787,0.0007486979166666675,-0.47192586263020836
1787619985.507534,400.0,206.1009647236637,0.0,0.0,-1.197232315843868,0.0007486979166666675,-0.47192586263020836
1787619985.5248861,400.0,204.98611752673204,0.0,0.0,-1.1148471969316658,0.0007486979166666675,-0.5304585774739583
1787619985.5419478,400.0,203.93229755058255,0.0,0.0,-1.053819976149486,0.0007486979166666675,-0.5442220052083333
1787619985.557266,400.0,202.92490713784005,0.0,0.0,-1.0073904127424942,0.0007486979166666675,-0.5528279622395833
1787619985.573319,400.0,201.9561594548763,0.0,0.0,-0.9687476829637414,0.0007486979166666675,-0.5528279622395833
1787619985.590445,400.0,201.01966390886236,0.0,0.0,-0.9364955460139714,0.0007486979166666675,-0.5528279622395833
1787619985.6074939,400.0,200.1101533817765,0.0,0.0,-0.9095105270858351,0.0007486979166666675,-0.5528279622395833
1787619985.6244302,400.0,199.2232699533509,0.0,0.0,-0.8868834284256182,0.0007486979166666675,-0.5528279622395833
1787619985.640973,400.0,198.3581847341561,0.0,0.0,-0.8650852191947679,0.0007486979166666675,-0.5465108235677083
1787619985.658679,400.0,197.5144092257294,0.0,0.0,-0.8437755084267293,0.0007486979166666675,-0.5396443684895833
1787619985.675759,400.0,196.69175790903205,0.0,0.0,-0.8226513166973386,0.0007486979166666675,-0.5321675618489583
1787619985.6925929,400.0,195.89001735350197,0.0,0.0,-0.801740555530067,0.0007486979166666675,-0.5247212727864583
1787619985.7097359,400.0,195.1058392904539,0.0,0.0,-0.7841780630480819,0.0007486979166666675,-0.5247212727864583
1787619985.7268941,400.0,194.3364364256319,0.0,0.0,-0.7694028648220113,0.0007486979166666675,-0.5247212727864583
1787619985.744877,400.0,193.57948199432488,0.0,0.0,-0.7569544313070143,0.0007486979166666675,-0.5247212727864583
1787619985.762034,400.0,192.8330289061096,0.0,0.0,-0.746453088215267,0.0007486979166666675,-0.5247212727864583
1787619985.779426,400.0,192.09544428567372,0.0,0.0,-0.737584620435892,0.0007486979166666675,-0.5247212727864583
1787619985.796528,400.0,191.36535619349468,0.0,0.0,-0.7300880921790441,0.0007486979166666675,-0.5247212727864583
1787619985.8135018,400.0,190.6416100442245,0.0,0.0,-0.7237461492701597,0.0007486979166666675,-0.5247212727864583
1787619985.830562,400.0,189.92323279476284,0.0,0.0,-0.7183772494616752,0.0007486979166666675,-0.5247212727864583
1787619985.847182,400.0,189.21445777652386,0.0,0.0,-0.708775018238983,0.0007486979166666675,-0.5120869954427083
1787619985.864238,400.0,188.51947728971587,0.0,0.0,-0.6949804868079806,0.0007486979166666675,-0.49774373372395836
1787619985.88121,400.0,187.8379213151968,0.0,0.0,-0.6815559745190709,0.0007486979166666675,-0.49313557942708336
1787619985.898277,400.0,187.15962602359184,0.0,0.0,-0.6782952916049573,0.0007486979166666675,-0.5137959798177083
1787619985.915235,400.0,186.47466427480737,0.0,0.0,-0.6849617487844746,0.0007486979166666675,-0.5379048665364583
1787619985.932339,400.0,185.7776559600227,0.0,0.0,-0.6970083147846463,0.0007486979166666675,-0.5539876302083333
1787619985.949501,400.0,185.06182664318862,0.0,0.0,-0.71582931683409,0.0007486979166666675,-0.5752278645833333
1787619985.96647,400.0,184.32491442239188,0.0,0.0,-0.7369122207967337,0.0007486979166666675,-0.5872517903645833
1787619985.983587,400.0,183.56605021917647,0.0,0.0,-0.7588642032153989,0.0007486979166666675,-0.5964375813802083
1787619986.0005472,400.0,182.7788747448634,0.0,0.0,-0.7871754743130649,0.0007486979166666675,-0.6188374837239583
1787619986.017684,400.0,181.9541858031228,0.0,0.0,-0.8246889417406013,0.0007486979166666675,-0.6492329915364583
1787619986.034102,400.0,181.08705793795016,0.0,0.0,-0.8671278651726368,0.0007486979166666675,-0.6716328938802083
1787619986.0510058,400.0,180.18301983575037,0.0,0.0,-0.9040381021997914,0.0007486979166666675,-0.6716328938802083
1787619986.067966,400.0,179.24700318967808,0.0,0.0,-0.9360166460722932,0.0007486979166666675,-0.6716328938802083
1787619986.0849102,400.0,178.28336778268059,0.0,0.0,-0.963635406997501,0.0007486979166666675,-0.6716328938802083
1787619986.1019468,400.0,177.29594069738388,0.0,0.0,-0.98742708529669,-0.015395100911458333,-0.6716328938802083
1787619986.119034,399.99999270193405,176.27738197743065,-0.00041052947491407397,-7.298065931422278e-06,-1.018558719953235,-0.07798665364583333,-0.6940022786458333
1787619986.13614,399.99993035664767,175.226127019665,-0.0033979595084600144,-6.234528640853491e-05,-1.0512549577656394,-0.14408772786458332,-0.7060567220052083
1787619986.154003,399.9996364583997,174.13988055558238,-0.01550212530835482,-0.0002938982479332685,-1.0862464640826297,-0.24464314778645832,-0.7198201497395833
1787619986.171052,399.99863690470596,173.01622554826022,-0.05096777264375853,-0.0009995536937634777,-1.1236550073221636,-0.36491292317708335,-0.7341939290364583
1787619986.188201,399.99586253413383,171.85471497791613,-0.13685576897855478,-0.002774370572111735,-1.1615105703440856,-0.5118855794270833,-0.7450887044270833
1787619986.205292,399.98922627702433,170.6524970304211,-0.31627015972526357,-0.006636257109530801,-1.2022179474950383,-0.6715230305989583,-0.7605916341145833
1787619986.222175,399.97498045406815,169.41003470023657,-0.6569130876932245,-0.014245822956199906,-1.2424623301845452,-0.8606709798177083,-0.7703267415364583
1787619986.239176,399.9474209522961,168.12899156395403,-1.2324328150582218,-0.027559501772023202,-1.2810431362825423,-1.0104817708333333,-0.7778035481770833
1787619986.256067,399.9002571906902,166.81505309100967,-2.055746790173516,-0.04716376160590361,-1.313938472944345,-1.0104817708333333,-0.7778035481770833
1787619986.272938,399.8270264612778,165.47349850349954,-3.124473505446448,-0.07323072941240563,-1.3415545875101278,-1.0104817708333333,-0.7778035481770833
1787619986.289997,399.72141444055296,164.1093319325702,-4.426935112217613,-0.1056120207248187,-1.364166570929354,-1.0104817708333333,-0.7778035481770833
1787619986.3069818,399.577477555048,162.7273898323326,-5.946230736820441,-0.14393688550493633,-1.3819421002375951,-1.0104817708333333,-0.7778035481770833
1787619986.323895,399.3897886060866,161.3324203502501,-7.662955414222207,-0.1876889489613816,-1.3949694820825091,-1.0104817708333333,-0.7778035481770833
1787619986.341803,399.1535245681456,159.92913568809325,-9.556974085949433,-0.23626403794099154,-1.4032846621568396,-1.0104817708333333,-0.7778035481770833
1787619986.3589451,398.8633973741061,158.5168151471901,-11.608541446703295,-0.29012719403945864,-1.412320540903159,-1.0104817708333333,-0.7875386555989583
1787619986.375083,398.5144953425524,157.09623065029035,-13.798973446686423,-0.3489020315537347,-1.4205844968997572,-1.0104817708333333,-0.7961446126302083
1787619986.3920078,398.103584147498,155.67362200452706,-16.111015503209085,-0.410911195054396,-1.4226086457632832,-1.0104817708333333,-0.7961446126302083
1787619986.409176,397.62570122449245,154.2477800166012,-18.529009127073493,-0.4778829230055425,-1.4258419879258484,-1.0104817708333333,-0.8093587239583333
1787619986.426211,397.07875802712715,152.82583264769647,-21.038927814610457,-0.5469431973652883,-1.4219473689047326,-1.0104817708333333,-0.8093587239583333
1787619986.442351,396.4613751730529,151.41460164066342,-23.628331158478762,-0.6173828540742831,-1.4112310070330445,-1.0104817708333333,-0.8093587239583333
1787619986.45858,395.7728348379714,150.0206052850851,-26.286270644700195,-0.6885403350814705,-1.3939963555783061,-1.0104817708333333,-0.8093587239583333
1787619986.475626,395.0130301313162,148.65006012780583,-29.003169700202434,-0.7598047066551936,-1.3705451572792695,-1.0104817708333333,-0.8093587239583333
1787619986.492778,394.18241406905753,147.3088822613769,-31.770692919976128,-0.8306160622587128,-1.3411778664289193,-1.0104817708333333,-0.8093587239583333
1787619986.509679,393.2819498846612,146.00268856980577,-34.58161409258211,-0.9004641843963778,-1.3061936915711296,-1.0104817708333333,-0.8093587239583333
1787619986.526597,392.3130637631682,144.7367981205555,-37.42968898113366,-0.9688861214929635,-1.2658904492502743,-1.0104817708333333,-0.8093587239583333
1787619986.543445,391.27559737947905,143.51387243846128,-40.30953632022648,-1.037466383689131,-1.2229256820942274,-1.0104817708333333,-0.8145161946614583
1787619986.560401,390.1718487280804,142.33917878629322,-43.21652881199038,-1.1037486513986332,-1.17469365216807,-1.0104817708333333,-0.8145161946614583
1787619986.577156,389.00447256618185,141.21761859770103,-46.14669480014089,-1.1673761618985803,-1.1215601885921964,-1.0104817708333333,-0.8145161946614583
1787619986.5936892,387.77381804634695,140.1514655305301,-49.096630594475236,-1.230654519834882,-1.0661530671709307,-1.0104817708333333,-0.8202534993489583
1787619986.610292,386.47919053738883,139.142297507001,-52.06342298556521,-1.2946275089581005,-1.00916802352911,-1.0104817708333333,-0.8288594563802083
1787619986.6268091,385.124573192906,138.19535416238412,-55.04458124283078,-1.354617344482874,-0.9469433446168645,-1.0104817708333333,-0.8288594563802083
1787619986.644296,383.7141827153055,137.3153437265123,-58.03797776717492,-1.4103904776004337,-0.8800104358718136,-1.0104817708333333,-0.8288594563802083
1787619986.66078,382.2524329448946,136.5064760003664,-61.04179652893502,-1.4617497704109068,-0.8088677261458979,-1.0104817708333333,-0.8288594563802083
1787619986.678298,380.7478794357717,135.76437548004463,-63.745808484118456,-1.5045535091228988,-0.7421005203217805,-0.6589803059895833,-0.8288594563802083
1787619986.6948328,379.2149921869413,135.06819339500944,-65.57416483836079,-1.5328872488304544,-0.6961820850352016,0.17537027994791668,-0.8288594563802083
1787619986.7120168,377.6629886910127,134.40276317631537,-66.79249436097408,-1.5520034959286009,-0.6654302186940602,0.17537027994791668,-0.8288594563802083
1787619986.729543,376.09789120037817,133.75733517568986,-67.58931868677864,-1.5650974906345392,-0.6454280006255266,0.17537027994791668,-0.8288594563802083
1787619986.7461739,374.52371781782705,133.12445638922608,-68.09795881857566,-1.5741733825511028,-0.6328787864637688,0.17537027994791668,-0.8288594563802083
1787619986.7630668,372.9431901790661,132.4990732432006,-68.412286184286,-1.5805276387609277,-0.6253831460254721,0.17537027994791668,-0.8288594563802083
1787619986.7805939,371.3581680454552,131.87784724318757,-68.5980378434699,-1.5850221336108699,-0.6212260000130375,0.17537027994791668,-0.8288594563802083
1787619986.797385,369.76992576915666,131.25864736217434,-68.70093653161395,-1.5882422762985768,-0.6191998810132324,0.17537027994791668,-0.8288594563802083
1787619986.814045,368.17933407233744,130.64018031192757,-68.75251047856841,-1.5905916968192284,-0.6184670502467904,0.17537027994791668,-0.8288594563802083
1787619986.831572,366.5869829223255,130.02172482521837,-68.77425835084208,-1.592351150011953,-0.6184554867091869,0.17537027994791668,-0.8288594563802083
1787619986.847986,364.9932663420858,129.40294279938908,-68.78062452736323,-1.593716580239665,-0.6187820258292788,0.17537027994791668,-0.8288594563802083
1787619986.8650901,363.3984417785088,128.78374645208817,-68.78111992542694,-1.594824563576995,-0.6191963473009023,0.17537027994791668,-0.8288594563802083
1787619986.881654,361.8026873532556,128.16416633117836,-68.78041004258358,-1.595754425253213,-0.6195801209098041,0.17537027994791668,-0.8288594563802083
1787619986.8987288,360.2061861496702,127.54414707247996,-68.77575749060404,-1.5965012035853725,-0.6200192586984071,0.17537027994791668,-0.8288594563802083
1787619986.91574,358.6091233485967,126.92356578720243,-68.76503681187313,-1.597062801073479,-0.6205812852775271,0.17537027994791668,-0.8288594563802083
1787619986.930915,357.01167783417094,126.30226317707157,-68.74719529550899,-1.5974455144257598,-0.6213026101308646,0.17537027994791668,-0.8288594563802083
1787619986.9480162,355.4140173303987,125.6800642168388,-68.72188285030775,-1.5976605037722784,-0.6221989602327683,0.17537027994791668,-0.8288594563802083
1787619986.964968,353.81629590277424,125.05679154777282,-68.68919545392168,-1.5977214276244296,-0.6232726690659872,0.17537027994791668,-0.8288594563802083
1787619986.982038,352.21865300820417,124.43227382266805,-68.64949903096957,-1.597642894570055,-0.6245177251047636,0.17537027994791668,-0.8288594563802083
1787619986.998954,350.62121352828575,123.8063505934619,-68.60331005563872,-1.597439479918443,-0.6259232292061562,0.17537027994791668,-0.8288594563802083
1787619987.016246,349.0240883999784,123.17887486601964,-68.55121596013218,-1.597125128307379,-0.627475727442256,0.17537027994791668,-0.8288594563802083
1787619987.033151,347.4273755835563,122.5497141121812,-68.49382330187898,-1.596712816422095,-0.6291607538384278,0.17537027994791668,-0.8288594563802083
1787619987.050028,345.8311611954298,121.91875029004666,-68.43172513563452,-1.596214388126498,-0.6309638221345426,0.17537027994791668,-0.8288594563802083
1787619987.067179,344.23552069403877,121.28587925312911,-68.36548153792063,-1.5956405013910078,-0.6328710369175563,0.17537027994791668,-0.8288594563802083
1787619987.084098,342.64052004856427,120.65100980816969,-68.29560901931616,-1.5950006454745274,-0.6348694449594192,0.17537027994791668,-0.8288594563802083
1787619987.101134,341.04621684839776,120.01406259614612,-68.22257583571245,-1.5943032001665134,-0.6369472120235653,0.17537027994791668,-0.8288594563802083
1787619987.117901,339.4526613302107,119.37496891122612,-68.14680111743934,-1.5935555181870615,-0.6390936849200031,0.17537027994791668,-0.8288594563802083
1787619987.135741,337.8598832289663,118.7337045091213,-68.06991463184593,-1.5927781012444084,-0.6412644021048279,0.16667277018229168,-0.8288594563802083
1787619987.1525178,336.26790088593526,118.09026748136978,-67.99274779260594,-1.5919823430310092,-0.6434370277515113,0.16203409830729168,-0.8288594563802083
1787619987.169371,334.67673034979555,117.44465639726602,-67.91534225162046,-1.591170536139699,-0.6456110841037599,0.16203409830729168,-0.8288594563802083
1787619987.186531,333.0863743679704,116.79689809995972,-67.83873747113181,-1.5903559818251782,-0.6477582973062896,0.15507609049479168,-0.8288594563802083
1787619987.202572,331.4968356578698,116.14701547344282,-67.76281006351495,-1.5895387101006,-0.6498826265168965,0.15507609049479168,-0.8288594563802083
1787619987.219359,329.90811690649656,115.49502806183469,-67.68745605769888,-1.5887187513731995,-0.6519874116081386,0.15507609049479168,-0.8288594563802083
1787619987.236098,328.3202207718962,114.8409525888377,-67.61258773459964,-1.5878961346003742,-0.6540754729969864,0.15507609049479168,-0.8288594563802083
1787619987.253012,326.73315932670323,114.18478055894668,-67.53730661342541,-1.5870614451929637,-0.656172029891015,0.16087443033854168,-0.8288594563802083
1787619987.270887,325.150901302111,113.52809625582981,-67.46009120364904,-1.5822580245922397,-0.6566843031168728,0.17189127604166668,-0.8219930013020833
1787619987.288934,323.5774879563153,112.87252569267669,-67.38070382872635,-1.5734133457956787,-0.6555705631531152,0.17537027994791668,-0.8139363606770833
1787619987.3058739,322.0228270219704,112.2221792928053,-67.2994465976451,-1.5546609343448714,-0.6503463998714015,0.17537027994791668,-0.7944356282552083
1787619987.322989,320.50609900189977,111.58523671922457,-67.22026582900355,-1.5167280200706112,-0.6369425735807237,0.15046793619791668,-0.7554036458333333
1787619987.338451,319.0302178286407,110.96314785426841,-67.14441372027115,-1.4758811732591144,-0.6220888649561613,0.13945109049479168,-0.7393513997395833
1787619987.355546,317.60120850773836,110.35867278531475,-67.07149757952475,-1.4290093209023291,-0.6044750689536678,0.13829142252604168,-0.7164021809895833
1787619987.3725781,316.2280859936608,109.77588642221285,-67.00245955229954,-1.3731225140775638,-0.5827863631019047,0.12788492838541668,-0.6853963216145833
1787619987.389636,314.916630983138,109.21749428081543,-66.93663460437963,-1.3114550105227796,-0.5583921413974164,0.12788492838541668,-0.6567097981770833
1787619987.4065,313.6618029299188,108.68157815810025,-66.8734805772011,-1.2548280532192058,-0.5359161227151786,0.12788492838541668,-0.6463643391927083
1787619987.42331,312.45416579562726,108.16431403623174,-66.81322082233913,-1.207637134291547,-0.5172641218685082,0.12266642252604167,-0.6463643391927083
1787619987.440137,311.28321119797135,107.66119818391208,-66.74859333644856,-1.1709545976558844,-0.5031158523196696,0.17537027994791668,-0.6521016438802083
1787619987.4564438,310.1430957309714,107.16971817161502,-66.68013313929602,-1.1401154669999416,-0.4914800122970565,0.17537027994791668,-0.6521016438802083
1787619987.473483,309.0259416422725,106.68647521086783,-66.60832833650194,-1.1171540886989124,-0.48324296074719664,0.17537027994791668,-0.6584187825520833
1787619987.4903839,307.92822689737903,106.2099409072312,-66.53361790514032,-1.0977147448934996,-0.4765343036366287,0.17537027994791668,-0.6584187825520833
1787619987.507408,306.8529515398878,105.74142443860433,-66.45639237879584,-1.0752753574912584,-0.46851646862687657,0.17537027994791668,-0.6458150227864583
1787619987.524338,305.8113576368257,105.28586515322772,-66.37699628473487,-1.0415939030621166,-0.4555592853766055,0.17537027994791668,-0.6142293294270833
1787619987.541383,304.8196998514782,104.8504697041315,-66.29573155564606,-0.9916577853474715,-0.43539544909622097,0.17537027994791668,-0.5666219075520833
1787619987.558521,303.90853989355617,104.44884457380783,-66.21286139787485,-0.9111599579220674,-0.40162513032366354,0.17537027994791668,-0.47766316731770836
1787619987.5752509,303.0805629327509,104.08243028217093,-66.12861427898704,-0.8279769608052329,-0.366414291636901,0.17537027994791668,-0.43576253255208336
1787619987.5924742,302.33196035890865,103.74980684485742,-66.04318782263299,-0.7486025738423017,-0.33262343731352106,0.17537027994791668,-0.40591634114583336
1787619987.60906,301.65415736955225,103.44741627486358,-65.95675248435896,-0.6778029893564175,-0.3023905699938374,0.17537027994791668,-0.38870442708333336
1787619987.627219,301.03564232990294,103.17034531553395,-65.86945493988725,-0.6185150396493031,-0.27707095932964043,0.17537027994791668,-0.38354695638020836
1787619987.6430342,300.46542243281954,102.91385605407419,-65.78142115577877,-0.5702198970834259,-0.25648926145975937,0.17537027994791668,-0.38354695638020836
1787619987.660031,299.93474446321164,102.67416502059177,-65.69275913722265,-0.530677969607869,-0.23969103348241672,0.17537027994791668,-0.38354695638020836
1787619987.677064,299.43659523199534,102.4482318415707,-65.60356136316453,-0.4981492312162982,-0.22593317902106422,0.17537027994791668,-0.38354695638020836
1787619987.693944,298.96532234007077,102.23359854093846,-65.51390692805967,-0.47127289192457317,-0.21463330063225064,0.17537027994791668,-0.38354695638020836
1787619987.711947,298.506906969969,102.02395050281258,-65.42386341430647,-0.4584153701017414,-0.20964803812588256,0.17537027994791668,-0.41452229817708336
1787619987.7281,298.04638100218835,101.81245825051805,-65.33348852134411,-0.46052596778065924,-0.21149225229453364,0.17537027994791668,-0.45700276692708336
1787619987.7451048,297.5682869643585,101.59198134700233,-65.24283147750023,-0.47809403782985654,-0.22047690351572197,0.17537027994791668,-0.5080586751302083
1787619987.76218,297.05872358135065,101.35601106429735,-65.15193425965201,-0.5095633830078695,-0.2359702827049827,0.17537027994791668,-0.5591451009114583
1787619987.779104,296.5077445216566,101.09979715016978,-65.06083264409206,-0.5509790596940671,-0.25621391412757577,0.17537027994791668,-0.6010457356770833
1787619987.796118,295.89692057808946,100.81457005057763,-64.96955710999083,-0.6108239435671533,-0.28522709959214715,0.17537027994791668,-0.6681844075520833
1787619987.8137221,295.225082546105,100.49954540102443,-64.87813361472817,-0.6718380319844359,-0.31502464955319065,0.17537027994791668,-0.6894246419270833
1787619987.830732,294.49103426521214,100.1539185408848,-64.78658425826332,-0.734048280892857,-0.34562686013963617,0.17537027994791668,-0.7106648763020833
1787619987.84699,293.6882223692268,99.77434414307496,-64.69492785170627,-0.8028118959853217,-0.3795743978098432,0.17537027994791668,-0.7450887044270833
1787619987.863839,292.8031634054363,99.3541474523491,-64.60318040339006,-0.8850589637905211,-0.42019669072585425,0.17537027994791668,-0.7961446126302083
1787619987.881304,291.82535746126536,98.88799580051082,-64.5113555340454,-0.9778059441709425,-0.46615165183827567,0.17537027994791668,-0.8409138997395833
1787619987.8977711,290.75056737831795,98.37349155431471,-64.4194648311539,-1.074790082947406,-0.514504246196117,0.17537027994791668,-0.8724995930989583
1787619987.914695,289.5787754561513,97.8102391700072,-64.32751815119906,-1.171791922166683,-0.5632523843075192,0.17537027994791668,-0.8954488118489583
1787619987.9312372,288.3060264604528,97.19602833660956,-64.23869448612265,-1.2727489956984623,-0.6142108333976378,0.15507609049479168,-0.9258443196614583
1787619987.947938,286.9206880888198,96.52510562168963,-64.15898117684097,-1.3853383716329972,-0.6709227149199184,0.11164957682291667,-0.9706136067708333
1787619987.9657211,285.42523953854237,95.79866719462117,-64.09108326938238,-1.4954485502774462,-0.7264384270684641,0.07923990885416667,-0.9901448567708333
1787619987.982133,283.8328246080186,95.02343993392942,-64.04202703124355,-1.5924149305237525,-0.7752272606917527,0.039292399088541666,-0.9901448567708333
1787619987.9997618,282.15553865130545,94.20561148640152,-64.00658389918824,-1.6772859567131617,-0.8178284475278961,0.0022135416666666675,-0.9901448567708333
1787619988.0164008,280.4043340349577,93.35077204481036,-63.98097623627829,-1.7512046163477812,-0.8548394415911703,-0.036543782552083334,-0.9901448567708333
1787619988.033686,278.5889158324561,92.46409548251793,-63.9684463010974,-1.8154182025015513,-0.8866765622924198,-0.09269612630208333,-0.9901448567708333
1787619988.050907,276.7178819001549,91.55015607570746,-63.965990811932656,-1.8710339323012193,-0.9139394068104657,-0.17549031575520832,-0.9901448567708333
1787619988.0670662,274.7988706775779,90.6128091380328,-63.96666142120169,-1.9190112225770275,-0.9373469376746657,-0.26179402669270835,-0.9901448567708333
1787619988.084322,272.838344758981,89.65585833526453,-63.9825694810518,-1.9605259185968615,-0.9569508027682773,-0.40074055989583335,-0.9901448567708333
1787619988.101354,270.8415680234631,88.68334489499365,-64.0319888980584,-1.9967767355179233,-0.9725134402708796,-0.44300740559895835,-0.9901448567708333
1787619988.118263,268.81270297780117,87.69959748337236,-64.13237949918656,-2.02886504566192,-0.9837474116212934,-0.49223225911458335,-0.9901448567708333
1787619988.135343,266.75478920220837,86.70953111756867,-64.30770116304203,-2.057913775592817,-0.9900663658036852,-0.5750264485677083,-0.9901448567708333
1787619988.152343,264.6697589591715,85.71888409936528,-64.58650536597257,-2.0850302430368823,-0.9906470182033971,-0.6624593098958333,-0.9901448567708333
1787619988.1692789,262.5584729262809,84.73444519062579,-65.00155897517108,-2.111286032890597,-0.9844389087394917,-0.7522115071614583,-0.9901448567708333
1787619988.1861591,260.42059713865905,83.7646925986103,-65.60068626205842,-2.1378757876218515,-0.9697525920154966,-0.8715047200520833,-0.9901448567708333
1787619988.203304,258.254724109211,82.82005652720817,-66.43578717928148,-2.1658730294480737,-0.9446360714021242,-0.9849995930989583,-0.9901448567708333
1787619988.2207282,256.0593192075843,81.91140455854288,-67.51591845503678,-2.1954049016267305,-0.9086519686652837,-1.0104817708333333,-0.9901448567708333
1787619988.23765,253.83325268790037,81.04926958293632,-68.82907507734456,-2.2260665196839073,-0.8621349756065649,-1.0104817708333333,-0.9901448567708333
1787619988.2544792,251.57601272624908,80.24364586245986,-70.35818478817245,-2.257239961651289,-0.8056237204764587,-1.0104817708333333,-0.9901448567708333
1787619988.271399,249.2878281767752,79.50386671721932,-72.08377403974671,-2.28818454947386,-0.7397791452405267,-1.0104817708333333,-0.9901448567708333
1787619988.288346,246.96972229867322,78.83853460653364,-73.98570517865723,-2.3181058781019948,-0.6653321106856833,-1.0104817708333333,-0.9901448567708333
1787619988.305303,244.62351600253038,78.25548485260826,-76.04427093744313,-2.3462062961428325,-0.5830497539253808,-1.0104817708333333,-0.9901448567708333
1787619988.321722,242.25179593505231,77.7617711540363,-78.2408486744227,-2.371720067478072,-0.49371369857196584,-1.0104817708333333,-0.9901448567708333
1787619988.338807,239.85785951397523,77.36366542460605,-80.55825701118083,-2.3939364210770795,-0.3981057294302407,-1.0104817708333333,-0.9901448567708333
1787619988.355663,237.44564614056196,77.066667212949,-82.98091485998259,-2.4122133734132607,-0.2969982116570618,-1.0104817708333333,-0.9901448567708333
1787619988.3716822,235.01966138083492,76.87551961861452,-85.49487247438393,-2.4259847597270507,-0.19114759433447842,-1.0104817708333333,-0.9901448567708333
1787619988.387858,232.58489893811085,76.79422963070233,-88.0877626136068,-2.434762442724054,-0.08128998791218922,-1.0104817708333333,-0.9901448567708333
1787619988.403875,230.14676370235236,76.8260914394567,-90.7487046795627,-2.4381352357585047,0.031861808754376025,-1.0104817708333333,-0.9901448567708333
1787619988.421699,227.71099799628342,76.97371167078333,-93.4681839635003,-2.435765706068948,0.14762023132663077,-1.0104817708333333,-0.9901448567708333
1787619988.4385228,225.28361227823714,77.23903576372342,-96.23792063320913,-2.4273857180462692,0.2653240929400892,-1.0104817708333333,-0.9901448567708333
1787619988.4550002,222.8708209449335,77.62337490552892,-99.05073787305027,-2.4127913333036193,0.38433914180549816,-1.0104817708333333,-0.9901448567708333
1787619988.472805,220.47898344913722,78.12743308765585,-101.90043499238767,-2.3918374957962825,0.5040581821269221,-1.0104817708333333,-0.9901448567708333
1787619988.489703,218.1145506616904,78.75133396436684,-104.78166886710048,-2.3644327874468045,0.6239008767109899,-1.0104817708333333,-0.9901448567708333
1787619988.506834,215.78401622775647,79.49464729186433,-107.68984543364543,-2.330534433933944,0.7433133274974902,-1.0104817708333333,-0.9901448567708333
1787619988.522961,213.49387256406484,80.35641480433152,-110.62102187320153,-2.2901436636916115,0.8617675124672002,-1.0104817708333333,-0.9901448567708333
1787619988.5401468,211.25057109496979,81.33517544654494,-113.57181943244623,-2.243301469095062,0.9787606422134165,-1.0104817708333333,-0.9901448567708333
1787619988.5563269,209.06048631313956,82.42898993270974,-116.5393464053883,-2.190084781830231,1.093814486164803,-1.0104817708333333,-0.9901448567708333
1787619988.573399,206.92988326296108,83.635464639468,-119.52113056124071,-2.130603050178474,1.2064747067582577,-1.0104817708333333,-0.9901448567708333
1787619988.58926,204.85392502634818,84.93441620107482,-122.03470095885032,-2.0759582366129146,1.298951561606828,-0.45286458333333335,-0.9901448567708333
1787619988.605927,202.81704089605367,86.2943920222398,-123.73003039523769,-2.0368841302945184,1.359975821164984,0.17537027994791668,-0.9901448567708333
1787619988.623469,200.8070563753363,87.69428990343049,-124.85613001106906,-2.009984520717369,1.3998978811906828,0.17537027994791668,-0.9901448567708333
1787619988.6400142,198.8149708883263,89.11993712260269,-125.58961796438673,-1.9920854870100064,1.4256472191722116,0.17537027994791668,-0.9901448567708333
1787619988.6574578,196.83438085289717,90.56184285352477,-126.05530234195058,-1.980590035429106,1.441905730922079,0.17537027994791668,-0.9901448567708333
1787619988.673894,194.86087134408524,92.01370393883377,-126.34097823388275,-1.9735095088119174,1.4518610853090033,0.17537027994791668,-0.9901448567708333
1787619988.6914308,192.8914907860748,93.47139743777244,-126.50805565311893,-1.969380558010455,1.4576934989386707,0.17537027994791668,-0.9901448567708333
1787619988.707965,190.92433512801384,94.93229272851514,-126.59918468527921,-1.9671556580609482,1.4608952907426966,0.17537027994791668,-0.9901448567708333
1787619988.725528,188.95823397844066,96.39477729398598,-126.64371916580708,-1.966101149573181,1.4624845654708516,0.17537027994791668,-0.9901448567708333
1787619988.742086,186.9925206418771,97.85792785982972,-126.66162551710597,-1.9657133365635726,1.4631505658437347,0.17537027994791668,-0.9901448567708333
1787619988.7588658,185.02686707827257,99.32128178177628,-126.66627401421353,-1.9656535636045236,1.463353921946558,0.17537027994791668,-0.9901448567708333
1787619988.776213,183.06116733502276,100.78467826880875,-126.66642753546797,-1.9656997432498016,1.46339648703247,0.17537027994791668,-0.9901448567708333
1787619988.793696,181.0953936627191,102.24806435742393,-126.66520038403729,-1.9657736723036632,1.463386088615175,0.17537027994791668,-0.9901448567708333
1787619988.810127,179.12943883038434,103.71128264692001,-126.6595244721087,-1.9659548323347462,1.4632182894960812,0.17537027994791668,-0.9901448567708333
1787619988.82698,177.16314649628396,105.17411163180385,-126.6475122274291,-1.9662923341003933,1.4628289848838354,0.17537027994791668,-0.9901448567708333
1787619988.844079,175.19633678340142,106.6362995653824,-126.62826819453936,-1.9668097128825277,1.4621879335785541,0.17537027994791668,-0.9901448567708333
1787619988.8611012,173.2288230202014,108.09758647728793,-126.60154347503985,-1.9675137632000266,1.461286911905534,0.17537027994791668,-0.9901448567708333
1787619988.8779361,171.2604223431282,109.55771801039351,-126.56749659778103,-1.9684006770732052,1.4601315331055778,0.17537027994791668,-0.9901448567708333
1787619988.895783,169.2909620736507,111.01645366810745,-126.52652970410995,-1.9694602694775178,1.4587356577139365,0.17537027994791668,-0.9901448567708333
1787619988.912781,167.3202832239682,112.47357129351104,-126.4791778047645,-1.9706788496824734,1.4571176254036033,0.17537027994791668,-0.9901448567708333
1787619988.929612,165.3482420859766,113.92886905331976,-126.4260352390753,-1.972041137991597,1.4552977598087122,0.17537027994791668,-0.9901448567708333
1787619988.946645,163.37471057228197,115.38216581030125,-126.3677080421703,-1.9735315136946379,1.4532967569814943,0.17537027994791668,-0.9901448567708333
1787619988.963608,161.39959866129314,116.83333164390687,-126.30568786901179,-1.9751119109888429,1.451165833605628,0.16841227213541668,-0.9901448567708333
1787619988.980729,159.42288605147098,118.28233135005395,-126.24272396908421,-1.9767126098221626,1.448999706147073,0.15104777018229168,-0.9901448567708333
1787619988.997608,157.44478674456883,119.7294502263907,-126.18809722038658,-1.9780993069021566,1.4471188763367404,0.07866007486979167,-0.9901448567708333
1787619989.014763,155.46568588498525,121.17520994533562,-126.14862939445254,-1.9791008595835835,1.4457597189449267,0.036393229166666666,-0.9901448567708333
1787619989.031939,153.48586132351232,122.61998772418555,-126.1201138902152,-1.979824561472926,1.444777778849927,-0.0018147786458333325,-0.9901448567708333
1787619989.0470881,151.50560112488364,124.06417621788637,-126.10298285871906,-1.9802601986286839,1.4441884937008165,-0.048689778645833334,-0.9901448567708333
1787619989.064258,149.5251362096759,125.50809065585086,-126.09498668588841,-1.9804649152077465,1.443914437964489,-0.08402913411458333,-0.9901448567708333
1787619989.0813508,147.5446082976178,126.95192437214538,-126.09259429648179,-1.9805279120581103,1.443833716294525,-0.10429280598958333,-0.9901448567708333
1787619989.098277,145.56407565527476,128.3957564349825,-126.09249792086948,-1.9805326423430225,1.443832062837125,-0.12223714192708333,-0.9901448567708333
1787619989.114974,143.5835615648153,129.83961805527,-126.09331174541506,-1.9805140904594456,1.4438616202874859,-0.14192097981770832,-0.9901448567708333
1787619989.132928,141.60326454325872,131.28378086993553,-126.10199062324926,-1.980297021556581,1.444162814665545,-0.26524251302083335,-0.9901448567708333
1787619989.149125,139.62369022695304,132.728937134743,-126.13070944734777,-1.979574316305672,1.4451562648074834,-0.34748738606770835,-0.9901448567708333
1787619989.16548,137.64575717024007,134.17634143731482,-126.1957770669962,-1.977933056712965,1.447404302571813,-0.42738240559895835,-0.9901448567708333
1787619989.182614,135.67093506909282,135.62798955443927,-126.31878480939302,-1.9748221011472658,1.451648117124436,-0.5153951009114583,-0.9901448567708333
1787619989.1997209,133.70140598789794,137.0868127278818,-126.52721627374014,-1.9695290811948851,1.4588231734425379,-0.6097859700520833,-0.9901448567708333
1787619989.216792,131.7401701109764,138.55676788507247,-126.85172446969909,-1.961235876921525,1.4699551571906544,-0.6989583333333333,-0.9901448567708333
1787619989.2339299,129.7910929653222,140.0428084006681,-127.32308884804023,-1.9490771456541895,1.4860405155956256,-0.7788533528645833,-0.9901448567708333
1787619989.2500758,127.85884651793313,141.55066947987612,-127.96729689395342,-1.9322464473890775,1.5078610792080323,-0.8431233723958333,-0.9901448567708333
1787619989.267154,125.94878555569257,143.08653771543817,-128.80254681800383,-1.9100609622405573,1.5358682355620579,-0.8917683919270833,-0.9901448567708333
1787619989.284292,124.06766064969457,144.6577141985353,-129.86972623839,-1.8811249059979949,1.5711764830971302,-0.9861592610677083,-0.9901448567708333
1787619989.301149,122.22269385751815,146.2711967595851,-131.170735809331,-1.8449667921764277,1.6134825610498091,-1.0104817708333333,-0.9901448567708333
1787619989.318159,120.42111597732212,147.93298714009953,-132.68869834006327,-1.80157788019603,1.6617903805144194,-1.0104817708333333,-0.9901448567708333
1787619989.334965,118.67009439783908,149.64796672898177,-134.40421845885774,-1.7510215794830315,1.7149795888822474,-1.0104817708333333,-0.9901448567708333
1787619989.352067,116.97667753826042,151.41985050662396,-136.29716164844825,-1.693416859578662,1.7718837776422014,-1.0104817708333333,-0.9901448567708333
1787619989.3679512,115.347747173313,153.25119418945803,-138.34777756309686,-1.628930364947423,1.8313436828340843,-1.0104817708333333,-0.9901448567708333
1787619989.384865,113.789975007898,155.14343639921358,-140.53737389454668,-1.5577721654150047,1.8922422097555371,-1.0104817708333333,-0.9901448567708333
1787619989.4028249,112.30978243926887,157.0969628025501,-142.84868616914008,-1.4801925686291257,1.9535264033365274,-1.0104817708333333,-0.9901448567708333
1787619989.419852,110.91330356847519,159.11118296153595,-145.26604541585877,-1.3964788707936893,2.014220158985831,-1.0104817708333333,-0.9901448567708333
1787619989.4358559,109.60635186736414,161.18461342277146,-147.7754147226614,-1.306951701111045,2.0734304612355228,-1.0104817708333333,-0.9901448567708333
1787619989.453635,108.39439087772848,163.31496260687703,-150.36434375218954,-1.2119609896356611,2.130349184105583,-1.0104817708333333,-0.9901448567708333
1787619989.470423,107.28250914463877,165.49921453585426,-153.02187476755458,-1.111881733089715,2.184251928977228,-1.0104817708333333,-0.9901448567708333
1787619989.487239,106.27539938647247,167.7337095000412,-155.73842279092926,-1.0071097581662882,2.234494964186927,-1.0104817708333333,-0.9901448567708333
1787619989.50415,105.37734173469842,170.01422052754336,-158.50564486484708,-0.8980576517740574,2.2805110275021834,-1.0104817708333333,-0.9901448567708333
1787619989.521027,104.59219075604103,172.33602505706475,-161.31630806320004,-0.7851509786573901,2.3218045295213967,-1.0104817708333333,-0.9901448567708333
1787619989.5377972,103.92336589868529,174.69397158887605,-164.16416222843742,-0.6688248573557404,2.3579465318113106,-1.0104817708333333,-0.9901448567708333
1787619989.554877,103.37384497491597,177.08254134178824,-167.04382090855685,-0.5495209237693204,2.388569752912197,-1.0104817708333333,-0.9901448567708333
1787619989.572762,102.91140220007966,179.4894866128019,-169.12437430494316,-0.46244277483629925,2.4069452710136603,-0.026106770833333334,-0.9901448567708333
1787619989.5898612,102.50763231072962,181.90696646989556,-170.5179261401864,-0.40376988935004143,2.4174798570936793,0.17537027994791668,-0.9901448567708333
1787619989.605912,102.14262378592782,184.3306017284206,-171.43540704409492,-0.36500852480178986,2.423635258525018,0.17537027994791668,-0.9901448567708333
1787619989.6228878,101.8026237888628,186.7578716314396,-172.02617124221652,-0.3399999970650213,2.4272699030190186,0.17537027994791668,-0.9901448567708333
1787619989.640737,101.47827865015914,189.18728297744167,-172.3955404811942,-0.32434513870365655,2.4294113460020825,0.17537027994791668,-0.9901448567708333
1787619989.657589,101.16334350211022,191.6179321037121,-172.61741104385936,-0.3149351480489221,2.430649126270429,0.17537027994791668,-0.9901448567708333
1787619989.674443,100.85374984904838,194.04926736404053,-172.74330411730745,-0.30959365306183445,2.4313352603284395,0.17537027994791668,-0.9901448567708333
1787619989.691496,100.54693804481012,196.48095524331015,-172.80885521355202,-0.30681180423826016,2.4316878792696275,0.17537027994791668,-0.9901448567708333
1787619989.70835,100.24138276682706,198.9128013399385,-172.83846072620958,-0.30555527798306403,2.431846096628349,0.17537027994791668,-0.9901448567708333
1787619989.725504,99.9362578126375,201.34470147400575,-172.84859932542662,-0.3051249541895509,2.4319001340672477,0.17537027994791668,-0.9901448567708333
1787619989.742367,99.63120085245717,203.77661014412953,-172.85020128477882,-0.3050569601803316,2.4319086701237964,0.17537027994791668,-0.9901448567708333
1787619989.759171,99.32613823751885,206.20851810999136,-172.85006807339738,-0.30506261493832615,2.4319079658618223,0.17537027994791668,-0.9901448567708333
1787619989.7759879,99.02094547954465,208.64040975126798,-172.84700190424303,-0.30519275797419554,2.431891641276627,0.17537027994791668,-0.9901448567708333
1787619989.7928882,98.71538854040067,211.07225566521925,-172.83842166414317,-0.3055569391439888,2.4318459139512583,0.17537027994791668,-0.9901448567708333
1787619989.809908,98.40917586019404,213.5040190998272,-172.82297175017382,-0.3062126802066285,2.4317634346079346,0.17537027994791668,-0.9901448567708333
1787619989.826846,98.10199271267565,215.9356601371059,-172.8001056028641,-0.30718314751839226,2.4316410372787303,0.17537027994791668,-0.9901448567708333
1787619989.844718,97.79352327539296,218.36713833719517,-172.76979626709178,-0.30846943728269743,2.431478200089257,0.17537027994791668,-0.9901448567708333
1787619989.861606,97.4834642342423,220.79841434611612,-172.73233701176213,-0.3100590411506449,2.4312760089209586,0.17537027994791668,-0.9901448567708333
1787619989.878485,97.17153262094288,223.22945081583214,-172.6882055560432,-0.3119316132994189,2.4310364697160196,0.17537027994791668,-0.9901448567708333
1787619989.894855,96.85746978123916,225.66021287492111,-172.63797300956023,-0.31406283970371873,2.4307620590889827,0.17537027994791668,-0.9901448567708333
1787619989.9109209,96.54104280083199,228.0906683110432,-172.58224406291495,-0.3164269804071676,2.4304554361220845,0.17537027994791668,-0.9901448567708333
1787619989.9279099,96.2220443101399,230.52078757328107,-172.52161885937986,-0.3189984906920865,2.430119262237867,0.17537027994791668,-0.9901448567708333
1787619989.9457762,95.9002913012743,232.95054366622102,-172.4566697686352,-0.3217530088656103,2.4297560929399626,0.17537027994791668,-0.9901448567708333
1787619989.962642,95.57562338747238,235.3799119831196,-172.387928279016,-0.3246679138019243,2.429368316898575,0.17537027994791668,-0.9901448567708333
1787619989.979413,95.24790079251294,237.80887010897106,-172.31587864939908,-0.3277225949594425,2.4289581258514517,0.17537027994791668,-0.9901448567708333
1787619989.9963038,94.91700225798664,240.23739761319482,-172.24095597659468,-0.33089853452629836,2.42852750422374,0.17537027994791668,-0.9901448567708333
1787619990.013367,94.58282298724815,242.66547584424242,-172.16354705485398,-0.3341792707384919,2.4280782310475932,0.17537027994791668,-0.9901448567708333
1787619990.030406,94.24527269751412,245.093087733489,-172.08399291430848,-0.33755028973402723,2.427611889246574,0.17537027994791668,-0.9901448567708333
1787619990.047282,93.90427381950006,247.52021761251515,-172.00259228482048,-0.3409988780140617,2.427129879026146,0.17537027994791668,-0.9901448567708333
1787619990.0641742,93.55975986264822,249.94685104575686,-171.91960548396884,-0.3445139568518443,2.4266334332417134,0.17537027994791668,-0.9901448567708333
1787619990.0810828,93.2116739501385,252.3729746791337,-171.83525840366974,-0.3480859125097221,2.426123633376859,0.17537027994791668,-0.9901448567708333
1787619990.098185,92.85996751918627,254.79857610440968,-171.74974639142815,-0.3517064309522394,2.4256014252759623,0.17537027994791668,-0.9901448567708333
1787619990.115104,92.504599176982,257.2236437385275,-171.66323790532272,-0.3553683422042664,2.4250676341178505,0.17537027994791668,-0.9901448567708333
1787619990.132187,92.14553369986704,259.64816671687237,-171.57587787789555,-0.35906547711495496,2.42452297834486,0.17537027994791668,-0.9901448567708333
1787619990.148258,91.78274116216062,262.0721347992839,-171.48779076125157,-0.36279253770642705,2.4239680824115553,0.17537027994791668,-0.9901448567708333
1787619990.165123,91.4161961808952,264.4955382875982,-171.3990832496284,-0.3665449812654156,2.423403488314286,0.17537027994791668,-0.9901448567708333
1787619990.182112,91.04587726319254,266.918367953522,-171.3098466905657,-0.3703189177026671,2.422829665923842,0.17537027994791668,-0.9901448567708333
1787619990.198962,90.67176624385694,269.34061497570235,-171.22015920447095,-0.3741110193355954,2.422247022180341,0.17537027994791668,-0.9901448567708333
1787619990.2159748,90.2938478017988,271.7622708849324,-171.13008753687708,-0.3779184420581373,2.421655909230051,0.17537027994791668,-0.9901448567708333
1787619990.2329001,89.9121090450116,274.18332751652605,-171.03968866943944,-0.3817387567872049,2.4210566315936664,0.17537027994791668,-0.9901448567708333
1787619990.2505422,89.52653915493597,276.60377696898433,-170.94901121571058,-0.385569890075635,2.4204494524583056,0.17537027994791668,-0.9901448567708333
1787619990.267049,89.13712908210786,279.0236115681681,-170.85809662664286,-0.38941007282811935,2.419834599183786,0.17537027994791668,-0.9901448567708333
1787619990.283999,88.74387128597843,281.4428238362774,-170.76698022906086,-0.3932577961294314,2.4192122681092783,0.17537027994791668,-0.9901448567708333
1787619990.30114,88.34675951269809,283.86140646501786,-170.67569211833015,-0.39711177328034136,2.4185826287404804,0.17537027994791668,-0.9901448567708333
1787619990.317255,87.94578860547098,286.2793522924086,-170.5842579243269,-0.4009709072271023,2.4179458273907186,0.17537027994791668,-0.9901448567708333
1787619990.334133,87.5409543428111,288.69665428275107,-170.49269946771503,-0.4048342626598713,2.417301990342466,0.17537027994791668,-0.9901448567708333
1787619990.350951,87.13225330067048,291.11330550933997,-170.4010353215409,-0.4087010421406192,2.416651226588921,0.17537027994791668,-0.9901448567708333
1787619990.3686788,86.71968273497053,293.5292991395488,-170.3092812913046,-0.41257056569994816,2.4159936302088227,0.17537027994791668,-0.9901448567708333
1787619990.385636,86.30324048155641,295.94462842197044,-170.21745082498293,-0.41644225341411667,2.415329282421617,0.17537027994791668,-0.9901448567708333
1787619990.401561,85.88292487101845,298.35928667533494,-170.12555536296676,-0.42031561053796235,2.4146582533645136,0.17537027994791668,-0.9901448567708333
1787619990.4184,85.4587346561917,300.7732672789629,-170.0336046365319,-0.42419021482674757,2.413980603627982,0.17537027994791668,-0.9901448567708333
1787619990.4345732,85.03066895046136,303.18656366454456,-169.9416069222795,-0.4280657057303364,2.413296385581668,0.17537027994791668,-0.9901448567708333
1787619990.450898,84.59872717527404,305.59916930906326,-169.8495692589452,-0.43194177518732546,2.412605644518699,0.17537027994791668,-0.9901448567708333
1787619990.4681091,84.16290901548885,308.011077728706,-169.75749763207298,-0.4358181597851899,2.4119084196427734,0.17537027994791668,-0.9901448567708333
1787619990.4849331,83.72321438140294,310.4222824736253,-169.66539713126738,-0.43969463408590403,2.4112047449192446,0.17537027994791668,-0.9901448567708333
1787619990.501995,83.27964337645763,312.8327771234339,-169.57327208405925,-0.4435710049453119,2.41049464980866,0.17537027994791668,-0.9901448567708333
1787619990.518961,82.83219626977822,315.24255528333265,-169.48112616983744,-0.44744710667941223,2.409778159898757,0.17537027994791668,-0.9901448567708333
1787619990.535826,82.38087347282612,317.65161058078144,-169.3889625167961,-0.45132279695209415,2.409055297448802,0.17537027994791668,-0.9901448567708333
1787619990.5536692,81.92567551954889,320.0599366626397,-169.29678378441585,-0.45519795327724,2.4083260818582883,0.17537027994791668,-0.9901448567708333
1787619990.570335,81.46660304950507,322.4675271927101,-169.20459223362764,-0.4590724700438228,2.4075905300703955,0.17537027994791668,-0.9901448567708333
1787619990.587083,81.00365679351896,324.87437584962936,-169.11238978649197,-0.4629462559861058,2.4068486569192125,0.17537027994791668,-0.9901448567708333
1787619990.604055,80.53683756148637,327.28047632505786,-169.02017807695472,-0.4668192320325851,2.4061004754284845,0.17537027994791668,-0.9901448567708333
1787619990.62163,80.06614623200925,329.68582232212646,-168.92795849401034,-0.47069132947711895,2.4053459970685998,0.17537027994791668,-0.9901448567708333
1787619990.638113,79.59158374358513,332.09040755410405,-168.8357322184056,-0.47456248842411114,2.4045852319776193,0.17537027994791668,-0.9901448567708333
1787619990.655551,79.11315108711837,334.49422574325536,-168.74350025384865,-0.4784326564667668,2.403818189151331,0.17537027994791668,-0.9901448567708333
1787619990.6720462,78.63084929955482,336.897270619862,-168.65126345354437,-0.4823017875635398,2.403044876606647,0.17537027994791668,-0.9901448567708333
1787619990.689545,78.14467945847171,339.29953592138406,-168.55902254275517,-0.4861698410831092,2.402265301522066,0.17537027994791668,-0.9901448567708333
1787619990.7051241,77.65464267747909,341.70101539174243,-168.46677813798178,-0.49003678099262377,2.4014794703583915,0.17537027994791668,-0.9901448567708333
1787619990.722662,77.16074010231132,344.1017027807049,-168.3745307632698,-0.49390257516776426,2.400687388962466,0.17537027994791668,-0.9901448567708333
1787619990.7402291,76.66297290750498,346.5015918433612,-168.28228086407245,-0.49776719480634357,2.3998890626563103,0.17537027994791668,-0.9901448567708333
1787619990.756997,76.16134229357505,348.90067633967493,-168.19002881903535,-0.5016306139299391,2.3990844963136917,0.17537027994791668,-0.9901448567708333
1787619990.774372,75.65584948461472,351.2989500341008,-168.09777495001484,-0.5054928089603303,2.398273694425905,0.17537027994791668,-0.9901448567708333
1787619990.7909539,75.14649572625518,353.6964066952591,-168.00551953059426,-0.5093537583595396,2.397456661158261,0.17537027994791668,-0.9901448567708333
1787619990.807988,74.63328228393127,356.0930400956577,-167.91326279332338,-0.5132134423239185,2.396633400398605,0.17537027994791668,-0.9901448567708333
1787619990.825042,74.11621044140708,358.4888440114567,-167.82100493587237,-0.5170718425241825,2.39580391579897,0.17537027994791668,-0.9901448567708333
1787619990.84187,73.5952814995226,360.88381222226803,-167.72874612626285,-0.5209289418844782,2.3949682108113453,0.17537027994791668,-0.9901448567708333
1787619990.859689,73.07049677512796,363.2779385109864,-167.63648650731477,-0.524784724394638,2.3941262887183834,0.17537027994791668,-0.9901448567708333
1787619990.876641,72.54185760017732,365.6712166636462,-167.54422620042612,-0.5286391749506423,2.3932781526597493,0.17537027994791668,-0.9901448567708333
1787619990.8933299,72.00936532095828,368.06364046930094,-167.45196530878596,-0.5324922792190369,2.392423805654745,0.17537027994791668,-0.9901448567708333
1787619990.910378,71.47302129743655,370.4552037199227,-167.35970392010557,-0.5363440235217285,2.391563250621721,0.17537027994791668,-0.9901448567708333
1787619990.927221,70.93282690269845,372.84590021031744,-167.26744210893992,-0.5401943947380873,2.3906964903947334,0.17537027994791668,-0.9901448567708333
1787619990.9441228,70.3887835224767,375.2357237380553,-167.17517993866105,-0.5440433802217485,2.3898235277378372,0.17537027994791668,-0.9901448567708333
1787619990.9609442,69.84089255474676,377.62466810341266,-167.08291746313537,-0.5478909677299355,2.388944365357348,0.17537027994791668,-0.9901448567708333
1787619990.9788,69.28915540938337,380.012727109325,-166.99065472814954,-0.5517371453633848,2.388059005912361,0.17537027994791668,-0.9901448567708333
1787619990.996685,68.73357350786806,382.3998945613488,-166.89839177262226,-0.5555819015153125,2.387167452023773,0.17537027994791668,-0.9901448567708333
1787619991.01356,68.17414828304001,384.7861642676308,-166.80612862963457,-0.5594252248280487,2.38626970628202,0.17537027994791668,-0.9901448567708333
1787619991.0303879,67.61088117888383,387.1715300388845,-166.71386532730537,-0.5632671041561859,2.385365771253713,0.17537027994791668,-0.9901448567708333
1787619991.04739,67.04377365034856,389.55598568837183,-166.62160188953578,-0.5671075285352725,2.3844556494873297,0.17537027994791668,-0.9901448567708333
1787619991.0640051,66.47282716319333,391.9395250318899,-166.52933833664176,-0.5709464871552186,2.383539343518087,0.17537027994791668,-0.9901448567708333
1787619991.08109,65.89804319385564,394.32214188776203,-166.43707468589193,-0.5747839693376876,2.3826168558721323,0.17537027994791668,-0.9901448567708333
1787619991.098054,65.31942322933874,396.70383007683216,-166.34481095196463,-0.5786199645168997,2.3816881890701227,0.17537027994791668,-0.9901448567708333
1787619991.114999,64.73696876711541,399.08458342246246,-166.25254714733646,-0.5824544622233253,2.3807533456302967,0.17537027994791668,-0.9901448567708333
1787619991.132021,64.15068131504559,401.4643957505336,-166.1602832826125,-0.5862874520698215,2.379812328071111,0.17537027994791668,-0.9901448567708333
1787619991.148306,63.56056239130572,403.8432608894471,-166.06801936680714,-0.5901189237398643,2.3788651389134916,0.17537027994791668,-0.9901448567708333
1787619991.165185,62.96661352432817,406.2211726701299,-165.97575540758254,-0.5939488669775521,2.3779117806827736,0.17537027994791668,-0.9901448567708333
1787619991.181942,62.368836252749055,408.5981249260402,-165.88349141145162,-0.5977772715791108,2.37695225591035,0.17537027994791668,-0.9901448567708333
1787619991.198956,61.76723212536337,410.9741114931753,-165.7912273839503,-0.6016041273856834,2.375986567135093,0.17537027994791668,-0.9901448567708333
1787619991.216773,61.16180270108617,413.3491262100799,-165.6989633297841,-0.6054294242772065,2.375014716904568,0.17537027994791668,-0.9901448567708333
1787619991.2335842,60.55254954891896,415.723162917856,-165.6066992529528,-0.6092531521672072,2.3740367077760722,0.17537027994791668,-0.9901448567708333
1787619991.250525,59.93947424792057,418.0962154601735,-165.51443515685617,-0.6130753009983908,2.373052542317527,0.17537027994791668,-0.9901448567708333
1787619991.266614,59.32257838718168,420.4682776832817,-165.42217104438396,-0.6168958607388944,2.3720622231082347,0.17537027994791668,-0.9901448567708333
1787619991.2834811,58.70203559851364,422.8393884653259,-165.33406397465438,-0.6205427886680369,2.3711107820441595,0.14872843424479168,-0.9901448567708333
1787619991.300261,58.078332960095416,425.20967003343634,-165.25769567842093,-0.6237026384182242,2.3702815681104483,0.09254557291666667,-0.9901448567708333
1787619991.317209,57.452570542500645,427.57940864560857,-165.20789983721014,-0.6257624175947731,2.369738612172222,-0.045210774739583334,-0.9901448567708333
1787619991.334402,56.82599557743119,429.94893254429417,-165.1882530924307,-0.6265749650694499,2.3695238986856006,-0.19056599934895832,-0.9901448567708333
1787619991.351103,56.199371164151536,432.31844336680075,-165.1870574169753,-0.6266244132796561,2.369510822506604,-0.32548421223958335,-0.9901448567708333
1787619991.368247,55.573117920698856,434.6880523152053,-165.1960322754102,-0.6262532434526789,2.3696089484045677,-0.47776692708333335,-0.9901448567708333
1787619991.38517,54.94941127227726,437.0583328281423,-165.25759874634193,-0.6237066484215981,2.3702805129369615,-0.6450948079427083,-0.9901448567708333
1787619991.4030259,54.33460811909798,439.4309383107573,-165.47271338394597,-0.6148031531792816,2.372605482615014,-0.9734029134114583,-0.9901448567708333
1787619991.419282,53.7376839079274,441.8081049392065,-165.90405327022842,-0.596924211170583,2.377166628449169,-1.0104817708333333,-0.9901448567708333
1787619991.4363909,53.16875093437084,444.1921256951761,-166.57773450656114,-0.5689329735565547,2.3840207559696522,-1.0104817708333333,-0.9901448567708333
1787619991.453393,52.6382523756903,446.58499238024905,-167.4997081850033,-0.5304985586805391,2.3928666850729248,-1.0104817708333333,-0.9901448567708333
1787619991.470405,52.156455166031876,448.9881384727826,-168.6632938470629,-0.48179720965842543,2.4031460925335724,-1.0104817708333333,-0.9901448567708333
1787619991.487436,51.73313825211464,451.40227237206943,-170.05433175735052,-0.4233169139172298,2.4141338992867842,-1.0104817708333333,-0.9901448567708333
1787619991.504368,51.37740678130622,453.8272867666598,-171.6546583685376,-0.3557314708084209,2.4250143945903697,-1.0104817708333333,-0.9901448567708333
1787619991.521468,51.09758673573879,456.26222833380115,-173.44440734994606,-0.2798200455674331,2.434941567141327,-1.0104817708333333,-0.9901448567708333
1787619991.5385458,50.90117077690239,458.7053125452864,-175.40349358508777,-0.19641595883639373,2.4430842114852287,-1.0104817708333333,-0.9901448567708333
1787619991.5553799,50.79479674312786,461.15397018943196,-177.51253363861278,-0.10637403377453158,2.448657644145575,-1.0104817708333333,-0.9901448567708333
1787619991.572361,50.78424708036823,463.60491457841954,-179.75338183059662,-0.010549662759628672,2.4509443889875753,-1.0104817708333333,-0.9901448567708333
1787619991.589201,50.87446178037449,466.05422080696604,-182.10940793159233,0.09021470000625349,2.449306228546525,-1.0104817708333333,-0.9901448567708333
1787619991.606056,51.06956006245683,468.49741059771554,-184.56560462147817,0.19509828208234098,2.4431897907494906,-1.0104817708333333,-0.9901448567708333
1787619991.622964,51.372867679004436,470.9295380991098,-187.1085859290218,0.30330761654760313,2.432127501394249,-1.0104817708333333,-0.9901448567708333
1787619991.640824,51.78694774745772,473.3452734716628,-189.72651878493022,0.4140800684532824,2.4157353725529926,-1.0104817708333333,-0.9901448567708333
1787619991.657801,52.313633660523756,475.7389822347064,-192.4090163473231,0.5266859130660426,2.3937087630436187,-1.0104817708333333,-0.9901448567708333
1787619991.675643,52.95406305267418,478.10479919444015,-195.14701229102332,0.6404293921504199,2.3658169597337544,-1.0104817708333333,-0.9901448567708333
1787619991.69222,53.70871209339742,480.43669638742045,-197.93262863895956,0.7546490407232443,2.3318971929803225,-1.0104817708333333,-0.9901448567708333
1787619991.7088819,54.57742958776806,482.7285449007975,-200.75904512913655,0.8687174943706387,2.2918485133770123,-1.0104817708333333,-0.9901448567708333
1787619991.725735,55.55947052193716,484.97417071488815,-203.62037496223567,0.9820409341691005,2.2456258140906513,-1.0104817708333333,-0.9901448567708333
1787619991.742527,56.6535288117544,487.1674048911165,-206.51154963972627,1.0940582898172395,2.1932341762283842,-1.0104817708333333,-0.9901448567708333
1787619991.758427,57.85776910650837,489.3021285279803,-209.4282141783004,1.2042402947539752,2.13472363686377,-1.0104817708333333,-0.9901448567708333
1787619991.775198,59.16985757257003,491.37231295225797,-212.36663305836646,1.3120884660616619,2.0701844242776963,-1.0104817708333333,-0.9901448567708333
1787619991.791975,60.58699163744769,493.3720556195673,-215.32360667949067,1.4171340648776585,1.999742667309308,-1.0104817708333333,-0.9901448567708333
1787619991.809697,62.10592871630831,495.2956121806687,-218.29639774596006,1.5189370788606262,1.9235565611014325,-1.0104817708333333,-0.9901448567708333
1787619991.8265789,63.723013972750316,497.137425137158,-221.28266681488245,1.6170852564420024,1.8418129564893184,-1.0104817708333333,-0.9901448567708333
1787619991.843429,65.43420718556604,498.8921494692704,-224.28041615403956,1.7111932128157274,1.7547243321124286,-1.0104817708333333,-0.9901448567708333
1787619991.860227,67.23510880520988,500.5546755742258,-227.2879410398843,1.8009016196438399,1.6625261049554125,-1.0104817708333333,-0.9901448567708333
1787619991.876977,69.1209852892852,502.12014980911624,-230.30378765193745,1.8858764840753317,1.5654742348904007,-1.0104817708333333,-0.9901448567708333
1787619991.8947341,71.08679380697767,503.583992889867,-233.3267167708438,1.9658085176924598,1.463843080750732,-1.0104817708333333,-0.9901448567708333
1787619991.911693,73.12720639919748,504.94191635855174,-236.35567255166904,2.0404125922198033,1.3579234686847723,-1.0104817708333333,-0.9901448567708333
1787619991.928481,75.23663367526878,506.1899372959804,-239.38975571384054,2.109427276071301,1.2480209374287088,-1.0104817708333333,-0.9901448567708333
1787619991.945277,77.40924811916504,507.32439142527227,-242.4282005594281,2.172614443896271,1.134454129291844,-1.0104817708333333,-0.9901448567708333
1787619991.962035,79.63900706922462,508.34194472506704,-245.4703552991181,2.229758950059581,1.017553299794765,-1.0104817708333333,-0.9901448567708333
1787619991.978991,81.91967542553895,509.23960364793277,-248.51566522845633,2.28066835631433,0.8976589228657577,-1.0104817708333333,-0.9901448567708333
1787619991.995827,84.24484812921598,510.0147240201133,-251.56365835480074,2.325172703677029,0.7751203721805257,-1.0104817708333333,-0.9901448567708333
1787619992.013292,86.60797244780922,510.6650186826835,-254.61393312759463,2.3631243185932354,0.6502946625701904,-1.0104817708333333,-0.9901448567708333
1787619992.0302,89.00237009161025,511.18856392108614,-257.66614797106894,2.394397643801035,0.523545238402637,-1.0104817708333333,-0.9901448567708333
1787619992.047019,91.42125917640173,511.58380471955036,-260.7200123595624,2.418889084791481,0.3952407984642431,-1.0104817708333333,-0.9901448567708333
1787619992.063858,93.85777603977535,511.84955886869966,-263.7752792116919,2.4365168633736065,0.26575414914928835,-1.0104817708333333,-0.9901448567708333
1787619992.081728,96.30499691030852,511.98501994842684,-266.8317384110541,2.4472208705331777,0.13546107972719434,-1.0104817708333333,-0.9901448567708333
1787619992.098581,98.75595942180371,511.98975920355895,-269.8892112884593,2.450962511495191,0.0047392551320832605,-1.0104817708333333,-0.9901448567708333
1787619992.114681,101.20368395843832,511.8637263266939,-272.9475459243429,2.447724536634613,-0.1260328768650797,-1.0104817708333333,-0.9901448567708333
1787619992.130599,103.64119481104737,511.6072491606398,-276.0066131504054,2.4375108526090474,-0.2564771660540877,-1.0104817708333333,-0.9901448567708333
1787619992.1475,106.06154111984472,511.22103233192166,-279.066303147099,2.420346308797346,-0.3862168287181228,-1.0104817708333333,-0.9901448567708333
1787619992.164363,108.45781757465498,510.7061548266683,-282.1265225486661,2.396276454810269,-0.5148775052533852,-1.0104817708333333,-0.9901448567708333
1787619992.181331,110.82318484014198,510.06406652070365,-285.1871919803831,2.3653672654870013,-0.6420883059646599,-1.0104817708333333,-0.9901448567708333
1787619992.1982322,113.15088967054315,509.2965836767123,-288.2482439637428,2.327704830401175,-0.7674828439913551,-1.0104817708333333,-0.9901448567708333
1787619992.214883,115.43428467601339,508.4058834228179,-291.309621134795,2.2833950054702354,-0.8907002538944307,-1.0104817708333333,-0.9901448567708333
1787619992.2319381,117.66684770080569,507.3944972287138,-294.3712747289659,2.2325630247922925,-1.0113861941040674,-1.0104817708333333,-0.9901448567708333
1787619992.24977,119.84220077213129,506.26530339753674,-297.4331632925993,2.175353071325599,-1.1291938311770504,-1.0104817708333333,-0.9901448567708333
1787619992.266641,121.95412857761029,505.0215185939077,-300.4952515873649,2.1119278054790014,-1.2437848036290968,-1.0104817708333333,-0.9901448567708333
1787619992.283552,123.99659642870901,503.666688430927,-303.55750965871454,2.0424678510987175,-1.3548301629806627,-1.0104817708333333,-0.9901448567708333
1787619992.30049,125.96376766742877,502.204677141351,-306.6199120438611,1.967171238719764,-1.462011289576031,-1.0104817708333333,-0.9901448567708333
1787619992.317246,127.85002047373023,500.6396563606539,-309.6824370984086,1.8862528063014572,-1.565020780697144,-1.0104817708333333,-0.9901448567708333
1787619992.33325,129.6499640317179,498.97609305216434,-312.74506642387865,1.7999435579876777,-1.663563308489545,-1.0104817708333333,-0.9901448567708333
1787619992.350241,131.3584540134443,497.21873660692205,-315.8077843810284,1.7084899817263794,-1.7573564452422898,-1.0104817708333333,-0.9901448567708333
1787619992.367064,132.97060734029512,495.37260515330945,-318.8705776761143,1.6121533268508328,-1.8461314536126117,-1.0104817708333333,-0.9901448567708333
1787619992.383852,134.4818161832647,493.4429711138542,-321.9334350091744,1.5112088429695927,-1.9296340394552867,-1.0104817708333333,-0.9901448567708333
1787619992.4015412,135.88776116499923,491.4353460488509,-324.99634677503894,1.4059449817345433,-2.007625065003293,-1.0104817708333333,-0.9901448567708333
1787619992.418595,137.1844237282577,489.35546482860343,-328.0593048091676,1.2966625632584792,-2.079881220247438,-1.0104817708333333,-0.9901448567708333
1787619992.4354491,138.36809763739447,487.2092691781272,-331.1223021715955,1.1836739091367667,-2.1461956504761877,-1.0104817708333333,-0.9901448567708333
1787619992.4521852,139.4353995815875,485.0028906400663,-334.18533296327627,1.0673019441930323,-2.206378538060909,-1.0104817708333333,-0.9901448567708333
1787619992.468948,140.38327885080523,482.74263300336173,-337.24839216996537,0.9478792692177431,-2.2602576367045546,-1.0104817708333333,-0.9901448567708333
1787619992.486803,141.20902605790707,480.43495424684954,-340.31147552951523,0.8257472071018407,-2.307678756512165,-1.0104817708333333,-0.9901448567708333
1787619992.502896,141.91028088279333,478.08644804846136,-343.3745794190716,0.7012548248862527,-2.348506198388195,-1.0104817708333333,-0.9901448567708333
1787619992.519835,142.48503881714615,475.70382491204373,-346.4377007591876,0.5747579343528274,-2.3826231364176107,-1.0104817708333333,-0.9901448567708333
1787619992.537327,142.9316568910199,473.2938929649997,-349.5008369323183,0.4466180738737544,-2.409931947044007,-1.0104817708333333,-0.9901448567708333
1787619992.553063,143.24885836533522,470.86353848098173,-352.5639857135398,0.3172014743153022,-2.430354484017963,-1.0104817708333333,-0.9901448567708333
1787619992.56993,143.43573637719365,468.4197061827301,-355.6271452116589,0.1868780118584219,-2.443832298251634,-1.0104817708333333,-0.9901448567708333
1787619992.58766,143.49175652784731,465.96937938084943,-358.6903138191557,0.056020150653657855,-2.450326801880672,-1.0104817708333333,-0.9901448567708333
1787619992.604467,143.4167584061187,463.5195600048482,-361.7534901696341,-0.07499812172860079,-2.44981937600126,-1.0104817708333333,-0.9901448567708333
1787619992.6210098,143.21095604305984,461.07724858313037,-364.81667310165466,-0.20580236305886343,-2.442311421717838,-1.0104817708333333,-0.9901448567708333
1787619992.63851,142.87493729665513,458.64942422882496,-367.87986162799154,-0.3360187464046963,-2.427824354305442,-1.0104817708333333,-0.9901448567708333
1787619992.6549919,142.40966216839996,456.243024688366,-370.94305490950137,-0.4652751282551699,-2.406399540458973,-1.0104817708333333,-0.9901448567708333
1787619992.672448,141.8164600566148,453.86492650959633,-374.0062522329111,-0.593202111785147,-2.3780981787696787,-1.0104817708333333,-0.9901448567708333
1787619992.688977,141.0970259543754,451.52192538586013,-377.0694529919378,-0.7194341022393981,-2.343001123736182,-1.0104817708333333,-0.9901448567708333
1787619992.706111,140.25341560294063,449.22071673207705,-380.13265667124045,-0.843610351434758,-2.301208653783082,-1.0104817708333333,-0.9901448567708333
1787619992.7236512,139.2880396145345,446.967876548153,-383.1958628327788,-0.9653759884061193,-2.252840183924046,-1.0104817708333333,-0.9901448567708333
1787619992.7402298,138.20365658127562,444.7698426242851,-386.2590711042182,-1.0843830332588982,-2.1980339238679307,-1.0104817708333333,-0.9901448567708333
1787619992.756984,137.0033651899393,442.63289614175966,-389.32228116907413,-1.2002913913363236,-2.1369464825254596,-1.0104817708333333,-0.9901448567708333
1787619992.7743082,135.69059536507478,440.5631437217299,-392.3854927583345,-1.3127698248645159,-2.0697524200297988,-1.0104817708333333,-0.9901448567708333
1787619992.790829,134.26909846577354,438.5664999731931,-395.448705643339,-1.4214968993012331,-1.9966437485367792,-1.0104817708333333,-0.9901448567708333
1787619992.808884,132.74293656408807,436.6486705899742,-398.51191962972615,-1.5261619016854677,-1.917829383218908,-1.0104817708333333,-0.9901448567708333
1787619992.825801,131.11647083572376,434.81513604496274,-401.5751345522887,-1.6264657283643098,-1.8335345450114588,-1.0104817708333333,-0.9901448567708333
1787619992.843801,129.3943490961634,433.0711359281544,-404.63835027060054,-1.7221217395603485,-1.7440001168083845,-1.0104817708333333,-0.9901448567708333
1787619992.861773,127.5814925178261,431.42165397321423,-407.70156666529925,-1.8128565783372985,-1.6494819549401574,-1.0104817708333333,-0.9901448567708333
1787619992.878722,125.6830815662032,429.87140381531964,-410.7647836349269,-1.8984109516229017,-1.5502501578946057,-1.0104817708333333,-0.9901448567708333
1787619992.8956,123.70454119514676,428.4248155209546,-413.82800109324427,-1.978540371056444,-1.4465882943650037,-1.0104817708333333,-0.9901448567708333
1787619992.9124858,121.65152534360394,427.0860229281278,-416.8912189669478,-2.0530158515428236,-1.3387925928268039,-1.0104817708333333,-0.9901448567708333
1787619992.9294279,119.52990077808792,425.8588518331728,-419.9544371937297,-2.1216245655160137,-1.2271710949549808,-1.0104817708333333,-0.9901448567708333
1787619992.9463758,117.34573032704674,424.74680905787477,-423.01765572062817,-2.1841704510411812,-1.1120427752980475,-1.0104817708333333,-0.9901448567708333
1787619992.96323,115.10525555502998,423.75307242815313,-426.08087450262576,-2.2404747720167495,-0.9937366297216356,-1.0104817708333333,-0.9901448567708333
1787619992.9802449,112.81487892615546,422.88048169292875,-429.1440935014576,-2.290376628874527,-0.8725907352243539,-1.0104817708333333,-0.9901448567708333
1787619992.9970791,110.48114550783787,422.13153040911806,-432.20731268459855,-2.3337334183175886,-0.7489512838107188,-1.0104817708333333,-0.9901448567708333
1787619993.013985,108.11072426705663,421.5083588159375,-435.27053202440226,-2.370421240781244,-0.6231715931805041,-1.0104817708333333,-0.9901448567708333
1787619993.030829,105.71038901260472,421.0127477188772,-438.3337514973693,-2.400335254451906,-0.495611097060312,-1.0104817708333333,-0.9901448567708333
1787619993.048137,103.29318974853797,420.6073005446496,-440.47817170448343,-2.4171992640667512,-0.4054471742276382,0.08964640299479167,-0.9901448567708333
1787619993.065269,100.86657700259143,420.26264089440923,-441.91616547551746,-2.4266127459465365,-0.34465965024039236,0.17537027994791668,-0.9901448567708333
1787619993.0820951,98.43459325927847,419.9581827436635,-442.8643091183187,-2.431983743312958,-0.30445815074573657,0.17537027994791668,-0.9901448567708333
1787619993.0989408,95.9994977825269,419.6797052537329,-443.4759975695316,-2.4350954767515733,-0.27847748993060434,0.17537027994791668,-0.9901448567708333
1787619993.1159098,93.56259318866766,419.41753032411185,-443.8594394419729,-2.4369045938592335,-0.2621749296210178,0.17537027994791668,-0.9901448567708333
1787619993.1332638,91.12465073058243,419.16518876122666,-444.0905891138299,-2.437942458085234,-0.25234156288520726,0.17537027994791668,-0.9901448567708333
1787619993.1501179,88.68613406953817,418.9184577597219,-444.2224312304562,-2.438516661044265,-0.24673100150477617,0.17537027994791668,-0.9901448567708333
1787619993.166861,86.24732116170338,418.67467241587923,-444.2916386641662,-2.438812907834782,-0.2437853438426461,0.17537027994791668,-0.9901448567708333
1787619993.1837802,83.80837374121029,418.43223649988465,-444.32334031134627,-2.4389474204930877,-0.24243591599458636,0.17537027994791668,-0.9901448567708333
1787619993.200584,81.36937902179045,418.19027689181723,-444.334529633854,-2.4389947194198442,-0.2419596080674158,0.17537027994791668,-0.9901448567708333
1787619993.217416,78.93037599746536,417.94840101326156,-444.3364965669672,-2.439003024325093,-0.24187587855565634,0.17537027994791668,-0.9901448567708333
1787619993.234468,76.49137323427365,417.70652250153046,-444.3364347097875,-2.4390027631917035,-0.24187851173110927,0.17537027994791668,-0.9901448567708333
1787619993.251373,74.05238199801573,417.46452778516027,-444.33370488462634,-2.438991236257919,-0.2419947163701906,0.17537027994791668,-0.9901448567708333
1787619993.268112,71.61342497685433,417.22218847299337,-444.32560972505667,-2.4389570211613982,-0.24233931216692894,0.17537027994791668,-0.9901448567708333
1787619993.284947,69.17453103269266,416.97921517728884,-444.3107160429662,-2.438893944161676,-0.24297329570453463,0.17537027994791668,-0.9901448567708333
1787619993.3018188,66.73573179526483,416.73529311429434,-444.2884266702054,-2.438799237427824,-0.24392206299448554,0.17537027994791668,-0.9901448567708333
1787619993.318816,64.29705951369664,416.4901050305605,-444.25868271650864,-2.4386722815681843,-0.2451880837337888,0.17537027994791668,-0.9901448567708333
1787619993.336593,61.858545750584454,416.243345389601,-444.221758312823,-2.438513763112184,-0.24675964095953135,0.17537027994791668,-0.9901448567708333
1787619993.353421,59.42022063180258,415.9947285993165,-444.1781206960471,-2.438325118781876,-0.248616790284505,0.17537027994791668,-0.9901448567708333
1787619993.370165,56.98211245722101,415.7439932361694,-444.12833624553616,-2.4381081745815756,-0.2507353631471186,0.17537027994791668,-0.9901448567708333
1787619993.386955,54.54424754161767,415.4909036343198,-444.073008650966,-2.4378649156033347,-0.2530896018495565,0.17537027994791668,-0.9901448567708333
1787619993.403884,52.10665019891699,415.2352497899275,-444.01273938663024,-2.437597342700684,-0.25565384439234196,0.17537027994791668,-0.9901448567708333
1787619993.4212348,49.66934281251183,414.9768462344781,-443.94810352993335,-2.4373073864051573,-0.25840355544938365,0.17537027994791668,-0.9901448567708333
1787619993.438185,47.232345954279474,414.7155303217218,-443.8796360096935,-2.436996858232356,-0.26131591275627997,0.17537027994791668,-0.9901448567708333
1787619993.4549499,44.7956785281328,414.4511602257394,-443.80782483206605,-2.4366674261466743,-0.26437009598243755,0.17537027994791668,-0.9901448567708333
1787619993.4727821,42.35935792273008,414.18361284491846,-443.73310887356996,-2.4363206054027216,-0.2675473808209231,0.17537027994791668,-0.9901448567708333
1787619993.490703,39.923400163775106,413.9127817354035,-443.65587857075104,-2.435957758954968,-0.270831109514975,0.17537027994791668,-0.9901448567708333
1787619993.5076742,37.48782006016598,413.6385751486894,-443.5764783600355,-2.4355801036091287,-0.27420658671404324,0.17537027994791668,-0.9901448567708333
1787619993.5246909,35.05263134075746,413.36091421488794,-443.4952100908597,-2.4351887194085213,-0.2776609338014736,0.17537027994791668,-0.9901448567708333
1787619993.541892,33.47380439162603,413.1785821987914,-443.41233689444226,-1.5788269491314284,-0.1823320160965433,0.17537027994791668,0.29531656901041664
1787619993.558033,32.42485421962604,413.05588014949853,-443.3280871713391,-1.0489501719999892,-0.1227020492928718,0.17537027994791668,0.18514811197916667
1787619993.5743098,31.741388374758042,412.9748978328899,-443.2426584859651,-0.6834658448680003,-0.08098231660861824,0.17537027994791668,0.18514811197916667
1787619993.591743,31.307247435669183,412.92279319279555,-443.15622124187087,-0.4341409390888579,-0.05210464009436272,0.17537027994791668,0.18514811197916667
1787619993.609279,31.040725994499176,412.8903938633792,-443.0689220693938,-0.26652144117000687,-0.032399329416388,0.17537027994791668,0.18514811197916667
1787619993.6256819,30.884676930058983,412.8711806046823,-442.9808868956588,-0.15604906444019329,-0.019213258696885015,0.17537027994791668,0.18514811197916667
1787619993.642313,30.799412332286867,412.8605485855838,-442.89222369171364,-0.0852645977721164,-0.010632019098543269,0.17537027994791668,0.18514811197916667
1787619993.659082,30.7576173455167,412.85527089263167,-442.8030249070357,-0.041794986770168775,-0.005277692952145038,0.17537027994791668,0.18514811197916667
1787619993.6760361,30.74071184429468,412.85310925738696,-442.71336961070824,-0.01690550122202095,-0.002161635244677575,0.17537027994791668,0.18514811197916667
1787619993.692885,30.73625265321755,412.8525319554643,-442.6233253633294,-0.004459191077127164,-0.0005773019226299234,0.17537027994791668,0.18514811197916667
1787619993.710439,30.73608288210265,412.8525097039902,-442.532949845639,-0.0001697711149025766,-2.2251474067379944e-05,0.17537027994791668,0.18514811197916667
1787619993.7269351,30.737148679719574,412.8526511111198,-442.44229226994815,0.0010657976169254658,0.0001414071296014501,0.17537027994791668,0.18514811197916667
1787619993.744801,30.742255581034815,412.8533369271752,-442.35139459943167,0.005106901315241595,0.0006858160553260013,0.17537027994791668,0.18514811197916667
1787619993.762582,30.753164951537013,412.8548196313343,-442.2602925986714,0.01090937050219846,0.001482704159127601,0.17537027994791668,0.18514811197916667
1787619993.779449,30.77071525842606,412.8572333936354,-442.1690167368376,0.01755030688904418,0.0024137623010910617,0.17537027994791668,0.18514811197916667
1787619993.79634,30.79514344184916,412.8606328219648,-442.0775929627766,0.024428183423099603,0.003399428329414478,0.17537027994791668,0.18514811197916667
1787619993.813159,30.826307283336057,412.86502035563785,-441.9860433691701,0.03116384148689566,0.0043875336730494815,0.17537027994791668,0.18514811197916667
1787619993.8300989,30.86383772513689,412.87036547985304,-441.8943867609249,0.03753044180083294,0.005345124215200735,0.17537027994791668,0.18514811197916667
1787619993.846911,30.907241835818112,412.87661806698,-441.8026391410886,0.043404110681223684,0.006252587126954142,0.17537027994791668,0.18514811197916667
1787619993.8639848,30.955971184751263,412.88371751743284,-441.7108141258904,0.048729348933151125,0.0070994504528579284,0.17537027994791668,0.18514811197916667
1787619993.8809311,31.00946613049662,412.8915989113861,-441.618923298979,0.0534949457453559,0.007881393953251957,0.17537027994791668,0.18514811197916667
1787619993.8987992,31.06718347631946,412.9001970464981,-441.5269765135751,0.05771734582284128,0.008598135111976345,0.17537027994791668,0.18514811197916667
1787619993.9167821,31.12861276184271,412.9094489922822,-441.43498215006025,0.0614292855232508,0.00925194578413228,0.17537027994791668,0.18514811197916667
1787619993.933774,31.1932848992556,412.91929561407665,-441.34294733547506,0.06467213741289077,0.009846621794423638,0.17537027994791668,0.18514811197916667
1787619993.950721,31.260775749840786,412.9296823906339,-441.2508781304891,0.06749085058518339,0.01038677655726019,0.17537027994791668,0.18514811197916667
1787619993.967573,31.330706445298734,412.94055975597405,-441.1587796886117,0.06993069545794707,0.010877365340169465,0.17537027994791668,0.18514811197916667
1787619993.98457,31.402741697347277,412.9518831286635,-441.0666563917271,0.07203525204854183,0.011323372689461764,0.17537027994791668,0.18514811197916667
1787619994.0012312,31.476586942833475,412.9636127430466,-440.9745119654499,0.07384524548619839,0.011729614383102797,0.17537027994791668,0.18514811197916667
1787619994.017571,31.551984893020876,412.9757133620197,-440.88234957728395,0.07539795018740048,0.012100618973055817,0.17537027994791668,0.18514811197916667
1787619994.0345118,31.62871186099084,412.98815392593906,-440.7901719201363,0.07672696796996338,0.012440563919392241,0.17537027994791668,0.18514811197916667
1787619994.051231,31.706574105966,413.00090717445767,-440.69798128335975,0.07786224497515874,0.012753248518602437,0.17537027994791668,0.18514811197916667
1787619994.0679529,31.78540434045153,413.0139492654901,-440.6057796131802,0.07883023448553478,0.013042091032429284,0.17537027994791668,0.18514811197916667
1787619994.085679,31.865058482968987,413.02725940666465,-440.513568564089,0.07965414251745673,0.013310141174559694,0.17537027994791668,0.18514811197916667
1787619994.102529,31.94541269695682,413.0408195084721,-440.4213495425479,0.08035421398783311,0.013560101807468142,0.17537027994791668,0.18514811197916667
1787619994.119315,32.02636072881369,413.05461386410235,-440.3291237441534,0.08094803185687048,0.013794355630240136,0.17537027994791668,0.18514811197916667
1787619994.135902,32.10781154057733,413.06862885811387,-440.2368921852377,0.08145081176363934,0.014014994011520829,0.17537027994791668,0.18514811197916667
1787619994.153755,32.18968722218697,413.0828527042076,-440.14465572973756,0.08187568160963726,0.014223846093750594,0.17537027994791668,0.18514811197916667
1787619994.170586,32.271921162431575,413.09727521118515,-440.0524151120385,0.08223394024460748,0.014422506977567834,0.17537027994791668,0.18514811197916667
1787619994.187498,32.35445645496889,413.1118875754553,-439.96017095639644,0.08253529253731186,0.014612364270114097,0.17537027994791668,0.18514811197916667
1787619994.2044742,32.43724451511666,413.1266821980623,-439.86792379344956,0.08278806014777002,0.01479462260705314,0.17537027994791668,0.18514811197916667
1787619994.221335,32.52024388371117,413.1416525240406,-439.775674074255,0.08299936859450757,0.014970325978235718,0.17537027994791668,0.18514811197916667
1787619994.2381282,32.603419195680736,413.1567929018726,-439.68342218222205,0.08317531196956586,0.015140377832037491,0.17537027994791668,0.18514811197916667
1787619994.254913,32.68674029274443,413.17209846089844,-439.5911684432564,0.08332109706369198,0.0153055590257954,0.17537027994791668,0.18514811197916667
1787619994.272776,32.77018146158657,413.18756500464394,-439.4989131343834,0.08344116884213727,0.015466543745478109,0.17537027994791668,0.18514811197916667
1787619994.290617,32.85372078082643,413.2031889181922,-439.4066564910786,0.08353931923986374,0.015623913548246639,0.17537027994791668,0.18514811197916667
1787619994.307421,32.93733956200672,413.2189670878873,-439.31439871349926,0.08361878118028807,0.015778169695049492,0.17537027994791668,0.18514811197916667
1787619994.324289,33.02102187160932,413.23489683182993,-439.222139971781,0.08368230960260128,0.015929743942651554,0.17537027994791668,0.18514811197916667
1787619994.3410492,33.10475412274449,413.25097583978953,-439.12988041054075,0.08373225113516686,0.016079007959582767,0.17537027994791668,0.18514811197916667
1787619994.357808,33.18852472663814,413.2672021213108,-439.03762015270394,0.08377060389365418,0.016226281521243852,0.17537027994791668,0.18514811197916667
1787619994.3757,33.272323795361544,413.28357396093855,-438.945359302758,0.08379906872340025,0.016371839627770876,0.17537027994791668,0.18514811197916667
1787619994.392504,33.35614288841431,413.3000898796141,-438.85309794951775,0.08381909305276514,0.016515918675552885,0.17537027994791668,0.18514811197916667
1787619994.409319,33.43997479679616,413.31674860141453,-438.7608361684763,0.08383190838184264,0.016658721800390932,0.17537027994791668,0.18514811197916667
1787619994.426101,33.52381335909691,413.33354902491226,-438.66857402380305,0.08383856230075525,0.016800423497734487,0.17537027994791668,0.18514811197916667
1787619994.442511,33.6076533049115,413.35049019852585,-438.5763115700422,0.08383994581459193,0.01694117361357284,0.17537027994791668,0.18514811197916667
1787619994.459389,33.69149012155922,413.3675712993144,-438.4840488535565,0.08383681664771521,0.017081100788580408,0.17537027994791668,0.18514811197916667
1787619994.4762108,33.77531994066729,413.38479161474254,-438.39178591375435,0.08382981910806886,0.01722031542810164,0.17537027994791668,0.18514811197916667
1787619994.493202,33.85913944167866,413.4021505270041,-438.29952278413305,0.0838195010113691,0.017358912261529212,0.17537027994791668,0.18514811197916667
1787619994.5100539,33.94294576977331,413.41964749955065,-438.2072594931653,0.08380632809464944,0.017496972546555283,0.17537027994791668,0.18514811197916667
1787619994.527027,34.026736466060804,413.43728206551725,-438.1149960650529,0.08379069628749578,0.017634565966607067,0.17537027994791668,0.18514811197916667
1787619994.544773,34.110509408217226,413.4550538177807,-438.0227325203675,0.08377294215642167,0.01777175226344579,0.17537027994791668,0.18514811197916667
1787619994.562614,34.19426276000944,413.47296240042203,-437.93046887659506,0.08375335179221213,0.017908582641347752,0.17537027994791668,0.18514811197916667
1787619994.5795012,34.277994928380245,413.49100750139644,-437.8382051485985,0.08373216837080902,0.018045100974405592,0.17537027994791668,0.18514811197916667
1787619994.595998,34.36170452696484,413.5091888462407,-437.74594134901145,0.08370959858459566,0.01818134484423913,0.17537027994791668,0.18514811197916667
1787619994.6127748,34.44539034507688,413.5275061926724,-437.65367748857244,0.08368581811203464,0.018317346431693672,0.17537027994791668,0.18514811197916667
1787619994.630305,34.52905132134575,413.54595932595527,-437.5614135764093,0.08366097626886457,0.01845313328288257,0.17537027994791668,0.18514811197916667
1787619994.646837,34.612686521308646,413.5645480549224,-437.4691496202806,0.08363519996289681,0.018588728967137178,0.17537027994791668,0.18514811197916667
1787619994.6638348,34.69629511836502,413.5832722085644,-437.37688562678113,0.08360859705637368,0.018724153642001716,0.17537027994791668,0.18514811197916667
1787619994.6812549,34.77987637758943,413.6021316331027,-437.28462160151656,0.08358125922441306,0.018859424538318865,0.17537027994791668,0.18514811197916667
1787619994.6977222,34.86342964197433,413.62112618947936,-437.19235754925165,0.08355326438489855,0.018994556376637283,0.17537027994791668,0.18514811197916667
1787619994.7152262,34.94695432073828,413.64025575120394,-437.10009347403644,0.08352467876394845,0.01912956172460942,0.17537027994791668,0.18514811197916667
1787619994.731769,35.03044987938981,413.6595202025076,-437.0078293793135,0.08349555865153167,0.0192644513036984,0.17537027994791668,0.18514811197916667
1787619994.749429,35.113915831283464,413.67891943676,-436.9155652680089,0.08346595189365083,0.01939923425234874,0.17537027994791668,0.18514811197916667
1787619994.765085,35.19735173044404,413.6984533551118,-436.8233011426099,0.0834358991605752,0.019533918351771973,0.17537027994791668,0.18514811197916667
1787619994.780982,35.28075716546874,413.7181218653314,-436.73103700523075,0.08340543502470114,0.0196685102196359,0.17537027994791668,0.18514811197916667
1787619994.798562,35.36413175434534,413.7379248808076,-436.6387728576684,0.08337458887659181,0.019803015476201807,0.17537027994791668,0.18514811197916667
1787619994.815021,35.44747514004881,413.7578623196944,-436.54650870145036,0.08334338570347291,0.019937438886812993,0.17537027994791668,0.18514811197916667
1787619994.832513,35.53078698679963,413.77793410417854,-436.45424453787496,0.08331184675082302,0.020071784484089937,0.17537027994791668,0.18514811197916667
1787619994.8490372,35.61406697688424,413.79814015985124,-436.3619803680458,0.08327999008460449,0.020206055672711234,0.17537027994791668,0.18514811197916667
1787619994.866091,35.69731480795329,413.8184804151705,-436.269716192901,0.08324783106904961,0.020340255319254513,0.17537027994791668,0.18514811197916667
1787619994.883599,35.78053019072597,413.8389548009997,-436.1774520132378,0.08321538277267981,0.0204743858292206,0.17537027994791668,0.18514811197916667
1787619994.900116,35.8637128470393,413.8595632502128,-436.0851878297341,0.08318265631333381,0.020608449213062922,0.17537027994791668,0.18514811197916667
1787619994.91776,35.94686250819067,413.88030569735554,-435.9929236429659,0.08314966115136371,0.020742447142788722,0.17537027994791668,0.18514811197916667
1787619994.934459,36.029978913529455,413.901182078356,-435.9006594534228,0.08311640533878262,0.020876381000473128,0.17537027994791668,0.18514811197916667
1787619994.951284,36.11306180926044,413.92219233027583,-435.8083952615212,0.08308289573098072,0.021010251919837845,0.17537027994791668,0.18514811197916667
1787619994.9679859,36.196110947427066,413.9433363910977,-435.71613106761475,0.08304913816663115,0.02114406082188547,0.17537027994791668,0.18514811197916667
1787619994.985263,36.27912608504763,413.9646141995432,-435.6238668720042,0.08301513762056456,0.02127780844543458,0.17537027994791668,0.18514811197916667
1787619995.002152,36.3621069833813,413.98602569491646,-435.5316026749452,0.08298089833367306,0.021411495373285225,0.17537027994791668,0.18514811197916667
1787619995.019001,36.4450534073046,414.0075708169711,-435.439338476655,0.08294642392329436,0.021545122054637423,0.17537027994791668,0.18514811197916667
1787619995.036026,36.52796512478161,414.0292495057954,-435.34707427731826,0.08291171747700884,0.021678688824298648,0.17537027994791668,0.18514811197916667
1787619995.052272,36.61084190641395,414.05106170171456,-435.254810077092,0.08287678163234138,0.0218121959191391,0.17537027994791668,0.18514811197916667
1787619995.06932,36.69368352505844,414.07300734520675,-435.16254587610956,0.08284161864448616,0.021945643492187528,0.17537027994791668,0.18514811197916667
1787619995.085623,36.77648975550229,414.09508637683143,-435.0702816744845,0.08280623044385384,0.02207903162470584,0.17537027994791668,0.18514811197916667
1787619995.102554,36.85926037418726,414.11729873716797,-434.97801747231307,0.08277061868497007,0.02221236033653207,0.17537027994791668,0.18514811197916667
1787619995.119317,36.94199515897528,414.1396443667629,-434.88575326967737,0.08273478478802579,0.022345629594937834,0.17537027994791668,0.18514811197916667
1787619995.136105,37.024693888949464,414.16212320608514,-434.79348906664694,0.08269872997418232,0.02247883932221567,0.17537027994791668,0.18514811197916667
1787619995.1528718,37.107356344245034,414.1847351954873,-434.701224863281,0.08266245529557097,0.02261198940217504,0.17537027994791668,0.18514811197916667
1787619995.170671,37.189982305905815,414.207480275173,-434.60896065962993,0.08262596166078329,0.022745079685707013,0.17537027994791668,0.18514811197916667
1787619995.18748,37.27257155576235,414.23035838516853,-434.51669645573645,0.08258924985653072,0.02287810999554766,0.17537027994791668,0.18514811197916667
1787619995.2042491,37.3551238763284,414.2533694652989,-434.4244322516369,0.08255232056604833,0.023011080130357763,0.17537027994791668,0.18514811197916667
1787619995.220962,37.43763905071313,414.2765134551671,-434.3321680473623,0.08251517438473258,0.023143989868215326,0.17537027994791668,0.18514811197916667
1787619995.237945,37.52011686254656,414.2997902941367,-434.2399038429388,0.08247781183342848,0.02327683896960638,0.17537027994791668,0.18514811197916667
1787619995.2553449,37.602557095916275,414.3231999213167,-434.1476396383888,0.08244023336971987,0.023409627179984595,0.17537027994791668,0.18514811197916667
1787619995.272147,37.684959535313794,414.34674227554865,-434.05537543373123,0.0824024393975222,0.023542354231963304,0.17537027994791668,0.18514811197916667
1787619995.2889512,37.76732396558903,414.37041729539584,-433.96311122898226,0.0823644302752336,0.02367501984719177,0.17537027994791668,0.18514811197916667
1787619995.305774,37.84965017191169,414.3942249191338,-433.8708470241556,0.0823262063226607,0.02380762373796101,0.17537027994791668,0.18514811197916667
1787619995.3236449,37.931937939738596,414.4181650847424,-433.77858281926285,0.08228776782690321,0.023940165608578708,0.17537027994791668,0.18514811197916667
1787619995.340547,38.01418705478595,414.4422377298989,-433.68631861431396,0.08224911504735385,0.02407264515654622,0.17537027994791668,0.18514811197916667
1787619995.3619368,38.096397303005894,414.4664427919725,-433.5940544093173,0.082210248219947,0.02420506207356517,0.17537027994791668,0.18514811197916667
1787619995.376647,38.17856847056666,414.4907802080189,-433.50179020428016,0.08217116756076809,0.024337416046400145,0.17537027994791668,0.18514811197916667
1787619995.3909729,38.26070034383578,414.5152499147765,-433.4095259992085,0.08213187326912079,0.024469706757616252,0.17537027994791668,0.18514811197916667
1787619995.408004,38.34279270936591,414.53985184866275,-433.31726179410754,0.08209236553013297,0.024601933886210566,0.17537027994791668,0.18514811197916667
1787619995.42415,38.42484535388288,414.5645859457709,-433.22499758898164,0.08205264451697056,0.024734097108152928,0.17537027994791668,0.18514811197916667
1787619995.441182,38.5068580642756,414.58945214186775,-433.1327333838346,0.08201271039271908,0.02486619609684792,0.17537027994791668,0.18514811197916667
1787619995.457192,38.588830627587576,414.6144503723913,-433.0404691786695,0.08197256331198191,0.024998230523531423,0.17537027994791668,0.18514811197916667
1787619995.478257,38.67076283100982,414.6395805724489,-432.94820497348917,0.08193220342223811,0.025130200057608992,0.17537027994791668,0.18514811197916667
1787619995.490647,38.75265446187481,414.66484267681585,-432.8559407682958,0.08189163086499654,0.025262104366946016,0.17537027994791668,0.18514811197916667
1787619995.507634,38.83450530765159,414.69023661993396,-432.7636765630914,0.08185084577677601,0.025393943118115738,0.17537027994791668,0.18514811197916667
1787619995.5246751,38.916315155941525,414.71576233591054,-432.6714123578776,0.08180984828993813,0.02552571597661205,0.17537027994791668,0.18514811197916667
1787619995.541674,38.99808379447492,414.74141975851757,-432.5791481526558,0.08176863853339496,0.025657422607031216,0.17537027994791668,0.18514811197916667
1787619995.5587661,39.079811011108134,414.7672088211908,-432.48688394742726,0.08172721663321028,0.025789062673227295,0.17537027994791668,0.18514811197916667
1787619995.575927,39.16149659382125,414.79312945702924,-432.3946197421929,0.08168558271311013,0.02592063583844576,0.17537027994791668,0.18514811197916667
1787619995.593313,39.243140330716166,414.81918159879467,-432.30235553695366,0.08164373689491695,0.026052141765437364,0.17537027994791668,0.18514811197916667
1787619995.610077,39.324742010015086,414.8453651789112,-432.21009133171026,0.08160167929891814,0.026183580116556013,0.17537027994791668,0.18514811197916667
1787619995.6276422,39.406301420059265,414.87168012946506,-432.1178271264633,0.08155941004417894,0.026314950553842625,0.17537027994791668,0.18514811197916667
1787619995.644437,39.48781834930807,414.89812638220417,-432.0255629212133,0.08151692924880898,0.026446252739096433,0.17537027994791668,0.18514811197916667
1787619995.6611981,39.56929258633826,414.92470386853813,-431.93329871596075,0.08147423703018777,0.026577486333936813,0.17537027994791668,0.18514811197916667
1787619995.678092,39.650723919843415,414.951412519538,-431.84103451070604,0.08143133350515702,0.026708650999855567,0.17537027994791668,0.18514811197916667
1787619995.695028,39.732112138633596,414.97825226593625,-431.7487703054495,0.08138821879018338,0.026839746398262723,0.17537027994791668,0.18514811197916667
1787619995.711809,39.813457031635096,415.00522303812676,-431.6565061001914,0.08134489300149712,0.02697077219052466,0.17537027994791668,0.18514811197916667
1787619995.729724,39.894758387890306,415.0323247661648,-431.5642418949319,0.0813013562552097,0.027101728037997635,0.17537027994791668,0.18514811197916667
1787619995.747093,39.97601599655772,415.05955737976683,-431.4719776896713,0.08125760866741366,0.02723261360205641,0.17537027994791668,0.18514811197916667
1787619995.763551,40.057229646911985,415.08692080831094,-431.3797134844097,0.08121365035426736,0.0273634285441186,0.17537027994791668,0.18514811197916667
1787619995.781037,40.138399128344055,415.1144149808366,-431.2874492791473,0.0811694814320672,0.02749417252566594,0.17537027994791668,0.18514811197916667
1787619995.797916,40.219524230361365,415.1420398260449,-431.19518507388426,0.08112510201730852,0.027624845208262368,0.17537027994791668,0.18514811197916667
1787619995.814881,40.300604742588106,415.1697952722985,-431.1029208686206,0.08108051222673757,0.027755446253569856,0.17537027994791668,0.18514811197916667
1787619995.831774,40.3816404547655,415.19768124762186,-431.0106566633564,0.08103571217739566,0.02788597532336175,0.17537027994791668,0.18514811197916667
1787619995.848724,40.46263115675216,415.2256976797014,-430.9183924580918,0.08099070198665652,0.028016432079534463,0.17537027994791668,0.18514811197916667
1787619995.8649879,40.54357663852442,415.2538444958855,-430.8261282528268,0.08094548177225783,0.028146816184117813,0.17537027994791668,0.18514811197916667
1787619995.882238,40.62447669017675,415.2821216231848,-430.7338640475615,0.08090005165232833,0.028277127299283413,0.17537027994791668,0.18514811197916667
1787619995.8997052,40.70533110192216,415.31052898827215,-430.64159984229593,0.0808544117454106,0.028407365087352608,0.17537027994791668,0.18514811197916667
1787619995.916202,40.786139664092644,415.33906651748293,-430.54933563703014,0.08080856217048023,0.028537529210803,0.17537027994791668,0.18514811197916667
1787619995.932127,40.86690216713961,415.3677341368152,-430.4570714317642,0.08076250304696231,0.028667619332274304,0.17537027994791668,0.18514811197916667
1787619995.948555,40.94761840163435,415.3965317719298,-430.36480722649804,0.08071623449474524,0.028797635114573415,0.17537027994791668,0.18514811197916667
1787619995.965187,41.028288158268545,415.42545934815047,-430.2725430212318,0.08066975663419265,0.028927576220678656,0.17537027994791668,0.18514811197916667
1787619995.9822211,41.1089112278547,415.4545167904642,-430.18027881596544,0.08062306958615292,0.029057442313744263,0.17537027994791668,0.18514811197916667
1787619995.999159,41.189487401326666,415.4837040235213,-430.08801461069896,0.08057617347196801,0.029187233057103374,0.17537027994791668,0.18514811197916667
1787619996.015997,41.27001646974015,415.51302097163557,-429.99575040543243,0.08052906841348018,0.029316948114271324,0.17537027994791668,0.18514811197916667
1787619996.032796,41.35049822427319,415.5424675587845,-429.9034862001658,0.08048175453303807,0.029446587148948572,0.17537027994791668,0.18514811197916667
1787619996.050627,41.43093245622669,415.5720437086095,-429.8112219948991,0.08043423195350183,0.029576149825023056,0.17537027994791668,0.18514811197916667
1787619996.0679512,41.51131895702494,415.6017493444161,-429.7189577896323,0.08038650079824716,0.029705635806572324,0.17537027994791668,0.18514811197916667
1787619996.08429,41.59165751821611,415.63158438917395,-429.62669358436557,0.0803385611911689,0.02983504475786602,0.17537027994791668,0.18514811197916667
1787619996.101512,41.67194793147279,415.6615487655173,-429.53442937909875,0.08029041325668396,0.029964376343367446,0.17537027994791668,0.18514811197916667
1787619996.118697,41.75218998859253,415.691642395745,-429.4421651738319,0.08024205711973383,0.030093630227735355,0.17537027994791668,0.18514811197916667
1787619996.136571,41.83238348149831,415.72186520182083,-429.349900968565,0.0801934929057865,0.030222806075825715,0.17537027994791668,0.18514811197916667
1787619996.15283,41.91252820223915,415.7522171053735,-429.2576367632981,0.0801447207408383,0.030351903552693085,0.17537027994791668,0.18514811197916667
1787619996.178357,41.99262394299057,415.7826980276971,-429.16537255803115,0.08009574075141511,0.03048092232359194,0.17537027994791668,0.18514811197916667
1787619996.185944,42.072670496055146,415.81330788975106,-429.0731083527642,0.08004655306457364,0.03060986205397824,0.17537027994791668,0.18514811197916667
1787619996.202624,42.15266765386305,415.8440466121606,-428.9808441474973,0.0799971578079022,0.030738722409510533,0.17537027994791668,0.18514811197916667
1787619996.220447,42.23261520897257,415.87491411521665,-428.8885799422303,0.07994755510952142,0.03086750305605132,0.17537027994791668,0.18514811197916667
1787619996.2368052,42.312512954070655,415.9059103188763,-428.7963157369633,0.0798977450980849,0.030996203659667904,0.17537027994791668,0.18514811197916667
1787619996.2536662,42.392360681973436,415.9370351427629,-428.70405153169634,0.07984772790277953,0.031124823886633818,0.17537027994791668,0.18514811197916667
1787619996.270696,42.47215818562676,415.96828850616635,-428.61178732642935,0.07979750365332583,0.031253363403429726,0.17537027994791668,0.18514811197916667
1787619996.287897,42.551905258106736,415.99967032804307,-428.51952312116236,0.07974707247997827,0.03138182187674459,0.17537027994791668,0.18514811197916667
1787619996.305378,42.63160169262026,416.03118052701655,-428.4272589158954,0.07969643451352512,0.03151019897347658,0.17537027994791668,0.18514811197916667
1787619996.321572,42.711247282505546,416.06281902137727,-428.3349947106284,0.07964558988528886,0.03163849436073412,0.17537027994791668,0.18514811197916667
1787619996.338471,42.790841821232675,416.0945857290831,-428.2427305053614,0.07959453872712581,0.03176670770583687,0.17537027994791668,0.18514811197916667
1787619996.355382,42.8703851024041,416.1264805677594,-428.1504663000944,0.07954328117142637,0.03189483867631665,0.17537027994791668,0.18514811197916667
1787619996.372839,42.94987691975521,416.1585034546993,-428.0582020948274,0.07949181735111466,0.032022886939918484,0.17537027994791668,0.18514811197916667
1787619996.389642,43.029317067154864,416.1906543068639,-427.96593788956034,0.07944014739964868,0.03215085216460133,0.17537027994791668,0.18514811197916667
1787619996.4065611,43.10870533860589,416.2229330408824,-427.8736736842933,0.07938827145101984,0.03227873401853926,0.17537027994791668,0.18514811197916667
1787619996.424084,43.18804152824564,416.25533957305254,-427.78140947902625,0.079336189639753,0.03240653217012199,0.17537027994791668,0.18514811197916667
1787619996.4408488,43.267325430346546,416.2878738193405,-427.6891452737592,0.07928390210090606,0.03253424628795629,0.17537027994791668,0.18514811197916667
1787619996.458393,43.34655683931661,416.3205356953814,-427.59688106849217,0.07923140897006978,0.03266187604086652,0.17537027994791668,0.18514811197916667
1787619996.4744189,43.42573554969998,416.3533251164793,-427.5046168632251,0.07917871038336763,0.032789421097895635,0.17537027994791668,0.18514811197916667
1787619996.4915001,43.504861356177436,416.3862419976076,-427.4123526579581,0.07912580647745525,0.032916881128306055,0.17537027994791668,0.18514811197916667
1787619996.5086122,43.583934053566956,416.4192862534092,-427.32008845269104,0.07907269738952048,0.03304425580158053,0.17537027994791668,0.18514811197916667
1787619996.5257752,43.66295343682424,416.45245779819663,-427.227824247424,0.07901938325728286,0.03317154478742315,0.17537027994791668,0.18514811197916667
1787619996.542858,43.74191930104323,416.48575654595237,-427.13556004215695,0.07896586421899335,0.03329874775575984,0.17537027994791668,0.18514811197916667
1787619996.5601568,43.82083144145667,416.5191824103291,-427.0432958368899,0.07891214041343408,0.03342586437673974,0.17537027994791668,0.18514811197916667
1787619996.576701,43.89968965343659,416.55273530464984,-426.95103163162287,0.0788582119799179,0.03355289432073574,0.17537027994791668,0.18514811197916667
1787619996.593763,43.978493732494876,416.58641514190816,-426.8587674263558,0.07880407905828812,0.033679837258345426,0.17537027994791668,0.18514811197916667
1787619996.610621,44.057243474283794,416.62022183476853,-426.7665032210888,0.07874974178891823,0.033806692860391965,0.17537027994791668,0.18514811197916667
1787619996.6274319,44.1359386745965,416.65415529556645,-426.67423901582174,0.07869520031271145,0.033933460797925016,0.17537027994791668,0.18514811197916667
1787619996.644717,44.2145791293676,416.68821543630867,-426.5819748105547,0.07864045477110053,0.0340601407422213,0.17537027994791668,0.18514811197916667
1787619996.66112,44.293164634673644,416.72240216867345,-426.48971060528766,0.07858550530604716,0.03418673236478592,0.17537027994791668,0.18514811197916667
1787619996.678846,44.37169498673369,416.75671540401083,-426.3974464000206,0.07853035206004182,0.03431323533735287,0.17537027994791668,0.18514811197916667
1787619996.695094,44.45016998190979,416.7911550533427,-426.30518219475357,0.07847499517610336,0.03443964933188603,0.17537027994791668,0.18514811197916667
1787619996.7119622,44.52858941670757,416.8257210273633,-426.2129179894865,0.07841943479777862,0.03456597402057998,0.17537027994791668,0.18514811197916667
1787619996.729573,44.60695308777671,416.8604132364391,-426.1206537842195,0.0783636710691421,0.03469220907586086,0.17537027994791668,0.18514811197916667
1787619996.746212,44.6852607919115,416.8952315906095,-426.02838957895244,0.07830770413479554,0.03481835417038732,0.17537027994791668,0.18514811197916667
1787619996.76274,44.76351232605137,416.93017599958654,-425.9361253736854,0.07825153413986763,0.034944408977051006,0.17537027994791668,0.18514811197916667
1787619996.7803001,44.84170748728138,416.96524637275553,-425.84386116841836,0.07819516123001352,0.035070373168977945,0.17537027994791668,0.18514811197916667
1787619996.796957,44.9198460728328,417.00044261917503,-425.7515969631513,0.0781385855514146,0.03519624641952904,0.17537027994791668,0.18514811197916667
1787619996.8155599,44.99792788008357,417.0357646475773,-425.6593327578843,0.078081807250778,0.035322028402301,0.17537027994791668,0.18514811197916667
1787619996.922653,45.07595270655891,417.07121236636846,-425.56706855261723,0.07802482647533625,0.03544771879112723,0.17537027994791668,0.18514811197916667
