timestamp,x,y,heading,velocity_x,velocity_y,steering_input,throttle_input
1787620252.477518,400.0,300.0,0.0,-0.0,0.0,0.00037434895833333287,-0.0003519694010416675
1787620252.493897,400.0,300.0,0.0,-0.0,0.0,0.00037434895833333287,-0.0003519694010416675
1787620252.5109031,400.0,300.0,0.0,-0.0,0.0,0.00037434895833333287,-0.0003519694010416675
1787620252.5278988,400.0,300.0,0.0,-0.0,0.0,0.00037434895833333287,-0.0003519694010416675
1787620252.544066,400.0,300.0,0.0,-0.0,0.0,0.00037434895833333287,-0.0003519694010416675
1787620252.56098,400.0,300.0,0.0,-0.0,0.0,0.00037434895833333287,-0.0003519694010416675
1787620252.577936,400.0,300.0,0.0,-0.0,0.0,0.00037434895833333287,-0.0003519694010416675
1787620252.5947,400.0,300.0,0.0,-0.0,0.0,0.00037434895833333287,-0.0003519694010416675
1787620252.6120498,400.0,300.0,0.0,-0.0,0.0,0.00037434895833333287,-0.0003519694010416675
1787620252.629376,400.0,300.0,0.0,-0.0,0.0,0.00037434895833333287,-0.0003519694010416675
1787620252.64628,400.0,300.0,0.0,-0.0,0.0,0.00037434895833333287,-0.0003519694010416675
1787620252.663126,400.0,300.0,0.0,-0.0,0.0,0.00037434895833333287,-0.0003519694010416675
1787620252.6799848,400.0,300.0,0.0,-0.0,0.0,0.00037434895833333287,-0.0003519694010416675
1787620252.696861,400.0,300.0,0.0,-0.0,0.0,0.00037434895833333287,-0.0003519694010416675
1787620252.713768,400.0,300.0,0.0,-0.0,0.0,0.00037434895833333287,-0.0003519694010416675
1787620252.730788,400.0,300.0,0.0,-0.0,0.0,0.00037434895833333287,-0.0003519694010416675
1787620252.747624,400.0,300.0,0.0,-0.0,0.0,0.00037434895833333287,-0.0003519694010416675
1787620252.765463,400.0,300.0,0.0,-0.0,0.0,0.00037434895833333287,-0.0003519694010416675
1787620252.782303,400.0,300.0,0.0,-0.0,0.0,0.00037434895833333287,-0.0003519694010416675
1787620252.79918,400.0,300.0,0.0,-0.0,0.0,0.00037434895833333287,-0.0003519694010416675
1787620252.815745,400.0,300.0,0.0,-0.0,0.0,0.00037434895833333287,-0.0003519694010416675
1787620252.832864,400.0,300.0,0.0,-0.0,0.0,0.00037434895833333287,-0.0003519694010416675
1787620252.849643,400.0,300.0,0.0,-0.0,0.0,0.00037434895833333287,-0.0003519694010416675
1787620252.867352,400.0,300.0,0.0,-0.0,0.0,0.00037434895833333287,-0.0003519694010416675
1787620252.884128,400.0,300.0,0.0,-0.0,0.0,0.00037434895833333287,-0.0003519694010416675
1787620252.9005718,400.0,300.0,0.0,-0.0,0.0,0.00037434895833333287,-0.0003519694010416675
1787620252.917323,400.0,300.0,0.0,-0.0,0.0,0.00037434895833333287,-0.0003519694010416675
1787620252.933828,400.0,300.0,0.0,-0.0,0.0,0.00037434895833333287,-0.0003519694010416675
1787620252.951234,400.0,300.0,0.0,-0.0,0.0,0.00037434895833333287,-0.0003519694010416675
1787620252.968106,400.0,300.0,0.0,-0.0,0.0,0.00037434895833333287,-0.0003519694010416675
1787620252.984022,400.0,300.0,0.0,-0.0,0.0,0.00037434895833333287,-0.0003519694010416675
1787620253.000903,400.0,300.0,0.0,-0.0,0.0,0.00037434895833333287,-0.0003519694010416675
1787620253.0178702,400.0,300.0,0.0,-0.0,0.0,0.00037434895833333287,-0.0003519694010416675
1787620253.034724,400.0,300.0,0.0,-0.0,0.0,0.00037434895833333287,-0.0003519694010416675
1787620253.051739,400.0,300.0,0.0,-0.0,0.0,0.00037434895833333287,-0.0003519694010416675
1787620253.068615,400.0,300.0,0.0,-0.0,0.0,0.00037434895833333287,-0.0003519694010416675
1787620253.086443,400.0,300.0,0.0,-0.0,0.0,0.00037434895833333287,-0.0003519694010416675
1787620253.102866,400.0,300.0,0.0,-0.0,0.0,0.00037434895833333287,-0.0003519694010416675
1787620253.120003,400.0,300.0,0.0,-0.0,0.0,0.00037434895833333287,-0.0003519694010416675
1787620253.136585,400.0,300.0,0.0,-0.0,0.0,0.00037434895833333287,-0.0003519694010416675
1787620253.154266,400.0,300.0,0.0,-0.0,0.0,0.00037434895833333287,-0.0003519694010416675
1787620253.171124,400.0,300.0,0.0,-0.0,0.0,0.00037434895833333287,-0.0003519694010416675
1787620253.187583,400.0,300.0,0.0,-0.0,0.0,0.00037434895833333287,-0.0003519694010416675
1787620253.205081,400.0,300.0,0.0,-0.0,0.0,0.00037434895833333287,-0.0003519694010416675
1787620253.221741,400.0,300.0,0.0,-0.0,0.0,0.00037434895833333287,-0.0003519694010416675
1787620253.2392871,400.0,300.0,0.0,-0.0,0.0,0.00037434895833333287,-0.0003519694010416675
1787620253.256112,400.0,300.0,0.0,-0.0,0.0,0.00037434895833333287,-0.0003519694010416675
1787620253.2728179,400.0,300.0,0.0,-0.0,0.0,0.00037434895833333287,-0.0003519694010416675
1787620253.289552,400.0,300.0,0.0,-0.0,0.0,0.00037434895833333287,-0.0003519694010416675
1787620253.307487,400.0,300.0,0.0,-0.0,0.0,0.00037434895833333287,-0.0003519694010416675
1787620253.324393,400.0,300.0,0.0,-0.0,0.0,0.00037434895833333287,-0.0003519694010416675
1787620253.341107,400.0,300.0,0.0,-0.0,0.0,0.00037434895833333287,-0.0003519694010416675
1787620253.358012,400.0,300.0,0.0,-0.0,0.0,0.00037434895833333287,-0.0003519694010416675
1787620253.374686,400.0,300.0,0.0,-0.0,0.0,0.00037434895833333287,-0.0003519694010416675
1787620253.391531,400.0,300.0,0.0,-0.0,0.0,0.00037434895833333287,-0.0003519694010416675
1787620253.4093251,400.0,300.0,0.0,-0.0,0.0,0.00037434895833333287,-0.0003519694010416675
1787620253.426352,400.0,300.0,0.0,-0.0,0.0,0.00037434895833333287,-0.0003519694010416675
1787620253.4431412,400.0,300.0,0.0,-0.0,0.0,0.00037434895833333287,-0.0003519694010416675
1787620253.4599721,400.0,300.0,0.0,-0.0,0.0,0.00037434895833333287,-0.0003519694010416675
1787620253.4767559,400.0,300.0,0.0,-0.0,0.0,0.00037434895833333287,-0.0003519694010416675
1787620253.493588,400.0,300.0,0.0,-0.0,0.0,0.00037434895833333287,-0.0003519694010416675
1787620253.5114298,400.0,300.0,0.0,-0.0,0.0,0.00037434895833333287,-0.0003519694010416675
1787620253.52832,400.0,300.0,0.0,-0.0,0.0,0.00037434895833333287,-0.0003519694010416675
1787620253.5453608,400.0,300.0,0.0,-0.0,0.0,0.00037434895833333287,-0.0003519694010416675
1787620253.5624928,400.0,300.0,0.0,-0.0,0.0,0.00037434895833333287,-0.0003519694010416675
1787620253.5786371,400.0,300.0,0.0,-0.0,0.0,0.00037434895833333287,-0.0003519694010416675
1787620253.595758,400.0,300.0,0.0,-0.0,0.0,0.00037434895833333287,-0.0003519694010416675
1787620253.612503,400.0,300.0,0.0,-0.0,0.0,0.00037434895833333287,-0.0003519694010416675
1787620253.6300411,400.0,300.0,0.0,-0.0,0.0,0.00037434895833333287,-0.0003519694010416675
1787620253.64657,400.0,300.0,0.0,-0.0,0.0,0.00037434895833333287,-0.0003519694010416675
1787620253.663981,400.0,300.0,0.0,-0.0,0.0,0.00037434895833333287,-0.0003519694010416675
1787620253.6804621,400.0,300.0,0.0,-0.0,0.0,0.00037434895833333287,-0.0003519694010416675
1787620253.697931,400.0,300.0,0.0,-0.0,0.0,0.00037434895833333287,-0.0003519694010416675
1787620253.713619,400.0,300.0,0.0,-0.0,0.0,0.00037434895833333287,-0.0003519694010416675
1787620253.731123,400.0,300.0,0.0,-0.0,0.0,0.00037434895833333287,-0.0003519694010416675
1787620253.74766,400.0,300.0,0.0,-0.0,0.0,0.00037434895833333287,-0.0003519694010416675
1787620253.765413,400.0,300.0,0.0,-0.0,0.0,0.00037434895833333287,-0.0003519694010416675
1787620253.781369,400.0,300.0,0.0,-0.0,0.0,0.00037434895833333287,-0.0003519694010416675
1787620253.7979121,400.0,300.0,0.0,-0.0,0.0,0.00037434895833333287,-0.0003519694010416675
1787620253.81549,400.0,300.0,0.0,-0.0,0.0,0.00037434895833333287,-0.0003519694010416675
1787620253.8334131,400.0,300.0,0.0,-0.0,0.0,0.00037434895833333287,-0.0003519694010416675
1787620253.850355,400.0,300.0,0.0,-0.0,0.0,0.00037434895833333287,-0.0003519694010416675
1787620253.8672378,400.0,300.0,0.0,-0.0,0.0,0.00037434895833333287,-0.0003519694010416675
1787620253.884058,400.0,300.0,0.0,-0.0,0.0,0.00037434895833333287,-0.0003519694010416675
1787620253.900893,400.0,300.0,0.0,-0.0,0.0,0.00037434895833333287,-0.0003519694010416675
1787620253.9173398,400.0,300.0,0.0,-0.0,0.0,0.00037434895833333287,-0.0003519694010416675
1787620253.9340968,400.0,300.0,0.0,-0.0,0.0,0.00037434895833333287,-0.0003519694010416675
1787620253.950855,400.0,300.0,0.0,-0.0,0.0,0.00037434895833333287,-0.0003519694010416675
1787620253.967699,400.0,300.0,0.0,-0.0,0.0,0.00037434895833333287,-0.0003519694010416675
1787620253.984023,400.0,300.0,0.0,-0.0,0.0,0.00037434895833333287,-0.0003519694010416675
1787620254.0011399,400.0,300.0,0.0,-0.0,0.0,0.00037434895833333287,-0.0003519694010416675
1787620254.018411,400.0,300.0,0.0,-0.0,0.0,0.00037434895833333287,-0.0003519694010416675
1787620254.035276,400.0,300.0,0.0,-0.0,0.0,0.00037434895833333287,-0.0003519694010416675
1787620254.0520298,400.0,300.0,0.0,-0.0,0.0,0.00037434895833333287,-0.0003519694010416675
1787620254.068814,400.0,300.0,0.0,-0.0,0.0,0.00037434895833333287,-0.0003519694010416675
1787620254.0858781,400.0,300.0,0.0,-0.0,0.0,0.00037434895833333287,-0.0003519694010416675
1787620254.1026618,400.0,300.0,0.0,-0.0,0.0,0.00037434895833333287,-0.0003519694010416675
1787620254.120484,400.0,300.0,0.0,-0.0,0.0,0.00037434895833333287,-0.0003519694010416675
1787620254.138319,400.0,300.0,0.0,-0.0,0.0,0.00037434895833333287,-0.0003519694010416675
1787620254.15523,400.0,300.0,0.0,-0.0,0.0,0.00037434895833333287,-0.0003519694010416675
1787620254.172102,400.0,300.0,0.0,-0.0,0.0,0.00037434895833333287,-0.0003519694010416675
1787620254.18897,400.0,300.0,0.0,-0.0,0.0,0.00037434895833333287,-0.0003519694010416675
1787620254.2058182,400.0,300.0,0.0,-0.0,0.0,0.00037434895833333287,-0.0003519694010416675
1787620254.222733,400.0,300.0,0.0,-0.0,0.0,0.00037434895833333287,-0.0003519694010416675
1787620254.2396128,400.0,300.0,0.0,-0.0,0.0,0.00037434895833333287,-0.0003519694010416675
1787620254.2566159,400.0,300.0,0.0,-0.0,0.0,0.00037434895833333287,-0.0003519694010416675
1787620254.2744162,400.0,300.0,0.0,-0.0,0.0,0.00037434895833333287,-0.0003519694010416675
1787620254.291175,400.0,300.0,0.0,-0.0,0.0,0.00037434895833333287,-0.0003519694010416675
1787620254.30796,400.0,300.0,0.0,-0.0,0.0,0.00037434895833333287,-0.0003519694010416675
1787620254.324876,400.0,300.0,0.0,-0.0,0.0,0.00037434895833333287,-0.0003519694010416675
1787620254.341963,400.0,300.0,0.0,-0.0,0.0,0.00037434895833333287,-0.0003519694010416675
1787620254.358903,400.0,300.0,0.0,-0.0,0.0,0.00037434895833333287,-0.0003519694010416675
1787620254.37609,400.0,300.0,0.0,-0.0,0.0,0.00037434895833333287,-0.0003519694010416675
1787620254.393028,400.0,300.0,0.0,-0.0,0.0,0.00037434895833333287,-0.0003519694010416675
1787620254.4099221,400.0,300.0,0.0,-0.0,0.0,0.00037434895833333287,-0.0003519694010416675
1787620254.426902,400.0,300.0,0.0,-0.0,0.0,0.00037434895833333287,-0.0003519694010416675
1787620254.4438689,400.0,300.0,0.0,-0.0,0.0,0.00037434895833333287,-0.0003519694010416675
1787620254.460762,400.0,300.0,0.0,-0.0,0.0,0.00037434895833333287,-0.0003519694010416675
1787620254.4776409,400.0,300.0,0.0,-0.0,0.0,0.00037434895833333287,-0.0003519694010416675
1787620254.495455,400.0,300.0,0.0,-0.0,0.0,0.00037434895833333287,-0.0003519694010416675
1787620254.512317,400.0,300.0,0.0,-0.0,0.0,0.00037434895833333287,-0.0003519694010416675
1787620254.52923,400.0,300.0,0.0,-0.0,0.0,0.00037434895833333287,-0.0003519694010416675
1787620254.545792,400.0,300.0,0.0,-0.0,0.0,0.00037434895833333287,-0.0003519694010416675
1787620254.5626829,400.0,300.0,0.0,-0.0,0.0,0.00037434895833333287,-0.0003519694010416675
1787620254.57954,400.0,300.0,0.0,-0.0,0.0,0.00037434895833333287,-0.0003519694010416675
1787620254.597352,400.0,300.0,0.0,-0.0,0.0,0.00037434895833333287,-0.0003519694010416675
1787620254.613358,400.0,300.0,0.0,-0.0,0.0,0.00037434895833333287,-0.0003519694010416675
1787620254.630529,400.0,300.0,0.0,-0.0,0.0,0.00037434895833333287,-0.0003519694010416675
1787620254.6483352,400.0,300.0,0.0,-0.0,0.0,0.00037434895833333287,-0.0003519694010416675
1787620254.665171,400.0,300.0,0.0,-0.0,0.0,0.00037434895833333287,-0.0003519694010416675
1787620254.681995,400.0,300.0,0.0,-0.0,0.0,0.00037434895833333287,-0.0003519694010416675
1787620254.698703,400.0,300.0,0.0,-0.0,0.0,0.00037434895833333287,-0.0003519694010416675
1787620254.715658,400.0,300.0,0.0,-0.0,0.0,0.00037434895833333287,-0.0003519694010416675
1787620254.732586,400.0,300.0,0.0,-0.0,0.0,0.00037434895833333287,-0.0003519694010416675
1787620254.7505019,400.0,300.0,0.0,-0.0,0.0,0.00037434895833333287,-0.0003519694010416675
1787620254.768446,400.0,300.0,0.0,-0.0,0.0,0.00037434895833333287,-0.0003519694010416675
1787620254.785219,400.0,300.0,0.0,-0.0,0.0,0.00037434895833333287,-0.0003519694010416675
1787620254.801991,400.0,300.0,0.0,-0.0,0.0,0.00037434895833333287,-0.0003519694010416675
1787620254.818707,400.0,300.0,0.0,-0.0,0.0,0.00037434895833333287,-0.0003519694010416675
1787620254.835535,400.0,300.0,0.0,-0.0,0.0,0.00037434895833333287,-0.0003519694010416675
1787620254.853293,400.0,300.0,0.0,-0.0,0.0,0.00037434895833333287,-0.0003519694010416675
1787620254.869341,400.0,300.0,0.0,-0.0,0.0,0.00037434895833333287,-0.0003519694010416675
1787620254.8863301,400.0,300.0,0.0,-0.0,0.0,0.00037434895833333287,-0.0003519694010416675
1787620254.903265,400.0,300.0,0.0,-0.0,0.0,0.00037434895833333287,-0.0003519694010416675
1787620254.920044,400.0,300.0,0.0,-0.0,0.0,0.00037434895833333287,-0.0003519694010416675
1787620254.936776,400.0,300.0,0.0,-0.0,0.0,0.00037434895833333287,-0.0003519694010416675
1787620254.953537,400.0,300.0,0.0,-0.0,0.0,0.00037434895833333287,-0.0003519694010416675
1787620254.971329,400.0,300.0,0.0,-0.0,0.0,0.00037434895833333287,-0.0003519694010416675
1787620254.9880672,400.0,300.0,0.0,-0.0,0.0,0.00037434895833333287,-0.0003519694010416675
1787620255.004479,400.0,300.0,0.0,-0.0,0.0,0.00037434895833333287,-0.0003519694010416675
1787620255.021107,400.0,300.0,0.0,-0.0,0.0,0.00037434895833333287,-0.0003519694010416675
1787620255.037982,400.0,300.0,0.0,-0.0,0.0,0.00037434895833333287,-0.0003519694010416675
1787620255.0547369,400.0,300.0,0.0,-0.0,0.0,0.00037434895833333287,-0.0003519694010416675
1787620255.07108,400.0,300.0,0.0,-0.0,0.0,0.00037434895833333287,-0.0003519694010416675
1787620255.088484,400.0,300.0,0.0,-0.0,0.0,0.00037434895833333287,-0.0003519694010416675
1787620255.1047418,400.0,300.0,0.0,-0.0,0.0,0.00037434895833333287,-0.0003519694010416675
1787620255.121875,400.0,300.0,0.0,-0.0,0.0,0.00037434895833333287,-0.0003519694010416675
1787620255.139182,400.0,300.0,0.0,-0.0,0.0,0.00037434895833333287,-0.0003519694010416675
1787620255.15646,400.0,300.0,0.0,-0.0,0.0,0.00037434895833333287,-0.0003519694010416675
1787620255.172853,400.0,300.0,0.0,-0.0,0.0,0.00037434895833333287,-0.0003519694010416675
1787620255.1895099,400.0,300.0,0.0,-0.0,0.0,0.00037434895833333287,-0.0003519694010416675
1787620255.205962,400.0,300.0,0.0,-0.0,0.0,0.00037434895833333287,-0.0003519694010416675
1787620255.223068,400.0,300.0,0.0,-0.0,0.0,0.00037434895833333287,-0.0003519694010416675
1787620255.240235,400.0,300.0,0.0,-0.0,0.0,0.00037434895833333287,-0.0003519694010416675
1787620255.25739,400.0,300.0,0.0,-0.0,0.0,0.00037434895833333287,-0.0003519694010416675
1787620255.273804,400.0,300.0,0.0,-0.0,0.0,0.00037434895833333287,-0.0003519694010416675
1787620255.2911239,400.0,300.0,0.0,-0.0,0.0,0.00037434895833333287,-0.0003519694010416675
1787620255.308115,400.0,300.0,0.0,-0.0,0.0,0.00037434895833333287,-0.0003519694010416675
1787620255.325058,400.0,300.0,0.0,-0.0,0.0,0.00037434895833333287,-0.0003519694010416675
1787620255.3418791,400.0,300.0,0.0,-0.0,0.0,0.00037434895833333287,-0.0003519694010416675
1787620255.358788,400.0,300.0,0.0,-0.0,0.0,0.00037434895833333287,-0.0003519694010416675
1787620255.3757,400.0,300.0,0.0,-0.0,0.0,0.00037434895833333287,-0.0003519694010416675
1787620255.392583,400.0,300.0,0.0,-0.0,0.0,0.00037434895833333287,-0.0003519694010416675
1787620255.4104772,400.0,300.0,0.0,-0.0,0.0,0.00037434895833333287,-0.0003519694010416675
1787620255.428292,400.0,300.0,0.0,-0.0,0.0,0.00037434895833333287,-0.0003519694010416675
1787620255.4450839,400.0,300.0,0.0,-0.0,0.0,0.00037434895833333287,-0.0003519694010416675
1787620255.462101,400.0,300.0,0.0,-0.0,0.0,0.00037434895833333287,-0.0003519694010416675
1787620255.478955,400.0,300.0,0.0,-0.0,0.0,0.00037434895833333287,-0.0003519694010416675
1787620255.495852,400.0,300.0,0.0,-0.0,0.0,0.00037434895833333287,-0.0003519694010416675
1787620255.512684,400.0,300.0,0.0,-0.0,0.0,0.00037434895833333287,-0.0003519694010416675
1787620255.5297122,400.0,300.0,0.0,-0.0,0.0,0.00037434895833333287,-0.0003519694010416675
1787620255.546889,400.0,300.0,0.0,-0.0,0.0,0.00037434895833333287,-0.0003519694010416675
1787620255.564379,400.0,300.0,0.0,-0.0,0.0,0.00037434895833333287,-0.0003519694010416675
1787620255.581229,400.0,300.0,0.0,-0.0,0.0,0.00037434895833333287,-0.0003519694010416675
1787620255.598162,400.0,300.0,0.0,-0.0,0.0,0.00037434895833333287,-0.0003519694010416675
1787620255.614749,400.0,300.0,0.0,-0.0,0.0,0.00037434895833333287,-0.0003519694010416675
1787620255.632277,400.0,300.0,0.0,-0.0,0.0,0.00037434895833333287,-0.0003519694010416675
1787620255.648741,400.0,300.0,0.0,-0.0,0.0,0.00037434895833333287,-0.0003519694010416675
1787620255.666139,400.0,300.0,0.0,-0.0,0.0,0.00037434895833333287,-0.0003519694010416675
1787620255.682633,400.0,300.0,0.0,-0.0,0.0,0.00037434895833333287,-0.0003519694010416675
1787620255.70013,400.0,300.0,0.0,-0.0,0.0,0.00037434895833333287,-0.0003519694010416675
1787620255.716629,400.0,300.0,0.0,-0.0,0.0,0.00037434895833333287,-0.0003519694010416675
1787620255.734188,400.0,300.0,0.0,-0.0,0.0,0.00037434895833333287,-0.0003519694010416675
1787620255.7509172,400.0,300.0,0.0,-0.0,0.0,0.00037434895833333287,-0.0003519694010416675
1787620255.7681239,400.0,300.0,0.0,-0.0,0.0,0.00037434895833333287,-0.0003519694010416675
1787620255.7846332,400.0,300.0,0.0,-0.0,0.0,0.00037434895833333287,-0.0003519694010416675
1787620255.802124,400.0,300.0,0.0,-0.0,0.0,0.00037434895833333287,-0.0003519694010416675
1787620255.818701,400.0,300.0,0.0,-0.0,0.0,0.00037434895833333287,-0.0003519694010416675
1787620255.8357959,400.0,300.0,0.0,-0.0,0.0,0.00037434895833333287,-0.0003519694010416675
1787620255.852741,400.0,300.0,0.0,-0.0,0.0,0.00037434895833333287,-0.0003519694010416675
1787620255.870469,400.0,300.0,0.0,-0.0,0.0,0.00037434895833333287,-0.0003519694010416675
1787620255.8866172,400.0,300.0,0.0,-0.0,0.0,0.00037434895833333287,-0.0003519694010416675
1787620255.9035468,400.0,300.0,0.0,-0.0,0.0,0.00037434895833333287,-0.0003519694010416675
1787620255.920555,400.0,300.0,0.0,-0.0,0.0,0.00037434895833333287,-0.0003519694010416675
1787620255.937797,400.0,300.0,0.0,-0.0,0.0,0.00037434895833333287,-0.0003519694010416675
1787620255.953769,400.0,300.0,0.0,-0.0,0.0,0.00037434895833333287,-0.0003519694010416675
1787620255.970575,400.0,300.0,0.0,-0.0,0.0,0.00037434895833333287,-0.0003519694010416675
1787620255.987803,400.0,300.0,0.0,-0.0,0.0,0.00037434895833333287,-0.0003519694010416675
1787620256.0047581,400.0,300.0,0.0,-0.0,0.0,0.00037434895833333287,-0.0003519694010416675
1787620256.0206552,400.0,300.0,0.0,-0.0,0.0,0.00037434895833333287,-0.0003519694010416675
1787620256.0376499,400.0,300.0,0.0,-0.0,0.0,0.00037434895833333287,-0.0003519694010416675
1787620256.0545542,400.0,300.0,0.0,-0.0,0.0,0.00037434895833333287,-0.0003519694010416675
1787620256.072354,400.0,300.0,0.0,-0.0,0.0,0.00037434895833333287,-0.0003519694010416675
1787620256.089112,400.0,300.0,0.0,-0.0,0.0,0.00037434895833333287,-0.0003519694010416675
1787620256.105963,400.0,300.0,0.0,-0.0,0.0,0.00037434895833333287,-0.0003519694010416675
1787620256.122895,400.0,300.0,0.0,-0.0,0.0,0.00037434895833333287,-0.0003519694010416675
1787620256.139756,400.0,300.0,0.0,-0.0,0.0,0.00037434895833333287,-0.0003519694010416675
1787620256.156626,400.0,300.0,0.0,-0.0,0.0,0.00037434895833333287,-0.0003519694010416675
1787620256.174436,400.0,300.0,0.0,-0.0,0.0,0.00037434895833333287,-0.0003519694010416675
1787620256.19135,400.0,300.0,0.0,-0.0,0.0,0.00037434895833333287,-0.0003519694010416675
1787620256.208153,400.0,300.0,0.0,-0.0,0.0,0.00037434895833333287,-0.0003519694010416675
1787620256.225068,400.0,300.0,0.0,-0.0,0.0,0.00037434895833333287,-0.0003519694010416675
1787620256.241937,400.0,300.0,0.0,-0.0,0.0,0.00037434895833333287,-0.0003519694010416675
1787620256.258707,400.0,300.0,0.0,-0.0,0.0,0.00037434895833333287,-0.0003519694010416675
1787620256.27548,400.0,300.0,0.0,-0.0,0.0,0.00037434895833333287,-0.0003519694010416675
1787620256.2933052,400.0,300.0,0.0,-0.0,0.0,0.00037434895833333287,-0.0003519694010416675
1787620256.309324,400.0,300.0,0.0,-0.0,0.0,0.00037434895833333287,-0.0003519694010416675
1787620256.326102,400.0,300.0,0.0,-0.0,0.0,0.00037434895833333287,-0.0003519694010416675
1787620256.342967,400.0,300.0,0.0,-0.0,0.0,0.00037434895833333287,-0.0003519694010416675
1787620256.3598568,400.0,300.0,0.0,-0.0,0.0,0.00037434895833333287,-0.0003519694010416675
1787620256.3766882,400.0,300.0,0.0,-0.0,0.0,0.00037434895833333287,-0.0003519694010416675
1787620256.3934789,400.0,300.0,0.0,-0.0,0.0,0.00037434895833333287,-0.0003519694010416675
1787620256.411006,400.0,300.0,0.0,-0.0,0.0,0.00037434895833333287,-0.0003519694010416675
1787620256.4279308,400.0,300.0,0.0,-0.0,0.0,0.00037434895833333287,-0.0003519694010416675
1787620256.4444292,400.0,300.0,0.0,-0.0,0.0,0.00037434895833333287,-0.0003519694010416675
1787620256.462392,400.0,300.0,0.0,-0.0,0.0,0.00037434895833333287,-0.0003519694010416675
1787620256.4780538,400.0,300.0,0.0,-0.0,0.0,0.00037434895833333287,-0.0003519694010416675
1787620256.4949498,400.0,300.0,0.0,-0.0,0.0,0.00037434895833333287,-0.0003519694010416675
1787620256.5114,400.0,300.0,0.0,-0.0,0.0,0.00037434895833333287,-0.0003519694010416675
1787620256.528832,400.0,300.0,0.0,-0.0,0.0,0.00037434895833333287,-0.0003519694010416675
1787620256.546164,400.0,300.0,0.0,-0.0,0.0,0.00037434895833333287,-0.0003519694010416675
1787620256.56223,400.0,300.0,0.0,-0.0,0.0,0.00037434895833333287,-0.0003519694010416675
1787620256.578825,400.0,300.0,0.0,-0.0,0.0,0.00037434895833333287,-0.0003519694010416675
1787620256.595385,400.0,300.0,0.0,-0.0,0.0,0.00037434895833333287,-0.0003519694010416675
1787620256.6129549,400.0,300.0,0.0,-0.0,0.0,0.00037434895833333287,-0.0003519694010416675
1787620256.6297338,400.0,300.0,0.0,-0.0,0.0,0.00037434895833333287,-0.0003519694010416675
1787620256.646523,400.0,300.0,0.0,-0.0,0.0,0.00037434895833333287,-0.0003519694010416675
1787620256.664139,400.0,300.0,0.0,-0.0,0.0,0.00037434895833333287,-0.0003519694010416675
1787620256.680647,400.0,300.0,0.0,-0.0,0.0,0.00037434895833333287,-0.0003519694010416675
1787620256.697054,400.0,300.0,0.0,-0.0,0.0,0.00037434895833333287,-0.0003519694010416675
1787620256.7139819,400.0,300.0,0.0,-0.0,0.0,0.00037434895833333287,-0.0003519694010416675
1787620256.7309382,400.0,300.0,0.0,-0.0,0.0,0.00037434895833333287,-0.0003519694010416675
1787620256.747922,400.0,300.0,0.0,-0.0,0.0,0.00037434895833333287,-0.0003519694010416675
1787620256.764825,400.0,300.0,0.0,-0.0,0.0,0.00037434895833333287,-0.0003519694010416675
1787620256.7816489,400.0,300.0,0.0,-0.0,0.0,0.00037434895833333287,-0.0003519694010416675
1787620256.799468,400.0,300.0,0.0,-0.0,0.0,0.00037434895833333287,-0.0003519694010416675
1787620256.816413,400.0,300.0,0.0,-0.0,0.0,0.00037434895833333287,-0.0003519694010416675
1787620256.833384,400.0,300.0,0.0,-0.0,0.0,0.00037434895833333287,-0.0003519694010416675
1787620256.850431,400.0,300.0,0.0,-0.0,0.0,0.00037434895833333287,-0.0003519694010416675
1787620256.866338,400.0,300.0,0.0,-0.0,0.0,0.00037434895833333287,-0.0003519694010416675
1787620256.883254,400.0,300.0,0.0,-0.0,0.0,0.00037434895833333287,-0.0003519694010416675
1787620256.899982,400.0,300.0,0.0,-0.0,0.0,0.00037434895833333287,-0.0003519694010416675
1787620256.916885,400.0,300.0,0.0,-0.0,0.0,0.00037434895833333287,-0.0003519694010416675
1787620256.933928,400.0,300.0,0.0,-0.0,0.0,0.00037434895833333287,-0.0003519694010416675
1787620256.950837,400.0,300.0,0.0,-0.0,0.0,0.00037434895833333287,-0.0003519694010416675
1787620256.967584,400.0,300.0,0.0,-0.0,0.0,0.00037434895833333287,-0.0003519694010416675
1787620256.985416,400.0,300.0,0.0,-0.0,0.0,0.00037434895833333287,-0.0003519694010416675
1787620257.002267,400.0,300.0,0.0,-0.0,0.0,0.00037434895833333287,-0.0003519694010416675
1787620257.019157,400.0,300.0,0.0,-0.0,0.0,0.00037434895833333287,-0.0003519694010416675
1787620257.03598,400.0,300.0,0.0,-0.0,0.0,0.00037434895833333287,-0.0003519694010416675
1787620257.052511,400.0,300.0,0.0,-0.0,0.0,0.00037434895833333287,-0.0003519694010416675
1787620257.070436,400.0,300.0,0.0,-0.0,0.0,0.00037434895833333287,-0.0003519694010416675
1787620257.087174,400.0,300.0,0.0,-0.0,0.0,0.00037434895833333287,-0.0003519694010416675
1787620257.104005,400.0,300.0,0.0,-0.0,0.0,0.00037434895833333287,-0.0003519694010416675
1787620257.120118,400.0,300.0,0.0,-0.0,0.0,0.00037434895833333287,-0.0003519694010416675
1787620257.1372201,400.0,300.0,0.0,-0.0,0.0,0.00037434895833333287,-0.0003519694010416675
1787620257.153997,400.0,300.0,0.0,-0.0,0.0,0.00037434895833333287,-0.0003519694010416675
1787620257.170783,400.0,300.0,0.0,-0.0,0.0,0.00037434895833333287,-0.0003519694010416675
1787620257.187569,400.0,300.0,0.0,-0.0,0.0,0.00037434895833333287,-0.0003519694010416675
1787620257.2053409,400.0,300.0,0.0,-0.0,0.0,0.00037434895833333287,-0.0003519694010416675
1787620257.222284,400.0,300.0,0.0,-0.0,0.0,0.00037434895833333287,-0.0003519694010416675
1787620257.239161,400.0,300.0,0.0,-0.0,0.0,0.00037434895833333287,-0.0003519694010416675
1787620257.256002,400.0,300.0,0.0,-0.0,0.0,0.00037434895833333287,-0.0003519694010416675
1787620257.272736,400.0,300.0,0.0,-0.0,0.0,0.00037434895833333287,-0.0003519694010416675
1787620257.2894862,400.0,300.0,0.0,-0.0,0.0,0.00037434895833333287,-0.0003519694010416675
1787620257.3073978,400.0,300.0,0.0,-0.0,0.0,0.00037434895833333287,-0.0003519694010416675
1787620257.324241,400.0,300.0,0.0,-0.0,0.0,0.00037434895833333287,-0.0003519694010416675
1787620257.341059,400.0,300.0,0.0,-0.0,0.0,0.00037434895833333287,-0.0003519694010416675
1787620257.357867,400.0,300.0,0.0,-0.0,0.0,0.00037434895833333287,-0.0003519694010416675
1787620257.374698,400.0,300.0,0.0,-0.0,0.0,0.00037434895833333287,-0.0003519694010416675
1787620257.39166,400.0,300.0,0.0,-0.0,0.0,0.00037434895833333287,-0.0003519694010416675
1787620257.4095502,400.0,300.0,0.0,-0.0,0.0,0.00037434895833333287,-0.0003519694010416675
1787620257.426719,400.0,300.0,0.0,-0.0,0.0,0.00037434895833333287,-0.0003519694010416675
1787620257.443799,400.0,300.0,0.0,-0.0,0.0,0.00037434895833333287,-0.0003519694010416675
1787620257.460791,400.0,300.0,0.0,-0.0,0.0,0.00037434895833333287,-0.0003519694010416675
1787620257.477304,400.0,300.0,0.0,-0.0,0.0,0.00037434895833333287,-0.0003519694010416675
1787620257.494186,400.0,300.0,0.0,-0.0,0.0,0.00037434895833333287,-0.0003519694010416675
1787620257.511114,400.0,300.0,0.0,-0.0,0.0,0.00037434895833333287,-0.0003519694010416675
1787620257.528048,400.0,300.0,0.0,-0.0,0.0,0.00037434895833333287,-0.0003519694010416675
1787620257.544822,400.0,300.0,0.0,-0.0,0.0,0.00037434895833333287,-0.0003519694010416675
1787620257.5616598,400.0,300.0,0.0,-0.0,0.0,0.00037434895833333287,-0.0003519694010416675
1787620257.5784519,400.0,300.0,0.0,-0.0,0.0,0.00037434895833333287,-0.0003519694010416675
1787620257.595437,400.0,300.0,0.0,-0.0,0.0,0.00037434895833333287,-0.0003519694010416675
1787620257.6129951,400.0,300.0,0.0,-0.0,0.0,0.00037434895833333287,-0.0003519694010416675
1787620257.62956,400.0,300.0,0.0,-0.0,0.0,0.00037434895833333287,-0.0003519694010416675
1787620257.6470242,400.0,300.0,0.0,-0.0,0.0,0.00037434895833333287,-0.0003519694010416675
1787620257.66352,400.0,300.0,0.0,-0.0,0.0,0.00037434895833333287,-0.0003519694010416675
1787620257.680993,400.0,300.0,0.0,-0.0,0.0,0.00037434895833333287,-0.0003519694010416675
1787620257.697502,400.0,300.0,0.0,-0.0,0.0,0.00037434895833333287,-0.0003519694010416675
1787620257.715025,400.0,300.0,0.0,-0.0,0.0,0.00037434895833333287,-0.0003519694010416675
1787620257.731607,400.0,300.0,0.0,-0.0,0.0,0.00037434895833333287,-0.0003519694010416675
1787620257.749305,400.0,300.0,0.0,-0.0,0.0,0.00037434895833333287,-0.0003519694010416675
1787620257.765852,400.0,300.0,0.0,-0.0,0.0,0.00037434895833333287,-0.0003519694010416675
1787620257.782582,400.0,300.0,0.0,-0.0,0.0,0.00037434895833333287,-0.0003519694010416675
1787620257.800481,400.0,300.0,0.0,-0.0,0.0,0.00037434895833333287,-0.0003519694010416675
1787620257.817487,400.0,300.0,0.0,-0.0,0.0,0.00037434895833333287,-0.0003519694010416675
1787620257.8336399,400.0,300.0,0.0,-0.0,0.0,0.00037434895833333287,-0.0003519694010416675
1787620257.850656,400.0,300.0,0.0,-0.0,0.0,0.00037434895833333287,-0.0003519694010416675
1787620257.8676748,400.0,300.0,0.0,-0.0,0.0,0.00037434895833333287,-0.0003519694010416675
1787620257.884469,400.0,300.0,0.0,-0.0,0.0,0.00037434895833333287,-0.0003519694010416675
1787620257.900537,400.0,300.0,0.0,-0.0,0.0,0.00037434895833333287,-0.0003519694010416675
1787620257.918417,400.0,300.0,0.0,-0.0,0.0,0.00037434895833333287,-0.0003519694010416675
1787620257.935373,400.0,300.0,0.0,-0.0,0.0,0.00037434895833333287,-0.0003519694010416675
1787620257.952296,400.0,300.0,0.0,-0.0,0.0,0.00037434895833333287,-0.0003519694010416675
1787620257.969103,400.0,300.0,0.0,-0.0,0.0,0.00037434895833333287,-0.0003519694010416675
1787620257.98593,400.0,300.0,0.0,-0.0,0.0,0.00037434895833333287,-0.0003519694010416675
1787620258.002763,400.0,300.0,0.0,-0.0,0.0,0.00037434895833333287,-0.0003519694010416675
1787620258.0196888,400.0,300.0,0.0,-0.0,0.0,0.00037434895833333287,-0.0003519694010416675
1787620258.036036,400.0,300.0,0.0,-0.0,0.0,0.00037434895833333287,-0.0003519694010416675
1787620258.05302,400.0,300.0,0.0,-0.0,0.0,0.00037434895833333287,-0.0003519694010416675
1787620258.069855,400.0,300.0,0.0,-0.0,0.0,0.00037434895833333287,-0.0003519694010416675
1787620258.0867908,400.0,300.0,0.0,-0.0,0.0,0.00037434895833333287,-0.0003519694010416675
1787620258.1031208,400.0,300.0,0.0,-0.0,0.0,0.00037434895833333287,-0.0003519694010416675
1787620258.119519,400.0,300.0,0.0,-0.0,0.0,0.00037434895833333287,-0.0003519694010416675
1787620258.137297,400.0,300.0,0.0,-0.0,0.0,0.00037434895833333287,-0.0003519694010416675
1787620258.154198,400.0,300.0,0.0,-0.0,0.0,0.00037434895833333287,-0.0003519694010416675
1787620258.171134,400.0,300.0,0.0,-0.0,0.0,0.00037434895833333287,-0.0003519694010416675
1787620258.187955,400.0,300.0,0.0,-0.0,0.0,0.00037434895833333287,-0.0003519694010416675
1787620258.204913,400.0,300.0,0.0,-0.0,0.0,0.00037434895833333287,-0.0003519694010416675
1787620258.221751,400.0,300.0,0.0,-0.0,0.0,0.00037434895833333287,-0.0003519694010416675
1787620258.237997,400.0,300.0,0.0,-0.0,0.0,0.00037434895833333287,-0.0003519694010416675
1787620258.2546299,400.0,300.0,0.0,-0.0,0.0,0.00037434895833333287,-0.0003519694010416675
1787620258.27148,400.0,300.0,0.0,-0.0,0.0,0.00037434895833333287,-0.0003519694010416675
1787620258.289351,400.0,300.0,0.0,-0.0,0.0,0.00037434895833333287,-0.0003519694010416675
1787620258.305686,400.0,300.0,0.0,-0.0,0.0,0.00037434895833333287,-0.0003519694010416675
1787620258.321753,400.0,300.0,0.0,-0.0,0.0,0.00037434895833333287,-0.0003519694010416675
1787620258.337815,400.0,300.0,0.0,-0.0,0.0,0.00037434895833333287,-0.0003519694010416675
1787620258.354584,400.0,300.0,0.0,-0.0,0.0,0.00037434895833333287,-0.0003519694010416675
1787620258.371472,400.0,300.0,0.0,-0.0,0.0,0.00037434895833333287,-0.0003519694010416675
1787620258.389119,400.0,300.0,0.0,-0.0,0.0,0.00037434895833333287,-0.0003519694010416675
1787620258.40594,400.0,300.0,0.0,-0.0,0.0,0.00037434895833333287,-0.0003519694010416675
1787620258.422601,400.0,300.0,0.0,-0.0,0.0,0.00037434895833333287,-0.0003519694010416675
1787620258.440295,400.0,300.0,0.0,-0.0,0.0,0.00037434895833333287,-0.0003519694010416675
1787620258.457006,400.0,300.0,0.0,-0.0,0.0,0.00037434895833333287,-0.0003519694010416675
1787620258.473845,400.0,300.0,0.0,-0.0,0.0,0.00037434895833333287,-0.0003519694010416675
1787620258.490779,400.0,300.0,0.0,-0.0,0.0,0.00037434895833333287,-0.0003519694010416675
1787620258.507668,400.0,300.0,0.0,-0.0,0.0,0.00037434895833333287,-0.0003519694010416675
1787620258.524083,400.0,300.0,0.0,-0.0,0.0,0.00037434895833333287,-0.0003519694010416675
1787620258.540884,400.0,300.0,0.0,-0.0,0.0,0.00037434895833333287,-0.0003519694010416675
1787620258.5577312,400.0,300.0,0.0,-0.0,0.0,0.00037434895833333287,-0.0003519694010416675
1787620258.57452,400.0,300.0,0.0,-0.0,0.0,0.00037434895833333287,-0.0003519694010416675
1787620258.591508,400.0,300.0,0.0,-0.0,0.0,0.00037434895833333287,-0.0003519694010416675
1787620258.609422,400.0,300.0,0.0,-0.0,0.0,0.00037434895833333287,-0.0003519694010416675
1787620258.625798,400.0,300.0,0.0,-0.0,0.0,0.00037434895833333287,-0.0003519694010416675
1787620258.6426702,400.0,300.0,0.0,-0.0,0.0,0.00037434895833333287,-0.0003519694010416675
1787620258.65952,400.0,300.0,0.0,-0.0,0.0,0.00037434895833333287,-0.0003519694010416675
1787620258.6773179,400.0,300.0,0.0,-0.0,0.0,0.00037434895833333287,-0.0003519694010416675
1787620258.693611,400.0,300.0,0.0,-0.0,0.0,0.00037434895833333287,-0.0003519694010416675
1787620258.711424,400.0,300.0,0.0,-0.0,0.0,0.00037434895833333287,-0.0003519694010416675
1787620258.728242,400.0,300.0,0.0,-0.0,0.0,0.00037434895833333287,-0.0003519694010416675
1787620258.7450418,400.0,300.0,0.0,-0.0,0.0,0.00037434895833333287,-0.0003519694010416675
1787620258.761958,400.0,300.0,0.0,-0.0,0.0,0.00037434895833333287,-0.0003519694010416675
1787620258.778999,400.0,300.0,0.0,-0.0,0.0,0.00037434895833333287,-0.0003519694010416675
1787620258.79587,400.0,300.0,0.0,-0.0,0.0,0.00037434895833333287,-0.0003519694010416675
1787620258.8124,400.0,300.0,0.0,-0.0,0.0,0.00037434895833333287,-0.0003519694010416675
1787620258.8293178,400.0,300.0,0.0,-0.0,0.0,0.00037434895833333287,-0.0003519694010416675
1787620258.846325,400.0,300.0,0.0,-0.0,0.0,0.00037434895833333287,-0.0003519694010416675
1787620258.863177,400.0,300.0,0.0,-0.0,0.0,0.00037434895833333287,-0.0003519694010416675
1787620258.880097,400.0,300.0,0.0,-0.0,0.0,0.00037434895833333287,-0.0003519694010416675
1787620258.897019,400.0,300.0,0.0,-0.0,0.0,0.00037434895833333287,-0.0003519694010416675
1787620258.913886,400.0,300.0,0.0,-0.0,0.0,0.00037434895833333287,-0.0003519694010416675
1787620258.9309068,400.0,300.0,0.0,-0.0,0.0,0.00037434895833333287,-0.0003519694010416675
1787620258.947726,400.0,300.0,0.0,-0.0,0.0,0.00037434895833333287,-0.0003519694010416675
1787620258.9641118,400.0,300.0,0.0,-0.0,0.0,0.00037434895833333287,-0.0003519694010416675
1787620258.981052,400.0,300.0,0.0,-0.0,0.0,0.00037434895833333287,-0.0003519694010416675
1787620258.9973261,400.0,300.0,0.0,-0.0,0.0,0.00037434895833333287,-0.0003519694010416675
1787620259.014268,400.0,300.0,0.0,-0.0,0.0,0.00037434895833333287,-0.0003519694010416675
1787620259.0310788,400.0,300.0,0.0,-0.0,0.0,0.00037434895833333287,-0.0003519694010416675
1787620259.048038,400.0,300.0,0.0,-0.0,0.0,0.00037434895833333287,-0.0003519694010416675
1787620259.064838,400.0,300.0,0.0,-0.0,0.0,0.00037434895833333287,-0.0003519694010416675
1787620259.081771,400.0,300.0,0.0,-0.0,0.0,0.00037434895833333287,-0.0003519694010416675
1787620259.0979578,400.0,300.0,0.0,-0.0,0.0,0.00037434895833333287,-0.0003519694010416675
1787620259.114662,400.0,300.0,0.0,-0.0,0.0,0.00037434895833333287,-0.0003519694010416675
1787620259.131535,400.0,300.0,0.0,-0.0,0.0,0.00037434895833333287,-0.0003519694010416675
1787620259.149138,400.0,300.0,0.0,-0.0,0.0,0.00037434895833333287,-0.0003519694010416675
1787620259.1661901,400.0,300.0,0.0,-0.0,0.0,0.00037434895833333287,-0.0003519694010416675
1787620259.183187,400.0,300.0,0.0,-0.0,0.0,0.00037434895833333287,-0.0003519694010416675
1787620259.2000651,400.0,300.0,0.0,-0.0,0.0,0.00037434895833333287,-0.0003519694010416675
1787620259.216293,400.0,300.0,0.0,-0.0,0.0,0.00037434895833333287,-0.0003519694010416675
1787620259.2332108,400.0,300.0,0.0,-0.0,0.0,0.00037434895833333287,-0.0003519694010416675
1787620259.250143,400.0,300.0,0.0,-0.0,0.0,0.00037434895833333287,-0.0003519694010416675
1787620259.266979,400.0,300.0,0.0,-0.0,0.0,0.00037434895833333287,-0.0003519694010416675
1787620259.283793,400.0,300.0,0.0,-0.0,0.0,0.00037434895833333287,-0.0003519694010416675
1787620259.300645,400.0,300.0,0.0,-0.0,0.0,0.00037434895833333287,-0.0003519694010416675
1787620259.318363,400.0,300.0,0.0,-0.0,0.0,0.00037434895833333287,-0.0003519694010416675
1787620259.334948,400.0,300.0,0.0,-0.0,0.0,0.00037434895833333287,-0.0003519694010416675
1787620259.351342,400.0,300.0,0.0,-0.0,0.0,0.00037434895833333287,-0.0003519694010416675
1787620259.368223,400.0,300.0,0.0,-0.0,0.0,0.00037434895833333287,-0.0003519694010416675
1787620259.385037,400.0,300.0,0.0,-0.0,0.0,0.00037434895833333287,-0.0003519694010416675
1787620259.401592,400.0,300.0,0.0,-0.0,0.0,0.00037434895833333287,-0.0003519694010416675
1787620259.41857,400.0,300.0,0.0,-0.0,0.0,0.00037434895833333287,-0.0003519694010416675
1787620259.436416,400.0,300.0,0.0,-0.0,0.0,0.00037434895833333287,-0.0003519694010416675
1787620259.4525099,400.0,300.0,0.0,-0.0,0.0,0.00037434895833333287,-0.0003519694010416675
1787620259.470368,400.0,300.0,0.0,-0.0,0.0,0.00037434895833333287,-0.0003519694010416675
1787620259.487514,400.0,300.0,0.0,-0.0,0.0,0.00037434895833333287,-0.0003519694010416675
1787620259.505121,400.0,300.0,0.0,-0.0,0.0,0.00037434895833333287,-0.0003519694010416675
1787620259.521677,400.0,300.0,0.0,-0.0,0.0,0.00037434895833333287,-0.0003519694010416675
1787620259.539104,400.0,300.0,0.0,-0.0,0.0,0.00037434895833333287,-0.0003519694010416675
1787620259.5559611,400.0,300.0,0.0,-0.0,0.0,0.00037434895833333287,-0.0003519694010416675
1787620259.5724459,400.0,300.0,0.0,-0.0,0.0,0.00037434895833333287,-0.0003519694010416675
1787620259.590261,400.0,300.0,0.0,-0.0,0.0,0.00037434895833333287,-0.0003519694010416675
1787620259.6067462,400.0,300.0,0.0,-0.0,0.0,0.00037434895833333287,-0.0003519694010416675
1787620259.624304,400.0,300.0,0.0,-0.0,0.0,0.00037434895833333287,-0.0003519694010416675
1787620259.640841,400.0,300.0,0.0,-0.0,0.0,0.00037434895833333287,-0.0003519694010416675
1787620259.658296,400.0,300.0,0.0,-0.0,0.0,0.00037434895833333287,-0.0003519694010416675
1787620259.6747599,400.0,300.0,0.0,-0.0,0.0,0.00037434895833333287,-0.0003519694010416675
1787620259.692271,400.0,300.0,0.0,-0.0,0.0,0.00037434895833333287,-0.0003519694010416675
1787620259.70874,400.0,300.0,0.0,-0.0,0.0,0.00037434895833333287,-0.0003519694010416675
1787620259.7262368,400.0,300.0,0.0,-0.0,0.0,0.00037434895833333287,-0.0003519694010416675
1787620259.742939,400.0,300.0,0.0,-0.0,0.0,0.00037434895833333287,-0.0003519694010416675
1787620259.760339,400.0,300.0,0.0,-0.0,0.0,0.00037434895833333287,-0.0003519694010416675
1787620259.776314,400.0,300.0,0.0,-0.0,0.0,0.00037434895833333287,-0.0003519694010416675
1787620259.7929258,400.0,300.0,0.0,-0.0,0.0,0.00037434895833333287,-0.0003519694010416675
1787620259.810511,400.0,300.0,0.0,-0.0,0.0,0.00037434895833333287,-0.0003519694010416675
1787620259.828437,400.0,300.0,0.0,-0.0,0.0,0.00037434895833333287,-0.0003519694010416675
1787620259.844543,400.0,300.0,0.0,-0.0,0.0,0.00037434895833333287,-0.0003519694010416675
1787620259.861378,400.0,300.0,0.0,-0.0,0.0,0.00037434895833333287,-0.0003519694010416675
1787620259.878391,400.0,300.0,0.0,-0.0,0.0,0.00037434895833333287,-0.0003519694010416675
1787620259.8952901,400.0,300.0,0.0,-0.0,0.0,0.00037434895833333287,-0.0003519694010416675
1787620259.9121962,400.0,300.0,0.0,-0.0,0.0,0.00037434895833333287,-0.0003519694010416675
1787620259.9290218,400.0,300.0,0.0,-0.0,0.0,0.00037434895833333287,-0.0003519694010416675
1787620259.945995,400.0,300.0,0.0,-0.0,0.0,0.00037434895833333287,-0.0003519694010416675
1787620259.962954,400.0,300.0,0.0,-0.0,0.0,0.00037434895833333287,-0.0003519694010416675
1787620259.980011,400.0,300.0,0.0,-0.0,0.0,0.00037434895833333287,-0.0003519694010416675
1787620259.996311,400.0,300.0,0.0,-0.0,0.0,0.00037434895833333287,-0.0003519694010416675
1787620260.013191,400.0,300.0,0.0,-0.0,0.0,0.00037434895833333287,-0.0003519694010416675
1787620260.0300832,400.0,300.0,0.0,-0.0,0.0,0.00037434895833333287,-0.0003519694010416675
1787620260.046728,400.0,300.0,0.0,-0.0,0.0,0.00037434895833333287,-0.0003519694010416675
1787620260.063988,400.0,300.0,0.0,-0.0,0.0,0.00037434895833333287,-0.0003519694010416675
1787620260.080951,400.0,300.0,0.0,-0.0,0.0,0.00037434895833333287,-0.0003519694010416675
1787620260.0978508,400.0,300.0,0.0,-0.0,0.0,0.00037434895833333287,-0.0003519694010416675
1787620260.114957,400.0,300.0,0.0,-0.0,0.0,0.00037434895833333287,-0.0003519694010416675
1787620260.131897,400.0,300.0,0.0,-0.0,0.0,0.00037434895833333287,-0.0003519694010416675
1787620260.148978,400.0,300.0,0.0,-0.0,0.0,0.00037434895833333287,-0.0003519694010416675
1787620260.166069,400.0,300.0,0.0,-0.0,0.0,0.00037434895833333287,-0.0003519694010416675
1787620260.183084,400.0,300.0,0.0,-0.0,0.0,0.00037434895833333287,-0.0003519694010416675
1787620260.199115,400.0,300.0,0.0,-0.0,0.0,0.00037434895833333287,-0.0003519694010416675
1787620260.21584,400.0,300.0,0.0,-0.0,0.0,0.00037434895833333287,-0.0003519694010416675
1787620260.2326038,400.0,300.0,0.0,-0.0,0.0,0.00037434895833333287,-0.0003519694010416675
1787620260.249551,400.0,300.0,0.0,-0.0,0.0,0.00037434895833333287,-0.0003519694010416675
1787620260.2666419,400.0,300.0,0.0,-0.0,0.0,0.00037434895833333287,-0.0003519694010416675
1787620260.2835982,400.0,300.0,0.0,-0.0,0.0,0.00037434895833333287,-0.0003519694010416675
1787620260.300478,400.0,300.0,0.0,-0.0,0.0,0.00037434895833333287,-0.0003519694010416675
1787620260.3182871,400.0,300.0,0.0,-0.0,0.0,0.00037434895833333287,-0.0003519694010416675
1787620260.335158,400.0,300.0,0.0,-0.0,0.0,0.00037434895833333287,-0.0003519694010416675
1787620260.351982,400.0,300.0,0.0,-0.0,0.0,0.00037434895833333287,-0.0003519694010416675
1787620260.369056,400.0,300.0,0.0,-0.0,0.0,0.00037434895833333287,-0.0003519694010416675
1787620260.385866,400.0,300.0,0.0,-0.0,0.0,0.00037434895833333287,-0.0003519694010416675
1787620260.402726,400.0,300.0,0.0,-0.0,0.0,0.00037434895833333287,-0.0003519694010416675
1787620260.419599,400.0,300.0,0.0,-0.0,0.0,0.00037434895833333287,-0.0003519694010416675
1787620260.4372962,400.0,300.0,0.0,-0.0,0.0,0.00037434895833333287,-0.0003519694010416675
1787620260.454072,400.0,300.0,0.0,-0.0,0.0,0.00037434895833333287,-0.0003519694010416675
1787620260.470861,400.0,300.0,0.0,-0.0,0.0,0.00037434895833333287,-0.0003519694010416675
1787620260.487712,400.0,300.0,0.0,-0.0,0.0,0.00037434895833333287,-0.0003519694010416675
1787620260.5044749,400.0,300.0,0.0,-0.0,0.0,0.00037434895833333287,-0.0003519694010416675
1787620260.522166,400.0,300.0,0.0,-0.0,0.0,0.00037434895833333287,-0.0003519694010416675
1787620260.538075,400.0,300.0,0.0,-0.0,0.0,0.00037434895833333287,-0.0003519694010416675
1787620260.5547378,400.0,300.0,0.0,-0.0,0.0,0.00037434895833333287,-0.0003519694010416675
1787620260.571597,400.0,300.0,0.0,-0.0,0.0,0.00037434895833333287,-0.0003519694010416675
1787620260.5885491,400.0,300.0,0.0,-0.0,0.0,0.00037434895833333287,-0.0003519694010416675
1787620260.606036,400.0,300.0,0.0,-0.0,0.0,0.00037434895833333287,-0.0003519694010416675
1787620260.622834,400.0,300.0,0.0,-0.0,0.0,0.00037434895833333287,-0.0003519694010416675
1787620260.6396348,400.0,300.0,0.0,-0.0,0.0,0.00037434895833333287,-0.0003519694010416675
1787620260.6565702,400.0,300.0,0.0,-0.0,0.0,0.00037434895833333287,-0.0003519694010416675
1787620260.673512,400.0,300.0,0.0,-0.0,0.0,0.00037434895833333287,-0.0003519694010416675
1787620260.689746,400.0,300.0,0.0,-0.0,0.0,0.00037434895833333287,-0.0003519694010416675
1787620260.70656,400.0,300.0,0.0,-0.0,0.0,0.00037434895833333287,-0.0003519694010416675
1787620260.72433,400.0,300.0,0.0,-0.0,0.0,0.00037434895833333287,-0.0003519694010416675
1787620260.7410188,400.0,300.0,0.0,-0.0,0.0,0.00037434895833333287,-0.0003519694010416675
1787620260.7573252,400.0,300.0,0.0,-0.0,0.0,0.00037434895833333287,-0.0003519694010416675
1787620260.7741928,400.0,300.0,0.0,-0.0,0.0,0.00037434895833333287,-0.0003519694010416675
1787620260.790986,400.0,300.0,0.0,-0.0,0.0,0.00037434895833333287,-0.0003519694010416675
1787620260.807849,400.0,300.0,0.0,-0.0,0.0,0.00037434895833333287,-0.0003519694010416675
1787620260.824894,400.0,300.0,0.0,-0.0,0.0,0.00037434895833333287,-0.0003519694010416675
1787620260.841728,400.0,300.0,0.0,-0.0,0.0,0.00037434895833333287,-0.0003519694010416675
1787620260.858658,400.0,300.0,0.0,-0.0,0.0,0.00037434895833333287,-0.0003519694010416675
1787620260.874633,400.0,300.0,0.0,-0.0,0.0,0.00037434895833333287,-0.0003519694010416675
1787620260.8914912,400.0,300.0,0.0,-0.0,0.0,0.00037434895833333287,-0.0003519694010416675
1787620260.909371,400.0,300.0,0.0,-0.0,0.0,0.00037434895833333287,-0.0003519694010416675
1787620260.925963,400.0,300.0,0.0,-0.0,0.0,0.00037434895833333287,-0.0003519694010416675
1787620260.942921,400.0,300.0,0.0,-0.0,0.0,0.00037434895833333287,-0.0003519694010416675
1787620260.959956,400.0,300.0,0.0,-0.0,0.0,0.00037434895833333287,-0.0003519694010416675
1787620260.976939,400.0,300.0,0.0,-0.0,0.0,0.00037434895833333287,-0.0003519694010416675
1787620260.993765,400.0,300.0,0.0,-0.0,0.0,0.00037434895833333287,-0.0003519694010416675
1787620261.0108001,400.0,300.0,0.0,-0.0,0.0,0.00037434895833333287,-0.0003519694010416675
1787620261.027154,400.0,300.0,0.0,-0.0,0.0,0.00037434895833333287,-0.0003519694010416675
1787620261.0442328,400.0,300.0,0.0,-0.0,0.0,0.00037434895833333287,-0.0003519694010416675
1787620261.0613,400.0,300.0,0.0,-0.0,0.0,0.00037434895833333287,-0.0003519694010416675
1787620261.07818,400.0,300.0,0.0,-0.0,0.0,0.00037434895833333287,-0.0003519694010416675
1787620261.09505,400.0,300.0,0.0,-0.0,0.0,0.00037434895833333287,-0.0003519694010416675
1787620261.111845,400.0,300.0,0.0,-0.0,0.0,0.00037434895833333287,-0.0003519694010416675
1787620261.128001,400.0,300.0,0.0,-0.0,0.0,0.00037434895833333287,-0.0003519694010416675
1787620261.145002,400.0,300.0,0.0,-0.0,0.0,0.00037434895833333287,-0.0003519694010416675
1787620261.161866,400.0,300.0,0.0,-0.0,0.0,0.00037434895833333287,-0.0003519694010416675
1787620261.178839,400.0,300.0,0.0,-0.0,0.0,0.00037434895833333287,-0.0003519694010416675
1787620261.19579,400.0,300.0,0.0,-0.0,0.0,0.00037434895833333287,-0.0003519694010416675
1787620261.2127979,400.0,300.0,0.0,-0.0,0.0,0.00037434895833333287,-0.0003519694010416675
1787620261.2298691,400.0,300.0,0.0,-0.0,0.0,0.00037434895833333287,-0.0003519694010416675
1787620261.246851,400.0,300.0,0.0,-0.0,0.0,0.00037434895833333287,-0.0003519694010416675
1787620261.2637188,400.0,300.0,0.0,-0.0,0.0,0.00037434895833333287,-0.0003519694010416675
1787620261.279936,400.0,300.0,0.0,-0.0,0.0,0.00037434895833333287,-0.0003519694010416675
1787620261.29678,400.0,300.0,0.0,-0.0,0.0,0.00037434895833333287,-0.0003519694010416675
1787620261.3135328,400.0,300.0,0.0,-0.0,0.0,0.00037434895833333287,-0.0003519694010416675
1787620261.32972,400.0,300.0,0.0,-0.0,0.0,0.00037434895833333287,-0.0003519694010416675
1787620261.346113,400.0,300.0,0.0,-0.0,0.0,0.00037434895833333287,-0.0003519694010416675
1787620261.3629398,400.0,300.0,0.0,-0.0,0.0,0.00037434895833333287,-0.0003519694010416675
1787620261.379669,400.0,300.0,0.0,-0.0,0.0,0.00037434895833333287,-0.0003519694010416675
1787620261.396477,400.0,300.0,0.0,-0.0,0.0,0.00037434895833333287,-0.0003519694010416675
1787620261.4144151,400.0,300.0,0.0,-0.0,0.0,0.00037434895833333287,-0.0003519694010416675
1787620261.431236,400.0,300.0,0.0,-0.0,0.0,0.00037434895833333287,-0.0003519694010416675
1787620261.4482088,400.0,300.0,0.0,-0.0,0.0,0.00037434895833333287,-0.0003519694010416675
1787620261.464362,400.0,300.0,0.0,-0.0,0.0,0.00037434895833333287,-0.0003519694010416675
1787620261.481185,400.0,300.0,0.0,-0.0,0.0,0.00037434895833333287,-0.0003519694010416675
1787620261.498165,400.0,300.0,0.0,-0.0,0.0,0.00037434895833333287,-0.0003519694010416675
1787620261.515023,400.0,300.0,0.0,-0.0,0.0,0.00037434895833333287,-0.0003519694010416675
1787620261.531903,400.0,300.0,0.0,-0.0,0.0,0.00037434895833333287,-0.0003519694010416675
1787620261.548784,400.0,300.0,0.0,-0.0,0.0,0.00037434895833333287,-0.0003519694010416675
1787620261.565581,400.0,300.0,0.0,-0.0,0.0,0.00037434895833333287,-0.0003519694010416675
1787620261.583296,400.0,300.0,0.0,-0.0,0.0,0.00037434895833333287,-0.0003519694010416675
1787620261.600287,400.0,300.0,0.0,-0.0,0.0,0.00037434895833333287,-0.0003519694010416675
1787620261.615941,400.0,300.0,0.0,-0.0,0.0,0.00037434895833333287,-0.0003519694010416675
1787620261.632465,400.0,300.0,0.0,-0.0,0.0,0.00037434895833333287,-0.0003519694010416675
1787620261.649916,400.0,300.0,0.0,-0.0,0.0,0.00037434895833333287,-0.0003519694010416675
1787620261.666337,400.0,300.0,0.0,-0.0,0.0,0.00037434895833333287,-0.0003519694010416675
1787620261.683807,400.0,300.0,0.0,-0.0,0.0,0.00037434895833333287,-0.0003519694010416675
1787620261.7003038,400.0,300.0,0.0,-0.0,0.0,0.00037434895833333287,-0.0003519694010416675
1787620261.717777,400.0,300.0,0.0,-0.0,0.0,0.00037434895833333287,-0.0003519694010416675
1787620261.735287,400.0,300.0,0.0,-0.0,0.0,0.00037434895833333287,-0.0003519694010416675
1787620261.751998,400.0,300.0,0.0,-0.0,0.0,0.00037434895833333287,-0.0003519694010416675
1787620261.7693381,400.0,300.0,0.0,-0.0,0.0,0.00037434895833333287,-0.0003519694010416675
1787620261.785943,400.0,300.0,0.0,-0.0,0.0,0.00037434895833333287,-0.0003519694010416675
1787620261.8034072,400.0,300.0,0.0,-0.0,0.0,0.00037434895833333287,-0.0003519694010416675
1787620261.820242,400.0,300.0,0.0,-0.0,0.0,0.00037434895833333287,-0.0003519694010416675
1787620261.837033,400.0,300.0,0.0,-0.0,0.0,0.00037434895833333287,-0.0003519694010416675
1787620261.8539462,400.0,300.0,0.0,-0.0,0.0,0.00037434895833333287,-0.0003519694010416675
1787620261.870668,400.0,300.0,0.0,-0.0,0.0,0.00037434895833333287,-0.0003519694010416675
1787620261.887511,400.0,300.0,0.0,-0.0,0.0,0.00037434895833333287,-0.0003519694010416675
1787620261.9053419,400.0,300.0,0.0,-0.0,0.0,0.00037434895833333287,-0.0003519694010416675
1787620261.9222028,400.0,300.0,0.0,-0.0,0.0,0.00037434895833333287,-0.0003519694010416675
1787620261.938901,400.0,300.0,0.0,-0.0,0.0,0.00037434895833333287,-0.0003519694010416675
1787620261.955673,400.0,300.0,0.0,-0.0,0.0,0.00037434895833333287,-0.0003519694010416675
1787620261.9724731,400.0,300.0,0.0,-0.0,0.0,0.00037434895833333287,-0.0003519694010416675
1787620261.990342,400.0,300.0,0.0,-0.0,0.0,0.00037434895833333287,-0.0003519694010416675
1787620262.0070798,400.0,300.0,0.0,-0.0,0.0,0.00037434895833333287,-0.0003519694010416675
1787620262.02405,400.0,300.0,0.0,-0.0,0.0,0.00037434895833333287,-0.0003519694010416675
1787620262.0409868,400.0,300.0,0.0,-0.0,0.0,0.00037434895833333287,-0.0003519694010416675
1787620262.057983,400.0,300.0,0.0,-0.0,0.0,0.00037434895833333287,-0.0003519694010416675
1787620262.074899,400.0,300.0,0.0,-0.0,0.0,0.00037434895833333287,-0.0003519694010416675
1787620262.0917451,400.0,300.0,0.0,-0.0,0.0,0.00037434895833333287,-0.0003519694010416675
1787620262.108522,400.0,300.0,0.0,-0.0,0.0,0.00037434895833333287,-0.0003519694010416675
1787620262.125488,400.0,300.0,0.0,-0.0,0.0,0.00037434895833333287,-0.0003519694010416675
1787620262.14325,400.0,300.0,0.0,-0.0,0.0,0.00037434895833333287,-0.022843424479166666
1787620262.160203,400.0,300.0,0.0,-0.0,0.0,0.00037434895833333287,-0.022843424479166666
1787620262.177293,400.0,299.99859838333356,0.0,0.0,-0.0014016166664659977,0.00037434895833333287,-0.15785319010416668
1787620262.194487,400.0,299.98919854905535,0.0,0.0,-0.00939983427823521,0.00037434895833333287,-0.27461344401041665
1787620262.211385,400.0,299.95773164144674,0.0,0.0,-0.03146690760859215,0.00037434895833333287,-0.40046793619791665
1787620262.228384,400.0,299.87823205242,0.0,0.0,-0.07949958902671674,0.00037434895833333287,-0.5530863444010417
1787620262.244868,400.0,299.71024208137743,0.0,0.0,-0.16798997104256894,0.00037434895833333287,-0.7176371256510417
1787620262.2618082,400.0,299.39576187119764,0.0,0.0,-0.3144802101798201,0.00037434895833333287,-0.8955546061197917
1787620262.278858,400.0,298.8896469496293,0.0,0.0,-0.5061149215683446,0.00037434895833333287,-0.9897928873697917
1787620262.294952,400.0,298.18496240808895,0.0,0.0,-0.7046845415403669,0.00037434895833333287,-0.9897928873697917
1787620262.311935,400.0,297.28571480627403,0.0,0.0,-0.8992476018148945,0.00037434895833333287,-0.9897928873697917
1787620262.328853,400.0,296.20246336004277,0.0,0.0,-1.0832514462312708,0.00037434895833333287,-0.9897928873697917
1787620262.345694,400.0,294.9493519078578,0.0,0.0,-1.2531114521849291,0.00037434895833333287,-0.9897928873697917
1787620262.362577,400.0,293.542136957263,0.0,0.0,-1.4072149505948486,0.00037434895833333287,-0.9897928873697917
1787620262.380419,400.0,291.99690953157483,0.0,0.0,-1.5452274256881573,0.00037434895833333287,-0.9897928873697917
1787620262.397435,400.0,290.3292962997634,0.0,0.0,-1.667613231811393,0.00037434895833333287,-0.9897928873697917
1787620262.4144042,400.0,288.55398829908995,0.0,0.0,-1.7753080006735031,0.00037434895833333287,-0.9897928873697917
1787620262.430592,400.0,286.6844904575662,0.0,0.0,-1.8694978415237393,0.00037434895833333287,-0.9897928873697917
1787620262.447499,400.0,284.7330171412329,0.0,0.0,-1.951473316333292,0.00037434895833333287,-0.9897928873697917
1787620262.4653308,400.0,282.7104817267737,0.0,0.0,-2.0225354144591625,0.00037434895833333287,-0.9897928873697917
1787620262.481812,400.0,280.626544351479,0.0,0.0,-2.0839373752946773,0.00037434895833333287,-0.9897928873697917
1787620262.4988,400.0,278.48969340378204,0.0,0.0,-2.136850947696974,0.00037434895833333287,-0.9897928873697917
1787620262.515751,400.0,276.30734434268055,0.0,0.0,-2.1823490611014753,0.00037434895833333287,-0.9897928873697917
1787620262.532728,400.0,274.08594504590206,0.0,0.0,-2.221399296778493,0.00037434895833333287,-0.9897928873697917
1787620262.549727,400.0,271.831080782416,0.0,0.0,-2.2548642634860636,0.00037434895833333287,-0.9897928873697917
1787620262.566529,400.0,269.5475745847674,0.0,0.0,-2.28350619764857,0.00037434895833333287,-0.9897928873697917
1787620262.584372,400.0,267.2395806183276,0.0,0.0,-2.3079939664398252,0.00037434895833333287,-0.9897928873697917
1787620262.600291,400.0,264.91066936328104,0.0,0.0,-2.328911255046524,0.00037434895833333287,-0.9897928873697917
1787620262.617114,400.0,262.5639042229094,0.0,0.0,-2.3467651403716285,0.00037434895833333287,-0.9897928873697917
1787620262.63392,400.0,260.20190967772965,0.0,0.0,-2.361994545179767,0.00037434895833333287,-0.9897928873697917
1787620262.650816,400.0,257.8269314108144,0.0,0.0,-2.3749782669152837,0.00037434895833333287,-0.9897928873697917
1787620262.667661,400.0,255.4408889996978,0.0,0.0,-2.3860424111165868,-0.03688761393229167,-0.9897928873697917
1787620262.684525,399.99997625498844,253.04542185005317,-0.0005679430615156889,-2.3745011558195994e-05,-2.395467149644625,-0.09172770182291667,-0.9897928873697917
1787620262.7024682,399.9996991334432,250.64192908230407,-0.006606175437237135,-0.00027712154527221195,-2.4034927677490985,-0.22112223307291667,-0.9897928873697917
1787620262.7194061,399.9982661277396,248.23160438277435,-0.034063945482683426,-0.0014330057035933748,-2.410324699529725,-0.3835673014322917,-0.9897928873697917
1787620262.736486,399.9933936221129,245.81546905533366,-0.1155455269575748,-0.004872505626731789,-2.4161353274406974,-0.5565714518229167,-0.9897928873697917
1787620262.753628,399.9804242466474,243.39441519604344,-0.30692558380239837,-0.0129693754655074,-2.4210538592902324,-0.7499308268229167,-0.9897928873697917
1787620262.7707038,399.9503928000641,240.96930245656284,-0.7094875078644955,-0.03003144658327125,-2.4251127394805936,-1.0108561197916666,-0.9897928873697917
1787620262.787644,399.8930593650734,238.54109909933308,-1.3525858891454843,-0.057333434990689866,-2.4282033572297532,-1.0108561197916666,-0.9897928873697917
1787620262.804621,399.7978268560444,236.11103800048443,-2.2442357851983714,-0.09523250902898323,-2.4300610988486633,-1.0108561197916666,-0.9897928873697917
1787620262.821643,399.6543346281129,233.6807531532243,-3.3790134864405172,-0.14349222793150432,-2.4302848472601437,-1.0108561197916666,-0.9897928873697917
1787620262.838589,399.45283100895705,231.2523784639527,-4.74346796233348,-0.2015036191558567,-2.4283746892715783,-1.0108561197916666,-0.9897928873697917
1787620262.856461,399.1843968581398,228.8286035462599,-6.319778303003,-0.2684341508172642,-2.4237749176928047,-1.0108561197916666,-0.9897928873697917
1787620262.8732228,398.8410697725498,226.4126894781587,-8.088181741801222,-0.34332708558997094,-2.415914068101188,-1.0108561197916666,-0.9897928873697917
1787620262.890095,398.4159025896572,224.00845159989956,-10.028545594450925,-0.4251671828926045,-2.404237878259145,-1.0108561197916666,-0.9897928873697917
1787620262.90688,397.9029787939795,221.62021770042952,-12.121348023993793,-0.5129237956776803,-2.3882338994700487,-1.0108561197916666,-0.9897928873697917
1787620262.924271,397.2973999451846,219.25276956468505,-14.348254926544621,-0.6055788487948903,-2.3674481357444694,-1.0108561197916666,-0.9897928873697917
1787620262.941227,396.5952552422569,216.9112746856697,-16.692424771865955,-0.702144702927764,-2.341494879015355,-1.0108561197916666,-0.9897928873697917
1787620262.9580102,395.7935800168928,214.60121351773876,-19.138633685207893,-0.8016752253641064,-2.310061167930943,-1.0108561197916666,-0.9897928873697917
1787620262.9747012,394.8903077443964,212.32830625680572,-21.67328492828329,-0.9032722724963865,-2.272907260933044,-1.0108561197916666,-0.9897928873697917
1787620262.991612,393.8842186861285,210.0984419208158,-24.284346992216406,-1.0060890582679158,-2.229864335989937,-1.0108561197916666,-0.9897928873697917
1787620263.0079648,392.7748872790847,207.91761151906726,-26.96125042620072,-1.1093314070438576,-2.1808304017485227,-1.0108561197916666,-0.9897928873697917
1787620263.0248818,391.5626297005461,205.79184634072115,-29.694763619231296,-1.2122575785385779,-2.1257651783461173,-1.0108561197916666,-0.9897928873697917
1787620263.042049,390.24845255378574,203.72716183579047,-32.476860826979426,-1.3141771467603443,-2.0646845049306943,-1.0108561197916666,-0.9897928873697917
1787620263.059009,388.83400327777684,201.72950717169584,-35.30059092959663,-1.4144492760088716,-1.9976546640946142,-1.0108561197916666,-0.9897928873697917
1787620263.075856,387.3215226371768,199.80472029003553,-38.15995210135703,-1.5124806406000293,-1.9247868816603197,-1.0108561197916666,-0.9897928873697917
1787620263.092753,385.71379947096113,197.95848812979878,-41.049775327783635,-1.607723166215679,-1.8462321602367444,-1.0108561197916666,-0.9897928873697917
1787620263.109838,384.0141277505896,196.19631159804862,-43.96561820483529,-1.6996717203715395,-1.762176531750144,-1.0108561197916666,-0.9897928873697917
1787620263.126614,382.2262659088153,194.52347483552197,-46.90366947317294,-1.7878618417742789,-1.6728367625266674,-1.0108561197916666,-0.9897928873697917
1787620263.1444118,380.3543983390867,192.9450183258749,-49.86066411886772,-1.8718675697286322,-1.5784565096470426,-1.0108561197916666,-0.9897928873697917
1787620263.161313,378.4030989261477,191.46571542080747,-52.83380849715806,-1.9512994129389551,-1.4793029050674291,-1.0108561197916666,-0.9897928873697917
1787620263.1781812,376.37729644569447,190.09005188979157,-55.82071472833549,-2.02580248045326,-1.3756635310159107,-1.0108561197916666,-0.9897928873697917
1787620263.1951628,374.2822416607004,188.82220814603915,-58.81934351864761,-2.0950547849940744,-1.2678437437524124,-1.0108561197916666,-0.9897928873697917
1787620263.211984,372.12347594104045,187.66604384517663,-61.827954535294744,-2.158765719659908,-1.1561643008625149,-1.0108561197916666,-0.9897928873697917
1787620263.228778,369.90680123874336,186.6250845968767,-64.8450634862251,-2.2166747022970763,-1.0409592482999315,-1.0108561197916666,-0.9897928873697917
1787620263.245543,367.6382512615464,185.7025105706074,-67.86940510406784,-2.268549977196969,-0.9225740262692892,-1.0108561197916666,-0.9897928873697917
1787620263.26337,365.32406370081696,184.90114681366344,-70.8999012967386,-2.3141875607294207,-0.8013637569439522,-1.0108561197916666,-0.9897928873697917
1787620263.280503,362.97065338509844,184.2234551322806,-73.93563379675888,-2.3534103157185187,-0.6776916813828355,-1.0108561197916666,-0.9897928873697917
1787620263.297451,360.58458624659033,183.6715274148117,-76.97582071181999,-2.3860671385081234,-0.5519277174689243,-1.0108561197916666,-0.9897928873697917
1787620263.314467,358.1725540040791,183.24708029981304,-80.0197964472818,-2.412032242511239,-0.42444711499866805,-1.0108561197916666,-0.9897928873697917
1787620263.3322382,355.7413494816814,182.95145111175307,-83.06699453518678,-2.431204522397634,-0.2956291880599575,-1.0108561197916666,-0.9897928873697917
1787620263.348969,353.2978424978866,182.78559500328402,-86.11693296298003,-2.4435069837948262,-0.16585610846906698,-1.0108561197916666,-0.9897928873697917
1787620263.365907,350.84895627354774,182.75008325602207,-89.16920164805344,-2.4488862243388763,-0.03551174726195407,-1.0108561197916666,-0.9897928873697917
1787620263.381831,348.4016443205268,182.84510270197086,-92.22345175146602,-2.4473119530209204,0.09501944594880725,-1.0108561197916666,-0.9897928873697917
1787620263.398766,345.96286778456397,183.07045623548657,-95.27938656596476,-2.4387765359628695,0.22535353351572712,-1.0108561197916666,-0.9897928873697917
1787620263.415227,343.53749771617555,183.4111002555933,-97.99491469099193,-2.4253700683884345,0.3406440201067277,-0.6234659830729167,-0.9897928873697917
1787620263.4311948,341.12428409482254,183.82930472491446,-99.83158414849069,-2.413213621353017,0.41820446932114036,0.17499593098958333,-0.9897928873697917
1787620263.4479601,338.7205507899361,184.29897727725736,-101.05589727966105,-2.403733304886443,0.46967255234291155,0.17499593098958333,-0.9897928873697917
1787620263.4647171,336.3236139200449,184.80221303139936,-101.85700916687591,-2.3969368698911726,0.5032357541420027,0.17499593098958333,-0.9897928873697917
1787620263.4815218,333.9312623351101,185.32683573430904,-102.36870042687715,-2.392351584934846,0.524622702909683,0.17499593098958333,-0.9897928873697917
1787620263.4994009,331.5418411972706,185.8646654849957,-102.68517621452916,-2.3894211378394363,0.5378297506866625,0.17499593098958333,-0.9897928873697917
1787620263.5163572,329.1541871815856,186.41030160474634,-102.87241611459956,-2.3876540156850035,0.5456361197506353,0.17499593098958333,-0.9897928873697917
1787620263.532374,326.76752382719127,186.9602673553698,-102.97631928340437,-2.3866633543943134,0.5499657506234708,0.17499593098958333,-0.9897928873697917
1787620263.549176,324.38136040269353,187.512408780105,-103.02854243175506,-2.3861634244977576,0.5521414247352053,0.17499593098958333,-0.9897928873697917
1787620263.5659719,321.9954084831966,188.0654724874175,-103.05067791803015,-2.385951919496903,0.5530637073124942,0.17499593098958333,-0.9897928873697917
1787620263.582784,319.60951821979705,188.6188097850247,-103.05723854825276,-2.385890263399559,0.553337297607195,0.17499593098958333,-0.9897928873697917
1787620263.599734,317.22363180212307,189.17217018311356,-103.05778530280499,-2.3858864176740004,0.553360398088878,0.17499593098958333,-0.9897928873697917
1787620263.617219,314.83773784065585,189.72550359527497,-103.05713045927118,-2.385893961467197,0.5533334121614188,0.17499593098958333,-0.9897928873697917
1787620263.6337862,312.4517992166572,190.27864910527717,-103.05261237441778,-2.385938623998659,0.5531455100021817,0.17499593098958333,-0.9897928873697917
1787620263.651319,310.06575812527774,190.8313564541231,-103.04208572273512,-2.3860410913794583,0.552707348845918,0.17499593098958333,-0.9897928873697917
1787620263.667736,307.6795465927971,191.38333090226266,-103.02448311278886,-2.386211532480636,0.5519744481395557,0.17499593098958333,-0.9897928873697917
1787620263.685235,305.29309342622264,191.9342626166567,-102.99944356957708,-2.3864531665744737,0.5509317143940455,0.17499593098958333,-0.9897928873697917
1787620263.701716,302.90632866475954,192.4838453351787,-102.96705497167395,-2.3867647614631027,0.5495827185219968,0.17499593098958333,-0.9897928873697917
1787620263.71926,300.5191862940749,193.03178767328777,-102.9276771919103,-2.3871423706845976,0.5479423381090577,0.17499593098958333,-0.9897928873697917
1787620263.7358131,298.1316057668195,193.57781944481656,-102.88182216188336,-2.3875805272554236,0.5460317715288019,0.17499593098958333,-0.9897928873697917
1787620263.7525928,295.74353271707605,194.12169466000836,-102.83007388712747,-2.388073049743446,0.5438752151918168,0.17499593098958333,-0.9897928873697917
1787620263.769809,293.35494068766775,194.66328738335008,-102.77531567443069,-2.3885920294082856,0.5415927233417349,0.15644124348958333,-0.9897928873697917
1787620263.78661,290.9658346505183,195.2026092830135,-102.72084939497601,-2.389106037149454,0.5393218996634115,0.13269856770833333,-0.9897928873697917
1787620263.804254,288.57626781359915,195.73988679629454,-102.6718243432939,-2.3895668369191023,0.5372775132810406,0.08869222005208333,-0.9897928873697917
1787620263.821207,286.186369111337,196.27568700118462,-102.63640374345358,-2.3898987022621503,0.5358002048900705,-0.019553629557291667,-0.9897928873697917
1787620263.8381991,283.79634529448043,196.81092952837076,-102.62303345360155,-2.3900238168565453,0.5352425271861343,-0.17067667643229167,-0.9897928873697917
1787620263.855248,281.40632652388825,197.34619517687662,-102.62358706503271,-2.3900187705921923,0.5352656485058657,-0.4688639322916667,-0.9897928873697917
1787620263.8722649,279.01660777630343,197.88279920348086,-102.655673363957,-2.389718747584826,0.5366040266042248,-0.6124796549479167,-0.9897928873697917
1787620263.889549,276.6279801192908,198.42423982386552,-102.77166124790105,-2.388627657012637,0.541440620384656,-0.7248148600260417,-0.9897928873697917
1787620263.905641,274.24172224521294,198.976031247026,-103.02006735962627,-2.3862578740778257,0.5517914231604584,-0.8041300455729167,-0.9897928873697917
1787620263.9225202,271.8593552244878,199.54438687847795,-103.41810853505618,-2.382367020725152,0.5683556314519671,-0.7977518717447917,-0.9897928873697917
1787620263.939488,269.48256908178973,200.13564710608085,-103.96960403829307,-2.3767861426980765,0.5912602276028927,-0.7942728678385417,-0.9897928873697917
1787620263.957261,267.1131978500107,200.75595447228358,-104.67091115945148,-2.3693712317790543,0.6203073662027316,-0.7936930338541667,-0.9897928873697917
1787620263.9741828,264.75321953534944,201.4110909610437,-105.51480100786527,-2.3599783146612636,0.6551364887601265,-0.7960123697916667,-0.9897928873697917
1787620263.991105,262.40476877290246,202.10641869144348,-106.49293277983286,-2.348450762447013,0.6953277303997731,-0.8012308756510417,-0.9897928873697917
1787620264.008152,260.0700343619616,202.84649774981165,-107.58790707010064,-2.3347344109409036,0.7400790583681595,-0.7919535319010417,-0.9897928873697917
1787620264.024966,257.75133102348076,203.6353682933456,-108.78936003313319,-2.3187033384808062,0.7888705435339702,-0.7954325358072917,-0.9897928873697917
1787620264.041766,255.45106082611284,204.47647413145333,-110.0852037572539,-2.3002701973679174,0.8411058381077188,-0.7954325358072917,-0.9897928873697917
1787620264.058143,253.17169683262932,205.37268944411548,-111.46408573827406,-2.2793639934835093,0.8962153126621387,-0.7954325358072917,-0.9897928873697917
1787620264.075006,250.9158384441942,206.3265264894021,-112.91993678197426,-2.2558583884351253,0.9538370452866347,-0.8023905436197917,-0.9897928873697917
1787620264.092014,248.6862057988569,207.3401538909882,-114.44732001225506,-2.229632645337318,1.0136274015860987,-0.8093485514322917,-0.9897928873697917
1787620264.108072,246.48554817014167,208.41523914278386,-116.03685437373773,-2.200657628715218,1.0750852517956546,-0.8093485514322917,-0.9897928873697917
1787620264.124953,244.3165040438401,209.55275833928167,-117.67401777332468,-2.1690441263015674,1.1375191964977929,-0.8000712076822917,-0.9897928873697917
1787620264.141751,242.18170359060355,210.75331213186223,-119.35221865735772,-2.134800453236563,1.2005537925805678,-0.8000712076822917,-0.9897928873697917
1787620264.158551,240.08375599997,212.01716272618964,-121.06570080265645,-2.0979475906335283,1.2638505943274119,-0.8000712076822917,-0.9897928873697917
1787620264.17553,238.0253399125486,213.3444251936799,-122.81383977801033,-2.0584160874214263,1.3272624674902778,-0.8064493815104167,-0.9897928873697917
1787620264.192353,236.0093166757301,214.73523530997832,-124.60094049888632,-2.0160232368184916,1.3908101162984114,-0.8197550455729167,-0.9897928873697917
1787620264.209596,234.03870279976857,216.1896710918609,-126.42963590930859,-1.970613875961532,1.454435781882588,-0.8313517252604167,-0.9897928873697917
1787620264.225524,232.11661474712344,217.7076566080235,-128.30021736248545,-1.9220880526451265,1.5179855161626155,-0.8400187174479167,-0.9897928873697917
1787620264.2436118,230.2462198122679,219.28889830746994,-130.21135378235488,-1.8703949348555478,1.5812416994464153,-0.8463968912760417,-0.9897928873697917
1787620264.260672,228.43082601072547,220.93299315950054,-132.1652754610054,-1.8153938015424254,1.6440948520306087,-0.8573832194010417,-0.9897928873697917
1787620264.277313,226.67379008020586,222.63931296740685,-134.16104139425227,-1.7570359305196093,1.7063198079063082,-0.8643412272135417,-0.9897928873697917
1787620264.294392,224.97849712475687,224.40699063949748,-136.1974502121834,-1.695292955449002,1.767677672090622,-0.8707194010416667,-0.9897928873697917
1787620264.311029,223.34820051675482,226.2347859056502,-138.2687275900093,-1.6302966080020511,1.8277952661527173,-0.8707194010416667,-0.9897928873697917
1787620264.32788,221.78601383003448,228.12112503940185,-140.36987596671287,-1.5621866867203513,1.8863391337516513,-0.8707194010416667,-0.9897928873697917
1787620264.344758,220.29490429870194,230.06413686204112,-142.49658283480633,-1.4911095313325398,1.9430118226392914,-0.8707194010416667,-0.9897928873697917
1787620264.361679,218.87768759968648,232.06168521194093,-144.64513590342457,-1.417216699015455,1.997548349899815,-0.8707194010416667,-0.9897928873697917
1787620264.378488,217.53702375925144,234.11139813164294,-146.81234601384324,-1.3406638404350333,2.0497129197020043,-0.8707194010416667,-0.9897928873697917
1787620264.3963149,216.2754139965319,236.2106940603601,-148.9954780245958,-1.2616097627195435,2.0992959287171784,-0.8707194010416667,-0.9897928873697917
1787620264.413198,215.09519833625012,238.35680533144944,-151.1921894678277,-1.1802156602817953,2.1461112710893335,-0.8707194010416667,-0.9897928873697917
1787620264.429881,213.99855384478073,240.54679927082717,-153.4004765315908,-1.0966444914693956,2.1899939393777306,-0.8707194010416667,-0.9897928873697917
1787620264.4467468,212.98749336639034,242.77759717883052,-155.61862678966793,-1.011060478390379,2.2307979080033506,-0.8707194010416667,-0.9897928873697917
1787620264.463665,212.0638646582498,245.04599145863008,-157.84517804284502,-0.9236287081405542,2.2683942797995686,-0.8707194010416667,-0.9897928873697917
1787620264.4799428,211.22934984280388,247.34866113174252,-160.0788826266088,-0.8345148154459225,2.3026696731124257,-0.8707194010416667,-0.9897928873697917
1787620264.496916,210.4854651138111,249.68218595739836,-162.3186765616043,-0.7438847289927735,2.333524825655849,-0.8707194010416667,-0.9897928873697917
1787620264.514077,209.8332261351662,252.04296695482927,-164.5555345560164,-0.6522389786449008,2.360780997430914,-0.8602823893229167,-0.9897928873697917
1787620264.530946,209.2735231074436,254.427382003599,-166.78989851484903,-0.5597030277226114,2.3844150487697275,-0.8602823893229167,-0.9897928873697917
1787620264.547779,208.80711818360223,256.8317881780759,-169.02214363724374,-0.4664049238413793,2.404406174476904,-0.8602823893229167,-0.9897928873697917
1787620264.5646138,208.4346431633643,259.25252462899925,-171.25258853894005,-0.3724750202379089,2.420736450923343,-0.8602823893229167,-0.9897928873697917
1787620264.5814888,208.15659747371916,261.685915925232,-173.48150382401556,-0.2780456896451573,2.4333912962327595,-0.8602823893229167,-0.9897928873697917
1787620264.5993578,207.97334643918785,264.1282757809758,-175.70911934749128,-0.18325103453131597,2.4423598557438284,-0.8602823893229167,-0.9897928873697917
1787620264.6162088,207.8851198426336,266.57591110403484,-177.9356303716586,-0.08822659655425369,2.4476353230590435,-0.8602823893229167,-0.9897928873697917
1787620264.632734,207.89201077529253,269.02512630944864,-180.16120278675587,0.006890932658932862,2.4492152054137777,-0.8602823893229167,-0.9897928873697917
1787620264.649718,207.9939747731591,271.4722278502159,-182.3859775397283,0.10196399786655012,2.4471015407672687,-0.8602823893229167,-0.9897928873697917
1787620264.666781,208.190829235753,273.91352892310744,-184.61007439230454,0.19685446259389827,2.4413010728915268,-0.8602823893229167,-0.9897928873697917
1787620264.6838038,208.4822531225154,276.34535431288936,-186.83359511076023,0.2914238867624134,2.4318253897819275,-0.8602823893229167,-0.9897928873697917
1787620264.700625,208.8677869215474,278.7640453427967,-189.05662617389214,0.3855337990320066,2.4186910299073086,-0.8602823893229167,-0.9897928873697917
1787620264.718442,209.3465516333258,281.1660209794892,-191.272532126375,0.47876471177837193,2.401975636692499,-0.8516153971354167,-0.9897928873697917
1787620264.735255,209.91757985828812,283.54774921229404,-193.4823907269901,0.5710282249623279,2.381728232804827,-0.8516153971354167,-0.9897928873697917
1787620264.7521741,210.57981096896526,285.90574678752796,-195.68711557537048,0.6622311106771326,2.357997575233917,-0.8516153971354167,-0.9897928873697917
1787620264.769069,211.33208720388564,288.23657991652476,-197.8874814283276,0.7522762349203614,2.3308331289968063,-0.8516153971354167,-0.9897928873697917
1787620264.786029,212.17315059861906,290.5368657628876,-200.0841455265727,0.8410633947334183,2.3002858463628377,-0.8516153971354167,-0.9897928873697917
1787620264.803047,213.1014466196807,292.80335403911783,-202.27275982682747,0.9282960210616311,2.2664882762302434,-0.8452372233072917,-0.9897928873697917
1787620264.819893,214.11535513887625,295.03285894464517,-204.45454341685587,1.0139085191955504,2.2295049055273317,-0.8452372233072917,-0.9897928873697917
1787620264.836776,215.2131845945317,297.22225911259386,-206.63052929724412,1.0978294556554429,2.189400167948704,-0.8452372233072917,-0.9897928873697917
1787620264.853718,216.3931673682861,299.3684984428654,-208.80159318914104,1.1799827737544026,2.1462393302715745,-0.8452372233072917,-0.9897928873697917
1787620264.87062,217.65345623738656,301.4685876256431,-210.9684777725681,1.260288869100471,2.1000891827776886,-0.8452372233072917,-0.9897928873697917
1787620264.887446,218.99212177910874,303.51960619616733,-213.1318131096085,1.338665541722185,2.0510185705242274,-0.8452372233072917,-0.9897928873697917
1787620264.905248,220.40715061870858,305.51870499121395,-215.29213387451995,1.4150288395998298,1.9990987950466255,-0.8452372233072917,-0.9897928873697917
1787620264.92221,221.89644442536252,307.4631089016042,-217.44989390569586,1.4892938066539214,1.9444039103902555,-0.8452372233072917,-0.9897928873697917
1787620264.938633,223.45781957204636,309.3501198344331,-219.6054785071813,1.5613751466838541,1.8870109328288942,-0.8452372233072917,-0.9897928873697917
1787620264.956396,225.089007385402,311.1771198144205,-221.7592148560838,1.6311878133556381,1.826999979987448,-0.8452372233072917,-0.9897928873697917
1787620264.9731789,226.7876549204986,312.9415741665754,-223.9113808135583,1.698647535096599,1.764454352154844,-0.8452372233072917,-0.9897928873697917
1787620264.9900951,228.55132620315229,314.64103473277936,-226.0622123886298,1.7636712826536804,1.6994605662039963,-0.8452372233072917,-0.9897928873697917
1787620265.007087,230.3775038892494,316.27314308339544,-228.21191006400826,1.8261776860971128,1.6321083506160612,-0.8452372233072917,-0.9897928873697917
1787620265.02406,232.2635912964394,317.83563369194246,-230.36064415971268,1.8860874071899816,1.5624906085469947,-0.8452372233072917,-0.9897928873697917
1787620265.041153,234.2068803080676,319.3263819693691,-232.50723489338006,1.9432890116282144,1.4907482774266239,-0.8434977213541667,-0.9897928873697917
1787620265.058336,236.20442465157518,320.74360432492676,-234.64497374859187,1.9975443435075797,1.417222355557667,-0.8342508951822917,-0.9897928873697917
1787620265.0752041,238.25326803262666,322.0855966532574,-236.7752028867935,2.0488433810514834,1.3419923283306423,-0.8342508951822917,-0.9897928873697917
1787620265.092134,240.35043792263792,323.3507373813234,-238.89905915485315,2.0971698900112474,1.26514072806602,-0.8342508951822917,-0.9897928873697917
1787620265.109081,242.49294098435342,324.5374906159618,-241.0175059895734,2.1425030617155096,1.1867532346383745,-0.8342508951822917,-0.9897928873697917
1787620265.126069,244.67775988664906,325.64440930022,-243.13136022924343,2.184818902295643,1.1069186842581733,-0.8342508951822917,-0.9897928873697917
1787620265.142947,246.90185129844377,326.67013830993545,-245.2413146814465,2.2240914117947246,1.0257290097154588,-0.8342508951822917,-0.9897928873697917
1787620265.1598651,249.16214488389485,327.6134174398657,-247.34795714529304,2.260293585451072,0.9432791299302463,-0.8342508951822917,-0.9897928873697917
1787620265.1767948,251.45554314806665,328.47308424234734,-249.45178646442704,2.2933982641718025,0.8596668024816124,-0.8342508951822917,-0.9897928873697917
1787620265.193655,253.77890428396108,329.24812981624103,-251.55191600912892,2.3233611358944244,0.7750455738937151,-0.8325113932291667,-0.9897928873697917
1787620265.21043,256.1289748849237,329.93796369471426,-253.64105729041526,2.350070600962639,0.6898338784732096,-0.8220743815104167,-0.9897928873697917
1787620265.227384,258.5025005986607,330.542180787843,-255.71784075751899,2.373525713736959,0.6042170931287499,-0.8180155436197917,-0.9897928873697917
1787620265.244406,260.896225793194,331.0606229759961,-257.7794103752738,2.393725194533309,0.5184421881531236,-0.8116678873697917,-0.9897928873697917
1787620265.2605162,263.30686022211813,331.4936867813262,-259.8156052139499,2.410634428924144,0.4330638053300765,-0.7948527018229167,-0.9897928873697917
1787620265.276524,265.7312737286867,331.84142484161026,-261.837631770982,2.424413506568545,0.34773806028410936,-0.8047098795572917,-0.9897928873697917
1787620265.2946188,268.1646041637282,332.120002664316,-263.4689742504345,2.433330435041509,0.2785778227057479,-0.2638773600260417,-0.9897928873697917
1787620265.310588,270.6027828148773,332.35235471290633,-264.55630149393716,2.4381786511490877,0.23235204859033384,0.16513875325520833,-0.9897928873697917
1787620265.327652,273.0436431092644,332.5546011781124,-265.2633673714726,2.4408602943870874,0.20224646520606435,0.17499593098958333,-0.9897928873697917
1787620265.345613,275.4860099310377,332.73775935375573,-265.7112977395169,2.4423668217733323,0.18315817564330872,0.17499593098958333,-0.9897928873697917
1787620265.362627,277.92922462474814,332.9092369611621,-265.985265530261,2.443214693710456,0.17147760740634524,0.17499593098958333,-0.9897928873697917
1787620265.380408,280.37290736333625,333.0739102210779,-266.1448187629668,2.443682738588108,0.1646732599157732,0.17499593098958333,-0.9897928873697917
1787620265.397074,282.8168358446373,333.2348952753235,-266.2312898709418,2.4439284813010675,0.16098505424559692,0.17499593098958333,-0.9897928873697917
1787620265.414001,285.2608811615686,333.3940967143601,-266.2731041782329,2.444045316931312,0.15920143903660205,0.17499593098958333,-0.9897928873697917
1787620265.4308832,287.7049721493201,333.55259546198084,-266.28957722629895,2.4440909877514834,0.15849874762076732,0.17499593098958333,-0.9897928873697917
1787620265.447647,290.14906954520325,333.71099536363084,-266.29189442707025,2.444097395883149,0.1583999016499962,0.23462727864583333,-0.9897928873697917
1787620265.465618,292.5931596977413,333.86950698992985,-266.2892753169022,2.4440901525380934,0.1585116262990248,0.3544698079427083,-0.9897928873697917
1787620265.4826481,295.0371710996338,334.02922823718694,-266.26091822426764,2.444011401892468,0.15972124725709375,0.4807210286458333,-0.9897928873697917
1787620265.499638,297.48093512609876,334.19269074775565,-266.1732061110247,2.443764026464997,0.1634625105687039,0.5889973958333333,-0.9897928873697917
1787620265.517472,299.92415300331606,334.36412299049795,-265.98632937540816,2.4432178772173088,0.17143224274232202,0.6949544270833333,-0.9897928873697917
1787620265.534461,302.3661495345832,334.55215370789574,-265.59698356375105,2.441996531267163,0.18803071739777555,0.9873738606770833,-0.9897928873697917
1787620265.550674,304.8059686945505,334.76659501935995,-264.97704995402114,2.439819159967298,0.21444131146424122,0.9891133626302083,-0.9897928873697917
1787620265.567512,307.2423035708764,335.01754318094737,-264.1191404869436,2.4363348763259083,0.2509481615874189,0.9891133626302083,-0.9897928873697917
1787620265.584363,309.67342113301146,335.3148141154238,-263.02862371567835,2.431117562135082,0.29727093447644687,0.9891133626302083,-0.9897928873697917
1787620265.6010392,312.0971062379517,335.6675932552506,-261.7184788819716,2.423685104940249,0.3527791398267985,0.9891133626302083,-0.9897928873697917
1787620265.617548,314.5106341247485,336.08422948634495,-260.20581888075975,2.4135278867967673,0.41663623109436976,0.9891133626302083,-0.9897928873697917
1787620265.635036,316.9107717464668,336.5721249733281,-258.5095828624931,2.400137621718324,0.4878954869831451,0.9891133626302083,-0.9897928873697917
1787620265.651477,319.2938036244497,337.1376881244647,-256.6490431846519,2.3830318779828823,0.5655631511366459,0.9891133626302083,-0.9897928873697917
1787620265.668951,321.6555761345265,337.7863276391814,-254.64287462360335,2.3617725100767664,0.6486395147167191,0.9891133626302083,-0.9897928873697917
1787620265.685421,323.9915540561132,338.5224728417506,-252.50860762864758,2.335977921586729,0.7361452025691753,0.9891133626302083,-0.9897928873697917
1787620265.702869,326.2968839874408,339.3496103860147,-250.2623401842724,2.305329931327617,0.8271375442641229,0.9891133626302083,-0.9897928873697917
1787620265.719115,328.5664603240637,340.2703306810271,-247.91862048390843,2.2695763366229067,0.9207202950123552,0.9891133626302083,-0.9897928873697917
1787620265.734966,330.7949906153406,341.28637957269893,-245.4904393870018,2.228530291276884,1.0160488916718855,0.9891133626302083,-0.9897928873697917
1787620265.750998,332.97705810764177,342.3987122875145,-242.98929061074097,2.182067492301135,1.1123327148155553,0.9891133626302083,-0.9897928873697917
1787620265.767552,335.1071800970467,343.6075476442359,-240.4252700138474,2.130121989404952,1.2088353567214196,0.9891133626302083,-0.9897928873697917
1787620265.785037,337.179861341641,344.912421227275,-237.8071947550923,2.072681244594316,1.3048735830390914,0.9891133626302083,-0.9897928873697917
1787620265.801615,339.18964224223595,346.31223669404557,-235.14272969740594,2.009780900594937,1.3998154667705764,0.9891133626302083,-0.9897928873697917
1787620265.818718,341.13114181824926,347.8053147247414,-232.43851300011593,1.941499576013307,1.49307803069581,0.9891133626302083,-0.9897928873697917
1787620265.835701,342.99909571207,349.38943935997884,-229.70027598481784,1.8679538938207427,1.5841246352374734,0.9891133626302083,-0.9897928873697917
1787620265.852544,344.7883895775494,351.0619016382871,-226.93295449512362,1.7892938654794242,1.6724622783082537,0.9891133626302083,-0.9897928873697917
1787620265.870377,346.49408826928845,352.81954056093474,-224.14079039723825,1.705698691739058,1.7576389226476532,0.9891133626302083,-0.9897928873697917
1787620265.887271,348.1114612676483,354.6587814895743,-221.32742280081075,1.6173729983598109,1.8392409286395661,0.9891133626302083,-0.9897928873697917
1787620265.904307,349.64334562736667,356.56981077188703,-218.7157229616791,1.5318843597183656,1.9110292823127004,0.7327046712239583,-0.9897928873697917
1787620265.92142,351.10237785215634,358.53702392160716,-216.5633928465834,1.4590322247896599,1.9672131497201004,0.3595662434895833,-0.9897928873697917
1787620265.937703,352.50568567277753,360.5443678806709,-214.9568923421305,1.403307820621199,2.007343959063748,0.07874348958333333,-0.9897928873697917
1787620265.9547572,353.8680436070242,362.5797261951702,-213.79619572766325,1.3623579342466963,2.0353583144992964,-0.010642496744791667,-0.9897928873697917
1787620265.971591,355.20046638711636,364.63480579083017,-212.95759242371065,1.3324227800921609,2.0550795956599393,-0.010642496744791667,-0.9897928873697917
1787620265.988554,356.51183752788654,366.70338219516276,-212.37259716379387,1.3113711407701831,2.0685764043325667,-0.05211588541666667,-0.9897928873697917
1787620266.006546,357.80963186301415,368.7805033936288,-211.997320934725,1.297794335127624,2.0771211984660383,-0.14443155924479167,-0.9897928873697917
1787620266.0235462,359.10011623814876,370.86217404167564,-211.795902138048,1.2904843751346156,2.081670648046843,-0.2767862955729167,-0.9897928873697917
1787620266.040567,360.3878355820129,372.94555626797126,-211.7198288666979,1.287719343864102,2.083382226295633,-0.4066996256510417,-0.9897928873697917
1787620266.0566552,361.67516424039906,375.0291799227381,-211.70908511947292,1.2873286583861936,2.0836236547668454,-0.5034098307291667,-0.9897928873697917
1787620266.073848,362.96277277058635,377.11263063787277,-211.71678139343464,1.2876085301873144,2.0834507151346795,-0.6767801920572917,-0.9897928873697917
1787620266.091037,364.2530901290927,379.1944048148054,-211.79130529658298,1.290317358506325,2.0817741769326474,-0.7637247721354167,-0.9897928873697917
1787620266.1080341,365.55085251707106,381.2715459736473,-211.99643970159008,1.2977623879783615,2.077141158841893,-0.8501505533854167,-0.9897928873697917
1787620266.1249979,366.8630055747229,383.3396264756349,-212.39425742604337,1.312153057651808,2.068080501987617,-0.9458841959635417,-0.9897928873697917
1787620266.141918,368.19810517651496,385.39296806015045,-213.03225398224455,1.3350996017920957,2.0533415845155742,-1.0108561197916666,-0.9897928873697917
1787620266.1585898,369.5648151614246,387.4254066020392,-213.9187947899442,1.366709984909601,2.0324385418887188,-1.0108561197916666,-0.9897928873697917
1787620266.175555,370.9713366449553,389.43050009755825,-215.048671608078,1.4065214835307114,2.0050934955190765,-1.0108561197916666,-0.9897928873697917
1787620266.192634,372.4250473631985,391.40164893949566,-216.40855706416804,1.4537107182432243,1.9711488419373893,-1.0108561197916666,-0.9897928873697917
1787620266.209644,373.9322903130126,393.3321725212325,-217.98069237603636,1.507242949814098,1.9305235817368405,-1.0108561197916666,-0.9897928873697917
1787620266.225791,375.49826696511195,395.21536654588476,-219.74533653133116,1.565976652099388,1.8831940246522487,-1.0108561197916666,-0.9897928873697917
1787620266.242296,377.1270024015923,397.04455311027874,-221.6823529002343,1.628735436480345,1.8291865643939988,-1.0108561197916666,-0.9897928873697917
1787620266.259358,378.8213587836907,398.81312854261085,-223.7722000815672,1.694356382098415,1.768575432332111,-1.0108561197916666,-0.9897928873697917
1787620266.2762518,380.5830802638423,400.51461026034355,-225.99651562976373,1.7617214801516343,1.701481717732717,-1.0108561197916666,-0.9897928873697917
1787620266.2928078,382.41285737020957,402.1426822336975,-228.33842546216988,1.8297771063672372,1.628071973353968,-1.0108561197916666,-0.9897928873697917
1787620266.309953,384.31040246172967,403.69123808837446,-230.78267192069552,1.8975450915200789,1.5485558546769944,-1.0108561197916666,-0.9897928873697917
1787620266.326777,386.27453043126593,405.15442089605494,-233.31562513400382,1.9641279695362666,1.463182807680464,-1.0108561197916666,-0.9897928873697917
1787620266.343164,388.3032406922799,406.5266589534863,-235.92522223869224,2.0287102610139756,1.3722380574313442,-1.0108561197916666,-0.9897928873697917
1787620266.35994,390.39379781899675,407.80269716190315,-238.600864826795,2.0905571267168312,1.2760382084168989,-1.0108561197916666,-0.9897928873697917
1787620266.3769228,392.542809165397,408.9776239010871,-241.33329500777296,2.149011346400221,1.1749267391839584,-1.0108561197916666,-0.9897928873697917
1787620266.393897,394.7462984683,410.04689351226966,-244.11446349604537,2.2034893029029856,1.0692696111825382,-1.0108561197916666,-0.9897928873697917
1787620266.4107652,396.9997749189836,411.0063446551742,-246.93739829206382,2.253476450683593,0.9594511429045337,-1.0108561197916666,-0.9897928873697917
1787620266.427835,399.2982975201975,411.8522148941087,-249.7960791940457,2.298522601213914,0.8458702389345332,-1.0108561197916666,-0.9897928873697917
1787620266.444797,401.63653477041373,412.58115190860826,-252.68532111391053,2.338237250216244,0.7289370144995515,-1.0108561197916666,-0.9897928873697917
1787620266.4617999,404.00881986363754,413.1902217288049,-255.60066765707154,2.3722850932238333,0.6090698201966099,-1.0108561197916666,-0.9897928873697917
1787620266.4786031,406.4092016825162,413.67691437617395,-258.5382954352584,2.400381818878657,0.4866926473690883,-1.0108561197916666,-0.9897928873697917
1787620266.495657,408.83149191081964,414.039147256062,-261.4949289537417,2.4222902283034493,0.3622328798880138,-1.0108561197916666,-0.9897928873697917
1787620266.5120661,411.2693086105919,414.27526660664114,-264.46776553538075,2.437816699772244,0.23611935057912342,-1.0108561197916666,-0.9897928873697917
1787620266.528875,413.716116608334,414.3840472648095,-267.45440953357286,2.4468079977421193,0.10878065816837341,-1.0108561197916666,-0.9897928873697917
1787620266.5456588,416.1652650201545,414.36469096652104,-270.452814988134,2.4491484118205067,-0.019356298288444637,-1.0108561197916666,-0.9897928873697917
1787620266.561862,418.6100222228484,414.2168233592412,-273.4612358531448,2.444757202693892,-0.14786760727988565,-1.0108561197916666,-0.9897928873697917
1787620266.578711,421.0436085499603,413.94048986887066,-276.47818294669514,2.433586327111903,-0.2763334903704948,-1.0108561197916666,-0.9897928873697917
1787620266.5961769,423.45922696165684,413.53615053306595,-279.50238682068147,2.4156184116965473,-0.40433933580470904,-1.0108561197916666,-0.9897928873697917
1787620266.61295,425.85009190651954,413.004673887452,-282.5327658118015,2.3908649448626833,-0.531476645613991,-1.0108561197916666,-0.9897928873697917
1787620266.629945,428.2094565634332,412.347329970531,-285.56839860432905,2.3593646569136575,-0.6573439169209995,-1.0108561197916666,-0.9897928873697917
1787620266.646931,430.5306386234152,411.5657824967177,-288.60850070576026,2.3211820599820197,-0.7815474738133121,-1.0108561197916666,-0.9897928873697917
1787620266.66373,432.8070447450142,410.66208023438077,-291.652404304653,2.2764061215989995,-0.9037022623369617,-1.0108561197916666,-0.9897928873697917
1787620266.6805918,435.0321937930788,409.638647616519,-294.6995410439735,2.2251490480646208,-1.0234326178617985,-1.0108561197916666,-0.9897928873697917
1787620266.698451,437.19973894936516,408.49827460523454,-297.74942730198825,2.167545156286333,-1.1403730112844652,-1.0108561197916666,-0.9897928873697917
1787620266.716278,439.3034887646069,407.2441058270087,-300.80165162578436,2.1037498152417866,-1.254168778225838,-1.0108561197916666,-0.9897928873697917
1787620266.733162,441.33742720522986,405.879628993507,-303.8558640098536,2.0339384406229306,-1.3644768335016555,-1.0108561197916666,-0.9897928873697917
1787620266.75001,443.29573273371415,404.40866262186074,-306.9117667540543,1.9583055284842925,-1.4709663716462718,-1.0108561197916666,-0.9897928873697917
1787620266.766793,445.1727964495332,402.8353430687623,-309.9691066720467,1.877063715819073,-1.5733195530984276,-1.0108561197916666,-0.9897928873697917
1787620266.783526,446.96323930744165,401.1641108939969,-313.0276684534105,1.7904428579084153,-1.6712321747654,-1.0108561197916666,-0.9897928873697917
1787620266.801373,448.66192842146995,399.3996965709741,-316.0872690105713,1.698689114028312,-1.7644143230228126,-1.0108561197916666,-0.9897928873697917
1787620266.8180768,450.2639924561284,397.54710556423237,-319.14775266582967,1.6020640346584436,-1.852591006741707,-1.0108561197916666,-0.9897928873697917
1787620266.8350232,451.7648361008543,395.61160279660527,-322.2089870546603,1.5008436447259466,-1.935502767627078,-1.0108561197916666,-0.9897928873697917
1787620266.851795,453.1601536195001,393.59869653163247,-325.27085963941414,1.3953175186457303,-2.012906264972779,-1.0108561197916666,-0.9897928873697917
1787620266.8688939,454.4459414634999,391.5141216997714,-328.33327474300205,1.285787843999822,-2.084574831861076,-1.0108561197916666,-0.9897928873697917
1787620266.886048,455.6185099351444,389.3638226999317,-331.3961510253852,1.1725684716445064,-2.150298999839699,-1.0108561197916666,-0.9897928873697917
1787620266.902795,456.6744938860031,387.15393571075435,-334.45941933704506,1.0559839508587219,-2.209886989177308,-1.0108561197916666,-0.9897928873697917
1787620266.9198132,457.61086243486596,384.8907705488391,-337.52302089331477,0.9363685488628275,-2.263165161915247,-1.0108561197916666,-0.9897928873697917
1787620266.9367738,458.42492768952116,382.58079211375156,-340.5869057217539,0.8140652546551972,-2.309978435087547,-1.0108561197916666,-0.9897928873697917
1787620266.953797,459.11717892839346,380.2314324495694,-343.5821120445571,0.6922512388722799,-2.349359664182165,-0.9346537272135417,-0.9897928873697917
1787620266.970743,459.7202232711826,377.85760850284623,-345.7461486127824,0.6030443427891143,-2.3738239467231743,-0.010642496744791667,-0.9897928873697917
1787620266.987547,460.25827301772176,375.4682142114712,-347.3096650333252,0.5380497465391566,-2.389394291375011,-0.010642496744791667,-0.9897928873697917
1787620267.0052989,460.7462107025489,373.0828605892026,-348.4393056471674,0.4879376848271566,-2.385353622268603,-0.010642496744791667,-0.9702616373697917
1787620267.022165,461.1573190989159,370.91636140872413,-349.25547099066836,0.41110839636696905,-2.166499180478472,-0.010642496744791667,-0.6689921061197917
1787620267.038953,461.4753372444005,369.14086419613017,-349.8451504513478,0.318018145484643,-1.7754972125939574,-0.010642496744791667,-0.34071451822916665
1787620267.0559092,461.7007216386106,367.82629102311284,-350.27119386168874,0.22538439421012038,-1.314573173017316,-0.010642496744791667,-0.056077067057291666
1787620267.0720608,461.84884462845446,366.93358229824173,-350.57901022566006,0.14812298984385366,-0.8927087248711153,-0.010642496744791667,0.12809651692708332
1787620267.089121,461.94229518752394,366.35651129698095,-350.8014075486293,0.09345055906949282,-0.5770710012607894,-0.010642496744791667,0.18550008138020832
1787620267.105993,461.9999647265699,365.99395292599047,-350.9620896144746,0.0576695390459522,-0.3625583709905022,-0.010642496744791667,0.18550008138020832
1787620267.1228049,462.0343723285502,365.7747766404988,-351.07818240704785,0.03440760198033152,-0.2191762854916349,-0.010642496744791667,0.18550008138020832
1787620267.1396449,462.05388484000946,365.6492832001672,-351.162059449682,0.0195125114592422,-0.1254934403316575,-0.010642496744791667,0.18550008138020832
1787620267.156416,462.0641148518994,365.5830280295718,-351.2226606129852,0.010230011889918419,-0.06625517059542994,-0.010642496744791667,0.18550008138020832
1787620267.174319,462.06882294221197,365.5523805732644,-351.2664449534717,0.004708090312597492,-0.030647456307425575,-0.010642496744791667,0.18550008138020832
1787620267.191249,462.07051261939773,365.54134095871484,-351.29807913947326,0.0016896771857548593,-0.01103961454955664,-0.010642496744791667,0.18550008138020832
1787620267.208199,462.07082960099206,365.5392644005335,-351.3209348388594,0.00031698159434969677,-0.00207655818133477,-0.010642496744791667,0.18550008138020832
1787620267.225043,462.07082577872325,365.53928948882833,-351.33744808166585,-3.8222687835400485e-06,2.508829482925328e-05,-0.010642496744791667,0.18550008138020832
1787620267.2419882,462.0704752226148,365.54159366259285,-351.34937889959355,-0.0003505561084330369,0.0023041737645383502,-0.010642496744791667,0.18550008138020832
1787620267.258869,462.0693888056801,365.54874181547666,-351.35799891554626,-0.0010864169346747649,0.007148152883787551,-0.010642496744791667,0.18550008138020832
1787620267.299819,462.0661126161558,365.5703135075161,-351.3642268770721,-0.003276189524264817,0.02157169203945004,-0.010642496744791667,0.31806844075520835
1787620267.3006709,462.06004989438884,365.6102539291139,-351.36872657927455,-0.0060627217669920585,0.03994042159781871,-0.010642496744791667,0.31806844075520835
1787620267.3178,462.04864850835384,365.68539351019155,-351.3719776141158,-0.011401386035016645,0.07513958107763843,-0.010642496744791667,0.44203084309895835
1787620267.333781,462.02531690893386,365.8392003623783,-351.3743264867886,-0.023331599419972992,0.15380685218672463,-0.010642496744791667,0.6750020345052083
1787620267.35074,461.98406910327327,366.11116897168154,-351.3760235472947,-0.04124780566057257,0.2719686093032687,-0.010642496744791667,0.7978352864583333
1787620267.368211,461.91455935373966,366.569549697498,-351.3772496735104,-0.0695097495335925,0.4583807258164556,-0.010642496744791667,0.9912251790364583
1787620267.384716,461.81416406066313,367.23167361740406,-351.3781355497012,-0.10039529307653809,0.6621239199060557,-0.010642496744791667,1.0101765950520833
1787620267.402453,461.6830660278449,368.0963524620419,-351.37877559524907,-0.1310980328182213,0.864678844637853,-0.010642496744791667,1.0101765950520833
1787620267.419463,461.5226553845589,369.1544251160062,-351.3792380281574,-0.16041064328604002,1.0580726539642862,-0.010642496744791667,1.0101765950520833
1787620267.4362812,461.33500576349775,370.3922154589492,-351.37957213593364,-0.18764962106116348,1.2377903429429384,-0.010642496744791667,1.0101765950520833
1787620267.453195,461.1225242530806,371.79384386377575,-351.379813528802,-0.2124815104171683,1.401628404826545,-0.010642496744791667,1.0101765950520833
1787620267.4700758,460.88772257227845,373.3427384706741,-351.3799879351494,-0.23480168080216596,1.548894606898355,-0.010642496744791667,1.0101765950520833
1787620267.4868789,460.63307218930333,375.02259211264544,-351.3801139437354,-0.254650382975114,1.679853641971358,-0.010642496744791667,1.0101765950520833
1787620267.503923,460.36091701420713,376.817938968403,-351.38020498493876,-0.2721551750961967,1.7953468557575518,-0.010642496744791667,1.0101765950520833
1787620267.5199418,460.0734250818095,378.71447367695026,-351.38027076220817,-0.2874919323976476,1.8965347085472861,-0.010642496744791667,1.0101765950520833
1787620267.53708,459.7725661919692,380.6991990084776,-351.38031828628533,-0.3008588898402895,1.9847253315273523,-0.010642496744791667,1.0101765950520833
1787620267.553731,459.46010642346175,382.7604621008837,-351.3803526224311,-0.31245976850744717,2.0612630924060684,-0.010642496744791667,1.0101765950520833
1787620267.570704,459.1376132404101,384.8879207535725,-351.3803774302964,-0.32249318305167085,2.1274586526887767,-0.010642496744791667,1.0101765950520833
1787620267.587481,458.8064668926458,387.07246817089754,-351.38039535397905,-0.33114634776426355,2.1845474173250388,-0.010642496744791667,1.0101765950520833
1787620267.604317,458.46787520776417,389.3061353211975,-351.3804083038398,-0.33859168488160846,2.2336671502999352,-0.010642496744791667,1.0101765950520833
1787620267.62186,458.1228898510622,391.58198361341454,-351.3804176601142,-0.3449853567019818,2.275848292217069,-0.010642496744791667,1.0101765950520833
1787620267.638471,457.7724228105793,393.8939960949041,-351.3804244200224,-0.35046704048289634,2.312012481489524,-0.010642496744791667,1.0101765950520833
1787620267.655893,457.41726233449333,396.2369722700076,-351.3804293040561,-0.35516047608597523,2.342976175103491,-0.010642496744791667,1.0101765950520833
1787620267.6723928,457.05808786899786,398.60642952043423,-351.38043283277045,-0.35917446549546783,2.3694572504266254,-0.010642496744791667,1.0101765950520833
1787620267.68991,456.6954837606888,400.9985126833738,-351.38043538226657,-0.36260410830909245,2.3920831629395773,-0.010642496744791667,1.0101765950520833
1787620267.7064881,456.32995162992455,403.40991240330004,-351.3804372242775,-0.36553213076422497,2.411399719926258,-0.010642496744791667,1.0101765950520833
1787620267.7240372,455.961921413009,405.83779227053043,-351.3804385551304,-0.3680302169155328,2.4278798672303967,-0.010642496744791667,1.0101765950520833
1787620267.740267,455.5917611272663,408.2797243888152,-351.38043951667163,-0.3701602857427362,2.441932118284803,-0.010642496744791667,1.0101765950520833
1787620267.756366,455.21978544536114,410.7336328014064,-351.3804402113852,-0.3719756819051772,2.4539084125911597,-0.010642496744791667,1.0101765950520833
1787620267.772738,454.8462631814539,413.19774409810714,-351.3804407133157,-0.3735222639072777,2.4641112967007563,-0.010642496744791667,1.0101765950520833
1787620267.789921,454.47142379748254,415.6705444883242,-351.3804410759605,-0.3748393839713568,2.4728003902170466,-0.010642496744791667,1.0101765950520833
1787620267.8064299,454.0954630368615,418.15074263188865,-351.3804413379714,-0.3759607606210663,2.4801981435644254,-0.010642496744791667,1.0101765950520833
1787620267.82437,453.71854778780516,420.6372375530342,-351.38044152727423,-0.3769152490563141,2.4864949211455274,-0.010642496744791667,1.0101765950520833
1787620267.8413062,453.34082027111145,423.12909101165036,-351.3804416640455,-0.37772751669370197,2.491853458616143,-0.010642496744791667,1.0101765950520833
1787620267.8582091,452.96240163876337,425.6255037619063,-351.3804417628628,-0.3784186323480977,2.49641275025595,-0.010642496744791667,1.0101765950520833
1787620267.875052,452.5833950609085,428.1257951864413,-351.3804418342583,-0.3790065778548412,2.500291424534948,-0.010642496744791667,1.0101765950520833
1787620267.891923,452.2038883701437,430.6293858513014,-351.38044188584155,-0.3795066907647988,2.503590664860093,-0.010642496744791667,1.0101765950520833
1787620267.908747,451.8239563238612,433.135782580731,-351.3804419231104,-0.3799320462825172,2.506396729429622,-0.010642496744791667,1.0101765950520833
1787620267.9253309,451.44366253786717,435.64456570073145,-351.3804419500372,-0.3802937859940029,2.5087831200004196,-0.010642496744791667,1.0101765950520833
1787620267.9422421,451.0630611376337,438.1553781455006,-351.3804419694918,-0.38060140023342687,2.510812444769172,-0.010642496744791667,1.0101765950520833
1787620267.9592068,450.69253369256,440.59973310895896,-351.38044198354777,-0.3705274450736923,2.4443549634583444,-0.010642496744791667,0.9183492024739583
1787620267.976504,450.3678684068649,442.7415372156506,-351.3804419937032,-0.32466528569514597,2.1418041066916897,-0.010642496744791667,0.5706013997395833
1787620267.992793,450.1185955788199,444.38598024907094,-351.3804420010405,-0.24927282804498294,1.6444430334203006,-0.010642496744791667,0.16279500325520832
1787620268.0102599,449.93849596066735,445.5740903407338,-351.3804420063417,-0.18009961815257117,1.1881100916628304,-0.010642496744791667,0.010420735677083333
1787620268.027028,449.8083739866095,446.4324998819689,-351.3804420101718,-0.13012197405784987,0.8584095412350935,-0.010642496744791667,-0.029099527994791666
1787620268.044201,449.7219185872928,447.00284274854687,-351.38044201293906,-0.08645539931670042,0.5703428665779424,-0.010642496744791667,-0.13704020182291668
1787620268.0611992,449.6696399927321,447.34772257936254,-351.3804420149384,-0.052278594560714424,0.3448798308156787,-0.010642496744791667,-0.23179728190104168
1787620268.078264,449.64211975481487,447.5292725058335,-351.3804420163829,-0.027520237917188696,0.18154992647094528,-0.010642496744791667,-0.30992228190104165
1787620268.095366,449.6309588263637,447.6029007115925,-351.38044201742656,-0.01116092845115247,0.07362820575899624,-0.010642496744791667,-0.38514811197916665
1787620268.111682,449.62880932298856,447.61708090076684,-351.3804420181806,-0.0021495033751379173,0.014180189174317747,-0.010642496744791667,-0.47306925455729165
1787620268.128885,449.6290072854679,447.6157749500812,-351.3804420187254,0.00019796247933428194,-0.0013059506856448143,-0.010642496744791667,-0.5824442545572917
1787620268.146328,449.63690883487294,447.5636487396073,-351.380442019119,0.007901549405086233,-0.05212621047386645,-0.010642496744791667,-0.8378763834635417
1787620268.163488,449.66461004327664,447.38090495789396,-351.3804420194034,0.027701208403701813,-0.18274378171332903,-0.010642496744791667,-0.9897928873697917
1787620268.180368,449.7185970393977,447.02475486902546,-351.3804420196089,0.05398699612105873,-0.3561500888685232,-0.010642496744791667,-0.9897928873697917
1787620268.1972191,449.8017589711215,446.4761388780928,-351.38044201975737,0.08316193172381524,-0.5486159909326707,-0.010642496744791667,-0.9897928873697917
1787620268.214588,449.91465572969867,445.7313634045459,-351.38044201986463,0.11289675857715928,-0.7447754735468697,-0.010642496744791667,-0.9897928873697917
1787620268.23213,450.05639344617566,444.7963252666934,-351.3804420199421,0.14173771647700392,-0.9350381378525525,-0.010642496744791667,-0.9897928873697917
1787620268.249225,450.2252226684089,443.6825655314806,-351.3804420199981,0.16882922223322816,-1.113759735212789,-0.010642496744791667,-0.9897928873697917
1787620268.26644,450.4189413301736,442.4046111431355,-351.3804420200386,0.1937186617646783,-1.2779543883450288,-0.010642496744791667,-0.9897928873697917
1787620268.283545,450.63516106462896,440.9782180637189,-351.3804420200678,0.21621973445536719,-1.4263930794166177,-0.010642496744791667,-0.9897928873697917
1787620268.299836,450.8714785088382,439.419241183947,-351.3804420200889,0.23631744420924516,-1.5589768797718506,-0.010642496744791667,-0.9897928873697917
1787620268.3171499,451.12558113036926,437.7429361892709,-351.3804420201041,0.25410262153106133,-1.676304994676113,-0.010642496744791667,-0.9897928873697917
1787620268.3334231,451.3953084372363,435.963555760301,-351.38044202011514,0.2697273068670244,-1.779380428969907,-0.010642496744791667,-0.9897928873697917
1787620268.3506172,451.6786832397714,434.09414333946967,-351.3804420201231,0.28337480253507485,-1.869412420831317,-0.010642496744791667,-0.9897928873697917
1787620268.367668,451.9739232193625,432.14645681252193,-351.38044202012884,0.29523997959113824,-1.947686526947707,-0.010642496744791667,-0.9897928873697917
1787620268.384074,452.2794399215972,430.1309751507081,-351.380442020133,0.30551670223465904,-2.0154816618138423,-0.010642496744791667,-0.9897928873697917
1787620268.401021,452.5938300683292,428.056955724736,-351.380442020136,0.3143901467320431,-2.0740194259721116,-0.010642496744791667,-0.9897928873697917
1787620268.417823,452.91586251423996,425.9325203518247,-351.38044202013816,0.3220324459107292,-2.1244353729113237,-0.010642496744791667,-0.9897928873697917
1787620268.433693,453.2444630715072,423.7647554067651,-351.38044202013975,0.32860055726725357,-2.1677649450595387,-0.010642496744791667,-0.9897928873697917
1787620268.45044,453.57869865689946,421.55981640291657,-351.3804420201409,0.334235585392283,-2.204939003848562,-0.010642496744791667,-0.9897928873697917
1787620268.468183,453.9177616826315,419.32303096511777,-351.3804420201417,0.33906302573206426,-2.236785437798779,-0.010642496744791667,-0.9897928873697917
1787620268.485153,454.2609552466506,417.05899652878605,-351.38044202014225,0.3431935640190882,-2.264034436331686,-0.010642496744791667,-0.9897928873697917
1787620268.5020318,454.6076794303274,414.77167073351103,-351.3804420201427,0.34672418367676217,-2.287325795275006,-0.010642496744791667,-0.9897928873697917
1787620268.518912,454.9574188465903,412.4644535675217,-351.380442020143,0.3497394162629408,-2.3072171659893534,-0.010642496744791667,-0.9897928873697917
1787620268.535671,455.30973147429773,410.1402610268951,-351.3804420201432,0.3523126277074324,-2.3241925406266004,-0.010642496744791667,-0.9897928873697917
1787620268.552763,455.66423874728963,407.80159049769134,-351.3804420201434,0.3545072729919121,-2.338670529203722,-0.010642496744791667,-0.9897928873697917
1787620268.5700722,456.02061682651305,405.45057833339916,-351.3804420201435,0.3563780792234072,-2.351012164292146,-0.010642496744791667,-0.9897928873697917
1787620268.587125,456.37858896200015,403.0890502426654,-351.38044202014356,0.35797213548710094,-2.361528090733769,-0.010642496744791667,-0.9897928873697917
1787620268.604478,456.737918842085,400.71856516425083,-351.3804420201436,0.35932988008484423,-2.370485078414541,-0.015494791666666667,-0.9897928873697917
1787620268.620529,457.09840482574685,398.34045331603426,-351.3804420201437,0.3604859836618532,-2.378111848216595,-0.015494791666666667,-0.9897928873697917
1787620268.6358101,457.45987495738245,395.9558490823634,-351.38044202014373,0.36147013163561065,-2.3846042336708697,-0.025748697916666667,-0.9897928873697917
1787620268.6527328,457.82218266959757,393.56571936257035,-351.38044202014373,0.3623077122151157,-2.3901297197930305,-0.013541666666666667,-0.9897928873697917
1787620268.669554,458.18520308739954,391.17088795206735,-351.38044202014373,0.36302041780200217,-2.3948314105030217,-0.010642496744791667,-0.9897928873697917
1787620268.6873128,458.54882985556355,388.7720564720876,-351.38044202014373,0.3636267681639927,-2.398831479979711,-0.010642496744791667,-0.9897928873697917
1787620268.7039318,458.91297241935325,386.3698223086631,-351.38044202014373,0.36414256378967624,-2.402234163424532,-0.019889322916666667,-0.9897928873697917
1787620268.7208261,459.27755369684826,383.96469396818895,-351.38044202014373,0.3645812774950061,-2.4051283404741413,-0.019889322916666667,-0.9897928873697917
1787620268.737608,459.64250808865626,381.55710420727485,-351.38044202014373,0.36495439180801437,-2.4075897609141004,-0.028678385416666667,-0.9897928873697917
1787620268.754603,460.00777977766717,379.1474212491995,-351.38044202014373,0.36527168901093415,-2.409682958075346,-0.028678385416666667,-0.9897928873697917
1787620268.772345,460.37330861421765,376.735956438856,-351.3807429013774,0.3655288365505058,-2.411464810343466,-0.06676432291666667,-0.9897928873697917
1787620268.789284,460.73899657918844,374.32296751566383,-351.3824117163552,0.36568796497076567,-2.4129889231921933,-0.10048624674479167,-0.9897928873697917
1787620268.8064299,461.1046619259556,371.9086587993199,-351.3875766257929,0.3656653467671788,-2.414308716343966,-0.14296671549479167,-0.9897928873697917
1787620268.823658,461.46993935879,369.49317221566065,-351.4007088429914,0.36527743283438546,-2.4154865836592427,-0.20595499674479167,-0.9897928873697917
1787620268.840891,461.83405604377344,367.0765589894336,-351.43156550766133,0.36411668498346733,-2.416613226227047,-0.3012003580729167,-0.9897928873697917
1787620268.8582468,462.1954910499731,364.65873454059226,-351.4979434956809,0.36143500619962876,-2.4178244488413196,-0.4169535319010417,-0.9897928873697917
1787620268.8752,462.5518463530398,362.23946892117885,-351.6206469426019,0.35635530306671903,-2.419265619413413,-0.5053629557291667,-0.9897928873697917
1787620268.891996,462.8991182092155,359.8182987988073,-351.8376549488368,0.3472718561756617,-2.42117012237156,-0.6469950358072917,-0.9897928873697917
1787620268.9085498,463.23195831390507,357.3946065883492,-352.1806119497175,0.3328401046895906,-2.4236922104580993,-0.7300028483072917,-0.9897928873697917
1787620268.9246268,463.5436577485089,354.967683872913,-352.6813385162393,0.3116994346038111,-2.426922715436167,-0.8076700846354167,-0.9897928873697917
1787620268.94167,463.8263502515816,352.53685415618384,-353.36660433559047,0.28269250307263905,-2.4308297167292103,-0.8711466471354167,-0.9897928873697917
1787620268.958646,464.07115713601246,350.1016138919093,-354.2595244717491,0.24480688443090412,-2.435240264274486,-0.9287943522135417,-0.9897928873697917
1787620268.9758,464.26834565917346,347.6617986857578,-355.3793360109506,0.1971885231609845,-2.4398152061515246,-0.9815287272135417,-0.9897928873697917
1787620268.992905,464.407989316152,345.21779603501335,-356.729830742488,0.13964365697853537,-2.4440026507444284,-1.0108561197916666,-0.9897928873697917
1787620269.009919,464.48090016865973,342.77070776148855,-358.2933804794215,0.07291085250772053,-2.447088273524815,-1.0108561197916666,-0.9897928873697917
1787620269.026817,464.47875116593013,340.32237689714583,-360.05029089684723,-0.0021490027295839815,-2.4483308643427226,-1.0108561197916666,-0.9897928873697917
1787620269.0436249,464.39413722671503,337.87537361481367,-361.9804185791581,-0.08461393921509956,-2.447003282332156,-1.0108561197916666,-0.9897928873697917
1787620269.060548,464.2205968347057,335.4329514750872,-364.0641827825935,-0.17354039200930865,-2.4424221397264994,-1.0108561197916666,-0.9897928873697917
1787620269.077485,463.95260823712687,332.9989838760443,-366.28316336269967,-0.2679885975788623,-2.433967599042875,-1.0108561197916666,-0.9897928873697917
1787620269.094663,463.58556938857,330.57788876124476,-368.62041966658506,-0.367038848556879,-2.421095114799518,-1.0108561197916666,-0.9897928873697917
1787620269.1114519,463.1157676188489,328.17454778302795,-371.0606247887903,-0.4698017697210778,-2.4033409782168125,-1.0108561197916666,-0.9897928873697917
1787620269.129371,462.5403429850606,325.7942244481522,-373.59008084893753,-0.5754246337883409,-2.3803233348757287,-1.0108561197916666,-0.9897928873697917
1787620269.146219,461.85724797075943,323.44248437839246,-376.196660565948,-0.6830950143011358,-2.3517400697597077,-1.0108561197916666,-0.9897928873697917
1787620269.163048,461.06520534766815,321.1251197135039,-378.86970600111215,-0.7920426230912735,-2.317364664888558,-1.0108561197916666,-0.9897928873697917
1787620269.179914,460.16366544792186,318.84807884428665,-381.59990521230196,-0.9015398997463218,-2.2770408692172612,-1.0108561197916666,-0.9897928873697917
1787620269.196736,459.15276370350546,316.61740204998307,-384.3791604771309,-1.0109017444164183,-2.230676794303597,-1.0108561197916666,-0.9897928873697917
1787620269.213436,458.03327903146476,314.43916318396174,-387.2004568236056,-1.11948467204072,-2.1782388660213363,-1.0108561197916666,-0.9897928873697917
1787620269.231133,456.806593440859,312.3194172642672,-390.05773622202713,-1.2266855906057832,-2.119745919694554,-1.0108561197916666,-0.9897928873697917
1787620269.2479098,455.47465308736,310.26415364614724,-392.9457804903695,-1.3319403534989713,-2.055263618119945,-1.0108561197916666,-0.9897928873697917
1787620269.265022,454.03993088963523,308.2792543532369,-395.8601044248853,-1.434722197724796,-1.9848992929103273,-1.0108561197916666,-0.9897928873697917
1787620269.281798,452.5053907389084,306.3704570997024,-398.7968596587189,-1.5345401507268595,-1.9087972535345221,-1.0108561197916666,-0.9897928873697917
1787620269.2985542,450.8744532729733,304.54332252957465,-401.75274911074087,-1.630937465935056,-1.8271345701277077,-1.0108561197916666,-0.9897928873697917
1787620269.316353,449.15096314372045,302.8032052183533,-404.72495149917046,-1.7234901292528546,-1.7401173112213575,-1.0108561197916666,-0.9897928873697917
1787620269.333194,447.33915767924856,301.1552280159046,-407.7110551783562,-1.8118054644718617,-1.6479772024487334,-1.0108561197916666,-0.9897928873697917
1787620269.3501282,445.44363682489455,299.60425935167257,-410.70900045518465,-1.8955208543540207,-1.550968664232,-1.0108561197916666,-0.9897928873697917
1787620269.367019,443.46933423955215,298.15489316836465,-413.7170295141206,-1.9743025853424048,-1.4493661833079008,-1.0108561197916666,-0.9897928873697917
1787620269.383942,441.4214894224134,296.8114311952761,-416.73364309926825,-2.0478448171387695,-1.3434619730885242,-1.0108561197916666,-0.9897928873697917
1787620269.400908,439.321970767823,295.5502406829994,-419.0065684523598,-2.0995186545904057,-1.261190512276682,-0.12050577799479167,-0.9897928873697917
1787620269.418051,437.1871683620008,294.3497336421069,-420.6487570199684,-2.1348024058222057,-1.2005070408924643,-0.010642496744791667,-0.9897928873697917
1787620269.435185,435.0279625248267,293.1936868259684,-421.83523826006564,-2.159205837174106,-1.1560468161384878,-0.010642496744791667,-0.9897928873697917
1787620269.4521768,432.8517003536129,292.07007197708816,-422.6924709560359,-2.176262171213827,-1.1236148488802742,-0.010642496744791667,-0.9897928873697917
1787620269.46913,430.66341755899435,290.97004603937086,-423.3118215788744,-2.188282794618521,-1.1000259377173172,-0.010642496744791667,-0.9897928873697917
1787620269.486043,428.4666086156406,289.88714312926186,-423.7593024038752,-2.19680894335374,-1.0829029101089964,-0.010642496744791667,-0.9897928873697917
1787620269.502976,426.26372264697414,288.81665267633247,-424.08260729993833,-2.2028859686664797,-1.0704904529294157,-0.010642496744791667,-0.9897928873697917
1787620269.5199292,424.056489465351,287.75515137441045,-424.31619508734394,-2.2072331816231627,-1.0615013019220467,-0.010642496744791667,-0.9897928873697917
1787620269.5360389,421.84613808039677,286.7001556499338,-424.4849622637445,-2.2103513849542074,-1.0549957244766952,-0.010642496744791667,-0.9897928873697917
1787620269.553144,419.68564812880044,285.6745982641625,-424.60689654869384,-2.160489951596338,-1.0255573857712454,-0.010642496744791667,-0.9116373697916667
1787620269.5702982,417.90038103353913,284.83051553531624,-424.69499406956976,-1.7852670952613134,-0.8440827288462488,-0.010642496744791667,-0.38270670572916665
1787620269.587028,416.5255207465505,284.18234288249533,-424.7586445284026,-1.3748602869886126,-0.6481726528209315,-0.010642496744791667,-0.16194254557291668
1787620269.603979,415.51159004593416,283.70532342753273,-424.80463198490935,-1.0139307006163731,-0.4770194549626161,-0.010642496744791667,-0.044724527994791666
1787620269.619782,414.7788253766974,283.36110174511964,-424.83785792223546,-0.7327646692367558,-0.3442216824131162,-0.010642496744791667,0.029951985677083334
1787620269.637223,414.27720925617297,283.1257203159921,-424.8618636619536,-0.5016161205244319,-0.23538142912754373,-0.010642496744791667,0.08613484700520833
1787620269.653745,413.95862393160314,282.97634303995994,-424.87920780889993,-0.31858532456980815,-0.14937727603218132,-0.010642496744791667,0.16670125325520832
1787620269.6712089,413.7806350232483,282.8929356465828,-424.89173895506866,-0.1779889083548503,-0.08340739337708748,-0.010642496744791667,0.25657552083333335
1787620269.687737,413.70578207951434,282.8578732284051,-424.9007927081756,-0.07485294373393939,-0.03506241817772622,-0.010642496744791667,0.37672322591145835
1787620269.705301,413.69273043691385,282.85176142938064,-424.90733404479533,-0.01305164260050868,-0.006111799024461847,-0.010642496744791667,0.5242146809895833
1787620269.7218602,413.6986407009273,282.85452848246933,-424.9120601605031,0.005910264013446781,0.0027670530886861207,-0.010642496744791667,0.7708577473958333
1787620269.738446,413.7637714994289,282.88501652971337,-424.91547477910194,0.06513079850161535,0.030488047244038325,-0.010642496744791667,0.8411702473958333
1787620269.756289,413.937883426361,282.9665100398575,-424.91794184103964,0.1741119269320945,0.08149351014410622,-0.010642496744791667,0.8875874837239583
1787620269.7725692,414.2540578566726,283.11448425891126,-424.9197242932896,0.3161744303116002,0.14797421905374467,-0.010642496744791667,0.9198140462239583
1787620269.790279,414.73012486519946,283.33727747949956,-424.92101211504024,0.4760670085268714,0.22279322058831563,-0.010642496744791667,0.9393452962239583
1787620269.806978,415.3724986061187,283.63788738976376,-424.92194256625504,0.642373740919276,0.3006099102641998,-0.010642496744791667,0.9525288899739583
1787620269.824063,416.17578534542366,284.0137878338053,-424.92261481725774,0.8032867393049715,0.37590044404150025,-0.010642496744791667,0.9525288899739583
1787620269.8411798,417.05795064179097,284.4265906199728,-424.9231005186072,0.8821652963672988,0.4128027861674918,-0.010642496744791667,0.7859944661458333
1787620269.857928,417.7791115499288,284.7640471984207,-424.92345143783217,0.7211609081378306,0.33745657844790744,-0.010642496744791667,0.22532552083333332
1787620269.874943,418.3001513849457,285.0078572707021,-424.9237049769722,0.5210398350168737,0.24381007228138993,-0.010642496744791667,0.017256673177083334
1787620269.891836,418.6766032289267,285.184008844361,-424.9238881590009,0.37645184398101333,0.17615157365889716,-0.010642496744791667,0.010420735677083333
1787620269.9086468,418.94858998018543,285.31127772806065,-424.9240205080166,0.2719867512587222,0.127268883699601,-0.010642496744791667,0.010420735677083333
1787620269.925473,419.1451005614299,285.403229168573,-424.9241161301805,0.19651058124444548,0.09195144051233664,-0.010642496744791667,0.010420735677083333
1787620269.943253,419.28707953648586,285.46966391314555,-424.9241852171939,0.14197897505595466,0.06643474457255201,-0.010642496744791667,0.010420735677083333
1787620269.960154,419.38965938777994,285.51766292673295,-424.9242351325611,0.10257985129410709,0.04799901358740231,-0.010642496744791667,0.010420735677083333
1787620269.97634,419.46377335216823,285.55234216740007,-424.9242711964139,0.07411396438826458,0.03467924066713213,-0.010642496744791667,0.010420735677083333
1787620269.993258,419.5173207028332,285.5773978944306,-424.92429725254755,0.053547350665002484,0.02505572703052738,-0.010642496744791667,0.010420735677083333
1787620270.010271,419.55600866963664,285.59550064449854,-424.9243160781041,0.03868796680344977,0.018102750067931245,-0.010642496744791667,0.010420735677083333
1787620270.0272079,419.583960728757,285.6085798747871,-424.9243296795687,0.027952059120376176,0.013079230288531866,-0.010642496744791667,0.010420735677083333
1787620270.044024,419.60415609309223,285.61802961520675,-424.9243395066269,0.02019536433523979,0.009449740419666158,-0.010642496744791667,0.010420735677083333
1787620270.060987,419.6187472446705,285.62485705085186,-424.9243466066764,0.014591151578261508,0.006827435645084421,-0.010642496744791667,0.010420735677083333
1787620270.077597,419.62928935212744,285.62978987216155,-424.9243517364622,0.010542107456937625,0.004932821309721215,-0.010642496744791667,0.010420735677083333
1787620270.094462,419.6369060249956,285.6333538350651,-424.9243554427324,0.007616672868178154,0.003563962903576778,-0.010642496744791667,0.010420735677083333
1787620270.111917,419.6424090712632,285.63592879800575,-424.92435812051264,0.005503046267602401,0.0025749629406434053,-0.010642496744791667,0.010420735677083333
1787620270.12859,419.6463850222544,285.63778920859613,-424.92436005520887,0.003975950991162884,0.0018604105903596453,-0.010642496744791667,0.010420735677083333
1787620270.1455412,419.6492576468783,285.6391333551776,-424.9243614530269,0.002872624623907693,0.0013441465814527783,-0.010642496744791667,0.010420735677083333
1787620270.163359,419.6513331181862,285.6401045010461,-424.9243624629504,0.0020754713078912023,0.0009711458685163573,-0.010642496744791667,0.010420735677083333
1787620270.180193,419.6528326462151,285.640806153917,-424.92436319262015,0.0014995280288870407,0.0007016528709063701,-0.010642496744791667,0.010420735677083333
1787620270.196927,419.65391605522063,285.6413130981063,-424.92436371980654,0.0010834090055353508,0.000506944189261256,-0.010642496744791667,-0.012009684244791667
1787620270.2140548,419.6518347872121,285.64033923994236,-424.9243641006987,-0.0020812680084937984,-0.0009738581639424414,-0.010642496744791667,-0.32606608072916665
1787620270.231016,419.6200445679638,285.62546409458156,-424.9243643758933,-0.03179021924830101,-0.01487514536079175,-0.010642496744791667,-0.6181193033854167
1787620270.247912,419.4794443382586,285.5596750284734,-424.9243645747214,-0.1406002297052172,-0.06578906610814762,-0.010642496744791667,-0.9897928873697917
1787620270.26478,419.18553344194123,285.4221494831597,-424.9243647183747,-0.2939108963173709,-0.13752554531365763,-0.010642496744791667,-0.9897928873697917
1787620270.2818549,418.7173644699574,285.20308583606834,-424.9243648221642,-0.4681689719838815,-0.21906364709140141,-0.010642496744791667,-0.9897928873697917
1787620270.2987678,418.0693265870945,284.8998586892804,-424.9243648971521,-0.6480378828628879,-0.30322714678795676,-0.010642496744791667,-0.9897928873697917
1787620270.315605,417.24546108259193,284.51435902597626,-424.92436495133086,-0.8238655045025658,-0.385499663304104,-0.010642496744791667,-0.9897928873697917
1787620270.332603,416.2555686379618,284.0511727396862,-424.924364990475,-0.98989244463015,-0.4631862862900702,-0.010642496744791667,-0.9897928873697917
1787620270.350388,415.11257896812907,283.5163498479378,-424.92436501875665,-1.142989669832721,-0.5348228917483777,-0.010642496744791667,-0.9897928873697917
1787620270.3671649,413.83080520627857,282.91658769143163,-424.92436503919015,-1.2817737618504743,-0.5997621565062033,-0.010642496744791667,-0.9897928873697917
1787620270.38401,412.4248142931634,282.2587023714087,-424.92436505395335,-1.4059909131151658,-0.6578853200229748,-0.010642496744791667,-0.9897928873697917
1787620270.400831,410.908722690199,281.5492992027162,-424.9243650646198,-1.5160916029644027,-0.7094031686924347,-0.010642496744791667,-0.9897928873697917
1787620270.417623,409.2957826104699,280.79457910477976,-424.9243650723263,-1.6129400797290825,-0.7547200979364439,-0.010642496744791667,-0.9897928873697917
1787620270.435372,407.59816388718394,280.0002365344172,-424.9243650778942,-1.6976187232859865,-0.7943425703625584,-0.010642496744791667,-0.9897928873697917
1787620270.452134,405.8268650676991,279.1714178853339,-424.924365081917,-1.7712988194848633,-0.8288186490833104,-0.010642496744791667,-0.9897928873697917
1787620270.468999,403.9917075689167,278.31271875333914,-424.92436508482353,-1.8351574987824069,-0.8586991319947285,-0.010642496744791667,-0.9897928873697917
1787620270.4857159,402.10138108601757,277.4282051838095,-424.9243650869235,-1.8903264828991384,-0.8845135695296626,-0.010642496744791667,-0.9897928873697917
1787620270.502468,400.1635185870188,276.5214487628234,-424.9243650884407,-1.9378624989987638,-0.906756420986081,-0.010642496744791667,-0.9897928873697917
1787620270.5201652,398.18478635507427,275.59556874937283,-424.9243650895369,-1.978732231944528,-0.925880013450603,-0.010642496744791667,-0.9897928873697917
1787620270.536953,396.17097952395983,274.65327677792214,-424.9243650903289,-2.0138068311144277,-0.9422919714506743,-0.010642496744791667,-0.9897928873697917
1787620270.553657,394.12711701039615,273.69692127873844,-424.9243650909011,-2.0438625135636954,-0.9563554991836867,-0.010642496744791667,-0.9897928873697917
1787620270.570427,392.05753212439623,272.7285298759013,-424.92436509131454,-2.0695848859999018,-0.968391402837167,-0.010642496744791667,-0.9897928873697917
1787620270.588338,389.9659567537246,271.749848778538,-424.92436509161325,-2.0915753706716482,-0.9786810973632959,-0.010642496744791667,-0.9897928873697917
1787620270.604636,387.855598097879,270.76237868586355,-424.9243650918291,-2.110358655845564,-0.9874700926744838,-0.010642496744791667,-0.9897928873697917
1787620270.6205719,385.7292076324965,269.76740705671307,-424.924365091985,-2.126390465382497,-0.994971629150494,-0.010642496744791667,-0.9897928873697917
1787620270.6384032,383.5891424316246,268.76603680319954,-424.9243650920977,-2.1400652008718875,-1.001370253513553,-0.010642496744791667,-0.9897928873697917
1787620270.65588,381.43741924422756,267.7592115939634,-424.9243650921791,-2.1517231873970792,-1.0068252092361432,-0.010642496744791667,-0.9897928873697917
1787620270.6727629,379.275761869952,266.74773802204044,-424.9243650922379,-2.1616573742755176,-1.0114735719229593,-0.010642496744791667,-0.9897928873697917
1787620270.689635,377.10564244778493,265.7323049244756,-424.92436509228037,-2.1701194221670765,-1.0154330975648485,-0.010642496744791667,-0.9897928873697917
1787620270.7065039,374.9283172878251,264.7135001485739,-424.92436509231106,-2.1773251599598327,-1.0188047759016778,-0.010642496744791667,-0.9897928873697917
1787620270.724268,372.74485786034757,263.6918250521724,-424.92436509233323,-2.183459427477536,-1.021675096401518,-0.010642496744791667,-0.9897928873697917
1787620270.7411351,370.5561775209204,262.6677070087435,-424.92436509234926,-2.1886803394271483,-1.0241180434289132,-0.010642496744791667,-0.9897928873697917
1787620270.757946,368.3630545044918,261.641510166691,-424.92436509236086,-2.1931230164286037,-1.0261968420525274,-0.010642496744791667,-0.9897928873697917
1787620270.7747478,366.16615167102947,260.613544688646,-424.9243650923692,-2.196902833462336,-1.0279654780449643,-0.010642496744791667,-0.9897928873697917
1787620270.791635,363.9660334342951,259.5840746727077,-424.92436509237524,-2.2001182367343612,-1.0294700159383436,-0.010642496744791667,-0.9897928873697917
1787620270.8094459,361.7631802560513,258.55332493451084,-424.9243650923796,-2.2028531782437804,-1.0307497381968258,-0.010642496744791667,-0.9897928873697917
1787620270.826544,359.55800104181844,257.52148680739634,-424.92436509238274,-2.20517921423291,-1.0318381271145187,-0.010642496744791667,-0.9897928873697917
1787620270.843638,357.3508437319471,256.4887230981407,-424.924365092385,-2.2071573098713424,-1.032763709255602,-0.010642496744791667,-0.9897928873697917
1787620270.86053,355.14200434353614,255.45517231781236,-424.92436509238667,-2.208839388410956,-1.0335507803283737,-0.010642496744791667,-0.9897928873697917
1787620270.878307,352.9317346846056,254.42095229135444,-424.92436509238786,-2.2102696589305433,-1.0342200264579176,-0.010642496744791667,-0.9897928873697917
1787620270.895189,350.72024893176615,253.3861632353804,-424.9243650923887,-2.2114857528394554,-1.0347890559740578,-0.010642496744791667,-0.9897928873697917
1787620270.912044,348.5077292361378,252.3508903812715,-424.92436509238934,-2.2125196956283775,-1.0352728541088831,-0.010642496744791667,-0.9897928873697917
1787620270.928854,346.29433049914564,251.31520620984722,-424.9243650923898,-2.213398736992148,-1.0356841714242957,-0.010642496744791667,-0.9897928873697917
1787620270.945608,344.08018443972423,250.27917235447399,-424.92436509239013,-2.21414605942143,-1.0360338553732311,-0.010642496744791667,-0.9897928873697917
1787620270.9624152,341.8654030570603,249.2428412213374,-424.92436509239036,-2.2147813826639497,-1.0363311331366079,-0.010642496744791667,-0.9897928873697917
1787620270.980191,339.65008157798434,248.206257368573,-424.92436509239053,-2.2153214790759295,-1.0365838527643736,-0.010642496744791667,-0.9897928873697917
1787620270.997065,337.4343009651869,247.1694586799004,-424.92436509239064,-2.215780612797455,-1.0367986886726053,-0.010642496744791667,-0.9897928873697917
1787620271.013998,335.21813005132134,246.13247736320352,-424.92436509239076,-2.216170913865548,-1.0369813166968953,-0.010642496744791667,-0.9897928873697917
1787620271.030803,333.00162735452295,245.09534080004056,-424.9243650923908,-2.2165026967983907,-1.03713656316295,-0.010642496744791667,-0.9897928873697917
1787620271.047623,330.7848426227061,244.05807226824516,-424.9243650923909,-2.2167847318168454,-1.0372685317954016,-0.010642496744791667,-0.9897928873697917
1787620271.06537,328.56781814701634,243.0206915565112,-424.92436509239093,-2.2170244756897315,-1.037380711733968,-0.010642496744791667,-0.9897928873697917
1787620271.082488,326.3505878356564,241.98321985363893,-424.9244779298547,-2.2172303113599177,-1.0374717028722746,-0.04088541666666667,-0.9897928873697917
1787620271.098558,324.1331754793216,240.94568593028825,-424.92496465246586,-2.2174123563348385,-1.037533923350673,-0.05016276041666667,-0.9897928873697917
1787620271.116362,321.91558004420966,239.9081596785709,-424.92694303722436,-2.2175954351119227,-1.0375262517173376,-0.09902140299479167,-0.9897928873697917
1787620271.1332421,319.697714682486,238.870884320896,-424.93493771671723,-2.2178653617236694,-1.0372753576748983,-0.19863077799479167,-0.9897928873697917
1787620271.150203,317.4793263540269,237.8344503436998,-424.95795606538525,-2.218388328459045,-1.0364339771961886,-0.2914347330729167,-0.9897928873697917
1787620271.167113,315.2599337977476,236.79993218147018,-425.0085161946616,-2.219392556279317,-1.0345181622296349,-0.3691019694010417,-0.9897928873697917
1787620271.184177,313.0387759823427,235.7690079533785,-425.1021839052248,-2.2211578154048706,-1.0309242280916893,-0.4423441569010417,-0.9897928873697917
1787620271.201161,310.81480891882717,234.74398569419716,-425.2551123047364,-2.22396706351554,-1.0250222591813263,-0.5038981119791667,-0.9897928873697917
1787620271.2183008,308.5864820899475,233.72832826432892,-425.4967982177016,-2.2283268288796902,-1.0156574298682277,-0.6128153483072917,-0.9897928873697917
1787620271.235285,306.3519462292749,232.72627773857565,-425.846728813678,-2.2345358606725885,-1.0020505257532875,-0.6684794108072917,-0.9897928873697917
1787620271.252239,304.1090948370566,231.74287018795198,-426.32432283051565,-2.2428513922183244,-0.9834075506236556,-0.7246317545572917,-0.9897928873697917
1787620271.269284,301.8556126882785,230.783977364972,-426.9494687107778,-2.2534821487780974,-0.9588928229799669,-0.7822794596354167,-0.9897928873697917
1787620271.2853918,299.58911807394185,229.85617555392412,-427.7379958496017,-2.2664946143366214,-0.9278018110478721,-0.8311075846354167,-0.9897928873697917
1787620271.302363,297.3073388399221,228.96655156363138,-428.7000993539545,-2.2817792340196985,-0.8896239902927396,-0.8701700846354167,-0.9897928873697917
1787620271.31916,295.00823876872465,228.122632450887,-429.8435823101101,-2.2991000711974814,-0.8439191127443778,-0.9068216959635417,-0.9897928873697917
1787620271.335161,292.69015442967236,227.33228955032652,-431.1733662777549,-2.318084339052278,-0.7903429005604979,-0.9400248209635417,-0.9897928873697917
1787620271.3521202,290.3519718712093,226.6034952856343,-432.68812852124177,-2.338182558463079,-0.7287942646922273,-0.9644388834635417,-0.9897928873697917
1787620271.369173,287.9932419563991,225.94417630207442,-434.38310613459487,-2.3587299148101755,-0.6593189835598599,-0.9844584147135417,-0.9897928873697917
1787620271.3862998,285.6141923454187,225.36237700523475,-436.25796326452263,-2.379049610980428,-0.5817992968396828,-1.0108561197916666,-0.9897928873697917
1787620271.40319,283.2159744080827,224.8654177837001,-438.29284900763673,-2.398217937336032,-0.4969592215346313,-1.0108561197916666,-0.9897928873697917
1787620271.4201002,280.8006076001284,224.45987659565478,-440.4689112368699,-2.4153668079542783,-0.40554118804532735,-1.0108561197916666,-0.9897928873697917
1787620271.436385,278.3709053314198,224.15158504903175,-442.76869591845235,-2.429702268708576,-0.30829154662302416,-1.0108561197916666,-0.9897928873697917
1787620271.4532568,275.9303906567344,223.94563411516094,-445.1763341468161,-2.4405146746854127,-0.20595093387082347,-1.0108561197916666,-0.9897928873697917
1787620271.469035,273.4832078271602,223.84638642176802,-447.67759102644436,-2.447182829574189,-0.09924769339292767,-1.0108561197916666,-0.9897928873697917
1787620271.485887,271.0340339149269,223.85749313037468,-450.25982767576915,-2.449173912233306,0.01110670860666536,-1.0108561197916666,-0.9897928873697917
1787620271.502764,268.58799331617,223.98191402956655,-452.9119114587338,-2.4460405987569227,0.12442089919187699,-1.0108561197916666,-0.9897928873697917
1787620271.519566,266.15057687895296,224.2219398577339,-455.6240981582823,-2.437416437217067,0.24002582816735338,-1.0108561197916666,-0.9897928873697917
1787620271.53744,263.7275666312708,224.5792161158095,-458.38790182321236,-2.423010247682178,0.35727625807558056,-1.0108561197916666,-0.9897928873697917
1787620271.554324,261.3249665352306,225.05476780288913,-461.1959624625578,-2.4026000960402003,0.47555168707963014,-1.0108561197916666,-0.9897928873697917
1787620271.571136,258.9489393173954,225.64902463774493,-464.0419179253065,-2.3760272178351785,0.5942568348558044,-1.0108561197916666,-0.9897928873697917
1787620271.587775,256.6057491787982,226.36184643355583,-466.920283683444,-2.343190138597221,0.7128217958108973,-1.0108561197916666,-0.9897928873697917
1787620271.604546,254.301710037286,227.19254837964993,-469.8263424726578,-2.304039141512201,0.8307019460941112,-1.0108561197916666,-0.9897928873697917
1787620271.6220338,252.0431388729299,228.1399260564357,-472.75604458058353,-2.258571164356118,0.9473776767857779,-1.0108561197916666,-0.9897928873697917
1787620271.638504,249.83631371368767,229.20228006985596,-475.70591882447394,-2.206825159242219,1.0623540134202334,-1.0108561197916666,-0.9897928873697917
1787620271.655929,247.6874357978036,230.3774402407817,-478.6729937990649,-2.148877915884064,1.1751601709257442,-1.0108561197916666,-0.9897928873697917
1787620271.6723342,245.60259547002755,231.66278932374846,-481.6547287096831,-2.08484032777605,1.2853490829667489,-1.0108561197916666,-0.9897928873697917
1787620271.6897652,243.5877414022134,233.05528625933366,-484.64895297096285,-2.014854067814168,1.3924969355852002,-1.0108561197916666,-0.9897928873697917
1787620271.707268,241.6486527691916,234.55148898636142,-487.65381370294494,-1.9390886330217816,1.4962027270277733,-1.0108561197916666,-0.9897928873697917
1787620271.723831,239.79091405380777,236.14757685511762,-490.6677302626315,-1.857738715383854,1.5960878687562043,-1.0108561197916666,-0.9897928873697917
1787620271.740376,238.01989219784252,237.83937269197733,-493.6893549888133,-1.7710218559652353,1.691795836859703,-1.0108561197916666,-0.9897928873697917
1787620271.758056,236.34071585635294,239.62236457034516,-496.7175393966198,-1.679176341489589,1.7829918783678267,-1.0108561197916666,-0.9897928873697917
1787620271.775372,234.7582565506947,241.49172734355648,-499.7513051260324,-1.5824593056582448,1.8693627732113072,-1.0108561197916666,-0.9897928873697917
1787620271.792022,233.27711154951814,243.4423439932452,-502.7898190191926,-1.481145001176577,1.9506166496887156,-1.0108561197916666,-0.9897928873697917
1787620271.807851,231.90158833714656,245.46882684239736,-505.8323717707147,-1.375523212371566,2.026482849152148,-1.0108561197916666,-0.9897928873697917
1787620271.824833,230.635690554959,247.56553867650618,-508.8783596609494,-1.265897782187553,2.0967118341088273,-1.0108561197916666,-0.9897928873697917
1787620271.8416471,229.4831053238754,249.726613809444,-511.9272689429181,-1.1525852310836098,2.161075132937808,-1.0108561197916666,-0.9897928873697917
1787620271.858467,228.4471918750431,251.94597912328626,-514.9786625088267,-1.0359134488323127,2.2193653138422813,-1.0108561197916666,-0.9897928873697917
1787620271.876344,227.53097143165616,254.21737510369675,-518.0321685115321,-0.9162204433869375,2.271395980410486,-1.0108561197916666,-0.9897928873697917
1787620271.893239,226.7371182978336,256.5343768848636,-521.0874706602258,-0.793853133822548,2.3170017811668404,-1.0108561197916666,-0.9897928873697917
1787620271.910135,226.06795212096617,258.8904153105596,-524.1442999482384,-0.6691661768674326,2.356038425696021,-1.0108561197916666,-0.9897928873697917
1787620271.926473,225.52543130222867,261.27879801082435,-527.202427604675,-0.5425208187374968,2.3883827002647497,-1.0108561197916666,-0.9897928873697917
1787620271.944447,225.11114753633908,263.6927304871305,-530.2616590910238,-0.4142837658895947,2.4139324763061767,-1.0108561197916666,-0.9897928873697917
1787620271.961345,224.82632146639403,266.12533719276735,-533.3218289894014,-0.2848260699450401,2.4326067056368013,-1.0108561197916666,-0.9897928873697917
1787620271.9781718,224.6717994429655,268.5696825895866,-536.3827966511494,-0.1545220234285451,2.4443453968192657,-1.0108561197916666,-0.9897928873697917
1787620271.99534,224.64484411255836,271.01875895733184,-539.3694094928809,-0.026955330407128685,2.4490763677452305,-0.9278177897135417,-0.9897928873697917
1787620272.012491,224.71012124809965,273.4671136467384,-541.5272372710319,0.0652771355412916,2.4483546894065755,-0.010642496744791667,-0.9897928873697917
1787620272.0293918,224.84198626179725,275.91278605544375,-543.086267840746,0.13186501369760442,2.4456724087053394,-0.010642496744791667,-0.9897928873697917
1787620272.047155,225.02190310535119,278.3553936675001,-544.2126674273644,0.17991684355394505,2.442607612056339,-0.010642496744791667,-0.9897928873697917
1787620272.063875,225.23649519689172,280.79519946718347,-545.0264911286962,0.2145920915405279,2.4398057996833886,-0.010642496744791667,-0.9897928873697917
1787620272.080726,225.47611361851747,283.2326746349464,-545.6144787529084,0.2396184216257411,2.4374751677629276,-0.010642496744791667,-0.9897928873697917
1787620272.097462,225.7337980129249,285.66830617492053,-546.0392998114017,0.2576843944074084,2.4356315399741115,-0.010642496744791667,-0.9897928873697917
1787620272.115259,226.00452631515424,288.10252237044944,-546.3462330261632,0.2707283022293343,2.4342161955288777,-0.010642496744791667,-0.9897928873697917
1787620272.132023,226.28467402816216,290.53567251079835,-546.5679922738283,0.2801477130079169,2.4331501403489235,-0.010642496744791667,-0.9897928873697917
1787620272.148834,226.57162466237304,292.9680297459784,-546.7282133302664,0.28695063421089295,2.432357235180091,-0.010642496744791667,-0.9897928873697917
1787620272.165687,226.86348901409926,295.3998022722868,-546.8439730435429,0.2918643517262151,2.431772526308395,-0.010642496744791667,-0.9897928873697917
1787620272.182562,227.15890278666657,297.83114617041764,-546.9276094363852,0.295413772567315,2.4313438981307938,-0.010642496744791667,-0.9897928873697917
1787620272.1996439,227.456880624637,300.26217716164126,-546.9880367302137,0.2979778379704294,2.4310309912236154,-0.010642496744791667,-0.9897928873697917
1787620272.2165172,227.7567107938693,302.6929803956379,-547.0316954500048,0.299830169232319,2.430803233996655,-0.010642496744791667,-0.9897928873697917
1787620272.234404,228.05787916424245,305.12361819732075,-547.0632388750539,0.3011683703731544,2.43063780168285,-0.010642496744791667,-0.9897928873697917
1787620272.251301,228.36001432822172,307.55413601618955,-547.0860289996518,0.30213516397927587,2.4305178188687693,-0.010642496744791667,-0.9897928873697917
1787620272.267621,228.6628479708944,309.9845669085737,-547.1024948646739,0.3028336426726707,2.430430892384153,-0.010642496744791667,-0.9897928873697917
1787620272.285353,228.96618624890496,312.41493487199523,-547.1143914521523,0.3033382780105693,2.4303679634215305,-0.010642496744791667,-0.9897928873697917
1787620272.302235,229.26988911784608,314.84525730431983,-547.1229867366054,0.3037028689411276,2.430322432324607,-0.010642496744791667,-0.9897928873697917
1787620272.318947,229.5738553995119,317.27554680662917,-547.1291968296229,0.30396628166581857,2.430289502309341,-0.010642496744791667,-0.9897928873697917
1787620272.335904,229.87801199467478,319.70581249943746,-547.1336836218279,0.30415659516288296,2.4302656928082773,-0.014029947916666667,-0.9897928873697917
1787620272.351894,230.18236730445253,322.13605331529084,-547.1383685247632,0.30435530977774716,2.4302408158533835,-0.04430338541666667,-0.9897928873697917
1787620272.3688588,230.48697357790414,324.5662626891041,-547.144285323339,0.3046062734516108,2.4302093738133053,-0.07213541666666667,-0.9897928873697917
1787620272.385938,230.79220141499727,326.99639407524586,-547.1589398379183,0.30522783709312523,2.430131386141729,-0.21428629557291667,-0.9897928873697917
1787620272.403018,231.09876127778048,329.4263577869959,-547.1903464016858,0.30655986278323066,2.4299637117499917,-0.2860636393229167,-0.9897928873697917
1787620272.4199429,231.4078563446275,331.8560003188243,-547.2501275725451,0.3090950668470125,2.429642531828405,-0.3612894694010417,-0.9897928873697917
1787620272.4363039,231.7212269859855,334.2850950959875,-547.3509654207202,0.3133706413580031,2.4290947771632383,-0.4223246256510417,-0.9897928873697917
1787620272.45331,232.0411685214832,336.71333314265536,-547.5059822921728,0.319941535497703,2.4282380466678193,-0.4765238444010417,-0.9897928873697917
1787620272.470295,232.37039474925908,339.1403297825714,-547.7251160991715,0.3292262277758806,2.4269966399160765,-0.5136637369791667,-0.9897928873697917
1787620272.487177,232.71204897136664,341.5656081157249,-548.0186155679518,0.3416542221075547,2.42527833315345,-0.5537027994791667,-0.9897928873697917
1787620272.504181,233.06962014136047,343.98859087679347,-548.3948208259828,0.35757116999383937,2.4229827610685883,-0.5883707682291667,-0.9897928873697917
1787620272.52108,233.4468540698427,346.40859029132895,-548.8600659340518,0.37723392848222453,2.419999414535507,-0.6186747233072917,-0.9897928873697917
1787620272.538211,233.84776523536888,348.8247800275552,-549.421084070566,0.40091116552618966,2.416189736226268,-0.6513895670572917,-0.9897928873697917
1787620272.554667,234.2763144991021,351.23622111815644,-550.077111482823,0.4285492637332203,2.411441090601238,-0.6670145670572917,-0.9897928873697917
1787620272.571593,234.73648744955722,353.6418277903358,-550.8293887447899,0.4601729504550988,2.4056066721793523,-0.6884989420572917,-0.9897928873697917
1787620272.588592,235.23211027856183,356.04038164995836,-551.6749439867058,0.4956228290046136,2.3985538596225284,-0.7016825358072917,-0.9897928873697917
1787620272.605533,235.7665823578354,358.43057875545145,-552.6045597727698,0.5344720792735794,2.3901971054930797,-0.7026590983072917,-0.9897928873697917
1787620272.622564,236.3430313541164,360.8110008108302,-553.6128306206086,0.5764489962809943,2.3804220553787365,-0.7104715983072917,-0.9897928873697917
1787620272.639463,236.96414755109217,363.18016042496663,-554.6904693744824,0.6211161969757697,2.369159614136449,-0.7104715983072917,-0.9897928873697917
1787620272.657595,237.63244521457239,365.5364458152979,-555.8345771027497,0.6682976634802107,2.356285390331259,-0.7207255045572917,-0.9897928873697917
1787620272.674724,238.350042698099,367.87818799999576,-557.037025533551,0.7175974835266257,2.341742184697881,-0.7212137858072917,-0.9897928873697917
1787620272.691046,239.11883323501064,370.20362639275737,-558.2938992398272,0.7687905369116378,2.3254383927616344,-0.7275614420572917,-0.9897928873697917
1787620272.7078211,239.94034828793804,372.5109659053071,-559.5979815386703,0.8215150529273876,2.307339512549715,-0.7275614420572917,-0.9897928873697917
1787620272.724739,240.81605057636995,374.79828925598395,-560.9493564101243,0.8757022884319048,2.287323350676858,-0.7383036295572917,-0.9897928873697917
1787620272.74107,241.74709245356442,377.0636509559251,-562.3421910528062,0.931041877194464,2.265361699941131,-0.7392801920572917,-0.9897928873697917
1787620272.757235,242.73446503644212,379.3050340091636,-563.7744193269007,0.987372582877694,2.2413830532385246,-0.7451700846354167,-0.9897928873697917
1787620272.7740989,243.7788629837087,381.52042010115866,-565.2405641100497,1.0443979472665978,2.2153860919950668,-0.7451700846354167,-0.9897928873697917
1787620272.790858,244.8807151220715,383.7077985490106,-566.735849989796,1.1018521383628046,2.1873784478519367,-0.7451700846354167,-0.9897928873697917
1787620272.807789,246.04040092398537,385.8650726275298,-568.2611407311801,1.159685801913876,2.1572740785192037,-0.7529825846354167,-0.9897928873697917
1787620272.824667,247.25806505386993,387.9901600788746,-569.8124859526417,1.217664129884557,2.125087451344819,-0.7534708658854167,-0.9897928873697917
1787620272.841589,248.53362947333548,390.0810063240382,-571.3861509652615,1.2755644194655478,2.0908462451635694,-0.7534708658854167,-0.9897928873697917
1787620272.859366,249.86681689063388,392.13558996057407,-572.9789131419002,1.3331874172983962,2.054583636535904,-0.7534708658854167,-0.9897928873697917
1787620272.876223,251.25717160599694,394.15192732685676,-574.5879984672133,1.3903547153630647,2.0163373662827193,-0.7534708658854167,-0.9897928873697917
1787620272.893138,252.7040779574133,396.1280762634155,-576.2110238979641,1.4469063514163523,1.9761489365587241,-0.7534708658854167,-0.9897928873697917
1787620272.910006,254.2069409691612,398.0620114684256,-577.850815531156,1.5028630117478945,1.9339352050101069,-0.7607950846354167,-0.9897928873697917
1787620272.926392,255.7650020669177,399.9517596593065,-579.5049261756459,1.5580610977564966,1.889748190880889,-0.7607950846354167,-0.9897928873697917
1787620272.9438028,257.37735601257094,401.7954020767062,-581.171256921328,1.6123539456532137,1.8436424173996624,-0.7607950846354167,-0.9897928873697917
1787620272.9599109,259.042965815052,403.5910764890632,-582.8480101133214,1.6656098024810906,1.7956744123570396,-0.7607950846354167,-0.9897928873697917
1787620272.976786,260.7606758449272,405.336978795206,-584.5336479324944,1.7177100298752268,1.7459023061427752,-0.7607950846354167,-0.9897928873697917
1787620272.993706,262.52922336759246,407.0313643090177,-586.2268561430667,1.7685475226652327,1.6943855138117005,-0.7607950846354167,-0.9897928873697917
1787620273.010792,264.3472486935293,408.6725487970026,-587.9265125224475,1.8180253259368713,1.6411844879849182,-0.7607950846354167,-0.9897928873697917
1787620273.027595,266.2133041260913,410.25890932726185,-589.6316594806617,1.8660554325620262,1.5863605302592343,-0.7607950846354167,-0.9897928873697917
1787620273.044448,268.1258618689437,411.7888849772711,-591.3414803924219,1.9125577428523812,1.5299756500092339,-0.7607950846354167,-0.9897928873697917
1787620273.062529,270.08345767619153,413.26079573027806,-593.0605976847949,1.9575958072478383,1.47191075300697,-0.7686075846354167,-0.9897928873697917
1787620273.07843,272.08452462041663,414.67303993511894,-594.7876367173092,2.0010669442251077,1.412244204840871,-0.7686075846354167,-0.9897928873697917
1787620273.096204,274.12756154871124,416.02385551061616,-596.5281115730229,2.04303692829463,1.3508155754972155,-0.7783732096354167,-0.9897928873697917
1787620273.113028,276.210941003345,417.3115793386923,-598.2800478113679,2.083379454633763,1.2877238280761496,-0.7783732096354167,-0.9897928873697917
1787620273.129933,278.3330749876858,418.5343834775037,-600.0488348298971,2.122133984340771,1.2228041388114084,-0.7886271158854167,-0.9897928873697917
1787620273.146754,280.492231584651,419.6905605397103,-601.8320084235585,2.1591565969651922,1.156177062206623,-0.7886271158854167,-0.9897928873697917
1787620273.16259,282.68655273861737,420.7785206872567,-603.6274564212343,2.1943211539663467,1.087960147546381,-0.7886271158854167,-0.9897928873697917
1787620273.1804202,284.9141790556471,421.7965499604467,-605.439513216593,2.2276263170297166,1.0180292731900769,-0.7974161783854167,-0.9897928873697917
1787620273.198145,287.17311687250077,422.74307124863066,-607.2657476118454,2.258937816853666,0.9465212881839193,-0.7974161783854167,-0.9897928873697917
1787620273.215175,289.4615239105613,423.61593769749516,-609.121662468902,2.288407038060543,0.8728664488645075,-0.8223185221354167,-0.9897928873697917
1787620273.231468,291.7773580538599,424.41319225542,-611.0033418470175,2.315834143298616,0.797254557924837,-0.8228068033854167,-0.9897928873697917
1787620273.2479,294.118460443777,425.13287427501274,-612.9119648272913,2.341102389917074,0.7196820195927789,-0.8296427408854167,-0.9897928873697917
1787620273.2649522,296.4824912990843,425.7732341149125,-614.8436404619898,2.3640308553073104,0.6403598398997459,-0.8296427408854167,-0.9897928873697917
1787620273.281836,298.8670498923265,426.33232527456073,-616.8046008281938,2.384558593242229,0.5590911596482463,-0.8428263346354167,-0.9897928873697917
1787620273.2986538,301.26955182401906,426.8084419384325,-618.7906264391559,2.4025019316925462,0.476116663871774,-0.8428263346354167,-0.9897928873697917
1787620273.315979,303.68733859912857,427.1996065067526,-620.809963033829,2.4177867751094793,0.3911645683200874,-0.8589396158854167,-0.9897928873697917
1787620273.3328798,306.1175901168021,427.5038764038,-622.8636451951671,2.43025151767354,0.3042698970474135,-0.8667521158854167,-0.9897928873697917
1787620273.349864,308.55734112514875,427.7190917068704,-624.9588735776142,2.4397510083466485,0.21521530307040526,-0.8828959147135417,-0.9897928873697917
1787620273.36666,311.00342007833723,427.843189910616,-627.0956733290296,2.446078953188475,0.12409820374555347,-0.8907084147135417,-0.9897928873697917
1787620273.384516,313.45244862746205,427.8742024077171,-629.2744918275296,2.4490285491248014,0.0310124971011381,-0.8990091959635417,-0.9897928873697917
1787620273.4025018,315.90083261856455,427.8100273228479,-631.5014474101489,2.448383991102507,-0.06417508486922056,-0.9146341959635417,-0.9897928873697917
1787620273.418732,318.34475715131805,427.64898233655265,-633.7701151850171,2.4439245327534938,-0.16104498629523759,-0.9151224772135417,-0.9897928873697917
1787620273.435712,320.780173918079,427.3892752292474,-636.0868840063584,2.4354167667609836,-0.25970710730524854,-0.9307474772135417,-0.9897928873697917
1787620273.4523551,323.2028111758051,427.02937062121515,-638.4500030845568,2.4226372577261084,-0.3599046080322557,-0.9370951334635417,-0.9897928873697917
1787620273.469347,325.60816558407015,426.5678808813015,-640.8607531507304,2.4053544082650418,-0.46148973991366854,-0.9468607584635417,-0.9897928873697917
1787620273.486184,327.9915778764456,426.003923033622,-643.3123632197176,2.383412292375464,-0.5639578476794994,-0.9468607584635417,-0.9897928873697917
1787620273.503173,330.34817085671483,425.336710822439,-645.8081848070295,2.356592980269199,-0.6672122111830552,-0.9580912272135417,-0.9897928873697917
1787620273.519299,332.67296440575143,424.56597249864564,-648.3418968270689,2.324793549036589,-0.7707383237933507,-0.9580912272135417,-0.9897928873697917
1787620273.535881,334.9609186348896,423.69191983731747,-650.9080401538808,2.2879542291381534,-0.8740526613281528,-0.9580912272135417,-0.9897928873697917
1787620273.552819,337.2069724074303,422.71521872630063,-653.5019122485938,2.2460537725407437,-0.9767011110168428,-0.9580912272135417,-0.9897928873697917
1787620273.569747,339.40607760696696,421.636961367978,-656.1194709545597,2.1991051995366564,-1.0782573583226447,-0.9580912272135417,-0.9897928873697917
1787620273.5866601,341.55322956660575,420.45864007409193,-658.7572479271333,2.1471519596388164,-1.1783212938860594,-0.9580912272135417,-0.9897928873697917
1787620273.604191,343.64349407648314,419.18212258962365,-661.4122715838122,2.0902645098773807,-1.2765174844682827,-0.9580912272135417,-0.9897928873697917
1787620273.6206841,345.6720313696032,417.8096288519959,-664.0819991082658,2.0285372931200367,-1.3724937376277626,-0.9580912272135417,-0.9897928873697917
1787620273.638253,347.6342237237004,416.34385131944583,-666.7601031561668,1.9621923540972228,-1.4657775325500841,-0.9532084147135417,-0.9897928873697917
1787620273.6546838,349.52559130303314,414.787756435046,-669.4453375649858,1.891367579332728,-1.5560948843998204,-0.9532084147135417,-0.9897928873697917
1787620273.672151,351.3419497442841,413.1447273353941,-672.1316477933644,1.8163584412509253,-1.6430290996518473,-0.9473490397135417,-0.9897928873697917
1787620273.688722,353.079442328158,411.41851120454913,-674.8134684706403,1.737492583873888,-1.7262161308450075,-0.9410013834635417,-0.9897928873697917
1787620273.7062132,354.73451409834666,409.61311926789637,-677.4873255863964,1.6550717701886453,-1.8053919366527884,-0.9361185709635417,-0.9897928873697917
1787620273.722796,356.3039869087378,407.732837983926,-680.1482112984933,1.5694728103911095,-1.8802812839703862,-0.9287943522135417,-0.9897928873697917
1787620273.7395241,357.78499150668705,405.78211299299073,-682.793967578868,1.4810045979492916,-1.9507249909352566,-0.9239115397135417,-0.9897928873697917
1787620273.756899,359.1748219512546,403.76541421906353,-685.4268977569011,1.3898304445675622,-2.016698773927192,-0.9239115397135417,-0.9897928873697917
1787620273.7735438,360.4709384123822,401.6872456194065,-688.0489502512585,1.2961164611275822,-2.0781685996570216,-0.9239115397135417,-0.9897928873697917
1787620273.7911339,361.67112358394485,399.552237852824,-690.6576748645431,1.2001851715626508,-2.135007766582466,-0.9190287272135417,-0.9897928873697917
1787620273.808077,362.77332130666963,397.3650335209367,-693.2550974792913,1.102197722724795,-2.1872043318873065,-0.9190287272135417,-0.9897928873697917
1787620273.825367,363.77564076235603,395.13029453882746,-695.8429326863046,1.002319455686393,-2.234738982109289,-0.9190287272135417,-0.9897928873697917
1787620273.841732,364.67657145367775,392.8527900934222,-698.4173376456331,0.9009306913217472,-2.277504445405288,-0.9126810709635417,-0.9897928873697917
1787620273.858871,365.4750011575045,390.53736084219173,-700.9742651596071,0.7984297038267187,-2.3154292512304306,-0.9053568522135417,-0.9897928873697917
1787620273.87571,366.1702618797325,388.1888900338713,-703.5087034053053,0.6952607222280177,-2.348470808320451,-0.8960795084635417,-0.9897928873697917
1787620273.892752,366.762316643717,385.81230135135814,-706.0112436308432,0.5920547639844768,-2.376588682513157,-0.8804545084635417,-0.9897928873697917
1787620273.909798,367.2525328135689,383.4126366422327,-708.4541783627064,0.49021616985191946,-2.3996647091254344,-0.8403849283854167,-0.9897928873697917
1787620273.926827,367.64523973694577,380.9950999037863,-710.7734110091243,0.39270692337687163,-2.4175367384464326,-0.7480997721354167,-0.9897928873697917
1787620273.9437819,367.9476891041011,378.5646211464807,-712.9065641264881,0.30244936715531817,-2.4304787573055826,-0.6391825358072917,-0.9897928873697917
1787620273.960804,368.16972509909783,376.1254814156879,-714.7986746196792,0.22203599499674298,-2.439139730792836,-0.5161051432291667,-0.9897928873697917
1787620273.9780369,368.333506714003,373.68173875492647,-716.1657244510099,0.1637816149051641,-2.443742660761439,-0.010642496744791667,-0.9897928873697917
1787620273.99489,368.4551396140121,371.23553597366697,-717.1534179541462,0.12163290000912673,-2.4462027812594997,-0.010642496744791667,-0.9897928873697917
1787620274.011749,368.5462968552562,368.78800804394376,-717.8670265101622,0.09115724124407211,-2.4475279297231953,-0.010642496744791667,-0.9897928873697917
1787620274.0286772,368.6154263619659,366.3397589306572,-718.3826086918838,0.06912950670973565,-2.4482491132865567,-0.010642496744791667,-0.9897928873697917
1787620274.045442,368.66863724459154,363.89111211835933,-718.7551168181776,0.05321088262567471,-2.4486468122978735,-0.010642496744791667,-0.9897928873697917
1787620274.063187,368.71034548302083,361.4422423724861,-719.024253939425,0.041708238429310596,-2.4488697458732807,-0.010642496744791667,-0.9897928873697917
1787620274.0799308,368.7437424737578,358.993245179671,-719.2187055095261,0.03339699073695422,-2.448997192815063,-0.010642496744791667,-0.9897928873697917
1787620274.0970812,368.77113434316675,356.5441734586108,-719.3591967689242,0.02739186940898987,-2.44907172106017,-0.010642496744791667,-0.9897928873697917
1787620274.113678,368.7941874078574,354.09505705353433,-719.4607017038394,0.023053064690656558,-2.4491164050764738,-0.010642496744791667,-0.9897928873697917
1787620274.130534,368.81410564033325,351.6459131473048,-719.5340390193155,0.019918232475857053,-2.4491439062295584,-0.010642496744791667,-0.9897928873697917
1787620274.1483362,368.8317589359324,349.1967518683032,-719.587025229747,0.017653295599133104,-2.449161279001616,-0.010642496744791667,-0.9897928873697917
1787620274.165192,368.8477758051321,346.7475793408345,-719.6253077667839,0.016016869199713988,-2.449172527468692,-0.010642496744791667,-0.9897928873697917
1787620274.1820018,368.86261035176676,344.2983993667141,-719.6529668997929,0.01483454663469141,-2.4491799741204168,-0.010642496744791667,-0.9897928873697917
1787620274.1988869,368.8765906681812,341.8492143675441,-719.6729506233919,0.013980316414440518,-2.4491849991699883,-0.010642496744791667,-0.9897928873697917
1787620274.21579,368.8899538021973,339.40002592317,-719.6873888636923,0.013363134016067625,-2.4491884443740974,-0.010642496744791667,-0.9897928873697917
1787620274.23271,368.90287102140024,336.950835086413,-719.6978204923092,0.01291721920296263,-2.44919083675699,-0.010642496744791667,-0.9897928873697917
1787620274.249593,368.9154660668834,334.5016425716777,-719.705357343985,0.012595045483198416,-2.4491925147353397,-0.010642496744791667,-0.9897928873697917
1787620274.267349,368.92782834171817,332.0524488709739,-719.7108027193208,0.01236227483473976,-2.449193700703816,-0.010642496744791667,-0.9897928873697917
1787620274.284127,368.9400224396898,329.6032543271736,-719.7147370030009,0.012194097971624065,-2.4491945438002674,-0.010642496744791667,-0.9897928873697917
1787620274.300846,368.952095029842,327.154059181422,-719.7175795229598,0.01207259015219813,-2.449195145751632,-0.010642496744791667,-0.9897928873697917
1787620274.317554,368.96407983057617,324.70486360451156,-719.71963324363,0.011984800734157,-2.4491955769104483,-0.010642496744791667,-0.9897928873697917
1787620274.3353212,368.97600120344623,322.25566771804694,-719.7211170568143,0.011921372870035155,-2.449195886464624,-0.010642496744791667,-0.9897928873697917
1787620274.352454,368.98787674967946,319.80647160895154,-719.7221891118398,0.011875546233230855,-2.4491961090953915,-0.010642496744791667,-0.9897928873697917
1787620274.369546,368.999719186165,317.357275339539,-719.7229636715958,0.01184243648555565,-2.4491962694125653,-0.010642496744791667,-0.9897928873697917
1787620274.387406,369.01153770085654,314.9080789545758,-719.7235232910195,0.011818514691508152,-2.4491963849632046,-0.010642496744791667,-0.9897928873697917
1787620274.405442,369.02333893205116,312.4588824862726,-719.7239276160532,0.011801231194608863,-2.4491964683031524,-0.010642496744791667,-0.9897928873697917
1787620274.4230368,369.0351276759189,310.00968595783223,-719.72421974089,0.01178874386773069,-2.4491965284403707,-0.010642496744791667,-0.9897928873697917
1787620274.439884,369.04690739769273,307.56048938598235,-719.7244308010846,0.011779721773873385,-2.449196571849894,-0.010642496744791667,-0.9897928873697917
1787620274.456704,369.0586806010037,305.11129278278975,-719.7245832920752,0.011773203310960208,-2.4491966031925942,-0.010642496744791667,-0.9897928873697917
1787620274.473548,369.0704490947251,302.66209615696283,-719.7246934668159,0.011768493721455636,-2.4491966258269,-0.010642496744791667,-0.9897928873697917
1787620274.490628,369.0822141857681,300.21289951478826,-719.724773068066,0.01176509104301055,-2.44919664217455,-0.010642496744791667,-0.9897928873697917
1787620274.5065238,369.09397681837595,297.7637028608055,-719.7248305799693,0.01176263260781715,-2.4491966539827863,-0.010642496744791667,-0.9897928873697917
1787620274.5243678,369.1057376747643,295.3145061982928,-719.7248721323194,0.011760856388383072,-2.4491966625127013,-0.010642496744791667,-0.9897928873697917
1787620274.541139,369.1174972478342,292.86530952961806,-719.7249021538923,0.011759573069841682,-2.4491966686747633,-0.010642496744791667,-0.9897928873697917
1787620274.558,369.1292558937064,290.4161128564916,-719.7249238444788,0.011758645872193116,-2.4491966731264343,-0.010642496744791667,-0.9897928873697917
1787620274.574925,369.14101386967826,287.9669161801491,-719.7249395159275,0.011757975971887564,-2.4491966763425483,-0.010642496744791667,-0.9897928873697917
1787620274.591808,369.1527713616472,285.51771950148304,-719.7249508385493,0.011757491968913545,-2.4491966786660773,-0.010642496744791667,-0.9897928873697917
1787620274.608752,369.164528503924,283.0685228211383,-719.7249590191434,0.011757142276772386,-2.449196680344767,-0.019889322916666667,-0.9897928873697917
1787620274.6257122,369.17627836246214,280.61932610583943,-719.7251294127595,0.011749858538150368,-2.44919671529885,-0.04088541666666667,-0.9897928873697917
1787620274.642601,369.18800307300467,278.17012927002384,-719.7257177174756,0.011724710542506355,-2.4491968358155773,-0.05065104166666667,-0.9897928873697917
1787620274.65948,369.19966535268486,275.7209321361371,-719.7271782063387,0.011662279680223148,-2.449197133886736,-0.06774088541666667,-0.9897928873697917
1787620274.677367,369.2111725103931,273.2717342685225,-719.7308070824496,0.011507157708245171,-2.4491978676145827,-0.10683390299479167,-0.9897928873697917
1787620274.694443,369.2223126418786,270.822534703996,-719.7393931777127,0.011140131485499444,-2.4491995645265066,-0.15956827799479167,-0.9897928873697917
1787620274.711463,369.23268167826353,268.37333175354644,-719.7574319135522,0.010369036384921485,-2.449202950449552,-0.21379801432291667,-0.9897928873697917
1787620274.72841,369.2416620599578,265.92412331771436,-719.789917568419,0.008980381694243028,-2.4492084358320687,-0.2543253580729167,-0.9897928873697917
1787620274.745451,369.24838990885615,263.4749076584766,-719.8426123171038,0.006727848898383974,-2.449215659237778,-0.2938761393229167,-0.9897928873697917
1787620274.762645,369.2514436532131,261.02568466249363,-719.9285624163318,0.00305374435691376,-2.44922299598296,-0.3774027506510417,-0.9897928873697917
1787620274.778647,369.24892028803845,258.5764610626493,-720.0590301855382,-0.0025233651746509067,-2.449223599844354,-0.4311136881510417,-0.9897928873697917
1787620274.795742,369.23839204825117,256.12725879138355,-720.2462924345251,-0.010528239787254513,-2.449202271265753,-0.4838785807291667,-0.9897928873697917
1787620274.812802,369.21702982924756,253.6781270544193,-720.499741983366,-0.0213622190036339,-2.449131736964262,-0.5219645182291667,-0.9897928873697917
1787620274.829676,369.181556510831,251.22915905685647,-720.829871726603,-0.035473318416575576,-2.4489679975628222,-0.5644449869791667,-0.9897928873697917
1787620274.846663,369.1283902130168,248.7805112761042,-721.2438399439777,-0.05316629781419317,-2.4486477807522817,-0.5966715494791667,-0.9897928873697917
1787620274.863827,369.05372629001204,246.33242469511734,-721.746916153033,-0.07466392300477222,-2.448086580986849,-0.6250223795572917,-0.9897928873697917
1787620274.880843,368.9535940542509,243.88524751625027,-722.343089817286,-0.10013223576114313,-2.4471771788670753,-0.6513895670572917,-0.9897928873697917
1787620274.89796,368.8234329034359,241.43948369195635,-723.0463513092998,-0.13016115081501484,-2.4457638242939264,-0.7016825358072917,-0.9897928873697917
1787620274.914837,368.6586559702809,238.99580794184007,-723.8576120139314,-0.16477693315499453,-2.4436757501162827,-0.7231669108072917,-0.9897928873697917
1787620274.931535,368.4548897575072,236.55507404812323,-724.7723074984078,-0.20376621277369256,-2.4407338937168483,-0.7343973795572917,-0.9897928873697917
1787620274.9495418,368.20799992470586,234.11832456984985,-725.7854271172097,-0.24688983280135107,-2.436749478273395,-0.7451700846354167,-0.9897928873697917
1787620274.967317,367.91434509850944,231.68676756816186,-726.886160750444,-0.2936548261964388,-2.431557001687989,-0.7451700846354167,-0.9897928873697917
1787620274.984396,367.5703165941951,229.26182488891652,-728.0747104652489,-0.3440285043143563,-2.4249426792453406,-0.7637247721354167,-0.9897928873697917
1787620275.001329,367.17280184011094,226.84507404745773,-729.3405533807754,-0.3975147540841796,-2.416750841458783,-0.7637247721354167,-0.9897928873697917
1787620275.017932,366.71877210217366,224.4383003550481,-730.6831077194121,-0.45402973793726015,-2.4067736924096055,-0.7788614908854167,-0.9897928873697917
1787620275.034774,366.2056766909383,222.04342338359936,-732.0926409610158,-0.5130954112353922,-2.3948769714487477,-0.7788614908854167,-0.9897928873697917
1787620275.0515358,365.63140672225137,219.66247470450722,-733.5603881248177,-0.5742699686869047,-2.380948679092156,-0.7788614908854167,-0.9897928873697917
1787620275.06929,364.99425818098405,217.2975763249215,-735.0785432624915,-0.6371485412673383,-2.3648983795857372,-0.7788614908854167,-0.9897928873697917
1787620275.085715,364.29289589290073,214.95092050221103,-736.6402143141091,-0.7013622880833157,-2.346655822710454,-0.7788614908854167,-0.9897928873697917
1787620275.102504,363.5263193716672,212.62475132381925,-738.2393573434491,-0.7665765212335087,-2.326169178391777,-0.7788614908854167,-0.9897928873697917
1787620275.119454,362.6938310766432,210.32134822230742,-739.870700847107,-0.8324882950240062,-2.30340310151184,-0.7788614908854167,-0.9897928873697917
1787620275.1373901,361.7947081197578,208.0431295063348,-741.5371918353834,-0.8991229568854087,-2.2782187159726304,-0.7900919596354167,-0.9897928873697917
1787620275.153769,360.82809680997804,205.79271505890244,-743.2447761904998,-0.9666113097797628,-2.250414447432338,-0.8062052408854167,-0.9897928873697917
1787620275.17072,359.7925753906732,203.573166005701,-745.0112092735658,-1.0355214193047966,-2.2195490532014204,-0.8403849283854167,-0.9897928873697917
1787620275.187768,358.68602290194514,201.3881616123196,-746.8590368843343,-1.1065524887280918,-2.1850043933813974,-0.8838724772135417,-0.9897928873697917
1787620275.204694,357.50593902742935,199.241977869367,-748.8042921987475,-1.180083874515815,-2.146183742952612,-0.9209818522135417,-0.9897928873697917
1787620275.22165,356.2497724707913,197.1394203335572,-750.8560766847547,-1.256166556638032,-2.1025575358097797,-0.9502787272135417,-0.9897928873697917
1787620275.239553,354.9147233586831,195.0860459211167,-753.0308451456955,-1.3350491121081884,-2.053374412440527,-0.9898295084635417,-0.9897928873697917
1787620275.2552261,353.4983911096072,193.0878703608533,-755.3294992648606,-1.4163322490758756,-1.9981755602634153,-1.0108561197916666,-0.9897928873697917
1787620275.272234,351.99940132945835,191.15093147477157,-757.7361542192757,-1.4989897801488854,-1.9369388860817314,-1.0108561197916666,-0.9897928873697917
1787620275.2892869,350.41733695208416,189.2812323237716,-760.2365592072643,-1.5820643773741827,-1.8696991509999628,-1.0108561197916666,-0.9897928873697917
1787620275.3062458,348.7526660231086,187.48468749893982,-762.8180601100994,-1.6646709289755934,-1.7965448248317872,-1.0108561197916666,-0.9897928873697917
1787620275.323155,347.00666904276375,185.76707370240896,-765.4695100996622,-1.7459969803448145,-1.7176137965308533,-1.0108561197916666,-0.9897928873697917
1787620275.339993,345.1813677836634,184.13398524095533,-768.1811519993994,-1.825301259100363,-1.6330884614536259,-1.0108561197916666,-0.9897928873697917
1787620275.356758,343.2794567927063,182.59079465263417,-770.9444881949989,-1.9019109909570777,-1.5431905883211603,-1.0108561197916666,-0.9897928873697917
1787620275.3735769,341.30423828671155,181.14261839851932,-773.7521483140063,-1.9752185059947613,-1.448176254114866,-1.0108561197916666,-0.9897928873697917
1787620275.390571,339.2595607999281,179.7942873618494,-776.597761043126,-2.0446774867834243,-1.3483310366699133,-1.0108561197916666,-0.9897928873697917
1787620275.407449,337.1497616971881,178.55032178536268,-779.4758338221844,-2.1097991027399763,-1.2439655764867177,-1.0108561197916666,-0.9897928873697917
1787620275.425335,334.9796135001563,177.41491022459462,-782.3816423830864,-2.1701481970318452,-1.1354115607680646,-1.0108561197916666,-0.9897928873697917
1787620275.4423318,332.75427386497375,176.3918920832637,-785.3111309327686,-2.225339635182509,-1.0230181413308947,-1.0108561197916666,-0.9897928873697917
1787620275.459063,330.47923898228674,175.4847433126844,-788.2608230277832,-2.2750348826870272,-0.9071487705793178,-1.0108561197916666,-0.9897928873697917
1787620275.4761229,328.1603001338039,174.6965648897347,-791.2277427247232,-2.3189388484828313,-0.7881784229496912,-1.0108561197916666,-0.9897928873697917
1787620275.492992,325.8035031245952,174.03007372940993,-794.2093453234137,-2.3567970092087416,-0.6664911603247804,-1.0108561197916666,-0.9897928873697917
1787620275.509212,323.41511031086515,173.48759573287083,-797.2034568840744,-2.388392813730035,-0.5424779965390927,-1.0108561197916666,-0.9897928873697917
1787620275.526038,321.0015649540331,173.07106071643065,-800.2082216503957,-2.4135453568320466,-0.41653501644017016,-1.0108561197916666,-0.9897928873697917
1787620275.542807,318.5694576499503,172.7819990087737,-803.2220565163483,-2.4321073040827788,-0.2890617076569306,-1.0108561197916666,-0.9897928873697917
1787620275.55899,316.1254946042447,172.62153954151935,-806.243611714045,-2.443963045705641,-0.16045946725434665,-1.0108561197916666,-0.9897928873697917
1787620275.57515,313.67646754907895,172.590409291401,-809.271736958473,-2.449027055165767,-0.031130250118373823,-1.0108561197916666,-0.9897928873697917
1787620275.591894,311.22922512157953,172.6889339606623,-812.3054523526537,-2.447242427499428,0.09852466926130592,-1.0108561197916666,-0.9897928873697917
1787620275.6086059,308.7906455488035,172.91703980593155,-815.3439234273717,-2.4385795727759927,0.22810584526924954,-1.0108561197916666,-0.9897928873697917
1787620275.626206,306.3670116228992,173.27017038038258,-818.2898291004736,-2.423633925904288,0.35313057445102153,-0.9034037272135417,-0.9897928873697917
1787620275.6427279,303.9634203321328,173.74075673415626,-821.0775145753817,-2.4035912907664487,0.4705863537736914,-0.8110880533854167,-0.9897928873697917
1787620275.6602082,301.58350042749936,174.3192754088211,-823.662652176859,-2.3799199046334225,0.578518674664857,-0.7260965983072917,-0.9897928873697917
1787620275.676664,299.22370049981254,174.9750550293459,-825.5304140939263,-2.3597999276868182,0.6557796205247843,-0.03990885416666667,-0.9897928873697917
1787620275.694165,296.8799988671689,175.68622678535849,-826.8798720790074,-2.3437016326436066,0.7111717560125936,-0.010642496744791667,-0.9897928873697917
1787620275.7106729,294.5487377470647,176.4371756513253,-827.8548554732286,-2.331261120104203,0.7509488659668101,-0.010642496744791667,-0.9897928873697917
1787620275.72826,292.2268851581317,177.21672883403414,-828.5592809755533,-2.321852588933001,0.7795531827088269,-0.010642496744791667,-0.9897928873697917
1787620275.744938,289.91204870106657,178.01687556210868,-829.0682284009829,-2.3148364570651587,0.8001467280745239,-0.010642496744791667,-0.9897928873697917
1787620275.760973,287.6023950858094,178.83186193434796,-829.4359429158558,-2.309653615257186,0.8149863722392865,-0.010642496744791667,-0.9897928873697917
1787620275.7774878,285.2965452817042,179.6575490968462,-829.7016166528515,-2.3058498041051907,0.8256871624982404,-0.010642496744791667,-0.9897928873697917
1787620275.794961,282.9934745854892,180.49095654680212,-829.8935659278309,-2.3030706962150123,0.8334074499559272,-0.010642496744791667,-0.9897928873697917
1787620275.811815,280.692427880812,181.32993608904403,-830.0322492790035,-2.301046704677221,0.8389795422419093,-0.010642496744791667,-0.9897928873697917
1787620275.828681,278.39285189942643,182.17293841124783,-830.1324480002257,-2.299575981385553,0.8430023222038081,-0.010642496744791667,-0.9897928873697917
1787620275.84583,276.0943428920453,183.0188455884216,-830.2048415763088,-2.298509007381136,0.8459071771737889,-0.010642496744791667,-0.9897928873697917
1787620275.862859,273.7966070568072,183.86685068325838,-830.2571459350288,-2.2977358352380812,0.8480050948367588,-0.010642496744791667,-0.9897928873697917
1787620275.879925,271.6528685005096,184.65962825715798,-830.294935834204,-2.1437385562975773,0.7927775738996092,-0.010642496744791667,-0.7656107584635417
1787620275.896329,269.8074771157141,185.34307366518124,-830.322239036358,-1.8453913847954804,0.6834454080232649,-0.010642496744791667,-0.49650675455729165
1787620275.913435,268.3216486971021,185.89393581270687,-830.3419655999144,-1.485828418611991,0.5508621475256347,-0.010642496744791667,-0.28013712565104165
1787620275.9305532,267.22450120345593,186.30100725245015,-830.3562180420838,-1.0971474936461474,0.40707143974327287,-0.010642496744791667,-0.049607340494791666
1787620275.946604,266.43186501037405,186.59525882764854,-830.3665154315512,-0.792636193081888,0.29425157519838246,-0.010642496744791667,0.0026387532552083325
1787620275.963593,265.8592129714157,186.8079299514585,-830.3739552954414,-0.5726520389583859,0.2126711238099789,-0.010642496744791667,0.011885579427083333
1787620275.981405,265.44548629048535,186.96162365356452,-830.3793305971021,-0.4137266809303505,0.15369370210600833,-0.010642496744791667,0.010420735677083333
1787620275.9992268,265.1465762910277,187.07268761448057,-830.383214252552,-0.2989099994576341,0.11106396091605666,-0.010642496744791667,0.010420735677083333
1787620276.016261,264.9306177464466,187.15294190245706,-830.3860201936145,-0.21595854458107908,0.080254287976487,-0.010642496744791667,0.010420735677083333
1787620276.0331678,264.7745897497183,187.21093114628368,-830.3880474860322,-0.15602799672828455,0.057989243826620615,-0.010642496744791667,0.010420735677083333
1787620276.0496058,264.66186059318665,187.25283125678888,-830.389512204804,-0.11272915653167526,0.04190011050520321,-0.010642496744791667,0.010420735677083333
1787620276.06647,264.5804143367489,187.2831055909553,-830.3905704641165,-0.08144625643776551,0.030274334166435282,-0.010642496744791667,0.010420735677083333
1787620276.084376,264.52156970836825,187.30497958265371,-830.3913350564699,-0.05884462838067428,0.02187399169840265,-0.010642496744791667,0.010420735677083333
1787620276.101249,264.47905461673923,187.32078395156634,-830.3918874744452,-0.04251509162899257,0.015804368912618563,-0.010642496744791667,0.010420735677083333
1787620276.1179872,264.4483375425803,187.33220282208092,-830.3922865964323,-0.030717074158922702,0.011418870514561155,-0.010642496744791667,0.010420735677083333
1787620276.134913,264.4261444980231,187.34045306772381,-830.392574962068,-0.02219304455719563,0.008250245642910091,-0.010642496744791667,0.010420735677083333
1787620276.1510022,264.41011004500587,187.34641392850682,-830.3927833062398,-0.016034453017250816,0.005960860782991564,-0.010642496744791667,0.010420735677083333
1787620276.167882,264.39852516401567,187.3507206808586,-830.3929338349039,-0.011584880990214309,0.0043067523517666545,-0.010642496744791667,0.010420735677083333
1787620276.184559,264.39015509340663,187.35383232532052,-830.3930425918638,-0.008370070609023974,0.003111644461949125,-0.010642496744791667,0.010420735677083333
1787620276.202488,264.3841077204748,187.3560804967378,-830.3931211687673,-0.006047372931825494,0.0022481714172828964,-0.010642496744791667,0.010420735677083333
1787620276.219425,264.379738495141,187.35770480491607,-830.39317794058,-0.004369225333792096,0.0016243081782566981,-0.010642496744791667,0.010420735677083333
1787620276.236353,264.37658173067746,187.35887836983477,-830.3932189582148,-0.0031567644635189483,0.0011735649186956462,-0.010642496744791667,0.010420735677083333
1787620276.253152,264.37430096879115,187.35972627166822,-830.3932485934558,-0.002280761886330332,0.000847901833441964,-0.010642496744791667,0.010420735677083333
1787620276.270006,264.3726531185572,187.3603388813587,-830.3932700049176,-0.001647850233941231,0.0006126096904643238,-0.010642496744791667,0.010420735677083333
1787620276.2868962,264.3714625468827,187.3607814921815,-830.3932854746986,-0.0011905716745182742,0.0004426108228131917,-0.010642496744791667,0.010420735677083333
1787620276.3037498,264.3706023589102,187.3611012786688,-830.3932966516154,-0.0008601879724574404,0.00031978648728284533,-0.010642496744791667,0.010420735677083333
1787620276.319844,264.3699808731327,187.36133232449345,-830.3933047269378,-0.0006214857775366857,0.00023104582465466252,-0.010642496744791667,0.010420735677083333
1787620276.336898,264.3695318496754,187.3614992551475,-830.3933105613582,-0.0004490234572717349,0.000166930654036984,-0.010642496744791667,0.010420735677083333
1787620276.353709,264.36920743023643,187.36161986256892,-830.393314776727,-0.0003244194390054922,0.00012060742140992957,-0.010642496744791667,0.010420735677083333
1787620276.370497,264.3689730371964,187.36170700144334,-830.393317822331,-0.0002343930400495305,8.71388744280275e-05,-0.010642496744791667,0.010420735677083333
1787620276.38834,264.3688036882274,187.36176995928662,-830.3933200227799,-0.00016934896901788502,6.29578432781103e-05,-0.010642496744791667,0.010420735677083333
1787620276.405175,264.36868133359854,187.36181544633178,-830.3933216126042,-0.00012235462885326257,4.5487045163490244e-05,-0.010642496744791667,0.010420735677083333
1787620276.422046,264.36859293237984,187.36184831072367,-830.3933227612522,-8.8401218687627e-05,3.286439190286206e-05,-0.010642496744791667,0.010420735677083333
1787620276.438751,264.3685290624997,187.36187205524774,-830.3933235911504,-6.3869880157884e-05,2.374452407493833e-05,-0.010642496744791667,0.010420735677083333
1787620276.455532,264.3684829165115,187.36188921066687,-830.3933241907519,-4.614598823453942e-05,1.7155419127061593e-05,-0.010642496744791667,0.010420735677083333
1787620276.4732878,264.36844957603506,187.36190160545743,-830.393324623964,-3.3340476405737995e-05,1.23947905713886e-05,-0.010642496744791667,0.010420735677083333
1787620276.490166,264.3684254875409,187.36191056069376,-830.3933249369596,-2.408849415422499e-05,8.955236319419017e-06,-0.010642496744791667,0.010420735677083333
1787620276.506995,264.36840808360387,187.36191703085206,-830.393325163099,-1.740393700089064e-05,6.470158309471432e-06,-0.010642496744791667,0.010420735677083333
1787620276.523846,264.3683955092594,187.36192170554148,-830.3933253264847,-1.2574344469813063e-05,4.674689414450332e-06,-0.010642496744791667,0.010420735677083333
1787620276.539951,264.3683864242955,187.3619250830046,-830.3933254445309,-9.08496387248137e-06,3.377463120658072e-06,-0.010642496744791667,0.010420735677083333
1787620276.5567412,264.3683798604091,187.3619275232217,-830.3933255298192,-6.563886394235374e-06,2.4402171144462093e-06,-0.010642496744791667,0.010420735677083333
1787620276.573616,264.3683751180012,187.36192928627858,-830.3933255914401,-4.742407917938915e-06,1.7630568702877817e-06,-0.010642496744791667,0.010420735677083333
1787620276.59107,264.3683716916115,187.36193056008716,-830.3933256359611,-3.426389719721067e-06,1.2738085914453605e-06,-0.010642496744791667,0.010420735677083333
1787620276.607844,264.3683692160449,187.36193148041386,-830.3933256681275,-2.4755665719817904e-06,9.20326708709082e-07,-0.010642496744791667,0.010420735677083333
1787620276.625033,264.36836742744805,187.3619321453499,-830.3933256913679,-1.788596847987132e-06,6.649360477678032e-07,-0.010642496744791667,0.010420735677083333
1787620276.641694,264.3683661351868,187.3619326257662,-830.393325708159,-1.2922612225299121e-06,4.804162948909476e-07,-0.010642496744791667,0.010420735677083333
1787620276.65874,264.3683652015281,187.36193297286698,-830.3933257202905,-9.336587332043682e-07,3.471007732563975e-07,-0.010642496744791667,0.010420735677083333
1787620276.675499,264.3683645269597,187.3619332236473,-830.3933257290555,-6.745684347017922e-07,2.5078030878094143e-07,-0.010642496744791667,0.010420735677083333
1787620276.692429,264.368364039584,187.36193340483607,-830.3933257353882,-4.873756940520186e-07,1.811887731480982e-07,-0.010642496744791667,0.010420735677083333
1787620276.710311,264.36836368745503,187.36193353574495,-830.3933257399636,-3.5212893894212963e-07,1.3090888862762057e-07,-0.010642496744791667,0.010420735677083333
1787620276.727202,264.36836343304185,187.36193363032663,-830.3933257432694,-2.5441315838023143e-07,9.458167204813494e-08,-0.010642496744791667,0.010420735677083333
1787620276.744069,264.36836324922837,187.3619336986619,-830.3933257456579,-1.8381350692686865e-07,6.833525806243993e-08,-0.010642496744791667,0.010420735677083333
1787620276.760929,264.3683631164231,187.36193374803412,-830.3933257473835,-1.328052587531756e-07,4.93722239541127e-08,-0.010642496744791667,0.010420735677083333
1787620276.777749,264.3683630204713,187.36193378370555,-830.3933257486303,-9.595179944839314e-08,3.567143180893437e-08,-0.010642496744791667,0.010420735677083333
1787620276.794825,264.36836295114614,187.36193380947816,-830.3933257495311,-6.932517510105883e-08,2.577260948304505e-08,-0.010642496744791667,0.010420735677083333
1787620276.8117352,264.3683629010587,187.36193382809887,-830.3933257501819,-5.008743901030351e-08,1.862071035206894e-08,-0.010642496744791667,0.010420735677083333
1787620276.8285608,264.3683628648705,187.36193384155234,-830.3933257506521,-3.6188174684833876e-08,1.3453463229666796e-08,-0.010642496744791667,0.010420735677083333
1787620276.8463202,264.3683628387245,187.36193385127248,-830.3933257509918,-2.6145956209734834e-08,9.72012718358929e-09,-0.010642496744791667,0.010420735677083333
1787620276.863256,264.3683628198341,187.3619338582953,-830.3933257512373,-1.8890453361503333e-08,7.022791890224202e-09,-0.010642496744791667,0.010420735677083333
1787620276.880275,264.36836280618576,187.36193386336925,-830.3933257514146,-1.3648352553670458e-08,5.07396714072922e-09,-0.010642496744791667,0.010420735677083333
1787620276.897213,264.36836279632485,187.3619338670352,-830.3933257515428,-9.860934720018706e-09,3.665941259198914e-09,-0.010642496744791667,0.010420735677083333
1787620276.914298,264.3683627892003,187.36193386968384,-830.3933257516353,-7.124525335209237e-09,2.648642559782719e-09,-0.010642496744791667,0.010420735677083333
1787620276.931055,264.36836278405286,187.36193387159747,-830.3933257517022,-5.147469554686441e-09,1.913644249449022e-09,-0.010642496744791667,0.010420735677083333
1787620276.947873,264.3683627803338,187.36193387298007,-830.3933257517505,-3.7190467532597878e-09,1.3826079702300568e-09,-0.010642496744791667,0.010420735677083333
1787620276.964702,264.36836277764684,187.361933873979,-830.3933257517854,-2.687011279229589e-09,9.989342584928533e-10,-0.010642496744791667,0.010420735677083333
1787620276.981209,264.36836277570546,187.36193387470075,-830.3933257518106,-1.94136564924306e-09,7.21730001761942e-10,-0.010642496744791667,0.010420735677083333
1787620276.99809,264.36836277430285,187.3619338752222,-830.3933257518288,-1.402636681577946e-09,5.214499262734466e-10,-0.010642496744791667,0.010420735677083333
1787620277.015059,264.36836277328945,187.36193387559896,-830.393325751842,-1.013405002439979e-09,3.767475717327992e-10,-0.010642496744791667,0.010420735677083333
1787620277.03187,264.36836277255725,187.36193387587116,-830.3933257518515,-7.321851142628394e-10,2.7220012057706965e-10,-0.010642496744791667,0.010420735677083333
1787620277.0486941,264.36836277202826,187.36193387606784,-830.3933257518584,-5.290037450548781e-10,1.9666458711699582e-10,-0.010642496744791667,0.010420735677083333
1787620277.065494,264.36836277164605,187.36193387620992,-830.3933257518634,-3.8220520580213706e-10,1.4209016419206274e-10,-0.010642496744791667,0.010420735677083333
1787620277.083349,264.3683627713699,187.36193387631258,-830.393325751867,-2.761432611920375e-10,1.0266014362878298e-10,-0.010642496744791667,0.010420735677083333
1787620277.1002822,264.3683627711704,187.36193387638676,-830.3933257518696,-1.9951350621124377e-10,7.417195377180455e-11,-0.010642496744791667,0.010420735677083333
1787620277.117205,264.3683627710262,187.36193387644036,-830.3933257518714,-1.441485082376219e-10,5.35892366001334e-11,-0.010642496744791667,0.010420735677083333
1787620277.1339478,264.3683627709221,187.36193387647907,-830.3933257518728,-1.0414729720168086e-10,3.871822344359897e-11,-0.010642496744791667,0.010420735677083333
1787620277.1507561,264.36836277084683,187.36193387650704,-830.3933257518738,-7.524642222821392e-11,2.7973916438001595e-11,-0.010642496744791667,0.010420735677083333
1787620277.167732,264.3683627707925,187.36193387652725,-830.3933257518745,-5.436554005988436e-11,2.021115462645674e-11,-0.010642496744791667,0.010420735677083333
1787620277.1838698,264.3683627707532,187.36193387654185,-830.393325751875,-3.9279102693266325e-11,1.4602559217615342e-11,-0.010642496744791667,0.010420735677083333
1787620277.20088,264.36836277072484,187.3619338765524,-830.3933257518753,-2.8379151695884865e-11,1.0550349034727237e-11,-0.010642496744791667,0.010420735677083333
1787620277.217813,264.3683627707043,187.36193387656002,-830.3933257518755,-2.0503937100276774e-11,7.622627177590538e-12,-0.010642496744791667,0.010420735677083333
1787620277.2347379,264.3683627706895,187.36193387656553,-830.3933257518758,-1.4814094554949947e-11,5.507348135809215e-12,-0.010642496744791667,0.010420735677083333
1787620277.25153,264.3683627706788,187.3619338765695,-830.3933257518759,-1.0703183315951327e-11,3.979059028122176e-12,-0.010642496744791667,0.010420735677083333
1787620277.2692358,264.36836277067107,187.36193387657238,-830.393325751876,-7.73304994577483e-12,2.874870147818286e-12,-0.010642496744791667,0.010420735677083333
1787620277.2860649,264.3683627706655,187.36193387657445,-830.3933257518761,-5.58712858582231e-12,2.0770936817987215e-12,-0.010642496744791667,0.010420735677083333
1787620277.3029609,264.36836277066146,187.36193387657596,-830.3933257518761,-4.0367004032566195e-12,1.5007001850995766e-12,-0.010642496744791667,0.010420735677083333
1787620277.319795,264.36836277065856,187.36193387657704,-830.3933257518761,-2.916516041352908e-12,1.0842558837344444e-12,-0.010642496744791667,0.010420735677083333
1787620277.336472,264.36836277065646,187.36193387657784,-830.3933257518761,-2.1071828398774766e-12,7.833748759981361e-13,-0.010642496744791667,0.010420735677083333
1787620277.3542771,264.3683627706549,187.3619338765784,-830.3933257518761,-1.522439601811477e-12,5.659883479086534e-13,-0.010642496744791667,0.010420735677083333
1787620277.3708632,264.36836277065385,187.3619338765788,-830.3933257518761,-1.099962612308792e-12,4.08926581364002e-13,-0.010642496744791667,0.010420735677083333
1787620277.387198,264.36836277065305,187.3619338765791,-830.3933257518761,-7.947229873931023e-13,2.954494550354915e-13,-0.010642496744791667,0.010420735677083333
1787620277.4040089,264.3683627706525,187.36193387657931,-830.3933257518761,-5.741873583915164e-13,2.134622312631426e-13,-0.010642496744791667,0.010420735677083333
1787620277.420764,264.3683627706521,187.36193387657946,-830.3933257518761,-4.1485036643787055e-13,1.542264620876205e-13,-0.010642496744791667,0.010420735677083333
1787620277.437448,264.3683627706518,187.36193387657957,-830.3933257518761,-2.9972938975136144e-13,1.114286188583058e-13,-0.010642496744791667,0.010420735677083333
1787620277.455138,264.3683627706516,187.36193387657966,-830.3933257518761,-2.165544840953587e-13,8.050717712512597e-14,-0.010642496744791667,0.010420735677083333
1787620277.471843,264.3683627706514,187.3619338765797,-830.3933257518761,-1.5646061475889664e-13,5.81664354729035e-14,-0.010642496744791667,0.010420735677083333
1787620277.488909,264.3683627706513,187.36193387657974,-830.3933257518761,-1.1304279416330283e-13,4.202524962917278e-14,-0.010642496744791667,0.010420735677083333
1787620277.505847,264.36836277065123,187.36193387657977,-830.3933257518761,-8.16734187829863e-14,3.0363242857077336e-14,-0.010642496744791667,0.010420735677083333
1787620277.521645,264.3683627706512,187.3619338765798,-830.3933257518761,-5.90090450707076e-14,2.1937442964238375e-14,-0.010642496744791667,0.010420735677083333
1787620277.538456,264.3683627706511,187.36193387657983,-830.3933257518761,-4.263403506358624e-14,1.5849802541662225e-14,-0.010642496744791667,0.010420735677083333
1787620277.556312,264.36836277065106,187.36193387657983,-830.3933257518761,-3.080309033344106e-14,1.1451482336350959e-14,-0.010642496744791667,0.010420735677083333
1787620277.573233,264.36836277065106,187.36193387657983,-830.3933257518761,-2.2255232765911163e-14,8.273695988013567e-15,-0.010642496744791667,0.010420735677083333
1787620277.589877,264.36836277065106,187.36193387657983,-830.3933257518761,-1.6079405673370816e-14,5.977745351339803e-15,-0.010642496744791667,0.010420735677083333
1787620277.60653,264.36836277065106,187.36193387657983,-830.3933257518761,-1.1617370599010414e-14,4.3189210163430075e-15,-0.010642496744791667,0.010420735677083333
1787620277.624116,264.36836277065106,187.36193387657983,-830.3933257518761,-8.393550257785021e-15,3.1204204343078217e-15,-0.010642496744791667,0.010420735677083333
1787620277.640639,264.36836277065106,187.36193387657983,-830.3933257518761,-6.064340061249678e-15,2.2545037637874016e-15,-0.010642496744791667,0.010420735677083333
1787620277.65808,264.36836277065106,187.36193387657983,-830.3933257518761,-4.381485694252892e-15,1.6288789693363973e-15,-0.010642496744791667,0.010420735677083333
1787620277.674528,264.36836277065106,187.36193387657983,-830.3933257518761,-3.1656234140977144e-15,1.176865055345547e-15,-0.010642496744791667,0.010420735677083333
1787620277.6920269,264.36836277065106,187.36193387657983,-830.3933257518761,-2.2871629166855995e-15,8.50285002487158e-16,-0.010642496744791667,0.010420735677083333
1787620277.70854,264.36836277065106,187.36193387657983,-830.3933257518761,-1.6524752073053453e-15,6.143309142969716e-16,-0.010642496744791667,0.010420735677083333
1787620277.728408,264.36836277065106,187.36193387657983,-830.3933257518761,-1.193913337278112e-15,4.4385408557956197e-16,-0.010642496744791667,0.010420735677083333
1787620277.7436879,264.36836277065106,187.36193387657983,-830.3933257518761,-8.626023861834359e-16,3.206845768312335e-16,-0.010642496744791667,0.010420735677083333
1787620277.76032,264.36836277065106,187.36193387657983,-830.3933257518761,-6.232302240175325e-16,2.3169460676056624e-16,-0.010642496744791667,0.010420735677083333
1787620277.776872,264.36836277065106,187.36193387657983,-830.3933257518761,-4.502838368526671e-16,1.673993533845091e-16,-0.010642496744791667,0.010420735677083333
1787620277.79426,264.36836277065106,187.36193387657983,-830.3933257518761,-3.2533007212605206e-16,1.209460328203078e-16,-0.010642496744791667,0.010420735677083333
1787620277.810714,264.36836277065106,187.36193387657983,-830.3933257518761,-2.3505097711107266e-16,8.738350871267241e-17,-0.010642496744791667,0.010420735677083333
1787620277.828129,264.36836277065106,187.36193387657983,-830.3933257518761,-1.6982433096274998e-16,6.313458504490582e-17,-0.010642496744791667,0.010420735677083333
1787620277.845075,264.36836277065106,187.36193387657983,-830.3933257518761,-1.226980791205869e-16,4.5614737694944454e-17,-0.010642496744791667,0.010420735677083333
1787620277.8619509,264.36836277065106,187.36193387657983,-830.3933257518761,-8.864936216462402e-17,3.295664798459737e-17,-0.010642496744791667,0.010420735677083333
1787620277.878957,264.36836277065106,187.36193387657983,-830.3933257518761,-6.404916416394086e-17,2.3811178168871602e-17,-0.010642496744791667,0.010420735677083333
1787620277.894965,264.36836277065106,187.36193387657983,-830.3933257518761,-4.6275521108447264e-17,1.720357622700973e-17,-0.010642496744791667,0.010420735677083333
1787620277.911129,264.36836277065106,187.36193387657983,-830.3933257518761,-3.343406400085314e-17,1.2429583824014527e-17,-0.010642496744791667,0.010420735677083333
1787620277.928061,264.36836277065106,187.36193387657983,-830.3933257518761,-2.4156111240616393e-17,8.980374312850495e-18,-0.010642496744791667,0.010420735677083333
1787620277.9454138,264.36836277065106,187.36193387657983,-830.3933257518761,-1.745279037134535e-17,6.488320441034485e-18,-0.010642496744791667,0.010420735677083333
1787620277.9629068,264.36836277065106,187.36193387657983,-830.3933257518761,-1.2609641043297011e-17,4.687811518647415e-18,-0.010642496744791667,0.010420735677083333
1787620277.979284,264.36836277065106,187.36193387657983,-830.3933257518761,-9.11046565378209e-18,3.386943822222756e-18,-0.010642496744791667,0.010420735677083333
1787620277.996496,264.36836277065106,187.36193387657983,-830.3933257518761,-6.5823114348575595e-18,2.4470669115559415e-18,-0.010642496744791667,0.010420735677083333
1787620278.013746,264.36836277065106,187.36193387657983,-830.3933257518761,-4.755720011684587e-18,1.7680058435991677e-18,-0.010642496744791667,0.010420735677083333
1787620278.030913,264.36836277065106,187.36193387657983,-830.3933257518761,-3.4360077084421147e-18,1.2773842220003989e-18,-0.010642496744791667,0.010420735677083333
1787620278.052095,264.36836277065106,187.36193387657983,-830.3933257518761,-2.4825155693494284e-18,9.229101003952883e-19,-0.010642496744791667,0.010420735677083333
1787620278.0637288,264.36836277065106,187.36193387657983,-830.3933257518761,-1.793617498854962e-18,6.668025475355959e-19,-0.010642496744791667,0.010420735677083333
1787620278.081179,264.36836277065106,187.36193387657983,-830.3933257518761,-1.29588864292271e-18,4.81764840594468e-19,-0.010642496744791667,0.010420735677083333
1787620278.09742,264.36836277065106,187.36193387657983,-830.3933257518761,-9.36279544511658e-19,3.4807509732950304e-19,-0.010642496744791667,0.010420735677083333
1787620278.114497,264.36836277065106,187.36193387657983,-830.3933257518761,-6.764619709096728e-19,2.5148425782056595e-19,-0.010642496744791667,0.010420735677083333
1787620278.131652,264.36836277065106,187.36193387657983,-830.3933257518761,-4.887437739822385e-19,1.816973762753589e-19,-0.010642496744791667,0.010420735677083333
1787620278.149015,264.36836277065106,187.36193387657983,-830.3933257518761,-3.531173767021674e-19,1.3127635435894682e-19,-0.010642496744791667,0.010420735677083333
1787620278.165256,264.36836277065106,187.36193387657983,-830.3933257518761,-2.55127304667316e-19,9.484716602433907e-20,-0.010642496744791667,0.010420735677083333
1787620278.182234,264.36836277065106,187.36193387657983,-830.3933257518761,-1.8432947762213577e-19,6.852707745258499e-20,-0.010642496744791667,0.010420735677083333
1787620278.198654,264.36836277065106,187.36193387657983,-830.3933257518761,-1.3317804758199313e-19,4.9510813459492665e-20,-0.010642496744791667,0.010420735677083333
1787620278.215016,264.36836277065106,187.36193387657983,-830.3933257518761,-9.622113937799003e-20,3.5771562724483446e-20,-0.010642496744791667,0.010420735677083333
1787620278.231959,264.36836277065106,187.36193387657983,-830.3933257518761,-6.95197732005978e-20,2.584495406843929e-20,-0.010642496744791667,0.010420735677083333
1787620278.2488909,264.36836277065106,187.36193387657983,-830.3933257518761,-5.02280361374319e-20,1.8672979314447384e-20,-0.010642496744791667,0.010420735677083333
1787620278.2658281,264.36836277065106,187.36193387657983,-830.3933257518761,-3.6289756109294543e-20,1.3491227554688233e-20,-0.010642496744791667,0.010420735677083333
1787620278.282733,264.36836277065106,187.36193387657983,-830.3933257518761,-2.621934878896531e-20,9.74741190826225e-21,-0.010642496744791667,0.010420735677083333
1787620278.300478,264.36836277065106,187.36193387657983,-830.3933257518761,-1.8943479500027438e-20,7.042505103719476e-21,-0.010642496744791667,0.010420735677083333
1787620278.318,264.36836277065106,187.36193387657983,-830.3933257518761,-1.3686663938769824e-20,5.088209937437321e-21,-0.010642496744791667,0.010420735677083333
1787620278.3343098,264.36836277065106,187.36193387657983,-830.3933257518761,-9.888614695761194e-21,3.676231679798463e-21,-0.010642496744791667,0.010420735677083333
1787620278.351309,264.36836277065106,187.36193387657983,-830.3933257518761,-7.144524117687464e-21,2.6560773886543897e-21,-0.010642496744791667,0.010420735677083333
1787620278.368375,264.36836277065106,187.36193387657983,-830.3933257518761,-5.161918675029191e-21,1.919015913302796e-21,-0.010642496744791667,0.010420735677083333
1787620278.385463,264.36836277065106,187.36193387657983,-830.3933257518761,-3.729486242708591e-21,1.3864889973612704e-21,-0.010642496744791667,0.010420735677083333
1787620278.4020631,264.36836277065106,187.36193387657983,-830.3933257518761,-2.6945538103569576e-21,1.0017383005935182e-21,-0.010642496744791667,0.010420735677083333
1787620278.419155,264.36836277065106,187.36193387657983,-830.3933257518761,-1.946815127982902e-21,7.237559221788169e-22,-0.010642496744791667,0.010420735677083333
1787620278.436911,264.36836277065106,187.36193387657983,-830.3933257518761,-1.4065739299676466e-21,5.229136537741951e-22,-0.010642496744791667,0.010420735677083333
1787620278.453151,264.36836277065106,187.36193387657983,-830.3933257518761,-1.0162496644016247e-21,3.77805114851856e-22,-0.010642496744791667,0.010420735677083333
1787620278.4703739,264.36836277065106,187.36193387657983,-830.3933257518761,-7.342403825301739e-22,2.72964195480466e-22,-0.010642496744791667,0.010420735677083333
1787620278.4874182,264.36836277065106,187.36193387657983,-830.3933257518761,-5.304886763780506e-22,1.9721663123463667e-22,-0.010642496744791667,0.010420735677083333
1787620278.5039701,264.36836277065106,187.36193387657983,-830.3933257518761,-3.832780686831416e-22,1.42489016067025e-22,-0.010642496744791667,0.010420735677083333
1787620278.520728,264.36836277065106,187.36193387657983,-830.3933257518761,-2.769184046235698e-22,1.0294831410842555e-22,-0.010642496744791667,0.010420735677083333
1787620278.537496,264.36836277065106,187.36193387657983,-830.3933257518761,-2.0007354734052914e-22,7.438015694333748e-23,-0.010642496744791667,0.010420735677083333
1787620278.5544388,264.36836277065106,187.36193387657983,-830.3933257518761,-1.4455313795353232e-22,5.373966339156132e-23,-0.010642496744791667,0.010420735677083333
1787620278.572287,264.36836277065106,187.36193387657983,-830.3933257518761,-1.0443964217142709e-22,3.882690680040305e-23,-0.010642496744791667,0.010420735677083333
1787620278.5891032,264.36836277065106,187.36193387657983,-830.3933257518761,-7.545764146885607e-23,2.80524401632912e-23,-0.010642496744791667,0.010420735677083333
1787620278.6057842,264.36836277065106,187.36193387657983,-830.3933257518761,-5.451814596124852e-23,2.02678880179779e-23,-0.010642496744791667,0.010420735677083333
1787620278.623141,264.36836277065106,187.36193387657983,-830.3933257518761,-3.938936045700205e-23,1.4643549092989028e-23,-0.010642496744791667,0.010420735677083333
1787620278.640511,264.36836277065106,187.36193387657983,-830.3933257518761,-2.8458812930183983e-23,1.0579964219684572e-23,-0.010642496744791667,0.010420735677083333
1787620278.657717,264.36836277065106,187.36193387657983,-830.3933257518761,-2.0561492342057924e-23,7.644024148722103e-24,-0.010642496744791667,0.010420735677083333
1787620278.67434,264.36836277065106,187.36193387657983,-830.3933257518761,-1.4855678217136848e-23,5.522807447451719e-24,-0.010642496744791667,0.010420735677083333
1787620278.692278,264.36836277065106,187.36193387657983,-830.3933257518761,-1.0733227511881377e-23,3.990228380783868e-24,-0.010642496744791667,0.010420735677083333
1787620278.7092118,264.36836277065106,187.36193387657983,-830.3933257518761,-7.754756877334293e-24,2.882940005116344e-24,-0.010642496744791667,0.010420735677083333
1787620278.725376,264.36836277065106,187.36193387657983,-830.3933257518761,-5.602811843874027e-24,2.0829241536965587e-24,-0.010642496744791667,0.010420735677083333
1787620278.742523,264.36836277065106,187.36193387657983,-830.3933257518761,-4.048031557198984e-24,1.5049127010457635e-24,-0.010642496744791667,0.010420735677083333
1787620278.759706,264.36836277065106,187.36193387657983,-830.3933257518761,-2.924702800076266e-24,1.0872994265055642e-24,-0.010642496744791667,0.010420735677083333
1787620278.775965,264.36836277065106,187.36193387657983,-830.3933257518761,-2.1130977730551022e-24,7.855738356502701e-25,-0.010642496744791667,0.010420735677083333
1787620278.7926168,264.36836277065106,187.36193387657983,-830.3933257518761,-1.5267131410323112e-24,5.675770962573201e-25,-0.010642496744791667,0.010420735677083333
1787620278.8092842,264.36836277065106,187.36193387657983,-830.3933257518761,-1.103050244395845e-24,4.1007445204591375e-25,-0.010642496744791667,0.010420735677083333
1787620278.82555,264.36836277065106,187.36193387657983,-830.3933257518761,-7.969538015759979e-25,2.9627879160317276e-25,-0.010642496744791667,0.010420735677083333
1787620278.843013,264.36836277065106,187.36193387657983,-830.3933257518761,-5.7579912163865875e-25,2.1406142693329236e-25,-0.010642496744791667,0.010420735677083333
1787620278.866837,264.36836277065106,187.36193387657983,-830.3933257518761,-4.16014865383931e-25,1.5465938095930374e-25,-0.010642496744791667,0.010420735677083333
1787620278.876556,264.36836277065106,187.36193387657983,-830.3933257518761,-3.005707402398901e-25,1.1174140274309692e-25,-0.010642496744791667,0.010420735677083333
1787620278.892956,264.36836277065106,187.36193387657983,-830.3933257518761,-2.171623598233206e-25,8.073316348188754e-26,-0.010642496744791667,0.010420735677083333
1787620278.910053,264.36836277065106,187.36193387657983,-830.3933257518761,-1.5689980497234914e-25,5.832971061566375e-26,-0.010642496744791667,0.010420735677083333
1787620278.926986,264.36836277065106,187.36193387657983,-830.3933257518761,-1.1336010909252224e-25,4.2143215919817064e-26,-0.010642496744791667,0.010420735677083333
1787620278.944562,264.36836277065106,187.36193387657983,-830.3933257518761,-8.190267881934734e-26,3.044847350206783e-26,-0.010642496744791667,0.010420735677083333
1787620278.962126,264.36836277065106,187.36193387657983,-830.3933257518761,-5.917468544697845e-26,2.199902210524401e-26,-0.010642496744791667,0.010420735677083333
1787620278.9784288,264.36836277065106,187.36193387657983,-830.3933257518761,-4.275371023544194e-26,1.58942934710388e-26,-0.010642496744791667,0.010420735677083333
1787620278.995591,264.36836277065106,187.36193387657983,-830.3933257518761,-3.0889555645106795e-26,1.1483627032825529e-26,-0.010642496744791667,0.010420735677083333
1787620279.012625,264.36836277065106,187.36193387657983,-830.3933257518761,-2.231770395358966e-26,8.296920531216444e-27,-0.010642496744791667,0.010420735677083333
1787620279.029753,264.36836277065106,187.36193387657983,-830.3933257518761,-1.6124541106468532e-26,5.9945250838038826e-27,-0.010642496744791667,0.010420735677083333
1787620279.046953,264.36836277065106,187.36193387657983,-830.3933257518761,-1.1649980949423516e-26,4.331044373048306e-27,-0.010642496744791667,0.010420735677083333
1787620279.0632849,264.36836277065106,187.36193387657983,-830.3933257518761,-8.417111235958489e-27,3.1291795595274013e-27,-0.010642496744791667,0.010420735677083333
1787620279.08031,264.36836277065106,187.36193387657983,-830.3933257518761,-6.081362867980009e-27,2.260832231758547e-27,-0.010642496744791667,0.010420735677083333
1787620279.097192,264.36836277065106,187.36193387657983,-830.3933257518761,-4.393784672115556e-27,1.6334512874455505e-27,-0.010642496744791667,0.010420735677083333
1787620279.114478,264.36836277065106,187.36193387657983,-830.3933257518761,-3.17450942560349e-27,1.1801685551794104e-27,-0.010642496744791667,0.010420735677083333
1787620279.1318898,264.36836277065106,187.36193387657983,-830.3933257518761,-2.2935830599985214e-27,8.52671781117124e-28,-0.010642496744791667,0.010420735677083333
1787620279.148095,264.36836277065106,187.36193387657983,-830.3933257518761,-1.657113760848932e-27,6.160553618571221e-28,-0.010642496744791667,0.010420735677083333
1787620279.164551,264.36836277065106,187.36193387657983,-830.3933257518761,-1.1972646922133532e-27,4.450999989417707e-28,-0.010642496744791667,0.010420735677083333
1787620279.182045,264.36836277065106,187.36193387657983,-830.3933257518761,-8.650237401241475e-28,3.215847492354293e-28,-0.010642496744791667,0.010420735677083333
1787620279.2695968,264.36836277065106,187.36193387657983,-830.3933257518761,-6.249796522396966e-28,2.3234498132259766e-28,-0.010642496744791667,0.010420735677083333
