timestamp,x,y,heading,direction_of_travel,velocity_x,velocity_y,steering_input_raw,throttle_input_raw,steering_input_applied,throttle_input_applied,safety_active,safety_phase,sensor_x,sensor_y,estimated_x,estimated_y
1791245887.5042088,400.0,300.0,0.0,0.0,0.0,0.0,-0.08397623697916667,-0.0003519694010416675,-0.08397623697916667,-0.0003519694010416675,0,idle,409.7710825758927,292.3484242490818,398.6600256429776,300.4067488467495
1791245887.5198889,400.0,300.0,0.0,0.0,0.0,0.0,-0.18032023111979167,-0.0003519694010416675,-0.18032023111979167,-0.0003519694010416675,0,idle,408.28863856857794,317.37588096432154,399.1414562892576,301.2552054526281
1791245887.536716,400.0,300.0,0.0,0.0,0.0,0.0,-0.5178751627604167,-0.0003519694010416675,-0.5178751627604167,-0.0003519694010416675,0,idle,402.3182620461455,308.92257023547114,399.30029657710196,301.63857369177026
1791245887.553579,400.0,300.0,0.0,0.0,0.0,0.0,-0.7112650553385417,-0.0003519694010416675,-0.7112650553385417,-0.0003519694010416675,0,idle,404.59173340230024,306.0402987861456,399.56486841836187,301.858659946489
1791245887.570156,400.0,300.0,0.0,0.0,0.0,0.0,-0.9377054850260417,-0.0003519694010416675,-0.9377054850260417,-0.0003519694010416675,0,idle,414.8656720339201,305.34310144933363,400.3299085991398,302.0328820216312
1791245887.5872462,400.0,300.0,0.0,0.0,0.0,0.0,-1.0108561197916666,-0.0003519694010416675,-1.0108561197916666,-0.0003519694010416675,0,idle,400.2495521081445,283.41825516496294,400.32589077459005,301.1021506787978
1791245887.603876,400.0,300.0,0.0,0.0,0.0,0.0,-1.0108561197916666,-0.0003519694010416675,-1.0108561197916666,-0.0003519694010416675,0,idle,406.67349166453346,295.4930546651436,400.6432708190872,300.82169587811507
1791245887.620666,400.0,300.0,0.0,0.0,0.0,0.0,-1.0108561197916666,-0.0003519694010416675,-1.0108561197916666,-0.0003519694010416675,0,idle,407.90849257653423,308.3679128739039,401.00653190695954,301.19900672790453
1791245887.637574,400.0,300.0,0.0,0.0,0.0,0.0,-1.0108561197916666,-0.0003519694010416675,-1.0108561197916666,-0.0003519694010416675,0,idle,414.662397813894,307.404285524852,401.68932520230624,301.50927066775193
1791245887.654442,400.0,300.0,0.0,0.0,0.0,0.0,-1.0108561197916666,-0.0003519694010416675,-1.0108561197916666,-0.0003519694010416675,0,idle,399.31470343994863,289.9824813305339,401.57059411418834,300.93293120089106
1791245887.671746,400.0,300.0,0.0,0.0,0.0,0.0,-1.0004191080729166,-0.0003519694010416675,-1.0004191080729166,-0.0003519694010416675,0,idle,411.92459582105556,284.5569403286788,402.0882941995317,300.11413165728044
1791245887.689002,400.0,300.0,0.0,0.0,0.0,0.0,-0.9986796061197917,-0.0003519694010416675,-0.9986796061197917,-0.0003519694010416675,0,idle,400.3356945784044,302.0609450837447,402.0006642184753,300.21147232860363
1791245887.70626,400.0,300.0,0.0,0.0,0.0,0.0,-1.0027384440104166,-0.0003519694010416675,-1.0027384440104166,-0.0003519694010416675,0,idle,412.8416524161342,306.1815267589289,402.5427136283583,300.5099750501199
1791245887.722711,400.0,300.0,0.0,0.0,0.0,0.0,-1.0056376139322916,-0.0003519694010416675,-1.0056376139322916,-0.0003519694010416675,0,idle,375.5817300712313,306.4043237499213,401.19466445050193,300.80469248510997
1791245887.739472,400.0,300.0,0.0,0.0,0.0,0.0,-0.16893717447916667,-0.0003519694010416675,-0.16893717447916667,-0.0003519694010416675,0,idle,387.6365930697787,295.3724569819031,400.51676088146576,300.5330807099496
1791245887.7564979,400.0,300.0,0.0,0.0,0.0,0.0,0.17499593098958333,-0.0003519694010416675,0.17499593098958333,-0.0003519694010416675,0,idle,414.3079035209645,303.14723645709944,401.2063180134407,300.6637884973071
1791245887.773352,400.0,300.0,0.0,0.0,0.0,0.0,0.17499593098958333,-0.0003519694010416675,0.17499593098958333,-0.0003519694010416675,0,idle,404.0926944022601,303.3708771285267,401.35063683288166,300.7991429288681
1791245887.7911239,400.0,300.0,0.0,0.0,0.0,0.0,0.17499593098958333,-0.0003519694010416675,0.17499593098958333,-0.0003519694010416675,0,idle,403.4291126424522,298.941613884934,401.4545606233602,300.7062664766714
1791245887.807654,400.0,300.0,0.0,0.0,0.0,0.0,0.17499593098958333,-0.0003519694010416675,0.17499593098958333,-0.0003519694010416675,0,idle,399.57805232390626,309.59890684384885,401.3607352083875,301.1508984950302
1791245887.825226,400.0,300.0,0.0,0.0,0.0,0.0,0.17499593098958333,-0.0003519694010416675,0.17499593098958333,-0.0003519694010416675,0,idle,402.96588643200766,311.9420314115966,401.4409927695685,301.69045514085855
1791245887.841515,400.0,300.0,0.0,0.0,0.0,0.0,0.17499593098958333,-0.0003519694010416675,0.17499593098958333,-0.0003519694010416675,0,idle,422.5683924625432,299.64560078465774,402.4973627542172,301.5882124230485
1791245887.8585842,400.0,300.0,0.0,0.0,0.0,0.0,0.17499593098958333,-0.0003519694010416675,0.17499593098958333,-0.0003519694010416675,0,idle,410.1559352650899,332.1865252587573,402.8802913797608,303.11812806483397
1791245887.876008,400.0,300.0,0.0,0.0,0.0,0.0,0.17499593098958333,-0.0003519694010416675,0.17499593098958333,-0.0003519694010416675,0,idle,410.07148315064677,295.5569925096534,403.2398509683051,302.74007128707495
1791245887.892858,400.0,299.99998495025324,-7.199731305262474e-08,-7.199731305262474e-08,-1.8911363784410135e-14,-1.5049746771678328e-05,0.17499593098958333,-0.15083414713541668,0.17499593098958333,-0.15083414713541668,0,idle,399.8244361641198,287.6506243235654,403.06908022809586,301.98558464164006
1791245887.9096751,399.9999999999998,299.999849319126,-8.59921829410397e-08,-8.482752082280385e-08,-2.0080453337734216e-13,-0.0001356311272334469,0.17499593098958333,-0.27882486979166665,0.17499593098958333,-0.27882486979166665,0,idle,403.51491969635555,287.1942281047329,403.09137220150865,301.2458879652238
1791245887.9269671,400.0000000000057,299.9992431380896,6.877808117438008e-07,5.581292727236094e-07,5.904926747672587e-12,-0.0006061810363834717,0.17499593098958333,-0.41453653971354165,0.17499593098958333,-0.41453653971354165,0,idle,398.679024399647,297.64371862948747,402.8707548114212,301.0652036264524
1791245887.944314,400.0000000002792,299.9973153582318,1.0466107134441903e-05,8.129470407850742e-06,2.735250212143679e-10,-0.0019277798577967615,0.17499593098958333,-0.5699625651041667,0.17499593098958333,-0.5699625651041667,0,idle,403.2386590533953,317.9909129078946,402.88915002377973,301.9096576996596
1791245887.960351,400.00000000417964,299.99231239809944,5.952125537363485e-05,4.466924097222657e-05,3.900434440797568e-09,-0.005002960132321794,0.17499593098958333,-0.7534952799479167,0.17499593098958333,-0.7534952799479167,0,idle,400.0646954763964,285.59224612423805,402.747927300116,301.0890343087628
1791245887.976439,400.0000000366198,299.98102790550627,0.00022451029646553797,0.000164711132478871,3.244011287177713e-08,-0.011284492593201956,0.17499593098958333,-0.9539042154947917,0.17499593098958333,-0.9539042154947917,0,idle,396.5789658635319,291.506781926218,402.4394792591049,300.59920142167203
1791245887.9944,400.0000002139001,299.9588586485045,0.0006393895632267757,0.0004581755998325729,1.772802937871424e-07,-0.022169257001764812,0.17499593098958333,-0.9897623697916667,0.17499593098958333,-0.9897623697916667,0,idle,395.83953865572465,320.86878808425337,402.1094823973522,301.5916199606494
1791245888.0104508,400.0000009208057,299.92014097176923,0.0014886173245277194,0.0010461038008168614,7.069056244677212e-07,-0.03871767673526545,0.17499593098958333,-0.9897928873697917,0.17499593098958333,-0.9897928873697917,0,idle,393.70746823446797,308.9651172967219,401.6893823607683,301.9235130345545
1791245888.027595,400.00000315255767,299.8585225401772,0.002992400763652395,0.0020751902637724307,2.2317519798357894e-06,-0.061618431591998424,0.17499593098958333,-0.9897928873697917,0.17499593098958333,-0.9897928873697917,0,idle,388.95880892664604,321.14934115967145,401.05285580922657,302.82626693079794
1791245888.0448608,400.0000090591075,299.76730951424713,0.005389382196790662,0.0037102198202033877,5.906549836924272e-06,-0.09121302593005479,0.17499593098958333,-0.9897928873697917,0.17499593098958333,-0.9897928873697917,0,idle,416.6077104357589,287.2206812632799,401.83060415177556,301.95933527278845
1791245888.0618198,400.0000226965796,299.63976119533146,0.0089206500809964,0.0061260673357789105,1.3637472076665622e-05,-0.12754831891569302,0.17499593098958333,-0.9897928873697917,0.17499593098958333,-0.9897928873697917,0,idle,390.8410651651695,299.98591152361564,401.28114015804374,301.7394931823599
1791245888.079217,400.0000509572938,299.46932291157765,0.013816973409530375,0.009500328217743504,2.826071422939103e-05,-0.17043828375380127,0.17499593098958333,-0.9897928873697917,0.17499593098958333,-0.9897928873697917,0,idle,400.76756675113626,295.74851325522735,401.25548833537687,301.2780278164372
1791245888.0950642,400.00010310555706,299.2497983645018,0.019340688736047378,0.013610666225295179,5.214826327702182e-05,-0.21952454707581576,0.10144856770833333,-0.9897928873697917,0.10144856770833333,-0.9897928873697917,0,idle,388.0214330700559,323.46156383845107,400.5938351129609,302.17865629781585
1791245888.111742,400.0001864341769,298.97546794156335,0.023097279123906952,0.017403749946185442,8.332861985409469e-05,-0.2743304229384744,-0.08556315104166667,-0.9897928873697917,-0.08556315104166667,-0.9897928873697917,0,idle,412.3639638152204,289.0721382613623,401.1824207102627,301.26271649420164
1791245888.128274,400.0003019578134,298.6411616688315,0.02363308543061054,0.01979925919363412,0.00011552363653296609,-0.3343062727318745,-0.3368448893229167,-0.9897928873697917,-0.3368448893229167,-0.9897928873697917,0,idle,413.1833744544384,304.1481284141735,401.78257814492616,301.089396131105
1791245888.144568,400.00044492554537,298.2422958426415,0.021785266492018947,0.02053684913424297,0.00014296773196358794,-0.39886582619001043,-0.6049418131510417,-0.9897928873697917,-0.6049418131510417,-0.9897928873697917,0,idle,391.6872517149939,300.0855557360141,401.2779476427749,300.66028157646997
1791245888.161462,400.00056188387924,297.77488175707686,0.0033140232099874954,0.014336792530992059,0.00011695833388798104,-0.4674140855646632,-0.8585428873697917,-0.9897928873697917,-0.8585428873697917,-0.9897928873697917,0,idle,413.3989333729981,297.5575343958613,401.8841080397032,300.0611008361531
1791245888.178647,400.0004667422045,297.23551401344605,-0.055491148992673364,-0.010106678470915445,-9.514167475028843e-05,-0.5393677436307833,-1.0038981119791666,-0.9897928873697917,-1.0038981119791666,-0.9897928873697917,0,idle,390.54434661183853,295.6821105444436,401.317029583719,299.32975196511836
1791245888.195113,399.9999931751147,296.6213444093925,-0.10992433534654389,-0.04417898574536483,-0.0004735670897693627,-0.6141696040535308,-0.12782999674479167,-0.9897928873697917,-0.12782999674479167,-0.9897928873697917,0,idle,403.05604894765327,288.0763825259041,401.4035306631804,298.1836223693068
1791245888.2114959,399.9990578517577,295.9300460872238,-0.14410110899241008,-0.07752087111405002,-0.0009353233569765497,-0.6912983221687289,0.17499593098958333,-0.9897928873697917,0.17499593098958333,-0.9897928873697917,0,idle,398.6040972694344,311.766858140742,401.26267043630395,298.2060507518183
1791245888.228414,399.9976369359011,295.1597722215977,-0.16370051048598372,-0.10569278397420948,-0.0014209158565930324,-0.770273865626123,0.17499593098958333,-0.9897928873697917,0.17499593098958333,-0.9897928873697917,0,idle,391.34255984187007,303.56563936954126,400.7653150365185,297.7422700103596
1791245888.245443,399.9957449538853,294.30911213594567,-0.17344665958874295,-0.12743328093086287,-0.0018919820157766718,-0.850660085652002,0.17499593098958333,-0.9897928873697917,0.17499593098958333,-0.9897928873697917,0,idle,404.65606884779294,273.3578477851616,400.95805534416724,295.7149218177303
1791245888.26246,399.9934166711054,293.3770469530526,-0.17716411543846086,-0.1431235730954506,-0.0023282827799208077,-0.9320651828930568,0.17499593098958333,-0.9897928873697917,0.17499593098958333,-0.9897928873697917,0,idle,400.0552252372315,310.757471246216,400.91070197017956,295.5815873654062
1791245888.279625,399.9906922704667,292.36290627507515,-0.17787164656077167,-0.15391975313163342,-0.0027244006387006003,-1.0141406779774849,0.17499593098958333,-0.9897928873697917,0.17499593098958333,-0.9897928873697917,0,idle,413.8209498781809,297.5536960443837,401.5536261849728,294.71675915527646
1791245888.2965188,399.98760607705174,291.26632690761966,-0.17785065772900313,-0.16125179428245287,-0.0030861934149445215,-1.0965793674554893,0.17499593098958333,-0.9897928873697917,0.17499593098958333,-0.9897928873697917,0,idle,388.7517601214859,279.7213705524834,400.91060099805424,292.9252393260541
1791245888.313618,399.98419096361795,290.0872142341954,-0.1767755988211124,-0.16594770252177082,-0.003415113433814489,-1.1791126734242472,0.17499593098958333,-0.9897928873697917,0.17499593098958333,-0.9897928873697917,0,idle,394.41837552364314,287.01819162777355,400.5827453665716,291.50972990138706
1791245888.331,399.98049096347114,288.8266167022389,-0.17339068431047894,-0.16816928358903005,-0.0037000001468225525,-1.2605975319565192,0.17499593098958333,-0.8824625651041667,0.17499593098958333,-0.8824625651041667,0,idle,394.2336573627553,303.6274727328534,400.2617759662413,290.9180493876017
1791245888.3482418,399.9765852529424,287.4931266286637,-0.16695296918222002,-0.16781533947507385,-0.0039057105287098213,-1.3334900735751896,0.17499593098958333,0.019637044270833334,0.17499593098958333,0.019637044270833334,0,idle,404.02258091229055,276.76438204287285,400.4461057885415,288.9435504504688
1791245888.3644211,399.9725775021225,286.0998847588079,-0.15718057376687444,-0.16481458025023066,-0.004007750819962684,-1.3932418698557758,0.17499593098958333,0.18550008138020832,0.17499593098958333,0.18550008138020832,0,idle,419.1256378243233,264.9488568079059,401.37627502705163,286.4202359919777
1791245888.381537,399.9685815724445,284.6613085896302,-0.144113133054777,-0.15914994413009248,-0.00399592967795248,-1.4385761691776733,0.17499593098958333,0.18550008138020832,0.17499593098958333,0.18550008138020832,0,idle,397.8497159465166,299.55936958933876,401.19615093983083,285.7105453111269
1791245888.3985631,399.9647109608429,283.1912676520625,-0.1279879024596988,-0.15085919769735096,-0.0038706116016124087,-1.4700409375677075,0.17499593098958333,0.18550008138020832,0.17499593098958333,0.18550008138020832,0,idle,416.73928795872,289.4872541668876,401.96963070975374,284.5028418632256
1791245888.415784,399.9610715988733,281.7021640430658,-0.10914564272284098,-0.14003032734088022,-0.0036393619696625254,-1.489103608996665,0.17499593098958333,0.18550008138020832,0.17499593098958333,0.18550008138020832,0,idle,399.1062980737242,281.9294717697623,401.8230066840811,282.9595249300056
1791245888.432832,399.9577574730721,280.20456267632585,-0.08796652091938434,-0.12679282713850548,-0.003314125801159456,-1.4976013667399828,0.17499593098958333,0.18550008138020832,0.17499593098958333,0.18550008138020832,0,idle,409.237383134696,286.09148443917877,402.19057708710073,281.69340160706133
1791245888.449868,399.95484844896725,278.7071411500438,-0.06483003306466742,-0.11130773206070303,-0.0029090241048195446,-1.4974215262820663,0.17499593098958333,0.18550008138020832,0.17499593098958333,0.18550008138020832,0,idle,396.234678516013,280.2377052316511,401.89001858564677,280.19806633832286
1791245888.467009,399.9524096928881,277.21681295760953,-0.04009215083171383,-0.09375807730398455,-0.0024387560791337883,-1.4903281924342924,0.17499593098958333,0.18550008138020832,0.17499593098958333,0.18550008138020832,0,idle,396.2598753854414,279.0588747241714,401.6061946073613,278.72529497480275
1791245888.484082,399.9504921636787,275.73893325085425,-0.014073966645733172,-0.07434046806404368,-0.0019175292094538437,-1.4778797067553007,0.17499593098958333,0.18550008138020832,0.17499593098958333,0.18550008138020832,0,idle,397.06655890343416,293.702061692791,401.377391169416,278.07014758928466
1791245888.500415,399.9491337531408,274.2775326548127,0.012942425538745382,-0.05325792836111782,-0.001358410537882266,-1.4614005960415122,0.17499593098958333,0.18550008138020832,0.17499593098958333,0.18550008138020832,0,idle,412.1391672239024,299.30066894713633,401.91418948212936,277.7433430909378
1791245888.5175,399.9483607624174,272.83554801467005,0.040713768268406864,-0.030713989996693076,-0.0007729907234254294,-1.4419846401426597,0.17499593098958333,0.18550008138020832,0.17499593098958333,0.18550008138020832,0,idle,404.6445670292351,282.61755373057514,402.0499740182974,276.61716821478416
1791245888.534942,399.9481894345523,271.4150703240134,0.06903008682854984,-0.006910607324395138,-0.00017132786505769223,-1.4204776906566308,0.17499593098958333,0.18550008138020832,0.17499593098958333,0.18550008138020832,0,idle,397.8588007408205,296.71820992562425,401.84025259295174,276.27276649420236
1791245888.552035,399.9486271949654,270.01764422639826,0.09770312704835223,0.01794858656966306,0.0004377604130942443,-1.3974260976151416,0.17499593098958333,0.18550008138020832,0.17499593098958333,0.18550008138020832,0,idle,421.207048877008,260.3694642487839,402.809008279547,274.150046589197
1791245888.568919,399.9496736910132,268.6444600049485,0.12656572696838125,0.043664786027028266,0.0010464960477512598,-1.3731842214497585,0.17499593098958333,0.18550008138020832,0.17499593098958333,0.18550008138020832,0,idle,394.1735480850801,253.2069928824648,402.37822944106904,271.79836889348314
1791245888.5854678,399.95132173519073,267.29646818494876,0.15547133371602972,0.07004933366626993,0.0016480441775666688,-1.347991819999696,0.17499593098958333,0.18550008138020832,0.17499593098958333,0.18550008138020832,0,idle,399.20075830782645,268.0880920820179,402.2209215263756,270.3322628239101
1791245888.6029818,399.9535581987296,265.97444648737763,0.18429296757242392,0.09692715316794556,0.002236463538842764,-1.3220216975711234,0.17499593098958333,0.18550008138020832,0.17499593098958333,0.18550008138020832,0,idle,398.7257963263895,247.77430735680457,402.0482899067382,267.9484444378623
1791245888.619412,399.95636487101774,264.67903821538016,0.21292181966086776,0.12413864295584186,0.002806672288183912,-1.295408271997478,0.17499593098958333,0.18550008138020832,0.17499593098958333,0.18550008138020832,0,idle,395.3717800459177,275.16939543041514,401.7171307523709,267.07885412909235
1791245888.636794,399.959719283938,263.4107741083961,0.24126564140529644,0.15154040381639744,0.00335441292025435,-1.2682641069840723,0.17499593098958333,0.18550008138020832,0.17499593098958333,0.18550008138020832,0,idle,397.4933176842496,251.7885369708014,401.5091267912391,265.10948736954293
1791245888.653255,399.96359549322403,262.17008508811824,0.269247049770226,0.17900513857698655,0.0038762092860522178,-1.2406890202778396,0.17499593098958333,0.18550008138020832,0.17499593098958333,0.18550008138020832,0,idle,416.0697224428805,253.8551546707727,402.2408389726429,263.3681161653405
1791245888.669918,399.96796480739175,260.9573103437148,0.2968018392840002,0.20642100209434136,0.004369314167715823,-1.2127747444034167,0.17499593098958333,0.18550008138020832,0.17499593098958333,0.18550008138020832,0,idle,382.5408610593372,278.1895855264804,401.25999092543697,262.95705362621425
1791245888.686432,399.972796456139,259.7727033133385,0.3238773632816468,0.23369061563611676,0.004831648747262409,-1.184607030376277,0.17499593098958333,0.18550008138020832,0.17499593098958333,0.18550008138020832,0,idle,399.8665778872513,250.13662156481442,401.1949103398376,261.19065534428677
1791245888.703993,399.9780581927041,258.6164369436658,0.3504310237891628,0.26072990187975986,0.005261736565096061,-1.1562663696727205,0.17499593098958333,0.18550008138020832,0.17499593098958333,0.18550008138020832,0,idle,402.9105552623981,259.3266188841924,401.2856912357025,259.99900047009294
1791245888.720754,399.98371682756033,257.4886088990047,0.37642889190819234,0.2874668493394264,0.005658634856202995,-1.127828044661074,0.17499593098958333,0.18550008138020832,0.17499593098958333,0.18550008138020832,0,idle,389.51419203875736,273.8466557691025,400.7024919789686,259.61994659261535
1791245888.737492,399.98973869347714,256.38924697921374,0.4018444677789267,0.31384027855663477,0.00602186591682265,-1.0993619197909794,0.17499593098958333,0.18550008138020832,0.17499593098958333,0.18550008138020832,0,idle,385.4849813888586,248.19679869352302,399.9473372220841,258.0043953738593
1791245888.754477,399.9960900441508,255.31831478053817,0.42665758033223716,0.33979865560971045,0.00635135067365291,-1.0709321986755675,0.17499593098958333,0.18550008138020832,0.17499593098958333,0.18550008138020832,0,idle,400.7166700067689,274.3889476497707,399.9918376444583,257.8062373989131
1791245888.771562,400.00273739022344,254.2757175229346,0.4508534212254421,0.3652989795632622,0.006647346072643971,-1.0425972576035716,0.17499593098958333,0.18550008138020832,0.17499593098958333,0.18550008138020832,0,idle,406.1260558250175,270.71850702162203,400.3048635322553,257.46138348532514
1791245888.7880661,400.00964783453924,253.2613013731595,0.4744223680492309,0.390306453010385,0.006910444315793422,-1.0144161497750812,0.17499593098958333,0.18376057942708332,0.17499593098958333,0.18376057942708332,0,idle,381.5803286129074,251.25230322047355,399.3752017083879,256.18723412979625
1791245888.803477,400.01678928552786,252.27486184692148,0.4973585001269433,0.4147926375704313,0.007141450988628222,-0.9864395262380229,0.17499593098958333,0.18376057942708332,0.17499593098958333,0.18376057942708332,0,idle,420.786548484969,245.5306422933286,400.45255342565616,254.71728698804674
1791245888.8197,400.02413062578574,251.31615126917103,0.5196589819212577,0.43873469352726413,0.00734134025789361,-0.9587105777504604,0.17499593098958333,0.18376057942708332,0.17499593098958333,0.18376057942708332,0,idle,400.4196788715634,246.20701067566938,400.4578839711965,253.38099812356495
1791245888.836512,400.03164184156145,250.38488539756364,0.5413235374719831,0.46211468092177527,0.00751121577573247,-0.9312658716073975,0.17499593098958333,0.18376057942708332,0.17499593098958333,0.18376057942708332,0,idle,418.4943242935942,253.98481451863586,401.3668416423033,252.52648636529148
1791245888.854293,400.03929430005485,249.48073146985365,0.5623558265297198,0.48492086605853235,0.007652458493420415,-0.9041539277099832,0.17499593098958333,0.17918294270833332,0.17499593098958333,0.17918294270833332,0,idle,371.8515584776591,273.3786175081646,399.8983473196398,252.71014669111065
1791245888.870306,400.0470607655434,248.60332074360633,0.5827609558461275,0.5071445559844788,0.007766465488546965,-0.877410726247319,0.17499593098958333,0.17918294270833332,0.17499593098958333,0.17918294270833332,0,idle,396.1043769135158,225.2066738239526,399.71602694154774,250.5014328578178
1791245888.888309,400.0549154017313,247.75225818149497,0.6025451979476193,0.5287798406967473,0.007854636187930284,-0.8510625621113656,0.17499593098958333,0.17918294270833332,0.17499593098958333,0.17918294270833332,0,idle,405.55127543125593,240.03394204504818,400.0152512704117,249.16954888317352
1791245888.905494,400.0628337625599,246.92712994928516,0.6217157566573136,0.5498233025865877,0.00791836082856853,-0.8251282322098002,0.17499593098958333,0.17918294270833332,0.17499593098958333,0.17918294270833332,0,idle,401.72325374635165,248.72711886648952,400.10817383699583,248.36355556174001
1791245888.921876,400.07079267033384,246.12751820703727,0.640279650356502,0.5702727242882569,0.00795890777399569,-0.7996117422478807,0.17499593098958333,0.18147176106770832,0.17499593098958333,0.18147176106770832,0,idle,418.12663932669625,238.39091700048618,401.0166580738661,247.10529247854183
1791245888.938315,400.0787703280293,245.35299289744825,0.6582455475356154,0.5901291377295415,0.0079776576954231,-0.7745253095890269,0.17499593098958333,0.17918294270833332,0.17499593098958333,0.17918294270833332,0,idle,390.13493860511187,260.4015963149347,400.4801508752391,247.03430862625189
1791245888.955734,400.086747251657,244.60303591054077,0.6756308139653142,0.6094040465977014,0.00797692362770273,-0.7499569869074905,0.17499593098958333,0.15852254231770832,0.17499593098958333,0.15852254231770832,0,idle,383.6616077584226,240.38987426578822,399.6468017968446,245.9896277706666
1791245888.973056,400.09470583819603,243.87708391408734,0.6924511706495814,0.6281064795176988,0.00795858653900755,-0.7259519964534421,0.17499593098958333,0.15968221028645832,0.17499593098958333,0.15968221028645832,0,idle,419.5377471995226,256.21607010048376,400.64890972419056,245.8112954905267
1791245888.989457,400.1026300118035,243.1745591747117,0.7087207368315349,0.6462440751370555,0.007924173607456963,-0.702524739375632,0.17499593098958333,0.16139119466145832,0.17499593098958333,0.16139119466145832,0,idle,388.61567531083165,231.41126957526595,400.0547759684497,244.4238956923568
1791245889.00662,400.11050498401204,242.49488749263077,0.7244524892753809,0.663824158355563,0.007874972208515187,-0.6796716820809292,0.17499593098958333,0.16255086263020832,0.17499593098958333,0.16255086263020832,0,idle,375.3360612358091,236.16421863914323,398.8263214554158,243.36522374171923
1791245889.023424,400.1183171271339,241.83750518942432,0.7396588679428708,0.680854593868363,0.00781214312184128,-0.6573823032064353,0.17499593098958333,0.16255086263020832,0.17499593098958333,0.16255086263020832,0,idle,403.76588750027946,282.40271841718175,399.0807212936247,244.69258528744624
1791245889.0403929,400.1260535283832,241.20188886797084,0.7543492011366396,0.6973408927220671,0.007736401249276742,-0.6356163214534853,0.17499593098958333,0.16941731770833332,0.17499593098958333,0.16941731770833332,0,idle,405.0215310897376,244.4392269509636,399.3851113646172,244.0760818652413
1791245889.057444,400.13370123080267,240.58760514589852,0.7685268379660248,0.7132834861460603,0.007647702419488584,-0.6142837220723072,0.17499593098958333,0.18492024739583332,0.17499593098958333,0.18492024739583332,0,idle,397.61280967177305,241.4831556257098,399.30376159727354,243.36286601729603
1791245889.074116,400.14124749109845,239.9942828279453,0.7821958248293072,0.7286858109224033,0.007546260295796123,-0.5933223179532198,0.17499593098958333,0.18550008138020832,0.17499593098958333,0.18550008138020832,0,idle,393.89328984860686,226.5706998597879,399.0404069571212,241.95960150736508
1791245889.090357,400.1486799946314,239.4215907027979,0.7953610178884882,0.743553400175129,0.007432503532903567,-0.5726921251474242,0.17499593098958333,0.18550008138020832,0.17499593098958333,0.18550008138020832,0,idle,386.7005527644432,249.76771379542046,398.4304751258436,241.8059496028778
1791245889.1082292,400.1559870040268,238.8692220150839,0.8080279464407758,0.7578930344203682,0.007307009395431843,-0.5523686877139982,0.17499593098958333,0.18550008138020832,0.17499593098958333,0.18550008138020832,0,idle,410.3167684994687,242.31642915750845,399.0317314534505,241.30672332728105
1791245889.124367,400.16315745761176,238.33688381304856,0.8202026931143039,0.7717121976219075,0.007170453584927232,-0.5323382020353261,0.17499593098958333,0.18550008138020832,0.17499593098958333,0.18550008138020832,0,idle,375.7027800653221,243.94342358542818,397.8720958149498,240.93283704825484
1791245889.1410859,400.1701810301414,237.82428982991942,0.8318917895909145,0.7850187378502747,0.0070235725296637075,-0.5125939831291434,0.17499593098958333,0.18550008138020832,0.17499593098958333,0.18550008138020832,0,idle,390.56067329281797,250.3607706151363,397.51319708274633,240.91726944262624
1791245889.157439,400.1770481653864,237.3311559022838,0.8431021264015309,0.7978206623894825,0.006867135244971186,-0.4931339276356351,0.17499593098958333,0.18550008138020832,0.17499593098958333,0.18550008138020832,0,idle,397.3391077410626,226.34164127261676,397.51101639414486,239.7200108028719
1791245889.175176,400.18375008791685,236.85719718874788,0.853840875304649,0.8101260191581338,0.00670192253042695,-0.4739587135359178,0.17499593098958333,0.18550008138020832,0.17499593098958333,0.18550008138020832,0,idle,388.90178161893226,232.56834079126114,397.0869214817882,238.91216652443225
1791245889.191286,400.1902787996959,236.4021266472396,0.8641154228000212,0.8219428319899378,0.006528711779037003,-0.45507054150826515,0.17499593098958333,0.18550008138020832,0.17499593098958333,0.18550008138020832,0,idle,404.18523245395005,218.79564449446454,397.44803930658634,237.474023408501
1791245889.208378,400.19662706576275,235.9656543752665,0.8739333134163871,0.8332790682799142,0.006348266066907471,-0.43647227197311933,0.17499593098958333,0.18550008138020832,0.17499593098958333,0.18550008138020832,0,idle,415.43615948877596,232.6764868334087,398.35347616845934,236.81949792137195
1791245889.2261918,400.202788392259,235.54748752623408,0.8833022015229438,0.8441426250447314,0.006161326496226738,-0.41816684903242585,0.17499593098958333,0.18550008138020832,0.17499593098958333,0.18550008138020832,0,idle,412.5545108645211,239.5048267739053,399.06938116343383,236.55650585741782
1791245889.242579,400.20875699925887,235.1473305957054,0.8922298105351567,0.8545413245556163,0.005968606999896335,-0.40015693052869317,0.17499593098958333,0.18550008138020832,0.17499593098958333,0.18550008138020832,0,idle,407.2296207990847,223.8509704462763,399.48306332186627,235.5410800028585
1791245889.259735,400.2145277902573,234.76488593118094,0.9007238985074679,0.8644829141073407,0.005770790998447897,-0.382444664524448,0.17499593098958333,0.18550008138020832,0.17499593098958333,0.18550008138020832,0,idle,392.80115476336005,241.69349584815527,399.1544501453895,235.4853783638251
1791245889.2766368,400.22009589745795,234.39985435617461,0.9084828534690568,0.873908790768956,0.005568107200668981,-0.36503157500632955,0.15241292317708333,0.18550008138020832,0.15241292317708333,0.18550008138020832,0,idle,383.93867009287436,225.3589210350617,398.39895084460437,234.63227550113092
1791245889.293489,400.2254566787847,234.05193585183665,0.9154056157649104,0.8827522468384532,0.005360781326770478,-0.3479185043379604,0.13733723958333333,0.18550008138020832,0.13733723958333333,0.18550008138020832,0,idle,410.80671837305977,233.5425401345295,399.02443196328755,234.2472661536798
1791245889.31105,400.2306060123406,233.72083024675618,0.9216176456848703,0.8909885335221811,0.005149333555913216,-0.33110560508046194,0.13733723958333333,0.18550008138020832,0.13733723958333333,0.18550008138020832,0,idle,399.32249204731573,220.71145569289132,399.04422683436707,233.25592530581392
1791245889.328189,400.23554044388413,233.40623787744127,0.9272184195069998,0.8986197608089517,0.0049344315435271725,-0.3145923693149122,0.13733723958333333,0.18550008138020832,0.13733723958333333,0.18550008138020832,0,idle,414.03875832005576,244.45264415135077,399.79864111861787,233.51689849724158
1791245889.345206,400.24025723498806,233.10786020159202,0.9322816076033641,0.9056633140748417,0.004716791103920029,-0.29837767584924957,0.13675740559895833,0.18550008138020832,0.13675740559895833,0.18550008138020832,0,idle,430.1276822166889,221.25170075223028,401.3195741250702,232.62017981793423
1791245889.362326,400.2447561666248,232.8252939925186,0.9369335155682454,0.9121685770347323,0.0044989316367327345,-0.2825662090734307,0.14255574544270833,0.15910237630208332,0.14255574544270833,0.15910237630208332,0,idle,412.1964122506832,228.97953679990857,401.86769001640573,232.16970976841318
1791245889.3789928,400.2490448977565,232.5577038637229,0.9412321762353526,0.9182145752765277,0.004288731131677178,-0.2675901287956915,0.14081624348958333,0.059248860677083334,0.14081624348958333,0.059248860677083334,0,idle,386.44610412023997,242.24519077388408,401.1006850161725,232.41927319633083
1791245889.396377,400.2531414542523,232.30367525152832,0.9452558019935418,0.9238922034733921,0.004096556495748633,-0.2540286121945811,0.13965657552083333,-0.06352335611979167,0.13965657552083333,-0.06352335611979167,0,idle,417.2085956842987,241.4932744460557,401.9099722782498,232.63164607723223
1791245889.4127228,400.25707181312913,232.06135705981345,0.9489388653984795,0.9292460834687073,0.003930358876877212,-0.24231819171488345,0.12055257161458333,-0.19438273111979168,0.12055257161458333,-0.19438273111979168,0,idle,413.928039160399,230.0896066023587,402.5146094632903,232.27434182135943
1791245889.429641,400.26086283696503,231.82887196554228,0.9519973791264894,0.9342122227944039,0.0037910238358790024,-0.23248509427115618,0.06842854817708333,-0.36137491861979165,0.06842854817708333,-0.36137491861979165,0,idle,404.3832694628728,234.0651451418527,402.61164393591355,232.1430211478265
1791245889.447127,400.264537325532,231.60459984544278,0.9541706514219194,0.9386536828751406,0.0036744885669456806,-0.22427212009948577,-0.013755289713541667,-0.5960856119791667,-0.013755289713541667,-0.5960856119791667,0,idle,395.3920910304085,258.8268556058031,402.2541570547769,233.2641543566308
1791245889.464324,400.268127091875,231.38638334130653,0.9552532039376315,0.9424580934691555,0.003589766343002886,-0.2182165041362591,-0.10985514322916667,-0.8514872233072917,-0.10985514322916667,-0.8514872233072917,0,idle,396.4307493202761,230.34356203101834,401.9663969460777,232.91081906142074
1791245889.4805708,400.2716848716275,231.17082768043372,0.9554670528523597,0.9455899042064083,0.0035577797525202393,-0.21555566087281391,-0.22103068033854167,-0.9897928873697917,-0.22103068033854167,-0.9897928873697917,0,idle,397.0690305072575,241.448014490978,401.72490851490153,233.13290095506943
1791245889.497857,400.27528551218916,230.95325314884894,0.9553630684695823,0.948101214328387,0.003600640561682412,-0.2175745315847684,-0.3547892252604167,-0.9897928873697917,-0.3547892252604167,-0.9897928873697917,0,idle,396.3012986877271,222.5499234634017,401.4571486320764,232.3970562754805
1791245889.5144699,400.2790188643496,230.72790832431974,0.9518984798680281,0.9491487339317078,0.003733352160446227,-0.22534482452919405,-0.7242350260416667,-0.9897928873697917,-0.7242350260416667,-0.9897928873697917,0,idle,397.6546754697296,239.2451563801159,401.27057165851147,232.52538369740952
1791245889.531599,400.2829738363436,230.4882867974514,0.9370568777583242,0.9455854520749728,0.003954971993994693,-0.23962152686835334,-0.9361490885416667,-0.9897928873697917,-0.9361490885416667,-0.9897928873697917,0,idle,391.23483014308573,230.03370118958884,400.7725418061345,232.17315912149357
1791245889.5487812,400.2872154769402,230.22745847323986,0.9008472103249691,0.9316729112123383,0.0042416405966017225,-0.26082832421154395,-1.0108561197916666,-0.9897928873697917,-1.0108561197916666,-0.9897928873697917,0,idle,404.6001106513056,247.26303644025336,400.96794980695984,232.6798660794306
1791245889.56589,400.291757098318,229.93836925288335,0.8338594455207691,0.9000485463391539,0.0045416213777556905,-0.2890892203565282,-1.0108561197916666,-0.9897928873697917,-1.0108561197916666,-0.9897928873697917,0,idle,404.8746751099979,227.73347660309955,401.16760061242064,232.15791184627537
1791245889.582918,400.2965263985865,229.61408879798591,0.7267095991826094,0.8426072938825293,0.004769300268514732,-0.3242804548974398,-1.0108561197916666,-0.9897928873697917,-1.0108561197916666,-0.9897928873697917,0,idle,414.7395240130373,241.2667817055779,401.8507276177065,232.30528890708794
1791245889.60013,400.30132658636415,229.24800126685275,0.5703467271390461,0.7512267339242398,0.004800187777679092,-0.3660875311331666,-1.0108561197916666,-0.9897928873697917,-1.0108561197916666,-0.9897928873697917,0,idle,403.271987777351,222.34962566307306,401.9263508040775,231.4597225903107
1791245889.616564,400.30579437488797,228.83394223448383,0.35637467710828163,0.6182101395093272,0.004467788523788866,-0.4140590323689115,-1.0108561197916666,-0.9897928873697917,-1.0108561197916666,-0.9897928873697917,0,idle,400.52410335612547,229.9348929695942,401.8604828307775,230.99012502852437
1791245889.633827,400.3093571968687,228.36628907403323,0.07730680261891842,0.4365002326671541,0.003562821980708393,-0.4676531604505838,-1.0108561197916666,-0.9897928873697917,-1.0108561197916666,-0.9897928873697917,0,idle,393.09125715009446,244.19177299604453,401.42540622762505,231.20593692447233
1791245889.65125,400.3116358517675,227.84001201756175,-0.12842663746095248,0.24807559293544254,0.0022786548988214137,-0.5262770564714816,0.17499593098958333,-0.9897928873697917,0.17499593098958333,-0.9897928873697917,0,idle,387.65815106013247,205.1317448173868,400.7392081914043,229.40226411547013
1791245889.66825,400.312406817713,227.25069055356508,-0.276159788951653,0.07495581329028558,0.0007709659454635961,-0.5893214639966764,0.17499593098958333,-0.9897928873697917,0.17499593098958333,-0.9897928873697917,0,idle,417.7737163746165,227.44404200338113,401.5916660182131,228.74449761906885
1791245889.685368,400.3115690543766,226.59450746341153,-0.3787673939551136,-0.07315073802797342,-0.0008377633364022828,-0.656183090153547,0.17499593098958333,-0.9897928873697917,0.17499593098958333,-0.9897928873697917,0,idle,407.5363797415315,250.61517155430897,401.88810582920945,229.21465738018497
1791245889.7024279,400.30911377572465,225.86822673400522,-0.44705401565101727,-0.19369448022039837,-0.002455278651966916,-0.7262807294063119,0.17499593098958333,-0.9897928873697917,0.17499593098958333,-0.9897928873697917,0,idle,414.7265745296396,235.1779925604813,402.5276967495116,228.82285744626378
1791245889.719759,400.3050970577602,225.0691604911175,-0.4899836031794348,-0.28800997477839024,-0.004016717964489854,-0.7990662428877384,0.17499593098958333,-0.9897928873697917,0.17499593098958333,-0.9897928873697917,0,idle,400.83518028026435,225.07807269430128,402.439255043983,227.87650527792232
1791245889.736609,400.2996156334698,224.19512905453055,-0.5148765201514415,-0.35932158394992425,-0.005481424290421994,-0.8740314365869433,0.17499593098958333,-0.9897928873697917,0.17499593098958333,-0.9897928873697917,0,idle,410.10018538591896,223.29615200616635,402.81709420800394,226.81715774957695
1791245889.753493,400.29278625054593,223.24441729119067,-0.5276076929036547,-0.4115738365729236,-0.006829382923851105,-0.9507117633398778,0.17499593098958333,-0.9897928873697917,0.17499593098958333,-0.9897928873697917,0,idle,398.7083082941767,237.1749877040236,402.6051669985349,226.4318730721264
1791245889.770457,400.2847290171539,222.21575386764076,-0.5328065112026031,-0.4487726663669974,-0.008057233392046746,-1.0286634235499192,0.17499593098958333,-0.9868937174479167,0.17499593098958333,-0.9868937174479167,0,idle,407.75722421720593,228.23266483690455,402.85511548774605,225.5446824079929
1791245889.787634,400.2755541566396,221.10825684749275,-0.534052915796518,-0.4746457554325392,-0.009174860514307914,-1.1074970201480092,0.17499593098958333,-0.9868937174479167,0.17499593098958333,-0.9868937174479167,0,idle,404.5523466258077,229.8454759923325,402.93126092716057,224.70759991806926
1791245889.804673,400.2653520568106,219.9213594055708,-0.5340574993206707,-0.49247967541381715,-0.010202099828962164,-1.1868974419219558,0.17499593098958333,-0.9897928873697917,0.17499593098958333,-0.9897928873697917,0,idle,394.1944520164194,252.15700504383932,402.48472848678597,224.95251760453192
1791245889.8216,400.2541968618433,218.6547746465666,-0.5332907012604168,-0.5046082085129044,-0.011155194967315188,-1.2665847590041965,0.17499593098958333,-0.9897928873697917,0.17499593098958333,-0.9897928873697917,0,idle,409.1772056483595,225.99243502036603,402.8087549096457,223.80125795426966
1791245889.838986,400.2421615764656,217.30846180830773,-0.5303216613921763,-0.512178648197307,-0.012035285377673132,-1.3463128382588865,0.17499593098958333,-0.9897928873697917,0.17499593098958333,-0.9897928873697917,0,idle,401.05632368048094,207.24514606690624,402.7096998270787,221.69445516355555
1791245889.856151,400.22932814117405,215.88259463234098,-0.5241534274014753,-0.5156734351708948,-0.01283343529155011,-1.4258671759667476,0.17499593098958333,-0.9897928873697917,0.17499593098958333,-0.9897928873697917,0,idle,385.7514346377824,189.23142728039682,401.8495948040869,218.7167299522292
1791245889.873118,400.2157936386581,214.37753224611578,-0.5141315942778786,-0.5152271271743738,-0.013534502515915429,-1.5050623862252086,0.17499593098958333,-0.9897928873697917,0.17499593098958333,-0.9897928873697917,0,idle,407.76752518223634,205.4162455042646,402.1326335456042,216.62189646291702
1791245889.889876,400.2016736307647,212.79379270472583,-0.49986220119465574,-0.5108134280391787,-0.014120007893447915,-1.5837395413899449,0.17499593098958333,-0.9897928873697917,0.17499593098958333,-0.9897928873697917,0,idle,375.27184234486265,193.70290695364932,400.7761799780684,213.97139442313318
1791245889.907157,400.1871034253723,211.13202920277385,-0.48114572122778904,-0.502351798679928,-0.014570205392378412,-1.6617635019519694,0.17499593098958333,-0.9897928873697917,0.17499593098958333,-0.9897928873697917,0,idle,405.78117358928444,216.56798717450604,401.01258796350646,212.52254873384743
1791245889.92351,400.1721911497124,209.3930092498514,-0.4633616057403823,-0.4913051833906695,-0.014912275659925058,-1.7390199529224688,0.07654622395833333,-0.9897928873697917,0.07654622395833333,-0.9897928873697917,0,idle,382.31632657516707,211.38942037866204,400.0636082322126,210.81382336081182
1791245889.94092,400.15695629742146,207.57759633228883,-0.4540369079155876,-0.48081196244397556,-0.015234852290901539,-1.8154129175625604,-0.09596964518229167,-0.9897928873697917,-0.09596964518229167,-0.9897928873697917,0,idle,387.95315893830787,196.7835658223391,399.44361265784096,208.38766821220375
1791245889.958219,400.1413445205008,205.68673320757608,-0.4530754187971167,-0.47304778015658183,-0.015611776920632944,-1.8908631247127492,-0.2621683756510417,-0.9897928873697917,-0.2621683756510417,-0.9897928873697917,0,idle,429.11679336118857,199.30681938754444,400.9124405049337,206.13730580249367
1791245889.975275,400.1252724489798,203.72142706796632,-0.45688723803767767,-0.4685485482308551,-0.016072071521021476,-1.9653061396097793,-0.4347147623697917,-0.9897928873697917,-0.4347147623697917,-0.9897928873697917,0,idle,385.01646880091624,179.24600466294424,400.10237345178786,202.92569991288693
1791245889.991956,400.1083982512134,201.68273886163206,-0.4890437430459426,-0.47422564868331846,-0.016874197766401366,-2.0386882063342435,-0.6090006510416667,-0.9897928873697917,-0.6090006510416667,-0.9897928873697917,0,idle,390.71868458385313,220.87697310764395,399.61715852051304,201.88650977660723
1791245890.009202,400.0897689007833,199.571776420434,-0.588122831468205,-0.5056250293079972,-0.018629350430032932,-2.1109624411980605,-0.7618631998697917,-0.9897928873697917,-0.7618631998697917,-0.9897928873697917,0,idle,394.95462550647164,206.8527755441744,399.3663339869024,200.12940874584743
1791245890.02561,400.06746986282417,197.38969371227316,-0.7966335249940604,-0.5854939801901267,-0.02229903795913611,-2.182082708160838,-0.8689798990885417,-0.9897928873697917,-0.8689798990885417,-0.9897928873697917,0,idle,410.29697094252913,196.26275147414879,399.89168174862255,197.8630973095097
1791245890.042922,400.038374882014,195.13770107337476,-1.1515410297400803,-0.7402008489177905,-0.02909498081016599,-2.251992638898389,-0.9355692545572917,-0.9897928873697917,-0.9355692545572917,-0.9897928873697917,0,idle,393.66390157006435,202.83180673336426,399.55265250792496,195.97213977374895
1791245890.060152,399.99816900124534,192.8170875246958,-1.6672473937222057,-0.9925809602778343,-0.040205880768643946,-2.3206135486789625,-0.9355692545572917,-0.9897928873697917,-0.9355692545572917,-0.9897928873697917,0,idle,400.4298570378486,191.57590004631555,399.5583171476909,193.54774491613227
1791245890.076438,399.9414539147196,190.42925642316763,-2.349443711197535,-1.360617268417732,-0.05671508652576534,-2.3878311015281657,-0.9355692545572917,-0.9897928873697917,-0.9355692545572917,-0.9897928873697917,0,idle,385.81035001249955,198.5769675492191,398.81703945873187,191.53076650133485
1791245890.094263,399.86196074266314,187.97576850507397,-3.192323859560994,-1.8557378938491134,-0.0794931720564703,-2.453487918093658,-0.9222635904947917,-0.9897928873697917,-0.9222635904947917,-0.9897928873697917,0,idle,397.4197990101701,179.87658328469396,398.67165892285016,188.61724381831382
1791245890.1104808,399.75283661180123,185.45838337369358,-4.1805378462033955,-2.482115381019029,-0.10912413086191583,-2.5173851313804056,-0.8985209147135417,-0.9897928873697917,-0.8985209147135417,-0.9897928873697917,0,idle,400.24348971762777,190.60293294764026,398.6465825382702,186.32501239996878
1791245890.127678,399.606908759654,182.8790950439808,-5.296669918873441,-3.2381591409123134,-0.14592785214724832,-2.579288329712758,-0.8770975748697917,-0.9897928873697917,-0.8770975748697917,-0.9897928873697917,0,idle,372.7811558277055,167.333732365335,397.2146797432021,182.92512448500997
1791245890.144963,399.4170444485265,180.24014266817514,-6.512232844402479,-4.115160135429924,-0.1898643111274855,-2.638952375805675,-0.8371195475260417,-0.9897928873697917,-0.8371195475260417,-0.9897928873697917,0,idle,400.3258338956663,191.028613480888,397.1898663552542,180.82329417778848
1791245890.162346,399.1823278914509,177.54321899817293,-7.329658101012165,-4.973988472898607,-0.23471655707563593,-2.6969236700022154,0.17499593098958333,-0.9897928873697917,0.17499593098958333,-0.9897928873697917,0,idle,394.28832980212695,192.02110289176045,396.821808798376,178.821107126985
1791245890.1791732,398.9052718484392,174.78957217668236,-7.86849507380334,-5.745435118047662,-0.27705604301168224,-2.7536468214905843,0.17499593098958333,-0.9897928873697917,0.17499593098958333,-0.9897928873697917,0,idle,396.2712884848865,174.4515528801832,396.5310795418405,175.98666493422886
1791245890.196235,398.5900541434914,171.98014800730166,-8.21405804963312,-6.40181856406475,-0.31521770494782037,-2.809424169380704,0.17499593098958333,-0.9897928873697917,0.17499593098958333,-0.9897928873697917,0,idle,400.52958197802565,152.9767331652195,396.4315478439493,172.16721538486672
1791245890.2125492,398.24143196755443,169.11571667433242,-8.42748282621669,-6.939185761624086,-0.34862217593692973,-2.8644313329692594,0.17499593098958333,-0.9897928873697917,0.17499593098958333,-0.9897928873697917,0,steering,419.540701534584,165.9194364835045,397.25581446134095,169.13361667347783
1791245890.229738,397.8615724244575,166.20543523549523,-8.831985020053772,-7.436394857085797,-0.3798595430969432,-2.9102814388371976,0.17499593098958333,-0.9897928873697917,-1.0,0.0,1,steering,421.07333508587055,153.0397611498905,398.0858239266253,165.56415653040312
1791245890.247045,397.4502150995298,163.26247562660038,-9.444325141869864,-7.95706452931768,-0.4113573249277013,-2.9429596088948404,0.17499593098958333,-0.9897928873697917,-1.0,0.0,1,steering,392.56901364169244,158.61601519566605,397.4191939536974,162.42093783521617
1791245890.263807,397.00519874124404,160.30138367209426,-10.262956319322674,-8.546898665243692,-0.44501635828578845,-2.9610919545061294,0.17499593098958333,-0.9897928873697917,-1.0,0.0,1,steering,395.7111725457099,180.7431795618792,396.91102734292656,160.5240125647685
1791245890.2795498,396.5231066525195,157.33656087521027,-11.275055545973798,-9.2356924119227,-0.48209208872451825,-2.964822796883982,0.17499593098958333,-0.9897928873697917,-1.0,0.0,1,steering,382.33511860164793,169.27830353112594,395.7242444215743,158.14514545604658
1791245890.296658,395.9998854123222,154.38145659729003,-12.461572817461555,-10.040548346004744,-0.5232212401973165,-2.955104277920255,0.17499593098958333,-0.9897928873697917,-1.0,0.0,1,steering,423.6643611895544,161.6447523426762,396.6241900817859,155.51277673635383
1791245890.313771,395.4313651133149,151.4481952979196,-13.800656618975822,-10.968979280711077,-0.5685202990073106,-2.9332612993704243,0.17499593098958333,-0.9897928873697917,-1.0,0.0,1,steering,392.1576314131784,152.8367896555932,395.86076786429857,152.5923791479139
1791245890.330616,394.81365640750045,148.5474589652306,-15.269868495219706,-12.021507680472492,-0.6177087058144134,-2.900736332688996,0.17499593098958333,-0.9897928873697917,-1.0,0.0,1,steering,414.6983451280964,167.88121115157224,396.21582345696476,150.60112123204226
1791245890.347428,394.14342646162453,145.68851034329208,-16.84754076909787,-13.193723620297439,-0.670229945875902,-2.8589486219385094,0.17499593098958333,-0.9897928873697917,-1.0,0.0,1,steering,397.8603150884421,139.6300304635655,395.6613295899565,147.33656550277684
1791245890.3644302,393.41806911051555,142.87928654492373,-18.51354899202236,-14.477873289006137,-0.7253573511090059,-2.8092237983683486,0.17499593098958333,-0.9897928873697917,-1.0,0.0,1,steering,392.6952178973236,131.1862207503834,394.8239345217713,143.86028565670722
1791245890.381496,392.63578936568206,140.1265214636236,-20.24969610149085,-15.864069529302542,-0.7822797448334837,-2.752765081300131,0.17499593098958333,-0.9897928873697917,-1.0,0.0,1,steering,383.0336478148494,127.51563115602255,393.49125442883343,140.42792610443786
1791245890.39835,391.79562266653255,137.4358737693959,-22.039846577101272,-17.34120612512462,-0.8401666991495169,-2.690647694227695,0.17499593098958333,-0.9897928873697917,-1.0,0.0,1,steering,403.3929358444197,132.33870850741613,393.18818013542074,137.46734991507046
1791245890.415246,390.89740719209243,134.81204860493767,-23.86990557666211,-18.897641412631977,-0.8982154744401036,-2.6238251644582133,0.17499593098958333,-0.9897928873697917,-1.0,0.0,1,steering,377.83503557577535,120.93908514612664,391.5672182067203,134.14830277038794
1791245890.4321978,389.9417245710488,132.2589078104249,-25.72770712823546,-20.521701922000837,-0.9556826210436711,-2.553140794512783,0.17499593098958333,-0.9897928873697917,-1.0,0.0,1,steering,387.6596018164977,154.03763340715741,390.4639388972177,132.71728554743927
1791245890.449548,388.9298212055427,129.77956726862945,-27.60285383038552,-22.202045012777788,-1.0119033655060816,-2.4793405417954406,0.17499593098958333,-0.9897928873697917,-1.0,0.0,1,steering,380.40817567735195,137.06709792629033,388.9998425389936,130.57940265167616
1791245890.466961,387.86351954558796,127.3764819036131,-29.486535584103844,-23.92791073219935,-1.0663016599547421,-2.4030853650163566,0.17499593098958333,-0.9897928873697917,-1.0,0.0,1,steering,382.1217995860542,136.70449359781762,387.64295381438967,128.6027261022177
1791245890.482791,386.74512617939297,125.05151972559722,-31.371344685923948,-25.68928675349558,-1.118393366194987,-2.3249621780158742,0.17499593098958333,-0.9897928873697917,-1.0,0.0,1,steering,392.328851346707,125.71216067492618,386.8147749931203,126.24948376173803
1791245890.499945,385.57734158001415,122.80602656468739,-33.25109772872594,-27.477005565046372,-1.1677845993787939,-2.2454931609098274,0.17499593098958333,-0.9897928873697917,-1.0,0.0,1,steering,393.3143897511992,97.19993380889886,386.0303603616144,122.66378776123173
1791245890.516133,384.3631747473936,120.64088306995369,-35.12067017125731,-29.282789538160962,-1.2141668326205206,-2.1651434947336985,0.17499593098958333,-0.9897928873697917,-1.0,0.0,1,steering,384.79828574715583,127.28782727911931,384.8152981399019,120.83810341712909
1791245890.5335171,383.1058647554414,118.5565553426806,-36.97584643571654,-31.099256713528273,-1.2573099919521975,-2.0843277272730902,0.17499593098958333,-0.9897928873697917,-1.0,0.0,1,steering,391.08388637425264,111.08030230347026,383.9342830592649,118.3701020205367
1791245890.550694,381.80881029602625,116.55314032238296,-38.81318647507739,-32.919897860378796,-1.297054459415179,-2.0034150202976377,0.17499593098958333,-0.9897928873697917,-1.0,0.0,1,steering,378.2437358398745,116.346066922379,382.41755396185096,116.36565599634606
1791245890.567646,380.475507646342,114.63040680329672,-40.62990856961485,-34.739033425018064,-1.3333026496842684,-1.9227335190862427,0.17499593098958333,-0.9897928873697917,-1.0,0.0,1,steering,385.2354279460509,107.51085081398679,381.2918101438609,114.09631889409617
1791245890.5846772,379.10949701986937,112.78783275109492,-42.42378742317561,-36.551757311710446,-1.3660106264726648,-1.8425740522018033,0.17499593098958333,-0.9897928873697917,-1.0,0.0,1,steering,387.68006814332284,121.94525601986975,380.313512948685,112.73832040079314
1791245890.6016781,377.71431694851486,111.02463942201238,-44.19306626666943,-38.35387298555124,-1.39518007135452,-1.7631933290825437,0.17499593098958333,-0.9897928873697917,-1.0,0.0,1,steering,374.96172418022115,108.47675627089754,378.72050244247504,110.85020853166995
1791245890.618757,376.2934661468546,109.33982265828055,-45.93638152395396,-40.14182613265404,-1.4208508016602415,-1.6848167637318274,0.17499593098958333,-0.9897928873697917,-1.0,0.0,1,steering,389.55569369639534,111.07751212186888,377.9124537435938,109.26099778563466
1791245890.635804,374.8503721984203,107.73218163967594,-47.65269857526762,-41.912637045525344,-1.4430939484343237,-1.6076410186046048,0.17499593098958333,-0.9897928873697917,-1.0,0.0,1,steering,383.93408445396295,101.41618617257465,376.8425960280997,107.34149823730728
1791245890.65312,373.3883663547145,106.20034530461112,-49.34125721267889,-43.66383501038574,-1.4620058437057897,-1.5318363350648228,0.17499593098958333,-0.9897928873697917,-1.0,0.0,1,steering,376.20567643327655,101.73489484877554,375.42184449683805,105.60592354956911
1791245890.669386,371.91066373159015,104.74279660915087,-51.00152548542154,-45.3933962460355,-1.4777026231243222,-1.457548695460245,0.17499593098958333,-0.9897928873697917,-1.0,0.0,1,steering,378.33354988646596,104.08635768931627,374.1636122743513,104.14527399586923
1791245890.686638,370.4203482106465,103.357894762969,-52.6331607574486,-47.099686365435765,-1.4903155209436454,-1.3849018461818743,0.17499593098958333,-0.9897928873697917,-1.0,0.0,1,steering,384.48539390905313,124.79475090067405,373.26390161118997,103.86209108723669
1791245890.703947,368.9203613948106,102.04389556292405,-54.23597693040296,-48.781407883924594,-1.499986815835936,-1.3139992000449447,0.17499593098958333,-0.9897928873697917,-1.0,0.0,1,steering,371.4773807643137,130.2433147882061,371.749588093802,103.93285303224246
1791245890.72015,367.41349501952146,100.79896993399208,-55.80991691348079,-50.4375529631141,-1.5068663752891207,-1.244925628931965,0.17499593098958333,-0.9897928873697917,-1.0,0.0,1,steering,359.42754775717003,76.39776456600926,369.70196302044576,101.37341926144543
1791245890.737685,365.90238627833475,99.62122078103016,-57.3550295421649,-52.06736133819387,-1.5111087411867128,-1.1777491529619186,0.17499593098958333,-0.9897928873697917,-1.0,0.0,1,steering,390.679435345553,100.11498288493148,369.31528333257376,100.19163574730591
1791245890.7543192,364.38951558041504,98.50869825130175,-58.87145025783887,-53.67028321074828,-1.512870697919733,-1.112522529728402,0.17499593098958333,-0.9897928873697917,-1.0,0.0,1,steering,363.2980536351885,123.92223246380459,367.57719468468076,100.32126917988886
1791245890.771517,362.87720631465135,97.45941350552734,-60.35938495878005,-55.24594678313109,-1.5123092657636943,-1.0492847457744143,0.17499593098958333,-0.9897928873697917,-1.0,0.0,1,steering,361.1544482379903,111.54316965905048,365.81936355987074,99.88554369536125
1791245890.788339,361.3676262493252,96.47135109354969,-61.81909651989762,-56.794130049872855,-1.5095800653261464,-0.9880624119776505,0.17499593098958333,-0.9897928873697917,-1.0,0.0,1,steering,380.01730365822135,91.21593035220492,365.09515950272845,98.51340373682467
1791245890.8055072,359.86279024638424,95.54248002898463,-63.250893554353574,-58.31473643470623,-1.5048360029409706,-0.9288710645650592,0.17499593098958333,-0.9897928873697917,-1.0,0.0,1,steering,367.18845794733164,92.14545086510616,363.7702302221647,97.31257858190195
1791245890.823263,358.364564014925,94.67076365516864,-64.65512105573119,-59.80777385894139,-1.4982262314592292,-0.8717163738159793,0.17499593098958333,-0.9897928873697917,-1.0,0.0,1,steering,370.8382569347682,98.14161265390997,362.7003166379086,96.52589973037716
1791245890.83936,356.87466866930805,93.85416839218506,-66.03215261570035,-61.273336840468446,-1.4898953456169366,-0.8165952629835789,0.17499593098958333,-0.9897928873697917,-1.0,0.0,1,steering,365.95818722010637,81.10257215292364,361.4478095886824,94.97896785167008
1791245890.8566651,355.3946858934943,93.09067145172813,-67.38238396021416,-62.711591246713525,-1.479982775813787,-0.7634969404569254,0.17499593098958333,-0.9897928873697917,-1.0,0.0,1,idle,367.1201423811283,99.48319411285945,360.3254425912816,94.47885707129547
1791245890.873528,353.92652066112413,92.37529889015082,-68.27052840699697,-64.02205551549179,-1.4681652323701528,-0.7153725615773124,0.17499593098958333,-0.9897928873697917,0.17499593098958333,-0.9897928873697917,0,idle,366.4437569620339,94.70821434490018,359.2366013390676,93.81072100147726
1791245890.890359,352.4708868350531,91.70164191923915,-68.85309108821588,-65.16563640451011,-1.4556338260710728,-0.6736569709116693,0.17499593098958333,-0.9897928873697917,0.17499593098958333,-0.9897928873697917,0,idle,353.13680864898504,67.80697167466478,357.54875956979595,91.87055941277056
1791245890.9082282,351.0268241980875,91.062783386425,-69.2319201434791,-66.13522822014747,-1.4440626369655298,-0.6388585328141602,0.17499593098958333,-0.9897928873697917,0.17499593098958333,-0.9897928873697917,0,idle,337.42794821899463,70.34587647311507,355.1708594971386,90.18740965961435
1791245890.925617,349.5917440411057,90.45184200780173,-69.47463422123505,-66.93960738809452,-1.4350801569818101,-0.6109413786232606,0.17499593098958333,-0.9897928873697917,0.17499593098958333,-0.9897928873697917,0,idle,361.35659280589977,101.36400492250156,354.11682001344394,90.16584511306661
1791245890.94258,348.16171643640877,89.86227661142513,-69.6266136377227,-67.59484412221923,-1.4300276046969376,-0.5895653963765994,0.17499593098958333,-0.9897928873697917,0.17499593098958333,-0.9897928873697917,0,idle,333.4703099754961,81.01460449093688,351.72596828708447,89.14819595540236
1791245890.9594922,346.73183900674314,89.28804373929927,-69.71854000924135,-68.11980918705427,-1.4298774296655983,-0.5742328721258667,0.17499593098958333,-0.9897928873697917,0.17499593098958333,-0.9897928873697917,0,idle,334.14965765340395,78.88578051961412,349.4887691972181,88.08955395509338
1791245890.976587,345.29660210827353,88.72366758011347,-69.77128546154066,-68.53382992166277,-1.435236898469614,-0.5643761591858004,0.17499593098958333,-0.9897928873697917,0.17499593098958333,-0.9897928873697917,0,idle,337.8324551063858,89.82804405881667,347.5424784391304,87.64032110905303
1791245890.99354,343.850209502299,88.16425845583933,-69.79912510906398,-68.85544332428351,-1.4463926059745749,-0.5594091242741397,0.17499593098958333,-0.9897928873697917,0.17499593098958333,-0.9897928873697917,0,idle,353.4202593418753,105.76955700271446,346.4622945085918,88.01534423567567
1791245891.0107899,342.38683892911047,87.60550170280818,-69.81186207750176,-69.10171299502043,-1.4633705731885178,-0.5587567530311512,0.17499593098958333,-0.9897928873697917,0.17499593098958333,-0.9897928873697917,0,idle,344.75775834105906,87.31929162657447,344.9868656556861,87.44972268984102
1791245891.0281,340.90084090810296,87.04362998560862,-69.81624132294739,-69.28785955549218,-1.485998021007506,-0.5618717171995592,0.17499593098958333,-0.9897928873697917,0.17499593098958333,-0.9897928873697917,0,idle,333.98449078696603,108.28418364927724,343.0250487922929,87.95766760647325
1791245891.044381,339.386881138678,86.47538681107024,-69.81689701987932,-69.42709296784841,-1.51395976942493,-0.5682431745383747,0.17499593098958333,-0.9897928873697917,0.17499593098958333,-0.9897928873697917,0,idle,314.0511185005403,80.32262090032413,340.1380904967516,87.03608425535434
1791245891.061675,337.84003540734597,85.89798451022145,-69.81680077393791,-69.530541436727,-1.5468457313320485,-0.5774023008487947,0.17499593098958333,-0.9897928873697917,0.17499593098958333,-0.9897928873697917,0,idle,354.1231823699326,92.1829770636116,339.3678416456452,86.74489670996086
1791245891.078985,336.2558530802073,85.30904062810458,-69.81513184724217,-69.60661682505433,-1.5841823271386597,-0.5889438821168673,0.17499593098958333,-0.9897928873697917,0.17499593098958333,-0.9897928873697917,0,idle,390.21359401364555,76.94033217227624,340.4051560532635,85.6951717950656
1791245891.096171,334.63038902448125,84.70651846966402,-69.81048682322627,-69.66141480175997,-1.6254640557260913,-0.602522158440559,0.17499593098958333,-0.9897928873697917,0.17499593098958333,-0.9897928873697917,0,idle,329.8826440281589,79.01746721881182,338.3348395990685,84.78889051573438
1791245891.113128,332.96020940459795,84.08867883012609,-69.80197848220814,-69.69935308370376,-1.670179619883295,-0.617839639537931,0.17499593098958333,-0.9897928873697917,0.17499593098958333,-0.9897928873697917,0,idle,328.4480678657778,71.16871094803777,336.25383037351486,83.52093387978852
1791245891.128926,331.242379124656,83.45403983542077,-69.78908512989858,-69.72364265112799,-1.7178302799419432,-0.6346389947053133,0.17499593098958333,-0.9897928873697917,0.17499593098958333,-0.9897928873697917,0,idle,343.86454373380326,82.12367375249454,335.0024272755844,82.84816382845376
1791245891.146108,329.4744369616652,82.8013429039943,-69.77154270422055,-69.73663302971693,-1.7679421629907528,-0.6526969314264781,0.17499593098958333,-0.9897928873697917,0.17499593098958333,-0.9897928873697917,0,idle,318.18569819616704,91.6230276888011,332.48204576677233,82.66684493661597
1791245891.163077,327.6543630009727,82.12952351276144,-69.74926692087476,-69.74006270054285,-1.8200739606925413,-0.6718193912328518,0.17499593098958333,-0.9897928873697917,0.17499593098958333,-0.9897928873697917,0,idle,338.5034428621761,68.8677390423957,331.0540453588846,81.33866122023375
1791245891.179092,325.780541820499,81.43768586538508,-69.72229681901517,-69.73523864082081,-1.8738211804736773,-0.6918376473763624,0.17499593098958333,-0.9897928873697917,0.17499593098958333,-0.9897928873697917,0,idle,312.22121877269,88.00136142778247,328.3322739081249,81.01455046560363
1791245891.196285,323.85172394052023,80.7250808195002,-69.69075375025753,-69.72316359016868,-1.9288178799787912,-0.7126050458848769,0.17499593098958333,-0.9897928873697917,0.17499593098958333,-0.9897928873697917,0,idle,345.674119687581,58.53194789033799,327.3669892111178,79.21344554324972
1791245891.2125509,321.8669873255554,79.99108659228088,-69.65481163124535,-69.70462530612697,-1.9847366149648387,-0.7339942272193325,0.17499593098958333,-0.9897928873697917,0.17499593098958333,-0.9897928873697917,0,idle,314.274420998356,69.43645678764946,324.82686101626314,78.02730158961134
1791245891.2295449,319.82570016072475,79.23519186861348,-69.61467547690772,-69.68025857836628,-2.041287164830631,-0.7558947236673899,0.17499593098958333,-0.9897928873697917,0.17499593098958333,-0.9897928873697917,0,idle,336.7019130805496,89.6116202148118,323.4813908128884,77.88841753338734
1791245891.246145,317.72748569609917,78.45698100607663,-69.57056605291106,-69.65058798920171,-2.098214464625611,-0.7782108625368562,0.17499593098958333,-0.9897928873697917,0.17499593098958333,-0.9897928873697917,0,idle,328.2980548978942,73.66927044382582,321.7289202757444,76.93815985949925
1791245891.261665,315.57218963230065,77.65612107979463,-69.52270906062544,-69.6160572413369,-2.155296063798489,-0.8008599262819989,0.17499593098958333,-0.9897928873697917,0.17499593098958333,-0.9897928873697917,0,idle,310.4189214074421,86.55522522965374,319.1158890717207,76.65819619803908
1791245891.278857,313.3598502861786,76.83235054629031,-69.47132767798608,-69.57704922543634,-2.2123393461220386,-0.8237705335043152,0.17499593098958333,-0.9897928873697917,0.17499593098958333,-0.9897928873697917,0,idle,322.7179089213396,96.67682123002638,317.1942676853857,76.87654544280934
1791245891.29558,311.0906716078376,75.9854693335805,-69.41663757732304,-69.53389977373163,-2.26917867834099,-0.8468812127098136,0.17499593098958333,-0.9897928873697917,0.17499593098958333,-0.9897928873697917,0,idle,290.58149072286943,79.97608955571881,313.7079090928359,76.2269854963805
1791245891.3129191,308.7649990041608,75.11533018777227,-69.35884376060804,-69.48690715138217,-2.3256726036767414,-0.870139145808224,0.17499593098958333,-0.9897928873697917,0.17499593098958333,-0.9897928873697917,0,idle,322.2309733342763,62.1490965034871,311.924673331415,74.69645885821801
1791245891.330406,306.38329784679365,74.22183112596925,-69.29813871617856,-69.43633869620089,-2.381701157367171,-0.8934990618030203,0.17499593098958333,-0.9897928873697917,0.17499593098958333,-0.9897928873697917,0,idle,302.05681835905625,93.32741524696067,309.1686644832983,74.77918256894226
1791245891.346715,303.94613449443654,73.30490886233095,-69.23470152411615,-69.38243556484602,-2.437163352357124,-0.9169222636382984,0.17499593098958333,-0.9897928873697917,0.17499593098958333,-0.9897928873697917,0,idle,298.58639246656116,70.77084046939142,306.3242456977222,73.70768931350834
1791245891.362836,301.4541596324869,72.36453308919774,-69.16869763066268,-69.32541622852479,-2.491974861949666,-0.9403757731332154,0.17499593098958333,-0.9897928873697917,0.17499593098958333,-0.9897928873697917,0,idle,305.228811639152,82.01638712603955,303.90209787594154,73.22976721965834
1791245891.380057,298.9128553234862,71.40252623318216,-69.10076045459621,-69.26591664774168,-2.5413043090006715,-0.9620068560155766,0.17499593098958333,-0.37284952799479165,0.17499593098958333,-0.37284952799479165,0,idle,275.46799194133274,47.85632060940469,300.06615348566044,71.04718837593086
1791245891.3974779,296.3336983543447,70.42304021960119,-69.03177387167253,-69.20473341770273,-2.5791569691415104,-0.979486013580972,0.17499593098958333,0.18550008138020832,0.17499593098958333,0.18550008138020832,0,idle,290.22012856557546,61.504135581371145,297.12365311897173,69.63952402330095
1791245891.412884,293.730300095883,69.43110492335785,-68.96238819782235,-69.14237991471194,-2.6033982584616684,-0.9919352962433419,0.17499593098958333,0.18550008138020832,0.17499593098958333,0.18550008138020832,0,idle,282.5630071795659,66.33968221382673,293.92239247646285,68.53219340139607
1791245891.429991,291.11620537502705,68.43179224403217,-68.89307698070455,-69.07921050389758,-2.6140947208559884,-0.9993126793256881,0.17499593098958333,0.18550008138020832,0.17499593098958333,0.18550008138020832,0,idle,271.57105225254367,71.7792439963695,290.3214354804537,67.74519888578534
1791245891.447137,288.5037374235585,67.42977005413557,-68.82418115948691,-69.01549050899807,-2.612467951468564,-1.002022189896589,0.17499593098958333,0.18550008138020832,0.17499593098958333,0.18550008138020832,0,idle,285.83964020271543,52.23556298981983,287.6155011626717,66.0177960105853
1791245891.463413,285.9034849989656,66.42909699097436,-68.75594293214863,-68.9514338195763,-2.60025242459288,-1.0006730631612109,0.17499593098958333,0.18550008138020832,0.17499593098958333,0.18550008138020832,0,idle,292.0418560438969,86.88059971904713,285.3665791033697,66.11029678600524
1791245891.4803782,283.3241689676987,65.43316085592177,-68.68853145015964,-68.88722256400209,-2.579316031266912,-0.9959361350525858,0.17499593098958333,0.18550008138020832,0.17499593098958333,0.18550008138020832,0,idle,284.95086470484546,80.21963315878645,282.89544315373996,65.86962427634434
1791245891.497362,280.77272028169466,64.44469813292443,-68.62206214494358,-68.82301713333854,-2.5514486860040715,-0.9884627229973437,0.17499593098958333,0.18550008138020832,0.17499593098958333,0.18550008138020832,0,idle,272.8503196144244,55.07082118045125,279.96931072507033,64.3906445347022
1791245891.5144708,278.25446413463214,63.46585526714545,-68.556611162253,-68.75896110069498,-2.5182561470625267,-0.9788428657789823,0.17499593098958333,0.18550008138020832,0.17499593098958333,0.18550008138020832,0,idle,286.2548843008873,64.69194201326894,277.8912460641518,63.47580868614051
1791245891.531029,275.7733463657705,62.498267587007504,-68.49222607961231,-68.69518350740728,-2.4811177688616093,-0.967587680137943,0.17499593098958333,0.18550008138020832,0.17499593098958333,0.18550008138020832,0,idle,272.14920246487367,49.41589643605311,275.2470820037694,61.85360477750509
1791245891.547842,273.33216491646283,61.543141670958065,-68.4289338241805,-68.63179986667774,-2.441181449307717,-0.9551259160494372,0.17499593098958333,0.18550008138020832,0.17499593098958333,0.18550008138020832,0,idle,266.96592344012004,72.7765870077352,272.5139016987446,61.49238426876963
1791245891.564768,270.93278892376645,60.60133440993192,-68.36674679966538,-68.56891292986408,-2.3993759926963967,-0.9418072610261394,0.17499593098958333,0.18550008138020832,0.17499593098958333,0.18550008138020832,0,idle,286.37501464133095,52.90383738265514,270.92755015281233,60.168240026489066
1791245891.581975,268.5764443320469,59.673460227210526,-68.3056772461845,-68.50662320167474,-2.356344591719579,-0.9278741827213985,0.17499593098958333,0.18550008138020832,0.17499593098958333,0.18550008138020832,0,idle,279.18564476961336,76.09616045008221,269.1019275215188,60.0831555740834
1791245891.599283,266.26394618322746,58.75997901472539,-68.24574025460491,-68.44502754355678,-2.3124981488194534,-0.9134812124851349,0.17499593098958333,0.18550008138020832,0.17499593098958333,0.18550008138020832,0,idle,250.64174874879762,63.93492986227901,265.98204534150426,59.4079371366323
1791245891.615551,263.99583937840407,57.86124904230544,-68.18695095121771,-68.38421356753969,-2.2681068048234057,-0.8987299724199469,0.17499593098958333,0.18550008138020832,0.17499593098958333,0.18550008138020832,0,idle,284.6736435616457,44.49341778632605,264.7619237879291,57.808417695318035
1791245891.632698,261.77247837415626,56.97756791997742,-68.13041018696367,-68.32451308087249,-2.2233610042478156,-0.8836811223280231,0.16397908528645833,0.18550008138020832,0.16397908528645833,0.18550008138020832,0,idle,259.16231495344033,50.885977603656116,262.36975039216924,56.62279862452332
1791245891.649905,259.59407096150784,56.109202873926534,-68.07788595911545,-68.26659716217198,-2.178407412648412,-0.8683650460508796,0.14313557942708333,0.18550008138020832,0.14313557942708333,0.18550008138020832,0,idle,258.0824331810546,63.72332292415831,260.0858974895975,56.15287804575673
1791245891.666251,257.4607114901304,55.2563880777481,-68.0287838925725,-68.21083913309984,-2.1333594713774184,-0.8528147961784364,0.14313557942708333,0.18550008138020832,0.14313557942708333,0.18550008138020832,0,idle,253.5412452094343,65.5843832291458,257.7319733777808,55.814279248556666
1791245891.6833532,255.3723935692758,54.41933936891191,-67.98464037715415,-68.15788420132236,-2.0883179208545894,-0.8370487088361878,0.11939290364583333,0.18550008138020832,0.11939290364583333,0.18550008138020832,0,idle,259.3971735795465,55.83083729379118,255.8313313630572,55.01991087742402
1791245891.700421,253.32902592572069,53.598243095284744,-67.9445823946539,-68.1080206811005,-2.0433676435551282,-0.8210962736271699,0.11939290364583333,0.18550008138020832,0.11939290364583333,0.18550008138020832,0,idle,252.24063432563824,61.89616508989654,253.71059724980887,54.583682128101835
1791245891.717668,251.33044266151046,52.79325000579421,-67.9079636443381,-68.06131816407684,-1.9985832642102301,-0.8049930894905394,0.11881306966145833,0.18550008138020832,0.11881306966145833,0.18550008138020832,0,idle,253.70552523293506,43.48712079070546,251.81168954796547,53.264110626216
1791245891.735184,249.37642408882536,52.004439432392054,-67.87012459904678,-68.0167440276108,-1.9540185726850952,-0.7888105734021527,0.17499593098958333,0.18550008138020832,0.17499593098958333,0.18550008138020832,0,idle,243.09462370948413,65.06235611648191,249.51951861199055,53.10465285599725
1791245891.7514062,247.46669616847424,51.231835177009245,-67.83141357902258,-67.9735916880552,-1.909727920351122,-0.772604255382813,0.17499593098958333,0.18550008138020832,0.17499593098958333,0.18550008138020832,0,idle,265.03188329236997,31.89266572594789,248.48089532167597,51.31007945688111
1791245891.768405,245.60093162763408,50.4754172848371,-67.79213208262844,-67.93139197203111,-1.8657645408401493,-0.7564178921721476,0.17499593098958333,0.18550008138020832,0.17499593098958333,0.18550008138020832,0,idle,247.63453979220924,55.93911341865444,246.6661012314045,50.822934157406245
1791245891.785453,243.77875245077087,49.73513086907149,-67.75253813518248,-67.88984656076022,-1.8221791768632023,-0.7402864157656084,0.17499593098958333,0.18550008138020832,0.17499593098958333,0.18550008138020832,0,idle,256.9457335828044,24.06607674664958,245.44901263095443,48.78181919189108
1791245891.802712,241.99973339542788,49.01089281496487,-67.71285040289821,-67.84877833245199,-1.7790190553429868,-0.7242380541066236,0.17499593098958333,0.18550008138020832,0.17499593098958333,0.18550008138020832,0,idle,255.08666654676878,51.64820745253,244.24082722416932,48.23711245352174
1791245891.81969,240.26340619941493,48.3025969508572,-67.67325256395961,-67.8080945785342,-1.7363271960129614,-0.7082958641076689,0.17499593098958333,0.18550008138020832,0.17499593098958333,0.18550008138020832,0,idle,229.00216648411444,30.555264139062114,241.8293833509543,46.68013896689647
1791245891.836637,238.56926418857893,47.610118103164204,-67.63389762117902,-67.76775997839957,-1.6941420108360163,-0.6924788476929958,0.17499593098958333,0.18550008138020832,0.17499593098958333,0.18550008138020832,0,idle,256.59023210564675,55.246026714555036,240.9579908783947,46.45057844897105
1791245891.853782,236.91676704730546,46.933315331240145,-67.59491197091498,-67.7277769321706,-1.6524971412734704,-0.6768027719240608,0.17499593098958333,0.18550008138020832,0.17499593098958333,0.18550008138020832,0,idle,259.233345878627,42.74683643374493,240.3018863441965,45.62242871488189
1791245891.871258,235.305345567283,46.27203455235734,-67.5563991296381,-67.68817141037238,-1.6114214800224522,-0.6612807788828069,0.17499593098958333,0.18550008138020832,0.17499593098958333,0.18550008138020832,0,idle,221.45216155838017,52.31755517780224,237.82854969888436,45.328968298089244
1791245891.887439,233.73440623869215,45.626110706542434,-67.51844307602595,-67.64898291490731,-1.5709393285908635,-0.6459238458149029,0.17499593098958333,0.18550008138020832,0.17499593098958333,0.18550008138020832,0,idle,226.05183832662655,25.957467918641463,235.74732176811014,43.746765625592694
1791245891.904268,232.20333558959183,44.99536956836983,-67.4811112021723,-67.61025748310709,-1.531070649100326,-0.630741138172604,0.17499593098958333,0.18550008138020832,0.17499593098958333,0.18550008138020832,0,idle,227.2380219171942,28.78202102719917,233.86733965891904,42.39932431440904
1791245891.922261,230.71150421328758,44.37962928281224,-67.44445688906426,-67.57204292679565,-1.4918313763042392,-0.6157402855575913,0.17499593098958333,0.18550008138020832,0.17499593098958333,0.18550008138020832,0,idle,228.98284710396828,42.362219542795394,232.20587522368245,41.812515804548646
1791245891.9385002,229.25827045023928,43.77870168116423,-67.40852173357598,-67.53438569803653,-1.4532337630483063,-0.6009276016480107,0.17499593098958333,0.18550008138020832,0.17499593098958333,0.18550008138020832,0,idle,226.27636053684805,53.441439093345736,230.52882741444483,41.82308074742289
1791245891.9553092,227.84298371141276,43.1923934182396,-67.37333746009391,-67.49732892596084,-1.415286738826537,-0.5863082629246302,0.17499593098958333,0.18550008138020832,0.17499593098958333,0.18550008138020832,0,idle,229.7793725282645,47.35264889937149,229.14683226825062,41.54256630524192
1791245891.972515,226.464987444889,42.62050696162194,-67.33892755176298,-67.4609112853771,-1.3779962665237586,-0.571886456617652,0.17499593098958333,0.18550008138020832,0.17499593098958333,0.18550008138020832,0,idle,235.10280045514133,53.07070368672255,228.1355342243976,41.575681040529176
1791245891.9896479,225.1236217580124,42.06284145639465,-67.30530863575521,-67.42516644608519,-1.3413656868766108,-0.5576655052272885,0.17499593098958333,0.18550008138020832,0.17499593098958333,0.18550008138020832,0,idle,234.78583864572914,33.79280735229602,227.1937520429314,40.656755126151594
1791245892.006834,223.81822571430624,41.5191934835596,-67.27249165493791,-67.39012291845896,-1.3053960437061662,-0.5436479728350518,0.17499593098958333,0.18550008138020832,0.17499593098958333,0.18550008138020832,0,idle,237.0021717561279,57.24152556472792,226.44404678707036,40.96952807388711
1791245892.023854,222.54813932861265,40.989357726619836,-67.24048285554221,-67.35580416098593,-1.2700863856935904,-0.5298357569397621,0.17499593098958333,0.18550008138020832,0.17499593098958333,0.18550008138020832,0,idle,226.57775978503744,43.51307263550028,225.2441503705598,40.593361332875
1791245892.0409348,221.31270528609855,40.47312755809488,-67.20928461734445,-67.32222885297412,-1.2354340425140926,-0.5162301685249584,0.17499593098958333,0.18550008138020832,0.17499593098958333,0.18550008138020832,0,idle,223.43159251817784,40.441705989778264,223.9798601375523,40.09535990562145
1791245892.058069,220.11127041146042,40,-67.1788961497503,-67.28941126357559,0.0,0.0,0.17499593098958333,0.18550008138020832,0.17499593098958333,0.18550008138020832,0,idle,224.95364915631407,37.797753304929046,224.0285495884904,39.98047957558683
1791245892.074346,220.112186512971,40.0003854888215,-67.17899762363656,112.82100237636345,0.0009161015105787316,0.0003854888215020002,0.17499593098958333,0.18376057942708332,0.17499593098958333,0.18376057942708332,0,idle,212.55376281471302,41.88144362253152,223.45568054623658,40.075893992314484
1791245892.0907001,220.11460766507972,40.001404285083446,-67.17919000740063,112.82086458744533,0.0024211521087220407,0.0010187962619447773,0.17499593098958333,0.12925618489583332,0.17499593098958333,0.12925618489583332,0,idle,201.13651561127915,53.22584207193839,222.34202239399198,40.734359252744525
1791245892.107639,220.1188848159851,40.00320405023689,-67.17946343849664,112.82067582508436,0.0042771509053693875,0.0017997651534396172,0.17499593098958333,0.12235921223958333,0.17499593098958333,0.12235921223958333,0,idle,237.15914842039427,45.289378785765884,223.0869419886722,40.963820006291364
1791245892.123919,220.12520611562334,40.00586393347125,-67.17980971464853,112.82043668211412,0.006321299638247733,0.0026598832343569375,0.17499593098958333,0.12235921223958333,0.17499593098958333,0.12235921223958333,0,idle,231.39627608731072,41.026018948942856,223.50841392826047,40.96945684249658
1791245892.140773,220.1336764754939,40.00942804988601,-67.18022489956437,112.8201453974214,0.008470359870544203,0.003564116414761313,0.17499593098958333,0.14301961263020832,0.17499593098958333,0.14301961263020832,0,idle,213.0588465887119,46.61027905020199,222.99398240316006,41.254883863475875
1791245892.158083,220.1443978320665,40.01393925271923,-67.1807116464589,112.81979618261052,0.010721356572576862,0.004511202833220951,0.17499593098958333,0.18550008138020832,0.17499593098958333,0.18550008138020832,0,idle,224.45059423058277,53.115644257180996,223.07699828327515,41.85220752585269
1791245892.1742048,220.1574648066609,40.01943730606116,-67.1812720290678,112.81938531778616,0.013066974594414842,0.00549805334192705,0.17499593098958333,0.18550008138020832,0.17499593098958333,0.18550008138020832,0,idle,225.22612852557177,35.75457765043912,223.19686842125466,41.55254918275684
1791245892.1922061,220.17296204680346,40.02595776533799,-67.18190760915468,112.8189100220316,0.01549724014257455,0.006520459276833398,0.17499593098958333,0.18550008138020832,0.17499593098958333,0.18550008138020832,0,idle,209.75721830877563,61.94497032102921,222.53960829376615,42.57836467598345
1791245892.20995,220.19141150549862,40.03372014819307,-67.18266958530468,112.8183255519927,0.018449458695161985,0.007762382855073549,0.17499593098958333,0.47187703450520835,0.17499593098958333,0.47187703450520835,0,idle,224.77171284956742,24.811438267499693,222.6687405073166,41.69739261927159
1791245892.227371,220.21428102580447,40.0433418458162,-67.18367821112912,112.81753416322171,0.022869520305854395,0.00962169762313248,0.17499593098958333,0.7461690266927083,0.17499593098958333,0.7461690266927083,0,idle,218.7452627077998,54.99636125202143,222.49429266163133,42.37148166365105
1791245892.2432709,220.24465199715473,40.056118834574924,-67.1851548465073,112.81636379666584,0.030370971350279687,0.012776988758724787,0.17499593098958333,1.0101765950520833,0.17499593098958333,1.0101765950520833,0,idle,214.15156703065497,34.07754042904012,222.10600880286526,41.96892274124129
1791245892.260895,220.2869646107769,40.07391815595219,-67.18733761840629,112.81465499629869,0.042312613622148276,0.01779932137726488,0.17499593098958333,1.0101765950520833,0.17499593098958333,1.0101765950520833,0,idle,223.2523485775814,37.97378463472491,222.2035227745421,41.78607519122388
1791245892.278235,220.34665924799612,40.0990265001451,-67.19046264412661,112.81225800921595,0.05969463721922446,0.025108344192908492,0.17499593098958333,1.0101765950520833,0.17499593098958333,1.0101765950520833,0,idle,221.39527204333226,35.89842732349392,222.2198201433399,41.51554572482065
1791245892.295434,220.42980591698773,40.133993549224456,-67.19475261142638,112.80902240205354,0.0831466689916094,0.034967049079355196,0.17499593098958333,1.0101765950520833,0.17499593098958333,1.0101765950520833,0,idle,219.82818103834975,47.795536008556795,222.17922752363242,41.86276393563284
1791245892.313053,220.54276944927705,40.18149017509832,-67.2004103601344,112.80479703108588,0.11296353228930199,0.0474966258738587,0.17499593098958333,1.0101765950520833,0.17499593098958333,1.0101765950520833,0,idle,209.86544235585623,41.846581849822,221.67085362091845,41.90707662592247
1791245892.331004,220.69193133858968,40.244190328513426,-67.20761580691891,112.79943485392309,0.1491618893126262,0.06270015341510779,0.17499593098958333,1.0101765950520833,0.17499593098958333,1.0101765950520833,0,idle,223.84258822367906,26.9455980104278,221.9211441459035,41.21856784089209
1791245892.347734,220.8834734892388,40.324678900755316,-67.21652505342533,112.792796886249,0.19154215064912494,0.0804885722418911,0.17499593098958333,1.0101765950520833,0.17499593098958333,1.0101765950520833,0,idle,205.2085264643455,42.25552659440141,221.26747830494227,41.34687992219735
1791245892.364564,221.12322063098006,40.42538426204887,-67.22727087332207,112.7847544477157,0.23974714174125727,0.10070536129355578,0.17499593098958333,1.0101765950520833,0.17499593098958333,1.0101765950520833,0,idle,206.61050082950013,47.73169494151558,220.76238921582436,41.761790766392146
1791245892.382114,221.41653404085525,40.54853244244676,-67.23996402603031,112.77519023872624,0.2933134098751944,0.12314818039789274,0.17499593098958333,1.0101765950520833,0.17499593098958333,1.0101765950520833,0,idle,235.9670485570266,48.619628099655564,221.8012699222659,42.22167340443331
1791245892.3987489,221.76824772261864,40.69611928235142,-67.25469502313163,112.76399873327492,0.3517136817633805,0.14758683990465804,0.17499593098958333,1.0101765950520833,0.17499593098958333,1.0101765950520833,0,idle,224.46314025854082,46.870440725487796,222.26849143675486,42.59431926839546
1791245892.416029,222.18263819675752,40.86989686677075,-67.27153609866087,112.75108616552126,0.41439047413888114,0.17377758441933525,0.17499593098958333,1.0101765950520833,0.17499593098958333,1.0101765950520833,0,idle,225.56349014674768,59.43492634995546,222.82691232268644,43.60143832767183
1791245892.433038,222.66341983577706,41.071370872257084,-67.29054322186369,112.73637026147804,0.48078163901952664,0.20147400548633002,0.17499593098958333,1.0101765950520833,0.17499593098958333,1.0101765950520833,0,idle,231.05289262858827,54.64865051368142,223.6949538950501,44.34519924218432
1791245892.449675,223.2137588041424,41.30180591616732,-67.31175805144612,112.71977980391466,0.5503389683653311,0.23043504391023156,0.17499593098958333,1.0101765950520833,0.17499593098958333,1.0101765950520833,0,idle,216.60485683330415,56.08067682351391,223.86327106190987,45.15088641296552
1791245892.466252,223.83629987360266,41.56223649725497,-67.33520977171075,112.70125408677724,0.6225410694602426,0.26043058108765454,0.17499593098958333,1.0101765950520833,0.17499593098958333,1.0101765950520833,0,idle,209.37121177629103,50.58831353380181,223.73008211361616,45.6701668210406
1791245892.48368,224.5332015407482,41.85348159522451,-67.36091677888435,112.68074229811673,0.6969016671455383,0.2912450979695363,0.17499593098958333,1.0101765950520833,0.17499593098958333,1.0101765950520833,0,idle,221.19059842769948,42.019861698269075,224.2651645131086,45.76433440797309
1791245892.500921,225.3061759042677,42.17616142505862,-67.38888820441554,112.65820286005115,0.7729743635194903,0.32267982983411625,0.17499593098958333,1.0101765950520833,0.17499593098958333,1.0101765950520833,0,idle,214.87426236317916,46.37877262708396,224.52994505095566,46.10160215727104
1791245892.5181282,226.15653063738955,42.530715207981494,-67.41912527392373,112.6336027473119,0.8503547331218606,0.3545537829228685,0.17499593098958333,1.0101765950520833,0.17499593098958333,1.0101765950520833,0,idle,232.4170786452362,35.370828355025,225.73213872713546,45.901889560935466
1791245892.5351129,227.08521111429178,42.91741912357624,-67.45162250784898,112.60691680090636,0.9286804769022339,0.3867039155947406,0.17499593098958333,1.0101765950520833,0.17499593098958333,1.0101765950520833,0,idle,242.10740518875843,43.19550629583606,227.43314850327374,46.1339391174955
1791245892.552112,228.0928413290994,43.33640385118115,-67.48636877412753,112.57812704962477,1.0076302148076142,0.41898472760491445,0.17499593098958333,1.0101765950520833,0.17499593098958333,1.0101765950520833,0,idle,219.03252183431647,46.80624721047544,227.97036587389312,46.56559001336917
1791245892.567909,229.1797626999352,43.78767130023951,-67.52334820541324,112.54722204912542,1.0869213708357934,0.451267449058359,0.17499593098958333,1.0101765950520833,0.17499593098958333,1.0101765950520833,0,idle,240.06807483470715,40.04946002260807,229.6078266242278,46.66848759043655
1791245892.58497,230.34607019776584,44.2711102766331,-67.5625409941926,112.51419624592288,1.1663074978306487,0.4834389763935909,0.17499593098958333,1.0101765950520833,0.17499593098958333,1.0101765950520833,0,idle,218.58257945611516,40.56418099934114,230.1645563887613,46.822539288455694
1791245892.601205,231.5916454994339,44.7865109429087,-67.60392407909214,112.4790493716318,1.2455753016680526,0.5154006662755933,0.17499593098958333,1.0101765950520833,0.17499593098958333,1.0101765950520833,0,idle,237.07302783993984,42.08949344765738,231.6932764979049,47.07551762937759
1791245892.619064,232.91618705350373,45.333578011757446,-67.64747173509346,112.44178587119632,1.3245415540698438,0.5470670688487502,0.17499593098958333,1.0101765950520833,0.17499593098958333,1.0101765950520833,0,idle,244.78345538214793,38.15121429843222,233.60609991848338,47.149016178236636
1791245892.636126,234.31923708133056,45.91194267027764,-67.69315607948185,112.40241436749321,1.4030500278268132,0.5783646585201947,0.17499593098958333,1.0101765950520833,0.17499593098958333,1.0101765950520833,0,idle,236.1352846962919,44.04345400503682,235.0654566838093,47.54318449517083
1791245892.652748,235.8002056266658,46.5211732726327,-67.74094750431566,112.3609471635941,1.4809685453352306,0.6092306023550622,0.17499593098958333,1.0101765950520833,0.17499593098958333,1.0101765950520833,0,idle,235.77378980119607,39.46626000179194,236.50779345774708,47.71810734273919
1791245892.669585,237.3583918254664,47.160784864986745,-67.79081504511583,112.31739978307151,1.5581861988006347,0.6396115923540405,0.17499593098958333,1.0101765950520833,0.17499593098958333,1.0101765950520833,0,idle,250.43156521228767,45.64744640681136,238.6842589343347,48.222205308679136
1791245892.686912,238.99300260168533,47.830247622514804,-67.84272669440232,112.27179054800787,1.634610776218925,0.6694627575280576,0.17499593098958333,1.0101765950520833,0.17499593098958333,1.0101765950520833,0,idle,224.1135029299888,36.72307874441978,239.5086013715254,48.283238600117826
1791245892.703389,240.703169011255,48.528994286588464,-67.89664966768567,112.22414019379434,1.7101664095696596,0.6987466640736567,0.17499593098958333,1.0101765950520833,0.17499593098958333,1.0101765950520833,0,idle,235.09826227343393,59.907901780704805,240.912742505712,49.52828109001715
1791245892.720106,242.48796046034906,49.25642669307596,-67.95255062857954,112.17447151936487,1.7847914490940493,0.7274324064874977,0.17499593098958333,1.0101765950520833,0.17499593098958333,1.0101765950520833,0,idle,243.75304636080944,38.54859880106151,242.75030957510623,49.67035776173249
1791245892.735511,244.34639701923658,50.01192148172343,-68.01039587884277,112.12280907118463,1.8584365588875247,0.7554947886474697,0.17499593098958333,1.0101765950520833,0.17499593098958333,1.0101765950520833,0,idle,244.94353437066417,43.59690866759898,244.62548554582727,50.08440535624091
1791245892.7526321,246.2774600425903,50.79483507305684,-68.07015151839093,112.06917885908227,1.931063023353707,0.782913591333408,0.17499593098958333,1.0101765950520833,0.17499593098958333,1.0101765950520833,0,idle,264.51917466517887,73.77759044582686,247.4546798739809,52.012832522486946
1791245892.7695842,248.28010129317224,51.60450799410258,-68.13178357963552,112.01360810186964,2.002641250581953,0.8096729210457474,0.17499593098958333,1.0101765950520833,0.17499593098958333,1.0101765950520833,0,idle,228.6789104473566,37.83171410587502,248.41840059070253,52.07296587664981
1791245892.786885,250.35325075000142,52.44026862815947,-68.19525813990766,111.9561250006133,2.073149456829176,0.8357606340568876,0.17499593098958333,1.0101765950520833,0.17499593098958333,1.0101765950520833,0,idle,251.53418284157138,85.30040954959685,250.5436816872337,54.52831066265121
1791245892.803953,252.4958232655504,53.30143645736415,-68.26054141519776,111.89675853740154,2.14257251554899,0.8611678292046719,0.17499593098958333,1.0101765950520833,0.17499593098958333,1.0101765950520833,0,idle,237.66501853313318,55.80704950586568,251.9351924193002,55.41035704255637
1791245892.820987,254.70672422001778,54.187324860226475,-68.32759983798482,111.83553829747261,2.2109009544673652,0.8858884028623277,0.17499593098958333,1.0101765950520833,0.17499593098958333,1.0101765950520833,0,idle,251.61280541053418,61.5475303058194,254.0194289756059,56.558809688438735
1791245892.8379772,256.98485430480844,55.097243519909085,-68.39640012153207,111.77249431262845,2.278130084790649,0.9099186596826134,0.17499593098958333,1.0101765950520833,0.17499593098958333,1.0101765950520833,0,idle,254.41792796093785,37.367648425390755,256.20357750542365,56.463674351984814
1791245892.854025,259.3262826836215,56.02938750127267,-68.4665954573321,111.70795234797014,2.341428378813064,0.9321439813635884,0.17499593098958333,0.6590108235677083,0.17499593098958333,0.6590108235677083,0,idle,252.20790193428158,55.61145548021537,258.22815068673896,57.30660019069175
1791245892.870847,261.72088777793715,56.979539430882745,-68.5373889878478,111.64261212762912,2.3946050943156303,0.9501519296100754,0.17499593098958333,0.010420735677083333,0.17499593098958333,0.010420735677083333,0,idle,265.1528970246312,72.29304355692986,260.8492628432334,58.958566692133225
1791245892.887512,264.1559614041453,57.94251601048963,-68.60821317544529,111.57686329048168,2.435073626208101,0.9629765796068867,0.17499593098958333,0.010420735677083333,0.17499593098958333,0.010420735677083333,0,idle,255.72096250081444,54.64362946445819,262.9061677710102,59.65764758137602
1791245892.904442,266.6183406114567,58.91301621291233,-68.6786660029819,111.5109415978431,2.4623792073114386,0.970500202422697,0.17499593098958333,0.010420735677083333,0.17499593098958333,0.010420735677083333,0,idle,277.5912641314122,51.50904754584454,265.9796828359761,60.17219277190101
1791245892.921213,269.0955937382097,59.88608668832771,-68.74846488177916,111.4450091195739,2.477253126752987,0.9730704754153752,0.17499593098958333,0.010420735677083333,0.17499593098958333,0.010420735677083333,0,idle,256.34279621922707,47.36862056047612,267.851228975554,60.45643111297437
1791245892.93897,271.5766115989913,60.85734774993768,-68.817413353194,111.37919308911975,2.4810178607816114,0.9712610616099742,0.17499593098958333,0.010420735677083333,0.17499593098958333,0.010420735677083333,0,idle,265.2702201895941,58.71526639471807,270.0791455039986,61.29207088559103
1791245892.9559722,274.05183523459567,61.82307420938901,-68.88537703355024,111.3136037501622,2.475223635604399,0.9657264594513334,0.17499593098958333,0.010420735677083333,0.17499593098958333,0.010420735677083333,0,idle,266.68930223960416,53.433070983593424,272.26111579460303,61.816561026969914
1791245892.9730308,276.51327086348016,62.78019217175201,-68.9522662373669,111.2483418997989,2.461435628884512,0.9571179623629967,0.17499593098958333,0.010420735677083333,0.17499593098958333,0.010420735677083333,0,idle,263.09319178571036,48.46268939023369,274.14108344159865,62.058129509377956
1791245892.991062,278.9543884424533,63.72623069165908,-69.01802342561508,111.1835015411931,2.4411175789731634,0.9460385199070667,0.17499593098958333,0.010420735677083333,0.17499593098958333,0.010420735677083333,0,idle,270.6482215167718,59.67415230534236,276.2855020453818,62.83766724308789
1791245893.0077639,281.36996416699935,64.65925246519457,-69.08261414001156,111.11917034365774,2.415575724546045,0.9330217735354899,0.17499593098958333,0.010420735677083333,0.17499593098958333,0.010420735677083333,0,idle,280.12970366187346,80.21072202370891,278.77250906452514,64.59269066697766
1791245893.025155,283.75590350372914,65.57777808197123,-69.14602045592368,111.05542924555262,2.3859393367298085,0.9185256167766631,0.17499593098958333,0.010420735677083333,0.17499593098958333,0.010420735677083333,0,idle,285.1380065558863,68.91747817584843,281.3574263089865,65.68152937835903
1791245893.041472,286.10906594304953,66.48071213165909,-69.2082362549196,110.99235185057788,2.3531624393203985,0.902934049687859,0.17499593098958333,0.010420735677083333,0.17499593098958333,0.010420735677083333,0,idle,290.17757220871147,65.18781725160308,284.0339379213271,66.5146311192247
1791245893.059097,288.427102840647,67.36727551337599,-69.26926381195972,110.93000391944382,2.3180368975975068,0.8865633817169023,0.17499593098958333,0.010420735677083333,0.17499593098958333,0.010420735677083333,0,idle,277.3028461340325,81.49460789522088,285.89951838468,68.10586517065556
1791245893.075186,290.7083136049419,68.23694586087142,-69.32911133236391,110.8684430788425,2.281210764294856,0.8696703474954232,0.17499593098958333,0.010420735677083333,0.17499593098958333,0.010420735677083333,0,idle,294.70330536404657,66.84237035353091,288.50685795972845,68.86887725991998
1791245893.092275,292.9515218099525,69.08940654731737,-69.38779117493961,110.80771877628567,2.24320820501059,0.852460686445946,0.17499593098958333,0.010420735677083333,0.17499593098958333,0.010420735677083333,0,idle,282.9352869372641,89.2648960524345,290.3593272033653,70.69851585166936
1791245893.109277,295.15597070956426,69.92450391857672,-69.44531857080928,110.7478724621865,2.2044488996117524,0.8350973712593488,0.17499593098958333,-0.015915934244791666,0.17499593098958333,-0.015915934244791666,0,idle,299.1876490035786,62.26767827327981,292.8949697480071,71.07031647544626
1791245893.127383,297.3211850113774,70.74219278775992,-69.50170502787496,110.68894382667098,2.1652143018131618,0.8176888691831997,0.17499593098958333,-0.09797770182291667,0.17499593098958333,-0.09797770182291667,0,idle,298.53102990916665,58.90373632100756,295.2337263427876,71.23879189344837
1791245893.144636,299.4469258601336,71.5425175686074,-69.55696479532543,110.63096288433316,2.1257408487562035,0.8003247808474716,0.17499593098958333,-0.19566446940104168,0.17499593098958333,-0.19566446940104168,0,idle,306.372019839072,78.018014308356,297.81009482392017,72.33806155599885
1791245893.160827,301.5331330735211,72.32558912216479,-69.61111221903066,110.57395358287704,2.0862072133875484,0.7830715535573926,0.17499593098958333,-0.30943400065104165,0.17499593098958333,-0.30943400065104165,0,idle,319.30257658272177,82.70574181441222,300.8666157645784,73.60036354479904
1791245893.177969,303.57888088031973,73.09119749691466,-69.66405163729235,110.51804897159853,2.0457478067985755,0.7656083747498718,0.17499593098958333,-0.6820841471354167,0.17499593098958333,-0.6820841471354167,0,idle,311.49750986440785,84.32965313929782,303.3416208860285,74.86415598053635
1791245893.194945,305.580565468892,73.8381547276569,-69.71465017266851,110.46377894716632,2.0016845885722723,0.7469572307422351,0.16571858723958333,-0.9277506510416667,0.16571858723958333,-0.9277506510416667,0,idle,296.24015896412254,77.78615317666588,304.88814814907687,75.71986520954796
1791245893.211925,307.531073226465,74.5640228053283,-69.75952283280066,110.41240495632387,1.9505077575730303,0.7258680776714098,0.12809041341145833,-0.9897928873697917,0.12809041341145833,-0.9897928873697917,0,idle,295.1335411727681,89.46728337409459,306.2534001699558,77.09681079156313
1791245893.229262,309.4200897479948,75.26526025457507,-69.79419979985312,110.36584600607158,1.8890165215297319,0.701237449246756,0.05860188802083333,-0.9897928873697917,0.05860188802083333,-0.9897928873697917,0,idle,300.4840885375476,64.24113488144431,307.75950028378867,77.1202025728416
1791245893.2454798,311.2348181349884,75.93749035348435,-69.81534047612696,110.32614845945713,1.8147283869936497,0.6722300989092804,-0.04213663736979167,-0.9897928873697917,-0.04213663736979167,-0.9897928873697917,0,idle,312.36768434897965,81.15706108672583,309.7139014546922,77.96066409249964
1791245893.262701,312.96082841631835,76.57577280406002,-69.82361028499142,110.29450613941854,1.7260102813299598,0.6382824505756682,-0.15965983072916667,-0.9897928873697917,-0.15965983072916667,-0.9897928873697917,0,idle,290.0620840796105,59.63479367347985,310.3710203532015,77.65073889959554
1791245893.2795022,314.58287793074635,77.17483883381396,-69.82430476010857,110.27052919662269,1.6220495144279838,0.59906602975394,-0.2881998697916667,-0.9897928873697917,-0.2881998697916667,-0.9897928873697917,0,idle,312.1732315068815,85.56337477990704,312.0020779495921,78.61548342187736
1791245893.296793,316.0856035883939,77.7293295295993,-69.81864059925749,110.25355502529585,1.5027256576475732,0.5544906957853338,-0.6327433268229167,-0.9897928873697917,-0.6327433268229167,-0.9897928873697917,0,idle,318.79300379910563,74.46402984081,313.76921361683293,78.93467690382006
1791245893.3137112,317.45404188262853,78.23407361884509,-69.78738461391058,110.2463347936437,1.3684382942346645,0.5047440892457855,-0.8452372233072917,-0.9897928873697917,-0.8452372233072917,-0.9897928873697917,0,idle,325.8975330404783,61.84684401608699,315.6756459675381,78.55979214421691
1791245893.3308449,318.67405043746794,78.68420227862788,-69.71919447309668,110.25180814317163,1.2200085548394044,0.4501286597827959,-1.0108561197916666,-0.9897928873697917,-1.0108561197916666,-0.9897928873697917,0,idle,324.9036461767883,87.67374585809526,317.29605410509805,79.44311205670448
1791245893.347934,319.73264166003383,79.07511452305454,-69.62908787489467,110.26797386495205,1.0585912225659082,0.3909122444266656,-1.0108561197916666,-0.9897928873697917,-1.0108561197916666,-0.9897928873697917,0,idle,307.8921553085683,85.24558028366738,317.83152082670915,80.10460210025795
1791245893.3649762,320.61818706426584,79.40246641612751,-69.54439209681689,110.28740411336167,0.8855454042320058,0.3273518930729735,-1.0108561197916666,-0.9897928873697917,-1.0108561197916666,-0.9897928873697917,0,idle,324.2186613742234,69.81375740503677,318.9921459881053,79.90104416391621
1791245893.3821409,321.32049289474736,79.66224454629081,-69.49774038297559,110.29908968039152,0.7023058304814962,0.2597781301633021,-1.0108561197916666,-0.9897928873697917,-1.0108561197916666,-0.9897928873697917,0,idle,326.03992725992146,71.66309849339578,320.01172559065355,79.73593610404532
1791245893.3981628,321.8307651663548,79.850932478878,-69.52258545118822,110.29333155529865,0.510272271607424,0.18868793258719202,-1.0108561197916666,-0.9897928873697917,-1.0108561197916666,-0.9897928873697917,0,idle,330.0842830371839,89.1842851364429,321.00011212100713,80.38760709162302
1791245893.4151711,322.17500796431256,79.97813784631539,-69.59095297900507,110.28039218908138,0.3442427979577485,0.12720536743740368,-1.0108561197916666,-0.9897928873697917,-1.0108561197916666,-0.9897928873697917,0,idle,318.96169671015775,83.02279197479292,321.2252220085245,80.64021143484705
1791245893.4332318,322.3724512875406,80.05109054330227,-69.71379754230408,110.27860470957471,0.19744332322806396,0.07295269698687216,-1.0108561197916666,-0.9897928873697917,-1.0108561197916666,-0.9897928873697917,0,idle,333.35021211735113,83.96786855550837,322.0190426710325,80.87589935301764
1791245893.449378,322.4373139837614,80.07535166546474,-69.90043727021776,110.50771380865659,0.06486269622074675,0.024261122162472136,-1.0108561197916666,-0.9897928873697917,-1.0108561197916666,-0.9897928873697917,0,idle,297.5676621371566,80.3944931273591,320.8580932057484,80.87487710778906
1791245893.4663959,322.38010918662127,80.05535187815067,-70.158500424598,-70.7294897441188,-0.057204797140107955,-0.019999787314063683,-1.0108561197916666,-0.9897928873697917,-1.0108561197916666,-0.9897928873697917,0,idle,321.2709735988195,105.28154347158238,320.82439266811883,82.07621062803037
1791245893.483455,322.2086102003392,79.99479885639303,-70.49399598074416,-70.55284510222826,-0.17149898628208107,-0.06055302175764838,-1.0108561197916666,-0.9897928873697917,-1.0108561197916666,-0.9897928873697917,0,idle,324.05019369445483,69.69476537186291,320.8227586824677,81.39961299455223
1791245893.500716,321.9285652211775,79.89698385878064,-70.91145502038854,-70.74655119946972,-0.2800449791617048,-0.09781499761238377,-1.0108561197916666,-0.9897928873697917,-1.0108561197916666,-0.9897928873697917,0,idle,319.1001451252063,86.57128155099616,320.470585274401,81.56527217464266
1791245893.517644,321.54422695364383,79.76501042618115,-71.41410674785071,-71.04863906941024,-0.384338267533654,-0.1319734325994979,-1.0108561197916666,-0.9897928873697917,-1.0108561197916666,-0.9897928873697917,0,idle,325.8934420465264,62.05642733220995,320.3766067588503,80.4644551715515
1791245893.5346198,321.0587463325562,79.60196291112965,-72.00406520794719,-71.4354964920271,-0.4854806210876189,-0.16304751505149984,-1.0108561197916666,-0.9897928873697917,-1.0108561197916666,-0.9897928873697917,0,idle,337.9848022922742,87.77906039717053,320.79580994548826,80.67529029353354
1791245893.551271,320.4744668791877,79.41102854289909,-72.68251157312936,-71.903330798703,-0.5842794533685234,-0.1909343682305592,-1.0108561197916666,-0.9897928873697917,-1.0108561197916666,-0.9897928873697917,0,idle,320.8399561658229,61.60295226729251,320.2429517758049,79.54028574240246
1791245893.568809,319.793146696196,79.19558366738602,-73.44986307586281,-72.45217153349299,-0.6813201829916913,-0.21544487551306507,-1.0108561197916666,-0.9897928873697917,-1.0108561197916666,-0.9897928873697917,0,idle,331.73763470392095,63.13803075127305,320.1704317483686,78.51550036110856
1791245893.585387,319.01612797671186,78.9592524263957,-74.30592395320029,-73.08279389283143,-0.7770187194841629,-0.23633124099032954,-1.0108561197916666,-0.9897928873697917,-1.0108561197916666,-0.9897928873697917,0,idle,323.85078714998025,73.59350879247866,319.61628173493926,78.04488610373626
1791245893.60287,318.1444685842565,78.7059442864793,-75.25001664554067,-73.7958978387537,-0.8716593924553444,-0.2533081399163957,-1.0108561197916666,-0.9897928873697917,-1.0108561197916666,-0.9897928873697917,0,idle,288.14116955560655,78.40498229475217,317.2144497031401,77.82224818036647
1791245893.619242,317.17904630705266,78.43987537109365,-76.28109333566796,-74.59187396187383,-0.9654222772038559,-0.26606891538564864,-1.0108561197916666,-0.9897928873697917,-1.0108561197916666,-0.9897928873697917,0,idle,314.58140759442824,77.05529874563814,316.16564643436084,77.5311352390137
1791245893.636705,316.1206434637237,78.16557740279724,-77.39782902272394,-75.47075796309835,-1.058402843328976,-0.2742979682964094,-1.0108561197916666,-0.9897928873697917,-1.0108561197916666,-0.9897928873697917,0,idle,313.3612080695789,72.93519910256362,315.0199418149592,77.0407553623096
1791245893.653165,314.9700173795383,77.88789715853727,-78.59869792312078,-76.43225177571065,-1.1506260841853766,-0.2776802442599668,-1.0108561197916666,-0.9897928873697917,-1.0108561197916666,-0.9897928873697917,0,idle,326.9192056501974,90.49224682438602,314.521810226745,77.44953370336644
1791245893.670649,313.7279606677785,77.61198863070702,-79.88203524400836,-77.47576739009112,-1.2420567117598056,-0.27590852783024705,-1.0108561197916666,-0.9897928873697917,-1.0108561197916666,-0.9897928873697917,0,idle,326.7401316910004,82.70741273881072,313.952772423786,77.45031455369991
1791245893.6871612,312.3953540918189,77.34329953068058,-81.24608640709991,-78.60047592014067,-1.3326065759596049,-0.26868910002643365,-1.0108561197916666,-0.9897928873697917,-1.0108561197916666,-0.9897928873697917,0,idle,314.331445216151,77.03972594041025,312.7057298162426,77.17453047801031
1791245893.704733,310.97321393901257,77.08755333928363,-82.68904569858577,-79.80535470641831,-1.4221401528063256,-0.25574619139694926,-1.0108561197916666,-0.9897928873697917,-1.0108561197916666,-0.9897928873697917,0,idle,320.7476132075801,105.86557653264225,311.7567908406435,78.36612389891481
1791245893.721332,309.46273522429965,76.85072777562719,-84.20908614489171,-81.08922961274935,-1.5104787147128969,-0.23682556365643692,-1.0108561197916666,-0.9897928873697917,-1.0108561197916666,-0.9897928873697917,0,idle,307.31723723136037,86.15319477922266,310.09985838120207,78.53049315745659
1791245893.738105,307.86533159762564,76.63903030218388,-85.80438220460803,-82.45081163832934,-1.597403626674028,-0.2116974734433041,-1.0108561197916666,-0.9897928873697917,-1.0108561197916666,-0.9897928873697917,0,idle,311.3031406581214,75.50619211201672,308.6424890497077,78.17816550541346
1791245893.755596,306.18267250886515,76.45887109396782,-87.47312665003238,-83.8887278706937,-1.6826590887604655,-0.18015920821606596,-1.0108561197916666,-0.9897928873697917,-1.0108561197916666,-0.9897928873697917,0,idle,320.183305719333,77.25565462556946,307.6210037488665,77.960888713616
1791245893.772088,304.41671824179593,76.31681276689008,-89.21115604222513,-85.40086971474129,-1.7659542670692165,-0.1420583270777278,-1.0108561197916666,-0.9897928873697917,-1.0108561197916666,-0.9897928873697917,0,idle,310.1383334199973,77.74945573442211,306.0692136787073,77.81536165393246
1791245893.7897248,302.56974973264016,76.21951017507158,-91.01324602682112,-86.98431310735502,-1.846968509155751,-0.09730259181849818,-1.0108561197916666,-0.9897928873697917,-1.0108561197916666,-0.9897928873697917,0,idle,279.44973662487723,82.1068629707104,302.9836197423178,77.93749925754378
1791245893.806849,300.6443939040795,76.17368888874947,-92.87819079232243,-88.63668274165116,-1.925355828560697,-0.0458212863221093,-1.0108561197916666,-0.9897928873697917,-1.0108561197916666,-0.9897928873697917,0,idle,302.7259961851094,84.01859369542572,301.14165052732466,78.19802375743187
1791245893.82389,298.6436475225385,76.18611975095337,-94.80479735601651,-90.35598053907103,-2.0007463815409894,0.012430862203901001,-1.0108561197916666,-0.9897928873697917,-1.0108561197916666,-0.9897928873697917,0,idle,301.7678995880135,71.87021815574325,299.27225391789517,77.89344279644115
1791245893.840885,296.57089937342135,76.26359005733254,-96.7918869942435,-92.14047058783439,-2.072748149117149,0.07747030637917032,-1.0108561197916666,-0.9897928873697917,-1.0108561197916666,-0.9897928873697917,0,idle,315.6234552612204,67.93517419897991,298.12070324340016,77.4691261576283
1791245893.857791,294.4299505269675,76.4128717797133,-98.83829639277266,-93.98860136662199,-2.1409488464538358,0.1492817223807703,-1.0108561197916666,-0.9897928873697917,-1.0108561197916666,-0.9897928873697917,0,idle,312.9173897585763,59.6488099948572,296.8266361650278,76.71992798575147
1791245893.87394,292.22503245405966,76.64068716955751,-100.94287856009545,-95.89895285050575,-2.20491807290787,0.2278153898442059,-1.0108561197916666,-0.9897928873697917,-1.0108561197916666,-0.9897928873697917,0,idle,290.1420492330409,80.94532843139935,294.397734649166,77.14762262838586
1791245893.89116,289.96082274467284,76.95367202261092,-103.10450354013935,-97.87020037051796,-2.264209709386832,0.31298485305340373,-1.0108561197916666,-0.9897928873697917,-1.0108561197916666,-0.9897928873697917,0,idle,286.5421821568401,73.09191492546032,291.85395780063226,77.24217285364033
1791245893.9080808,287.6424581803123,77.35833685320985,-105.3220589555087,-99.90108983738293,-2.318364564360558,0.40466483059893876,-1.0108561197916666,-0.9897928873697917,-1.0108561197916666,-0.9897928873697917,0,idle,275.28782116312004,55.99231223019637,288.82320463261414,76.56411141153711
1791245893.926028,285.2755449147897,77.86102621029077,-107.59445040774274,-101.99042072004384,-2.3669132655226313,0.5026893570809273,-1.0108561197916666,-0.9897928873697917,-1.0108561197916666,-0.9897928873697917,0,idle,282.3527928267112,86.9227372137371,286.2511164400725,77.55959759087399
1791245893.9431381,282.8661655243908,78.46787636280871,-109.9206017571365,-104.13703434079092,-2.4093793903988945,0.6068501525179301,-1.0108561197916666,-0.9897928873697917,-1.0108561197916666,-0.9897928873697917,0,idle,296.1282251316911,56.622101557790984,284.4560614537745,77.08923043411188
1791245893.958857,280.42088269846346,79.18477158671763,-112.29945530130288,-106.33980582771085,-2.4452828259273405,0.7168952239089164,-1.0108561197916666,-0.9897928873697917,-1.0108561197916666,-0.9897928873697917,0,idle,281.003881334613,88.21557792159902,281.96043376318545,78.32659827119971
1791245893.97502,277.9467393544241,80.01729929635827,-114.72997186878202,-108.59763858816547,-2.47414334403939,0.8325277096406383,-1.0108561197916666,-0.9897928873697917,-1.0108561197916666,-0.9897928873697917,0,idle,289.8566494499996,84.12428993149537,280.00480837068875,79.4073841783731
1791245893.992064,275.4512549769656,80.97070427806402,-117.21113084155412,-110.90946052111082,-2.4954843774585065,0.9534049817057505,-1.0108561197916666,-0.9897928873697917,-1.0108561197916666,-0.9897928873697917,0,idle,255.14269066672148,76.12657837745758,276.3909923269048,80.14907862094779
1791245894.008176,272.9424179997277,82.04984230148695,-119.74193011822595,-113.27422142759323,-2.5088369772378876,1.0791380234229317,-1.0108561197916666,-0.9897928873697917,-1.0108561197916666,-0.9897928873697917,0,idle,281.06867365724565,73.2627972260681,274.2414812650458,80.82994567345558
1791245894.025217,270.42867406877576,83.25913340333462,-122.32138602788268,-115.69089124455546,-2.513743930951944,1.2092911018476697,-1.0108561197916666,-0.9897928873697917,-1.0108561197916666,-0.9897928873697917,0,idle,268.1973047604769,98.72923618486202,271.55121570541303,82.87373674578119
1791245894.0422559,267.91891005085176,84.60251515790493,-124.94853320308377,-118.15845884152992,-2.509764017923991,1.3433817545703222,-1.0108561197916666,-0.9897928873697917,-1.0108561197916666,-0.9897928873697917,0,idle,274.2787062803847,74.88042007390098,269.30331441713383,83.75028357902897
1791245894.059632,265.4224336754344,86.08339626820167,-127.62242441919338,-120.67593119916205,-2.4964763754173944,1.4808811102967387,-1.0108561197916666,-0.9897928873697917,-1.0108561197916666,-0.9897928873697917,0,idle,265.1667139201253,90.44416377651739,266.7248318356369,85.49181464368529
1791245894.076855,262.9489487280822,87.70461082983452,-130.3421304061397,-123.24233284375804,-2.473484947352188,1.6212145616328482,-1.0108561197916666,-0.9897928873697917,-1.0108561197916666,-0.9897928873697917,0,idle,263.3440423543241,109.59503499193758,264.2059816615867,88.23712949464911
1791245894.0938098,260.508525743228,89.46837363678777,-133.10673963776497,-125.85670545062958,-2.4404229848542207,1.7637628069532512,-1.0108561197916666,-0.9897928873697917,-1.0108561197916666,-0.9897928873697917,0,idle,257.56535392760077,77.97978063931524,261.5555484392759,89.399836718488
1791245894.1110249,258.1115681774035,91.37623691299493,-135.91535810313587,-128.51810755599968,-2.3969575658245126,1.9078632762071592,-1.0108561197916666,-0.9897928873697917,-1.0108561197916666,-0.9897928873697917,0,idle,254.03016126108142,83.75141286209858,258.90216939283295,90.92988563806533
1791245894.12725,255.76877407864237,93.42904886606381,-138.7671090635087,-131.22561433614104,-2.3427940987611495,2.0528119530688893,-1.0108561197916666,-0.9897928873697917,-1.0108561197916666,-0.9897928873697917,0,idle,249.27800501300658,87.2895240551636,256.19530678001854,92.69803891433568
1791245894.144292,253.49109330433734,95.62691446909301,-141.66113279807203,-133.97831742566092,-2.277680774305029,2.1978656030291943,-1.0108561197916666,-0.9897928873697917,-1.0108561197916666,-0.9897928873697917,0,idle,246.0084066080896,71.87195349097293,253.52216503583233,93.74470696604529
1791245894.161439,251.28968037789247,97.96915888298808,-144.59658634110127,-136.77532475611147,-2.201412926444872,2.3422444138950747,-1.0108561197916666,-0.9897928873697917,-1.0108561197916666,-0.9897928873697917,0,idle,231.22459774819302,125.07730604200815,250.31594439132775,97.53646911304375
1791245894.178568,249.1758431138557,100.45429393474974,-147.572643212747,-139.61576040256932,-2.113837264036765,2.4851350517616564,-1.0108561197916666,-0.9897928873697917,-1.0108561197916666,-0.9897928873697917,0,idle,260.51219081923534,91.84421669830431,248.81761131188821,99.61273479148035
1791245894.1952069,247.16098718155715,103.07998806662955,-150.58849314532657,-142.4987644303166,-2.0148559322985546,2.6256941318798086,-1.0108561197916666,-0.9897928873697917,-1.0108561197916666,-0.9897928873697917,0,idle,242.1147727941444,109.72138062012381,246.56835625031738,102.61257650819834
1791245894.2121081,245.25655681829957,105.84304016663519,-153.64334180669027,-145.42349273685477,-1.9044303632575663,2.763052100005636,-1.0108561197916666,-0.9897928873697917,-1.0108561197916666,-0.9897928873697917,0,idle,272.6267085018134,122.56708598219599,246.0620650177975,106.23520147690358
1791245894.229984,243.47397194451258,108.73935768245602,-156.73641052198036,-148.38911688659527,-1.7825848737869887,2.8963175158208245,-1.0108561197916666,-0.9897928873697917,-1.0108561197916666,-0.9897928873697917,0,idle,235.83787273257911,118.31344797764001,243.85739977343894,109.59061544197019
1791245894.2469618,241.82456197462787,111.76393940835051,-159.8669359948852,-151.39482393699825,-1.6494099698847258,3.0245817258944894,-1.0108561197916666,-0.9897928873697917,-1.0108561197916666,-0.9897928873697917,0,idle,235.52628743607775,102.49425925734081,241.8739046851804,112.10915027233848
1791245894.263524,240.31949665837936,114.91086331780741,-163.03417002930925,-154.4398162558678,-1.5050653162485108,3.1469239094569086,-1.0108561197916666,-0.9897928873697917,-1.0108561197916666,-0.9897928873697917,0,idle,232.6580169075018,104.31224118232048,239.9832982458604,114.70888253182164
1791245894.280612,238.96971432738047,118.17327979382115,-166.23737925222377,-157.52331133011455,-1.3497823309988874,3.26241647601374,-1.0108561197916666,-0.9897928873697917,-1.0108561197916666,-0.9897928873697917,0,idle,243.49070144055295,127.9828318187027,238.87637519114608,118.47187564837876
1791245894.297947,237.78584796077052,121.54341058340863,-169.47584483833293,-160.64454156666125,-1.1838663666099358,3.3701307895874724,-1.0108561197916666,-0.9897928873697917,-1.0108561197916666,-0.9897928873697917,0,idle,250.50918848369378,115.69545536761112,238.333342807494,121.53467888444848
1791245894.315008,236.77814952103563,125.01255377358213,-172.7488622370775,-163.80275408637314,-1.007698439734907,3.469143190173497,-1.0108561197916666,-0.9897928873697917,-1.0108561197916666,-0.9897928873697917,0,idle,215.13141330593697,125.05638603011067,236.215932814668,125.00645027239642
1791245894.3320699,235.95641304637118,128.5710950524669,-176.0557409024051,-166.9972105119893,-0.8217364746644619,3.558541278884751,-1.0108561197916666,-0.9897928873697917,-1.0108561197916666,-0.9897928873697917,0,idle,236.8040941855384,138.95451834368177,235.4646912322803,129.0844678909012
1791245894.3482409,235.32989701874234,132.20852548174227,-179.39580402565525,-170.22718675105466,-0.6265160276288474,3.6374304292753727,-1.0108561197916666,-0.9897928873697917,-1.0108561197916666,-0.9897928873697917,0,idle,228.82784255098574,148.07028608216245,234.53765857196817,133.48931770827588
1791245894.3652952,234.90724655669516,135.91346596526682,-182.76838827184073,-173.49197277482966,-0.4226504620471881,3.704940483524554,-1.0108561197916666,-0.9897928873697917,-1.0108561197916666,-0.9897928873697917,0,idle,236.54451989653458,142.29784475923154,234.23648369925166,137.44943752017198
1791245894.381492,234.69641600856744,139.67369855383777,-186.17284351954888,-176.79087239410018,-0.21083054812770385,3.7602325885709456,-1.0108561197916666,-0.9897928873697917,-1.0108561197916666,-0.9897928873697917,0,idle,235.95185840650197,145.69387954291525,234.12196341389284,141.43388058045156
1791245894.3989959,234.7045925446497,143.47620467779709,-189.6085326046387,179.87679696725618,0.008176536082272756,3.8025061239593185,-1.0108561197916666,-0.9897928873697917,-1.0108561197916666,-0.9897928873697917,0,idle,240.2225330749067,152.71225462221636,234.4347596062217,145.61018010030114
1791245894.415524,234.9381213656768,147.30721034793442,-193.07483106786887,176.51170450016897,0.2335288210271017,3.8310056701373223,-1.0108561197916666,-0.9897928873697917,-1.0108561197916666,-0.9897928873697917,0,idle,226.2514230143745,155.31187949518537,234.24744515660507,149.7347204566758
1791245894.432535,235.3978468707924,151.15359126271014,-196.30090792802267,173.1842507206519,0.45972550511558874,3.8463809147757084,-0.6865763346354167,-0.9897928873697917,-0.6865763346354167,-0.9897928873697917,0,idle,242.19790426093314,148.23162353945202,235.08170734168127,153.31362747985156
1791245894.450186,236.0667037749712,155.00806929822292,-198.4791810256919,170.1556508596861,0.6688569041787853,3.8544780355127894,0.17499593098958333,-0.9897928873697917,0.17499593098958333,-0.9897928873697917,0,idle,222.87681243100687,152.1051307945067,235.1068766551174,156.91495677932147
1791245894.4665139,236.91982511331483,158.86791486731408,-199.9371222620818,167.53659113999956,0.8531213383436548,3.85984556909117,0.17499593098958333,-0.9897928873697917,0.17499593098958333,-0.9897928873697917,0,idle,253.99667421190145,158.90052483906737,236.86183180438306,160.68108847294536
1791245894.4839602,237.9302597041845,162.73340667428778,-200.89765970283838,165.35074340658846,1.0104345908696613,3.865491806973687,0.17499593098958333,-0.9897928873697917,0.17499593098958333,-0.9897928873697917,0,idle,247.36996269070474,170.32451225288827,238.34715121002532,164.8354768785675
1791245894.500267,239.07207996364824,166.6065399050002,-201.51628588412174,163.5742029656067,1.1418202594637459,3.873133230712412,0.17499593098958333,-0.9897928873697917,0.17499593098958333,-0.9897928873697917,0,idle,247.53832911475604,175.22560522231612,239.8914393517524,169.0344598649317
1791245894.517411,240.32192852832495,170.4900897677231,-201.90244512736828,162.16019076636,1.249848564676698,3.883549862722903,0.17499593098958333,-0.9897928873697917,0.17499593098958333,-0.9897928873697917,0,idle,236.20838399149923,192.45717802201844,240.89464272018262,173.8949681423728
1791245894.534593,241.65964085464955,174.38699729658853,-202.13324426757265,161.05391685217913,1.3377123263246011,3.8969075288654382,0.17499593098958333,-0.9897928873697917,0.17499593098958333,-0.9897928873697917,0,idle,239.21479214974872,185.236798696815,242.0814769016693,178.16412182251705
1791245894.551782,243.0683366938173,178.30000427936727,-202.2628049185509,160.200950916162,1.4086958391677273,3.913006982778732,0.17499593098958333,-0.9897928873697917,0.17499593098958333,-0.9897928873697917,0,idle,258.3380122320759,178.7115178302871,244.23256471539898,181.90884825654535
1791245894.568388,244.53422320567645,182.2314638359919,-202.32884967713218,159.5514946310715,1.4658865118591555,3.931459556624624,0.17499593098958333,-0.9897928873697917,0.17499593098958333,-0.9897928873697917,0,idle,252.3761825742123,203.83382654927175,246.03233779460587,186.73998374997507
1791245894.585691,246.04625834847144,186.18326632928924,-202.35740857251096,159.06219435292724,1.512035142794978,3.9518024932973495,0.17499593098958333,-0.9897928873697917,0.17499593098958333,-0.9897928873697917,0,idle,245.7718436999763,198.9998301211365,247.45574647552962,191.10718843716563
1791245894.602763,247.59576361691146,190.156835811833,-202.36620098309294,158.6965547056684,1.5495052684400152,3.9735694825437626,0.17499593098958333,-0.9897928873697917,0.17499593098958333,-0.9897928873697917,0,idle,221.73745907018468,199.22682173387054,247.64186211028039,195.28806111041743
1791245894.620212,249.17603747873625,194.1531658708009,-202.36706825949145,158.4246084103865,1.5802738618247858,3.996330058967914,0.17499593098958333,-0.9897928873697917,0.17499593098958333,-0.9897928873697917,0,idle,266.39359978654477,218.38446770960002,250.08070916282716,200.23939499639607
1791245894.637407,250.78197383643135,198.17288395543002,-202.366415261094,158.22256621995112,1.6059363576950911,4.019718084629111,0.17499593098958333,-0.9897928873697917,0.17499593098958333,-0.9897928873697917,0,idle,259.31793887600077,180.92070284208958,252.06821018829618,203.0921925690784
1791245894.6547341,252.40960810980965,202.21636857355193,-202.36114406456966,158.0736086248875,1.6276342733783085,4.043484618121898,0.17499593098958333,-0.9897928873697917,0.17499593098958333,-0.9897928873697917,0,idle,266.66109116238044,196.22470096994007,254.34410679670978,206.5901283763373
1791245894.671666,254.0557799840019,206.28383577883375,-202.34840660924445,157.9659989067282,1.646171874192239,4.06746720528181,0.17499593098958333,-0.9897928873697917,0.17499593098958333,-0.9897928873697917,0,idle,236.95486502189564,206.97277674402244,255.0385079884517,210.47335463973928
1791245894.6883872,255.71790379906903,210.37539429412618,-202.32670382399013,157.8914150573686,1.6621238150671462,4.091558515292421,0.17499593098958333,-0.9897928873697917,0.17499593098958333,-0.9897928873697917,0,idle,262.72292307861164,214.09207615082005,257.0017463672735,214.54127130482112
1791245894.7052002,257.39381220115877,214.49108016247328,-202.2954364397062,157.8438334920944,1.6759084020897195,4.115685868347098,0.17499593098958333,-0.9897928873697917,0.17499593098958333,-0.9897928873697917,0,idle,269.62310788006266,214.39598202539594,259.22492742489817,218.44390841577962
1791245894.72293,259.081649424439,218.63087823306955,-202.25458960788256,157.81878468143427,1.6878372232802152,4.139798070596276,0.17499593098958333,-0.9897928873697917,0.17499593098958333,-0.9897928873697917,0,idle,245.63985985085836,222.45169983257122,260.1491194083124,222.57710615368566
1791245894.7394528,260.77979804339805,222.794735336784,-202.20451335336531,157.81285847667152,1.6981486189590709,4.163857103714447,0.17499593098958333,-0.9897928873697917,0.17499593098958333,-0.9897928873697917,0,idle,261.39832659842295,212.43029950339164,261.82482095582907,226.02543006969967
1791245894.756136,262.4868282035123,226.98256833589758,-202.145771407932,157.8233763346373,1.7070301601142464,4.18783299911359,0.17499593098958333,-0.9897928873697917,0.17499593098958333,-0.9897928873697917,0,idle,253.37910979357346,243.44242510145466,263.0242140498248,230.87472117044533
1791245894.7739048,264.20146189715507,231.19426910397146,-202.07903861470643,157.8481745428034,1.7146336936427555,4.211700768073892,0.17499593098958333,-0.9897928873697917,0.17499593098958333,-0.9897928873697917,0,idle,264.22639949378157,223.80926216567948,264.7132253309833,234.52256394987722
1791245894.790714,265.92254728966714,235.42970773624185,-202.00503264105987,157.88546085293294,1.7210853925120464,4.23543863227039,0.17499593098958333,-0.9897928873697917,0.17499593098958333,-0.9897928873697917,0,idle,279.282115103799,236.89173415881112,267.0767009425105,238.6646891609808
1791245894.807435,267.64903976135133,239.68873479143954,-201.9244697588235,157.93371936388564,1.7264924716842192,4.259027055197679,0.17499593098958333,-0.9897928873697917,0.17499593098958333,-0.9897928873697917,0,idle,273.45459353801897,253.16682014303373,269.03576342038593,243.43587141252127
1791245894.824202,269.3799874555103,243.97118304080735,-201.83803736112964,157.99164691140348,1.7309476941589244,4.282448249367807,0.17499593098958333,-0.9897928873697917,0.17499593098958333,-0.9897928873697917,0,idle,260.0157966018727,233.64806242859865,270.22916538891127,247.01480680022456
1791245894.842114,271.1145198785055,248.27686899262767,-201.74637798830972,158.05810989934687,1.7345324229952628,4.305685951820323,0.17499593098958333,-0.9897928873697917,0.17499593098958333,-0.9897928873697917,0,idle,275.8968277588479,243.13373029596178,272.1603543092536,250.91115462924074
1791245894.859064,272.8518386019602,252.60559433159202,-201.65008115208633,158.13211431655128,1.7373187234546894,4.328725338964356,0.17499593098958333,-0.9897928873697917,0.17499593098958333,-0.9897928873697917,0,idle,272.65821300671325,262.06558038212387,273.8357000314085,255.58116498890104
1791245894.876021,274.5912094504814,256.9571473349603,-201.54968033881542,158.21278422500154,1.7393708485212245,4.351553003368328,0.17499593098958333,-0.9897928873697917,0.17499593098958333,-0.9897928873697917,0,idle,268.5476268250248,251.99086583032857,275.2236986771845,259.53562538417236
1791245894.8928719,276.33195577634285,261.33130428338234,-201.44565335593543,158.29934568835236,1.74074632586145,4.374156948421992,0.17499593098958333,-0.9897928873697917,0.17499593098958333,-0.9897928873697917,0,idle,279.46769424018066,266.17727402671005,277.08960746490266,264.0231569173002
1791245894.909749,278.0734525636072,265.72783086118113,-201.3384247462645,158.39111421518757,1.7414967872643623,4.396526577798807,0.17499593098958333,-0.9897928873697917,0.17499593098958333,-0.9897928873697917,0,idle,254.843387922553,267.2776982812772,277.6317184356863,268.3625842344079
1791245894.926831,279.8151211941949,270.1464835306579,-201.22836939425775,158.487484509803,1.7416686305877085,4.418652669476772,0.17499593098958333,-0.9897928873697917,0.17499593098958333,-0.9897928873697917,0,idle,298.169835581316,281.78316263759564,280.3132094920261,273.23133319057024
1791245894.9435,281.55642476502123,274.5870108622224,-201.11581673172662,158.58792178445665,1.7413035708263667,4.440527331564528,0.17499593098958333,-0.9897928873697917,0.17499593098958333,-0.9897928873697917,0,idle,240.35165404460733,284.41195340041713,279.9693701119402,278.00886516604885
1791245894.960673,283.29686388034816,279.049154803471,-201.00105515041278,158.69195417864637,1.7404391153269372,4.462143941248607,0.17499593098958333,-0.9897928873697917,0.17499593098958333,-0.9897928873697917,0,idle,269.41753929324267,286.23629670200916,281.0951957305659,282.65927348703303
1791245894.97773,285.03597286479305,283.5326518735871,-200.88433636879637,158.79916601201865,1.7391089844448986,4.483497070116056,0.17499593098958333,-0.9897928873697917,0.17499593098958333,-0.9897928873697917,0,idle,285.64603128015546,279.7229740850932,282.97489104326803,286.77178073354634
1791245894.9942122,286.77331635518004,288.03723427335353,-200.76587959766835,158.90919170734264,1.7373434903869858,4.504582399766447,0.17499593098958333,-0.9897928873697917,0.17499593098958333,-0.9897928873697917,0,idle,282.2942908091191,267.56710049555693,284.59133734742824,290.090900001425
1791245895.012073,288.50848623696686,292.5626309049155,-200.64587541563165,159.02171028468237,1.7351698817868013,4.525396631562014,0.17499593098958333,-0.9897928873697917,0.17499593098958333,-0.9897928873697917,0,idle,292.1047469316188,281.1358275942028,286.61541921433525,293.94227318104777
1791245895.028987,290.2410988954785,297.1085682988413,-200.5244893106954,159.13644036454878,1.7326126585116337,4.545937393925802,0.17499593098958333,-0.9897928873697917,0.17499593098958333,-0.9897928873697917,0,idle,291.63269111463893,293.97297320760333,288.5122648349365,298.262448706605
1791245895.045772,291.97079275496736,301.67477144884293,-200.40186487387695,159.25313563749881,1.7296938594888398,4.566203150001607,0.17499593098958333,-0.9897928873697917,0.17499593098958333,-0.9897928873697917,0,idle,290.4415653713212,285.5377016030814,290.25193902827016,301.9641043439304
1791245895.0626361,293.6972260804124,306.2609645567067,-200.27812664980596,159.37158076742136,1.7264333254450341,4.586193107863784,0.17499593098958333,-0.9897928873697917,0.17499593098958333,-0.9897928873697917,0,idle,284.3255568316217,320.19803049185265,291.59573157761054,307.2326841037971
1791245895.079751,295.4200750184446,310.86687169158637,-200.15338266100608,159.49158770003612,1.7228489380322025,4.605907134879661,0.17499593098958333,-0.9897928873697917,0.17499593098958333,-0.9897928873697917,0,idle,309.4554909319456,321.8762709168666,294.1254260364579,312.34047522258624
1791245895.096833,297.13903185510264,315.4922173689029,-200.0277266291442,159.61299234962158,1.7189568366580334,4.625345677316556,0.17499593098958333,-0.9897928873697917,0.17499593098958333,-0.9897928873697917,0,idle,293.8622577181614,299.3114354889619,295.7452766153682,316.0831016293557
1791245895.11377,298.8538034694147,320.13672705476404,-199.90123991973414,159.73565163726548,1.7147716143120482,4.644509685861124,0.17499593098958333,-0.9897928873697917,0.17499593098958333,-0.9897928873697917,0,idle,306.9954134844044,288.0394607900066,297.9368164924164,319.0932037889563
1791245895.1310048,300.56410996312144,324.8001276021444,-199.7739932377259,159.85944085388167,1.7103064937067465,4.663400547380391,0.17499593098958333,-0.9897928873697917,0.17499593098958333,-0.9897928873697917,0,idle,302.4786145579227,327.30659374988613,299.7886975647132,323.93410380701414
1791245895.1481311,302.26968344821194,329.4821476251383,-199.646048100915,159.98425132130998,1.7055734850904916,4.682020022993843,0.17499593098958333,-0.9897928873697917,0.17499593098958333,-0.9897928873697917,0,idle,308.2608854278045,335.64379370867385,301.83260176870374,328.9675073239413
1791245895.163914,303.970266975326,334.1825178174721,-199.51745811673257,160.1099883252042,1.7005835271140486,4.700370192333841,0.17499593098958333,-0.9897928873697917,0.17499593098958333,-0.9897928873697917,0,idle,295.1772450783184,327.92906341657704,303.11538828494287,333.3809368112902
1791245895.180266,305.6656135874623,338.9009712212082,-199.388270086111,160.23656929416302,1.6953466121362741,4.718453403736061,0.17499593098958333,-0.9897928873697917,0.17499593098958333,-0.9897928873697917,0,idle,318.58963907430257,351.0462617677506,305.49968010594034,338.7467337926625
1791245895.197993,307.3554854847969,343.6372434512199,-199.25852495602211,160.36392220063962,1.6898718973345581,4.736272230011705,0.17499593098958333,-0.9897928873697917,0.17499593098958333,-0.9897928873697917,0,idle,323.93748621403375,326.4071317183028,308.0269487138128,342.62921230745565
1791245895.214256,309.03965328774126,348.391072880619,-199.12825864012387,160.49198416050842,1.684167802944361,4.753829429399087,0.17499593098958333,-0.9897928873697917,0.17499593098958333,-0.9897928873697917,0,idle,317.1052055767906,353.92520653181873,310.08082096975886,347.71014997660296
1791245895.231447,310.7178953866347,353.16220079188435,-198.99750272483843,160.620700209696,1.678242098893466,4.771127911265352,0.17499593098958333,-0.9897928873697917,0.17499593098958333,-0.9897928873697917,0,idle,329.02997084318554,343.2419429915207,312.622608457379,352.0193111430509
1791245895.248666,312.3899973676596,357.950371498007,-198.86628507618298,160.750022237923,1.6721019810248858,4.7881707061226,0.17499593098958333,-0.9897928873697917,0.17499593098958333,-0.9897928873697917,0,idle,319.0044396082094,338.6749031253423,314.53019689689415,355.900852912982
1791245895.265619,314.05575150568166,362.7553324375376,-198.73463036082308,160.87990806129017,1.6657541380220433,4.804960939530664,0.17499593098958333,-0.9897928873697917,0.17499593098958333,-0.9897928873697917,0,idle,324.70509858953585,361.35812181711145,316.6214084126472,360.73842925074257
1791245895.282513,315.7149563157464,367.57683424701446,-198.60256049313224,161.0103206171194,1.6592048100647474,4.821501809476857,0.17499593098958333,-0.9897928873697917,0.17499593098958333,-0.9897928873697917,0,idle,308.7786592898208,368.1161115178417,317.8055155260674,365.68774008310055
1791245895.299414,317.36741615590415,372.41463081386195,-198.47009501852523,161.1412272660933,1.6524598401577306,4.837796566847505,0.17499593098958333,-0.9897928873697917,0.17499593098958333,-0.9897928873697917,0,idle,314.4756077777344,369.07545445865605,319.2088569868006,370.45303254038345
1791245895.3164248,319.0129408748918,377.2684793124963,-198.33725144198263,161.27259918829182,1.6455247189876583,4.853848498634385,0.17499593098958333,-0.9897928873697917,0.17499593098958333,-0.9897928873697917,0,idle,325.87651764869815,385.89978725829906,321.1054885029337,375.83652634998185
1791245895.333449,320.6513454989732,382.13814022604555,-198.2040455094906,161.4044108611841,1.638404624081405,4.869660913549266,0.17499593098958333,-0.9897928873697917,0.17499593098958333,-0.9897928873697917,0,idle,327.95484842577724,370.905859584954,323.00444089195327,380.21617087960226
1791245895.349828,322.2824499529326,387.02337735579573,-198.07049144907035,161.5366396089838,1.631104453959353,4.885237129750189,0.17499593098958333,-0.9897928873697917,0.17499593098958333,-0.9897928873697917,0,idle,328.855918244843,410.46233831005947,324.8465639908592,386.3694545243878
1791245895.366793,323.906078810836,391.9239578202086,-197.93660217715433,161.66926521401746,1.6236288579033828,4.900580464412859,0.17499593098958333,-0.9897928873697917,0.17499593098958333,-0.9897928873697917,0,idle,317.4711146300194,382.934735147108,326.0202389378254,390.85326999671605
1791245895.383766,325.5220610727266,396.83965204511753,-197.8023894752678,161.8022695818769,1.6159822618906023,4.915694224908902,0.17499593098958333,-0.9897928873697917,0.17499593098958333,-0.9897928873697917,0,idle,326.5366110398004,376.78827588342483,327.58124069172027,394.81992980471495
1791245895.400668,327.13022996390754,401.7702337464969,-197.66786414127884,161.93563645314237,1.6081688911809116,4.930581701379358,0.17499593098958333,-0.9897928873697917,0.17499593098958333,-0.9897928873697917,0,idle,335.83800118499437,412.456140698203,329.52183916300584,400.38579296569975
1791245895.417713,328.7304227538968,406.7154799070132,-197.53303611888006,162.06935115536882,1.600192789989261,4.945246160516305,0.17499593098958333,-0.9897928873697917,0.17499593098958333,-0.9897928873697917,0,idle,325.7349981503519,415.7993444962904,330.8526802628629,405.85445439471977
1791245895.433907,330.3224805925185,411.6751707474012,-197.39791460844506,162.20340038983605,1.5920578386217352,4.959690840387962,0.17499593098958333,-0.9897928873697917,0.17499593098958333,-0.9897928873697917,0,idle,334.6507934818234,414.8562637957807,332.55504087050156,411.01625116314136
1791245895.451006,331.9062483609267,416.64908969356406,-197.26250816195497,162.33777204827766,1.5837677684082079,4.973918946162904,0.17499593098958333,-0.9897928873697917,0.17499593098958333,-0.9897928873697917,0,idle,326.4309824551373,401.84489037880013,333.7534173297212,415.282906122779
1791245895.467906,333.4815745356496,421.63702334017125,-197.12682476430453,162.47245505543543,1.5753261747228513,4.9879336466072175,0.17499593098958333,-0.9897928873697917,0.17499593098958333,-0.9897928873697917,0,idle,323.3864625754895,411.87808368058717,334.7316294579963,419.8512019649463
1791245895.48483,335.04831106399655,426.63876141141594,-196.99087190296524,162.60743923383896,1.5667365283469588,5.001738071244673,0.17499593098958333,-0.9897928873697917,0.17499593098958333,-0.9897928873697917,0,idle,330.61215660208325,429.4515817716753,336.01405551713026,425.0828721229652
1791245895.501778,336.6063132493925,431.65409671950033,-196.85465662769815,162.74271518769672,1.5580021853959274,5.015335308084397,0.17499593098958333,-0.9897928873697917,0.17499593098958333,-0.9897928873697917,0,steering,329.40998426082723,462.8460946430037,337.16395403044123,431.7356017916473
1791245895.518767,338.15613962085683,436.6742654238301,-196.85466397898844,162.84349783899768,1.54982637146437,5.020168704329777,0.17499593098958333,-0.9897928873697917,-1.0,0.0,1,steering,336.2838759836465,427.5120505952111,338.59228518099263,436.2935845009388
1791245895.5360498,339.69875087300335,441.68661155208326,-196.95495979404694,162.8936068445795,1.5426112521465363,5.012346128253147,0.17499593098958333,-0.9897928873697917,-1.0,0.0,1,steering,337.1646607517539,429.3910597552114,339.98638464906986,440.7101870854929
1791245895.552219,341.2387499398531,446.6763078425697,-197.29160663453482,162.8478996236919,1.5399990668497425,4.989696290486476,0.17499593098958333,-0.9897928873697917,-1.0,0.0,1,steering,341.16295697460856,437.27158176019907,341.50821237885407,445.27846829519035
1791245895.569328,342.78500068927065,451.6276039825084,-197.93206596622082,162.6568271853891,1.546250749417534,4.9512961399386715,0.17499593098958333,-0.9897928873697917,-1.0,0.0,1,steering,322.12084832788713,464.4586501942261,342.0077823882524,450.9412087230839
1791245895.58615,344.34989133854424,456.5246454106997,-198.89897022644092,162.27828367938432,1.5648906492735735,4.897041428191288,0.17499593098958333,-0.9897928873697917,-1.0,0.0,1,steering,341.16239733386675,474.6336582144273,343.45215925234305,456.77802055443277
1791245895.603455,345.94804424683974,461.3519504095688,-200.18700939888603,161.68208739020784,1.598152908295486,4.827304998869138,0.17499593098958333,-0.9897928873697917,-1.0,0.0,1,steering,342.317273521721,463.8317251241022,344.91366022869266,461.7166455318419
1791245895.620537,347.5949369470449,466.0946527893004,-201.77449315573998,160.85055760993063,1.6468927002051656,4.742702379731599,0.17499593098958333,-0.9897928873697917,-1.0,0.0,1,steering,342.8721027705809,494.00107710519484,346.376130420982,467.83643437125454
1791245895.637562,349.30567545832116,470.73860820047986,-203.63104627093037,159.77723099985488,1.7107385112762399,4.643955411179443,0.17499593098958333,-0.9897928873697917,-1.0,0.0,1,steering,356.7452146206528,497.8834182579678,348.51978621667797,473.75054120621064
1791245895.654242,351.09402267699306,475.2704377983259,-205.72260015919434,158.46485331502052,1.788347218671926,4.531829597846034,0.17499593098958333,-0.9897928873697917,-1.0,0.0,1,steering,362.1748191137145,485.7398543119092,350.9014677192681,478.65524497944926
1791245895.671895,352.97170513868616,479.67755595430697,-208.01453638718695,156.92324312963908,1.8776824616930734,4.407118155981107,0.17499593098958333,-0.9897928873697917,-1.0,0.0,1,steering,357.45197060778304,491.91533405020067,353.0127912023023,483.50501168116887
1791245895.6886048,354.94797950596853,483.9482058360259,-210.47358591493122,155.16731587689097,1.9762743672823928,4.270649881718938,0.17499593098958333,-0.9897928873697917,-1.0,0.0,1,steering,363.8526216381402,478.13829280559037,355.43224337301245,487.29379312502294
1791245895.7056901,357.0294209031075,488.07151036827076,-213.0689009058858,153.21538596513224,2.0814413971389496,4.123304532244837,0.17499593098958333,-0.9897928873697917,-1.0,0.0,1,steering,377.25538850126287,498.50372229239656,358.500769956707,491.7714288890242
1791245895.722474,359.21988901576805,492.03753617790215,-215.77258394993885,151.08777476097097,2.1904681126605534,3.966025809631371,0.17499593098958333,-0.9897928873697917,-1.0,0.0,1,steering,358.47996808841526,471.14788654276595,360.58067457031996,494.5079762908611
1791245895.7385778,361.5206287183085,495.8373633122947,-218.55986837677432,148.8057084879466,2.3007397025404455,3.799827134392566,0.17499593098958333,-0.9897928873697917,-1.0,0.0,1,steering,351.5655079537575,482.95468392319924,362.31561895690527,497.5401474501509
1791245895.755817,363.93046633079774,499.463152242604,-221.40908085372237,146.39047197104378,2.4098376124892407,3.6257889303092607,0.17499593098958333,-0.9897928873697917,-1.0,0.0,1,steering,370.9388241777615,525.0632307546757,365.03612494981286,502.360801099171
1791245895.7729468,366.44606839619786,502.908200521782,-224.30147465626524,143.86277940387689,2.5156020654001088,3.4450482791780184,0.17499593098958333,-0.9897928873697917,-1.0,0.0,1,steering,364.50227643166636,502.1306902592042,367.39925448603566,505.6220914223918
1791245895.789672,369.06223596395057,506.16698338821703,-227.22099260843916,141.2423248458826,2.616167567752689,3.2587828664350167,0.17499593098958333,-0.9897928873697917,-1.0,0.0,1,steering,350.9031856491943,533.3307772612761,369.05981023355866,510.10336943744926
1791245895.806519,371.7722131587485,509.23517485075155,-230.15399847340137,138.54747910851125,2.709977194797922,3.0681914625345104,0.17499593098958333,-0.9897928873697917,-1.0,0.0,1,steering,362.2822999461673,529.528096599091,371.29541305424715,513.9893876849392
1791245895.8235362,374.5679939998594,512.1096479074125,-233.08900167531868,135.79510414951386,2.7957808411109153,2.8744730566610044,0.17499593098958333,-0.9897928873697917,-1.0,0.0,1,steering,356.4784876799981,488.6352331459327,373.21055858459005,515.4524293618168
1791245895.841163,377.44061589251436,514.7884543023415,-236.01639071737824,133.00046026588703,2.8726218926549545,2.678806394928971,0.17499593098958333,-0.9897928873697917,-1.0,0.0,1,steering,372.93338836216407,524.1204822148492,375.92569087149093,518.4306980796509
1791245895.859087,380.380431916856,517.2707855255243,-238.9281842008259,130.17718504011418,2.9398160243416642,2.482331223182804,0.17499593098958333,-0.9897928873697917,-1.0,0.0,1,steering,366.93018166805166,501.99293323027075,378.26874063444353,519.9670244992055
1791245895.8764648,383.37735702839785,519.5569176130175,-241.8178040260235,127.33732618362608,2.996925111541815,2.286132087493252,0.17499593098958333,-0.9897928873697917,-1.0,0.0,1,steering,410.8178151309052,525.1743276855523,382.74327321523134,522.3992151416414
1791245895.8938298,386.4210856249704,521.6481427672817,-244.67987252294927,124.4914132392972,3.0437285965725245,2.091225154264206,0.17499593098958333,-0.9897928873697917,-1.0,0.0,1,steering,385.97544337394714,518.1533476098115,385.796423889911,524.1735856616009
1791245895.909835,389.5012797115771,523.5466909657339,-247.51003345926912,121.648555641353,3.0801940866067756,1.8985481984521675,0.17499593098958333,-0.9897928873697917,-1.0,0.0,1,steering,386.6955854217377,515.7853245069699,388.76756634877876,525.5577933923989
1791245895.9264529,392.6077281934343,525.2556446420915,-250.30479578588472,118.81655693674544,3.106448481857171,1.70895367635759,0.17499593098958333,-0.9897928873697917,-1.0,0.0,1,steering,387.61758557768275,514.3973634765648,391.6611933679883,526.623277889147
1791245895.943634,395.7304787331521,526.7788492839798,-253.06139837383262,116.0020370612214,3.1227505397177766,1.523204641888209,0.17499593098958333,-0.9897928873697917,-1.0,0.0,1,idle,385.50372737162917,535.9574928914702,394.3199330809022,528.537033049057
1791245895.960184,398.85742325075887,528.1334308759291,-254.8727310524425,113.42209458284962,3.1269445176067467,1.3545815919493647,0.17499593098958333,-0.9897928873697917,0.17499593098958333,-0.9897928873697917,0,idle,401.3558800613147,537.8173059106339,397.6423277216493,530.2878992044876
1791245895.977688,401.9782661087646,529.3419453839538,-256.05628219593603,111.16838543604041,3.120842858005745,1.2085145080246475,0.17499593098958333,-0.9897928873697917,0.17499593098958333,-0.9897928873697917,0,idle,415.5668702971676,511.10985760584003,401.5033555655307,530.4770859071787
1791245895.9942348,405.085841419154,530.4279290050164,-256.8203355254303,109.26264846407102,3.1075753103894184,1.085983621062637,0.17499593098958333,-0.9897928873697917,0.17499593098958333,-0.9897928873697917,0,idle,416.61313337480095,536.6286513762167,405.2110410008641,531.81634862064
1791245896.011868,408.1762141271283,531.413558172936,-257.30447591063256,107.68932188521522,3.0903727079742516,0.9856291679195303,0.17499593098958333,-0.9897928873697917,0.17499593098958333,-0.9897928873697917,0,idle,410.1766889386159,519.0529403074362,408.39517747032727,532.1145259145035
1791245896.0286698,411.24826497251144,532.3185742309794,-257.60312460559055,106.41479972877424,3.0720508453831643,0.9050160580434718,0.17499593098958333,-0.9897928873697917,0.17499593098958333,-0.9897928873697917,0,idle,443.15881621787537,533.7862570366666,413.05180771081865,533.0578777257529
1791245896.045304,414.3031029935823,533.1599341714652,-257.7803742988523,105.39855932540777,3.0548380210708252,0.8413599404858741,0.17499593098958333,-0.9897928873697917,0.17499593098958333,-0.9897928873697917,0,idle,421.9650958041358,546.8431294548755,416.3995682355018,534.5464322556705
1791245896.062022,417.34347006995995,533.9518540532839,-257.8797424855106,104.59935723733831,3.0403670763776516,0.7919198818186681,0.17499593098958333,-0.9897928873697917,0.17499593098958333,-0.9897928873697917,0,idle,407.00082313060335,519.7180411486578,418.81797970281565,534.5573365880476
1791245896.077796,420.3732103826138,534.7060451352295,-257.93071618095183,103.97849002128358,3.0297403126538693,0.7541910819455923,0.17499593098958333,-0.9897928873697917,0.17499593098958333,-0.9897928873697917,0,idle,415.068072568337,541.4113101552174,421.5087376431129,535.6165167942544
1791245896.09495,423.396830825155,535.4320271188272,-257.9531874579641,103.50134266791771,3.023620442541209,0.7259819835977731,0.17499593098958333,-0.9897928873697917,0.17499593098958333,-0.9897928873697917,0,idle,426.95036262038707,549.9904792840625,424.65325831239073,537.0248978031626
1791245896.112021,426.41915501796086,536.1374548178466,-257.9604759389733,103.1379545535755,3.0223241928058497,0.7054276990193487,0.17499593098958333,-0.9897928873697917,0.17499593098958333,-0.9897928873697917,0,idle,416.9498186871693,549.3257772032686,427.1392943142952,538.3100980872363
1791245896.1289458,429.4450626569584,536.8284256712512,-257.9613961308031,102.86303115074796,3.0259076389975244,0.6909708534046219,0.17499593098958333,-0.9897928873697917,0.17499593098958333,-0.9897928873697917,0,idle,428.7138245299789,532.4310286289985,430.09263308212707,538.6725669250588
1791245896.1457138,432.47930003557843,537.5097610464213,-257.9611163050328,102.65579315532494,3.0342373786200616,0.6813353751700737,0.17499593098958333,-0.9897928873697917,0.17499593098958333,-0.9897928873697917,0,idle,450.6223582429096,530.9583034052431,434.0016448498552,538.9341223554796
1791245896.1625652,435.52633637157203,538.1853129005287,-257.95785930486926,102.50071980881002,3.047036335993581,0.6755518541074409,0.17499593098958333,-0.9897928873697917,0.17499593098958333,-0.9897928873697917,0,idle,436.9586932877983,529.4413080190925,437.04418179094625,539.1012559000624
1791245896.179412,438.59027307788267,538.8582042026632,-257.94944443227564,102.38646270035169,3.063936706310665,0.6728913021344494,0.17499593098958333,-0.9897928873697917,0.17499593098958333,-0.9897928873697917,0,idle,456.2593561389415,544.6055984943423,440.9156803793411,540.0157197668041
1791245896.196822,441.6747961268792,539.5310011310437,-257.9346621913889,102.30464829118536,3.084523048996499,0.6727969283804902,0.17499593098958333,-0.9897928873697917,0.17499593098958333,-0.9897928873697917,0,idle,465.002413166194,547.5060446861416,445.05031391523045,541.0293930947324
1791245896.21373,444.7831588208842,540.2058377576925,-257.91295204046327,102.24903058072611,3.1083626940049927,0.6748366266488249,0.17499593098958333,-0.9897928873697917,0.17499593098958333,-0.9897928873697917,0,idle,444.8536253077174,539.4475092833177,447.99342404415955,541.5913936994781
1791245896.2305338,447.91818544125044,540.8845074305788,-257.8841794435431,102.21489110116755,3.1350266203662422,0.6786696728862514,0.17499593098958333,-0.9897928873697917,0.17499593098958333,-0.9897928873697917,0,idle,448.42157441361724,545.6504989732558,450.9931068519804,542.4390851524089
1791245896.247544,451.0822886938199,541.5685306478177,-257.8484819416657,102.19861395394877,3.1641032525694976,0.6840232172390188,0.17499593098958333,-0.9897928873697917,0.17499593098958333,-0.9897928873697917,0,idle,436.04219873020185,524.9442959879277,453.25145953583245,542.2141677505618
1791245896.264437,454.2774957498174,542.2592062066644,-257.80616334284946,102.1973847676876,3.1952070559974346,0.6906755588467133,0.17499593098958333,-0.9897928873697917,0.17499593098958333,-0.9897928873697917,0,idle,449.4868673184518,541.7591068808406,456.098676628161,542.8475564879801
1791245896.281474,457.50547911858035,542.9576503466953,-257.75762152958106,102.20897729941822,3.2279833687629997,0.6984441400309487,0.17499593098958333,-0.9897928873697917,0.17499593098958333,-0.9897928873697917,0,idle,476.49581599243487,529.2821214385749,460.1851177966995,542.8328066685392
1791245896.298091,460.7675896785553,543.6648271872277,-257.7032997728355,102.2316019078967,3.2621105599749374,0.7071768405323484,0.17499593098958333,-0.9897928873697917,0.17499593098958333,-0.9897928873697917,0,idle,467.38364225501334,529.9735959454192,463.64404905159137,542.8616641308889
1791245896.314154,464.06489001264885,544.3815727788923,-257.6436544715819,102.26379761160041,3.2973003340935696,0.7167455916645663,0.17499593098958333,-0.9897928873697917,0.17499593098958333,-0.9897928873697917,0,idle,466.1728455923684,545.3300126128988,466.9029241960191,543.6659898670707
1791245896.3320892,467.3981868044081,545.1086144099587,-257.5791343404954,102.30435478855279,3.333296791759281,0.7270416310663825,0.17499593098958333,-0.9897928873697917,0.17499593098958333,-0.9897928873697917,0,idle,458.0554666979407,548.6699357444827,469.6271832732865,544.6068767104545
1791245896.349063,470.7680615008752,545.846586335509,-257.51016753792334,102.35225939017644,3.3698746964671105,0.7379719255502204,0.17499593098958333,-0.9897928873697917,0.17499593098958333,-0.9897928873697917,0,idle,459.44684769981967,533.6147608753288,472.3195474562569,544.758344247971
1791245896.365521,474.1748987742897,546.5960427677421,-257.4371542579461,102.406652257405,3.4068372734145242,0.749456432233184,0.17499593098958333,-0.9897928873697917,0.17499593098958333,-0.9897928873697917,0,idle,457.760613948961,552.3185016792636,474.82809619063585,545.8483357301571
1791245896.382391,477.61891254779727,547.3574687346269,-257.36046303838026,102.46679905286577,3.4440137735075296,0.7614259668847485,0.17499593098958333,-0.9897928873697917,0.17499593098958333,-0.9897928873697917,0,idle,466.24174589961746,542.6848096792594,477.6705917609171,546.4135140961528
1791245896.3993,481.1001695130813,548.1312892515784,-257.2804295522508,102.53206768134467,3.4812569652840297,0.7738205169515133,0.17499593098958333,-0.9897928873697917,0.17499593098958333,-0.9897928873697917,0,idle,478.67162305263486,527.5856295701877,481.0278374425228,546.2072493609585
1791245896.4162161,484.618610178252,548.9178771359676,-257.1973570166077,102.60191102394249,3.5184406651707416,0.786587884389213,0.17499593098958333,-0.9897928873697917,0.17499593098958333,-0.9897928873697917,0,idle,474.0512696447223,547.5448137536281,484.02152768454494,547.0213860707617
1791245896.433148,488.1740675561493,549.7175597126349,-257.11151761331337,102.67585347665927,3.5554573778972496,0.7996825766672913,0.17499593098958333,-0.9897928873697917,0.17499593098958333,-0.9897928873697917,0,idle,488.19211394188665,544.997365976282,487.6077415064144,547.6798835138716
1791245896.451042,491.7662836469483,550.5306246001676,-257.02315450213246,102.75348024620949,3.5922160907990266,0.8130648875326998,0.17499593098958333,-0.9897928873697917,0.17499593098958333,-0.9897928873697917,0,idle,486.8676591391816,566.4451126323108,490.9833426743118,549.3905566129496
1791245896.469065,495.3949238925596,551.3573247255488,-256.93248413863336,102.8344286753142,3.628640245611266,0.8267001253811692,0.17499593098958333,-0.9897928873697917,0.17499593098958333,-0.9897928873697917,0,idle,523.170146871736,575.1829075292399,496.0398911175137,551.4655392778762
1791245896.4852219,499.0595897897735,552.1978826840503,-256.8396987032828,102.91838108970342,3.6646658972139052,0.8405579585016,0.17499593098958333,-0.9897928873697917,0.17499593098958333,-0.9897928873697917,0,idle,490.7505224839595,537.0228095399417,499.25685528818923,551.541932851556
1791245896.5021088,502.7598298488844,553.0524945385519,-256.744968514535,103.0050588101022,3.70024005911092,0.854611854501466,0.17499593098958333,-0.9897928873697917,0.17499593098958333,-0.9897928873697917,0,idle,485.3106440455828,556.9618883628472,502.07477278221427,552.6248118888969
1791245896.520032,506.495149077928,553.9213331354617,-256.64844434543176,103.09421707598389,3.735319229043581,0.868838596909893,0.17499593098958333,-0.9897928873697917,0.17499593098958333,-0.9897928873697917,0,idle,514.7863356862516,542.0892369701704,506.2589041950075,552.923429810025
1791245896.537947,510.2650171620833,554.8045510014634,-256.55025959581764,103.18564069878718,3.769868084155354,0.8832178660017003,0.17499593098958333,-0.9897928873697917,0.17499593098958333,-0.9897928873697917,0,idle,521.6430979413702,560.5716917715912,510.6094885622732,554.1448998808049
1791245896.5541928,514.0688754949529,555.7022828752492,-256.45053229473467,103.279140310955,3.8038583328694884,0.8977318737857991,0.17499593098958333,-0.9897928873697917,0.17499593098958333,-0.9897928873697917,0,idle,522.0130797886956,552.8260319267314,514.7933335398203,554.9318017631978
1791245896.570305,517.9041595143193,556.6141624560305,-256.34957087645824,103.37435378628277,3.8352840193664544,0.9118795807812576,0.17499593098958333,-0.7509623209635417,0.17499593098958333,-0.7509623209635417,0,idle,518.2977798748684,556.6272108285816,518.6120756749708,555.8828578182091
1791245896.588109,521.76476707601,557.5389292774801,-256.2478853717241,103.47076634475765,3.8606075616906605,0.9247668214495564,0.17499593098958333,-0.43495279947916665,0.17499593098958333,-0.43495279947916665,0,idle,511.0539602922966,549.1763936482673,521.9017470894432,556.4260630900891
1791245896.605002,525.6400209229579,558.4741420106141,-256.1461804966103,103.56773280608476,3.875253846947901,0.9352127331340343,0.17499593098958333,-0.034470621744791666,0.17499593098958333,-0.034470621744791666,0,idle,519.6873193904455,557.9838475982918,525.4725168590938,557.3924044119765
1791245896.622163,529.5176231922826,559.4168799531053,-256.0449696717241,103.66485324651933,3.8776022693247363,0.9427379424912644,0.17499593098958333,0.010420735677083333,0.17499593098958333,0.010420735677083333,0,idle,508.0191317756891,571.5324051156271,528.283569760782,558.9950054925257
1791245896.6385128,533.3853659649268,560,-255.94462467900252,103.76185941677561,0.0,0.0,0.17499593098958333,0.010420735677083333,0.17499593098958333,0.010420735677083333,0,idle,530.9943967665178,554.9419552425525,528.4191111110688,558.7923529800271
1791245896.655722,533.3913035124417,560,-255.94400216389056,104.05599783610943,0.0,0.0,0.17499593098958333,0.010420735677083333,0.17499593098958333,0.010420735677083333,0,idle,523.507773968209,582.0006776910724,528.1735442539258,559.9527692155793
1791245896.672551,533.3955933820718,560,-255.94355142015786,104.05644857984214,0.0,0.0,0.17499593098958333,0.010420735677083333,0.17499593098958333,0.010420735677083333,0,idle,533.3871012514965,557.514791422191,528.4342221038044,559.8308703259099
1791245896.689534,533.3986928084604,560,-255.9432251574767,104.05677484252331,0.0,0.0,0.17499593098958333,0.010420735677083333,0.17499593098958333,0.010420735677083333,0,idle,526.3297195503404,550.5387671063417,528.3289969761312,559.3662651649315
1791245896.706461,533.4009321417159,560,-255.94298906369514,104.05701093630485,0.0,0.0,0.17499593098958333,0.010420735677083333,0.17499593098958333,0.010420735677083333,0,idle,533.8416428403629,549.6835145139468,528.6046292693428,558.8821276323823
1791245896.7234309,533.4025500587853,560,-255.9428182591653,104.05718174083472,0.0,0.0,0.17499593098958333,0.010420735677083333,0.17499593098958333,0.010420735677083333,0,idle,539.0144681061372,531.8663831481539,529.1251212111825,557.5313404081709
1791245896.740563,533.4037190032368,560,-255.94269471354016,104.05730528645985,0.0,0.0,0.17499593098958333,0.010420735677083333,0.17499593098958333,0.010420735677083333,0,idle,542.3047955327814,563.5266564532783,529.7841049272624,557.8311062104262
1791245896.757521,533.4045635652733,560,-255.94260536620155,104.05739463379847,0.0,0.0,0.17499593098958333,0.010420735677083333,0.17499593098958333,0.010420735677083333,0,idle,546.7191125179521,560.1674266193307,530.6308553067969,557.9479222308714
1791245896.774455,533.4051737611724,560,-255.94254076014198,104.057459239858,0.0,0.0,0.17499593098958333,0.010420735677083333,0.17499593098958333,0.010420735677083333,0,idle,529.6878270132911,546.59707893693,530.5837038921215,557.3803800661743
1791245896.7913249,533.4056146276195,560,-255.94249404994423,104.05750595005578,0.0,0.0,0.17499593098958333,0.010420735677083333,0.17499593098958333,0.010420735677083333,0,idle,526.6940890374453,564.645206757057,530.3892231493877,557.7436214007184
1791245896.808107,533.4059331535805,560,-255.94246028197165,104.05753971802835,0.0,0.0,0.17499593098958333,0.010420735677083333,0.17499593098958333,0.010420735677083333,0,idle,532.4354681969196,564.318503560817,530.4915354017643,558.0723655087234
1791245896.825867,533.4061632885628,560,-255.94243587241488,104.05756412758511,0.0,0.0,0.17499593098958333,0.010420735677083333,0.17499593098958333,0.010420735677083333,0,idle,529.3885490331844,573.7906760160948,530.4363860833353,558.8582810340919
1791245896.842616,533.4063295610746,560,-255.94241822901816,104.05758177098186,0.0,0.0,0.17499593098958333,0.010420735677083333,0.17499593098958333,0.010420735677083333,0,idle,559.9530768968156,571.0223282208055,531.9122206240093,559.4664833934276
1791245896.8593779,533.4064496929577,560,-255.94240547706212,104.0575945229379,0.0,0.0,0.17499593098958333,0.011397298177083333,0.17499593098958333,0.011397298177083333,0,idle,512.2669159348499,540.933152995958,530.9299553895513,558.5398168735541
1791245896.876093,533.4065364882398,560,-255.94239626094728,104.05760373905274,0.0,0.0,0.17499593098958333,0.011397298177083333,0.17499593098958333,0.011397298177083333,0,idle,540.719292733009,560.2825327147995,531.4194222567241,558.6269526656163
1791245896.893934,533.4065991978292,560,-255.94238960056816,104.05761039943184,0.0,0.0,0.17499593098958333,0.020186360677083334,0.17499593098958333,0.020186360677083334,0,idle,533.2553389367466,556.5992560828996,531.5112180907253,558.5255678364805
1791245896.9107578,533.4066445055066,560,-255.9423847873779,104.05761521262208,0.0,0.0,0.17499593098958333,0.024580891927083334,0.17499593098958333,0.024580891927083334,0,idle,513.9420284761918,570.1175243642014,530.6327586099986,559.1051656628665
1791245896.927406,533.4066772403031,560,-255.94238130919302,104.05761869080696,0.0,0.0,0.17499593098958333,0.024580891927083334,0.17499593098958333,0.024580891927083334,0,idle,536.3231109668085,550.8771979090353,530.9172762278391,558.693767275175
1791245896.9446368,533.4067008911933,560,-255.9423787958022,104.0576212041978,0.0,0.0,0.17499593098958333,0.024580891927083334,0.17499593098958333,0.024580891927083334,0,idle,552.5741567534872,559.5007014570533,532.0001202541215,558.7341139842689
1791245896.9617212,533.4067179789613,560,-255.94237697963027,104.05762302036975,0.0,0.0,0.17499593098958333,0.024580891927083334,0.17499593098958333,0.024580891927083334,0,idle,520.1499126292974,559.8380717103533,531.4076098728802,558.7893118705731
1791245896.978713,533.4067303248736,560,-255.94237566729433,104.05762433270569,0.0,0.0,0.17499593098958333,0.024580891927083334,0.17499593098958333,0.024580891927083334,0,idle,535.536999194641,538.5186257774142,531.6140793389683,557.7757775659152
1791245896.9956732,533.4067392447952,560,-255.94237471903844,104.05762528096155,0.0,0.0,0.17499593098958333,0.024580891927083334,0.17499593098958333,0.024580891927083334,0,idle,513.9804943195134,549.7152249977012,530.7324000879955,557.3727499375045
1791245897.012543,533.4067456894385,560,-255.94237403386632,104.05762596613368,0.0,0.0,0.17499593098958333,0.024580891927083334,0.17499593098958333,0.024580891927083334,0,idle,547.1332105781195,549.9804962861373,531.5524406125018,557.0031372549362
1791245897.029372,533.4067503456932,560,-255.9423735387943,104.0576264612057,0.0,0.0,0.17499593098958333,0.024580891927083334,0.17499593098958333,0.024580891927083334,0,idle,529.3751611105374,567.7844865488134,531.4435766374036,557.54220471963
1791245897.046249,533.4067537098373,560,-255.94237318108318,104.05762681891683,0.0,0.0,0.17499593098958333,0.024580891927083334,0.17499593098958333,0.024580891927083334,0,idle,512.763211519771,551.8546405207127,530.509558381522,557.2578265096842
1791245897.063433,533.4067561404314,560,-255.94237292262366,104.05762707737634,0.0,0.0,0.17499593098958333,0.030928548177083334,0.17499593098958333,0.030928548177083334,0,idle,536.7670870614212,546.5786974521963,530.8224348155169,556.7238700568098
1791245897.0801668,533.4067578965356,560,-255.9423727358785,104.0576272641215,0.0,0.0,0.17499593098958333,0.038741048177083334,0.17499593098958333,0.038741048177083334,0,idle,528.6437977570442,546.5441932412967,530.7135029625932,556.2148862160342
1791245897.098044,533.4067577654228,559.9999999671697,-255.94237274982163,-75.94237274982164,-1.3111283960468342e-07,-3.283020669873621e-08,0.17499593098958333,0.058760579427083334,0.17499593098958333,0.058760579427083334,0,idle,550.0432198718366,584.4063664951043,531.6799886834982,557.6244601987989
1791245897.11516,533.4067485575489,559.9999976615497,-255.94237371860177,-75.94237370825576,-9.207873821737133e-06,-2.3056199550993583e-06,0.17499593098958333,0.10615437825520833,0.17499593098958333,0.10615437825520833,0,idle,550.3964477306935,557.3559853921354,532.6158028883779,557.6110342681268
1791245897.131328,533.406656811098,559.9999746885679,-255.94238274145476,-75.9423820615111,-9.17464509929086e-05,-2.297298175761856e-05,0.17499593098958333,0.24339192708333332,0.17499593098958333,0.24339192708333332,0,idle,536.5931050005136,550.6566123037519,532.8145808348562,557.2632913455753
1791245897.148386,533.4062706741105,559.999878001456,-255.94241649018812,-75.9424103549769,-0.00038613698740983643,-9.668711193344849e-05,0.17499593098958333,0.31175130208333335,0.17499593098958333,0.31175130208333335,0,idle,508.4380504303609,556.964502882545,531.5953874844934,557.2482600696675
1791245897.16543,533.4051570885974,559.9995991656612,-255.94250412499088,-75.94247973884276,-0.0011135855130341298,-0.00027883579479086036,0.17499593098958333,0.38062947591145835,0.17499593098958333,0.38062947591145835,0,idle,533.5345709331375,553.5728633958577,531.6912887506882,557.0642253419719
1791245897.18242,533.4025772176683,559.9989531867155,-255.94268968376693,-75.94262171764258,-0.0025798709291252352,-0.0006459789456332976,0.17499593098958333,0.44850056966145835,0.17499593098958333,0.44850056966145835,0,idle,544.1315314223284,530.0545487452089,532.3108500068874,555.7131278321355
1791245897.200116,533.3974073706273,559.9976587232895,-255.9430337463396,-75.94287953741717,-0.00516984704099629,-0.0012944634260193292,0.17499593098958333,0.5144490559895833,0.17499593098958333,0.5144490559895833,0,idle,535.1213171855394,556.3955809255173,532.4464620111311,555.7460207465498
1791245897.217185,533.3880679857763,559.9953203355202,-255.94361467981707,-75.94330947388313,-0.009339384851100006,-0.0023383877693006153,0.17499593098958333,0.5793904622395833,0.17499593098958333,0.5793904622395833,0,idle,522.2963697105755,556.4384305534473,531.9300849804948,555.7784197685138
1791245897.234339,533.3724473361633,559.9914094448843,-255.94453108739663,-75.94398329556573,-0.015620649612956929,-0.003910890635866417,0.17499593098958333,0.6487569173177083,0.17499593098958333,0.6487569173177083,0,idle,526.6065479649549,569.3768803288054,531.6490685125855,556.4546274504243
1791245897.251466,533.3473218023834,559.9851193386713,-255.9459573802147,-75.94503690345474,-0.02512553377989516,-0.006290106212973606,0.17499593098958333,0.8650960286458333,0.17499593098958333,0.8650960286458333,0,idle,531.1343684207936,567.118911370621,531.5994642509049,556.9818660455318
1791245897.268587,533.3080862686344,559.9752980022972,-255.94812620342915,-75.9466424555115,-0.03923553374899434,-0.009821336374122426,0.17499593098958333,0.9964742024739583,0.17499593098958333,0.9964742024739583,0,idle,536.5813446544953,539.7080386357244,531.8112845140229,556.108844405486
1791245897.285763,533.2490791688438,559.9605300391568,-255.95127235003486,-75.94896341316337,-0.059007099790589546,-0.014767963140406725,0.17499593098958333,1.0101765950520833,0.17499593098958333,1.0101765950520833,0,idle,522.8972506567175,554.0832022988634,531.3095260763565,555.9935327351715
1791245897.3024378,533.1639841953333,559.9392379892671,-255.95561595415444,-75.95215612033134,-0.0850949735104613,-0.02129204988971005,0.17499593098958333,1.0101765950520833,0.17499593098958333,1.0101765950520833,0,idle,553.0684612932525,544.973537241887,532.3166326123664,555.4223055131121
1791245897.319647,533.0461863811312,559.9097724036512,-255.96135665212728,-75.956371839225,-0.1177978142021775,-0.029465585615836568,0.17499593098958333,1.0101765950520833,0.17499593098958333,1.0101765950520833,0,idle,520.4735535595505,541.0333687048256,531.6125707362336,554.6748663663627
1791245897.336734,532.8890643244987,559.870486057834,-255.96867089641592,-75.96175508147472,-0.157122056632483,-0.0392863458172307,0.17499593098958333,1.0101765950520833,0.17499593098958333,1.0101765950520833,0,idle,533.8586577465504,552.7034674986862,531.5756091329486,554.5389743944526
1791245897.353853,532.6862152834088,559.8197914206547,-255.9777113166828,-75.96844155530472,-0.2028490410898569,-0.05069463717929777,0.17499593098958333,1.0101765950520833,0.17499593098958333,1.0101765950520833,0,idle,533.674383685847,555.9668816534376,531.4878412715582,554.5622098520815
1791245897.370933,532.4316178747434,559.7562024983287,-255.98860736380718,-75.97655669240282,-0.25459740866538444,-0.06358892232600531,0.17499593098958333,1.0101765950520833,0.17499593098958333,1.0101765950520833,0,idle,526.0376862478092,553.6383368073906,530.9734659821386,554.4556067236372
1791245897.3874922,532.119740845729,559.6783631154597,-256.0014667141073,-75.98621480426961,-0.3118770290144132,-0.0778393828690386,0.17499593098958333,1.0101765950520833,0.17499593098958333,1.0101765950520833,0,idle,543.7745056400919,567.943064995818,531.3172347874726,555.0560322235207
1791245897.404348,531.7456075841416,559.5850640067865,-256.0163770811066,-75.99751872565969,-0.3741332615874612,-0.09329910867319299,0.17499593098958333,1.0101765950520833,0.17499593098958333,1.0101765950520833,0,idle,533.0236930364952,559.938107406346,531.0471311014156,555.2115018294224
1791245897.420288,531.3048258119529,559.4752510515394,-256.03340820131353,-76.01055980665144,-0.44078177218861503,-0.10981295524704801,0.17499593098958333,1.0101765950520833,0.17499593098958333,1.0101765950520833,0,idle,537.0761347834963,545.4973121066882,530.9298386019404,554.6214700358009
1791245897.4379241,530.7935909607683,559.3480267586572,-256.0526138433687,-76.02541814927199,-0.5112348511846111,-0.12722429288223025,0.17499593098958333,1.0101765950520833,0.17499593098958333,1.0101765950520833,0,idle,559.5754160662624,568.5339382100001,531.8764443665311,555.1962303662727
1791245897.4549801,530.2086704797799,559.2026468104553,-256.0740337470851,-76.04216301392293,-0.5849204809882844,-0.1453799482018708,0.17499593098958333,1.0101765950520833,0.17499593098958333,1.0101765950520833,0,idle,520.6127824944592,562.8476897930176,530.7575868159886,555.4406923868182
1791245897.472002,529.5473750244302,559.0385131557097,-256.097695437911,-76.06085334159336,-0.6612954553497546,-0.16413365474563466,0.17499593098958333,1.0101765950520833,0.17499593098958333,1.0101765950520833,0,idle,533.1580751563042,559.3854275974696,530.2493805504221,555.4820021753424
1791245897.489006,528.8075212505975,558.8551648439358,-256.12361588856487,-76.08153835211553,-0.7398537738326515,-0.1833483117739117,0.17499593098958333,1.0101765950520833,0.17499593098958333,1.0101765950520833,0,idle,529.1805085945205,565.3054827054999,529.4930758674859,555.798995305665
1791245897.505949,527.9873898592795,558.6522675271648,-256.15180301686985,-76.10425818869989,-0.8201313913179925,-0.20289731677095965,0.17499593098958333,1.0101765950520833,0.17499593098958333,1.0101765950520833,0,idle,534.8551825435552,554.2222662970236,528.9820563795373,555.5274064043006
1791245897.522741,527.0856816229982,558.4296023296897,-256.1822570198834,-76.1290445861624,-0.9017082362812939,-0.22266519747505312,0.17499593098958333,1.0101765950520833,0.17499593098958333,1.0101765950520833,0,idle,528.4459297719005,574.5125261207315,528.0986272246882,556.2651304525208
1791245897.540111,526.1014733761969,558.1870546001154,-256.2149715512103,-76.1559215455839,-0.9842082468013065,-0.24254772957436865,0.17499593098958333,1.0101765950520833,0.17499593098958333,1.0101765950520833,0,idle,524.7876718215936,555.0186074038229,526.9980816200722,555.9723839569903
1791245897.5561411,525.0341753538714,557.924602910498,-256.2499347522714,-76.18490600220163,-1.0672980223254447,-0.2624516896173119,0.17499593098958333,1.0101765950520833,0.17499593098958333,1.0101765950520833,0,idle,505.8287019586618,542.5044650671991,524.9256795157925,555.0496589073642
1791245897.573295,523.8834907961542,557.6423085498736,-256.2871301502384,-76.21600847650929,-1.1506845577171978,-0.28229436062444496,0.17499593098958333,1.0101765950520833,0.17499593098958333,1.0101765950520833,0,idle,517.0537855255648,543.9241428287606,523.4389344864497,554.2252034608408
1791245897.5898151,522.6493783806528,557.340305669103,-256.3265374360039,-76.24923370107277,-1.2341124155014196,-0.3020028807706372,0.17499593098958333,1.0101765950520833,0.17499593098958333,1.0101765950520833,0,idle,530.9107724724582,549.4445932720542,522.6401195910239,553.6992702146695
1791245897.606845,521.3320177789941,557.018792165929,-256.3681331354055,-76.28458121761544,-1.3173606016586685,-0.3215135031740771,0.17499593098958333,1.0101765950520833,0.17499593098958333,1.0101765950520833,0,idle,512.9132450570777,550.3795511767266,520.9022832927508,553.227846434757
1791245897.6238341,519.9317784412013,556.6780213490947,-256.4118911862791,-76.3220459405972,-1.4002393377927878,-0.3407708168342367,0.17499593098958333,1.0101765950520833,0.17499593098958333,1.0101765950520833,0,idle,531.4844719002431,552.7166862092153,520.1011653522223,552.8785561474874
1791245897.640008,518.4491915756679,556.3182943845627,-256.4577834329969,-76.36161868487827,-1.4825868655334353,-0.3597269645320245,0.17499593098958333,1.0101765950520833,0.17499593098958333,1.0101765950520833,0,idle,532.0104089917088,561.2856443456922,519.2881700119399,552.9571699410923
1791245897.656102,516.8849252005648,555.939953502115,-256.5057800490972,-76.40328665617574,-1.564266375103153,-0.3783408824476581,0.17499593098958333,1.0101765950520833,0.17499593098958333,1.0101765950520833,0,idle,512.5686492802604,550.5585182932472,517.466140919008,552.4778135203748
1791245897.6731021,515.2397620838622,555.5433759243122,-256.55584989752515,-76.44703390392755,-1.6451631167026424,-0.39657757780283664,0.17499593098958333,1.0101765950520833,0.17499593098958333,1.0101765950520833,0,idle,513.334401395535,570.7788993984874,515.6966489819669,553.0161191153677
1791245897.690153,513.5145803552222,555.1289684698216,-256.60796083694083,-76.4928417369042,-1.7251817286399984,-0.41440745449053595,0.17499593098958333,1.0101765950520833,0.17499593098958333,1.0101765950520833,0,idle,526.5501664453315,560.120632786808,514.6004022129271,552.9776577171738
1791245897.70816,511.7103365570778,554.6971627778371,-256.6620799815453,-76.54068910248012,-1.8042437981443504,-0.431805691984521,0.17499593098958333,1.0101765950520833,0.17499593098958333,1.0101765950520833,0,idle,510.578511527543,541.122255253752,512.6852760704207,551.9746721866173
1791245897.725389,509.82805089902166,554.2484110983795,-256.71817392094675,-76.59055293091397,-1.8822856580561511,-0.448751679457626,0.17499593098958333,1.0101765950520833,0.17499593098958333,1.0101765950520833,0,idle,485.24363121605893,570.9750029908109,509.5250224525493,552.4983746313424
1791245897.742382,507.86879448517607,553.7831825936955,-256.7762089057488,-76.64240844631007,-1.9592564138456057,-0.46522850468394406,0.17499593098958333,1.0101765950520833,0.17499593098958333,1.0101765950520833,0,idle,515.0225420632335,549.3980238802822,507.9386048399302,551.9013900143395
1791245897.759362,505.83367829548587,553.3019600979818,-256.8361510037869,-76.69622944615891,-2.035116189690198,-0.48122249571376896,0.17499593098958333,1.0101765950520833,0.17499593098958333,1.0101765950520833,0,idle,496.56929866922604,535.7619941936398,505.4367791511893,550.6372588523765
1791245897.776296,503.7238437166248,552.8052372856828,-256.8979662312738,-76.75198855149755,-2.109834578861041,-0.4967228122990036,0.17499593098958333,1.0101765950520833,0.17499593098958333,1.0101765950520833,0,idle,479.8047044332327,574.3256401339505,502.15083256537343,551.3497912447712
1791245897.793129,501.54045443480845,552.2935162022231,-256.9616206625244,-76.80965742980652,-2.183389281816364,-0.5117210834596463,0.17499593098958333,1.0101765950520833,0.17499593098958333,1.0101765950520833,0,idle,519.076386288625,535.501386746247,500.9228904338105,550.0712359905583
1791245897.810097,499.2846895200992,551.7673051149217,-257.0270805214178,-76.86920699277881,-2.2557649147092382,-0.5262110873014446,0.17499593098958333,1.0101765950520833,0.17499593098958333,1.0101765950520833,0,idle,496.96197579063346,542.3426204884189,498.58186803267785,549.1849046825149
1791245897.827931,496.9577375489709,551.2271166457909,-257.0943122573067,-76.93060757107257,-2.3269519711283104,-0.540188469130778,0.17499593098958333,1.0101765950520833,0.17499593098958333,1.0101765950520833,0,idle,506.70351932296455,538.1061149552926,496.77734622462026,548.1177861504796
1791245897.844691,494.56079162843434,550.673466151794,-257.1632826076962,-76.99382906809991,-2.396945920536572,-0.553650493996996,0.17499593098958333,1.0101765950520833,0.17499593098958333,1.0101765950520833,0,idle,507.66511366402614,546.6215459507571,495.0446359720808,547.5170061711963
1791245897.86163,492.0950452005789,550.1068703218202,-257.23395864968,-77.05884109481943,-2.46574642785545,-0.5665958299736646,0.17499593098958333,1.0101765950520833,0.17499593098958333,1.0101765950520833,0,idle,512.1271277889048,541.923944628792,493.5563014564593,546.699087055601
1791245897.878431,489.56168852076377,549.5278459630895,-257.30630784183137,-77.12561308739717,-2.5333566798151352,-0.579024358730766,0.17499593098958333,1.0101765950520833,0.17499593098958333,1.0101765950520833,0,idle,487.966610708968,559.8659223633657,490.8701280732604,546.8073556801951
1791245897.895284,486.96190571581,548.936908952867,-257.3802980580006,-77.1941144094851,-2.599782804953766,-0.5909370102224506,0.17499593098958333,1.0101765950520833,0.17499593098958333,1.0101765950520833,0,idle,478.7494340781809,530.7358444814395,487.79429970880034,545.442389960546
1791245897.912061,484.2968723403841,548.334573334267,-257.4558976142558,-77.26431444074382,-2.6650333754259403,-0.602335618600065,0.17499593098958333,1.0101765950520833,0.17499593098958333,1.0101765950520833,0,idle,490.1096300139296,552.8134649801019,485.37828451740216,545.2387248738538
1791245897.927595,481.56775336035764,547.7213505375227,-257.5330752900217,-77.33618265311078,-2.72911898002645,-0.613222796744334,0.17499593098958333,1.0101765950520833,0.17499593098958333,1.0101765950520833,0,idle,461.9536228514255,550.3386670709987,481.61438840307824,544.911160326804
1791245897.944336,478.7757015013406,547.0977487104378,-257.6118003443162,-77.4096886761899,-2.792051859017007,-0.6236018270848396,0.17499593098958333,1.0101765950520833,0.17499593098958333,1.0101765950520833,0,idle,478.3968528169274,542.0701781218048,478.8010623577045,544.1766894808234
1791245897.961271,475.92185590889716,546.4642721438042,-257.6920425278485,-77.48480235301618,-2.853845592443458,-0.6334765666335577,0.17499593098958333,1.0101765950520833,0.17499593098958333,1.0101765950520833,0,idle,477.6182302452087,554.0908951009374,476.0307674392584,544.0705970235272
1791245897.978077,473.0073410742581,545.8214207794052,-257.7737720916315,-77.56149378733086,-2.914514834639057,-0.6428513643989642,0.17499593098958333,1.0101765950520833,0.17499593098958333,1.0101765950520833,0,idle,488.5904219940269,558.5321356337643,473.8899610740897,544.1829651578599
1791245897.9959931,470.0332659857354,545.1696897898388,-257.8569597926609,-77.63973338339133,-2.974075088522662,-0.651730989566464,0.17499593098958333,1.0101765950520833,0.17499593098958333,1.0101765950520833,0,idle,474.54667363198166,553.0279847799094,471.09742536788775,544.0060716988743
1791245898.013043,467.0007234716151,544.5095692208095,-257.94157689713325,-77.71949187923462,-3.0325425141202897,-0.660120569029347,0.17499593098958333,1.0101765950520833,0.17499593098958333,1.0101765950520833,0,idle,480.30103248960353,531.7446572140085,468.6766903355593,542.7658864340531
1791245898.0308092,463.9107897051468,543.841543687777,-258.02759518160184,-77.80074037421623,-3.089933766468328,-0.668025533032488,0.17499593098958333,1.0101765950520833,0.17499593098958333,1.0101765950520833,0,idle,449.1088076357992,520.7679531673947,464.76285912242633,541.0313655143393
1791245898.04737,460.76452384644426,543.1660921199273,-258.11498693241145,-77.88345035155565,-3.1462658587025123,-0.6754515678496442,0.17499593098958333,1.0101765950520833,0.17499593098958333,1.0101765950520833,0,idle,476.2591076048001,536.0807001095917,462.3487189807776,540.1421532546448
1791245898.0644522,457.5629677997391,542.4836875453716,-258.2037249436995,-77.96759369653797,-3.201556046705141,-0.682404574555676,0.17499593098958333,1.0101765950520833,0.17499593098958333,1.0101765950520833,0,idle,466.2903808940201,568.2560735683489,459.5043238320699,540.8995649245021
1791245898.081495,454.3071460675581,541.7947969122928,-258.29378251420906,-78.05314271094635,-3.2558217321809884,-0.6888906330788372,0.17499593098958333,1.0101765950520833,0.17499593098958333,1.0101765950520833,0,idle,460.8859727740854,528.2405708768761,456.48037563359867,539.612169120696
1791245898.098845,450.99806568609114,541.0998809414658,-258.3851334431211,-78.14007012423161,-3.309080381466952,-0.6949159708269379,0.17499593098958333,1.0101765950520833,0.17499593098958333,1.0101765950520833,0,idle,463.8841334636573,545.1372958433456,453.70693716270796,539.2282552845428
1791245898.115861,447.6367162283326,540.3993940061896,-258.4777520250823,-78.22834910186549,-3.361349457758531,-0.700486935276226,0.17499593098958333,1.0101765950520833,0.17499593098958333,1.0101765950520833,0,idle,426.46046421793807,534.3951882717257,449.15133153059884,538.3211393453895
1791245898.132694,444.2240698635685,539.693784036195,-258.571613044577,-78.31795325126846,-3.4126463647641083,-0.7056099699946629,0.17499593098958333,1.0101765950520833,0.17499593098958333,1.0101765950520833,0,idle,410.980815562317,557.0804859369895,444.00079168565884,538.5887772034746
1791245898.1494348,440.7610814634868,538.9834924425517,-258.6666917697702,-78.40885662565518,-3.4629884000817386,-0.7102915936433327,0.17499593098958333,1.0101765950520833,0.17499593098958333,1.0101765950520833,0,idle,438.9802232215391,519.5366108256987,440.45992428237525,536.9613918706247
1791245898.166942,437.2486887466487,538.2689540609895,-258.7629639459275,-78.5010337260968,-3.512392716838056,-0.7145383815622058,0.17499593098958333,1.0101765950520833,0.17499593098958333,1.0101765950520833,0,idle,427.4924278278964,549.2813413313735,436.4747763786552,536.898577881178
1791245898.183809,433.6878124543087,537.5505971113888,-258.8604057885034,-78.59445950206151,-3.5608762923400157,-0.718356949600607,0.17499593098958333,1.0101765950520833,0.17499593098958333,1.0101765950520833,0,idle,428.31930225734897,549.795289126803,432.68417019486685,536.8609743413386
1791245898.200292,430.079356551637,536.8288431714893,-258.9589939759728,-78.68910935066052,-3.6084559026717447,-0.7217539398995225,0.17499593098958333,1.0101765950520833,0.17499593098958333,1.0101765950520833,0,idle,443.7135508043701,535.5115358956625,429.80760611780386,536.1078361761504
1791245898.217369,426.4242084493122,536.104107163116,-259.0587056424712,-78.78495911479699,-3.6551481023247914,-0.7247360083732444,0.17499593098958333,1.0101765950520833,0.17499593098958333,1.0101765950520833,0,idle,423.6987543182402,537.8467156723937,426.0297728306171,535.5062809430079
1791245898.234325,422.72323924122827,535.3767973494433,-259.1595183702966,-78.8819850803896,-3.70096920808389,-0.7273098136726807,0.17499593098958333,1.0101765950520833,0.17499593098958333,1.0101765950520833,0,idle,413.4896237960057,546.3728836921766,421.8868446312068,535.3586667574773
1791245898.251193,418.9773039547232,534.6473153420008,-259.26141018231954,-78.98016397281856,-3.7459352865050524,-0.729482007442635,0.17499593098958333,1.0101765950520833,0.17499593098958333,1.0101765950520833,0,idle,409.3373809673055,541.1770841947734,417.7007329258319,534.9565797222716
1791245898.268092,415.18724181030217,533.9160561162896,-259.3643595343387,-79.07947295272282,-3.790062144421004,-0.7312592257111519,0.17499593098958333,1.0101765950520833,0.17499593098958333,1.0101765950520833,0,idle,414.4545741622005,512.0383693461395,413.9378659504504,533.1159729390395
1791245898.285953,411.3538764883092,533.1834080350184,-259.4683453074145,-79.17988961125927,-3.8333653219929635,-0.7326480812712072,0.17499593098958333,1.0101765950520833,0.17499593098958333,1.0101765950520833,0,idle,414.703225860845,533.3359495264273,410.3344368900768,532.4309560912012
1791245898.30267,407.4780164004096,532.4497528780843,-259.5733468002071,-79.28139196491918,-3.87586008789956,-0.7336551569340958,0.17499593098958333,1.0101765950520833,0.17499593098958333,1.0101765950520833,0,idle,407.2780618480098,525.6446851138908,406.49955105446884,531.3946701432483
1791245898.3199081,403.5604549640946,531.715465878534,-259.6793437213414,-79.3839584499844,-3.9175614363149878,-0.7342869995502246,0.17499593098958333,1.0101765950520833,0.17499593098958333,1.0101765950520833,0,idle,411.9291936495456,516.0852019311317,403.04934981972343,529.9316240830697
1791245898.336766,399.6019708787138,530.9809157638269,-259.78631618181686,-79.48756791669365,-3.9584840853808303,-0.734550114707104,0.17499593098958333,1.0101765950520833,0.17499593098958333,1.0101765950520833,0,idle,387.95073998105545,511.09518604723297,398.53385944667826,528.2919795723061
1791245898.3535318,395.6033284017932,530.2464648018006,-259.89424468747796,-79.59219962317991,-3.9986424769206224,-0.73445096202638,0.17499593098958333,1.0101765950520833,0.17499593098958333,1.0101765950520833,0,idle,383.638381652988,534.4477245286267,393.99037520391914,527.9020384061971
1791245898.370477,391.56527762460894,529.5124688508084,-260.0031101315577,-79.6978332292308,-4.038050777184272,-0.7339959509921367,0.17499593098958333,1.0101765950520833,0.17499593098958333,1.0101765950520833,0,idle,396.32331323176254,510.9447302698931,390.2708738669863,526.3568768459394
1791245898.387313,387.48855474616704,528.7792774135569,-260.1128937873039,-79.80444878991607,-4.076722878441893,-0.7331914372515864,0.17499593098958333,1.0101765950520833,0.17499593098958333,1.0101765950520833,0,idle,382.03186554206144,528.8351177180278,385.9860367162202,525.7842570241548
1791245898.404139,383.3738823448928,528.0472336942199,-260.2235773006969,-79.91202674912066,-4.114672401274222,-0.7320437193369216,0.17499593098958333,1.0101765950520833,0.17499593098958333,1.0101765950520833,0,idle,380.405179181432,543.3927615324972,381.7980550582703,525.9692407162019
1791245898.4211578,379.2219696474625,527.3166746584562,-260.3351426832654,-80.02054793301535,-4.1519126974303,-0.7305590357636564,0.17499593098958333,1.0101765950520833,0.17499593098958333,1.0101765950520833,0,idle,374.4351178140774,543.4758450275145,377.4855911335018,526.150539847792
1791245898.438925,375.0335127943194,526.5879310959898,-260.4475723050054,-80.12999354349266,-4.188456853143105,-0.7287435624664426,0.17499593098958333,1.0101765950520833,0.17499593098958333,1.0101765950520833,0,idle,345.7384404671269,530.3540044742354,371.9191995896971,525.668406694771
1791245898.4557571,370.8091951015085,525.8613276854516,-260.5608488874059,-80.24034515159119,-4.224317692810872,-0.7266034105382062,0.17499593098958333,1.0101765950520833,0.17499593098958333,1.0101765950520833,0,idle,381.79863565188964,533.1527683700854,368.4000695846364,525.3523515385253
1791245898.472667,366.5496873185423,525.1371830612089,-260.67495549658526,-80.35158469092829,-4.2595077829662555,-0.7241446242426048,0.17499593098958333,1.0101765950520833,0.17499593098958333,1.0101765950520833,0,idle,361.3377482037584,517.9681829548797,364.0004211217746,524.2952057163126
1791245898.489834,362.2556478820744,524.4158098819355,-260.78987553653985,-80.46369445115776,-4.294039436467848,-0.7213731792734424,0.17499593098958333,1.0101765950520833,0.17499593098958333,1.0101765950520833,0,idle,361.5770698482412,527.3959528275732,359.7999160934535,523.7649385515658
1791245898.506631,357.92772316521547,523.6975149006977,-260.9055927425062,-80.57665707146616,-4.32792471685897,-0.7182949812377627,0.17499593098958333,1.0101765950520833,0.17499593098958333,1.0101765950520833,0,idle,367.5105011547046,507.01161490141374,356.07391686550005,522.2448921368823
1791245898.5237381,353.5665477223679,522.9825990363556,-261.0220911744383,-80.69045553412012,-4.361175442847561,-0.7149158643420178,0.17499593098958333,1.0101765950520833,0.17499593098958333,1.0101765950520833,0,idle,339.63385548445524,519.6226886029749,351.1087971257426,521.434611889062
1791245898.5408268,349.17274452949937,522.2713574460926,-261.1393552106,-80.80507315807375,-4.393803192868498,-0.711241590263048,0.17499593098958333,1.0101765950520833,0.17499593098958333,1.0101765950520833,0,idle,346.57172375443065,522.5946376647945,346.7078304239519,520.8169336670987
1791245898.557375,344.7469252198033,521.564079598905,-261.25736954127234,-80.92049359264459,-4.425819309696087,-0.7072778471876088,0.17499593098958333,1.0101765950520833,0.17499593098958333,1.0101765950520833,0,idle,362.3470771794261,531.1307621357564,343.2852644175144,520.6607111357034
1791245898.5749178,340.28969031472343,520.8610493498991,-261.3761191625759,-81.03670081126448,-4.4572349050798685,-0.7030302490059134,0.17499593098958333,1.0101765950520833,0.17499593098958333,1.0101765950520833,0,idle,339.1293975333677,505.6259660573438,338.8430979134812,519.2410951452298
1791245898.591361,335.8016294503419,520.1625450152529,-261.4955893704072,-81.153679105311,-4.4880608643814845,-0.6985043346461889,0.17499593098958333,1.0101765950520833,0.17499593098958333,1.0101765950520833,0,idle,341.0767549420302,529.4867733380877,334.6911229437462,519.0897999369588
1791245898.6087732,331.28332159914765,519.4688394477143,-261.6157657544885,-81.27141307802356,-4.51830785119424,-0.6937055675385517,0.17499593098958333,1.0101765950520833,0.17499593098958333,1.0101765950520833,0,idle,334.5796730863518,511.7616404343845,330.3931579922419,518.0643716726685
1791245898.625203,326.73533528721737,518.7802001125167,-261.7366341925297,-81.38988763850767,-4.547986311930272,-0.6886393351976648,0.17499593098958333,1.0101765950520833,0.17499593098958333,1.0101765950520833,0,idle,332.17765238587356,530.3675699461712,326.16179571558973,518.0253242179058
1791245898.6426399,322.1582288068543,518.0968891636021,-261.85818084450125,-81.50908799583009,-4.577106480363033,-0.683310948914648,0.17499593098958333,1.0101765950520833,0.17499593098958333,1.0101765950520833,0,idle,334.1180225081308,498.25598079835305,322.2113558988719,516.3877116454593
1791245898.659101,317.5525504247392,517.4191635200525,-261.9803921470167,-81.62899965320663,-4.605678382115138,-0.6777256435495881,0.17499593098958333,1.0101765950520833,0.17499593098958333,1.0101765950520833,0,idle,320.9245914680694,514.2129826618019,317.7716232143224,515.6351358349043
1791245898.676579,312.9188385856556,516.7472749426357,-262.10325480782353,-81.74960840228448,-4.633711839083613,-0.6718885774167845,0.17499593098958333,1.0101765950520833,0.17499593098958333,1.0101765950520833,0,idle,311.3483439946356,504.0483141518594,313.04843300620865,514.4175006022061
1791245898.693067,308.25762211185935,516.0814701103802,-262.2267558004005,-81.87090031751934,-4.661216473796237,-0.6658048322555481,0.17499593098958333,1.0101765950520833,0.17499593098958333,1.0101765950520833,0,idle,319.26923262488384,506.07094187372525,308.931317337036,513.3676580751394
1791245898.710628,303.5694203981652,515.4219906971002,-262.35088235866016,-81.99286175064874,-4.688201713694105,-0.659479413279966,0.17499593098958333,1.0101765950520833,0.17499593098958333,1.0101765950520833,0,idle,308.6270492227771,511.47645843717225,304.46231230331364,512.646592650625
1791245898.7274072,298.85474360282853,514.7690734477986,-262.4756219717546,-82.11547932526095,-4.714676795336683,-0.6529172493016079,0.17499593098958333,1.0101765950520833,0.17499593098958333,1.0101765950520833,0,idle,292.76419014065436,502.764360519131,299.3984632396108,511.53220965721385
1791245898.744871,294.11409283430186,514.122950254879,-262.60096237898296,-82.23873993145997,-4.740650768526651,-0.6461231929196141,0.17499593098958333,1.0101765950520833,0.17499593098958333,1.0101765950520833,0,idle,289.4874503457244,510.0902442669439,294.3992943648161,510.84629435442673
1791245898.761444,289.34796033394923,513.483848234106,-262.7268915647991,-82.362630720626,-4.766132500352635,-0.6391020207730336,0.17499593098958333,1.0101765950520833,0.17499593098958333,1.0101765950520833,0,idle,268.0163422548292,522.4938433266443,288.5523208839818,510.82152488330325
1791245898.777161,284.5568296548006,512.8519898002553,-262.8533977539172,-82.48713910027091,-4.7911306791486235,-0.6318584338506695,0.17499593098958333,1.0101765950520833,0.17499593098958333,1.0101765950520833,0,idle,274.2832217586862,507.131037048776,283.2872917825258,510.0367349794188
1791245898.794027,279.7411758364311,512.2275927424013,-262.9804694065144,-82.61225272898803,-4.815653818369452,-0.6243970578540443,0.17499593098958333,1.0101765950520833,0.17499593098958333,1.0101765950520833,0,idle,270.6797308768925,506.4126359778224,278.0820426097932,509.2623528243776
1791245898.810119,274.9014655760489,511.6108702987919,-263.1080952135277,-82.73795951149543,-4.839710260382196,-0.6167224436093918,0.17499593098958333,1.0101765950520833,0.17499593098958333,1.0101765950520833,0,idle,257.79030942362147,522.4264696042223,272.46973120312146,509.334672341941
1791245898.856996,270.0381573958752,511.00203123126704,-263.23626409204445,-82.86424759377172,-4.863308180173719,-0.6088390675248804,0.17499593098958333,1.0101765950520833,0.17499593098958333,1.0101765950520833,0,idle,275.8413609482403,514.5994384939801,268.01816991921237,509.0195135353943
1791245898.857941,265.1517018069003,510.4012798991775,-263.3649651807839,-82.99110535828315,-4.886455588974938,-0.6007513320895322,0.17499593098958333,1.0101765950520833,0.17499593098958333,1.0101765950520833,0,idle,239.2037485034704,524.7401825147732,261.9353160388991,509.2348332188782
1791245898.875086,260.24254146909766,509.808816332767,-263.49418783566847,-83.1185214193011,-4.909160337802639,-0.5924635664105209,0.17499593098958333,1.0101765950520833,0.17499593098958333,1.0101765950520833,0,idle,277.6443878235451,503.44975245245575,258.0570673072189,508.3827387924671
1791245898.892829,255.31111134817777,509.2248363059812,-263.62392162548315,-83.24648461830864,-4.931430120919871,-0.5839800267857715,0.17499593098958333,1.0101765950520833,0.17499593098958333,1.0101765950520833,0,idle,274.4988382062716,511.6321068628601,254.19429723729766,507.9904261705403
1791245898.909386,250.35783886896164,508.64953140867226,-263.75415632762105,-83.37498401949485,-4.953272479216134,-0.5753048973089511,0.17499593098958333,1.0101765950520833,0.17499593098958333,1.0101765950520833,0,idle,271.95139334602464,542.1857251214885,250.3765431874787,509.15365146564415
1791245898.9263492,245.38314406545294,508.0830891181681,-263.8848819239136,-83.50400890533565,-4.974694803508701,-0.5664422905041582,0.17499593098958333,1.0101765950520833,0.17499593098958333,1.0101765950520833,0,idle,246.70017216812235,531.5219459145547,245.4667645731776,509.7339460121107
1791245898.943368,240.3874397276864,507.52569287018036,-264.01608859654397,-83.63354877225991,-4.995704337766526,-0.5573962479877632,0.17499593098958333,1.0101765950520833,0.17499593098958333,1.0101765950520833,0,idle,233.81035689257513,507.1132208027458,240.1380250682693,509.0733833160541
1791245898.961029,235.37113154542814,506.9775221290254,-264.1477667240417,-83.76359332639922,-5.016308182258253,-0.548170741155001,0.17499593098958333,1.0101765950520833,0.17499593098958333,1.0101765950520833,0,idle,227.17263823829228,499.188505873237,234.7242629536251,508.058377239816
1791245898.9772139,230.33461824880223,506.4387524571363,-264.2799068773573,-83.89413247942016,-5.0365132966259125,-0.5387696718890904,0.17499593098958333,1.0101765950520833,0.17499593098958333,1.0101765950520833,0,idle,235.5835960405539,490.43260657860344,229.98254197617692,506.66525751846075
1791245898.994262,225.2782917459163,505.90955558384553,-264.4124998160151,-84.02515634443783,-5.056326502885929,-0.5291968732907688,0.17499593098958333,1.0101765950520833,0.17499593098958333,1.0101765950520833,0,idle,232.40604230471791,487.10727609292525,225.30020681486235,505.18462141755776
1791245899.011147,220.20253725755722,505.3900994734193,-264.54553648434285,-84.15665523200875,-5.075754488359083,-0.5194561104262516,0.17499593098958333,1.0101765950520833,0.17499593098958333,1.0101765950520833,0,idle,213.7142142408077,500.74202723008307,219.8989404222185,504.46900840327913
1791245899.0280268,215.10773344902614,504.8805483923275,-264.67900800777653,-84.28861964620225,-5.094803808531093,-0.5095510810917657,0.17499593098958333,1.0101765950520833,0.17499593098958333,1.0101765950520833,0,idle,234.80560799155688,508.21448039320546,215.80421018258087,504.1722084757383
1791245899.045999,209.99425255918067,504.3810629757346,-264.812905689239,-84.42104028074877,-5.11348088984547,-0.4994854165928947,0.17499593098958333,1.0101765950520833,0.17499593098958333,1.0101765950520833,0,idle,220.84083860865636,492.21245495239395,211.19823475853144,503.0997096538078
1791245899.0620968,204.86246052675037,503.89180029319755,-264.94722100559096,-84.55390801526367,-5.131792032430306,-0.48926268253708105,0.17499593098958333,1.0101765950520833,0.17499593098958333,1.0101765950520833,0,idle,231.45224308616616,516.9652621110489,207.3357327441044,503.32818772825965
1791245899.079096,199.71271711398973,503.4129139135598,-265.0819456041526,-84.6872139115452,-5.149743412760643,-0.47888637963774283,0.17499593098958333,1.0101765950520833,0.17499593098958333,1.0101765950520833,0,idle,208.6740863239356,519.3191919822441,202.51039418097335,503.672795880303
1791245899.096144,194.5453760277317,502.9445539690313,-265.2170712992952,-84.82094920994531,-5.16734108625804,-0.4683599445285352,0.17499593098958333,1.0101765950520833,0.17499593098958333,1.0101765950520833,0,idle,176.16456687068847,505.9756327450684,196.28412878351398,503.3429957762392
1791245899.113303,189.36078503790276,502.4868672184449,-265.3525900691,-84.95510532581193,-5.184590989828947,-0.4576867505863718,0.17499593098958333,1.0101765950520833,0.17499593098958333,1.0101765950520833,0,steering,193.8528729100278,500.4090820066218,191.2372045495022,502.7614976747013
1791245899.130385,184.16783357209613,502.0375572693302,-265.35258314069614,-85.05491045635334,-5.192951465806617,-0.44930994911467914,0.17499593098958333,1.0101765950520833,-1.0,0.0,1,steering,165.66194194197405,486.56831243739623,185.02513752660948,501.5249939611771
1791245899.14734,178.97927771292387,501.5931274888838,-265.2527567758401,-85.10423545048647,-5.188555859172254,-0.44442978044638176,0.17499593098958333,1.0101765950520833,-1.0,0.0,1,steering,195.03784192068366,495.9422005185793,180.59664468009956,500.8236459976231
1791245899.1639612,173.8092627368556,501.1460866075782,-264.9174852103842,-85.05804032691778,-5.170014976068282,-0.44704088130559777,0.17499593098958333,1.0101765950520833,-1.0,0.0,1,steering,196.38704313633207,488.4644594258783,176.47465037564632,499.7809978317955
1791245899.180873,168.67190975049613,500.6845999298495,-264.27941790597873,-84.86691687078492,-5.137352986359481,-0.46148667772863794,0.17499593098958333,1.0101765950520833,-1.0,0.0,1,steering,163.39169793728354,477.87682712314535,170.9400174166867,498.24737695252077
1791245899.197398,163.5806381198117,500.1933713832537,-263.31589357028287,-84.48890731747672,-5.091271630684425,-0.49122854659583814,0.17499593098958333,1.0101765950520833,-1.0,0.0,1,steering,174.83570558549147,481.8046280812105,166.29809377597672,496.9585723896892
1791245899.214615,158.54795705667954,499.6549959181749,-262.0321377215157,-83.89395533642633,-5.032681063132159,-0.5383754650787946,0.17499593098958333,1.0101765950520833,-1.0,0.0,1,steering,117.95180999973527,477.0462172513657,159.09973257718912,495.4514979409482
1791245899.231442,153.58551609812227,499.05135154288376,-260.4497376633109,-83.06446488874627,-4.962440958557265,-0.603644375291115,0.17499593098958333,1.0101765950520833,-1.0,0.0,1,steering,155.40793472141718,504.3288920779808,154.2008237737711,495.32190549127324
1791245899.248524,148.70426321964518,498.3648159093518,-258.59896304909626,-81.99401137263902,-4.881252878477078,-0.6865356335319645,0.17499593098958333,1.0101765950520833,-1.0,0.0,1,steering,150.35147177807897,519.1763130122264,149.37116593943327,495.86241701546555
1791245899.264491,143.91461394630122,497.5792220945272,-256.51378106482474,-80.68533713487498,-4.789649273343972,-0.7855938148245888,0.17499593098958333,1.0101765950520833,-1.0,0.0,1,steering,145.48705949559712,508.77630944792463,144.6267938075647,495.76179751300515
1791245899.281657,139.2265790785016,496.680540266224,-254.22871567445645,-79.14822360974053,-4.688034867799621,-0.8986818283032172,0.17499593098958333,1.0101765950520833,-1.0,0.0,1,steering,154.60271189905137,492.9536437980686,140.6719565877294,494.76764209037026
1791245899.298785,134.64983053095256,495.657308186306,-251.77694944372655,-77.39752508747769,-4.576748547549032,-1.0232320799179904,0.17499593098958333,1.0101765950520833,-1.0,0.0,1,steering,135.16076505796252,493.0343659820461,136.04848589106945,493.708907809032
1791245899.315756,130.19370521364047,494.5008489431911,-249.18925204521534,-75.45147990303862,-4.456125317312086,-1.156459243114934,0.17499593098958333,1.0101765950520833,-1.0,0.0,1,steering,131.0338434686034,494.77669856616836,131.56443471849965,492.66366106592966
1791245899.332752,125.86715816070371,493.2053183298988,-246.49345097923086,-73.33032592866347,-4.326547052936756,-1.2955306132923226,0.17499593098958333,1.0101765950520833,-1.0,0.0,1,steering,146.1785319003311,484.14020126899663,128.1849198773013,491.00673399345527
1791245899.349335,121.67868082506224,491.76762247039966,-243.71425098832313,-71.05520419005433,-4.188477335641465,-1.437695859499138,0.17499593098958333,1.0101765950520833,-1.0,0.0,1,steering,120.01455476617947,512.5630842196745,123.79734815288582,490.7187404382421
1791245899.367069,117.63620091558158,490.1872418001074,-240.8732710444257,-68.64731666629108,-4.042479909480663,-1.5803806702922227,0.17499593098958333,1.0101765950520833,-1.0,0.0,1,steering,141.6431755387142,490.3317411215931,120.84928360817061,489.198028835632
1791245899.383383,113.74697817785112,488.4659920388659,-237.98921056576035,-66.12729972767653,-3.889222737730462,-1.7212497612415198,0.17499593098958333,1.0101765950520833,-1.0,0.0,1,steering,102.09028163713309,478.59584779374086,116.2165719087748,487.032732510358
1791245899.400322,110.01750741353803,486.6077472504397,-235.0780859019424,-63.514776224456675,-3.7294707643130924,-1.8582447884262605,0.17499593098958333,1.0101765950520833,-1.0,0.0,1,steering,116.60003768204834,503.4934459032186,112.69274797134103,486.0904356309961
1791245899.417268,106.45343665525672,484.6181449046706,-232.15349833757935,-60.82805316291773,-3.564070758281309,-1.9896023457690861,0.17499593098958333,1.0101765950520833,-1.0,0.0,1,steering,98.64140144062046,480.33827749284626,108.60431342443776,483.912705495608
1791245899.434626,103.05950527501035,482.50428824797046,-229.22690875891462,-58.08393631763999,-3.3939313802463724,-2.1138566567001633,0.17499593098958333,1.0101765950520833,-1.0,0.0,1,steering,96.08003949045073,467.57016695476,104.75386491650436,481.0874147447005
1791245899.451602,99.8395041651373,480.2744573159767,-226.3079036391257,-55.29763725098304,-3.2200011098730466,-2.229830931993747,0.17499593098958333,1.0101765950520833,-1.0,0.0,1,steering,116.11638143068163,503.2448023274646,102.26298968783382,480.0769447384446
1791245899.4686232,96.79625808419904,477.93783659080196,-223.40444345240263,-52.482751831931026,-3.043246080938265,-2.336620725174721,0.17499593098958333,1.0101765950520833,-1.0,0.0,1,steering,118.20119167543413,500.5849761412153,100.16881601032249,478.8825566196671
1791245899.485492,93.93162879581934,475.5042645786601,-220.52308894587168,-49.651292500711214,-2.8646292883797058,-2.4335720121418545,0.17499593098958333,1.0101765950520833,-1.0,0.0,1,steering,86.14604742236708,483.18714659000494,96.746279756964,476.7858927066493
1791245899.502395,91.24653667887645,472.98400840619826,-217.66920352775298,-46.81375931594063,-2.6850921169428767,-2.520256172461843,0.17499593098958333,1.0101765950520833,-1.0,0.0,1,steering,82.38136482762928,475.9715329999293,93.47719649940153,474.3509313574745
1791245899.519249,88.74099796054018,470.3875648405078,-214.84713182605933,-43.97923733620947,-2.5055387183362634,-2.596443565690421,0.17499593098958333,1.0101765950520833,-1.0,0.0,1,steering,77.35241874167127,463.95691430859216,90.29069582909557,471.36460911762447
1791245899.5362072,86.41417452265607,467.7254878603956,-212.06035555784058,-41.155510177143434,-2.3268234378841215,-2.662076980112223,0.17499593098958333,1.0101765950520833,-1.0,0.0,1,steering,86.46794552100887,471.3317626477631,87.88907604770132,468.8339936630248
1791245899.55356,84.26443326715714,465.00824197819145,-209.31162845324366,-38.349181661419195,-2.149741255498928,-2.717245882204149,0.17499593098958333,1.0101765950520833,-1.0,0.0,1,steering,90.979513054742,472.0740041319654,86.00134370532938,466.41461059837786
1791245899.5700102,82.28941222060233,462.24607986937383,-206.60309226279458,-35.56579933506625,-1.97502104655481,-2.762162108817607,0.17499593098958333,1.0101765950520833,-1.0,0.0,1,steering,94.6973646375137,461.32742978227554,84.55987475771151,463.536197554196
1791245899.586914,80.48609084947046,459.44894245471113,-203.93637595323216,-32.80997524469478,-1.8033213711318785,-2.797137414662716,0.17499593098958333,1.0101765950520833,-1.0,0.0,1,steering,76.77923877153162,459.23095822854924,82.45768765582724,460.6636550439841
1791245899.603606,78.85086239881808,456.6263793463858,-201.31268014517417,-30.0855007477135,-1.6352284506523835,-2.822563108325318,0.17499593098958333,1.0101765950520833,-1.0,0.0,1,steering,79.46607395735428,455.51675325316927,80.75463994278384,457.7248750015343
1791245899.620437,77.37960642257413,453.7874874727909,-198.73284871836856,-27.395453261863747,-1.4712559762439494,-2.8388918735949304,0.17499593098958333,1.0101765950520833,-1.0,0.0,1,steering,68.98137491404745,454.1034293160169,78.76828351391526,454.84685543734327
1791245899.637299,76.06776002013112,450.94086570047926,-196.19742934320973,-24.742293763251972,-1.311846402443004,-2.8466217723115994,0.17499593098958333,1.0101765950520833,-1.0,0.0,1,idle,99.37605976388521,457.76166497504374,78.5524182440929,452.2883052305323
1791245899.653739,74.89998899815363,448.0964514872377,-194.53107141012242,-22.320545939635323,-1.1677710219774888,-2.8444142132415844,0.17499593098958333,1.0101765950520833,0.17499593098958333,1.0101765950520833,0,idle,83.23441421163446,429.5755218752408,77.67713557159136,448.4504725601882
1791245899.67052,73.85665294125927,445.2622566529351,-193.44127295112116,-20.209888544592932,-1.0433360568943606,-2.834194834302593,0.17499593098958333,1.0101765950520833,0.17499593098958333,1.0101765950520833,0,idle,77.34616561734543,450.73465971994705,76.66941781982942,445.8721968255887
1791245899.687283,72.91744786477726,442.44332937296525,-192.7365966904784,-18.42694807135635,-0.9392050764820152,-2.8189272799698317,0.17499593098958333,1.0101765950520833,0.17499593098958333,1.0101765950520833,0,idle,96.66656159359684,439.95353265800276,76.77703018585989,442.89828270123803
1791245899.704232,72.06330778444276,439.6417465830657,-192.28898681440936,-16.95529407537238,-0.8541400803345015,-2.8015827898995482,0.17499593098958333,1.0101765950520833,0.17499593098958333,1.0101765950520833,0,idle,59.80787459585329,422.764066072857,75.11713933004178,439.2300682194144
1791245899.721039,71.27726797793693,436.85704295114056,-192.01193511796342,-15.762809972869048,-0.7860398065058285,-2.784703631925138,0.17499593098958333,1.0101765950520833,0.17499593098958333,1.0101765950520833,0,idle,72.38974266443246,443.19918748418746,74.23403168058078,436.7830557323242
1791245899.738166,70.5447355821402,434.0867803278548,-191.84675549574175,-14.811549579676631,-0.7325323957967289,-2.7702626232857823,0.17499593098958333,1.0101765950520833,0.17499593098958333,1.0101765950520833,0,idle,84.72338260397164,442.10209343906973,74.06259345074344,434.41725812554
1791245899.755987,69.85344195520827,431.3271142975644,-191.7535885015,-14.063150000096293,-0.6912936269319336,-2.7596660302904326,0.17499593098958333,1.0101765950520833,0.17499593098958333,1.0101765950520833,0,idle,75.82567740409993,432.20930602514494,73.49401870282593,431.68517779174437
1791245899.772186,69.19324042936972,428.57329406843974,-191.70538668701678,-13.48165994271924,-0.6602015258385505,-2.75382022912466,0.17499593098958333,1.0101765950520833,0.17499593098958333,1.0101765950520833,0,idle,47.89800183523973,431.9747738952879,71.5870264099,429.08352837925315
1791245899.7891421,68.55584339932007,425.82007335555716,-191.68385325022217,-13.034885533143237,-0.6373970300496586,-2.753220712882573,0.17499593098958333,1.0101765950520833,0.17499593098958333,1.0101765950520833,0,idle,80.2118693799161,429.6220661117879,71.41274137985364,426.49489558864144
1791245899.8061361,67.93455006856114,423.06203086848427,-191.67668403295545,-12.694891568397049,-0.6212933307589377,-2.7580424870728617,0.17499593098958333,1.0101765950520833,0.17499593098958333,1.0101765950520833,0,idle,71.51416374611945,406.59651952736726,70.82758383394595,422.8798364228585
1791245899.823137,67.32399083265693,420.293808883541,-191.67568651261112,-12.438023159787894,-0.6105592359042055,-2.7682219849433096,0.17499593098958333,1.0101765950520833,0.17499593098958333,1.0101765950520833,0,idle,63.586262520980405,409.94034509974676,69.88548649418868,419.6030509710068
1791245899.840053,66.71989487500748,417.5102832488394,-191.6758813008824,-12.244757298312472,-0.6040959576494487,-2.783525634701567,0.17499593098958333,1.0101765950520833,0.17499593098958333,1.0101765950520833,0,idle,70.56673703709907,410.5588155036964,69.34565786156723,416.5064898446748
1791245899.8572228,66.11883412457367,414.7066882528025,-191.6787043737552,-12.100431062198076,-0.6010607504338142,-2.803594996036926,0.17499593098958333,1.0101765950520833,0.17499593098958333,1.0101765950520833,0,idle,70.80506623844778,417.2407355769885,68.84762056749913,413.8797868850554
1791245899.874225,65.51801774940319,411.87869304216287,-191.686260055788,-11.994328713108583,-0.6008163751704871,-2.8279952106396298,0.17499593098958333,1.0101765950520833,0.17499593098958333,1.0101765950520833,0,idle,55.42628210810616,423.19565866980423,67.60577808811753,411.6589850241852
1791245899.890742,64.91514412272402,409.0224382072661,-191.69974930946833,-11.918558783374113,-0.6028736266791719,-2.8562548348967955,0.17499593098958333,1.0101765950520833,0.17499593098958333,1.0101765950520833,0,idle,85.67722996382112,386.1671144659657,67.9366207365575,407.6709494031223
1791245899.9067688,64.30829299576531,406.1345442473483,-191.7197636607864,-11.867254214698121,-0.6068511269586988,-2.887893959917786,0.17499593098958333,1.0101765950520833,0.17499593098958333,1.0101765950520833,0,idle,80.33093594697651,421.50786488752135,67.97982792646768,405.6192959154203
1791245899.923928,63.69584600097345,403.21210079886333,-191.74648953606084,-11.836002489225699,-0.6124469947918638,-2.9224434484849775,0.17499593098958333,1.0101765950520833,0.17499593098958333,1.0101765950520833,0,idle,43.379585227883695,420.231234144793,66.1679911464862,403.57357155082826
1791245899.940196,63.07642727057321,400.2526432800845,-191.779850254386,-11.821439917378347,-0.6194187304002319,-2.9594575187788386,0.17499593098958333,1.0101765950520833,0.17499593098958333,1.0101765950520833,0,idle,61.37584812531326,408.1971097115169,65.33993620154735,400.9932638160228
1791245899.957607,62.44885845624236,397.25412186449506,-191.81960443668888,-11.820963115476221,-0.6275688143308489,-2.998521415589409,0.17499593098958333,1.0101765950520833,0.17499593098958333,1.0101765950520833,0,idle,54.56502774368812,377.5456511200323,64.20500040504008,396.97228783641333
1791245899.9745312,61.81212415293108,394.21486634935644,-191.86541383611086,-11.832524005124649,-0.6367343033112883,-3.039255515138617,0.17499593098958333,1.0101765950520833,0.17499593098958333,1.0101765950520833,0,idle,62.26200128935563,394.08148257018615,63.50295286111014,393.9404548337203
1791245899.9912262,61.16534491510543,391.13354945498696,-191.91688966281725,-11.854484168018466,-0.6467792378256454,-3.0813168943694604,0.17499593098958333,1.0101765950520833,0.17499593098958333,1.0101765950520833,0,idle,73.0435057918678,381.86590061009514,63.36554023171366,390.409476072888
1791245900.008951,60.507755875735,388.0091503090739,-191.97362377136767,-11.885511236720257,-0.6575890393704266,-3.124399145913071,0.17499593098958333,1.0101765950520833,0.17499593098958333,1.0101765950520833,0,idle,49.44460628370433,405.93509818058146,62.04478394691129,388.2175779896553
1791245900.02525,59.83868955112113,384.840919285101,-192.03520920358585,-11.924504952883085,-0.6690663246138748,-3.1682310239729334,0.17499593098958333,1.0101765950520833,0.17499593098958333,1.0101765950520833,0,idle,79.86787450086034,364.0711870068468,62.30032546622556,384.0004389677406
1791245900.041773,59.157561815524204,381.6283449312497,-192.10125327013444,-11.970544101815666,-0.6811277355969247,-3.2125743538512577,0.17499593098958333,1.0101765950520833,0.17499593098958333,1.0101765950520833,0,idle,56.35846828024904,389.87819215371127,61.35616125810966,381.2423809908804
1791245900.0581372,58.46386031130031,378.37112341106075,-192.17138543273114,-12.022848107913573,-0.6937015042238931,-3.2572215201889696,0.17499593098958333,1.0101765950520833,0.17499593098958333,1.0101765950520833,0,idle,65.41600302059956,370.5293352074672,60.90013691722145,377.6123682575302
1791245900.075132,57.75713475914123,375.06913065200234,-192.24526159679513,-12.080748919826988,-0.7067255521590803,-3.3019927590583973,0.17499593098958333,1.0101765950520833,0.17499593098958333,1.0101765950520833,0,idle,62.80263926861141,388.3486201051552,60.32387276023982,375.012287728806
1791245900.092951,57.036988774026334,371.7223972410278,-192.32256596016182,-12.143670126582725,-0.7201459851148956,-3.3467334109745592,0.17499593098958333,1.0101765950520833,0.17499593098958333,1.0101765950520833,0,idle,56.98266276287514,372.59538352689464,59.472673574512434,371.7120457782846
1791245900.109865,56.30307289296168,368.33108600011406,-192.4030112317225,-12.21111117348236,-0.7339158810646551,-3.391311240913757,0.17499593098958333,1.0101765950520833,0.17499593098958333,1.0101765950520833,0,idle,50.164434913791105,346.31684411034524,58.310041554464945,367.2205400160196
1791245900.126894,55.555078592551986,364.8954721064013,-192.48633779593905,-12.28263519795266,-0.7479943004096904,-3.435613893712763,0.17499593098958333,1.0101765950520833,0.17499593098958333,1.0101765950520833,0,idle,58.82750176093056,348.5692284262224,57.625319979399016,363.02414123750265
1791245900.143857,54.79273312633845,361.41592558069226,-192.57231222827562,-12.357859460042905,-0.7623454662135383,-3.479546525709029,0.17499593098958333,1.0101765950520833,0.17499593098958333,1.0101765950520833,0,idle,68.92955142882234,348.6091656985383,57.46630335896732,358.9978232611308
1791245900.16084,54.015795049530155,357.8928959469411,-192.66072544375174,-12.436447657601502,-0.7769380768082893,-3.5230296337511566,0.17499593098958333,1.0101765950520833,0.17499593098958333,1.0101765950520833,0,idle,60.782473377294664,377.0898138911346,56.89402068691581,356.5555446405674
1791245900.177867,53.22405032639422,354.3268988580822,-192.75139067261662,-12.518103633808984,-0.7917447231359314,-3.565997088858926,0.17499593098958333,1.0101765950520833,0.17499593098958333,1.0101765950520833,0,idle,35.936344908808884,353.85258787487936,55.09397941103133,353.03269956786704
1791245900.1945238,52.417308936056216,350.7185044857193,-192.84414139397194,-12.602566134294845,-0.8067413903380041,-3.6083943723628846,0.17499593098958333,1.0101765950520833,0.17499593098958333,1.0101765950520833,0,idle,57.55069124372418,331.82986480639255,54.450410681844865,348.54458317604855
1791245900.211195,51.59540190784624,347.0683274795589,-192.93882931312012,-12.689604373460286,-0.8219070282099749,-3.650177006160364,0.17499593098958333,1.0101765950520833,0.17499593098958333,1.0101765950520833,0,idle,41.311936290139386,358.2548751123905,53.01267528546011,345.56242961701327
1791245900.2281442,50.75817872904989,343.37701831464915,-193.03532243649786,-12.77901423956764,-0.8372231787963492,-3.691309164909758,0.17499593098958333,1.0101765950520833,0.17499593098958333,1.0101765950520833,0,idle,44.04914858621117,351.63036550356486,51.76913693064113,342.3590827046766
1791245900.245177,49.905505077006545,339.64525585876925,-193.13350327564837,-12.870615015883713,-0.8526736520433454,-3.7317624558799194,0.17499593098958333,1.0101765950520833,0.17499593098958333,1.0101765950520833,0,idle,46.43133510017993,339.20988234799,50.692206869676895,338.6564483537564
1791245900.2631419,49.03726083465956,335.8737410074968,-193.23326719615545,-12.964246527770188,-0.8682442423469837,-3.7715148512724626,0.17499593098958333,1.0101765950520833,0.17499593098958333,1.0101765950520833,0,idle,71.25606598847571,329.5560212229723,50.8955677953872,334.61848788850835
1791245900.28019,48.15333835441339,332.063191249732,-193.334520916889,-13.059766647975591,-0.8839224802461705,-3.8105497577648295,0.17499593098958333,1.0101765950520833,0.17499593098958333,1.0101765950520833,0,idle,65.777021211773,319.9750293634451,50.79991410997263,330.2662926923786
1791245900.297339,47.25364093985233,328.21433604122956,-193.4371811578929,-13.157049107834384,-0.8996974145610627,-3.8488552085024215,0.17499593098958333,1.0101765950520833,0.17499593098958333,1.0101765950520833,0,idle,50.08459851980855,325.58050418102977,49.90943578663142,326.3755908187339
1791245900.314684,46.338851605825745,324.3310851723062,-193.5408433207763,-13.25566339740713,-0.9147893340265849,-3.8832508689233514,0.17499593098958333,0.6326436360677083,0.17499593098958333,0.6326436360677083,0,idle,49.10615875980227,337.81758037178514,49.00022206796471,323.25860197090924
1791245900.331862,45.41047364417998,320.42058866096073,-193.64501750312823,-13.355156540728808,-0.9283779616457625,-3.9104965113454733,0.17499593098958333,0.42994588216145835,0.17499593098958333,0.42994588216145835,0,idle,62.06797880763569,296.04380423457314,48.771650841384776,318.18289039831427
1791245900.348945,44.470986992294605,316.49375758849544,-193.7490774127805,-13.454988887543605,-0.939486651885373,-3.9268310724652995,0.17499593098958333,0.08467000325520833,0.17499593098958333,0.08467000325520833,0,idle,26.023226357809875,296.71068081231385,46.741717297914924,313.37879040017225
1791245900.365909,43.52337295052918,312.56321918916836,-193.85251459546933,-13.554777142211577,-0.9476140417654265,-3.9305383993271024,0.17499593098958333,0.010420735677083333,0.17499593098958333,0.010420735677083333,0,idle,50.62809016577013,301.8698399141773,46.03580260163053,309.06933139651176
1791245900.382866,42.57068519254855,308.6415377415388,-193.95496554765793,-13.654273847345296,-0.9526877579806251,-3.9216814476295925,0.17499593098958333,0.010420735677083333,0.17499593098958333,0.010420735677083333,0,idle,38.00121481815755,294.654630194696,44.72901984237529,304.62299896117287
1791245900.400033,41.61580979859629,304.7402576729099,-194.05617295407967,-13.75330109891886,-0.954875393952262,-3.901280068628906,0.17499593098958333,0.010420735677083333,0.17499593098958333,0.010420735677083333,0,idle,34.91255316708895,305.18154542873236,43.33106488435632,300.9447102193534
1791245900.415339,40.661344829299225,300.8694584464936,-194.15595725055874,-13.851716567632979,-0.954464969297065,-3.87079922641628,0.17499593098958333,0.010420735677083333,0.17499593098958333,0.010420735677083333,0,idle,33.7846335441201,311.67319320239983,41.9470015965123,297.80387510341023
1791245900.4325252,40,297.03761752917615,-194.2541957783028,-13.949397065802934,0.0,0.0,0.17499593098958333,0.010420735677083333,0.17499593098958333,0.010420735677083333,0,idle,39.104980605236165,290.2525257495842,41.804900546948495,297.42630763571896
1791245900.449258,40,297.03530488495306,-194.25444063733937,-14.254440637339366,0.0,0.0,0.17499593098958333,0.010420735677083333,0.17499593098958333,0.010420735677083333,0,idle,56.586499459780306,289.1293115987959,42.54398049259009,297.0114578338728
1791245900.466188,40,297.03363400081366,-194.25461769335877,-14.254617693358767,0.0,0.0,0.17499593098958333,0.010420735677083333,0.17499593098958333,0.010420735677083333,0,idle,46.843915164608596,308.5216271780856,42.758977226191014,297.5869663010834
1791245900.483051,40,297.0324267877082,-194.25474570563927,-14.254745705639268,0.0,0.0,0.17499593098958333,0.010420735677083333,0.17499593098958333,0.010420735677083333,0,idle,38.36460015441803,298.34365517679413,42.53925837260236,297.62480074486893
1791245900.501077,40,297.0315545765974,-194.25483824937496,-14.254838249374943,0.0,0.0,0.17499593098958333,0.010420735677083333,0.17499593098958333,0.010420735677083333,0,idle,35.90270853740364,281.7223483301683,42.20743088084242,296.8296781241339
1791245900.518262,40,297.0309244042568,-194.25490514592602,-14.254905145926013,0.0,0.0,0.17499593098958333,0.010420735677083333,0.17499593098958333,0.010420735677083333,0,idle,41.56430377980333,278.7781657632178,42.17527452579047,295.9271025060881
1791245900.53524,40,297.0304691048383,-194.25495349938623,-14.254953499386234,0.0,0.0,0.17499593098958333,0.010420735677083333,0.17499593098958333,0.010420735677083333,0,idle,29.638346634284442,293.6914086130218,41.54842813121517,295.8153178114348
1791245900.5513878,40,297.0301401510594,-194.25498844747742,-14.254988447477404,0.0,0.0,0.17499593098958333,0.010420735677083333,0.17499593098958333,0.010420735677083333,0,idle,53.51583096048566,289.99913237718437,42.146798272678694,295.52450853972226
1791245900.5683389,40,297.02986062883315,-194.25501815314416,-14.25501815314416,0.0,0.0,0.17499593098958333,0.051436360677083334,0.17499593098958333,0.051436360677083334,0,idle,37.870352138918186,290.2080657273304,41.93297596599067,295.25868639910266
1791245900.5855942,40,297.02944955337995,-194.25506185086067,-14.255061850860676,0.0,0.0,0.17499593098958333,0.23948567708333332,0.17499593098958333,0.23948567708333332,0,idle,20.782412755458587,293.05166105838083,40.87544780546407,295.14833513206656
1791245900.602654,40,297.02881318336114,-194.2551295127406,-14.255129512740602,0.0,0.0,0.17499593098958333,0.31565755208333335,0.17499593098958333,0.31565755208333335,0,idle,29.865825535201513,305.42433446271934,40.32496669195094,295.6621350985992
1791245900.6197,40,297.0278286737783,-194.2552342103965,-14.2552342103965,0.0,0.0,0.17499593098958333,0.39234822591145835,0.17499593098958333,0.39234822591145835,0,idle,58.258979627667,273.0523093516478,41.221667338736744,294.5316438112516
1791245900.636914,40,297.02625482492937,-194.25540160846316,-14.255401608463169,0.0,0.0,0.17499593098958333,0.5134724934895833,0.17499593098958333,0.5134724934895833,0,idle,25.18032982098942,290.8052067436597,40.419600462849374,294.34532195787205
1791245900.653808,40,297.02367135417984,-194.25567643018877,-14.255676430188771,0.0,0.0,0.17499593098958333,0.6756123860677083,0.17499593098958333,0.6756123860677083,0,idle,29.627240525527583,308.2546613652876,39.87998246598328,295.0407889282428
1791245900.670646,40,297.0193967688589,-194.25613120144592,-14.256131201445918,0.0,0.0,0.17499593098958333,0.8758382161458333,0.17499593098958333,0.8758382161458333,0,idle,42.48959753149398,286.91253307583634,40.01046321925882,294.6343761356225
1791245900.687707,40,297.0128112291501,-194.25683190572985,-14.25683190572985,0.0,0.0,0.17499593098958333,1.0101765950520833,0.17499593098958333,1.0101765950520833,0,idle,7.138627306162675,299.03033338050056,38.36687142360401,294.85417399786644
1791245900.703813,40,297.00387027916724,-194.2577833108262,-14.257783310826202,0.0,0.0,0.17499593098958333,1.0101765950520833,0.17499593098958333,1.0101765950520833,0,idle,39.08523168486229,292.23740947414433,38.40278943666692,294.72333577168035
1791245900.720734,40,296.99264467934375,-194.25897791699614,-14.258977916996148,0.0,0.0,0.17499593098958333,1.0101765950520833,0.17499593098958333,1.0101765950520833,0,idle,28.895423873834496,309.4487780638328,37.9274211585253,295.459607886288
1791245900.737601,40,296.9792730032947,-194.26040099992625,-14.26040099992624,0.0,0.0,0.17499593098958333,1.0101765950520833,0.17499593098958333,1.0101765950520833,0,idle,36.92213244327905,278.836906466539,37.87715672276298,294.62847281530054
1791245900.754518,40,296.9639297029256,-194.26203400959406,-14.262034009594052,0.0,0.0,0.17499593098958333,1.0101765950520833,0.17499593098958333,1.0101765950520833,0,idle,33.728653046908676,307.24784044784224,37.66973153897027,295.25944119692764
1791245900.771342,40,296.9468040025203,-194.2638568175426,-14.2638568175426,0.0,0.0,0.17499593098958333,1.0101765950520833,0.17499593098958333,1.0101765950520833,0,idle,49.653974320097255,279.8534861293243,38.268943678026616,294.48914344354745
1791245900.788258,40,296.9280863218945,-194.2658491631205,-14.26584916312049,0.0,0.0,0.17499593098958333,1.0101765950520833,0.17499593098958333,1.0101765950520833,0,idle,34.800316832714174,305.69681185571835,38.09551233576099,295.049526864156
1791245900.804333,40,296.9079598886011,-194.26799154742125,-14.267991547421236,0.0,0.0,0.17499593098958333,1.0101765950520833,0.17499593098958333,1.0101765950520833,0,idle,53.67768620264469,291.8233236896882,38.87462102910518,294.8882167054326
1791245900.820941,40,296.88659588608556,-194.27026575072847,-14.270265750728457,0.0,0.0,0.17499593098958333,1.0101765950520833,0.17499593098958333,1.0101765950520833,0,idle,39.18606701569682,299.4175988645336,38.89019332843476,295.11468581338767
1791245900.837734,40,296.86415097536434,-194.27265509714536,-14.272655097145346,0.0,0.0,0.17499593098958333,1.0101765950520833,0.17499593098958333,1.0101765950520833,0,idle,32.72271693001554,312.15798783886663,38.5818195085138,295.9668509146616
1791245900.8544378,40,296.84076637753196,-194.27514455291,-14.275144552909996,0.0,0.0,0.17499593098958333,1.0101765950520833,0.17499593098958333,1.0101765950520833,0,idle,38.30969152149308,277.2923905393866,38.56821310916277,295.03312789589785
1791245900.871066,40,296.81656795301683,-194.27772071845706,-14.277720718457063,0.0,0.0,0.17499593098958333,1.0101765950520833,0.17499593098958333,1.0101765950520833,0,idle,39.58030857131753,282.5130369635628,38.618817882270505,294.4071233492811
1791245900.8879209,40,296.79166688967314,-194.28037175554232,-14.28037175554233,0.0,0.0,0.17499593098958333,1.0101765950520833,0.17499593098958333,1.0101765950520833,0,idle,54.715970424538725,298.43658534392824,39.42367550938392,294.6085964490135
1791245900.904504,40,296.76616073613354,-194.28308727751218,-14.283087277512188,0.0,0.0,0.17499593098958333,1.0101765950520833,0.17499593098958333,1.0101765950520833,0,idle,34.676215710143275,318.96550068612794,39.186302519421886,295.8264416608692
1791245900.9211059,40,296.7401346041807,-194.2858582215018,-14.285858221501794,0.0,0.0,0.17499593098958333,1.0101765950520833,0.17499593098958333,1.0101765950520833,0,idle,35.21302188915542,288.0445485730386,38.98763848790856,295.43734700647764
1791245900.938624,40,296.713662424866,-194.28867671485125,-14.28867671485124,0.0,0.0,0.17499593098958333,1.0101765950520833,0.17499593098958333,1.0101765950520833,0,idle,21.08579563508043,294.38243221207784,38.09254634526715,295.38460126675767
1791245900.955731,40,296.6868081853472,-194.29153594352948,-14.291535943529466,0.0,0.0,0.17499593098958333,1.0101765950520833,0.17499593098958333,1.0101765950520833,0,idle,34.89741357472357,287.3089969055268,37.932789706739975,294.9808210486961
1791245900.9727411,40,296.6596271023978,-194.29443002726674,-14.294430027266747,0.0,0.0,0.17499593098958333,1.0101765950520833,0.17499593098958333,1.0101765950520833,0,idle,56.31168146068854,302.51181073382713,38.85173429443741,295.35737053295264
1791245900.989802,40,296.63216670817513,-194.29735390400367,-14.297353904003673,0.0,0.0,0.17499593098958333,1.0101765950520833,0.17499593098958333,1.0101765950520833,0,idle,38.98850802448585,286.00534848750567,38.858572980939826,294.8897694306803
1791245901.0071712,40,296.6055558633381,-194.3001873725148,-14.300187372514802,0.0,0.0,0.17499593098958333,0.8797749837239583,0.17499593098958333,0.8797749837239583,0,idle,39.28010990553153,276.28278176549327,38.87964982716941,293.95942004742096
1791245901.0236108,40,296.58305925467613,-194.30258280027178,-14.30258280027178,0.0,0.0,0.17499593098958333,0.44752400716145835,0.17499593098958333,0.44752400716145835,0,idle,28.133221565216328,286.66296296787255,38.34232841407176,293.5945971934435
1791245901.0404842,40,296.56641128123357,-194.30435548801353,-14.304355488013535,0.0,0.0,0.17499593098958333,0.060713704427083334,0.17499593098958333,0.060713704427083334,0,idle,35.185467755550434,298.645708703489,38.18448538114569,293.8471527689458
1791245901.056603,40,296.5543831889811,-194.3056362584597,-14.305636258459701,0.0,0.0,0.17499593098958333,0.010420735677083333,0.17499593098958333,0.010420735677083333,0,idle,32.86144103812606,299.6408855827558,37.91833316399471,294.1368394096363
1791245901.073497,40,296.54569292812005,-194.30656161728893,-14.306561617288931,0.0,0.0,0.17499593098958333,0.010420735677083333,0.17499593098958333,0.010420735677083333,0,idle,62.89998217467589,282.43021277721493,39.16741561452877,293.5515080780152
1791245901.0904598,40,296.53941423333237,-194.30723019038297,-14.307230190382974,0.0,0.0,0.17499593098958333,0.010420735677083333,0.17499593098958333,0.010420735677083333,0,idle,41.613044674218706,312.5909572984551,39.289697067513266,294.50348053903724
1791245901.107421,40,296.53487788610204,-194.3077132352663,-14.3077132352663,0.0,0.0,0.17499593098958333,-0.0061503092447916675,0.17499593098958333,-0.0061503092447916675,0,idle,35.5913929795508,306.0057941513729,39.10478186311514,295.078596219654
1791245901.124789,40,296.5316003803198,-194.30806223569985,-14.308062235699852,0.0,0.0,0.17499593098958333,-0.038865152994791666,0.17499593098958333,-0.038865152994791666,0,idle,11.207490579944718,306.92151598924823,37.70991729895662,295.67074220813373
1791245901.141907,40,296.5294447526925,-194.30829177508778,-14.30829177508777,0.0,0.0,0.17499593098958333,-0.08821207682291667,0.17499593098958333,-0.08821207682291667,0,idle,60.794401593359325,281.02047452793795,38.864141513676756,294.93822882412394
1791245901.1589818,40,296.52810966731346,-194.3084339402704,-14.30843394027039,0.0,0.0,0.17499593098958333,-0.11555582682291667,0.17499593098958333,-0.11555582682291667,0,idle,60.46391855089788,294.5797010413381,39.94413036553781,294.92030243498465
1791245901.17585,40,296.52731823549664,-194.30851821517354,-14.308518215173544,0.0,0.0,0.17499593098958333,-0.11555582682291667,0.17499593098958333,-0.11555582682291667,0,idle,35.870594923822956,313.59953953151137,39.74045359345207,295.854264289811
1791245901.192723,40,296.52687726469145,-194.30856517159728,-14.308565171597278,0.0,0.0,0.17499593098958333,-0.11506754557291667,0.17499593098958333,-0.11506754557291667,0,idle,25.82496324981957,278.2879659341997,39.04467907627044,294.9759493720304
1791245901.209879,40,296.5265586633328,-194.30859909763524,-14.308599097635245,0.0,0.0,0.17499593098958333,0.010420735677083333,0.17499593098958333,0.010420735677083333,0,idle,58.860733886419766,278.7498320286945,40.03548181677791,294.16464350486365
1791245901.22686,40,296.52632847387633,-194.30862360921105,-14.308623609211045,0.0,0.0,0.17499593098958333,0.010420735677083333,0.17499593098958333,0.010420735677083333,0,idle,21.140368232156362,301.25124874275105,39.09072613754683,294.518973766758
1791245901.2437901,40,296.5261621620071,-194.3086413188328,-14.308641318832784,0.0,0.0,0.17499593098958333,0.010420735677083333,0.17499593098958333,0.010420735677083333,0,idle,28.972823896153837,302.01151070397,38.58483102547718,294.8936006136186
1791245901.260609,40,296.52604200168844,-194.30865411403957,-14.308654114039566,0.0,0.0,0.17499593098958333,0.010420735677083333,0.17499593098958333,0.010420735677083333,0,idle,34.01662968538355,289.13147038066256,38.3564209584725,294.6054941019708
1791245901.277554,40,296.5259551858618,-194.30866335857957,-14.30866335857955,0.0,0.0,0.17499593098958333,-0.010056559244791667,0.17499593098958333,-0.010056559244791667,0,idle,23.553711068014675,287.2600135970603,37.61628546394961,294.23822007672527
1791245901.295192,40,296.52592113973554,-194.30866698396542,-14.308666983965413,0.0,0.0,0.17499593098958333,-0.08235270182291667,0.17499593098958333,-0.08235270182291667,0,idle,20.367701764729144,284.7288244179255,36.753856278988586,293.7627502937853
1791245901.311477,40,296.52592057960317,-194.30866704361088,-14.308667043610887,0.0,0.0,0.17499593098958333,-0.16633707682291668,0.17499593098958333,-0.16633707682291668,0,idle,26.507260063038807,297.7645807931631,36.2415264681911,293.9628418187542
1791245901.328801,40.000009445234426,296.5259576113395,-194.30866310030203,165.691336899698,9.445234428386005e-06,3.7031736304893485e-05,0.17499593098958333,-0.26548868815104165,0.17499593098958333,-0.26548868815104165,0,idle,17.133859529985894,299.94917338041694,35.28615209425354,294.2621935769869
1791245901.346146,40.00010664063211,296.5263386843043,-194.30862547938915,165.69137177867938,9.719539768371186e-05,0.0003810729647650144,0.17499593098958333,-0.49894816080729165,0.17499593098958333,-0.49894816080729165,0,idle,61.49606298423046,285.3150569743759,36.596739974380185,293.8151987661729
1791245901.362279,40.00052013428589,296.5279598785929,-194.30848328106129,165.69149116701502,0.00041349365377762987,0.0016211942886570595,0.17499593098958333,-0.6444864908854167,0.17499593098958333,-0.6444864908854167,0,idle,46.669318658651775,306.3719851042332,37.10076172756486,294.44457821765013
1791245901.379253,40.0017308580591,296.53270689509424,-194.30810727191212,165.69178987252852,0.0012107237732069441,0.0047470165012857045,0.17499593098958333,-0.8061381022135417,0.17499593098958333,-0.8061381022135417,0,idle,34.77219588791422,304.06450863741435,36.98548362316687,294.9300844043146
1791245901.396287,40.00460328892745,296.5439696656801,-194.3072870781344,165.692421136906,0.002872430868353315,0.011262770585880854,0.17499593098958333,-0.9897928873697917,0.17499593098958333,-0.9897928873697917,0,idle,23.200370177949118,296.04443445511936,36.298956760230915,294.9965015389114
1791245901.413273,40.01033174704177,296.5664327111293,-194.30579461182174,165.69353442910116,0.005728458114318375,0.02246304544922099,0.17499593098958333,-0.9897928873697917,0.17499593098958333,-0.9897928873697917,0,idle,33.15571600788223,305.53705413818824,36.147236757822085,295.544869062052
1791245901.430122,40.020355150099135,296.6057425708821,-194.30340274816996,165.6952845876065,0.010023403057369087,0.039309859752789014,0.17499593098958333,-0.9897928873697917,0.17499593098958333,-0.9897928873697917,0,idle,40.438414072342795,258.2366394306832,36.37131785645262,293.7168019472487
1791245901.447891,40.03626552057171,296.6681515511692,-194.29989670857782,165.69782687968126,0.0159103704725748,0.06240898028710182,0.17499593098958333,-0.9897928873697917,0.17499593098958333,-0.9897928873697917,0,idle,26.574156656986162,308.7307832890793,35.89657464842824,294.526789545613
1791245901.4650502,40.0597236396707,296.7601902273292,-194.29508049137308,165.7013124603034,0.02345811909899103,0.09203867615994936,0.17499593098958333,-0.9897928873697917,0.17499593098958333,-0.9897928873697917,0,idle,49.64201209740909,311.9651770511913,36.606131734021325,295.48614566324386
1791245901.481323,40.09238798526653,296.88839257830637,-194.28877999440112,165.70588529904518,0.032664345595823256,0.12820235097719052,0.17499593098958333,-0.9897928873697917,0.17499593098958333,-0.9897928873697917,0,idle,45.81457891934238,306.2910632905072,37.09758522160341,296.14818377803533
1791245901.4983869,40.135858832727386,297.0590808797527,-194.28084397692686,165.71168019508065,0.0434708474608598,0.170688301446344,0.17499593098958333,-0.9897928873697917,0.17499593098958333,-0.9897928873697917,0,idle,48.53851736892638,300.217185228489,37.71092913405737,296.51378773693204
1791245901.51538,40.19163704152541,297.2782082340631,-194.27114365544912,165.71882156089674,0.05577820879802258,0.21912735431040908,0.17499593098958333,-0.9897928873697917,0.17499593098958333,-0.9897928873697917,0,idle,27.183881565184862,299.02453502759425,37.23756605397187,296.84749608806004
1791245901.532097,40.26109587427984,297.55125202709445,-194.25957147825665,165.72742275924958,0.0694588327544302,0.2730437930313758,0.17499593098958333,-0.9897928873697917,0.17499593098958333,-0.9897928873697917,0,idle,55.44104040544706,317.65389033306235,38.213725662662334,298.14720740368995
1791245901.549073,40.3454637284048,297.88314981491874,-194.24603944748628,165.7375858431529,0.08436785412496464,0.3318977878243158,0.17499593098958333,-0.9897928873697917,0.17499593098958333,-0.9897928873697917,0,idle,62.412019949715386,310.2132533518045,39.503789838433704,299.0658125995287
1791245901.565324,40.44581560190011,298.27826896491274,-194.23047723396743,165.74940159026175,0.1003518734953069,0.39511914999397757,0.17499593098958333,-0.9897928873697917,0.17499593098958333,-0.9897928873697917,0,idle,39.53615737446335,288.85063175936693,39.60074249505573,298.93041675001496
1791245901.582295,40.56307127393947,298.7404020499922,-194.21283024409587,165.76294975119825,0.1172556720393652,0.4621330850794477,0.17499593098958333,-0.9897928873697917,0.17499593098958333,-0.9897928873697917,0,idle,23.442100972646106,280.88031243851043,38.90420330737264,298.46693796526523
1791245901.5993211,40.69799844094868,299.27278105960244,-194.19305773851303,165.77829945129704,0.1349271670092095,0.532379009610205,0.17499593098958333,-0.9897928873697917,0.17499593098958333,-0.9897928873697917,0,idle,47.946712891691135,293.31476118624505,39.48450959524732,298.71508918544396
1791245901.616419,40.85121934053986,299.87810467185733,-194.17113106169307,165.7955096997136,0.15322089959118576,0.6053236122549092,0.17499593098958333,-0.9897928873697917,0.17499593098958333,-0.9897928873697917,0,idle,29.7412400571243,294.2621943725176,39.14290597295279,299.0675018764398
1791245901.6334531,41.02321968004456,300.5585739745181,-194.14703201410208,165.81462997053038,0.17200033950469948,0.680469302660735,0.17499593098958333,-0.9897928873697917,0.17499593098958333,-0.9897928873697917,0,idle,33.896049431844276,320.8109828679892,39.043963468426824,300.801121763545
1791245901.650524,41.214369807781125,301.31593031716557,-194.12327146708455,165.83487907839603,0.19115012773656598,0.7573563426475021,0.11765340169270833,-0.9897928873697917,0.11765340169270833,-0.9897928873697917,0,idle,54.785390931469315,304.0183982909521,40.012627462928684,301.68147411543043
1791245901.6675699,41.42495824672099,302.1514924090733,-194.10467856610853,165.85422906943958,0.21058843893986798,0.8355620919077318,0.03775838216145833,-0.9897928873697917,0.03775838216145833,-0.9897928873697917,0,idle,29.515378646386836,307.1532570449386,39.687824039094465,302.74884724921816
1791245901.684701,41.65520585384695,303.06619853714403,-194.09195331330798,165.8711731169124,0.23024760712595826,0.9147061280707358,-0.04964396158854167,-0.9897928873697917,-0.04964396158854167,-0.9897928873697917,0,idle,17.702106973220715,286.24548971711306,38.80727341257044,302.7926501942801
1791245901.7018812,41.90528241238767,304.06064691375997,-194.08626580088813,165.88437133468162,0.25007655854072103,0.9944483766159542,-0.15331217447916667,-0.9897928873697917,-0.15331217447916667,-0.9897928873697917,0,idle,33.882018562495105,305.1120137217182,38.79858340068036,303.8533443284371
1791245901.7191622,42.17530473165751,305.1351384075915,-194.08563660791114,165.89354418180022,0.2700223192698402,1.0744914938315175,-0.2563700358072917,-0.9897928873697917,-0.2563700358072917,-0.9897928873697917,0,idle,22.915591412084378,310.5168432482714,38.260955004556905,305.2072861935688
1791245901.736201,42.465326873723285,306.2897183753032,-194.08688770640714,165.89945387564148,0.29002214206577376,1.1545799677116821,-0.3472819010416667,-0.9897928873697917,-0.3472819010416667,-0.9897928873697917,0,idle,66.80630449350498,310.8034734632347,39.96374351396679,306.5839465263782
1791245901.7533839,42.77540295582823,307.5241970738582,-194.09819991474086,165.9001543126676,0.31007608210494464,1.2344786985549834,-0.4445414225260417,-0.9897928873697917,-0.4445414225260417,-0.9897928873697917,0,idle,58.78618499826197,312.5777759501619,41.19943786618124,308.0563927611946
1791245901.770135,43.10576853502842,308.83813680446946,-194.14573427735368,165.88659889281703,0.33036557920019394,1.313939730611238,-0.7190165201822917,-0.9897928873697917,-0.7190165201822917,-0.9897928873697917,0,idle,52.62958535199065,302.2961372579696,42.084792540711895,309.0166227301141
1791245901.786135,43.45706378531321,310.23082408957384,-194.2628448663745,165.8428800087001,0.3512952502847911,1.3926872851043632,-0.8533548990885417,-0.9897928873697917,-0.8533548990885417,-0.9897928873697917,0,idle,41.77870273638813,305.02784651277574,42.40321853826626,310.14023684009635
1791245901.803005,43.83057406967502,311.7012304773671,-194.48688060248523,165.74726803425293,0.37351028436181044,1.4704063877932827,-0.9616312662760417,-0.9897928873697917,-0.9616312662760417,-0.9897928873697917,0,idle,41.42509564570351,284.8754612388384,42.70914716378184,310.2738841284371
1791245901.8198469,44.22839129931383,313.2479826639981,-194.84686447639606,165.57641417722874,0.39781722963880356,1.5467521866309282,-1.0108561197916666,-0.9897928873697917,-1.0108561197916666,-0.9897928873697917,0,idle,31.647273673361244,311.6497446468316,42.53397985741768,311.8120917316562
1791245901.836593,44.653437848078305,314.8693547827179,-195.35591866205658,165.31033126894684,0.4250465487644799,1.6213721187198231,-1.0108561197916666,-0.9897928873697917,-1.0108561197916666,-0.9897928873697917,0,idle,43.25795133016656,323.95153430234916,42.97397265238138,313.95936737297467
1791245901.85344,45.10943762567945,316.563261193518,-196.02057649281124,164.9331502305188,0.4559997776011444,1.6939064108001087,-1.0108561197916666,-0.9897928873697917,-1.0108561197916666,-0.9897928873697917,0,idle,52.53830407244024,324.96871066724015,43.885389012105406,316.119045627948
1791245901.869259,45.600851046234204,318.3272466558169,-196.84258360917354,164.433155588859,0.4914134205547577,1.763985462298956,-1.0108561197916666,-0.9897928873697917,-1.0108561197916666,-0.9897928873697917,0,idle,66.60200722496946,296.37177762522737,45.488062672275625,316.80746841699596
1791245901.886244,46.13278657527776,320.1584727925872,-197.8202742191164,163.80244803468395,0.5319355290435546,1.8312261367702747,-1.0108561197916666,-0.9897928873697917,-1.0108561197916666,-0.9897928873697917,0,idle,41.251107947997035,342.14855970430085,45.78155368865308,319.814187811293
1791245901.903253,46.71089829517259,322.0537011148058,-198.9496190777671,163.03643874470714,0.5781117198948297,1.895228322218617,-1.0108561197916666,-0.9897928873697917,-1.0108561197916666,-0.9897928873697917,0,idle,37.83901751026988,292.5143839115103,45.933633013634,320.24966452241154
1791245901.91956,47.34127637926314,324.009273670868,-200.2250204280784,162.13329304015525,0.6303780840905536,1.955572556062212,-1.0108561197916666,-0.9897928873697917,-1.0108561197916666,-0.9897928873697917,0,idle,48.21669304894393,324.2322507503131,46.64664519528552,322.30658776206576
1791245901.936775,48.0303353858887,326.0210927521589,-201.63991114108114,161.0933883127457,0.6890590066255571,2.011819081290879,-1.0108561197916666,-0.9897928873697917,-1.0108561197916666,-0.9897928873697917,0,idle,52.24372771479869,328.056989966995,47.58110537755546,324.50533599953854
1791245901.953748,48.78470376468448,328.0846011555929,-203.18720162545537,159.91881957948718,0.7543683787957851,2.063508403433986,-1.0108561197916666,-0.9897928873697917,-1.0108561197916666,-0.9897928873697917,0,idle,60.08888081941703,327.3752031551509,48.923144109504534,326.60916234058146
1791245901.970155,49.61111681787965,330.19476438864194,-204.85960808647982,158.61296730212817,0.826413053195165,2.1101632330490183,-1.0108561197916666,-0.9897928873697917,-1.0108561197916666,-0.9897928873697917,0,idle,75.89710242613974,314.5905948626431,51.0569344258717,328.01288903808114
1791245901.986515,50.516314503754124,332.3460559886044,-206.6498884131084,157.18013122108883,0.9051976858744755,2.151291599962436,-1.0108561197916666,-0.9897928873697917,-1.0108561197916666,-0.9897928873697917,0,idle,59.050445837746345,327.3162831459529,52.31654779804619,330.0217857634391
1791245902.003253,51.50694484714421,334.53244687707894,-208.55100651388406,155.6252278591201,0.9906303433900902,2.186390888474529,-1.0108561197916666,-0.9897928873697917,-1.0108561197916666,-0.9897928873697917,0,idle,66.21840068407926,341.3734293331825,53.95273926856842,332.66643928597705
1791245902.020948,52.58947328314574,336.7473994228098,-210.55624171227828,153.95354617864876,1.0825284360015295,2.2149525457308665,-1.0108561197916666,-0.9897928873697917,-1.0108561197916666,-0.9897928873697917,0,idle,46.58247463399081,344.5286588039325,54.612628051041,335.3637551803191
1791245902.03718,53.770097964242005,338.98386666438523,-212.65925646904847,152.17055447438062,1.1806246810962633,2.236467241575463,-1.0108561197916666,-0.9897928873697917,-1.0108561197916666,-0.9897928873697917,0,idle,61.18027712215576,340.8109377611405,56.06260395163819,337.76075818885687
1791245902.0543702,55.05467087471678,341.2342969594809,-214.8541329907064,150.281751230538,1.2845729104747743,2.2504302950956676,-1.0108561197916666,-0.9897928873697917,-1.0108561197916666,-0.9897928873697917,0,idle,55.97753507090803,343.142400277075,57.27869477255271,340.16774907360866
1791245902.0715551,56.44862449236886,343.490644181879,-217.13538706689386,148.29255292085867,1.393953617652082,2.256347222398138,-1.0108561197916666,-0.9897928873697917,-1.0108561197916666,-0.9897928873697917,0,idle,52.13536639802575,337.08635889012976,58.34578429059584,342.15720942571295
1791245902.087657,57.956903694446076,345.74438347865737,-219.4979656635006,146.20821229881045,1.5082792020772184,2.2537392967783676,-1.0108561197916666,-0.9897928873697917,-1.0108561197916666,-0.9897928873697917,0,idle,64.00817855955991,338.0024883782211,60.0617692460174,344.0905257052778
1791245902.103981,59.58390260500629,347.9865325222762,-221.93723331734986,144.03376144201667,1.6269989105602076,2.242149043618852,-1.0108561197916666,-0.9897928873697917,-1.0108561197916666,-0.9897928873697917,0,idle,73.41678867654721,356.1061099916905,62.27516918257609,346.8213465110363
1791245902.119856,61.3334061109253,350.20767813927574,-224.44895118050692,141.77397457351748,1.7495035059190154,2.221145616999512,-1.0108561197916666,-0.9897928873697917,-1.0108561197916666,-0.9897928873697917,0,idle,56.93335067481804,352.14285892611787,63.67010658781125,349.19751046793994
1791245902.136745,63.20853582289192,352.3980081624087,-227.02925160363532,139.43334642166775,1.8751297119666117,2.190330023132982,-1.0108561197916666,-0.9897928873697917,-1.0108561197916666,-0.9897928873697917,0,idle,63.09926252596036,324.9145032435494,65.42293761108698,350.0641736286967
1791245902.1534579,65.21170031783026,354.54734833038833,-229.67461038938362,137.0160825663517,2.0031644949383525,2.1493401679796107,-1.0108561197916666,-0.9897928873697917,-1.0108561197916666,-0.9897928873697917,0,idle,49.75957362250957,338.0155845900894,66.54277568184953,351.503617336347
1791245902.170176,67.34454956414524,356.645204044082,-232.38181825395478,134.52609883534663,2.132849246314973,2.0978557136936664,-1.0108561197916666,-0.9897928873697917,-1.0108561197916666,-0.9897928873697917,0,idle,52.25441539468711,373.94256642892856,67.85456445149065,354.6185277189851
1791245902.187076,69.60793349646292,358.68080677602177,-235.14795257740923,131.967027355416,2.263383932317679,2.035602731939788,-1.0108561197916666,-0.9897928873697917,-1.0108561197916666,-0.9897928873697917,0,idle,61.91626934846925,338.20148101817995,69.70786443204138,355.7314979792876
1791245902.204619,72.00186476885042,360.64316491862,-237.97035017463935,129.3422273287951,2.3939312723874986,1.9623581425982197,-1.0108561197916666,-0.9897928873697917,-1.0108561197916666,-0.9897928873697917,0,idle,72.50918027016236,353.8987168783971,72.12216493271555,357.5040991597114
1791245902.221673,74.52547909674992,362.5211308109691,-240.84563989736867,126.65504646268245,2.5236143278994985,1.877965892349083,-1.0108561197916666,-0.9897928873697917,-1.0108561197916666,-0.9897928873697917,0,idle,77.47042224213747,350.60450269128427,74.78701140969116,358.9431869340217
1791245902.238711,77.17695192614646,364.3035760142728,-243.762712373535,123.91085718322962,2.6514728293965417,1.7824452033036895,-1.0108561197916666,-0.9897928873697917,-1.0108561197916666,-0.9897928873697917,0,idle,79.82729714024467,367.8291690513795,77.55792488414555,361.0808089830281
1791245902.2545862,79.95351509840303,365.979420448603,-246.72073732433086,121.11383337928908,2.7765631722565667,1.6758444343302012,-1.0108561197916666,-0.9897928873697917,-1.0108561197916666,-0.9897928873697917,0,idle,102.77700917284545,344.3007384625962,81.45661411222429,361.83385766962016
1791245902.271463,82.85146699095394,367.5376715074091,-249.7189002702001,118.26726189122387,2.8979518925509042,1.5582510588061096,-1.0108561197916666,-0.9897928873697917,-1.0108561197916666,-0.9897928873697917,0,idle,82.56865690493903,375.18215897033343,84.26527054978338,363.9816112405216
1791245902.28838,85.86617913319236,368.9674712555656,-252.75640233576996,115.37377186509426,3.014712142238425,1.429799748156546,-1.0108561197916666,-0.9897928873697917,-1.0108561197916666,-0.9897928873697917,0,idle,100.02948752135501,375.2410790179303,87.91745793348846,365.9028943901408
1791245902.304605,88.99210162555924,370.25815018538066,-255.8324600405556,112.43550385145826,3.125922492366889,1.2906789298150176,-1.0108561197916666,-0.9897928873697917,-1.0108561197916666,-0.9897928873697917,0,idle,112.06209661449748,366.92299939031835,92.09431623528745,367.1800446234739
1791245902.321376,92.222769178856,371.3992862721399,-258.94630507843857,109.45423458081507,3.2306675532967586,1.14113608675923,-1.0108561197916666,-0.9897928873697917,-1.0108561197916666,-0.9897928873697917,0,idle,80.76321424102925,379.37975107851065,94.59689531120645,368.874109228647
1791245902.3382132,95.55080919903423,372.3807682623473,-262.0971840884542,106.43146907547023,3.328040020178241,0.9814819902074157,-1.0108561197916666,-0.9897928873697917,-1.0108561197916666,-0.9897928873697917,0,idle,113.9500628126055,365.0107338713664,98.72619170544573,369.61334835148006
1791245902.354625,98.96795303935141,373.19286226338306,-265.28435841902495,103.36850866185094,3.4171438403171757,0.8120940010357434,-1.0108561197916666,-0.9897928873697917,-1.0108561197916666,-0.9897928873697917,0,idle,95.58957562837863,380.8370670862169,101.8156475498937,370.9460235892009
1791245902.3716218,102.46505130376025,373.8262807975964,-268.5071038874414,100.26650118953134,3.497098264408834,0.6334185342132934,-1.0108561197916666,-0.9897928873697917,-1.0108561197916666,-0.9897928873697917,0,idle,92.41498233798993,370.7319604736939,104.6678576404869,371.5370680409282
1791245902.388618,106.03209389548401,374.2722535480557,-271.7647105361048,97.12647810881691,3.567042591723768,0.4459727504593323,-1.0108561197916666,-0.9897928873697917,-1.0108561197916666,-0.9897928873697917,0,idle,129.14553076916482,368.0777934368861,109.28043175905837,371.7877784236624
1791245902.405836,109.65823535005869,374.5225990657692,-275.0564823868032,93.94938184230956,3.626141454574676,0.25034551771350266,-1.0108561197916666,-0.9897928873697917,-1.0108561197916666,-0.9897928873697917,0,idle,120.46577750576343,374.7095866876749,113.28453342823957,372.1716970786909
1791245902.422775,113.33182586313097,374.5697967356164,-278.38173719408604,90.7360859893153,3.6735905130722775,0.04719766984722659,-1.0108561197916666,-0.9897928873697917,-1.0108561197916666,-0.9897928873697917,0,idle,114.91927293857293,359.64304245799184,116.85618139117491,371.5901021340108
1791245902.439877,117.04044831290348,374.4070583154253,-281.73980619862766,87.48741024003726,3.7086224497725078,-0.1627384201911585,-1.0108561197916666,-0.9897928873697917,-1.0108561197916666,-0.9897928873697917,0,idle,122.96189412283897,372.5109073404217,120.684658355042,371.48154089514975
1791245902.456861,120.77096148010133,374.02839837335983,-285.1300338813213,84.2041313872546,3.730513167197849,-0.3786599420654167,-1.0108561197916666,-0.9897928873697917,-1.0108561197916666,-0.9897928873697917,0,idle,110.41521400356277,362.5135798264402,123.715173646306,370.6734158967521
1791245902.473788,124.50954958089598,373.42870295596066,-288.5517777187188,80.88699146131158,3.738588100794647,-0.5996954173991538,-1.0108561197916666,-0.9897928873697917,-1.0108561197916666,-0.9897928873697917,0,idle,112.13952315087522,377.8485060427351,126.68804981728937,370.462459757522
1791245902.490004,128.24177814762982,372.60379582503754,-292.00440794032545,77.53670374646548,3.7322285667338257,-0.8249071309231072,-1.0108561197916666,-0.9897928873697917,-1.0108561197916666,-0.9897928873697917,0,idle,134.77283133954958,369.45482153889367,130.6379060317995,369.62841607221367
1791245902.508134,131.95265621651296,371.5505016078911,-295.4873072881677,74.15395723846706,3.7108780688831566,-1.053294217146456,-1.0108561197916666,-0.9897928873697917,-1.0108561197916666,-0.9897928873697917,0,idle,139.21444317198572,341.20166840550314,134.5920670542478,367.206449182589
1791245902.5251598,135.62670470940145,370.26670521337104,-298.9998707789758,70.73941995659203,3.674048492888492,-1.2837963945200208,-1.0108561197916666,-0.9897928873697917,-1.0108561197916666,-0.9897928873697917,0,idle,126.30285287168755,370.889616868961,137.66795241336385,366.17100099211353
1791245902.542347,139.24816520941087,368.75161753419,-302.5275657969423,67.2973348305505,3.6214605000094298,-1.515087679181001,-0.9291910807291667,-0.9897928873697917,-0.9291910807291667,-0.9897928873697917,0,idle,129.72401965760673,371.3196448496743,140.71114325058494,364.9890998897696
1791245902.559545,142.8123109719431,367.02146421129237,-305.00119180202114,64.10654194791967,3.564145762532223,-1.7301533228976653,0.07364705403645833,-0.9897928873697917,0.07364705403645833,-0.9897928873697917,0,idle,139.36613958488925,370.13128413849336,144.0298315417058,363.60256344545303
1791245902.5766652,146.32240345409085,365.10085483951025,-306.6615353445452,61.31394374533028,3.5100924821477477,-1.920609371782125,0.17499593098958333,-0.9897928873697917,0.17499593098958333,-0.9897928873697917,0,idle,136.7720008477015,367.2408752629788,147.00152786504592,361.95990013313633
1791245902.5936608,149.7861247640682,363.01660415848755,-307.76064594580487,58.96310389930895,3.4637213099773665,-2.0842506810226666,0.17499593098958333,-0.9897928873697917,0.17499593098958333,-0.9897928873697917,0,idle,135.56685532090987,362.20618334995277,149.7203294823176,359.9921761470056
1791245902.610551,153.21308299365165,360.79449552979037,-308.47337827249396,57.039813601522816,3.426958229583435,-2.222108628697196,0.17499593098958333,-0.9897928873697917,0.17499593098958333,-0.9897928873697917,0,idle,158.0132532370642,364.0086016466887,153.3905859881592,358.0819942247274
1791245902.6275468,156.6132066422181,358.4577256383019,-308.9225525833451,55.50080515196869,3.400123648566448,-2.336769891488469,0.17499593098958333,-0.9897928873697917,0.17499593098958333,-0.9897928873697917,0,idle,146.15347373307029,349.11676641975566,156.25884784154286,355.41380143756476
1791245902.644598,159.9957998407167,356.02630610479673,-309.194680494359,54.29129078403842,3.382593198498592,-2.431419533505162,0.17499593098958333,-0.9897928873697917,0.17499593098958333,-0.9897928873697917,0,idle,163.9429771293748,382.297123984267,159.85651784450812,354.44811900806997
1791245902.6619341,163.3690550756018,353.51699658749385,-309.35053969321604,53.35504276003541,3.3732552348850935,-2.5093095173028725,0.17499593098958333,-0.9897928873697917,0.17499593098958333,-0.9897928873697917,0,idle,159.82424008551845,343.9017469830332,163.0594964296995,351.5369563653804
1791245902.678089,166.73986412807378,350.94351719563593,-309.43256679983085,52.639697701036184,3.370809052471961,-2.5734793918579015,0.17499593098958333,-0.9897928873697917,0.17499593098958333,-0.9897928873697917,0,idle,152.89684330541832,351.1010733791591,165.7536323733338,349.0703567938043
1791245902.695248,170.113811295807,348.316891143529,-309.47012186577876,52.09915575759124,3.3739471677332302,-2.6266260521069196,0.17499593098958333,-0.9897928873697917,0.17499593098958333,-0.9897928873697917,0,idle,164.51530875230762,357.19972389499935,168.89696600162907,346.9815303993625
1791245902.71218,173.4952689147155,345.6458309635293,-309.48326551374254,51.69430407605293,3.381457618908491,-2.671060179999707,0.17499593098958333,-0.9897928873697917,0.17499593098958333,-0.9897928873697917,0,idle,183.853471066606,344.4656489283309,172.85717599284098,344.3182291548112
1791245902.7291992,176.88754252478248,342.9371196563474,-309.48547436708316,51.39283250351778,3.3922736100669724,-2.7087113071819,0.17499593098958333,-0.9897928873697917,0.17499593098958333,-0.9897928873697917,0,idle,187.2793386930534,349.1562122030572,176.80094405741522,341.98685256540074
1791245902.7463198,180.29303557020796,340.1959648887268,-309.48535703958305,51.16866229378309,3.405493045425496,-2.7411547676206167,0.17499593098958333,-0.9897928873697917,0.17499593098958333,-0.9897928873697917,0,idle,186.70641631894372,333.34314412134404,180.53143606364586,338.9505701139583
1791245902.762997,183.71349234366352,337.4264097300265,-309.4817232690909,51.00279359173991,3.420456773455544,-2.7695551587002982,0.17499593098958333,-0.9897928873697917,0.17499593098958333,-0.9897928873697917,0,idle,166.87570176512128,335.78604028360814,183.0980832835024,336.1612662216755
1791245902.7808452,187.1502077726169,334.6316743025135,-309.47120168043824,50.88200644014603,3.4367154289533817,-2.7947354275129848,0.17499593098958333,-0.9897928873697917,0.17499593098958333,-0.9897928873697917,0,idle,194.241343157239,341.2157243263987,186.92012593469497,333.7589904707743
1791245902.797337,190.6041663430329,331.81438985781205,-309.451947045056,50.79696597791701,3.453958570415992,-2.8172844447014636,0.17499593098958333,-0.9897928873697917,0.17499593098958333,-0.9897928873697917,0,idle,187.63283092509013,320.5458455870362,190.2370218261099,330.421913004121
1791245902.813332,194.0761336588084,328.9767592370721,-309.42313750213424,50.74095265726819,3.4719673157755193,-2.837630620739952,0.17499593098958333,-0.9897928873697917,0.17499593098958333,-0.9897928873697917,0,idle,180.22176059944073,327.5956276695675,193.0346277147632,327.58484964769036
1791245902.830245,197.56671661282604,326.1206671441066,-309.3846210186948,50.70901423899645,3.490582954017641,-2.856092092965469,0.17499593098958333,-0.9897928873697917,0.17499593098958333,-0.9897928873697917,0,idle,213.00390454117502,341.6370032445408,197.34914536240055,325.5741698392157
1791245902.847112,201.0764029571053,323.2477563239856,-309.3366687795266,50.69740133976144,3.5096863442792645,-2.8729108201210143,0.17499593098958333,-0.9897928873697917,0.17499593098958333,-0.9897928873697917,0,idle,218.88397439065278,293.76318415063696,201.76008884087847,321.2543552756718
1791245902.86405,204.60558749626153,320.3594806493842,-309.279804919439,50.70319281748049,3.529184539156226,-2.8882756746013767,0.17499593098958333,-0.9897928873697917,0.17499593098958333,-0.9897928873697917,0,idle,207.66008993514362,309.49275885267696,205.40781420779015,317.9224135636507
1791245902.8811362,208.15458969502416,317.45714260092484,-309.21469052559155,50.724047656632855,3.549002198762614,-2.902338048459339,0.17499593098958333,-0.9897928873697917,0.17499593098958333,-0.9897928873697917,0,idle,203.29526793189248,313.64321485009776,208.67373898281977,314.9512324819367
1791245902.898203,211.72366584019485,314.5419202099975,-309.1420460167397,50.758040701070854,3.5690761451707007,-2.9152223909273243,0.17499593098958333,-0.9897928873697917,0.17499593098958333,-0.9897928873697917,0,idle,203.37742894546557,312.15207557165184,211.79954581886423,312.0418133650415
1791245902.915048,215.31301778748082,311.6148868779572,-309.0626004843734,50.80355363904957,3.5893519472859565,-2.9270333320403092,0.17499593098958333,-0.9897928873697917,0.17499593098958333,-0.9897928873697917,0,idle,216.45913950714973,332.3941114024091,215.44240985320016,310.2787466014716
1791245902.932597,218.92279958459082,308.6770263591143,-308.9770598215777,50.85920217180956,3.6097817971099984,-2.93786051884289,0.17499593098958333,-0.9897928873697917,0.17499593098958333,-0.9897928873697917,0,idle,202.56673812701402,305.1982430411927,218.22791897414535,307.2337539305569
1791245902.9495301,222.55312277576957,305.729244432307,-308.886087807154,50.92378673041767,3.6303231911787597,-2.9477819268073073,0.17499593098958333,-0.9897928873697917,0.17499593098958333,-0.9897928873697917,0,idle,215.1951882447501,312.9806932214958,221.5250894692954,304.7207080646369
1791245902.966534,226.20406087769527,302.77237827273973,-308.7902960014833,50.99625843050792,3.650938101925706,-2.95686615956728,0.17499593098958333,-0.9897928873697917,0.17499593098958333,-0.9897928873697917,0,idle,240.8405591290427,295.0922315661743,225.95925414911218,301.43026138812485
1791245902.983395,229.87565331590667,299.80720419290395,-308.6902395261599,51.07569484594722,3.6715924382114014,-2.9651740798358044,0.17499593098958333,-0.9897928873697917,0.17499593098958333,-0.9897928873697917,0,idle,227.16329688747769,294.429730634771,229.5074691023313,298.2633194746132
1791245903.000354,233.56790898595827,296.8344441940076,-308.58641667205904,51.161282102489444,3.6922556700515994,-2.9727599988963833,0.17499593098958333,-0.9897928873697917,0.17499593098958333,-0.9897928873697917,0,idle,237.83088642717632,278.3322184099128,233.43128285512256,294.4426424224266
1791245903.017306,237.28080952800448,293.8547716197771,-308.47927090507966,51.25230105726068,3.7129005420462082,-2.97967257423044,0.17499593098958333,-0.9897928873697917,0.17499593098958333,-0.9897928873697917,0,idle,218.90809312312342,290.23812286481314,236.2323788834665,291.401727499027
1791245903.034347,241.01431235974604,290.8688161069972,-308.36919428421794,51.348116155088604,3.733502831741558,-2.9859555127799076,0.17499593098958333,-0.9897928873697917,0.17499593098958333,-0.9897928873697917,0,idle,198.86809470652196,297.6551269504272,237.91099236477376,288.8777397344561
1791245903.051282,244.7683534888056,287.8771679641864,-308.25653162286534,51.44816608488877,3.754041129059531,-2.991648142810777,0.17499593098958333,-0.9897928873697917,0.17499593098958333,-0.9897928873697917,0,idle,246.54955654659784,287.6163227416818,241.90925964647153,285.9726031491471
1791245903.068278,248.5428501138483,284.88038206952285,-308.1415849475388,51.55195569784117,3.7744966250427083,-2.9967858946635655,0.17499593098958333,-0.9897928873697917,0.17499593098958333,-0.9897928873697917,0,idle,247.6992181518513,284.9083842705175,245.78452936553109,283.0724456052853
1791245903.085309,252.33770301908592,281.87898135357005,-308.024617964876,51.65904886081268,3.79485290523764,-3.0014007159528022,0.17499593098958333,-0.9897928873697917,0.17499593098958333,-0.9897928873697917,0,idle,241.55029968426672,285.85503297827677,249.17792814144363,280.3602442937797
1791245903.102279,256.1527987659972,278.8734599162219,-307.90586035665035,51.76906204816539,3.8150957469112727,-3.0055214373481207,0.17499593098958333,-0.9897928873697917,0.17499593098958333,-0.9897928873697917,0,idle,238.46555563260938,297.9960740621477,252.26665047556764,278.38679041671736
1791245903.119211,259.98801168718893,275.8642858170946,-307.7855117974755,51.881658552466234,3.8352129211917267,-3.0091740991273483,0.17499593098958333,-0.9897928873697917,0.17499593098958333,-0.9897928873697917,0,idle,262.94908838162956,275.80421959177056,256.4442246460029,275.39894648129905
1791245903.135333,263.84320568913364,272.8519035720757,-307.66374564065774,51.996543239240324,3.8551940019447377,-3.012382245018916,0.17499593098958333,-0.9897928873697917,0.17499593098958333,-0.9897928873697917,0,idle,283.69711002598217,266.3493433476116,261.46930321684937,272.0847031918467
1791245903.152365,267.71823587238936,269.8367363844434,-307.5407122514177,52.11345779551411,3.875030183255726,-3.015167187632281,0.17499593098958333,-0.9897928873697917,0.17499593098958333,-0.9897928873697917,0,idle,254.57933680607476,282.03174413946005,264.8060835704036,269.71764641097667
1791245903.1693492,271.6129499794973,266.8191881359719,-307.4165419885331,52.232176434636955,3.8947141071079243,-3.0175482484714666,0.17499593098958333,-0.9897928873697917,0.17499593098958333,-0.9897928873697917,0,idle,305.1825193215916,266.68576498488477,270.5248837597155,266.6993815036242
1791245903.186226,275.5271896819232,263.79964516118673,-307.2913478489948,52.352502025894275,3.9142397024258804,-3.01954297478518,0.17499593098958333,-0.9897928873697917,0.17499593098958333,-0.9897928873697917,0,idle,282.25085794414787,257.8730464395048,274.82971018624175,263.3894989243723
1791245903.203778,279.46079171812835,260.77847782608706,-307.165227798117,52.47426261989744,3.93360203620517,-3.0211673350996904,0.17499593098958333,-0.9897928873697917,0.17499593098958333,-0.9897928873697917,0,idle,265.18954256111226,253.12340236572524,278.0846237393802,260.0060851280952
1791245903.220583,283.4135888951634,257.75604193102356,-307.03826681153527,52.59730834154366,3.9527971770350296,-3.02243589506351,0.17499593098958333,-0.9897928873697917,0.17499593098958333,-0.9897928873697917,0,idle,264.9443712796095,268.3842676401781,281.182768434575,257.55368015338905
1791245903.236458,287.3854109661332,254.73267995590658,-306.9105386569647,52.72150862255753,3.9718220709697754,-3.023361975116982,0.17499593098958333,-0.9897928873697917,0.17499593098958333,-0.9897928873697917,0,idle,284.14125496012986,252.47329867955378,285.103923728274,254.42746720333616
1791245903.253129,291.37608539556,251.70872216447486,-306.78210744337895,52.84674974582712,3.990674429426785,-3.0239577914317115,0.17499593098958333,-0.9897928873697917,0.17499593098958333,-0.9897928873697917,0,idle,281.08985401219803,257.22207812324103,288.6943609504257,251.69443784747128
1791245903.27088,295.3854380241417,248.68448758296057,-306.6530289640465,52.97293267419263,4.009352628581742,-3.024234581514282,0.17499593098958333,-0.9897928873697917,0.17499593098958333,-0.9897928873697917,0,idle,310.28525507745104,228.1398506609114,293.5827906539296,247.6436856357047
1791245903.287068,299.4132936437301,245.660284867141,-306.52335185804844,53.09997113712525,4.027855619588406,-3.0242027158195595,0.17499593098958333,-0.9897928873697917,0.17499593098958333,-0.9897928873697917,0,idle,264.75718258311105,241.20032752628805,295.96797308899767,244.44852515020528
1791245903.304425,303.4594764925907,242.63641307047695,-306.39311861280044,53.227789949836065,4.046182848860539,-3.0238717966640554,0.17499593098958333,-0.9897928873697917,0.17499593098958333,-0.9897928873697917,0,idle,307.78312408671144,248.3269006459089,300.40260434530086,241.76976571815962
1791245903.321415,307.5238106801982,239.6131623248102,-306.26236642789985,53.356323540725064,4.064334187607504,-3.0232507456667643,0.17499593098958333,-0.9897928873697917,0.17499593098958333,-0.9897928873697917,0,idle,296.7569284690775,254.46916211622184,304.0814380297168,239.53264732967932
1791245903.337576,311.6061205500009,236.59081444393587,-306.13112795844603,53.485514664644306,4.082309869802708,-3.022347880874309,0.17499593098958333,-0.9897928873697917,0.17499593098958333,-0.9897928873697917,0,idle,323.5302778929313,218.5626893997753,308.9320743991901,235.61291894635352
1791245903.3549771,315.706230987778,233.5696434592852,-305.999431953907,53.61531328113426,4.100110437777069,-3.021170984650667,0.17499593098958333,-0.9897928873697917,0.17499593098958333,-0.9897928873697917,0,idle,318.4550981223874,227.87229643580696,313.3033305012382,232.35577538540807
1791245903.3701608,319.8239676824387,230.54991609595353,-305.8673038066805,53.745675578529706,4.117736694660694,-3.0197273633316817,0.17499593098958333,-0.9897928873697917,0.17499593098958333,-0.9897928873697917,0,idle,317.5371274281604,226.74897054727046,317.42687020751197,229.2066941483361
1791245903.387359,323.95915734537783,227.53189219639052,-305.7347660227369,53.876563126569096,4.135189662939133,-3.018023899563033,0.17499593098958333,-0.9897928873697917,0.17499593098958333,-0.9897928873697917,0,idle,319.2223589448093,216.63728061882037,321.445074824169,225.71110076727547
1791245903.4045608,328.1116278938191,224.51582509823103,-305.60183862514475,54.00794214183372,4.152470548441297,-3.016067098159482,0.17499593098958333,-0.9897928873697917,0.17499593098958333,-0.9897928873697917,0,idle,315.8592553035987,225.80420357956876,325.1106308691597,222.85049216463864
1791245903.420921,332.28120860294985,221.50196197198656,-305.46853949986513,54.13978285196074,4.169580709130715,-3.0138631262444764,0.17499593098958333,-0.9897928873697917,0.17499593098958333,-0.9897928873697917,0,idle,339.5103257181713,215.51690569397593,329.7917172852845,219.62064287117326
1791245903.436755,336.4677302310775,218.4905441236326,-305.33488469194657,54.27205894609485,4.186521628127671,-3.01141784835398,0.17499593098958333,-0.9897928873697917,0.17499593098958333,-0.9897928873697917,0,idle,366.11909345835875,219.22030972909917,335.5852816406595,216.7397792581333
1791245903.453563,340.67102512152235,215.48180726651518,-305.200888659151,54.404747100454905,4.203294890444843,-3.0087368571174116,0.17499593098958333,-0.9897928873697917,0.17499593098958333,-0.9897928873697917,0,idle,338.1471063055555,207.18665665183224,339.7065030198269,213.4038231135567
1791245903.469787,344.89092728449447,212.4759817664527,-305.0665644890755,54.537826569186315,4.219902162972137,-3.0058255000624783,0.17499593098958333,-0.9897928873697917,0.17499593098958333,-0.9897928873697917,0,idle,345.6500020720021,223.7477006868587,344.0125850272592,211.06548276716245
1791245903.486442,349.1272724617909,209.47329286342296,-304.93192408499357,54.67127883184817,4.23634517729644,-3.0026889030297212,0.17499593098958333,-0.9897928873697917,0.17499593098958333,-0.9897928873697917,0,idle,344.5131261575699,221.17777650173,348.0621400022063,208.71854299601262
1791245903.503168,353.3798981767795,206.47396087279608,-304.79697832490905,54.80508728994569,4.2526257149885796,-2.9993319906268585,0.17499593098958333,-0.9897928873697917,0.17499593098958333,-0.9897928873697917,0,idle,343.7361927318347,217.40587865988465,351.8858370679269,206.30354438811068
1791245903.5200498,357.64864377181203,203.47820136869368,-304.66173719768193,54.939237005870986,4.2687455950325734,-2.9957595041024194,0.17499593098958333,-0.9897928873697917,0.17499593098958333,-0.9897928873697917,0,idle,352.1291065962998,193.01534817906654,355.9533088596265,202.7931630487612
1791245903.537792,361.9333504349231,200.4862253517211,-304.52620991953904,55.073714478462236,4.284706663111101,-2.9919760169725884,0.17499593098958333,-0.9897928873697917,0.17499593098958333,-0.9897928873697917,0,idle,344.6777201238075,186.9454281651353,359.4600007527911,199.15839908845592
1791245903.5530062,366.2338612174194,197.4982394030268,-304.3904050338093,55.20850745014341,4.300510782496291,-2.987985948694288,0.17499593098958333,-0.9897928873697917,0.17499593098958333,-0.9897928873697917,0,idle,353.4119445619902,208.28157694881114,363.2430831866225,196.7759713302141
1791245903.569609,370.5500210437458,194.51444582638572,-304.25433049631755,55.34360474126983,4.316159826326361,-2.9837935766410566,0.17499593098958333,-0.9897928873697917,0.17499593098958333,-0.9897928873697917,0,idle,387.05085480882167,186.80700373564522,368.53382360274253,193.44291905267664
1791245903.586119,374.88167671482245,191.53504277977981,-304.11799374852046,55.47899610788736,4.331655671076664,-2.9794030466059054,0.17499593098958333,-0.9897928873697917,0.17499593098958333,-0.9897928873697917,0,idle,394.4598727380568,179.87664840005542,373.94519894703103,189.93417262576997
1791245903.6035268,379.228676905881,188.56022439775316,-303.98140178016814,55.61467211962462,4.347000191058565,-2.9748183820266423,0.17499593098958333,-0.9897928873697917,0.17499593098958333,-0.9897928873697917,0,idle,411.4204948994178,190.20200533077886,379.948613926156,187.1214867980951
1791245903.619937,383.5908721596825,185.59018090564925,-303.8445611830167,55.75062405488297,4.362195253801483,-2.9700434921039034,0.17499593098958333,-0.9897928873697917,0.17499593098958333,-0.9897928873697917,0,idle,401.71733340291115,179.92342614330076,385.18113539110516,183.94004244785668
1791245903.637374,387.9681148758752,182.62509872668937,-303.7074781968965,55.88684381087858,4.37724271619273,-2.965082178959872,0.17499593098958333,-0.9897928873697917,0.17499593098958333,-0.9897928873697917,0,idle,380.9896875033831,176.8860731487212,389.12994357710215,180.77051591288802
1791245903.6538281,392.36025929714185,179.6651605827232,-303.5701587492503,56.02332382642854,4.392144421266682,-2.959938143966175,0.17499593098958333,-0.9897928873697917,0.17499593098958333,-0.9897928873697917,0,idle,388.3791566840319,172.0860875287484,393.264941432652,177.52435325691317
1791245903.671299,396.7671614926914,176.7105455893708,-303.43260848909506,56.16005701566617,4.406902195549572,-2.954614993352387,0.17499593098958333,-0.9897928873697917,0.17499593098958333,-0.9897928873697917,0,idle,404.8561785185509,176.37247847852888,398.031060372719,174.6598752743092
1791245903.687819,401.1886793395705,173.76142934617914,-303.29483281621987,56.29703671112489,4.421517846879095,-2.949116243191662,0.17499593098958333,-0.9897928873697917,0.17499593098958333,-0.9897928873697917,0,idle,422.94573099489236,148.49719249283638,403.47723585836286,170.55008070420348
1791245903.705354,405.6246725021997,170.8179840223321,-303.1568369063164,56.43425661484931,4.435993162629188,-2.94344532384704,0.17499593098958333,-0.9897928873697917,0.17499593098958333,-0.9897928873697917,0,idle,420.6192795336421,187.13486879711866,408.54853154662453,168.58304705119454
1791245903.722066,410.0750024104798,167.88037843838146,-303.0186257326344,56.57171075638184,4.450329908280077,-2.9376055839506554,0.17499593098958333,-0.9897928873697917,0.17499593098958333,-0.9897928873697917,0,idle,414.677624576931,175.77027406568823,413.08279961100595,166.1516830971661
1791245903.739537,414.5395322367619,164.94877814440318,-302.88020408466923,56.70939345663678,4.464529826282117,-2.9316002939782737,0.17499593098958333,-0.9897928873697917,0.17499593098958333,-0.9897928873697917,0,idle,427.51029843998083,157.6912522059981,418.0454778874227,162.94364127332835
1791245903.756117,419.0181268719311,162.02334549493014,-302.7415765843139,56.84729929681432,4.478594635169216,-2.925432649473042,0.17499593098958333,-0.9897928873697917,0.17499593098958333,-0.9897928873697917,0,idle,407.60676129218774,179.83082871492456,421.7782069610717,161.00883962840877
1791245903.77342,423.510652900815,159.10423972096515,-302.60274769984505,56.98542309162805,4.492526028883923,-2.9191057739649793,0.17499593098958333,-0.9897928873697917,0.17499593098958333,-0.9897928873697917,0,idle,413.31978354522965,151.8441795499496,425.6231855177193,157.77745613921905
1791245903.7904031,428.0169785770967,156.19161699933883,-302.46372175805703,57.12375986622415,4.506325676281711,-2.9126227216263123,0.17499593098958333,-0.9897928873697917,0.17499593098958333,-0.9897928873697917,0,idle,420.72897671545627,155.69429986975908,429.65948447007383,154.90630674020105
1791245903.8066418,432.5369737978834,153.2856305196416,-302.3245029548137,57.262304836259176,4.5199952207866465,-2.905986479697251,0.17499593098958333,-0.9897928873697917,0.17499593098958333,-0.9897928873697917,0,idle,431.6734395595982,133.30317513739703,434.0541776842974,151.06546300434846
1791245903.823777,437.070510078058,150.38643054892955,-302.185095364247,57.401053390680545,4.53353628017464,-2.899199970712025,0.17499593098958333,-0.9897928873697917,0.17499593098958333,-0.9897928873697917,0,idle,426.02468859579204,157.23920804755272,437.959562696038,148.61991028433224
1791245903.840673,441.617460524522,147.4941644943787,-302.04550294679785,57.540001076819735,4.546950446463983,-2.892266054550844,0.17499593098958333,-0.9897928873697917,0.17499593098958333,-0.9897928873697917,0,idle,433.75512434757746,152.79689711357108,442.06894370275575,146.08110687397087
1791245903.857342,446.17769981041783,144.60897696403876,-301.90572955626635,57.67914358746431,4.560239285895799,-2.8851875303399366,0.17499593098958333,-0.9897928873697917,0.17499593098958333,-0.9897928873697917,0,idle,431.72455610629544,131.9530767379694,445.88395164453374,142.63377721334786
1791245903.87441,450.75110414940747,141.73100982582005,-301.7657789460138,57.81847674962356,4.57340433898961,-2.877967138218699,0.17499593098958333,-0.9897928873697917,0.17499593098958333,-0.9897928873697917,0,idle,470.1151537974508,125.02604576172338,451.4402458742197,139.01932185945887
1791245903.891333,455.3375512700689,138.86040226482967,-301.625654774438,57.95799651474369,4.5864471206614095,-2.870607560990389,0.17499593098958333,-0.9897928873697917,0.17499593098958333,-0.9897928873697917,0,idle,473.4074996924497,148.14246155622493,456.8957333297596,136.74840166135633
1791245903.908245,459.9369203904624,135.9972908391592,-301.4853606098251,58.09769895016423,4.599369120393498,-2.863111425670478,0.17499593098958333,-0.9897928873697917,0.17499593098958333,-0.9897928873697917,0,idle,461.71010830532566,126.64556095249974,461.5058527429117,133.52330377152654
1791245903.92514,464.5490921929093,133.14180953421436,-301.3448999346675,58.23758023163733,4.612171802446939,-2.8554813049448535,0.17499593098958333,-0.9897928873697917,0.17499593098958333,-0.9897928873697917,0,idle,451.94412757933316,134.81628417256064,465.4093296970574,130.87524555188065
1791245903.9417331,469.1739487990182,130.294089815666,-301.20427614952195,58.377636636757806,4.624856606108882,-2.847719718548352,0.17499593098958333,-0.9897928873697917,0.17499593098958333,-0.9897928873697917,0,idle,442.967828697676,134.02168494704068,468.68086842289176,128.32723378901773
1791245903.958721,473.8113737449864,127.45426068109336,-301.0634925764726,58.517864539173964,4.637424945968165,-2.8398291345726494,0.17499593098958333,-0.9897928873697917,0.17499593098958333,-0.9897928873697917,0,idle,448.79582638213344,124.59920633773791,472.0921700195236,125.44299473860971
1791245903.975759,478.4612519572,124.62244871038205,-300.9225524622548,58.65826040346789,4.649878212213604,-2.831811970711313,0.17499593098958333,-0.9897928873697917,0.17499593098958333,-0.9897928873697917,0,idle,463.5274876411543,133.48927386146588,476.0813202022081,123.15508732257678
1791245903.99208,483.1234697281502,121.79877811493333,-300.7814589810856,58.79882078061058,4.662217770950239,-2.823670595448725,0.17499593098958333,-0.9897928873697917,0.17499593098958333,-0.9897928873697917,0,idle,502.9027275118513,120.11736622533616,481.85149745009295,120.32071420203845
1791245904.0092,487.7979146926798,118.98337078573466,-300.6402152372409,58.939542303910635,4.6744449645295605,-2.8154073291986608,0.17499593098958333,-0.9897928873697917,0.17499593098958333,-0.9897928873697917,0,idle,487.96446224512,143.15782038502053,486.5978684061474,118.78793254844882
1791245904.026269,492.48447580457014,116.17634634033712,-300.4988242674142,59.080421685387535,4.686561111890323,-2.8070244453975457,0.17499593098958333,-0.9897928873697917,0.17499593098958333,-0.9897928873697917,0,idle,475.4030490122957,98.70978462522109,490.49036049275065,115.11735192915977
1791245904.0431519,497.18304331347724,113.37782216878043,-300.35728904288544,59.22145571251011,4.698567508907114,-2.7985241715567,0.17499593098958333,-0.9897928873697917,0.17499593098958333,-0.9897928873697917,0,idle,496.3369202047158,110.84542377355424,495.24632761181067,112.24515755840062
1791245904.0610108,501.89350874222157,110.58791347850313,-300.2156124715251,59.362641245250046,4.7104654287443,-2.7899086902773043,0.17499593098958333,-0.9897928873697917,0.17499593098958333,-0.9897928873697917,0,idle,486.93889350350764,114.266999933579,499.3058980637026,109.69583642139611
1791245904.078794,506.6157648644349,107.80673333827177,-300.07379739965506,59.50397521340692,4.722256122213329,-2.781180140231351,0.17499593098958333,-0.9897928873697917,0.17499593098958333,-0.9897928873697917,0,idle,510.79226768730064,85.69824540847124,504.36635986098514,105.85383573753008
1791245904.09532,511.3497056825666,105.0343927211604,-299.93184661378393,59.64545461416808,4.733940818131735,-2.772340617111367,0.17499593098958333,-0.9897928873697917,0.17499593098958333,-0.9897928873697917,0,idle,510.1076921970856,111.10097826506035,509.1506702550153,103.4824692776508
1791245904.112822,516.095226406249,102.27100054660906,-299.7897628422328,59.787076509872115,4.745520723682447,-2.763392174551348,0.17499593098958333,-0.9897928873697917,0.17499593098958333,-0.9897928873697917,0,idle,524.6536544860667,102.51768549049066,514.4340641540662,100.80900752246902
1791245904.1297688,520.8522234310212,99.51666372158802,-299.64754875666483,59.92883802594849,4.756997024772234,-2.754336825021043,0.17499593098958333,-0.9897928873697917,0.17499593098958333,-0.9897928873697917,0,idle,536.820440443751,118.293566847475,520.072530142084,99.06661550494933
1791245904.14692,525.6205943174095,96.77148718089259,-299.50520697352954,60.07073634901084,4.768370886388345,-2.745176540695421,0.17499593098958333,-0.9897928873697917,0.17499593098958333,-0.9897928873697917,0,idle,522.561312018109,113.10836556853361,524.7269215779542,97.16078529446789
1791245904.16304,530.4002377703621,94.03557392659164,-299.3627400554322,60.212768725083926,4.779643452952551,-2.735913254300956,0.17499593098958333,-0.9897928873697917,0.17499593098958333,-0.9897928873697917,0,idle,532.3521905991822,103.99947454420467,529.6488463093204,94.90360216536882
1791245904.179935,535.191053619034,91.30902506665151,-299.2201505124363,60.354932457947555,4.790815848671951,-2.7265488599401255,0.17499593098958333,-0.9897928873697917,0.17499593098958333,-0.9897928873697917,0,idle,516.7776465040714,89.55797789874609,533.5565613752964,92.04609953509457
1791245904.197564,539.99294279692,88.59193985275613,-299.07744080330644,60.49722490758315,4.801889177886019,-2.7170852138953845,0.17499593098958333,-0.9897928873697917,0.17499593098958333,-0.9897928873697917,0,idle,558.0946101758645,98.73312469854628,539.3452585343165,89.79921984006654
1791245904.2142441,544.8058073223295,85.88441571734242,-298.93461333669774,60.63964348871039,4.812864525409486,-2.707524135413704,0.17499593098958333,-0.9897928873697917,0.17499593098958333,-0.9897928873697917,0,idle,541.7934010116882,63.788528157995984,544.0398869573241,85.92653732731999
1791245904.231288,549.6295502792002,83.18654830986976,-298.79167047229726,60.78218566940353,4.823742956870714,-2.697867407472652,0.17499593098958333,-0.9897928873697917,0.17499593098958333,-0.9897928873697917,0,idle,533.4790154072468,96.85561791070116,548.0943991888474,83.91001731939002
1791245904.248255,554.4640757982455,80.4984315323409,-298.6486145219217,60.924848969778445,4.834525519045323,-2.6881167775288577,0.17499593098958333,-0.9897928873697917,0.17499593098958333,-0.9897928873697917,0,steering,557.1161330267862,86.96577319456686,553.1382851238375,81.50909417449644
1791245904.265141,559.3053740704629,77.82972913312848,-298.23370536188105,61.13482324089146,4.841298272217347,-2.668702399212421,0.17499593098958333,-0.9897928873697917,1.0,0.0,1,idle,549.764459101868,75.61628071771695,557.5688271813456,78.67918622240566
1791245904.282259,564.1508597886093,75.18595800704587,-297.870268457972,61.3824423926131,4.845485718146394,-2.6437711260826147,0.17499593098958333,-0.9897928873697917,0.17499593098958333,-0.9897928873697917,0,steering,579.8894909966759,63.51225280503271,563.2880718043511,75.40925698175853
1791245904.2986722,568.9968018705324,72.58091229452555,-297.17839548198407,61.73874293583869,4.845942081923169,-2.6050457125203277,0.17499593098958333,-0.9897928873697917,1.0,0.0,1,idle,564.0974157281942,64.06404863792915,567.9321839783703,72.36720313767276
1791245904.315895,573.8406283143897,70.02151936279596,-296.60005009193316,62.148812690947906,4.8438264438573,-2.5593929317295956,0.17499593098958333,-0.9897928873697917,0.17499593098958333,-0.9897928873697917,0,steering,552.8512485161015,72.28774610481811,571.7797723269213,69.93180700088692
1791245904.3322701,578.6795302415926,67.52219969963117,-295.67495731715655,62.68339580840162,4.838901927202905,-2.499319663164783,0.17499593098958333,-0.9897928873697917,1.0,0.0,1,idle,595.8791640384766,41.640033327533374,577.5816987433418,66.1428646372127
1791245904.349022,583.5113176715977,65.08898121362776,-294.91941149789807,63.27083367003968,4.831787430005126,-2.4332184860034176,0.17499593098958333,-0.9897928873697917,0.17499593098958333,-0.9897928873697917,0,steering,595.3138730181109,68.62049971018095,583.0585055155851,63.95518882915786
1791245904.366842,588.3337360104903,62.73501149730285,-293.8168083510054,63.98158312504674,4.822418338892628,-2.3539697163249143,0.17499593098958333,-0.9897928873697917,1.0,0.0,1,idle,591.6823050482672,60.701372065881884,588.0709929141672,61.556226760485394
1791245904.383625,593.1448121413891,60.46436393810004,-292.928251670002,64.73444625902498,4.8110761308989005,-2.2706475592028097,0.17499593098958333,-0.9897928873697917,0.17499593098958333,-0.9897928873697917,0,steering,578.9520348095392,72.01195508083089,592.1855673332897,59.921897995260004
1791245904.400626,597.9424079940362,58.2880998995236,-291.7001203110071,65.60021749406765,4.797595852647028,-2.176264038576441,0.17499593098958333,-0.9897928873697917,1.0,0.0,1,idle,588.4345246266221,70.04699661830111,596.555731257971,58.36070208976444
1791245904.417685,602.7246081929095,56.20806457695975,-290.7186180125595,66.49319401237757,4.782200198873237,-2.080035322563854,0.17499593098958333,-0.9897928873697917,0.17499593098958333,-0.9897928873697917,0,steering,602.6804070016625,48.77811943119553,601.4050552340852,55.905539400400336
1791245904.433894,607.4891319473575,54.23306077287463,-289.4078992011623,67.48487759799652,4.76452375444791,-1.975003804085121,0.17499593098958333,-0.9897928873697917,1.0,0.0,1,idle,597.0405202225847,51.33800967597861,605.7131260502358,53.800909300298386
1791245904.450847,612.2340796477519,52.36285398997335,-288.3660654513294,68.48827066140852,4.744947700394358,-1.870206782901279,0.17499593098958333,-0.9897928873697917,0.17499593098958333,-0.9897928873697917,0,steering,600.4973421489937,64.82121616641561,609.9600371705484,52.575228199848034
1791245904.467693,616.9569435933497,50.60414821320233,-287.0060017259312,69.57561489316856,4.7228639455978625,-1.7587057767710224,0.17499593098958333,-0.9897928873697917,1.0,0.0,1,idle,604.3884488889515,35.50056872635703,614.1681785047865,50.05072473824101
1791245904.483795,621.6558876466015,48.95496681763984,-285.92885887411063,70.66053302267427,4.6989440532517825,-1.6491813955624892,0.17499593098958333,-0.9897928873697917,0.17499593098958333,-0.9897928873697917,0,steering,630.9852009649463,51.530810447936325,619.4730264783838,48.558006697941416
1791245904.50063,626.328202143866,47.420216084066354,-284.54415566497244,71.8158056853417,4.67231449726444,-1.5347507335734891,0.17499593098958333,-0.9897928873697917,1.0,0.0,1,idle,637.1871273298026,33.870531680275676,624.7974302933559,46.36561975016331
1791245904.517631,630.972201106726,45.996567977999085,-283.4501848188163,72.95673827337832,4.643998962860003,-1.423648106067266,0.17499593098958333,-0.9897928873697917,0.17499593098958333,-0.9897928873697917,0,steering,621.7590384175608,9.562655207722344,629.0573097142832,43.17300582227736
1791245904.5344472,635.5850463178748,44.687466211257004,-282.0586713964651,74.15633049532418,4.6128452111488745,-1.3091017667420783,0.17499593098958333,-0.9897928873697917,1.0,0.0,1,idle,643.6980813717032,46.389027159862614,634.1715512477456,42.09016021075165
1791245904.551326,640.165289773062,43.48860398934607,-280.96114573735974,75.33209838528965,4.580243455187193,-1.198862221910938,0.17499593098958333,-0.9897928873697917,0.17499593098958333,-0.9897928873697917,0,steering,659.755010265061,55.39147311738206,639.8019554810392,41.61630674526778
1791245904.5681338,644.7100472401527,42.40227719392426,-279.57537872570526,76.55690679284555,4.544757467090678,-1.086326795421806,0.17499593098958333,-0.9897928873697917,1.0,0.0,1,idle,629.0927859415701,50.913986558425705,643.5840165978018,41.04918028027496
1791245904.5840309,649.2181776401576,41.42352303585835,-278.4836062623344,77.75069062144479,4.508130400004885,-0.9787541580659116,0.17499593098958333,-0.9897928873697917,0.17499593098958333,-0.9897928873697917,0,steering,651.4178937327869,43.72271625586605,648.2584343345557,40.2530406288919
1791245904.601876,653.6868222518948,40.553760739319166,-277.11222030085133,78.98584471466152,4.468644611737188,-0.8697622965391836,0.17499593098958333,-0.9897928873697917,1.0,0.0,1,idle,682.4229783018646,70.34493992621137,654.2118739140715,40.931361412045646
1791245904.618915,658.1151903786172,40,-276.03257344662114,80.18474996241059,0.0,0.0,0.17499593098958333,-0.9897928873697917,0.17499593098958333,-0.9897928873697917,0,steering,669.8647257978689,46.16474543104672,654.9945165082613,41.1930306129957
1791245904.6356978,658.1262151480712,40,-276.0236605756723,83.9763394243277,0.0,0.0,0.17499593098958333,-0.9897928873697917,0.17499593098958333,-0.9897928873697917,0,idle,669.6116261598562,51.02927692949818,655.725371990841,41.68484292882082
1791245904.652649,658.1393567267116,40,-276.01498661194427,83.98501338805575,0.0,0.0,0.17499593098958333,-0.9897928873697917,0.17499593098958333,-0.9897928873697917,0,idle,665.583749711704,34.490903248680254,656.2182908768842,41.32514594481379
1791245904.669518,658.1544437122683,40,-276.0067518907963,83.9932481092037,0.0,0.0,0.17499593098958333,-0.9897928873697917,0.17499593098958333,-0.9897928873697917,0,idle,662.0388005997091,37.76447832202814,656.5093163630255,41.14711256367451
1791245904.6868129,658.1712898786136,40,-275.9990481383117,84.00095186168829,0.0,0.0,0.17499593098958333,-0.9897928873697917,0.17499593098958333,-0.9897928873697917,0,idle,659.7414613528638,49.31349507032831,656.6709236125174,41.5554316890072
1791245904.703595,658.189707644939,40,-275.99189764437136,84.00810235562867,0.0,0.0,0.17499593098958333,-0.9897928873697917,0.17499593098958333,-0.9897928873697917,0,idle,664.0025810075083,26.452672377986314,657.037506482267,40.80029372345616
1791245904.720403,658.2095164049043,40,-275.98528167162243,84.01471832837757,0.0,0.0,0.17499593098958333,-0.9897928873697917,0.17499593098958333,-0.9897928873697917,0,idle,661.6524307916786,59.31667574471789,657.2682526977376,41.72611282451924
1791245904.737268,658.2305473520986,40,-275.97915961284065,84.02084038715934,0.0,0.0,0.17499593098958333,-0.9897928873697917,0.17499593098958333,-0.9897928873697917,0,idle,679.992660607234,47.52759266053725,658.4044730932123,42.01618681632014
1791245904.753099,658.2526459526875,40,-275.9734811990858,84.0265188009142,0.0,0.0,0.17499593098958333,-0.9897928873697917,0.17499593098958333,-0.9897928873697917,0,idle,673.3271137780528,35.80158694467649,659.1506051274544,41.70545682273796
1791245904.770918,658.2756728700598,40,-275.96819386658314,84.03180613341688,0.0,0.0,0.17499593098958333,-0.9897928873697917,0.17499593098958333,-0.9897928873697917,0,idle,655.6902198519834,30.004973486058514,658.9775858636808,41.12043265590398
1791245904.7887301,658.2995039002255,40,-275.9632469207159,84.0367530792841,0.0,0.0,0.17499593098958333,-0.9897928873697917,0.17499593098958333,-0.9897928873697917,0,idle,667.2046000155723,39.74634899297044,659.3889365712754,41.051728472757304
1791245904.8057249,658.3240293023272,40,-275.95859366828626,84.04140633171377,0.0,0.0,0.17499593098958333,-0.9897928873697917,0.17499593098958333,-0.9897928873697917,0,idle,666.991650288397,36.16489563662061,659.7690722571315,40.80738683095047
1791245904.8226318,658.3491527855097,40,-275.9541923120651,84.04580768793491,0.0,0.0,0.17499593098958333,-0.9897928873697917,0.17499593098958333,-0.9897928873697917,0,idle,655.6180966069377,24.332446820753013,659.5615234746218,39.983639830440595
1791245904.839515,658.3747903269074,40,-275.95000612545437,84.04999387454565,0.0,0.0,0.17499593098958333,-0.9897928873697917,0.17499593098958333,-0.9897928873697917,0,idle,650.7462804825975,50.64384620367948,659.1207613250206,40.51665014910254
1791245904.856439,658.4008689351052,40,-275.94600323412476,84.05399676587523,0.0,0.0,0.17499593098958333,-0.9897928873697917,0.17499593098958333,-0.9897928873697917,0,idle,661.618791402147,52.98695895435438,659.2456628288769,41.14016558936513
1791245904.873319,658.4273254315801,40,-275.9421562045688,84.0578437954312,0.0,0.0,0.17499593098958333,-0.9897928873697917,0.17499593098958333,-0.9897928873697917,0,idle,645.445424094999,44.35221324692621,658.555650892183,41.300767972243186
1791245904.8902242,658.4541052939029,40,-275.9384415576662,84.06155844233382,0.0,0.0,0.17499593098958333,-0.9897928873697917,0.17499593098958333,-0.9897928873697917,0,idle,679.9867748711275,35.439943602435534,659.6272070911302,41.007726753752806
1791245904.906306,658.4811615850183,40,-275.93483927394936,84.06516072605064,0.0,0.0,0.17499593098958333,-0.9897928873697917,0.17499593098958333,-0.9897928873697917,0,idle,662.2249750484868,41.46161468207271,659.7570954889981,41.0304211501688
1791245904.923307,658.5084539799547,40,-275.9313323257686,84.0686676742314,0.0,0.0,0.17499593098958333,-0.9897928873697917,0.17499593098958333,-0.9897928873697917,0,idle,655.7607955613283,28.990890470352866,659.5572804926146,40.428444616178005
1791245904.939699,658.5359478928796,40,-275.9279062527942,84.07209374720581,0.0,0.0,0.17499593098958333,-0.9897928873697917,0.17499593098958333,-0.9897928873697917,0,idle,653.3549054937118,49.745572953894666,659.2471617426695,40.89430103306384
1791245904.956867,658.5636137021163,40,-275.9245487864913,84.07545121350873,0.0,0.0,0.17499593098958333,-0.9897928873697917,0.17499593098958333,-0.9897928873697917,0,idle,653.4089207553504,40.04342407314943,658.9552496933036,40.85175718506812
1791245904.972432,658.5914260675776,40,-275.9212495232737,84.07875047672634,0.0,0.0,0.17499593098958333,-0.9897928873697917,0.17499593098958333,-0.9897928873697917,0,idle,696.1278256888846,26.301659604426362,660.8138784930826,40.12425230603603
1791245904.9898722,658.6193633333669,40,-275.91799964303095,84.08200035696906,0.0,0.0,0.17499593098958333,-0.9897928873697917,0.17499593098958333,-0.9897928873697917,0,idle,656.3696114560006,41.37457448259689,660.5916651412285,40.18676841486407
1791245905.0062962,658.6474070075493,40,-275.9147916684135,84.08520833158651,0.0,0.0,0.17499593098958333,-0.9897928873697917,0.17499593098958333,-0.9897928873697917,0,idle,663.8613152213912,39.8368055124869,660.7551476452367,40.16927026974521
1791245905.0234182,658.6755413109682,40,-275.9116192599027,84.08838074009729,0.0,0.0,0.17499593098958333,-0.9897928873697917,0.17499593098958333,-0.9897928873697917,0,idle,659.4933597225044,42.15688136123141,660.6920582491,40.26865082431952
1791245905.0404449,658.7037527872453,40,-275.90847704184705,84.09152295815298,0.0,0.0,0.17499593098958333,-0.9897928873697917,0.17499593098958333,-0.9897928873697917,0,idle,659.8890809432262,46.947960106313744,660.6519093838064,40.602616288419235
1791245905.057289,658.7241356615477,40,-275.90623052722356,84.09376947277647,0.0,0.0,0.17499593098958333,0.010420735677083333,0.17499593098958333,0.010420735677083333,0,idle,662.7832006150505,47.38063883945645,660.7584739453686,40.9415174159711
1791245905.0732749,658.7388623309973,40,-275.90462192757275,84.09537807242725,0.0,0.0,0.17499593098958333,0.010420735677083333,0.17499593098958333,0.010420735677083333,0,idle,650.0357773140776,42.07700329820626,660.222339113804,40.99829171008285
1791245905.090236,658.7495023718233,40,-275.90346858653453,84.09653141346547,0.0,0.0,0.17499593098958333,0.010420735677083333,0.17499593098958333,0.010420735677083333,0,idle,637.601110187053,36.56056628580425,659.0912776674664,40.77640543886892
1791245905.107212,658.7571898128044,40,-275.90264072696436,84.09735927303565,0.0,0.0,0.17499593098958333,0.010420735677083333,0.17499593098958333,0.010420735677083333,0,idle,676.2497293639093,27.103689801658987,659.9492002522886,40.092769657008425
1791245905.124278,658.7627439948742,40,-275.9020459226293,84.09795407737066,0.0,0.0,0.17499593098958333,0.010420735677083333,0.17499593098958333,0.010420735677083333,0,idle,689.0000658276405,58.487182216638615,661.4017435310562,41.01249028498994
1791245905.141162,658.7667568945162,40,-275.901618212711,84.09838178728897,0.0,0.0,0.17499593098958333,0.010420735677083333,0.17499593098958333,0.010420735677083333,0,idle,647.9949610888733,63.646983105578954,660.7314044089471,42.14421492601939
1791245905.158601,658.7696562161175,40,-275.9013104400373,84.09868955996266,0.0,0.0,0.17499593098958333,0.010420735677083333,0.17499593098958333,0.010420735677083333,0,idle,664.8848094543619,13.008768027856433,660.9390746612179,40.68744258111124
1791245905.175613,658.7717509768117,40,-275.90108883911614,84.09891116088387,0.0,0.0,0.17499593098958333,0.010420735677083333,0.17499593098958333,0.010420735677083333,0,idle,654.5523344081386,42.19825987885308,660.619737648564,40.76298344599833
1791245905.192682,658.7732644418492,40,-275.90092920140654,84.09907079859347,0.0,0.0,0.17499593098958333,0.010420735677083333,0.17499593098958333,0.010420735677083333,0,idle,654.786482791798,42.47199296170059,660.3280749057257,40.848433921783446
1791245905.2094872,658.7743579205656,40,-275.90081415076816,84.09918584923184,0.0,0.0,0.17499593098958333,0.010420735677083333,0.17499593098958333,0.010420735677083333,0,idle,673.3243180694404,25.831802904428905,660.9778870639113,40.097602370915716
1791245905.226319,658.7751479590565,40,-275.90073120310444,84.09926879689559,0.0,0.0,0.17499593098958333,0.010420735677083333,0.17499593098958333,0.010420735677083333,0,idle,650.3688182738035,54.80133082010153,660.4474336244059,40.83278879337501
1791245905.243437,658.7757187619278,40,-275.9006713816564,84.0993286183436,0.0,0.0,0.17499593098958333,0.010420735677083333,0.17499593098958333,0.010420735677083333,0,idle,664.0429996905365,27.176770908649985,660.6272119277124,40.14998789913876
1791245905.260525,658.7761311670344,40,-275.9006282270769,84.09937177292313,0.0,0.0,0.17499593098958333,0.010420735677083333,0.17499593098958333,0.010420735677083333,0,idle,652.1833682651413,63.29651457811915,660.2050197445839,41.30731423308778
1791245905.277877,658.7764291297406,40,-275.9005970886523,84.0994029113477,0.0,0.0,0.17499593098958333,0.010420735677083333,0.17499593098958333,0.010420735677083333,0,idle,657.577759574758,49.7636606436503,660.0736567360925,41.730131553615905
1791245905.293973,658.7766444078045,40,-275.90057461615663,84.0994253838434,0.0,0.0,0.17499593098958333,0.010420735677083333,0.17499593098958333,0.010420735677083333,0,idle,652.4536496626649,46.51102751591336,659.6926563824211,41.96917635173078
1791245905.310265,658.7767999462103,40,-275.90055839513354,84.09944160486647,0.0,0.0,0.17499593098958333,0.010420735677083333,0.17499593098958333,0.010420735677083333,0,idle,652.0796385635155,30.459396732889367,659.3120054914758,41.39368737078871
1791245905.327384,658.7769123227108,40,-275.90054668487016,84.09945331512984,0.0,0.0,0.17499593098958333,0.010420735677083333,0.17499593098958333,0.010420735677083333,0,idle,656.3406117444076,43.244870971044946,659.1634358041224,41.486246550801525
1791245905.344608,658.7769935147337,40,-275.90053822999135,84.09946177000863,0.0,0.0,0.17499593098958333,0.010420735677083333,0.17499593098958333,0.010420735677083333,0,idle,666.0972430004352,31.26284428724863,659.510126163938,40.97507643762388
1791245905.361829,658.7770521759709,40,-275.9005321248939,84.09946787510609,0.0,0.0,0.17499593098958333,0.010420735677083333,0.17499593098958333,0.010420735677083333,0,idle,647.6162223574624,28.846038389909253,658.9154309736142,40.368624535238155
1791245905.3786519,658.7770945587151,40,-275.9005277161421,84.0994722838579,0.0,0.0,0.17499593098958333,0.010420735677083333,0.17499593098958333,0.010420735677083333,0,idle,656.145836650778,31.413055050191513,658.7769512574724,39.920846060985824
1791245905.395693,658.777125180248,40,-275.90052453215804,84.09947546784194,0.0,0.0,0.17499593098958333,0.010420735677083333,0.17499593098958333,0.010420735677083333,0,idle,640.7374915102135,19.882707826199155,657.8749782701095,38.91893914924649
1791245905.4127529,658.7771473043057,40,-275.90052223255185,84.09947776744816,0.0,0.0,0.17499593098958333,0.010420735677083333,0.17499593098958333,0.010420735677083333,0,idle,662.3497854657559,39.726370910155005,658.0987186298919,38.959310737291915
1791245905.4296498,658.7771632889373,40,-275.90052057159124,84.09947942840878,0.0,0.0,0.17499593098958333,0.010420735677083333,0.17499593098958333,0.010420735677083333,0,idle,635.9764707488456,33.83126162508657,656.9926062358396,38.702908281681644
1791245905.4464378,658.7771748378337,40,-275.90051937185723,84.09948062814276,0.0,0.0,0.17499593098958333,0.010420735677083333,0.17499593098958333,0.010420735677083333,0,idle,640.3675950111165,33.65897002158415,656.1613556746034,38.45071136867677
1791245905.462581,658.7771831819114,40,-275.90051850523975,84.09948149476025,0.0,0.0,0.17499593098958333,0.010420735677083333,0.17499593098958333,0.010420735677083333,0,idle,673.4202797807194,45.49536077566278,657.0243018799092,38.80294383902607
1791245905.479488,658.7771892105075,40,-275.9005178792255,84.09948212077452,0.0,0.0,0.17499593098958333,0.010420735677083333,0.17499593098958333,0.010420735677083333,0,idle,663.4726869181078,32.71096138354264,657.3467211318191,38.4983447162519
1791245905.496372,658.7771935661682,40,-275.900517427002,84.099482572998,0.0,0.0,0.17499593098958333,0.010420735677083333,0.17499593098958333,0.010420735677083333,0,idle,661.0494057084056,28.67184604651755,657.5318553606485,38.007019782765184
1791245905.513228,658.7771967131331,40,-275.90051710031463,84.0994828996854,0.0,0.0,0.17499593098958333,0.010420735677083333,0.17499593098958333,0.010420735677083333,0,idle,661.8231086104008,46.033954393082944,657.7464180231361,38.408366513281074
1791245905.5305128,658.7771989868152,40,-275.9005168643101,84.09948313568994,0.0,0.0,0.17499593098958333,0.010420735677083333,0.17499593098958333,0.010420735677083333,0,idle,668.4767959692215,42.75122783664491,658.2829369204404,38.625509579449265
1791245905.547382,658.7772006295505,40,-275.9005166938134,84.0994833061866,0.0,0.0,0.17499593098958333,0.010420735677083333,0.17499593098958333,0.010420735677083333,0,idle,668.4794413027223,39.732288017818966,658.7927621395545,38.68084850136775
1791245905.564139,658.7772018164268,40,-275.90051657063975,84.09948342936026,0.0,0.0,0.17499593098958333,0.010420735677083333,0.17499593098958333,0.010420735677083333,0,idle,649.7810791611498,56.16805677665229,658.3421779906342,39.55520891513198
1791245905.580415,658.7772026739449,40,-275.9005164816531,84.09948351834694,0.0,0.0,0.17499593098958333,0.010420735677083333,0.17499593098958333,0.010420735677083333,0,idle,667.0555472988599,29.234729836656495,658.7778464560455,39.03918496120821
1791245905.597356,658.7772032935018,40,-275.90051641736403,84.09948358263598,0.0,0.0,0.17499593098958333,0.010420735677083333,0.17499593098958333,0.010420735677083333,0,idle,662.119769691577,41.77788348657751,658.9449426178221,39.17611988747667
1791245905.61425,658.7772037411315,40,-275.90051637091756,84.09948362908246,0.0,0.0,0.17499593098958333,0.010420735677083333,0.17499593098958333,0.010420735677083333,0,idle,661.763160553123,39.344115511926944,659.0858535145871,39.18451966869919
1791245905.631198,658.7772040645441,40,-275.90051633736147,84.09948366263853,0.0,0.0,0.17499593098958333,0.010420735677083333,0.17499593098958333,0.010420735677083333,0,idle,641.9735733434043,59.49232448455288,658.230239506028,40.19990990949187
1791245905.648246,658.7772042982097,40,-275.9005163131181,84.09948368688194,0.0,0.0,0.17499593098958333,0.010420735677083333,0.17499593098958333,0.010420735677083333,0,idle,675.8312579169329,51.187611816762555,659.1102904265733,40.749295004855405
1791245905.66533,658.777204467033,40,-275.90051629560276,84.09948370439723,0.0,0.0,0.17499593098958333,0.010420735677083333,0.17499593098958333,0.010420735677083333,0,idle,669.285233710552,44.203104144464774,659.6190375907722,40.921985461835874
1791245905.68224,658.7772045890079,40,-275.9005162829483,84.09948371705171,0.0,0.0,0.17499593098958333,0.010420735677083333,0.17499593098958333,0.010420735677083333,0,idle,662.4744137910475,67.29841977061174,659.761806400786,42.24080717727467
1791245905.699234,658.7772046771347,40,-275.90051627380564,84.09948372619436,0.0,0.0,0.17499593098958333,0.010420735677083333,0.17499593098958333,0.010420735677083333,0,idle,659.4081196891494,32.26346599839356,659.7441220652041,41.74194011833061
1791245905.716149,658.7772047408064,40,-275.9005162672002,84.09948373279978,0.0,0.0,0.17499593098958333,0.010420735677083333,0.17499593098958333,0.010420735677083333,0,idle,656.7132690424447,43.768401545335664,659.5925794140661,41.84326318968086
1791245905.733214,658.7772047868092,40,-275.90051626242786,84.09948373757214,0.0,0.0,0.17499593098958333,0.010420735677083333,0.17499593098958333,0.010420735677083333,0,idle,655.1528202373216,52.43538084019677,659.3705914552289,42.372869072206655
1791245905.750168,658.7772048200462,40,-275.9005162589799,84.09948374102012,0.0,0.0,0.17499593098958333,0.010420735677083333,0.17499593098958333,0.010420735677083333,0,idle,660.3116201926911,68.3825279021171,659.417642892102,43.67335201370218
1791245905.7669902,658.77720484406,40,-275.9005162564888,84.09948374351119,0.0,0.0,0.17499593098958333,0.010420735677083333,0.17499593098958333,0.010420735677083333,0,idle,674.5074307264088,50.71074334429966,660.1721322838173,44.02522158023205
1791245905.784829,658.7772048614099,40,-275.90051625468897,84.09948374531102,0.0,0.0,0.17499593098958333,0.010420735677083333,0.17499593098958333,0.010420735677083333,0,idle,643.1887232897208,48.286891786043746,659.3229618341124,44.23830509052264
1791245905.801868,658.7772048739453,40,-275.9005162533886,84.09948374661138,0.0,0.0,0.17499593098958333,0.010420735677083333,0.17499593098958333,0.010420735677083333,0,idle,637.7365618190885,47.848443484661814,658.2436418333613,44.418812010229594
1791245905.8187652,658.777204883002,40,-275.9005162524491,84.09948374755089,0.0,0.0,0.17499593098958333,0.010420735677083333,0.17499593098958333,0.010420735677083333,0,idle,649.8853573168496,46.29667712716065,657.8257276075357,44.512705266076146
1791245905.835486,658.7772048895455,40,-275.90051625177034,84.09948374822964,0.0,0.0,0.17499593098958333,0.010420735677083333,0.17499593098958333,0.010420735677083333,0,idle,651.2886885155817,36.51317224875487,657.498875652938,44.11272861521008
1791245905.852366,658.7772048942732,40,-275.9005162512799,84.09948374872012,0.0,0.0,0.17499593098958333,0.010420735677083333,0.17499593098958333,0.010420735677083333,0,idle,658.3361444757071,21.151392422396448,657.5407390940765,42.9646618055694
1791245905.869267,658.7772048976889,40,-275.9005162509256,84.09948374907441,0.0,0.0,0.17499593098958333,0.010420735677083333,0.17499593098958333,0.010420735677083333,0,idle,647.4117837430229,17.98234560673146,657.0342913265238,41.7155459956275
1791245905.885241,658.7772049001568,40,-275.90051625066957,84.09948374933043,0.0,0.0,0.17499593098958333,0.010420735677083333,0.17499593098958333,0.010420735677083333,0,idle,659.9619021745431,33.83675193047042,657.1806718689247,41.321606292369644
1791245905.9020932,658.7772049019399,40,-275.9005162504846,84.09948374951541,0.0,0.0,0.17499593098958333,0.010420735677083333,0.17499593098958333,0.010420735677083333,0,idle,648.3412654656663,33.14552592811168,656.7387015487618,40.912802274156746
1791245905.9189062,658.7772049032282,40,-275.90051625035096,84.09948374964904,0.0,0.0,0.17499593098958333,0.010420735677083333,0.17499593098958333,0.010420735677083333,0,idle,654.6922499054006,53.6644828714598,656.6363789665937,41.5503863040219
1791245905.936887,658.7772049041589,40,-275.9005162502544,84.09948374974563,0.0,0.0,0.17499593098958333,0.010420735677083333,0.17499593098958333,0.010420735677083333,0,idle,658.5495777032882,25.90300939379906,656.7320389034285,40.768017458510755
1791245905.9535968,658.7772049048314,40,-275.90051625018464,84.09948374981535,0.0,0.0,0.17499593098958333,0.010420735677083333,0.17499593098958333,0.010420735677083333,0,idle,631.0542377964479,53.756318815540325,655.4481488480794,41.417432526362234
1791245905.970029,658.7772049053173,40,-275.9005162501342,84.09948374986578,0.0,0.0,0.17499593098958333,0.010420735677083333,0.17499593098958333,0.010420735677083333,0,idle,642.2206606913365,24.726586637400803,654.7867744402423,40.58289023191416
1791245905.98733,658.7772049056683,40,-275.9005162500978,84.09948374990222,0.0,0.0,0.17499593098958333,0.010420735677083333,0.17499593098958333,0.010420735677083333,0,idle,655.9584413707302,63.576629190591476,654.8453577867667,41.73257717984803
1791245906.003805,658.777204905922,40,-275.90051625007146,84.09948374992852,0.0,0.0,0.17499593098958333,0.010420735677083333,0.17499593098958333,0.010420735677083333,0,idle,671.4005754683262,42.39706621639158,655.6731186708447,41.76580163167521
1791245906.020617,658.7772049061052,40,-275.9005162500525,84.09948374994751,0.0,0.0,0.17499593098958333,0.010420735677083333,0.17499593098958333,0.010420735677083333,0,idle,666.2595814564612,51.78463284650165,656.2024418101255,42.266743192416534
1791245906.037065,658.7772049062377,40,-275.9005162500387,84.0994837499613,0.0,0.0,0.17499593098958333,0.010420735677083333,0.17499593098958333,0.010420735677083333,0,idle,649.7096034758155,50.71840633057599,655.87779989341,42.68932634932451
1791245906.054476,658.7772049063333,40,-275.9005162500288,84.09948374997123,0.0,0.0,0.17499593098958333,0.010420735677083333,0.17499593098958333,0.010420735677083333,0,idle,655.101930340653,46.008966139730475,655.8390064157722,42.85530833884481
1791245906.071334,658.7772049064024,40,-275.9005162500216,84.09948374997839,0.0,0.0,0.17499593098958333,0.010420735677083333,0.17499593098958333,0.010420735677083333,0,idle,670.0374361299736,36.80425777951657,656.5489279014823,42.552755810878395
1791245906.0879,658.7772049064523,40,-275.90051625001644,84.09948374998359,0.0,0.0,0.17499593098958333,0.010420735677083333,0.17499593098958333,0.010420735677083333,0,idle,660.3309128450558,28.553504267132965,656.738027148661,41.85279323369112
1791245906.1057549,658.7772049064884,40,-275.9005162500127,84.0994837499873,0.0,0.0,0.17499593098958333,0.010420735677083333,0.17499593098958333,0.010420735677083333,0,idle,660.9707005464959,46.31891203469396,656.9496608185527,42.07609917374126
1791245906.1218739,658.7772049065144,40,-275.90051625000996,84.09948374999004,0.0,0.0,0.17499593098958333,0.010420735677083333,0.17499593098958333,0.010420735677083333,0,idle,672.5015361408813,61.81166149334574,657.7272545846691,43.062877289721484
1791245906.1388412,658.7772049065333,40,-275.900516250008,84.09948374999199,0.0,0.0,0.17499593098958333,0.010420735677083333,0.17499593098958333,0.010420735677083333,0,idle,664.0591080101524,54.4534004389434,658.0438472559433,43.63240344718258
1791245906.1558762,658.7772049065469,40,-275.9005162500066,84.09948374999341,0.0,0.0,0.17499593098958333,0.010420735677083333,0.17499593098958333,0.010420735677083333,0,idle,670.8276049695294,31.87635061238759,658.6830351416227,43.04460080544283
1791245906.1720908,658.7772049065567,40,-275.9005162500056,84.09948374999442,0.0,0.0,0.17499593098958333,0.010420735677083333,0.17499593098958333,0.010420735677083333,0,idle,662.9659582773461,30.539136513213517,658.8971812984089,42.419327590831365
1791245906.18927,658.7772049065637,40,-275.90051625000484,84.09948374999519,0.0,0.0,0.17499593098958333,0.010420735677083333,0.17499593098958333,0.010420735677083333,0,idle,657.0868728979888,10.579640804572609,658.8066658783879,40.82734325151843
1791245906.206038,658.7772049065688,40,-275.90051625000433,84.0994837499957,0.0,0.0,0.17499593098958333,0.010420735677083333,0.17499593098958333,0.010420735677083333,0,idle,659.0890576574104,49.83055881410746,658.820785467339,41.27750402964788
1791245906.223239,658.7772049065726,40,-275.90051625000393,84.09948374999605,0.0,0.0,0.17499593098958333,0.010420735677083333,0.17499593098958333,0.010420735677083333,0,idle,645.1244289586397,46.54071678948699,658.135967641904,41.54066466763984
1791245906.240992,658.7772049065753,40,-275.90051625000365,84.09948374999637,0.0,0.0,0.17499593098958333,0.010420735677083333,0.17499593098958333,0.010420735677083333,0,idle,677.4588585527065,36.502368465750564,659.1021121874442,41.288749857545376
1791245906.2580621,658.7772049065773,40,-275.9005162500034,84.09948374999657,0.0,0.0,0.17499593098958333,0.010420735677083333,0.17499593098958333,0.010420735677083333,0,idle,659.7580945224812,45.23579615035011,659.1349113041961,41.48610217218561
1791245906.275954,658.7772049065786,40,-275.90051625000325,84.09948374999676,0.0,0.0,0.17499593098958333,0.010420735677083333,0.17499593098958333,0.010420735677083333,0,idle,659.419887841898,31.974596062737177,659.1491601310812,41.01052686671319
1791245906.29206,658.7772049065796,40,-275.90051625000314,84.09948374999686,0.0,0.0,0.17499593098958333,0.010420735677083333,0.17499593098958333,0.010420735677083333,0,idle,633.8337988040616,32.987096199366434,657.8833920647302,40.60935533334585
1791245906.309216,658.7772049065803,40,-275.9005162500031,84.09948374999692,0.0,0.0,0.17499593098958333,0.010420735677083333,0.17499593098958333,0.010420735677083333,0,idle,656.2533008303951,33.558417953172494,657.8018875030134,40.25680846433718
1791245906.3261728,658.7772049065809,40,-275.900516250003,84.09948374999696,0.0,0.0,0.17499593098958333,0.010420735677083333,0.17499593098958333,0.010420735677083333,0,idle,664.4730090653327,31.941739456619914,658.1354435811294,39.84105501395132
1791245906.343047,658.7772049065812,40,-275.90051625000297,84.09948374999702,0.0,0.0,0.17499593098958333,0.010420735677083333,0.17499593098958333,0.010420735677083333,0,idle,663.3803091492634,51.434367541008996,658.3976868595361,40.420720640304204
1791245906.360849,658.7772049065815,40,-275.9005162500029,84.09948374999708,0.0,0.0,0.17499593098958333,0.010420735677083333,0.17499593098958333,0.010420735677083333,0,idle,662.033479600846,36.07979196485249,658.5794764966016,40.203674206531616
1791245906.3777962,658.7772049065817,40,-275.9005162500029,84.09948374999708,0.0,0.0,0.17499593098958333,0.010420735677083333,0.17499593098958333,0.010420735677083333,0,idle,654.5884430506334,76.65645716287148,658.3799248243032,42.02631335434861
1791245906.3948421,658.7772049065818,40,-275.9005162500029,84.09948374999708,0.0,0.0,0.17499593098958333,0.010420735677083333,0.17499593098958333,0.010420735677083333,0,idle,665.880585755177,36.92217733908658,658.7549578708469,41.77110655358551
1791245906.411757,658.7772049065819,40,-275.9005162500029,84.09948374999708,0.0,0.0,0.17499593098958333,0.010420735677083333,0.17499593098958333,0.010420735677083333,0,idle,677.1780498688015,40.18165168524465,659.6761124707446,41.69163381016847
1791245906.4287229,658.777204906582,40,-275.9005162500029,84.09948374999708,0.0,0.0,0.17499593098958333,0.010420735677083333,0.17499593098958333,0.010420735677083333,0,idle,651.8629145333568,26.71687270427059,659.2854525738752,40.942895754873575
1791245906.445635,658.777204906582,40,-275.9005162500029,84.09948374999708,0.0,0.0,0.17499593098958333,0.010420735677083333,0.17499593098958333,0.010420735677083333,0,idle,660.5045014241954,-0.2029064786332384,659.3464050163913,38.88560564319823
1791245906.462605,658.777204906582,40,-275.9005162500029,84.09948374999708,0.0,0.0,0.17499593098958333,0.010420735677083333,0.17499593098958333,0.010420735677083333,0,idle,652.2363574251409,50.9466814436236,658.9909026368288,39.4886594332195
1791245906.479064,658.777204906582,40.0,-275.9005162500029,84.09948374999708,2.829107336038973e-14,-2.9238556650558574e-15,0.17499593098958333,0.010420735677083333,0.17499593098958333,0.010420735677083333,0,idle,680.9535466910382,57.50886968314122,660.0890348395392,40.38966994571559
1791245906.49597,658.7772049065821,40,-275.9005162500029,84.09948374999708,0.0,0.0,0.17499593098958333,0.010420735677083333,0.17499593098958333,0.010420735677083333,0,idle,663.4666882247706,29.796922358053415,660.2579175088008,39.86003256633248
1791245906.513697,658.7772049065821,40.0,-275.9005162500029,84.09948374999708,1.476811711333194e-14,-1.5262709312570641e-15,0.17499593098958333,0.010420735677083333,0.17499593098958333,0.010420735677083333,0,idle,658.0671350531893,55.6237728575285,660.1483783860202,40.64821958089228
1791245906.5308459,658.7772049065821,40,-275.9005162500029,84.09948374999708,0.0,0.0,0.17499593098958333,0.010420735677083333,0.17499593098958333,0.010420735677083333,0,idle,667.9125214068902,36.288115315314776,660.5365855370637,40.4302143676134
1791245906.54755,658.7772049065821,40.0,-275.9005162500029,84.09948374999708,7.709049433891229e-15,-7.967229653095076e-16,0.17499593098958333,0.010420735677083333,0.17499593098958333,0.010420735677083333,0,idle,663.16614969453,29.390596725692582,660.6680637449371,39.87823348551736
1791245906.564965,658.7772049065821,40.0,-275.9005162500029,84.09948374999708,1.890644373661824e-14,-1.9539630724215673e-15,0.17499593098958333,0.010420735677083333,0.17499593098958333,0.010420735677083333,0,idle,661.649550359194,56.31743863050753,660.7171380756499,40.70019374276687
1791245906.581046,658.7772049065821,40.0,-275.9005162500029,84.09948374999708,3.1066168316489685e-14,-3.2106591031969197e-15,0.17499593098958333,0.010420735677083333,0.17499593098958333,0.010420735677083333,0,idle,658.638301581008,51.53758389441606,660.6131962509178,41.24206325034933
1791245906.5979881,658.7772049065821,40,-275.9005162500029,84.09948374999708,0.0,0.0,0.17499593098958333,0.010420735677083333,0.17499593098958333,0.010420735677083333,0,idle,643.9044576507441,29.628734523366155,659.7777593209091,40.66139681400017
1791245906.615024,658.7772049065821,40.0,-275.9005162500029,84.09948374999708,2.1006429277931088e-15,-2.170994591278665e-16,0.17499593098958333,0.010420735677083333,0.17499593098958333,0.010420735677083333,0,idle,657.3728556817837,13.95922972320669,659.6575141389528,39.3262884594605
1791245906.63203,658.7772049065821,40.0,-275.9005162500029,84.09948374999708,5.151826780412599e-15,-5.324364235110926e-16,0.17499593098958333,0.010420735677083333,0.17499593098958333,0.010420735677083333,0,idle,659.7317202536441,35.42673377629183,659.6612244446874,39.131310725302065
1791245906.649031,658.7772049065821,40.0,-275.9005162500029,84.09948374999708,8.465236515512163e-15,-8.748741847515741e-16,0.17499593098958333,0.010420735677083333,0.17499593098958333,0.010420735677083333,0,idle,663.3330343192688,47.36499589191972,659.8448149384164,39.542994983632944
1791245906.665945,658.7772049065821,40.0,-275.9005162500029,84.09948374999708,1.1650522950951033e-14,-1.2040705241920946e-15,0.17499593098958333,0.010420735677083333,0.17499593098958333,0.010420735677083333,0,idle,661.5061899263765,35.74122468057246,659.9278836878144,39.35290646847992
1791245906.6829891,658.7772049065821,40.0,-275.9005162500029,84.09948374999708,1.4505861160557788e-14,-1.4991670266633653e-15,0.17499593098958333,0.010420735677083333,0.17499593098958333,0.010420735677083333,0,idle,660.1638871145914,45.90515092281356,659.9396838591533,39.6805186911966
1791245906.700654,658.7772049065821,40.0,-275.9005162500029,84.09948374999708,1.694556826395778e-14,-1.7513084475449244e-15,0.17499593098958333,0.010420735677083333,0.17499593098958333,0.010420735677083333,0,idle,667.0469062326287,35.98769212272482,660.295044977827,39.495877362773015
1791245906.717268,658.7772049065821,40.0,-275.9005162500029,84.09948374999708,1.8952824284801954e-14,-1.958756458194806e-15,0.17499593098958333,0.010420735677083333,0.17499593098958333,0.010420735677083333,0,idle,669.952163755175,16.015981770354344,660.7779009166944,38.32188258315208
1791245906.73425,658.7772049065821,40.0,-275.9005162500029,84.09948374999708,2.0549275718190097e-14,-2.1237482034013996e-15,0.17499593098958333,0.010420735677083333,0.17499593098958333,0.010420735677083333,0,idle,639.4211042452479,31.412789271810848,659.7100610831221,37.97642791758502
1791245906.7511911,658.7772049065821,40.0,-275.9005162500029,84.09948374999708,2.1775896162322176e-14,-2.250518265772745e-15,0.17499593098958333,0.010420735677083333,0.17499593098958333,0.010420735677083333,0,idle,649.8965005186675,33.88175532077629,659.2193830548994,37.77169428774459
1791245906.768169,658.7772049065821,40.0,-275.9005162500029,84.09948374999708,2.2681274659307177e-14,-2.344088276839758e-15,0.17499593098958333,0.010420735677083333,0.17499593098958333,0.010420735677083333,0,idle,674.0682147369471,34.97002596946383,659.9618246390017,37.63161087183055
1791245906.78514,658.7772049065821,40.0,-275.9005162500029,84.09948374999708,2.331474141615188e-14,-2.4095564668243113e-15,0.17499593098958333,0.010420735677083333,0.17499593098958333,0.010420735677083333,0,idle,652.0136684157724,41.31938557131122,659.5644168278403,37.81599960680459
1791245906.802043,658.7772049065821,40.0,-275.9005162500029,84.09948374999708,2.3722591678286347e-14,-2.4517074055407616e-15,0.17499593098958333,0.010420735677083333,0.17499593098958333,0.010420735677083333,0,idle,644.4791179427657,34.22235691834856,658.8101518835866,37.63631747238179
1791245906.8189282,658.7772049065821,40.0,-275.9005162500029,84.09948374999708,2.3946250377433834e-14,-2.474822320489764e-15,0.17499593098958333,0.010420735677083333,0.17499593098958333,0.010420735677083333,0,idle,670.4123742521335,42.92346033986296,659.390263002014,37.90067461575585
1791245906.836502,658.7772049065821,40.0,-275.9005162500029,84.09948374999708,2.4021615758413702e-14,-2.4826112613093656e-15,0.17499593098958333,0.010420735677083333,0.17499593098958333,0.010420735677083333,0,idle,683.090973821279,39.307039602750606,660.5752985429772,37.970992865105586
1791245906.853015,658.7772049065821,40.0,-275.9005162500029,84.09948374999708,2.3979087395439736e-14,-2.4782159952329264e-15,0.17499593098958333,0.010420735677083333,0.17499593098958333,0.010420735677083333,0,idle,653.6382734382015,32.17924041571687,660.2284472877384,37.68140524263615
1791245906.869674,658.7772049065821,40.0,-275.9005162500029,84.09948374999708,2.384396311285316e-14,-2.4642510284713425e-15,0.17499593098958333,0.010420735677083333,0.17499593098958333,0.010420735677083333,0,idle,667.0038557428296,53.84537013081285,660.567217710493,38.48960348704499
1791245906.8862689,658.7772049065821,40.0,-275.9005162500029,84.09948374999708,2.3637008264187766e-14,-2.4428624406658234e-15,0.17499593098958333,0.010420735677083333,0.17499593098958333,0.010420735677083333,0,idle,645.0889163775719,30.37420457355872,659.7933026438469,38.08383354137067
1791245906.9029179,658.7772049065821,40.0,-275.9005162500029,84.09948374999708,2.337507890889627e-14,-2.4157922896129574e-15,0.17499593098958333,0.010420735677083333,0.17499593098958333,0.010420735677083333,0,idle,657.7152313191162,61.3874392336932,659.6893990776103,39.2490138259868
1791245906.919852,658.7772049065821,40.0,-275.9005162500029,84.09948374999708,2.3071730956816963e-14,-2.384441565769019e-15,0.17499593098958333,0.010420735677083333,0.17499593098958333,0.010420735677083333,0,idle,652.7151670020384,31.146128882514233,659.3406874738317,38.84386957881317
1791245906.9374342,658.7772049065821,40.0,-275.9005162500029,84.09948374999708,2.273777944444628e-14,-2.349927992923597e-15,0.17499593098958333,0.010420735677083333,0.17499593098958333,0.010420735677083333,0,idle,655.9791739374934,23.384232323666602,659.1726117970148,38.07088771605584
1791245906.954131,658.7772049065821,40.0,-275.9005162500029,84.09948374999708,2.2381791984127596e-14,-2.3131370257063923e-15,0.17499593098958333,0.010420735677083333,0.17499593098958333,0.010420735677083333,0,idle,642.8478006552831,27.853356250720267,658.3563712399282,37.560011142789065
1791245906.970709,658.7772049065821,40.0,-275.9005162500029,84.09948374999708,2.2010512305286086e-14,-2.274765622173122e-15,0.17499593098958333,0.010420735677083333,0.17499593098958333,0.010420735677083333,0,idle,654.3165298362552,37.07362049630869,658.1543791697445,37.535691610465044
1791245906.9873059,658.7772049065821,40.0,-275.9005162500029,84.09948374999708,2.1629216526349798e-14,-2.2353590641714857e-15,0.17499593098958333,0.010420735677083333,0.17499593098958333,0.010420735677083333,0,idle,671.2968588096859,54.98577835042058,658.8115031517416,38.40819594746282
1791245907.004199,658.7772049065821,40.0,-275.9005162500029,84.09948374999708,2.1242008254074053e-14,-2.1953414555771425e-15,0.17499593098958333,0.010420735677083333,0.17499593098958333,0.010420735677083333,0,idle,651.6280224766019,43.606861550562044,658.4523291179846,38.66812922761778
1791245907.021186,658.7772049065821,40.0,-275.9005162500029,84.09948374999708,2.0852060057870103e-14,-2.155040678437115e-15,0.17499593098958333,0.010420735677083333,0.17499593098958333,0.010420735677083333,0,idle,670.8548687834284,19.382792218546953,659.0724561012568,37.70386237716424
1791245907.038173,658.7772049065821,40.0,-275.9005162500029,84.09948374999708,2.0461809129319967e-14,-2.11470861419553e-15,0.17499593098958333,0.010420735677083333,0.17499593098958333,0.010420735677083333,0,idle,640.7671815088412,36.51860123879664,658.157192371636,37.64459932024586
1791245907.055163,658.7772049065821,40.0,-275.9005162500029,84.09948374999708,2.0073114537512255e-14,-2.0745373958837945e-15,0.17499593098958333,0.010420735677083333,0.17499593098958333,0.010420735677083333,0,idle,627.9920079016097,46.98644292909978,656.6489331481347,38.11169150068856
1791245907.072135,658.7772049065821,40.0,-275.9005162500029,84.09948374999708,1.9687382760214567e-14,-2.0346723816484924e-15,0.17499593098958333,0.010420735677083333,0.17499593098958333,0.010420735677083333,0,idle,667.9498725257539,44.944076879966076,657.2139801170157,38.45331076965243
1791245907.089041,658.7772049065821,40.0,-275.9005162500029,84.09948374999708,1.9305667311565965e-14,-1.995222451179146e-15,0.17499593098958333,0.010420735677083333,0.17499593098958333,0.010420735677083333,0,idle,653.6466758836895,63.77584404007966,657.0356149053493,39.719437433173795
1791245907.106187,658.7772049065821,40.0,-275.9005162500029,84.09948374999708,1.8928747417510793e-14,-1.956268136739862e-15,0.17499593098958333,0.010420735677083333,0.17499593098958333,0.010420735677083333,0,idle,653.4289628102172,27.61459398073733,656.8552823005928,39.11419526055197
1791245907.12315,658.7772049065821,40.0,-275.9005162500029,84.09948374999708,1.8557189875562588e-14,-1.9178680163174065e-15,0.17499593098958333,0.010420735677083333,0.17499593098958333,0.010420735677083333,0,idle,647.2102837608761,25.126033728777305,656.373032373607,38.41478718396324
1791245907.1403031,658.7772049065821,40.0,-275.9005162500029,84.09948374999708,1.819139750708035e-14,-1.8800637211181146e-15,0.17499593098958333,0.010420735677083333,0.17499593098958333,0.010420735677083333,0,idle,653.3236353002086,24.099428808419816,656.2205625199371,37.69901926518607
1791245907.157525,658.7772049065821,40.0,-275.9005162500029,84.09948374999708,1.7831646979089874e-14,-1.8428838444173428e-15,0.17499593098958333,0.010420735677083333,0.17499593098958333,0.010420735677083333,0,idle,657.5904540938186,22.834904784473302,656.2890570986311,36.95581354115043
1791245907.1745532,658.7772049065821,40.0,-275.9005162500029,84.09948374999708,1.7478118238020524e-14,-1.806346983508314e-15,0.17499593098958333,0.010420735677083333,0.17499593098958333,0.010420735677083333,0,idle,656.7533438030737,32.58373485086253,656.3122714338533,36.73720960663603
1791245907.191065,658.7772049065821,40.0,-275.9005162500029,84.09948374999708,1.7130917352441543e-14,-1.7704641004773068e-15,0.17499593098958333,0.010420735677083333,0.17499593098958333,0.010420735677083333,0,idle,652.6712371323108,58.03658887577542,656.1302197187762,37.802178570093
1791245907.20827,658.7772049065821,40.0,-275.9005162500029,84.09948374999708,1.679009419591844e-14,-1.7352403497101294e-15,0.17499593098958333,0.010420735677083333,0.17499593098958333,0.010420735677083333,0,idle,660.2183605277335,32.80170264844463,656.3346267592241,37.55215477401058
1791245907.225217,658.7772049065821,40.0,-275.9005162500029,84.09948374999708,1.6455656103517764e-14,-1.7006764892789704e-15,0.17499593098958333,0.010420735677083333,0.17499593098958333,0.010420735677083333,0,idle,649.1094712754433,46.95282917219018,655.973368985035,38.022188493919565
1791245907.242032,658.7772049065821,40.0,-275.9005162500029,84.09948374999708,1.6127578395591085e-14,-1.6667699685655141e-15,0.17499593098958333,0.010420735677083333,0.17499593098958333,0.010420735677083333,0,idle,654.9082520232712,20.581295950965153,655.9201131369468,37.15014386677184
1791245907.259265,658.7772049065821,40.0,-275.9005162500029,84.09948374999708,1.5805812470477175e-14,-1.633515764634056e-15,0.17499593098958333,0.010420735677083333,0.17499593098958333,0.010420735677083333,0,idle,658.712023262555,38.61722589463974,656.0597086432273,37.22349796816523
1791245907.2761338,658.7772049065821,40.0,-275.9005162500029,84.09948374999708,1.5490292015048453e-14,-1.6009070240856005e-15,0.17499593098958333,0.010420735677083333,0.17499593098958333,0.010420735677083333,0,idle,654.3413341268529,43.3880528829181,655.9737899174086,37.53172571390288
1791245907.2930508,658.7772049065821,40.0,-275.9005162500029,84.09948374999708,1.5180937761193123e-14,-1.5689355546357906e-15,0.17499593098958333,0.010420735677083333,0.17499593098958333,0.010420735677083333,0,idle,673.9238310850171,29.567759162169473,656.871291975789,37.13352738631621
1791245907.3100312,658.7772049065821,40.0,-275.9005162500029,84.09948374999708,1.487766112114711e-14,-1.5375922008230235e-15,0.17499593098958333,0.010420735677083333,0.17499593098958333,0.010420735677083333,0,idle,675.9498487757193,29.018646008030714,657.8252198157854,36.727783317401936
1791245907.326912,658.7772049065821,40.0,-275.9005162500029,84.09948374999708,1.458036695991832e-14,-1.5068671305358757e-15,0.17499593098958333,0.010420735677083333,0.17499593098958333,0.010420735677083333,0,idle,663.0806529167096,41.085963518555495,658.0879914708316,36.94569232745961
1791245907.343982,658.7772049065821,40.0,-275.9005162500029,84.09948374999708,1.4288955704666343e-14,-1.4767500530154987e-15,0.17499593098958333,0.010420735677083333,0.17499593098958333,0.010420735677083333,0,idle,678.1843081537802,39.97217216937556,659.092807304979,37.09701631955541
1791245907.361856,658.7772049065821,40.0,-275.9005162500029,84.09948374999708,1.4003324945399495e-14,-1.447230384286144e-15,0.17499593098958333,0.010420735677083333,0.17499593098958333,0.010420735677083333,0,idle,649.7924385077717,41.74294264817502,658.6277888651186,37.32931263598639
1791245907.3796859,658.7772049065821,40.0,-275.9005162500029,84.09948374999708,1.3723370645985046e-14,-1.4182973723119244e-15,0.17499593098958333,0.010420735677083333,0.17499593098958333,0.010420735677083333,0,idle,669.9066643347893,50.13626185361558,659.1917326386022,37.96966009686785
1791245907.3967402,658.7772049065821,40.0,-275.9005162500029,84.09948374999708,1.3448988057047984e-14,-1.389940191344038e-15,0.17499593098958333,0.010420735677083333,0.17499593098958333,0.010420735677083333,0,idle,659.0262924264782,21.383280266941227,659.1834606279959,37.14034110537152
1791245907.413716,658.7772049065821,40.0,-275.9005162500029,84.09948374999708,1.3180072401120899e-14,-1.3621480127303598e-15,0.17499593098958333,0.010420735677083333,0.17499593098958333,0.010420735677083333,0,idle,652.8431480390885,54.78417830241981,658.8664449985506,38.02253296522393
1791245907.4307299,658.7772049065821,40.0,-275.9005162500029,84.09948374999708,1.2916519384030318e-14,-1.3349100577667366e-15,0.17499593098958333,0.010420735677083333,0.17499593098958333,0.010420735677083333,0,idle,638.8767748709392,40.618220107485506,657.86696149217,38.15231732233701
1791245907.447863,658.7772049065821,40.0,-275.9005162500029,84.09948374999708,1.2658225573884074e-14,-1.3082156368649715e-15,0.17499593098958333,0.010420735677083333,0.17499593098958333,0.010420735677083333,0,idle,648.3906107876003,37.09899300603316,657.3931439569416,38.09965110652182
1791245907.464884,658.7772049065821,40.0,-275.9005162500029,84.09948374999708,1.2405088679314552e-14,-1.2820541783090015e-15,0.17499593098958333,0.010420735677083333,0.17499593098958333,0.010420735677083333,0,idle,677.2763899117843,45.56061725688548,658.3873062546837,38.47269941404
1791245907.4814029,658.7772049065821,40.0,-275.9005162500029,84.09948374999708,1.2157007751174094e-14,-1.256415249099926e-15,0.17499593098958333,0.010420735677083333,0.17499593098958333,0.010420735677083333,0,idle,659.0837251605516,37.20255025343405,658.4221271999771,38.40919195600971
1791245907.4983659,658.7772049065821,40.0,-275.9005162500029,84.09948374999708,1.1913883326157491e-14,-1.231288569799256e-15,0.17499593098958333,0.010420735677083333,0.17499593098958333,0.010420735677083333,0,idle,651.7165044890908,42.45728070665291,658.0868460644328,38.611596393541866
1791245907.5151849,658.7772049065821,40.0,-275.9005162500029,84.09948374999708,1.1675617526443511e-14,-1.2066640248267711e-15,0.17499593098958333,0.010420735677083333,0.17499593098958333,0.010420735677083333,0,idle,639.8359786040961,43.78188581189381,657.174302691416,38.87011086445946
1791245907.532033,658.7772049065821,40.0,-275.9005162500029,84.09948374999708,1.1442114126093664e-14,-1.1825316693227698e-15,0.17499593098958333,0.010420735677083333,0.17499593098958333,0.010420735677083333,0,idle,661.6205282235035,49.96493705307176,657.3966139680203,39.42485217389008
1791245907.549103,658.7772049065821,40.0,-275.9005162500029,84.09948374999708,1.1213278592383185e-14,-1.1588817334195867e-15,0.17151692708333333,0.010420735677083333,0.17151692708333333,0.010420735677083333,0,idle,668.1526767680268,34.20683437961681,657.9344171080206,39.16395128417642
1791245907.565275,658.7772049065821,40.0,-275.9005162500029,84.09948374999708,1.098901810828204e-14,-1.135704624564984e-15,0.17383626302083333,0.010420735677083333,0.17383626302083333,0.010420735677083333,0,idle,660.5641420721994,45.22090618351396,658.0659033562296,39.466799029143296
1791245907.582216,658.7772049065821,40.0,-275.9005162500029,84.09948374999708,1.0769241580810975e-14,-1.1129909283857407e-15,0.16165974934895833,0.010420735677083333,0.16165974934895833,0.010420735677083333,0,idle,665.6140735304555,45.624811154683,658.4433118649408,39.77469963542028
1791245907.599143,658.7772049065821,40.0,-275.9005162500029,84.09948374999708,1.0553859638859871e-14,-1.0907314084621818e-15,0.16165974934895833,0.010420735677083333,0.16165974934895833,0.010420735677083333,0,idle,668.0219766073346,53.15170240578111,658.9222451020605,40.44354977393832
1791245907.615977,658.7772049065821,40.0,-275.9005162500029,84.09948374999708,1.0342784623189436e-14,-1.0689170052948622e-15,0.16165974934895833,0.010420735677083333,0.16165974934895833,0.010420735677083333,0,idle,675.6442662794117,41.41086166863572,659.7583461609281,40.49191536867319
1791245907.6329181,658.7772049065821,40.0,-275.9005162500029,84.09948374999708,1.0135930570678069e-14,-1.0475388346764961e-15,0.16165974934895833,0.010420735677083333,0.16165974934895833,0.010420735677083333,0,idle,677.4857054310012,56.619930734907875,660.6447141244317,41.29831613698492
1791245907.650816,658.7772049065821,40.0,-275.9005162500029,84.09948374999708,9.933213194374722e-15,-1.0265881856304382e-15,0.17499593098958333,0.010420735677083333,0.17499593098958333,0.010420735677083333,0,idle,662.2850249117927,58.85426185529485,660.7267296637998,42.17611342290042
1791245907.667679,658.7772049065821,40.0,-275.9005162500029,84.09948374999708,9.7345498605378e-15,-1.0060565180376762e-15,0.17499593098958333,0.010420735677083333,0.17499593098958333,0.010420735677083333,0,idle,657.0844812079433,60.99687932319134,660.544617241007,43.117151717914965
1791245907.684586,658.7772049065821,40.0,-275.9005162500029,84.09948374999708,9.539859563551164e-15,-9.85935460044423e-16,0.17499593098958333,0.010420735677083333,0.17499593098958333,0.010420735677083333,0,idle,656.3713098632787,43.38225896574239,660.3359518721206,43.130407080306334
1791245907.701479,658.7772049065821,40.0,-275.9005162500029,84.09948374999708,9.349062899389004e-15,-9.662168053197367e-16,0.17499593098958333,0.010420735677083333,0.17499593098958333,0.010420735677083333,0,idle,651.6969231228319,40.82377671309645,659.9040004346562,43.01507556194584
1791245907.7184541,658.7772049065821,40.0,-275.9005162500029,84.09948374999708,9.16208203813508e-15,-9.468925102154105e-16,0.17499593098958333,0.010420735677083333,0.17499593098958333,0.010420735677083333,0,idle,658.8937271340949,34.579498719762945,659.853486769628,42.5932967198367
1791245907.735429,658.7772049065821,40.0,-275.9005162500029,84.09948374999708,8.978840695935866e-15,-9.279546908673563e-16,0.17499593098958333,0.010420735677083333,0.17499593098958333,0.010420735677083333,0,idle,659.1063396977493,35.751955772123246,659.8161294160341,42.251229672451025
1791245907.752352,658.7772049065821,40.0,-275.9005162500029,84.09948374999708,8.799264106671726e-15,-9.093956202678472e-16,0.17499593098958333,0.010420735677083333,0.17499593098958333,0.010420735677083333,0,idle,667.8562860285824,38.927850733719566,660.2181372466615,42.08506072551445
1791245907.769438,658.7772049065821,40.0,-275.9005162500029,84.09948374999708,8.623278993558066e-15,-8.912077253305242e-16,0.17499593098958333,0.010420735677083333,0.17499593098958333,0.010420735677083333,0,idle,650.8504893942206,45.85959405825939,659.7497548540395,42.2737873921517
1791245907.785833,658.7772049065821,40.0,-275.9005162500029,84.09948374999708,8.450813540833824e-15,-8.733835839644276e-16,0.17499593098958333,0.010420735677083333,0.17499593098958333,0.010420735677083333,0,idle,680.2285816322893,34.51352526264181,660.773696192952,41.8857742856762
1791245907.802825,658.7772049065821,40.0,-275.9005162500029,84.09948374999708,8.281797365653397e-15,-8.55915922169055e-16,0.17499593098958333,0.010420735677083333,0.17499593098958333,0.010420735677083333,0,idle,675.3600898652137,39.43315565569999,661.5030158765651,41.76314335417739
1791245907.8197,658.7772049065821,40.0,-275.9005162500029,84.09948374999708,8.116161490266969e-15,-8.38797611159224e-16,0.17499593098958333,0.010420735677083333,0.17499593098958333,0.010420735677083333,0,idle,679.2252685549657,56.577142057687766,662.3891285104851,42.50384328935291
1791245907.836303,658.7772049065821,40.0,-275.9005162500029,84.09948374999708,7.953838314550713e-15,-8.220216645260952e-16,0.17499593098958333,0.010420735677083333,0.17499593098958333,0.010420735677083333,0,idle,656.7282351915454,24.114527827494747,662.1060838445381,41.58437751626
1791245907.852892,658.7772049065821,40.0,-275.9005162500029,84.09948374999708,7.794761588930627e-15,-8.055812354388752e-16,0.17499593098958333,0.010420735677083333,0.17499593098958333,0.010420735677083333,0,idle,661.1046062038604,53.34050562172338,662.0560099625043,42.17218392153317
1791245907.870506,658.7772049065821,40.0,-275.9005162500029,84.09948374999708,7.638866387730435e-15,-7.894696138903485e-16,0.17499593098958333,0.010420735677083333,0.17499593098958333,0.010420735677083333,0,idle,663.9398225331421,28.20592897771577,662.1502005910362,41.4738711743423
1791245907.8873,658.7772049065821,40.0,-275.9005162500029,84.09948374999708,7.486089082963989e-15,-7.736802239883465e-16,0.17499593098958333,0.010420735677083333,0.17499593098958333,0.010420735677083333,0,idle,658.6287208147463,43.3542610223775,661.9741266022218,41.56789066674406
1791245907.903873,658.7772049065821,40.0,-275.9005162500029,84.09948374999708,7.336367318585099e-15,-7.582066212944915e-16,0.17499593098958333,0.010420735677083333,0.17499593098958333,0.010420735677083333,0,idle,659.6710125366277,44.81039407139868,661.8589708989421,41.7300158369768
1791245907.9215932,658.7772049065821,40.0,-275.9005162500029,84.09948374999708,7.189639985202059e-15,-7.430424902109677e-16,0.17499593098958333,0.010420735677083333,0.17499593098958333,0.010420735677083333,0,idle,661.490464660209,62.57390990970954,661.8405455870054,42.772210540613436
1791245907.938185,658.7772049065821,40.0,-275.9005162500029,84.09948374999708,7.045847195260013e-15,-7.281816414156413e-16,0.17499593098958333,0.010420735677083333,0.17499593098958333,0.010420735677083333,0,idle,664.9980506950388,58.49816041382299,661.9984208424071,43.55850803427391
1791245907.9549792,658.7772049065821,40.0,-275.9005162500029,84.09948374999708,6.904930258691119e-15,-7.136180093455287e-16,0.17499593098958333,0.010420735677083333,0.17499593098958333,0.010420735677083333,0,idle,660.2229686072545,35.24319893919496,661.9096482306495,43.14274257951997
1791245907.9728582,658.7772049065821,40.0,-275.9005162500029,84.09948374999708,6.766831659030225e-15,-6.993456497283741e-16,0.17499593098958333,0.010420735677083333,0.17499593098958333,0.010420735677083333,0,idle,665.319955118947,52.77302994858636,662.0801635750644,43.62425694797329
1791245907.989028,658.7772049065821,40.0,-275.9005162500029,84.09948374999708,6.631495029992048e-15,-6.853587371619226e-16,0.17499593098958333,0.010420735677083333,0.17499593098958333,0.010420735677083333,0,idle,657.0136166635144,51.95817438171312,661.8268362294868,44.040952819660276
1791245908.0059142,658.7772049065821,40.0,-275.9005162500029,84.09948374999708,6.498865132504613e-15,-6.716515627403484e-16,0.17499593098958333,0.010420735677083333,0.17499593098958333,0.010420735677083333,0,idle,663.9682710117664,20.56364231437683,661.9339079686008,42.86708729439611
1791245908.023364,658.7772049065821,40.0,-275.9005162500029,84.09948374999708,6.36888783219286e-15,-6.582185317272066e-16,0.17499593098958333,0.010420735677083333,0.17499593098958333,0.010420735677083333,0,idle,648.4956444769617,34.87354641420566,661.2619947940188,42.467410250386585
1791245908.040315,658.7772049065821,40.0,-275.9005162500029,84.09948374999708,6.241510077305674e-15,-6.450541612742126e-16,0.17499593098958333,0.010420735677083333,0.17499593098958333,0.010420735677083333,0,idle,665.4606809014157,37.90887000662341,661.4719290993887,42.239483238198424
1791245908.057224,658.7772049065821,40.0,-275.9005162500029,84.09948374999708,6.11667987707917e-15,-6.321530781851088e-16,0.17499593098958333,0.010420735677083333,0.17499593098958333,0.010420735677083333,0,idle,650.6759618716563,52.37176581613886,660.9321307380021,42.746097367095444
1791245908.074083,658.7772049065821,40.0,-275.9005162500029,84.09948374999708,5.994346280528815e-15,-6.195100167238492e-16,0.17499593098958333,0.010420735677083333,0.17499593098958333,0.010420735677083333,0,idle,667.7111201150395,33.023689999984605,661.271080206854,42.2599769987399
1791245908.090904,658.7772049065821,40.0,-275.9005162500029,84.09948374999708,5.8744593556627604e-15,-6.071198164663178e-16,0.17499593098958333,0.010420735677083333,0.17499593098958333,0.010420735677083333,0,idle,663.4781939410935,41.996452687564776,661.3814358935659,42.24680078318114
1791245908.1088378,658.7772049065821,40.0,-275.9005162500029,84.09948374999708,5.756970169108691e-15,-5.949774201947827e-16,0.17499593098958333,0.010420735677083333,0.17499593098958333,0.010420735677083333,0,idle,669.6037255290505,41.78533750132877,661.7925503753402,42.22372761908852
1791245908.125769,658.7772049065821,40.0,-275.9005162500029,84.09948374999708,5.64183076614648e-15,-5.830778718342898e-16,0.17499593098958333,0.010420735677083333,0.17499593098958333,0.010420735677083333,0,idle,672.078059301128,44.522435834584584,662.3068258216296,42.338663029863326
1791245908.142805,658.7772049065821,40.0,-275.9005162500029,84.09948374999708,5.528994151138938e-15,-5.714163144301991e-16,0.17499593098958333,0.010420735677083333,0.17499593098958333,0.010420735677083333,0,idle,631.651247849959,32.65522287204442,660.7740469230461,41.85449102197238
1791245908.159355,658.7772049065821,40.0,-275.9005162500029,84.09948374999708,5.418414268352999e-15,-5.599879881660723e-16,0.17499593098958333,0.010420735677083333,0.17499593098958333,0.010420735677083333,0,idle,620.3578352286456,27.755474850322763,658.753236338326,41.1495402133899
1791245908.176342,658.7772049065821,40.0,-275.9005162500029,84.09948374999708,5.310045983163786e-15,-5.487882284211311e-16,0.17499593098958333,0.010420735677083333,0.17499593098958333,0.010420735677083333,0,idle,669.0395976904401,35.06683552910354,659.2675544059317,40.84540497917558
1791245908.193235,658.7772049065821,40.0,-275.9005162500029,84.09948374999708,5.2038450636340515e-15,-5.378124638665098e-16,0.17499593098958333,0.010420735677083333,0.17499593098958333,0.010420735677083333,0,idle,641.266621753643,25.519386131899,658.3675077733172,40.079104036811756
1791245908.210007,658.7772049065821,40.0,-275.9005162500029,84.09948374999708,5.09976816246164e-15,-5.270562145995423e-16,0.17499593098958333,0.010420735677083333,0.17499593098958333,0.010420735677083333,0,idle,692.0105428724339,32.42233152303253,660.0496595282731,39.696265411122795
1791245908.2271261,658.7772049065821,40.0,-275.9005162500029,84.09948374999708,4.9977727992876904e-15,-5.165150903153319e-16,0.17499593098958333,0.010420735677083333,0.17499593098958333,0.010420735677083333,0,idle,652.5169895567022,61.51948518500159,659.6730260296945,40.78742639981674
1791245908.244076,658.7772049065821,40.0,-275.9005162500029,84.09948374999708,4.897817343358458e-15,-5.061847885148668e-16,0.17499593098958333,0.010420735677083333,0.17499593098958333,0.010420735677083333,0,idle,662.4753264144789,39.84119725158884,659.8131410489337,40.74011494240534
1791245908.261174,658.7772049065821,40.0,-275.9005162500029,84.09948374999708,4.799860996533723e-15,-4.96061092748955e-16,0.17499593098958333,0.010420735677083333,0.17499593098958333,0.010420735677083333,0,idle,676.8328589245735,59.01050941280283,660.6641269427157,41.65363466592522
1791245908.277994,658.7772049065821,40.0,-275.9005162500029,84.09948374999708,4.703863776634905e-15,-4.861398708972682e-16,0.17499593098958333,0.010420735677083333,0.17499593098958333,0.010420735677083333,0,idle,663.0524174562619,58.96907167813856,660.783541468393,42.51940651653589
1791245908.2949681,658.7772049065821,40.0,-275.9005162500029,84.09948374999708,4.609786501126121e-15,-4.764170734817944e-16,0.17499593098958333,0.010420735677083333,0.17499593098958333,0.010420735677083333,0,idle,658.1099713398821,49.40119881627031,660.6498629619674,42.86349613152261
1791245908.311893,658.7772049065821,40.0,-275.9005162500029,84.09948374999708,4.517590771121551e-15,-4.668887320140138e-16,0.17499593098958333,0.010420735677083333,0.17499593098958333,0.010420735677083333,0,idle,659.7270354477434,40.18804362730961,660.6037215862563,42.729723506311956
1791245908.329841,658.7772049065821,40.0,-275.9005162500029,84.09948374999708,4.427238955712595e-15,-4.575509573751262e-16,0.17499593098958333,0.010420735677083333,0.17499593098958333,0.010420735677083333,0,idle,661.6375088754183,61.781998439962464,660.6554109507143,43.68233725299448
1791245908.346889,658.7772049065821,40.0,-275.9005162500029,84.09948374999708,4.3386941766084585e-15,-4.48399938228669e-16,0.17499593098958333,0.010420735677083333,0.17499593098958333,0.010420735677083333,0,idle,661.3467333725341,53.46438816231431,660.6899770718053,44.17143979846047
1791245908.363955,658.7772049065821,40.0,-275.9005162500029,84.09948374999708,4.251920293083882e-15,-4.394319394648803e-16,0.17499593098958333,0.010420735677083333,0.17499593098958333,0.010420735677083333,0,idle,652.2005933030476,44.68159258564396,660.2655078833674,44.196947437819645
1791245908.381011,658.7772049065821,40.0,-275.9005162500029,84.09948374999708,4.1668818872279026e-15,-4.3064330067617166e-16,0.17499593098958333,0.010420735677083333,0.17499593098958333,0.010420735677083333,0,idle,662.965990115713,38.0081293189692,660.4005319949847,43.88750653187712
1791245908.3981178,658.7772049065821,40.0,-275.9005162500029,84.09948374999708,4.0835442494876215e-15,-4.2203043466309027e-16,0.17499593098958333,0.010420735677083333,0.17499593098958333,0.010420735677083333,0,idle,641.2243963652854,25.604410481476325,659.4417252134997,42.973351729357084
1791245908.4150798,658.7772049065821,40.0,-275.9005162500029,84.09948374999708,4.001873364501079e-15,-4.1358982597016024e-16,0.17499593098958333,0.010420735677083333,0.17499593098958333,0.010420735677083333,0,idle,670.9163104393721,55.09467425954158,660.0154544747933,43.57941785586631
1791245908.431432,658.7772049065821,40.0,-275.9005162500029,84.09948374999708,3.921835897213467e-15,-4.0531802945100606e-16,0.17499593098958333,0.010420735677083333,0.17499593098958333,0.010420735677083333,0,idle,653.5174404523095,35.658417640660346,659.6905537736691,43.18336784510601
1791245908.44841,658.7772049065821,40.0,-275.9005162500029,84.09948374999708,3.843399179271006e-15,-3.972116688621728e-16,0.17499593098958333,0.010420735677083333,0.17499593098958333,0.010420735677083333,0,idle,657.1444172356319,31.038757364634208,659.5632469467672,42.57613732108242
1791245908.465309,658.7772049065821,40.0,-275.9005162500029,84.09948374999708,3.766531195686942e-15,-3.8926743548506957e-16,0.17499593098958333,0.010420735677083333,0.17499593098958333,0.010420735677083333,0,idle,649.54155925746,37.95120719635106,659.0621625623019,42.344890814845854
1791245908.4822478,658.7772049065821,40.0,-275.9005162500029,84.09948374999708,3.691200571774222e-15,-3.814820867754734e-16,0.17499593098958333,0.010420735677083333,0.17499593098958333,0.010420735677083333,0,idle,660.211116456691,31.959428928092883,659.1196102570213,41.825617720508205
1791245908.499189,658.7772049065821,40.0,-275.9005162500029,84.09948374999708,3.6173765603395015e-15,-3.7385244504004293e-16,0.17499593098958333,0.010420735677083333,0.17499593098958333,0.010420735677083333,0,idle,644.8813319441537,38.638959060708224,658.4076963413779,41.66628478751821
1791245908.516337,658.7772049065821,40.0,-275.9005162500029,84.09948374999708,3.545029029133285e-15,-3.663753961393013e-16,0.17499593098958333,0.010420735677083333,0.17499593098958333,0.010420735677083333,0,idle,634.1225316407406,51.53159611566862,657.1934381063461,42.15955035392573
1791245908.532112,658.7772049065821,40.0,-275.9005162500029,84.09948374999708,3.4741284485510493e-15,-3.5904788821655975e-16,0.17499593098958333,0.010420735677083333,0.17499593098958333,0.010420735677083333,0,idle,656.0418300190687,37.68914677248501,657.1358577019822,41.9360301748537
1791245908.549319,658.7772049065821,40.0,-275.9005162500029,84.09948374999708,3.404645879580351e-15,-3.5186693045226194e-16,0.17499593098958333,0.010420735677083333,0.17499593098958333,0.010420735677083333,0,idle,673.365736546838,70.50459317166269,657.947351644225,43.36445832469415
1791245908.566325,658.7772049065821,40.0,-275.9005162500029,84.09948374999708,3.336552961988986e-15,-3.4482959184324174e-16,0.17499593098958333,0.010420735677083333,0.17499593098958333,0.010420735677083333,0,idle,644.334339475452,39.479600468754626,657.2667010357864,43.17021543189717
1791245908.583124,658.7772049065821,40.0,-275.9005162500029,84.09948374999708,3.269821902749388e-15,-3.379330000063957e-16,0.17499593098958333,0.010420735677083333,0.17499593098958333,0.010420735677083333,0,idle,659.8517220147519,37.139402962820455,657.3959520847346,42.86867480844333
1791245908.6006389,658.7772049065821,40.0,-275.9005162500029,84.09948374999708,3.2044254646945368e-15,-3.3117434000628187e-16,0.17499593098958333,0.010420735677083333,0.17499593098958333,0.010420735677083333,0,idle,682.559003525073,38.12530702831581,658.6541046567515,42.63150641943695
1791245908.617044,658.7772049065821,40.0,-275.9005162500029,84.09948374999708,3.1403369554007483e-15,-3.245508532061668e-16,0.17499593098958333,0.010420735677083333,0.17499593098958333,0.010420735677083333,0,idle,676.4272879777327,55.96735884534104,659.5427638228006,43.298299040732154
1791245908.633488,658.7772049065821,40.0,-275.9005162500029,84.09948374999708,3.0775302162928098e-15,-3.180598361420514e-16,0.17499593098958333,0.010420735677083333,0.17499593098958333,0.010420735677083333,0,idle,682.4042176095776,28.187548588993998,660.6858365121394,42.54276151814525
1791245908.649865,658.7772049065821,40.0,-275.9005162500029,84.09948374999708,3.015979611967011e-15,-3.116986394192163e-16,0.17499593098958333,0.010420735677083333,0.17499593098958333,0.010420735677083333,0,idle,663.0426406993794,45.199776185011956,660.8036767215015,42.67561225148858
1791245908.66728,658.7772049065821,40.0,-275.9005162500029,84.09948374999708,2.955660019727714e-15,-3.0546466663083644e-16,0.17499593098958333,0.010420735677083333,0.17499593098958333,0.010420735677083333,0,idle,637.1323216517402,27.902642437106167,659.6201089680134,41.93696376076946
1791245908.683755,658.7772049065821,40.0,-275.9005162500029,84.09948374999708,2.8965468193331923e-15,-2.9935537329822305e-16,0.17499593098958333,0.010420735677083333,0.17499593098958333,0.010420735677083333,0,idle,652.4988944847476,40.327334580600635,659.2640482438501,41.85648230176102
1791245908.701226,658.7772049065821,40.0,-275.9005162500029,84.09948374999708,2.8386158829465528e-15,-2.9336826583226106e-16,0.17499593098958333,0.010420735677083333,0.17499593098958333,0.010420735677083333,0,idle,676.2672619119686,54.52592173595992,660.114208927256,42.489954273470964
1791245908.717055,658.7772049065821,40.0,-275.9005162500029,84.09948374999708,2.78184356528764e-15,-2.875009005156177e-16,0.17499593098958333,0.010420735677083333,0.17499593098958333,0.010420735677083333,0,idle,659.0130950939969,28.86234274956632,660.059153235593,41.80857369727573
1791245908.734731,658.7772049065821,40.0,-275.9005162500029,84.09948374999708,2.726206693981901e-15,-2.8175088250530675e-16,0.17499593098958333,0.010420735677083333,0.17499593098958333,0.010420735677083333,0,idle,648.8897654975482,33.64675107780185,659.5006838486908,41.40048256630204
1791245908.7513118,658.7772049065821,40.0,-275.9005162500029,84.09948374999708,2.671682560102273e-15,-2.7611586485520167e-16,0.17499593098958333,0.010420735677083333,0.17499593098958333,0.010420735677083333,0,idle,658.8643855666817,40.21108394720279,659.4688689345903,41.34101263534708
1791245908.768768,658.7772049065821,40.0,-275.9005162500029,84.09948374999708,2.6182489089002353e-15,-2.705935475580984e-16,0.17499593098958333,0.010420735677083333,0.17499593098958333,0.010420735677083333,0,idle,646.84149747371,50.22541255820809,658.8375003615463,41.785232631490125
1791245908.7853189,658.7772049065821,40.0,-275.9005162500029,84.09948374999708,2.5658839307222364e-15,-2.65181676606937e-16,0.17499593098958333,0.010420735677083333,0.17499593098958333,0.010420735677083333,0,idle,676.3012087796051,59.81733100792245,659.7106857824492,42.68683755031174
1791245908.80102,658.7772049065821,40.0,-275.9005162500029,84.09948374999708,2.514566252107796e-15,-2.598780430747987e-16,0.17499593098958333,0.010420735677083333,0.17499593098958333,0.010420735677083333,0,idle,666.3476968137409,46.47545333973999,660.0425363340138,42.87626833978315
1791245908.817485,658.7772049065821,40.0,-275.9005162500029,84.09948374999708,2.4642749270656433e-15,-2.546804822133031e-16,0.17499593098958333,0.010420735677083333,0.17499593098958333,0.010420735677083333,0,idle,668.5572727842648,64.02413398185696,660.4682731565264,43.93366162188684
1791245908.834451,658.7772049065821,40.0,-275.9005162500029,84.09948374999708,2.4149894285243327e-15,-2.495868725690373e-16,0.17499593098958333,0.010420735677083333,0.17499593098958333,0.010420735677083333,0,idle,664.3245493746099,57.08904867413348,660.6610869674306,44.591430974499175
1791245908.8514109,658.7772049065821,40.0,-275.9005162500029,84.09948374999708,2.366689639953848e-15,-2.4459513511765674e-16,0.17499593098958333,0.010420735677083333,0.17499593098958333,0.010420735677083333,0,idle,658.5619132777592,30.098775375752393,660.556128282947,43.86679819456184
1791245908.868607,658.7772049065821,40.0,-275.9005162500029,84.09948374999708,2.3193558471547722e-15,-2.3970323241530374e-16,0.17499593098958333,0.010420735677083333,0.17499593098958333,0.010420735677083333,0,idle,667.4303802914587,28.108024905269644,660.8998408833726,43.078859530097226
1791245908.885022,658.7772049065821,40.0,-275.9005162500029,84.09948374999708,2.272968730211678e-15,-2.3490916776699777e-16,0.17499593098958333,0.010420735677083333,0.17499593098958333,0.010420735677083333,0,idle,653.7059461456273,26.850726216332873,660.5401461464853,42.26745286440901
1791245908.90196,658.7772049065821,40.0,-275.9005162500029,84.09948374999708,2.227509355607445e-15,-2.302109844116579e-16,0.17499593098958333,0.010420735677083333,0.17499593098958333,0.010420735677083333,0,idle,655.3722305206411,53.35054963476438,660.2817503651931,42.82160770292678
1791245908.918918,658.7772049065821,40.0,-275.9005162500029,84.09948374999708,2.1829591684952964e-15,-2.256067647234248e-16,0.17499593098958333,0.010420735677083333,0.17499593098958333,0.010420735677083333,0,idle,658.2192289765411,40.23104193680028,660.1786242957605,42.69207941462045
1791245908.935651,658.7772049065821,40.0,-275.9005162500029,84.09948374999708,2.139299985125391e-15,-2.2109462942895632e-16,0.17499593098958333,0.010420735677083333,0.17499593098958333,0.010420735677083333,0,idle,652.5138539402474,44.43167026341814,659.7953857779848,42.779058957060336
1791245908.95254,658.7772049065821,40.0,-275.9005162500029,84.09948374999708,2.0965139854228834e-15,-2.1667273684037722e-16,0.17499593098958333,0.010420735677083333,0.17499593098958333,0.010420735677083333,0,idle,657.915488975156,43.5096882401516,659.7013909378434,42.8155904212149
1791245908.969492,658.7772049065821,40.0,-275.9005162500029,84.09948374999708,2.054583705714426e-15,-2.123392821035697e-16,0.17499593098958333,0.010420735677083333,0.17499593098958333,0.010420735677083333,0,idle,665.772398012383,59.93414571217225,660.0049412915704,43.671518185762764
1791245908.9865239,658.7772049065821,40.0,-275.9005162500029,84.09948374999708,2.0134920316001376e-15,-2.0809249646149833e-16,0.17499593098958333,0.010420735677083333,0.17499593098958333,0.010420735677083333,0,idle,648.3464628455171,25.01907091614536,659.4220173692677,42.7388958222819
1791245909.0029771,658.7772049065821,40.0,-275.9005162500029,84.09948374999708,1.973222190968135e-15,-2.0393064653226838e-16,0.17499593098958333,0.010420735677083333,0.17499593098958333,0.010420735677083333,0,idle,653.0160961402671,44.48321764755387,659.1017213078177,42.826111913545496
1791245909.020601,658.7772049065821,40.0,-275.9005162500029,84.09948374999708,1.9337577471487724e-15,-1.9985203360162302e-16,0.17499593098958333,0.010420735677083333,0.17499593098958333,0.010420735677083333,0,idle,667.7059370337026,34.15747345534917,659.5319320941119,42.39267999063568
1791245909.0374951,658.7772049065821,40.0,-275.9005162500029,84.09948374999708,1.895082592205797e-15,-1.9585499292959056e-16,0.17499593098958333,0.010420735677083333,0.17499593098958333,0.010420735677083333,0,idle,651.4350893496082,47.159035611706116,659.1270899568867,42.6309977716892
1791245909.053951,658.7772049065821,40.0,-275.9005162500029,84.09948374999708,1.857180940361681e-15,-1.9193789307099875e-16,0.17499593098958333,0.010420735677083333,0.17499593098958333,0.010420735677083333,0,idle,670.2664971652395,39.616618982269465,659.6840603173043,42.48027883221822
1791245909.071836,658.7772049065821,40.0,-275.9005162500029,84.09948374999708,1.8200373215544472e-15,-1.8809913520957877e-16,0.17499593098958333,0.010420735677083333,0.17499593098958333,0.010420735677083333,0,idle,649.5639629230952,34.13452219891725,659.1780554475939,42.06299100055317
1791245909.088803,658.7772049065821,40.0,-275.9005162500029,84.09948374999708,1.7836365751233583e-15,-1.843371525053872e-16,0.17499593098958333,0.010420735677083333,0.17499593098958333,0.010420735677083333,0,idle,657.576021471541,9.978770545997936,659.0979537487913,40.45877997782541
1791245909.104892,658.7772049065821,40.0,-275.9005162500029,84.09948374999708,1.747963843620891e-15,-1.8065040945527945e-16,0.17499593098958333,0.010420735677083333,0.17499593098958333,0.010420735677083333,0,idle,647.2364943334888,29.007554937832346,658.5048807780262,39.886218725825756
1791245909.121983,658.7772049065821,40.0,-275.9005162500029,84.09948374999708,1.7130045667484733e-15,-1.7703740126617386e-16,0.17499593098958333,0.010420735677083333,0.17499593098958333,0.010420735677083333,0,idle,663.3796359792218,56.37277858294938,658.7486185380859,40.71054671868194
1791245909.139068,658.7772049065821,40.0,-275.9005162500029,84.09948374999708,1.6787444754135038e-15,-1.7349665324085038e-16,0.17499593098958333,0.010420735677083333,0.17499593098958333,0.010420735677083333,0,idle,658.6088374816067,25.88670248718455,658.7416294852619,39.96935450710707
1791245909.156375,658.7772049065821,40.0,-275.9005162500029,84.09948374999708,1.6451695859052338e-15,-1.7002672017603337e-16,0.17499593098958333,0.010420735677083333,0.17499593098958333,0.010420735677083333,0,idle,656.6932752088217,47.61549843138587,658.6392117714399,40.351661703321014
1791245909.172561,658.7772049065821,40.0,-275.9005162500029,84.09948374999708,1.612266194187129e-15,-1.666261857725127e-16,0.17499593098958333,0.010420735677083333,0.17499593098958333,0.010420735677083333,0,idle,663.3676780326675,46.973435691944665,658.8756350845013,40.6827504027522
1791245909.18886,658.7772049065821,40.0,-275.9005162500029,84.09948374999708,1.5800208703033865e-15,-1.6329366205706246e-16,0.17499593098958333,0.010420735677083333,0.17499593098958333,0.010420735677083333,0,idle,675.3882487281708,36.092780945520545,659.7012657666847,40.45325192989061
1791245909.20477,658.7772049065821,40.0,-275.9005162500029,84.09948374999708,1.5484204528973188e-15,-1.6002778881592122e-16,0.17499593098958333,0.010420735677083333,0.17499593098958333,0.010420735677083333,0,idle,643.2016855253395,32.87121561188948,658.8762867546175,40.074150113990555
1791245909.22123,658.7772049065821,40.0,-275.9005162500029,84.09948374999708,1.5174520438393725e-15,-1.568272330396028e-16,0.17499593098958333,0.010420735677083333,0.17499593098958333,0.010420735677083333,0,idle,638.8407176285557,47.70455192759024,657.8745082983144,40.45567020467054
1791245909.2386339,658.7772049065821,40.0,-275.9005162500029,84.09948374999708,1.4871030029625852e-15,-1.5369068837881076e-16,0.17499593098958333,0.010420735677083333,0.17499593098958333,0.010420735677083333,0,idle,655.7638707091708,28.576858556615477,657.7689764188572,39.86172962226779
1791245909.254527,658.7772049065821,40.0,-275.9005162500029,84.09948374999708,1.4573609429033334e-15,-1.5061687461123455e-16,0.17499593098958333,0.010420735677083333,0.17499593098958333,0.010420735677083333,0,idle,655.7123270321938,23.808800965929773,657.666143949524,39.05908318945089
1791245909.27171,658.7772049065821,40.0,-275.9005162500029,84.09948374999708,1.4282137240452668e-15,-1.4760453711900986e-16,0.17499593098958333,0.010420735677083333,0.17499593098958333,0.010420735677083333,0,idle,651.4531917499137,44.37437701153999,657.3554963395435,39.324847880555346
1791245909.28796,658.7772049065821,40.0,-275.9005162500029,84.09948374999708,1.3996494495643615e-15,-1.4465244637662965e-16,0.17499593098958333,0.010420735677083333,0.17499593098958333,0.010420735677083333,0,idle,650.5857381333105,65.01318886330284,657.0170084292319,40.60926492969272
1791245909.3052108,658.7772049065821,40.0,-275.9005162500029,84.09948374999708,1.3716564605730743e-15,-1.4175939744909704e-16,0.17499593098958333,0.010420735677083333,0.17499593098958333,0.010420735677083333,0,idle,637.4154441031048,28.995873264368054,656.0369302129255,40.028595346426485
1791245909.322578,658.7772049065821,40.0,-275.9005162500029,84.09948374999708,1.3442233313616127e-15,-1.389242095001151e-16,0.17499593098958333,0.010420735677083333,0.17499593098958333,0.010420735677083333,0,idle,652.8025721697826,18.600348900351754,655.8752123107683,38.95718302412275
1791245909.3391,658.7772049065821,40.0,-275.9005162500029,84.09948374999708,1.3173388647343805e-15,-1.361457253101128e-16,0.17499593098958333,0.010420735677083333,0.17499593098958333,0.010420735677083333,0,idle,670.3968484279266,57.411191034340696,656.6012941166263,39.87988342463365
1791245909.35633,658.7772049065821,40.0,-275.9005162500029,84.09948374999708,1.2909920874396929e-15,-1.3342281080391054e-16,0.17499593098958333,0.010420735677083333,0.17499593098958333,0.010420735677083333,0,idle,670.2221017446675,26.638384308547085,657.2823344980284,39.21780846882932
1791245909.3735511,658.7772049065821,40.0,-275.9005162500029,84.09948374999708,1.265172245690899e-15,-1.3075435458783232e-16,0.17499593098958333,0.010420735677083333,0.17499593098958333,0.010420735677083333,0,idle,663.9406150873702,34.560739495630756,657.6152485274955,38.98495502016939
1791245909.390812,658.7772049065821,40.0,-275.9005162500029,84.09948374999708,1.239868800777081e-15,-1.2813926749607567e-16,0.17499593098958333,0.010420735677083333,0.17499593098958333,0.010420735677083333,0,idle,661.2683122976342,30.530056976571277,657.7979017160025,38.56221011798948
1791245909.406945,658.7772049065821,40.0,-275.9005162500029,84.09948374999708,1.2150714247615394e-15,-1.2557648214615415e-16,0.17499593098958333,0.010420735677083333,0.17499593098958333,0.010420735677083333,0,idle,642.5366133365823,49.82152079728377,657.0348372970315,39.125175651954194
1791245909.4239051,658.7772049065821,40.0,-275.9005162500029,84.09948374999708,1.1907699962663085e-15,-1.2306495250323107e-16,0.17499593098958333,0.010420735677083333,0.17499593098958333,0.010420735677083333,0,idle,652.8201924853021,25.924889685956046,656.824105056445,38.46516135365429
1791245909.441813,658.7772049065821,40.0,-275.9005162500029,84.09948374999708,1.1669545963409824e-15,-1.2060365345316644e-16,0.17499593098958333,0.010420735677083333,0.17499593098958333,0.010420735677083333,0,idle,658.4234688618202,38.90053258800619,656.9040732467138,38.48692991537188
1791245909.458699,658.7772049065821,40.0,-275.9005162500029,84.09948374999708,1.1436155044141628e-15,-1.1819158038410312e-16,0.17499593098958333,0.010420735677083333,0.17499593098958333,0.010420735677083333,0,idle,686.964745680587,43.32673255501621,658.4071068684075,38.728920047354094
1791245909.475699,658.7772049065821,40.0,-275.9005162500029,84.09948374999708,1.1207431943258795e-15,-1.1582774877642106e-16,0.17499593098958333,0.010420735677083333,0.17499593098958333,0.010420735677083333,0,idle,658.9888758622864,35.43191721474075,658.4361953181015,38.56406990572343
1791245909.4924521,658.7772049065821,40.0,-275.9005162500029,84.09948374999708,1.098328330439362e-15,-1.1351119380089265e-16,0.17499593098958333,0.010420735677083333,0.17499593098958333,0.010420735677083333,0,idle,679.6652822976766,47.41216755339431,659.4976496670802,39.00647478810697
1791245909.509345,658.7772049065821,40.0,-275.9005162500029,84.09948374999708,1.0763617638305747e-15,-1.1124096992487479e-16,0.17499593098958333,0.010420735677083333,0.17499593098958333,0.010420735677083333,0,idle,639.9484960244948,45.87008418775321,658.5201919849509,39.349655258089285
1791245909.5261939,658.7772049065821,40.0,-275.9005162500029,84.09948374999708,1.0548345285539633e-15,-1.090161505263773e-16,0.17499593098958333,0.010420735677083333,0.17499593098958333,0.010420735677083333,0,idle,656.9350703080734,47.4473838779898,658.440935901107,39.75454168908431
1791245909.542858,658.7772049065821,40.0,-275.9005162500029,84.09948374999708,1.033737837982884e-15,-1.0683582751584976e-16,0.17499593098958333,0.010420735677083333,0.17499593098958333,0.010420735677083333,0,idle,673.3328459090731,29.05906400098868,659.1855314015053,39.219767804679535
1791245909.56072,658.7772049065821,40.0,-275.9005162500029,84.09948374999708,1.0130630812232262e-15,-1.0469911096553276e-16,0.17499593098958333,0.010420735677083333,0.17499593098958333,0.010420735677083333,0,idle,644.8941578425698,17.728185550533833,658.4709627235585,38.14518869197225
1791245909.577736,658.7772049065821,40.0,-275.9005162500029,84.09948374999708,9.928018195987616e-16,-1.026051287462221e-16,0.17499593098958333,0.010420735677083333,0.17499593098958333,0.010420735677083333,0,idle,670.736960041569,31.151324937196858,659.0842625894591,37.79549550423348
1791245909.594762,658.7772049065821,40.0,-275.9005162500029,84.09948374999708,9.729457832067864e-16,-1.0055302617129766e-16,0.17499593098958333,0.010420735677083333,0.17499593098958333,0.010420735677083333,0,idle,646.0289625800774,48.50110878864228,658.4314975889899,38.330776168453916
1791245909.611744,658.7772049065821,40.0,-275.9005162500029,84.09948374999708,9.534868675426506e-16,-9.85419656478717e-17,0.17499593098958333,0.010420735677083333,0.17499593098958333,0.010420735677083333,0,idle,664.8124594869558,50.98590827994601,658.7505456838883,38.96353277402852
1791245909.628635,658.7772049065821,40.0,-275.9005162500029,84.09948374999708,9.344171301917976e-16,-9.657112633491427e-17,0.17499593098958333,0.010420735677083333,0.17499593098958333,0.010420735677083333,0,idle,668.7946690543981,39.5638198679837,659.2527518524138,38.993547128726284
1791245909.645251,658.7772049065821,40.0,-275.9005162500029,84.09948374999708,9.157287875879616e-16,-9.463970380821599e-17,0.17499593098958333,0.010420735677083333,0.17499593098958333,0.010420735677083333,0,idle,662.8832511740487,28.510979819103696,659.4342768184955,38.46941876324515
1791245909.6620018,658.7772049065821,40.0,-275.9005162500029,84.09948374999708,8.974142118362023e-16,-9.274690973205166e-17,0.17499593098958333,0.010420735677083333,0.17499593098958333,0.010420735677083333,0,idle,654.9560822589852,47.289224851706194,659.21036709052,38.910409067668205
1791245909.678981,658.7772049065821,40.0,-275.9005162500029,84.09948374999708,8.794659275994782e-16,-9.089197153741062e-17,0.17499593098958333,0.010420735677083333,0.17499593098958333,0.010420735677083333,0,idle,663.0391412462832,66.10500829261107,659.4018057983081,40.270139028915345
1791245909.695879,658.7772049065821,40.0,-275.9005162500029,84.09948374999708,8.618766090474887e-16,-8.907413210666241e-17,0.17499593098958333,0.010420735677083333,0.17499593098958333,0.010420735677083333,0,idle,675.7826318162062,37.61092812344169,660.2208470992031,40.13717848364166
1791245909.7138162,658.7772049065821,40.0,-275.9005162500029,84.09948374999708,8.446390768665389e-16,-8.729264946452916e-17,0.17499593098958333,0.010420735677083333,0.17499593098958333,0.010420735677083333,0,idle,664.7800392419651,47.40582352265324,660.4488067063412,40.50061073559224
1791245909.73157,658.7772049065821,40.0,-275.9005162500029,84.09948374999708,8.277462953292082e-16,-8.554679647523858e-17,0.17499593098958333,0.010420735677083333,0.17499593098958333,0.010420735677083333,0,idle,642.3274213382617,30.221748821850824,659.5427374379373,39.98666763990517
1791245909.748464,658.7772049065821,40.0,-275.9005162500029,84.09948374999708,8.11191369422624e-16,-8.38358605457338e-17,0.17499593098958333,0.010420735677083333,0.17499593098958333,0.010420735677083333,0,idle,666.140975014745,28.845130514497196,659.8726493167776,39.42959078363477
1791245909.765412,658.7772049065821,40.0,-275.9005162500029,84.09948374999708,7.949675420341715e-16,-8.215914333481912e-17,0.17499593098958333,0.010420735677083333,0.17499593098958333,0.010420735677083333,0,idle,668.8956420975887,35.556471576665146,660.3237989558181,39.23593482328629
1791245909.7822669,658.7772049065821,40.0,-275.9005162500029,84.09948374999708,7.790681911934882e-16,-8.051596046812274e-17,0.17499593098958333,0.010420735677083333,0.17499593098958333,0.010420735677083333,0,idle,638.3137124360321,24.387682850681443,659.2232946298288,38.49352222465605
1791245909.799257,658.7772049065821,40.0,-275.9005162500029,84.09948374999708,7.634868273696183e-16,-7.890564125876029e-17,0.17499593098958333,0.010420735677083333,0.17499593098958333,0.010420735677083333,0,idle,645.3632822610354,46.989807796788824,658.5302940113892,38.91833650326269
1791245909.816256,658.7772049065821,40.0,-275.9005162500029,84.09948374999708,7.48217090822226e-16,-7.732752843358509e-17,0.17499593098958333,0.010420735677083333,0.17499593098958333,0.010420735677083333,0,idle,649.9125360539601,41.83107026472916,658.0994061135177,39.06397319133601
1791245909.833142,658.7772049065821,40.0,-275.9005162500029,84.09948374999708,7.332527490057815e-16,-7.578097786491339e-17,0.17499593098958333,0.010420735677083333,0.17499593098958333,0.010420735677083333,0,idle,684.1715366744461,70.76523350578218,659.4030126415641,40.649036207058316
1791245909.8501241,658.7772049065821,40.0,-275.9005162500029,84.09948374999708,7.185876940256658e-16,-7.426535830761512e-17,0.17499593098958333,0.010420735677083333,0.17499593098958333,0.010420735677083333,0,idle,660.653297201244,49.86530876761354,659.4655268695482,41.10984983508608
1791245909.866959,658.7772049065821,40.0,-275.9005162500029,84.09948374999708,7.042159401451525e-16,-7.278005114146281e-17,0.17499593098958333,0.010420735677083333,0.17499593098958333,0.010420735677083333,0,idle,639.8684630083178,24.763888770732084,658.4856736764866,40.29255178186838
1791245909.88394,658.7772049065821,40.0,-275.9005162500029,84.09948374999708,6.901316213422494e-16,-7.132445011863356e-17,0.17499593098958333,0.010420735677083333,0.17499593098958333,0.010420735677083333,0,idle,660.6337320539524,43.309489208036865,658.5930765953599,40.44339865317681
1791245909.900903,658.7772049065821,40.0,-275.9005162500029,84.09948374999708,6.763289889154045e-16,-6.989796111626088e-17,0.17499593098958333,0.010420735677083333,0.17499593098958333,0.010420735677083333,0,idle,648.0026514375919,43.458939140981336,658.0635553374715,40.59417567756704
1791245909.9187999,658.7772049065821,40.0,-275.9005162500029,84.09948374999708,6.628024091370964e-16,-6.850000189393567e-17,0.17499593098958333,0.010420735677083333,0.17499593098958333,0.010420735677083333,0,idle,673.1666859286036,21.917885020983753,658.8187118670281,39.66036114473787
1791245909.9363441,658.7772049065821,40.0,-275.9005162500029,84.09948374999708,6.495463609543545e-16,-6.713000185605695e-17,0.17499593098958333,0.010420735677083333,0.17499593098958333,0.010420735677083333,0,idle,655.9520748495713,23.57112821120318,658.6753800161553,38.855899498061135
1791245909.9531038,658.7772049065821,40.0,-275.9005162500029,84.09948374999708,6.365554337352674e-16,-6.578740181893581e-17,0.17499593098958333,0.010420735677083333,0.17499593098958333,0.010420735677083333,0,idle,644.2236799805761,35.85145902725232,657.9527950143763,38.70567747452069
1791245909.9708018,658.7772049065821,40.0,-275.9005162500029,84.09948374999708,6.23824325060562e-16,-6.447165378255709e-17,0.17499593098958333,0.010420735677083333,0.17499593098958333,0.010420735677083333,0,idle,667.1691417371384,52.70645504197935,658.4136123505144,39.40571635289363
1791245909.987484,658.7772049065821,40.0,-275.9005162500029,84.09948374999708,6.113478385593508e-16,-6.318222070690595e-17,0.17499593098958333,0.010420735677083333,0.17499593098958333,0.010420735677083333,0,idle,661.2430007368837,55.49776374729936,658.5550817698329,40.21031872261391
1791245910.0043268,658.7772049065821,40.0,-275.9005162500029,84.09948374999708,5.991208817881638e-16,-6.191857629276784e-17,0.17499593098958333,0.010420735677083333,0.17499593098958333,0.010420735677083333,0,idle,660.7903180758079,41.20059607514016,658.6668435851317,40.25983259024022
1791245910.02021,658.7772049065821,40.0,-275.9005162500029,84.09948374999708,5.871384641524005e-16,-6.068020476691248e-17,0.17499593098958333,0.010420735677083333,0.17499593098958333,0.010420735677083333,0,idle,646.9095309397542,57.457796212671305,658.0789779528628,41.11973077136177
1791245910.0369868,658.7772049065821,40.0,-275.9005162500029,84.09948374999708,5.753956948693524e-16,-5.946660067157423e-17,0.17499593098958333,0.010420735677083333,0.17499593098958333,0.010420735677083333,0,idle,637.3631944448234,37.12251867445414,657.0431887774608,40.91987016651639
1791245910.054806,658.7772049065821,40.0,-275.9005162500029,84.09948374999708,5.638877809719654e-16,-5.827726865814275e-17,0.17499593098958333,0.010420735677083333,0.17499593098958333,0.010420735677083333,0,idle,657.8872453418668,39.39474328744442,657.0853916056811,40.843613822562794
1791245910.071733,658.7772049065821,40.0,-275.9005162500029,84.09948374999708,5.526100253525261e-16,-5.71117232849799e-17,0.17499593098958333,0.010420735677083333,0.17499593098958333,0.010420735677083333,0,idle,640.0261593137797,28.030675885177878,656.2324299910861,40.202966925693545
1791245910.088757,658.7772049065821,40.0,-275.9005162500029,84.09948374999708,5.415578248454756e-16,-5.59694888192803e-17,0.17499593098958333,0.010420735677083333,0.17499593098958333,0.010420735677083333,0,idle,670.3919694203187,26.495271126515597,656.9404069625477,39.51758213573465
1791245910.105879,658.7772049065821,40.0,-275.9005162500029,84.09948374999708,5.307266683485661e-16,-5.485009904289469e-17,0.17499593098958333,0.010420735677083333,0.17499593098958333,0.010420735677083333,0,idle,656.1379193018379,54.27326160558768,656.9002825795122,40.2553661092273
1791245910.122077,658.7772049065821,40.0,-275.9005162500029,84.09948374999708,5.201121349815948e-16,-5.3753097062036796e-17,0.17499593098958333,0.010420735677083333,0.17499593098958333,0.010420735677083333,0,idle,651.8750993621395,30.952448403394722,656.6490234186437,39.79022022393568
1791245910.139064,658.7772049065821,40.0,-275.9005162500029,84.09948374999708,5.097098922819629e-16,-5.267803512079606e-17,0.17499593098958333,0.010420735677083333,0.17499593098958333,0.010420735677083333,0,idle,633.3242647527945,37.6076440559206,655.4827854853512,39.68109141553492
1791245910.156123,658.7772049065821,40.0,-275.9005162500029,84.09948374999708,4.995156944363236e-16,-5.1624474418380136e-17,0.17499593098958333,0.010420735677083333,0.17499593098958333,0.010420735677083333,0,idle,674.9625938736967,37.434759131013905,656.4567759047685,39.56877480130887
1791245910.172332,658.7772049065821,40.0,-275.9005162500029,84.09948374999708,4.895253805475972e-16,-5.059198493001253e-17,0.17499593098958333,0.010420735677083333,0.17499593098958333,0.010420735677083333,0,idle,653.9510185575658,18.87900374370157,656.3314880374083,38.53428624842851
1791245910.189335,658.7772049065821,40.0,-275.9005162500029,84.09948374999708,4.797348729366452e-16,-4.958014523141228e-17,0.17499593098958333,0.010420735677083333,0.17499593098958333,0.010420735677083333,0,idle,671.8861568903674,42.839588718886894,657.1092214800562,38.749551371951426
1791245910.2052622,658.7772049065821,40.0,-275.9005162500029,84.09948374999708,4.701401754779122e-16,-4.858854232678403e-17,0.17499593098958333,0.010420735677083333,0.17499593098958333,0.010420735677083333,0,idle,668.6547847155623,54.72432119837183,657.6864996418316,39.548289863272444
1791245910.2222788,658.7772049065821,40.0,-275.9005162500029,84.09948374999708,4.607373719683539e-16,-4.7616771480248345e-17,0.17499593098958333,0.010420735677083333,0.17499593098958333,0.010420735677083333,0,idle,648.5580121918398,24.92536891236801,657.230075269332,38.81714381572722
1791245910.239177,658.7772049065821,40.0,-275.9005162500029,84.09948374999708,4.515226245289868e-16,-4.666443605064338e-17,0.17499593098958333,0.010420735677083333,0.17499593098958333,0.010420735677083333,0,idle,654.2510707217402,28.693647701499742,657.0811250419524,38.310969010015846
1791245910.256264,658.7772049065821,40.0,-275.9005162500029,84.09948374999708,4.424921720384071e-16,-4.573114732963051e-17,0.17499593098958333,0.010420735677083333,0.17499593098958333,0.010420735677083333,0,idle,656.9637107882431,30.644921923251502,657.075254329267,37.927666655677626
1791245910.27331,658.7772049065821,40.0,-275.9005162500029,84.09948374999708,4.3364232859763897e-16,-4.48165243830379e-17,0.17499593098958333,0.010420735677083333,0.17499593098958333,0.010420735677083333,0,idle,668.9354512849309,21.508392731003468,657.6682641770501,37.10670295944392
1791245910.290375,658.7772049065821,40.0,-275.9005162500029,84.09948374999708,4.249694820256862e-16,-4.392019389537714e-17,0.17499593098958333,0.010420735677083333,0.17499593098958333,0.010420735677083333,0,idle,638.5662767802683,39.82765585986387,656.713164807211,37.242750604464916
1791245910.306448,658.7772049065821,40.0,-275.9005162500029,84.09948374999708,4.164700923851725e-16,-4.30417900174696e-17,0.17499593098958333,0.010420735677083333,0.17499593098958333,0.010420735677083333,0,idle,676.2043930539257,46.632897422927556,657.6877262195468,37.712257945388046
1791245910.323461,658.7772049065821,40.0,-275.9005162500029,84.09948374999708,4.08140690537469e-16,-4.2180954217120204e-17,0.17499593098958333,0.010420735677083333,0.17499593098958333,0.010420735677083333,0,idle,652.3314635178228,46.82275502613862,657.4199130844606,38.167782799425574
1791245910.340371,658.7772049065821,40.0,-275.9005162500029,84.09948374999708,3.999778767267196e-16,-4.13373351327778e-17,0.17499593098958333,0.010420735677083333,0.17499593098958333,0.010420735677083333,0,idle,648.0963653610381,17.31993765264811,656.9537356982895,37.1253905420867
1791245910.357187,658.7772049065821,40.0,-275.9005162500029,84.09948374999708,3.9197831919218525e-16,-4.051058843012224e-17,0.17499593098958333,0.010420735677083333,0.17499593098958333,0.010420735677083333,0,idle,656.2686922589854,35.829763184477336,656.9194835263243,37.06060917420623
1791245910.3741062,658.7772049065821,40.0,-275.9005162500029,84.09948374999708,3.841387528083415e-16,-3.9700376661519796e-17,0.17499593098958333,0.010420735677083333,0.17499593098958333,0.010420735677083333,0,idle,667.6591911851409,46.35317877843811,657.4564689092651,37.52523765441782
1791245910.391088,658.7772049065821,40.0,-275.9005162500029,84.09948374999708,3.7645597775217466e-16,-3.89063691282894e-17,0.17499593098958333,0.010420735677083333,0.17499593098958333,0.010420735677083333,0,idle,685.9507805099307,36.900573045080165,658.8811844892984,37.49400442395094
1791245910.408014,658.7772049065821,40.0,-275.9005162500029,84.09948374999708,3.6892685819713116e-16,-3.812824174572361e-17,0.17499593098958333,0.010420735677083333,0.17499593098958333,0.010420735677083333,0,idle,653.3649868516604,50.36093051682771,658.6053746074166,38.13735072859478
1791245910.4250581,658.7772049065821,40.0,-275.9005162500029,84.09948374999708,3.615483210331885e-16,-3.736567691080914e-17,0.17499593098958333,0.010420735677083333,0.17499593098958333,0.010420735677083333,0,idle,655.5816646998702,44.14753506171607,658.4541891120393,38.43785994525085
1791245910.442849,658.7772049065821,40.0,-275.9005162500029,84.09948374999708,3.5431735461252473e-16,-3.661836337259296e-17,0.17499593098958333,0.010420735677083333,0.17499593098958333,0.010420735677083333,0,idle,661.9440339068971,30.914566771182045,658.6286813517822,38.06169528654741
1791245910.458928,658.7772049065821,40.0,-275.9005162500029,84.09948374999708,3.472310075202742e-16,-3.58859961051411e-17,0.17499593098958333,0.010420735677083333,0.17499593098958333,0.010420735677083333,0,idle,669.4253049933513,32.04971196042042,659.1685125338607,37.76109612024106
1791245910.4768372,658.7772049065821,40.0,-275.9005162500029,84.09948374999708,3.4028638736986873e-16,-3.516827618303827e-17,0.17499593098958333,0.010420735677083333,0.17499593098958333,0.010420735677083333,0,idle,658.3949207795773,28.24509857201462,659.1298329461465,37.285296242829745
1791245910.493969,658.7772049065821,40.0,-275.9005162500029,84.09948374999708,3.3348065962247136e-16,-3.4464910659377505e-17,0.17499593098958333,0.010420735677083333,0.17499593098958333,0.010420735677083333,0,idle,651.798860040975,38.87119481496322,658.7632843008879,37.364591171436416
1791245910.5108669,658.7772049065821,40.0,-275.9005162500029,84.09948374999708,3.2681104643002194e-16,-3.3775612446189953e-17,0.17499593098958333,0.010420735677083333,0.17499593098958333,0.010420735677083333,0,idle,652.7144397877388,52.31649700793394,658.4608420752304,38.112186463261295
1791245910.528736,658.7772049065821,40.0,-275.9005162500029,84.09948374999708,3.202748255014215e-16,-3.3100100197266156e-17,0.17499593098958333,0.010420735677083333,0.17499593098958333,0.010420735677083333,0,idle,647.0192305412747,36.52768401682049,657.8887614985326,38.03296134093925
1791245910.545633,658.7772049065821,40.0,-275.9005162500029,84.09948374999708,3.1386932899139305e-16,-3.2438098193320834e-17,0.17499593098958333,0.010420735677083333,0.17499593098958333,0.010420735677083333,0,idle,657.4023730115957,37.610122995255,657.8644420741858,38.01181942365504
1791245910.56244,658.7772049065821,40.0,-275.9005162500029,84.09948374999708,3.0759194241156517e-16,-3.178933622945442e-17,0.17499593098958333,0.010420735677083333,0.17499593098958333,0.010420735677083333,0,idle,667.1727114227174,25.99240795784663,658.3298555416125,37.41084885036462
1791245910.579232,658.7772049065821,40.0,-275.9005162500029,84.09948374999708,3.0144010356333387e-16,-3.115354950486533e-17,0.17499593098958333,0.010420735677083333,0.17499593098958333,0.010420735677083333,0,idle,679.5226760748951,58.187425427005465,659.3894965682766,38.44967767919667
1791245910.59617,658.7772049065821,40.0,-275.9005162500029,84.09948374999708,2.954113014920672e-16,-3.053047851476802e-17,0.17499593098958333,0.010420735677083333,0.17499593098958333,0.010420735677083333,0,idle,655.4736710551089,43.744401162118976,659.1937052926182,38.71441385334278
1791245910.6124558,658.7772049065821,40.0,-275.9005162500029,84.09948374999708,2.8950307546222586e-16,-2.991986894447266e-17,0.17499593098958333,0.010420735677083333,0.17499593098958333,0.010420735677083333,0,idle,629.3215021130867,37.58896126506107,657.7000951336416,38.658141223928695
1791245910.6295118,658.7772049065821,40.0,-275.9005162500029,84.09948374999708,2.8371301395298134e-16,-2.932147156558321e-17,0.17499593098958333,0.010420735677083333,0.17499593098958333,0.010420735677083333,0,idle,658.9633921749876,55.90241836620429,657.7632599857089,39.520355081042474
1791245910.6464581,658.7772049065821,40.0,-275.9005162500029,84.09948374999708,2.780387536739217e-16,-2.873504213427154e-17,0.17499593098958333,0.010420735677083333,0.17499593098958333,0.010420735677083333,0,idle,652.6466023518275,46.81130721842047,657.5074271040148,39.88490268791137
1791245910.6633668,658.7772049065821,40.0,-275.9005162500029,84.09948374999708,2.7247797860044327e-16,-2.816034129158611e-17,0.17499593098958333,0.010420735677083333,0.17499593098958333,0.010420735677083333,0,idle,652.9346773996698,32.43630161342799,657.2787896187975,39.512472634187205
1791245910.680327,658.7772049065821,40.0,-275.9005162500029,84.09948374999708,2.670284190284344e-16,-2.7597134465754385e-17,0.17499593098958333,0.010420735677083333,0.17499593098958333,0.010420735677083333,0,idle,654.4643565261136,39.748632668303955,657.1380679641634,39.52428063589304
1791245910.697282,658.7772049065821,40.0,-275.9005162500029,84.09948374999708,2.616878506478657e-16,-2.70451917764393e-17,0.17499593098958333,0.010420735677083333,0.17499593098958333,0.010420735677083333,0,idle,655.5637999437554,22.53299099189993,657.059354563143,38.67471615369339
1791245910.714234,658.7772049065821,40.0,-275.9005162500029,84.09948374999708,2.5645409363490836e-16,-2.6504287940910514e-17,0.17499593098958333,0.010420735677083333,0.17499593098958333,0.010420735677083333,0,idle,660.1149245974068,20.31468925833767,657.2121330648562,37.7567148089256
1791245910.731245,658.7772049065821,40.0,-275.9005162500029,84.09948374999708,2.513250117622102e-16,-2.5974202182092304e-17,0.17499593098958333,0.010420735677083333,0.17499593098958333,0.010420735677083333,0,idle,666.5742539542232,37.6301447720415,657.6802391093245,37.7503863070814
1791245910.7484312,658.7772049065821,40.0,-275.9005162500029,84.09948374999708,2.46298511526966e-16,-2.5454718138450458e-17,0.17499593098958333,0.010420735677083333,0.17499593098958333,0.010420735677083333,0,idle,660.0331033471132,25.219440822123694,657.7978823212139,37.123839032833516
1791245910.76559,658.7772049065821,40.0,-275.9005162500029,84.09948374999708,2.413725412964267e-16,-2.494562377568145e-17,0.17499593098958333,0.010420735677083333,0.17499593098958333,0.010420735677083333,0,idle,663.4196266473859,65.74960751070174,658.0789695375225,38.55512745672693
1791245910.7825222,658.7772049065821,40.0,-275.9005162500029,84.09948374999708,2.3654509047049815e-16,-2.444671130016782e-17,0.17499593098958333,0.010420735677083333,0.17499593098958333,0.010420735677083333,0,idle,666.2116849785949,38.830724260477446,658.4856053095762,38.56890729691445
1791245910.7996092,658.7772049065821,40.0,-275.9005162500029,84.09948374999708,2.318141886610882e-16,-2.3957777074164463e-17,0.17499593098958333,0.010420735677083333,0.17499593098958333,0.010420735677083333,0,idle,669.4974914501565,24.47215221372379,659.0361996166051,37.86406954275492
1791245910.816514,658.7772049065821,40.0,-275.9005162500029,84.09948374999708,2.2717790488786644e-16,-2.3478621532681172e-17,0.17499593098958333,0.010420735677083333,0.17499593098958333,0.010420735677083333,0,idle,666.448980874626,44.61689603689526,659.4068386795062,38.201710867461934
1791245910.833389,658.7772049065821,40.0,-275.9005162500029,84.09948374999708,2.2263434679010914e-16,-2.3009049102027548e-17,0.17499593098958333,0.010420735677083333,0.17499593098958333,0.010420735677083333,0,idle,666.0693325584248,35.7484760694695,659.7399633734522,38.079049127562314
1791245910.850165,658.7772049065821,40.0,-275.9005162500029,84.09948374999708,2.1818165985430696e-16,-2.2548868119986997e-17,0.17499593098958333,0.010420735677083333,0.17499593098958333,0.010420735677083333,0,idle,680.7588295695253,37.741706891028876,660.7909066832558,38.062182015735644
1791245910.866496,658.7772049065821,40.0,-275.9005162500029,84.09948374999708,2.138180266572208e-16,-2.2097890757587256e-17,0.17499593098958333,0.010420735677083333,0.17499593098958333,0.010420735677083333,0,idle,652.4887721991456,43.251985103531,660.3757999590503,38.32167217012541
1791245910.883317,658.7772049065821,40.0,-275.9005162500029,84.09948374999708,2.095416661240764e-16,-2.1655932942435513e-17,0.17499593098958333,0.010420735677083333,0.17499593098958333,0.010420735677083333,0,idle,638.5883039120383,11.12381012154431,659.2864251566997,36.961779067696355
1791245910.900288,658.7772049065821,40.0,-275.9005162500029,84.09948374999708,2.0535083280159486e-16,-2.1222814283586803e-17,0.17499593098958333,0.010420735677083333,0.17499593098958333,0.010420735677083333,0,idle,640.8211894730456,36.56592671196637,658.363163372517,36.941986449909855
1791245910.917193,658.7772049065821,40.0,-275.9005162500029,84.09948374999708,2.0124381614556297e-16,-2.079835799791507e-17,0.17499593098958333,0.010420735677083333,0.17499593098958333,0.010420735677083333,0,idle,654.3798733467529,43.886678058875844,658.1639988712287,37.289221030358156
1791245910.93405,658.7772049065821,40.0,-275.9005162500029,84.09948374999708,1.9721893982265171e-16,-2.038239083795677e-17,0.17499593098958333,0.010420735677083333,0.17499593098958333,0.010420735677083333,0,idle,651.6486794657541,53.615877312575016,657.838232900955,38.105553844469
1791245910.951757,658.7772049065821,40.0,-275.9005162500029,84.09948374999708,1.9327456102619868e-16,-1.9974743021197633e-17,0.17499593098958333,0.010420735677083333,0.17499593098958333,0.010420735677083333,0,idle,660.2156394968432,58.967535431680304,657.9571032307493,39.148652923829566
1791245910.968661,658.7772049065821,40.0,-275.9005162500029,84.09948374999708,1.8940906980567472e-16,-1.957524816077368e-17,0.17499593098958333,0.010420735677083333,0.17499593098958333,0.010420735677083333,0,idle,658.424059261698,31.184464245134205,657.9804510322967,38.7504434898948
1791245910.98547,658.7772049065821,40.0,-275.9005162500029,84.09948374999708,1.8562088840956122e-16,-1.9183743197558208e-17,0.17499593098958333,0.010420735677083333,0.17499593098958333,0.010420735677083333,0,idle,665.428664791178,13.264921117207102,658.3528617202408,37.476167371260416
1791245911.002453,658.7772049065821,40.0,-275.9005162500029,84.09948374999708,1.8190847064137e-16,-1.8800068333607042e-17,0.17499593098958333,0.010420735677083333,0.17499593098958333,0.010420735677083333,0,idle,670.0160911020502,30.231990835353507,658.9360231893312,37.11395854446507
1791245911.0193868,658.7772049065821,40.0,-275.9005162500029,84.09948374999708,1.782703012285426e-16,-1.84240669669349e-17,0.17499593098958333,0.010420735677083333,0.17499593098958333,0.010420735677083333,0,idle,664.5189774722971,49.56809987192135,659.2151709034795,37.73666561083788
1791245911.036351,658.7772049065821,40.0,-275.9005162500029,84.09948374999708,1.7470489520397174e-16,-1.8055585627596204e-17,0.17499593098958333,0.010420735677083333,0.17499593098958333,0.010420735677083333,0,idle,666.1591235079325,34.755426705677486,659.5623685337022,37.58760366557986
1791245911.053199,658.7772049065821,40.0,-275.9005162500029,84.09948374999708,1.712107972998923e-16,-1.769447391504428e-17,0.17499593098958333,0.010420735677083333,0.17499593098958333,0.010420735677083333,0,idle,652.9807273428036,30.007202071121046,659.2332864741572,37.20858358585692
1791245911.069582,658.7772049065821,40.0,-275.9005162500029,84.09948374999708,1.6778658135389445e-16,-1.7340584436743392e-17,0.17499593098958333,0.010420735677083333,0.17499593098958333,0.010420735677083333,0,idle,642.251281866312,39.70550008619008,658.3841862437649,37.33342941087358
1791245911.086327,658.7772049065821,40.0,-275.9005162500029,84.09948374999708,1.6443084972681657e-16,-1.6993772748008524e-17,0.17499593098958333,0.010420735677083333,0.17499593098958333,0.010420735677083333,0,idle,666.3684647415344,63.61176336441251,658.7834001686534,38.64734610855052
1791245911.1032681,658.7772049065821,40.0,-275.9005162500029,84.09948374999708,1.6114223273228023e-16,-1.6653897293048354e-17,0.17499593098958333,0.010420735677083333,0.17499593098958333,0.010420735677083333,0,idle,663.3272960562351,29.681076796614516,659.0105949630325,38.199032642953725
1791245911.120051,658.7772049065821,40.0,-275.9005162500029,84.09948374999708,1.5791938807763462e-16,-1.6320819347187387e-17,0.17499593098958333,0.010420735677083333,0.17499593098958333,0.010420735677083333,0,idle,682.157312807186,32.134721128040724,660.1679308552402,37.89581706720807
1791245911.137661,658.7772049065821,40.0,-275.9005162500029,84.09948374999708,1.5476100031608194e-16,-1.599440296024364e-17,0.17499593098958333,0.010420735677083333,0.17499593098958333,0.010420735677083333,0,idle,675.201386614732,36.4906949836603,660.9196036432148,37.82556096303068
1791245911.154391,658.7772049065821,40.0,-275.9005162500029,84.09948374999708,1.5166578030976031e-16,-1.5674514901038766e-17,0.17499593098958333,0.010420735677083333,0.17499593098958333,0.010420735677083333,0,idle,663.4103389425935,50.06063700987903,661.0441404081838,38.4373147653731
1791245911.1714392,658.7772049065821,40.0,-275.9005162500029,84.09948374999708,1.4863246470356511e-16,-1.536102460301799e-17,0.17499593098958333,0.010420735677083333,0.17499593098958333,0.010420735677083333,0,idle,665.5784485403211,31.954626435254145,661.2708558147907,38.113180348867154
1791245911.1883678,658.7772049065821,40.0,-275.9005162500029,84.09948374999708,1.4565981540949382e-16,-1.5053804110957632e-17,0.17499593098958333,0.010420735677083333,0.17499593098958333,0.010420735677083333,0,idle,648.6994453992037,54.824478430265955,660.6422852940113,38.948745252937094
1791245911.205107,658.7772049065821,40.0,-275.9005162500029,84.09948374999708,1.4274661910130394e-16,-1.475272802873848e-17,0.17499593098958333,0.010420735677083333,0.17499593098958333,0.010420735677083333,0,idle,671.9551439404819,45.550796919844615,661.2079282263348,39.27884783628247
1791245911.222093,658.7772049065821,40.0,-275.9005162500029,84.09948374999708,1.3989168671927785e-16,-1.445767346816371e-17,0.17499593098958333,0.010420735677083333,0.17499593098958333,0.010420735677083333,0,idle,657.0402535838912,29.294304844366316,660.9995444942126,38.77962068668666
1791245911.239197,658.7772049065821,40.0,-275.9005162500029,84.09948374999708,1.370938529848923e-16,-1.4168519998800435e-17,0.17499593098958333,0.010420735677083333,0.17499593098958333,0.010420735677083333,0,idle,650.678606501294,26.61740655112951,660.4834975945666,38.171509979908805
1791245911.256553,658.7772049065821,40.0,-275.9005162500029,84.09948374999708,1.3435197592519445e-16,-1.3885149598824427e-17,0.17499593098958333,0.010420735677083333,0.17499593098958333,0.010420735677083333,0,idle,667.7208896619209,45.01045772466448,660.8453671979344,38.513457367146586
1791245911.2737799,658.7772049065821,40.0,-275.9005162500029,84.09948374999708,1.3166493640669056e-16,-1.3607446606847939e-17,0.17499593098958333,0.010420735677083333,0.17499593098958333,0.010420735677083333,0,idle,661.740311342191,26.18244415633313,660.8901144051472,37.89690670660591
1791245911.290564,658.7772049065821,40.0,-275.9005162500029,84.09948374999708,1.2903163767855674e-16,-1.333529767471098e-17,0.17499593098958333,0.010420735677083333,0.17499593098958333,0.010420735677083333,0,idle,655.4496729336722,52.166575326445,660.6180923315734,38.61039013759787
1791245911.3072152,658.7772049065821,40.0,-275.9005162500029,84.09948374999708,1.2645100492498562e-16,-1.3068591721216762e-17,0.17499593098958333,0.010420735677083333,0.17499593098958333,0.010420735677083333,0,idle,656.7377566676416,44.0751869007524,660.4240755483768,38.883629975755596
1791245911.3231502,658.7772049065821,40.0,-275.9005162500029,84.09948374999708,1.2392198482648591e-16,-1.2807219886792427e-17,0.17499593098958333,0.010420735677083333,0.17499593098958333,0.010420735677083333,0,idle,652.2785447284034,16.897508494263,660.0167990073782,37.78432390168096
1791245911.340281,658.7772049065821,40.0,-275.9005162500029,84.09948374999708,1.2144354512995622e-16,-1.255107548905658e-17,0.17499593098958333,0.010420735677083333,0.17499593098958333,0.010420735677083333,0,idle,668.9293867006938,41.73104690129808,660.462428392044,37.98166005166182
1791245911.3573399,658.7772049065821,40.0,-275.9005162500029,84.09948374999708,1.190146742273571e-16,-1.2300053979275449e-17,0.17499593098958333,0.010420735677083333,0.17499593098958333,0.010420735677083333,0,idle,664.7409486661769,44.95755539477487,660.6763544057507,38.33045481881747
1791245911.374523,658.7772049065821,40.0,-275.9005162500029,84.09948374999708,1.1663438074280995e-16,-1.205405289968994e-17,0.17499593098958333,0.010420735677083333,0.17499593098958333,0.010420735677083333,0,idle,674.2653391233096,32.13616612380419,661.3558036416287,38.020740384066805
1791245911.3915892,658.7772049065821,40.0,-275.9005162500029,84.09948374999708,1.1430169312795376e-16,-1.181297184169614e-17,0.17499593098958333,0.010420735677083333,0.17499593098958333,0.010420735677083333,0,idle,647.0091934184394,30.260929019959992,660.6384731304692,37.632749815861466
1791245911.407787,658.7772049065821,40.0,-275.9005162500029,84.09948374999708,1.120156592653947e-16,-1.1576712404862218e-17,0.17499593098958333,0.010420735677083333,0.17499593098958333,0.010420735677083333,0,idle,653.1710219664727,30.445928799640566,660.2651005722694,37.27340876505042
1791245911.423059,658.7772049065821,40.0,-275.9005162500029,84.09948374999708,1.097753460800868e-16,-1.1345178156764974e-17,0.17499593098958333,0.010420735677083333,0.17499593098958333,0.010420735677083333,0,idle,678.0597895073032,38.51642742701786,661.1548350190211,37.33555969814879
1791245911.440094,658.7772049065821,40.0,-275.9005162500029,84.09948374999708,1.0757983915848506e-16,-1.1118274593629674e-17,0.17499593098958333,0.010420735677083333,0.17499593098958333,0.010420735677083333,0,idle,671.3987970080725,29.223196508642737,661.6670331184737,36.92994153867349
1791245911.4577742,658.7772049065821,40.0,-275.9005162500029,84.09948374999708,1.0542824237531536e-16,-1.0895909101757081e-17,0.17499593098958333,0.010420735677083333,0.17499593098958333,0.010420735677083333,0,idle,642.7027314867892,44.0683290887608,660.7188180368895,37.28686091617786
1791245911.4746292,658.7772049065821,40.0,-275.9005162500029,84.09948374999708,1.0331967752780905e-16,-1.067799091972194e-17,0.17499593098958333,0.010420735677083333,0.17499593098958333,0.010420735677083333,0,idle,647.0204605050745,51.91137585822723,660.0339001602988,38.01808666328033
1791245911.490525,658.7772049065821,40.0,-275.9005162500029,84.09948374999708,1.0125328397725287e-16,-1.04644311013275e-17,0.17499593098958333,0.010420735677083333,0.17499593098958333,0.010420735677083333,0,idle,637.6629658448265,53.32203873890609,658.9153534445252,38.78328426706162
1791245911.507379,658.7772049065821,40.0,-275.9005162500029,84.09948374999708,9.922821829770782e-17,-1.0255142479300951e-17,0.17499593098958333,0.010420735677083333,0.17499593098958333,0.010420735677083333,0,idle,638.5680836111254,37.198518109953795,657.8979899528551,38.704045959206226
1791245911.524176,658.7772049065821,40.0,-275.9005162500029,84.09948374999708,9.724365393175366e-17,-1.0050039629714931e-17,0.17499593098958333,0.010420735677083333,0.17499593098958333,0.010420735677083333,0,idle,651.531865136451,25.37562236063968,657.5796837120349,38.0376247792779
1791245911.541,658.7772049065821,40.0,-275.9005162500029,84.09948374999708,9.529878085311858e-17,-9.849038837120633e-18,0.17499593098958333,0.010420735677083333,0.17499593098958333,0.010420735677083333,0,idle,633.9092874817928,46.24917884954804,656.3961639005228,38.4482024827914
1791245911.5577931,658.7772049065821,40.0,-275.9005162500029,84.09948374999708,9.339280523605621e-17,-9.652058060378221e-18,0.17499593098958333,0.010420735677083333,0.17499593098958333,0.010420735677083333,0,idle,655.9202460345754,23.043644152725463,656.3723680072254,37.67797456628811
1791245911.575475,658.7772049065821,40.0,-275.9005162500029,84.09948374999708,9.152494913133508e-17,-9.459016899170657e-18,0.17499593098958333,0.010420735677083333,0.17499593098958333,0.010420735677083333,0,idle,649.9433820126416,27.02404933713021,656.0509187074962,37.145278304830214
1791245911.5918982,658.7772049065821,40.0,-275.9005162500029,84.09948374999708,8.969445014870838e-17,-9.269836561187244e-18,0.17499593098958333,0.010420735677083333,0.17499593098958333,0.010420735677083333,0,idle,668.7767819045185,38.613358725903936,656.6872118673473,37.2186823258839
1791245911.6098182,658.7772049065821,40.0,-275.9005162500029,84.09948374999708,8.790056114573421e-17,-9.0844398299635e-18,0.17499593098958333,0.010420735677083333,0.17499593098958333,0.010420735677083333,0,idle,640.4638197343104,33.85164300344986,655.8760422606954,37.05033035976219
1791245911.6278028,658.7772049065821,40.0,-275.9005162500029,84.09948374999708,8.614254992281953e-17,-8.90275103336423e-18,0.17499593098958333,0.010420735677083333,0.17499593098958333,0.010420735677083333,0,idle,661.1904866651678,39.19293217013529,656.141764480919,37.157460450280844
1791245911.644756,658.7772049065821,40.0,-275.9005162500029,84.09948374999708,8.441969892436314e-17,-8.724696012696946e-18,0.17499593098958333,0.010420735677083333,0.17499593098958333,0.010420735677083333,0,idle,655.6976098161698,29.12950545049226,656.1195567476816,36.756062700291416
1791245911.66174,658.7772049065821,40.0,-275.9005162500029,84.09948374999708,8.273130494587587e-17,-8.550202092443006e-18,0.17499593098958333,0.010420735677083333,0.17499593098958333,0.010420735677083333,0,idle,652.2086292882884,17.088402875159208,655.924010374712,35.772679709034804
1791245911.6786802,658.7772049065821,40.0,-275.9005162500029,84.09948374999708,8.107667884695836e-17,-8.379198050594146e-18,0.17499593098958333,0.010420735677083333,0.17499593098958333,0.010420735677083333,0,idle,648.3273511971468,45.15200737094683,655.5441774158337,36.24164609213041
1791245911.695719,658.7772049065821,40.0,-275.9005162500029,84.09948374999708,7.945514527001919e-17,-8.211614089582263e-18,0.17499593098958333,0.010420735677083333,0.17499593098958333,0.010420735677083333,0,idle,645.9770016437186,46.05305787704544,655.0658186272279,36.73221668137616
1791245911.7111008,658.7772049065821,40.0,-275.9005162500029,84.09948374999708,7.78660423646188e-17,-8.047381807790617e-18,0.17499593098958333,0.010420735677083333,0.17499593098958333,0.010420735677083333,0,idle,675.8842952392528,22.04975340219997,656.1067424578292,35.998093517417345
1791245911.728037,658.7772049065821,40.0,-275.9005162500029,84.09948374999708,7.630872151732643e-17,-7.886434171634805e-18,0.17499593098958333,0.010420735677083333,0.17499593098958333,0.010420735677083333,0,idle,684.3952214643957,47.60155329345872,657.5211664081576,36.578266506219414
1791245911.744958,658.7772049065821,40.0,-275.9005162500029,84.09948374999708,7.478254708697991e-17,-7.728705488202108e-18,0.17499593098958333,0.010420735677083333,0.17499593098958333,0.010420735677083333,0,idle,662.4949687832996,31.21283308901755,657.7698565269146,36.30999483535932
1791245911.761821,658.7772049065821,40.0,-275.9005162500029,84.09948374999708,7.32868961452403e-17,-7.574131378438066e-18,0.17499593098958333,0.010420735677083333,0.17499593098958333,0.010420735677083333,0,idle,652.4114787792857,24.101759647815737,657.5019376395331,35.69958307598214
1791245911.779665,658.7772049065821,40.0,-275.9005162500029,84.09948374999708,7.182115822233549e-17,-7.422648750869304e-18,0.17499593098958333,0.010420735677083333,0.17499593098958333,0.010420735677083333,0,idle,671.907330272444,40.55506610877306,658.2222072711787,35.942357227621685
1791245911.796489,658.7772049065821,40.0,-275.9005162500029,84.09948374999708,7.038473505788878e-17,-7.274195775851919e-18,0.17499593098958333,0.010420735677083333,0.17499593098958333,0.010420735677083333,0,idle,668.0888691034089,34.12760433540619,658.7155403627902,35.85161958301091
1791245911.813463,658.7772049065821,40.0,-275.9005162500029,84.09948374999708,6.8977040356731e-17,-7.12871186033488e-18,0.17499593098958333,0.010420735677083333,0.17499593098958333,0.010420735677083333,0,idle,668.6520714714104,50.06985644660221,659.2123669182212,36.562531426190475
1791245911.830354,658.7772049065821,40.0,-275.9005162500029,84.09948374999708,6.759749954959639e-17,-6.986137623128183e-18,0.17499593098958333,0.010420735677083333,0.17499593098958333,0.010420735677083333,0,idle,650.4735343299427,40.04433691744456,658.7754252888072,36.736621700753176
1791245911.8472471,658.7772049065821,40.0,-275.9005162500029,84.09948374999708,6.624554955860447e-17,-6.8464148706656194e-18,0.17499593098958333,0.010420735677083333,0.17499593098958333,0.010420735677083333,0,idle,652.3797134981552,34.42144047019803,658.4556396992747,36.62086263922542
1791245911.863969,658.7772049065821,40.0,-275.9005162500029,84.09948374999708,6.492063856743238e-17,-6.709486573252307e-18,0.17499593098958333,0.010420735677083333,0.17499593098958333,0.010420735677083333,0,idle,658.5053692342091,43.98941558928759,658.4581261760214,36.98929028672853
1791245911.880985,658.7772049065821,40.0,-275.9005162500029,84.09948374999708,6.362222579608373e-17,-6.575296841787261e-18,0.17499593098958333,0.010420735677083333,0.17499593098958333,0.010420735677083333,0,idle,650.9131091893202,38.55235553986712,658.0808753266864,37.06744354938546
1791245911.898019,658.7772049065821,40.0,-275.9005162500029,84.09948374999708,6.234978128016205e-17,-6.443790904951516e-18,0.17499593098958333,0.010420735677083333,0.17499593098958333,0.010420735677083333,0,idle,642.2956012232886,35.34781610878117,657.2916116215165,36.98146217735525
1791245911.914978,658.7772049065821,40.0,-275.9005162500029,84.09948374999708,6.110278565455882e-17,-6.314915086852486e-18,0.17499593098958333,0.010420735677083333,0.17499593098958333,0.010420735677083333,0,idle,652.6646847075032,45.95141586624529,657.0602652758158,37.42995986179975
1791245911.932823,658.7772049065821,40.0,-275.9005162500029,84.09948374999708,5.988072994146765e-17,-6.188616785115436e-18,0.17499593098958333,0.010420735677083333,0.17499593098958333,0.010420735677083333,0,idle,663.7611726879908,31.967603293163208,657.3953106464246,37.15684203336792
1791245911.948988,658.7772049065821,40.0,-275.9005162500029,84.09948374999708,5.868311534263829e-17,-6.0648444494131275e-18,0.17499593098958333,0.010420735677083333,0.17499593098958333,0.010420735677083333,0,idle,649.4994449486434,53.9845577171229,657.0005173615356,37.99822781755567
1791245911.965994,658.7772049065821,40.0,-275.9005162500029,84.09948374999708,5.750945303578552e-17,-5.943547560424865e-18,0.17499593098958333,0.010420735677083333,0.17499593098958333,0.010420735677083333,0,idle,653.7502018783335,31.990802684054614,656.8380015873755,37.69785656088062
1791245911.983115,658.7772049065821,40.0,-275.9005162500029,84.09948374999708,5.635926397506981e-17,-5.824676609216367e-18,0.17499593098958333,0.010420735677083333,0.17499593098958333,0.010420735677083333,0,idle,667.1280328458638,22.918768130675232,657.3525031503,36.95890213937035
1791245912.000115,658.7772049065821,40.0,-275.9005162500029,84.09948374999708,5.5232078695568414e-17,-5.70818307703204e-18,0.17499593098958333,0.010420735677083333,0.17499593098958333,0.010420735677083333,0,idle,632.4681767722626,25.679822163604214,656.1082868313981,36.394948140582045
1791245912.017001,658.7772049065821,40.0,-275.9005162500029,84.09948374999708,5.4127437121657044e-17,-5.594019415491399e-18,0.17499593098958333,0.010420735677083333,0.17499593098958333,0.010420735677083333,0,idle,653.7414232406365,42.86362752224103,655.98994365186,36.718382109664994
1791245912.033972,658.7772049065821,40.0,-275.9005162500029,84.09948374999708,5.30448883792239e-17,-5.482139027181571e-18,0.17499593098958333,0.010420735677083333,0.17499593098958333,0.010420735677083333,0,idle,658.0924235024744,37.6432774633936,656.0950676443907,36.764626877351425
1791245912.050432,658.7772049065821,40.0,-275.9005162500029,84.09948374999708,5.1983990611639425e-17,-5.37249624663794e-18,0.17499593098958333,0.010420735677083333,0.17499593098958333,0.010420735677083333,0,idle,669.0939598779487,32.98768206548871,656.7450122560687,36.57577963675829
1791245912.0673668,658.7772049065821,40.0,-275.9005162500029,84.09948374999708,5.0944310799406634e-17,-5.265046321705181e-18,0.17499593098958333,0.010420735677083333,0.17499593098958333,0.010420735677083333,0,idle,648.2122495450557,37.0939582217018,656.318374120518,36.601688566005464
1791245912.083565,658.7772049065821,40.0,-275.9005162500029,84.09948374999708,4.99254245834185e-17,-5.159745395271077e-18,0.17499593098958333,0.010420735677083333,0.17499593098958333,0.010420735677083333,0,idle,675.7819814566045,32.12460729551992,657.2915544873223,36.377834502481186
1791245912.10044,658.7772049065821,40.0,-275.9005162500029,84.09948374999708,4.8926916091750134e-17,-5.056550487365656e-18,0.17499593098958333,0.010420735677083333,0.17499593098958333,0.010420735677083333,0,idle,649.1589801165651,21.17370012317096,656.8849257687845,35.61762778351567
1791245912.1172748,658.7772049065821,40.0,-275.9005162500029,84.09948374999708,4.794837776991513e-17,-4.955419477618343e-18,0.17499593098958333,0.010420735677083333,0.17499593098958333,0.010420735677083333,0,idle,679.3628696911506,46.24022352008962,658.0088229649027,36.14875757034437
1791245912.134131,658.7772049065821,40.0,-275.9005162500029,84.09948374999708,4.698941021451683e-17,-4.8563110880659764e-18,0.17499593098958333,0.010420735677083333,0.17499593098958333,0.010420735677083333,0,idle,657.544175816378,48.61835635157185,657.9855906074765,36.77223750940575
1791245912.151089,658.7772049065821,40.0,-275.9005162500029,84.09948374999708,4.604962201022649e-17,-4.759184866304656e-18,0.17499593098958333,0.010420735677083333,0.17499593098958333,0.010420735677083333,0,idle,665.5176265266904,56.61481254839604,658.3621924034372,37.76436626135526
1791245912.1679418,658.7772049065821,40.0,-275.9005162500029,84.09948374999708,4.512862957002196e-17,-4.664001168978563e-18,0.17499593098958333,0.010420735677083333,0.17499593098958333,0.010420735677083333,0,idle,664.4573954230923,21.477614516396525,658.6669525544199,36.95002867410733
1791245912.185069,658.7772049065821,40.0,-275.9005162500029,84.09948374999708,4.422605697862152e-17,-4.5707211455989915e-18,0.17499593098958333,0.010420735677083333,0.17499593098958333,0.010420735677083333,0,idle,659.5730155114197,39.64504082736296,658.7122557022699,37.08477928177011
1791245912.2020202,658.7772049065821,40.0,-275.9005162500029,84.09948374999708,4.334153583904909e-17,-4.4793067226870115e-18,0.17499593098958333,0.010420735677083333,0.17499593098958333,0.010420735677083333,0,idle,660.903786862653,39.78004357795835,658.821832260289,37.21954249657952
1791245912.219497,658.7772049065821,40.0,-275.9005162500029,84.09948374999708,4.247470512226811e-17,-4.389720588233272e-18,0.17499593098958333,0.010420735677083333,0.17499593098958333,0.010420735677083333,0,idle,647.4063474084251,48.129749321640496,658.2510580176959,37.76505283783257
1791245912.2363489,658.7772049065821,40.0,-275.9005162500029,84.09948374999708,4.162521101982275e-17,-4.3019261764686065e-18,0.17499593098958333,0.010420735677083333,0.17499593098958333,0.010420735677083333,0,idle,643.4398788705328,61.48172823073568,657.5104990603377,38.95088660747773
1791245912.252734,658.7772049065821,40.0,-275.9005162500029,84.09948374999708,4.079270679942629e-17,-4.215887652939235e-18,0.17499593098958333,0.010420735677083333,0.17499593098958333,0.010420735677083333,0,idle,650.8040563273171,49.9333276185575,657.1751769236866,39.50000865803172
1791245912.269614,658.7772049065821,40.0,-275.9005162500029,84.09948374999708,3.9976852663437766e-17,-4.13156989988045e-18,0.17499593098958333,0.010420735677083333,0.17499593098958333,0.010420735677083333,0,idle,652.3576315189946,40.12743819272217,656.9342996534521,39.53138013476624
1791245912.286488,658.7772049065821,40.0,-275.9005162500029,84.09948374999708,3.9177315610169013e-17,-4.0489385018828405e-18,0.17499593098958333,0.010420735677083333,0.17499593098958333,0.010420735677083333,0,idle,669.836365534432,26.738719725123392,657.5794029475011,38.891747114284094
1791245912.3034072,658.7772049065821,40.0,-275.9005162500029,84.09948374999708,3.8393769297965636e-17,-3.967959731845184e-18,0.17499593098958333,0.010420735677083333,0.17499593098958333,0.010420735677083333,0,idle,669.3423219507038,50.92729306648157,658.1675488976612,39.493524411893965
1791245912.3200178,658.7772049065821,40.0,-275.9005162500029,84.09948374999708,3.7625893912006325e-17,-3.88860053720828e-18,0.17499593098958333,0.010420735677083333,0.17499593098958333,0.010420735677083333,0,idle,640.5081010081343,32.51721163951523,657.2845765031848,39.14470877327503
1791245912.337686,658.7772049065821,40.0,-275.9005162500029,84.09948374999708,3.68733760337662e-17,-3.8108285264641145e-18,0.17499593098958333,0.010420735677083333,0.17499593098958333,0.010420735677083333,0,idle,642.223355227251,36.54993503423141,656.531515439388,39.01497008632285
1791245912.354531,658.7772049065821,40.0,-275.9005162500029,84.09948374999708,3.6135908513090874e-17,-3.734611955934833e-18,0.17499593098958333,0.010420735677083333,0.17499593098958333,0.010420735677083333,0,idle,665.4042617860747,50.60931592102288,656.9751527567224,39.59468737805785
1791245912.370817,658.7772049065821,40.0,-275.9005162500029,84.09948374999708,3.5413190342829055e-17,-3.659919716816136e-18,0.17499593098958333,0.010420735677083333,0.17499593098958333,0.010420735677083333,0,idle,654.9026079636724,31.799928512920964,656.8715255170699,39.204949434801
1791245912.3880908,658.7772049065821,40.0,-275.9005162500029,84.09948374999708,3.470492653597247e-17,-3.586721322479813e-18,0.17499593098958333,0.010420735677083333,0.17499593098958333,0.010420735677083333,0,idle,641.1310479896838,37.31059253535311,656.0845016407006,39.11023158982861
1791245912.4049459,658.7772049065821,40.0,-275.9005162500029,84.09948374999708,3.401082800525302e-17,-3.514986896030217e-18,0.17499593098958333,0.010420735677083333,0.17499593098958333,0.010420735677083333,0,idle,668.4625805387222,34.910121017195124,656.7034055856017,38.90022606119693
1791245912.4219708,658.7772049065821,40.0,-275.9005162500029,84.09948374999708,3.333061144514796e-17,-3.4446871581096125e-18,0.17499593098958333,0.010420735677083333,0.17499593098958333,0.010420735677083333,0,idle,663.8837416506468,31.383943562470435,657.062422388854,38.524411936260606
1791245912.43892,658.7772049065821,40.0,-275.9005162500029,84.09948374999708,3.2663999216245e-17,-3.3757934149474203e-18,0.17499593098958333,0.010420735677083333,0.17499593098958333,0.010420735677083333,0,idle,679.8138566960655,16.03469571730383,658.1999941042145,37.39992612531277
1791245912.456788,658.7772049065821,40.0,-275.9005162500029,84.09948374999708,3.20107192319201e-17,-3.308277546648472e-18,0.17499593098958333,0.010420735677083333,0.17499593098958333,0.010420735677083333,0,idle,667.0500993138077,42.57031616098013,658.6424993646941,37.658445627096135
1791245912.4748049,658.7772049065821,40.0,-275.9005162500029,84.09948374999708,3.13705048472817e-17,-3.2421119957155025e-18,0.17499593098958333,0.010420735677083333,0.17499593098958333,0.010420735677083333,0,idle,640.0502817564832,47.36077425967973,657.7128884842836,38.143562058725315
1791245912.492651,658.7772049065821,40.0,-275.9005162500029,84.09948374999708,3.074309475033607e-17,-3.1772697558011924e-18,0.17499593098958333,0.010420735677083333,0.17499593098958333,0.010420735677083333,0,idle,666.4681804781659,29.033764205832586,658.1506530839777,37.68807216608068
1791245912.509495,658.7772049065821,40.0,-275.9005162500029,84.09948374999708,3.012823285532935e-17,-3.1137243606851683e-18,0.17499593098958333,0.010420735677083333,0.17499593098958333,0.010420735677083333,0,idle,645.3453208861939,50.45167867878095,657.5103864740885,38.32625249171569
1791245912.526339,658.7772049065821,40.0,-275.9005162500029,84.09948374999708,2.952566819822276e-17,-3.051449873471465e-18,0.17499593098958333,0.010420735677083333,0.17499593098958333,0.010420735677083333,0,idle,667.6254862014738,45.79900601079257,658.0161414604578,38.69989016766954
1791245912.5432901,658.7772049065821,40.0,-275.9005162500029,84.09948374999708,2.89351548342583e-17,-2.9904208760020355e-18,0.17499593098958333,0.010420735677083333,0.17499593098958333,0.010420735677083333,0,idle,656.8833658975609,10.807315923517734,657.959502682313,37.305261455461945
1791245912.5600278,658.7772049065821,40.0,-275.9005162500029,84.09948374999708,2.835645173757314e-17,-2.9306124584819945e-18,0.17499593098958333,0.010420735677083333,0.17499593098958333,0.010420735677083333,0,idle,657.7842655990212,38.653301528840835,657.9507408281484,37.37266345913089
1791245912.5763462,658.7772049065821,40.0,-275.9005162500029,84.09948374999708,2.7789322702821676e-17,-2.8720002093123546e-18,0.17499593098958333,0.010420735677083333,0.17499593098958333,0.010420735677083333,0,idle,659.3842379046997,41.222556369072585,658.0224156819759,37.565158104627976
1791245912.5932171,658.7772049065821,40.0,-275.9005162500029,84.09948374999708,2.723353624876524e-17,-2.8145602051261075e-18,0.17499593098958333,0.010420735677083333,0.17499593098958333,0.010420735677083333,0,idle,657.022832177671,27.59497099853251,657.9724365067607,37.0666487493232
1791245912.610181,658.7772049065821,40.0,-275.9005162500029,84.09948374999708,2.6688865523789935e-17,-2.7582690010235855e-18,0.17499593098958333,0.010420735677083333,0.17499593098958333,0.010420735677083333,0,idle,655.137554023529,30.736641628431105,657.8306923825991,36.75014839327859
1791245912.6273038,658.7772049065821,40.0,-275.9005162500029,84.09948374999708,2.6155088213314136e-17,-2.7031036210031136e-18,0.17499593098958333,0.010420735677083333,0.17499593098958333,0.010420735677083333,0,idle,667.0133883647927,41.2486218068797,658.2898271817088,36.97507206395865
1791245912.644397,658.7772049065821,40.0,-275.9005162500029,84.09948374999708,2.5631986449047852e-17,-2.6490415485830513e-18,0.17499593098958333,0.010420735677083333,0.17499593098958333,0.010420735677083333,0,idle,651.6847561354786,47.02846213211297,657.9595736293973,37.477741567366365
1791245912.661489,658.7772049065821,40.0,-275.9005162500029,84.09948374999708,2.5119346720066895e-17,-2.5960607176113903e-18,0.17499593098958333,0.010420735677083333,0.17499593098958333,0.010420735677083333,0,idle,659.7244603385102,27.665475819910085,658.0478179648529,36.98712827999355
1791245912.678429,658.7772049065821,40.0,-275.9005162500029,84.09948374999708,2.4616959785665557e-17,-2.5441395032591624e-18,0.17499593098958333,0.010420735677083333,0.17499593098958333,0.010420735677083333,0,idle,651.0163493835532,44.491486633584294,657.696244535788,37.362346197673084
1791245912.695439,658.7772049065821,40.0,-275.9005162500029,84.09948374999708,2.4124620589952245e-17,-2.4932567131939792e-18,0.17499593098958333,0.010420735677083333,0.17499593098958333,0.010420735677083333,0,idle,668.2927515898892,31.126555526831233,658.226069888493,37.050556664130994
1791245912.712369,658.7772049065821,40.0,-275.9005162500029,84.09948374999708,2.36421281781532e-17,-2.4433915789300995e-18,0.17499593098958333,0.010420735677083333,0.17499593098958333,0.010420735677083333,0,idle,659.5797433281624,36.62486333280932,658.2937535604765,37.02927199756491
1791245912.729486,658.7772049065821,40.0,-275.9005162500029,84.09948374999708,2.3169285614590138e-17,-2.3945237473514975e-18,0.17499593098958333,0.010420735677083333,0.17499593098958333,0.010420735677083333,0,idle,670.6443407855922,41.43205492013185,658.9112829217323,37.24941114369326
1791245912.746476,658.7772049065821,40.0,-275.9005162500029,84.09948374999708,2.2705899902298334e-17,-2.3466332724044677e-18,0.17499593098958333,0.010420735677083333,0.17499593098958333,0.010420735677083333,0,idle,638.7945152855845,52.73596773829978,657.9054445399249,38.02373897342358
1791245912.763598,658.7772049065821,40.0,-275.9005162500029,84.09948374999708,2.2251781904252368e-17,-2.2997006069563784e-18,0.17499593098958333,0.010420735677083333,0.17499593098958333,0.010420735677083333,0,idle,650.95974087106,50.04415804871609,657.5581593564817,38.62475992718821
1791245912.7806358,658.7772049065821,40.0,-275.9005162500029,84.09948374999708,2.180674626616732e-17,-2.253706594817251e-18,0.17499593098958333,0.010420735677083333,0.17499593098958333,0.010420735677083333,0,idle,636.3101764178375,47.99797994614027,656.4957602095495,39.093420928135814
1791245912.7976909,658.7772049065821,40.0,-275.9005162500029,84.09948374999708,2.1370611340843974e-17,-2.208632462920906e-18,0.17499593098958333,0.010420735677083333,0.17499593098958333,0.010420735677083333,0,idle,667.2016999423927,55.410911976394004,657.0310571961917,39.90929548054872
1791245912.814613,658.7772049065821,40.0,-275.9005162500029,84.09948374999708,2.0943199114027095e-17,-2.1644598136624882e-18,0.17499593098958333,0.010420735677083333,0.17499593098958333,0.010420735677083333,0,idle,675.8186121830968,25.95437813547315,657.9704349455369,39.21154961329494
1791245912.831446,658.7772049065821,40.0,-275.9005162500029,84.09948374999708,2.052433513174655e-17,-2.1211706173892385e-18,0.17499593098958333,0.010420735677083333,0.17499593098958333,0.010420735677083333,0,idle,649.1402335205537,23.07355991402357,657.5289248742878,38.404650128331376
1791245912.848358,658.7772049065821,40.0,-275.9005162500029,84.09948374999708,2.0113848429111622e-17,-2.078747205041454e-18,0.17499593098958333,0.010420735677083333,0.17499593098958333,0.010420735677083333,0,idle,652.7364311388977,48.1560967509253,657.2893001875183,38.892222459461074
1791245912.865237,658.7772049065821,40.0,-275.9005162500029,84.09948374999708,1.971157146052939e-17,-2.0371722609406247e-18,0.17499593098958333,0.010420735677083333,0.17499593098958333,0.010420735677083333,0,idle,661.1724442019441,25.25206562813522,657.4834573882396,38.21021461789478
1791245912.882155,658.7772049065821,40.0,-275.9005162500029,84.09948374999708,1.9317340031318804e-17,-1.9964288157218122e-18,0.17499593098958333,0.010420735677083333,0.17499593098958333,0.010420735677083333,0,idle,647.1512365601318,46.00959352427385,656.9668463468341,38.60018356321373
1791245912.898962,658.7772049065821,40.0,-275.9005162500029,84.09948374999708,1.893099323069243e-17,-1.956500239407376e-18,0.17499593098958333,0.010420735677083333,0.17499593098958333,0.010420735677083333,0,idle,673.0047374623392,57.338726960884465,657.7687409026094,39.53711073309727
1791245912.915869,658.7772049065821,40.0,-275.9005162500029,84.09948374999708,1.8552373366078578e-17,-1.9173702346192282e-18,0.17499593098958333,0.010420735677083333,0.17499593098958333,0.010420735677083333,0,idle,641.9083057873958,43.50819424541584,656.9757191468486,39.7356649087132
1791245912.932852,658.7772049065821,40.0,-275.9005162500029,84.09948374999708,1.8181325898757006e-17,-1.8790228299268437e-18,0.17499593098958333,0.010420735677083333,0.17499593098958333,0.010420735677083333,0,idle,666.0291041223196,30.040634882748027,657.4283883956222,39.25091340741494
1791245912.949932,658.7772049065821,40.0,-275.9005162500029,84.09948374999708,1.7817699380781867e-17,-1.8414423733283067e-18,0.17499593098958333,0.010420735677083333,0.17499593098958333,0.010420735677083333,0,idle,664.9297545598344,68.25780241955644,657.8034567038328,40.70125785802202
1791245912.967861,658.7772049065821,40.0,-275.9005162500029,84.09948374999708,1.746134539316623e-17,-1.8046135258617405e-18,0.17499593098958333,0.010420735677083333,0.17499593098958333,0.010420735677083333,0,idle,675.1593042834855,17.977028561999234,658.6712490828154,39.56504639322088
1791245912.985004,658.7772049065821,40.0,-275.9005162500029,84.09948374999708,1.7112118485302906e-17,-1.768521255344506e-18,0.17499593098958333,0.010420735677083333,0.17499593098958333,0.010420735677083333,0,idle,659.036692641697,39.89695592133512,658.6895212607594,39.581641869626594
1791245913.0019479,658.7772049065821,40.0,-275.9005162500029,84.09948374999708,1.6769876115596847e-17,-1.7331508302376158e-18,0.17499593098958333,0.010420735677083333,0.17499593098958333,0.010420735677083333,0,idle,637.7609053147152,49.024987137389274,657.6430904634572,40.05380913301473
1791245913.0190258,658.7772049065821,40.0,-275.9005162500029,84.09948374999708,1.643447859328491e-17,-1.6984878136328635e-18,0.17499593098958333,0.010420735677083333,0.17499593098958333,0.010420735677083333,0,idle,649.0299751571544,59.747110001624876,657.212434698142,41.03847417644524
1791245913.0358698,658.7772049065821,40.0,-275.9005162500029,84.09948374999708,1.610578902141921e-17,-1.6645180573602063e-18,0.17499593098958333,0.010420735677083333,0.17499593098958333,0.010420735677083333,0,idle,652.236890846584,44.109404315369055,656.9636575055641,41.19202068339143
1791245913.053683,658.7772049065821,40.0,-275.9005162500029,84.09948374999708,1.5783673240990828e-17,-1.6312276962130023e-18,0.17499593098958333,0.010420735677083333,0.17499593098958333,0.010420735677083333,0,idle,666.3082984057651,45.68320529623352,657.4308895505742,41.41657991403354
1791245913.0700932,658.7772049065821,40.0,-275.9005162500029,84.09948374999708,1.546799977617101e-17,-1.5986031422887424e-18,0.17499593098958333,0.010420735677083333,0.17499593098958333,0.010420735677083333,0,idle,661.0083264273404,42.91535944002907,657.6097613944125,41.49151889033332
1791245913.087255,658.7772049065821,40.0,-275.9005162500029,84.09948374999708,1.5158639780647593e-17,-1.5666310794429675e-18,0.17499593098958333,0.010420735677083333,0.17499593098958333,0.010420735677083333,0,idle,659.0261756189667,36.47570641302553,657.6805821056403,41.240728266467926
1791245913.1040268,658.7772049065821,40.0,-275.9005162500029,84.09948374999708,1.485546698503464e-17,-1.5352984578541081e-18,0.17499593098958333,0.010420735677083333,0.17499593098958333,0.010420735677083333,0,idle,688.7527788590955,31.411046571883574,659.234191943313,40.74924418173871
1791245913.120759,658.7772049065821,40.0,-275.9005162500029,84.09948374999708,1.455835764533395e-17,-1.504592488697026e-18,0.17499593098958333,0.010420735677083333,0.17499593098958333,0.010420735677083333,0,idle,654.4121086995473,49.34695351328261,658.9930877811247,41.17912964831591
1791245913.138551,658.7772049065821,40.0,-275.9005162500029,84.09948374999708,1.4267190492427268e-17,-1.4745006389230855e-18,0.17499593098958333,0.010420735677083333,0.17499593098958333,0.010420735677083333,0,idle,659.3455300911066,51.56878036773232,659.0107098966238,41.69861218428673
1791245913.154877,658.7772049065821,40.0,-275.9005162500029,84.09948374999708,1.3981846682578723e-17,-1.4450106261446237e-18,0.17499593098958333,0.010420735677083333,0.17499593098958333,0.010420735677083333,0,idle,639.2737903140447,43.92202891266927,658.0238639174949,41.80978302070586
1791245913.171925,658.7772049065821,40.0,-275.9005162500029,84.09948374999708,1.3702209748927148e-17,-1.4161104136217311e-18,0.17499593098958333,0.010420735677083333,0.17499593098958333,0.010420735677083333,0,idle,649.8597175231189,52.11144277250741,657.615656597776,42.324866008295935
1791245913.189002,658.7772049065821,40.0,-275.9005162500029,84.09948374999708,1.3428165553948606e-17,-1.3877882053492966e-18,0.17499593098958333,0.010420735677083333,0.17499593098958333,0.010420735677083333,0,idle,659.3781843601611,69.53016403030296,657.7037829858953,43.685130909396285
1791245913.205935,658.7772049065821,40.0,-275.9005162500029,84.09948374999708,1.3159602242869634e-17,-1.3600324412423106e-18,0.17499593098958333,0.010420735677083333,0.17499593098958333,0.010420735677083333,0,idle,678.4322248374278,13.780083777065737,658.740205078472,42.18987855277976
1791245913.2233338,658.7772049065821,40.0,-275.9005162500029,84.09948374999708,1.289641019801224e-17,-1.3328317924174644e-18,0.17499593098958333,0.010420735677083333,0.17499593098958333,0.010420735677083333,0,idle,660.9047730451801,50.26890942765221,658.8484334768074,42.593830096523384
1791245913.240252,658.7772049065821,40.0,-275.9005162500029,84.09948374999708,1.2638481994051997e-17,-1.3061751565691151e-18,0.17499593098958333,0.010420735677083333,0.17499593098958333,0.010420735677083333,0,idle,668.2295093006506,54.61193838828191,659.3174872679996,43.19473551111131
1791245913.2572532,658.7772049065821,40.0,-275.9005162500029,84.09948374999708,1.2385712354170957e-17,-1.2800516534377328e-18,0.17499593098958333,0.010420735677083333,0.17499593098958333,0.010420735677083333,0,idle,658.5246761571997,29.953101491674914,659.2778467124596,42.53265381013949
1791245913.27459,658.7772049065821,40.0,-275.9005162500029,84.09948374999708,1.2137998107087537e-17,-1.2544506203689782e-18,0.17499593098958333,0.010420735677083333,0.17499593098958333,0.010420735677083333,0,idle,655.6282512191294,5.373914450851032,659.0953669377931,40.67471684217507
1791245913.291479,658.7772049065821,40.0,-275.9005162500029,84.09948374999708,1.1895238144945786e-17,-1.2293616079615986e-18,0.17499593098958333,0.010420735677083333,0.17499593098958333,0.010420735677083333,0,idle,660.4992448045758,48.10124435927136,659.1655608311322,41.04604321802989
1791245913.308185,658.7772049065821,40.0,-275.9005162500029,84.09948374999708,1.165733338204687e-17,-1.2047743758023666e-18,0.17499593098958333,0.010420735677083333,0.17499593098958333,0.010420735677083333,0,idle,652.8707931345944,40.721511629078634,658.8508224463053,41.029816638582325
1791245913.325045,658.7772049065821,40.0,-275.9005162500029,84.09948374999708,1.1424186714405933e-17,-1.1806788882863192e-18,0.17499593098958333,0.010420735677083333,0.17499593098958333,0.010420735677083333,0,idle,683.2642442479544,30.57035312667994,660.0714935363877,40.506843462987206
1791245913.341334,658.7772049065821,40.0,-275.9005162500029,84.09948374999708,1.1195702980117815e-17,-1.1570653105205928e-18,0.17499593098958333,0.010420735677083333,0.17499593098958333,0.010420735677083333,0,idle,637.2560266926972,43.901567554288185,658.9307201942032,40.676579667552254
1791245913.3582342,658.7772049065821,40.0,-275.9005162500029,84.09948374999708,1.0971788920515458e-17,-1.133924004310181e-18,0.17499593098958333,0.010420735677083333,0.17499593098958333,0.010420735677083333,0,idle,661.5631852652334,26.04077328405631,659.0623434477548,39.944789348377455
1791245913.375189,658.7772049065821,40.0,-275.9005162500029,84.09948374999708,1.0752353142105149e-17,-1.1112455242239775e-18,0.17499593098958333,0.010420735677083333,0.17499593098958333,0.010420735677083333,0,idle,647.2496157025231,34.19973209317526,658.4717070604931,39.65753648561734
1791245913.392417,658.7772049065821,40.0,-275.9005162500029,84.09948374999708,1.0537306079263046e-17,-1.089020613739498e-18,0.17499593098958333,0.010420735677083333,0.17499593098958333,0.010420735677083333,0,idle,661.3483727586045,43.699179748124585,658.6155403453987,39.8596186487427
1791245913.409475,658.7772049065821,40.0,-275.9005162500029,84.09948374999708,1.0326559957677785e-17,-1.067240201464708e-18,0.17499593098958333,0.010420735677083333,0.17499593098958333,0.010420735677083333,0,idle,665.2461725836581,41.68487734173323,658.9470719573117,39.95088158339223
1791245913.4263098,658.7772049065821,40.0,-275.9005162500029,84.09948374999708,1.0120028758524229e-17,-1.0458953974354138e-18,0.17499593098958333,0.010420735677083333,0.17499593098958333,0.010420735677083333,0,idle,658.4013737585216,36.71374549880086,658.9197870473722,39.78902477916266
1791245913.44307,658.7772049065821,40.0,-275.9005162500029,84.09948374999708,9.917628183353744e-18,-1.0249774894867054e-18,0.17499593098958333,0.010420735677083333,0.17499593098958333,0.010420735677083333,0,idle,652.6531152290578,54.98601656473677,658.6064534564565,40.54887436844137
1791245913.460062,658.7772049065821,40.0,-275.9005162500029,84.09948374999708,9.719275619686669e-18,-1.0044779396969713e-18,0.17499593098958333,0.010420735677083333,0.17499593098958333,0.010420735677083333,0,idle,658.6727934934067,35.88498444328684,658.6097704583041,40.315679872183644
1791245913.477462,658.7772049065821,40.0,-275.9005162500029,84.09948374999708,9.524890107292936e-18,-9.84388380903032e-19,0.17499593098958333,0.010420735677083333,0.17499593098958333,0.010420735677083333,0,idle,669.9558966674931,33.79503596049053,659.1770767687635,39.98964767659899
1791245913.494592,658.7772049065821,40.0,-275.9005162500029,84.09948374999708,9.334392305147076e-18,-9.647006132849713e-19,0.17499593098958333,0.010420735677083333,0.17499593098958333,0.010420735677083333,0,idle,658.2062260477683,37.472903137400394,659.1285342327137,39.86381044963906
1791245913.5118122,658.7772049065821,40.0,-275.9005162500029,84.09948374999708,9.147704459044135e-18,-9.454066010192718e-19,0.17499593098958333,0.010420735677083333,0.17499593098958333,0.010420735677083333,0,idle,661.1151607967803,28.52016992473244,659.227865560917,39.29662842339373
1791245913.527989,658.7772049065821,40.0,-275.9005162500029,84.09948374999708,8.964750369863252e-18,-9.264984689988864e-19,0.17499593098958333,0.010420735677083333,0.17499593098958333,0.010420735677083333,0,idle,660.0769596875282,38.3183537270693,659.2703202672476,39.2477146885775
1791245913.545109,658.7772049065821,40.0,-275.9005162500029,84.09948374999708,8.785455362465986e-18,-9.079684996189086e-19,0.17499593098958333,0.010420735677083333,0.17499593098958333,0.010420735677083333,0,idle,669.0773582003742,22.977026740891183,659.7606721639039,38.43418029119319
1791245913.561877,658.7772049065821,40.0,-275.9005162500029,84.09948374999708,8.609746255216667e-18,-8.898091296265304e-19,0.17499593098958333,0.010420735677083333,0.17499593098958333,0.010420735677083333,0,idle,654.7820861098577,54.68876004779071,659.5117428612016,39.246909279023065
1791245913.579603,658.7772049065821,40.0,-275.9005162500029,84.09948374999708,8.437551330112333e-18,-8.720129470339998e-19,0.17499593098958333,0.010420735677083333,0.17499593098958333,0.010420735677083333,0,idle,663.5796624057278,37.66133947981267,659.715138838428,39.16763078906254
1791245913.59615,658.7772049065821,40.0,-275.9005162500029,84.09948374999708,8.268800303510087e-18,-8.545726880933198e-19,0.17499593098958333,0.010420735677083333,0.17499593098958333,0.010420735677083333,0,idle,670.2438642316743,28.275699899434507,660.2415751080903,38.62303424458114
1791245913.6132748,658.7772049065821,40.0,-275.9005162500029,84.09948374999708,8.103424297439886e-18,-8.374812343314534e-19,0.17499593098958333,0.010420735677083333,0.17499593098958333,0.010420735677083333,0,idle,656.8429785262423,33.338507231711006,660.0716452789978,38.35880789393764
1791245913.630333,658.7772049065821,40.0,-275.9005162500029,84.09948374999708,7.941355811491088e-18,-8.207316096448244e-19,0.17499593098958333,0.010420735677083333,0.17499593098958333,0.010420735677083333,0,idle,653.8085397674347,41.22931894500026,659.7584900034196,38.502333446490766
1791245913.647413,658.7772049065821,40.0,-275.9005162500029,84.09948374999708,7.782528695261266e-18,-8.043169774519279e-19,0.17499593098958333,0.010420735677083333,0.17499593098958333,0.010420735677083333,0,idle,643.9872991590033,69.73566351346122,658.9699304611988,40.063999949839285
1791245913.664442,658.7772049065821,40.0,-275.9005162500029,84.09948374999708,7.62687812135604e-18,-7.882306379028893e-19,0.17499593098958333,0.010420735677083333,0.17499593098958333,0.010420735677083333,0,idle,675.9530536805236,48.81925002629155,659.8190866221651,40.5017624536619
1791245913.68118,658.7772049065821,40.0,-275.9005162500029,84.09948374999708,7.47434055892892e-18,-7.724660251448315e-19,0.17499593098958333,0.010420735677083333,0.17499593098958333,0.010420735677083333,0,idle,674.4685391327417,28.382270330390156,660.551559247694,39.89578784749831
1791245913.698123,658.7772049065821,40.0,-275.9005162500029,84.09948374999708,7.324853747750342e-18,-7.570167046419349e-19,0.17499593098958333,0.010420735677083333,0.17499593098958333,0.010420735677083333,0,idle,641.4642518092119,22.082303266912646,659.5971938757698,39.005113618469025
1791245913.7151518,658.7772049065821,40.0,-275.9005162500029,84.09948374999708,7.178356672795335e-18,-7.418763705490962e-19,0.17499593098958333,0.010420735677083333,0.17499593098958333,0.010420735677083333,0,idle,671.3201835795933,54.21098183912794,660.183343360961,39.76540702950197
1791245913.73222,658.7772049065821,40.0,-275.9005162500029,84.09948374999708,7.034789539339429e-18,-7.270388431381143e-19,0.17499593098958333,0.010420735677083333,0.17499593098958333,0.010420735677083333,0,idle,661.5179649439824,29.84699688181407,660.250074440112,39.269486522117575
1791245913.749516,658.7772049065821,40.0,-275.9005162500029,84.09948374999708,6.89409374855264e-18,-7.12498066275352e-19,0.17499593098958333,0.010420735677083333,0.17499593098958333,0.010420735677083333,0,idle,659.1368177433937,35.27286326456185,660.1944116052762,39.06965535923979
1791245913.76643,658.7772049065821,40.0,-275.9005162500029,84.09948374999708,6.756211873581587e-18,-6.982481049498449e-19,0.17499593098958333,0.010420735677083333,0.17499593098958333,0.010420735677083333,0,idle,657.575866370541,59.63725505281887,660.0634843435394,40.098035343918745
1791245913.783298,658.7772049065821,40.0,-275.9005162500029,84.09948374999708,6.621087636109955e-18,-6.84283142850848e-19,0.17499593098958333,0.010420735677083333,0.17499593098958333,0.010420735677083333,0,idle,660.1546902538685,58.51863950953027,660.0680446390559,41.01906555219932
1791245913.8000908,658.7772049065821,40.0,-275.9005162500029,84.09948374999708,6.488665883387756e-18,-6.705974799938311e-19,0.17499593098958333,0.010420735677083333,0.17499593098958333,0.010420735677083333,0,idle,664.287629982148,37.27072548270652,660.2790239062105,40.83164854872468
1791245913.816981,658.7772049065821,40.0,-275.9005162500029,84.09948374999708,6.3588925657200004e-18,-6.571855303939544e-19,0.17499593098958333,0.010420735677083333,0.17499593098958333,0.010420735677083333,0,idle,662.0736527108596,37.958852546368774,660.3687553464429,40.68800874860688
1791245913.833764,658.7772049065821,40.0,-275.9005162500029,84.09948374999708,6.2317147144056005e-18,-6.440418197860753e-19,0.17499593098958333,0.010420735677083333,0.17499593098958333,0.010420735677083333,0,idle,647.6125313308125,29.549668775255228,659.7309441456614,40.1310917499393
1791245913.851594,658.7772049065821,40.0,-275.9005162500029,84.09948374999708,6.107080420117489e-18,-6.311609833903538e-19,0.17499593098958333,0.010420735677083333,0.17499593098958333,0.010420735677083333,0,idle,678.4689111857074,35.449920392191444,660.6678424976637,39.897033182051906
1791245913.8696718,658.7772049065821,40.0,-275.9005162500029,84.09948374999708,5.984938811715139e-18,-6.185377637225468e-19,0.17499593098958333,0.010420735677083333,0.17499593098958333,0.010420735677083333,0,idle,656.1503353019008,36.38227478911174,660.4419671378756,39.7212952624049
1791245913.885134,658.7772049065821,40.0,-275.9005162500029,84.09948374999708,5.8652400354808364e-18,-6.061670084480958e-19,0.17499593098958333,0.010420735677083333,0.17499593098958333,0.010420735677083333,0,idle,656.5963472091531,31.807847057491312,660.2496861414395,39.32562285215922
1791245913.902592,658.7772049065821,40.0,-275.9005162500029,84.09948374999708,5.747935234771219e-18,-5.940436682791339e-19,0.17499593098958333,0.010420735677083333,0.17499593098958333,0.010420735677083333,0,idle,676.9474463874304,46.70893722789293,661.084574153739,39.6947885709459
1791245913.919054,658.7772049065821,40.0,-275.9005162500029,84.09948374999708,5.632976530075795e-18,-5.821627949135512e-19,0.17499593098958333,0.010420735677083333,0.17499593098958333,0.010420735677083333,0,idle,665.9867514585846,46.716836672576704,661.3296830189813,40.045890976027444
1791245913.935909,658.7772049065821,40.0,-275.9005162500029,84.09948374999708,5.520316999474279e-18,-5.705195390152801e-19,0.17499593098958333,0.010420735677083333,0.17499593098958333,0.010420735677083333,0,idle,654.489796036028,12.776732463338362,660.9876886698337,38.68243305039299
1791245913.953687,658.7772049065821,40.0,-275.9005162500029,84.09948374999708,5.409910659484793e-18,-5.591091482349745e-19,0.17499593098958333,0.010420735677083333,0.17499593098958333,0.010420735677083333,0,idle,674.7852512236257,23.88791382762537,661.6775667975232,37.942707089254604
1791245913.970164,658.7772049065821,40.0,-275.9005162500029,84.09948374999708,5.301712446295097e-18,-5.47926965270275e-19,0.17499593098958333,0.010420735677083333,0.17499593098958333,0.010420735677083333,0,idle,670.6189983252065,34.94351825955942,662.1246383739074,37.79274764776984
1791245913.986211,658.7772049065821,40.0,-275.9005162500029,84.09948374999708,5.195678197369195e-18,-5.369684259648695e-19,0.17499593098958333,0.010420735677083333,0.17499593098958333,0.010420735677083333,0,idle,665.6767670488105,40.38858817367396,662.3022448076525,37.92253967406505
1791245914.002919,658.7772049065821,40.0,-275.9005162500029,84.09948374999708,5.091764633421811e-18,-5.262290574455721e-19,0.17499593098958333,0.010420735677083333,0.17499593098958333,0.010420735677083333,0,idle,671.4548761825405,-0.9239926016455584,662.759876376397,35.98021306027952
1791245914.020689,658.7772049065821,40.0,-275.9005162500029,84.09948374999708,4.989929340753375e-18,-5.157044762966607e-19,0.17499593098958333,0.010420735677083333,0.17499593098958333,0.010420735677083333,0,idle,660.404851462341,46.69606879672999,662.6421251306941,36.51600584710204
1791245914.037555,658.7772049065821,40.0,-275.9005162500029,84.09948374999708,4.890130753938307e-18,-5.053903867707275e-19,0.17499593098958333,0.010420735677083333,0.17499593098958333,0.010420735677083333,0,idle,649.7772847392129,39.39739015150154,661.9988831111201,36.660075062322015
1791245914.0541818,658.7772049065821,40.0,-275.9005162500029,84.09948374999708,4.792328138859541e-18,-4.95282579035313e-19,0.17499593098958333,0.010420735677083333,0.17499593098958333,0.010420735677083333,0,idle,653.7905242698662,63.55477800868298,661.5884651690574,38.00481020964006
1791245914.0709288,658.7772049065821,40.0,-275.9005162500029,84.09948374999708,4.69648157608235e-18,-4.853769274546066e-19,0.17499593098958333,0.010420735677083333,0.17499593098958333,0.010420735677083333,0,idle,669.5758805775225,42.262406928215704,661.9878359394806,38.217690045568844
1791245914.087797,658.7772049065821,40.0,-275.9005162500029,84.09948374999708,4.602551944560702e-18,-4.756693889055145e-19,0.17499593098958333,0.010420735677083333,0.17499593098958333,0.010420735677083333,0,idle,664.1653511321879,48.62743004346171,662.096711699116,38.73817704546349
1791245914.105739,658.7772049065821,40.0,-275.9005162500029,84.09948374999708,4.5105009056694885e-18,-4.661560011274042e-19,0.17499593098958333,0.010420735677083333,0.17499593098958333,0.010420735677083333,0,idle,662.4221097720177,37.23831546820335,662.1129816027611,38.66318396660048
1791245914.122792,658.7772049065821,40.0,-275.9005162500029,84.09948374999708,4.420290887556099e-18,-4.5683288110485615e-19,0.17499593098958333,0.010420735677083333,0.17499593098958333,0.010420735677083333,0,idle,669.9566187156548,30.355632752090344,662.5051634584058,38.24780640587497
1791245914.139914,658.7772049065821,40.0,-275.9005162500029,84.09948374999708,4.331885069804977e-18,-4.476962234827591e-19,0.17499593098958333,0.010420735677083333,0.17499593098958333,0.010420735677083333,0,idle,668.6268065647504,51.88911976066558,662.811245613723,38.9298720736145
1791245914.156898,658.7772049065821,40.0,-275.9005162500029,84.09948374999708,4.245247368408877e-18,-4.387422990131038e-19,0.17499593098958333,0.010420735677083333,0.17499593098958333,0.010420735677083333,0,idle,662.4870664138444,12.966886074434356,662.7950366537291,37.63172277365549
1791245914.1730728,658.7772049065821,40.0,-275.9005162500029,84.09948374999708,4.1603424210407e-18,-4.2996745303284175e-19,0.17499593098958333,0.010420735677083333,0.17499593098958333,0.010420735677083333,0,idle,681.4991862318377,44.61270929845866,663.7302441326345,37.980772099895646
1791245914.190055,658.7772049065821,40.0,-275.9005162500029,84.09948374999708,4.077135572619886e-18,-4.2136810397218494e-19,0.17499593098958333,0.010420735677083333,0.17499593098958333,0.010420735677083333,0,idle,673.8616759113576,47.48417960545957,664.2368157215707,38.45594247517384
1791245914.206325,658.7772049065821,40.0,-275.9005162500029,84.09948374999708,3.995592861167488e-18,-4.1294074189274125e-19,0.17499593098958333,0.010420735677083333,0.17499593098958333,0.010420735677083333,0,idle,676.1094549951348,32.754306800279544,664.8304476852488,38.17086069142913
1791245914.222847,658.7772049065821,40.0,-275.9005162500029,84.09948374999708,3.915681003944138e-18,-4.046819270548864e-19,0.17499593098958333,0.010420735677083333,0.17499593098958333,0.010420735677083333,0,idle,685.6407860986178,41.73502143223516,665.8709646059173,38.349068728469426
1791245914.240767,658.7772049065821,40.0,-275.9005162500029,84.09948374999708,3.8373673838652555e-18,-3.965882885137887e-19,0.17499593098958333,0.010420735677083333,0.17499593098958333,0.010420735677083333,0,idle,657.7978357563898,30.646079954770336,665.4673081634409,37.96391928978447
1791245914.258622,658.7772049065821,40.0,-275.9005162500029,84.09948374999708,3.76062003618795e-18,-3.8865652274351294e-19,0.17499593098958333,0.010420735677083333,0.17499593098958333,0.010420735677083333,0,idle,659.9867451393657,35.72437446814462,665.1932800122371,37.851942048702476
1791245914.275692,658.7772049065821,40.0,-275.9005162500029,84.09948374999708,3.685407635464191e-18,-3.8088339228864267e-19,0.17499593098958333,0.010420735677083333,0.17499593098958333,0.010420735677083333,0,idle,628.1462249262105,28.82218838603849,663.3409272579357,37.400454365569274
1791245914.291872,658.7772049065821,40.0,-275.9005162500029,84.09948374999708,3.6116994827549075e-18,-3.732657244428698e-19,0.17499593098958333,0.010420735677083333,0.17499593098958333,0.010420735677083333,0,idle,649.2716368471088,44.249301991861564,662.6374627373943,37.742896746883886
1791245914.309004,658.7772049065821,40.0,-275.9005162500029,84.09948374999708,3.539465493099809e-18,-3.658004099540124e-19,0.17499593098958333,0.010420735677083333,0.17499593098958333,0.010420735677083333,0,idle,681.1290548762852,52.87127525171124,663.5620423443389,38.499315672125256
1791245914.32598,658.7772049065821,40.0,-275.9005162500029,84.09948374999708,3.4686761832378133e-18,-3.5848440175493215e-19,0.17499593098958333,0.010420735677083333,0.17499593098958333,0.010420735677083333,0,idle,670.0608760354006,64.41817196393998,663.886984028892,39.795258486715994
1791245914.342925,658.7772049065821,40.0,-275.9005162500029,84.09948374999708,3.399302659573057e-18,-3.513147137198335e-19,0.17499593098958333,0.010420735677083333,0.17499593098958333,0.010420735677083333,0,idle,642.1781939974687,61.00161439145135,662.8015445273209,40.855576281952764
1791245914.3598049,658.7772049065821,40.0,-275.9005162500029,84.09948374999708,3.331316606381596e-18,-3.4428841944543684e-19,0.17499593098958333,0.010420735677083333,0.17499593098958333,0.010420735677083333,0,idle,661.6259668166077,41.874069879614126,662.7427656417852,40.90650096183583
1791245914.377704,658.7772049065821,40.0,-275.9005162500029,84.09948374999708,3.2646902742539644e-18,-3.374026510565281e-19,0.17499593098958333,0.010420735677083333,0.17499593098958333,0.010420735677083333,0,idle,658.3279738115373,57.36532249922763,662.5220260502729,41.72944203870542
1791245914.394529,658.7772049065821,40.0,-275.9005162500029,84.09948374999708,3.199396468768885e-18,-3.3065459803539757e-19,0.17499593098958333,0.010420735677083333,0.17499593098958333,0.010420735677083333,0,idle,660.4580619116806,32.699177194395084,662.4188278433433,41.2779287964899
1791245914.411349,658.7772049065821,40.0,-275.9005162500029,84.09948374999708,3.1354085393935072e-18,-3.2404150607468963e-19,0.17499593098958333,0.010420735677083333,0.17499593098958333,0.010420735677083333,0,idle,638.9744915538266,45.92401165951669,661.2466110288674,41.51023293964124
1791245914.428187,658.7772049065821,40.0,-275.9005162500029,84.09948374999708,3.072700368605637e-18,-3.175606759531958e-19,0.17499593098958333,0.010420735677083333,0.17499593098958333,0.010420735677083333,0,idle,665.2805590088198,40.96834422827791,661.448308427865,41.483138504073075
1791245914.445191,658.7772049065821,40.0,-275.9005162500029,84.09948374999708,3.0112463612335245e-18,-3.112094624341319e-19,0.17499593098958333,0.010420735677083333,0.17499593098958333,0.010420735677083333,0,idle,684.3077898133629,33.13298597791438,662.5912824971399,41.06563087776514
1791245914.462121,658.7772049065821,40.0,-275.9005162500029,84.09948374999708,2.951021434008854e-18,-3.049852731854493e-19,0.17499593098958333,0.010420735677083333,0.17499593098958333,0.010420735677083333,0,idle,638.813694423759,34.84426462617019,661.4024030934709,40.75456256518539
1791245914.479188,658.7772049065821,40.0,-275.9005162500029,84.09948374999708,2.892001005328677e-18,-2.9888556772174027e-19,0.17499593098958333,0.010420735677083333,0.17499593098958333,0.010420735677083333,0,idle,646.4829241559852,7.915814834492693,660.6564291465966,39.11262517865075
1791245914.496108,658.7772049065821,40.0,-275.9005162500029,84.09948374999708,2.8341609852221035e-18,-2.929078563673055e-19,0.17499593098958333,0.010420735677083333,0.17499593098958333,0.010420735677083333,0,idle,644.0653798151467,42.14611486443225,659.826876680024,39.26429966293983
1791245914.512907,658.7772049065821,40.0,-275.9005162500029,84.09948374999708,2.7774777655176614e-18,-2.8704969923995934e-19,0.17499593098958333,0.010420735677083333,0.17499593098958333,0.010420735677083333,0,idle,667.5466386278712,60.4207000132845,660.2128647774164,40.322119680457064
1791245914.52981,658.7772049065821,40.0,-275.9005162500029,84.09948374999708,2.721928210207308e-18,-2.8130870525516014e-19,0.17499593098958333,0.010420735677083333,0.17499593098958333,0.010420735677083333,0,idle,662.6903532409751,58.61687787789806,660.3367392005944,41.236857590329116
1791245914.547712,658.7772049065821,40.0,-275.9005162500029,84.09948374999708,2.6674896460031617e-18,-2.7568253115005696e-19,0.17499593098958333,0.010420735677083333,0.17499593098958333,0.010420735677083333,0,idle,648.110751289233,35.163991058645074,659.7254398050263,40.933214263744915
1791245914.5638988,658.7772049065821,40.0,-275.9005162500029,84.09948374999708,2.6141398530830985e-18,-2.701688805270558e-19,0.17499593098958333,0.010420735677083333,0.17499593098958333,0.010420735677083333,0,idle,652.9331366100737,35.7035339626429,659.3858246452787,40.67173024868981
1791245914.58031,658.7772049065821,40.0,-275.9005162500029,84.09948374999708,2.5618570560214364e-18,-2.647655029165147e-19,0.17499593098958333,0.010420735677083333,0.17499593098958333,0.010420735677083333,0,idle,644.25547334243,25.258148621048043,658.6293070801363,39.90105116730772
1791245914.5969422,658.7772049065821,40.0,-275.9005162500029,84.09948374999708,2.5106199149010076e-18,-2.594701928581844e-19,0.17499593098958333,0.010420735677083333,0.17499593098958333,0.010420735677083333,0,idle,652.4411820702204,39.396016999148124,658.3199008296405,39.87579945889974
1791245914.613777,658.7772049065821,40.0,-275.9005162500029,84.09948374999708,2.4604075166029874e-18,-2.542807890010207e-19,0.17499593098958333,0.010420735677083333,0.17499593098958333,0.010420735677083333,0,idle,682.8064704815116,39.47711046288769,659.544229312234,39.85586500909914
1791245914.631551,658.7772049065821,40.0,-275.9005162500029,84.09948374999708,2.4111993662709275e-18,-2.491951732210003e-19,0.17499593098958333,0.010420735677083333,0.17499593098958333,0.010420735677083333,0,idle,648.1903971565202,25.042231506605656,658.9765377044483,39.115183333974464
1791245914.648439,658.7772049065821,40.0,-275.9005162500029,84.09948374999708,2.362975378945509e-18,-2.4421126975658025e-19,0.17499593098958333,0.010420735677083333,0.17499593098958333,0.010420735677083333,0,idle,652.3741915893153,54.96565204158238,658.6464203986917,39.90770676935486
1791245914.665292,658.7772049065821,40.0,-275.9005162500029,84.09948374999708,2.315715871366599e-18,-2.393270443614486e-19,0.17499593098958333,0.010420735677083333,0.17499593098958333,0.010420735677083333,0,idle,655.6591400310416,60.392903705155206,658.4970563803092,40.93196661614488
1791245914.6821609,658.7772049065821,40.0,-275.9005162500029,84.09948374999708,2.269401553939267e-18,-2.3454050347421965e-19,0.17499593098958333,0.010420735677083333,0.17499593098958333,0.010420735677083333,0,idle,658.6892836688793,14.586049315734172,658.5066677447377,39.61467075112434
1791245914.6989381,658.7772049065821,40.0,-275.9005162500029,84.09948374999708,2.2240135228604817e-18,-2.2984969340473527e-19,0.17499593098958333,0.010420735677083333,0.17499593098958333,0.010420735677083333,0,idle,641.2130398884601,52.74396759746827,657.6419863519238,40.27113559344154
1791245914.715754,658.7772049065821,40.0,-275.9005162500029,84.09948374999708,2.179533252403272e-18,-2.2525269953664057e-19,0.17499593098958333,0.010420735677083333,0.17499593098958333,0.010420735677083333,0,idle,677.542419941376,33.754862221331194,658.6370080313965,39.94532192483602
1791245914.7334888,658.7772049065821,40.0,-275.9005162500029,84.09948374999708,2.1359425873552064e-18,-2.2074764554590776e-19,0.17499593098958333,0.010420735677083333,0.17499593098958333,0.010420735677083333,0,idle,658.0107827513061,37.096314841915664,658.6056967673919,39.80287157069
1791245914.750269,658.7772049065821,40.0,-275.9005162500029,84.09948374999708,2.0932237356081023e-18,-2.163326926349896e-19,0.17499593098958333,0.010420735677083333,0.17499593098958333,0.010420735677083333,0,idle,655.2830944278134,60.517686712540765,658.439566650413,40.83861232778254
1791245914.7671092,658.7772049065821,40.0,-275.9005162500029,84.09948374999708,2.05135926089594e-18,-2.1200603878228982e-19,0.17499593098958333,0.010420735677083333,0.17499593098958333,0.010420735677083333,0,idle,662.3358093244451,36.40126411919239,658.6343787841146,40.61674491735303
1791245914.7836108,658.7772049065821,40.0,-275.9005162500029,84.09948374999708,2.0103320756780214e-18,-2.07765918006644e-19,0.17499593098958333,0.010420735677083333,0.17499593098958333,0.010420735677083333,0,idle,649.3950264180231,34.94082714276423,658.17241116581,40.33294902862359
1791245914.80068,658.7772049065821,40.0,-275.9005162500029,84.09948374999708,1.970125434164461e-18,-2.0361059964651113e-19,0.17499593098958333,0.010420735677083333,0.17499593098958333,0.010420735677083333,0,idle,656.8596120150773,36.884096404832455,658.1067712082734,40.160506397434034
1791245914.817512,658.7772049065821,40.0,-275.9005162500029,84.09948374999708,1.9307229254811717e-18,-1.995383876535809e-19,0.17499593098958333,0.010420735677083333,0.17499593098958333,0.010420735677083333,0,idle,664.5656098592907,49.869281576117764,658.4297131408242,40.64594515636822
1791245914.833456,658.7772049065821,40.0,-275.9005162500029,84.09948374999708,1.8921084669715485e-18,-1.9554761990050928e-19,0.17499593098958333,0.010420735677083333,0.17499593098958333,0.010420735677083333,0,idle,668.2707965624486,41.12620881791498,658.9217673119055,40.66995833944556
1791245914.850335,658.7772049065821,40.0,-275.9005162500029,84.09948374999708,1.8542662976321176e-18,-1.916366675024991e-19,0.17499593098958333,0.010420735677083333,0.17499593098958333,0.010420735677083333,0,idle,662.7123895854959,47.32421737454017,659.111298425585,41.002671291200286
1791245914.8672042,658.7772049065821,40.0,-275.9005162500029,84.09948374999708,1.817180971679475e-18,-1.8780393415244913e-19,0.17499593098958333,0.010420735677083333,0.17499593098958333,0.010420735677083333,0,idle,663.7162925277889,33.05520350986633,659.3415481306952,40.605297902133586
1791245914.8842309,658.7772049065821,40.0,-275.9005162500029,84.09948374999708,1.7808373522458856e-18,-1.8404785546940015e-19,0.17499593098958333,0.010420735677083333,0.17499593098958333,0.010420735677083333,0,idle,663.69653793245,58.64404954256628,659.5592976207829,41.50723548415522
1791245914.900387,658.7772049065821,40.0,-275.9005162500029,84.09948374999708,1.745220605200968e-18,-1.8036689836001215e-19,0.17499593098958333,0.010420735677083333,0.17499593098958333,0.010420735677083333,0,idle,679.0760644084188,43.98067985191043,660.5351359601647,41.63090770254298
1791245914.917451,658.7772049065821,40.0,-275.9005162500029,84.09948374999708,1.7103161930969484e-18,-1.767595603928119e-19,0.17499593098958333,0.010420735677083333,0.17499593098958333,0.010420735677083333,0,idle,655.093286177631,23.194017237870405,660.263043471038,40.70906317930935
1791245914.9342568,658.7772049065821,40.0,-275.9005162500029,84.09948374999708,1.6761098692350094e-18,-1.7322436918495567e-19,0.17499593098958333,0.010420735677083333,0.17499593098958333,0.010420735677083333,0,idle,668.1472202021766,29.640274648258572,660.657252307595,40.15562375275681
1791245914.9515362,658.7772049065821,40.0,-275.9005162500029,84.09948374999708,1.6425876718503092e-18,-1.6975988180125654e-19,0.17499593098958333,0.010420735677083333,0.17499593098958333,0.010420735677083333,0,idle,650.4734820827418,46.64281869995946,660.1480637963523,40.479983500116944
1791245914.967741,658.7772049065821,40.0,-275.9005162500029,84.09948374999708,1.609735918413303e-18,-1.6636468416523142e-19,0.17499593098958333,0.010420735677083333,0.17499593098958333,0.010420735677083333,0,idle,666.7251821760871,39.01908832835833,660.476919715339,40.40693874152901
1791245914.984732,658.7772049065821,40.0,-275.9005162500029,84.09948374999708,1.577541200045037e-18,-1.630373904819268e-19,0.17499593098958333,0.010420735677083333,0.17499593098958333,0.010420735677083333,0,idle,662.2523645636523,35.24366694210433,660.5656919577547,40.14877515155778
1791245915.000999,658.7772049065821,40.0,-275.9005162500029,84.09948374999708,1.5459903760441363e-18,-1.5977664267228826e-19,0.17499593098958333,0.010420735677083333,0.17499593098958333,0.010420735677083333,0,idle,678.576429918495,45.80499472344215,661.4662288557917,40.431586130152
1791245915.017867,658.7772049065821,40.0,-275.9005162500029,84.09948374999708,1.5150705685232536e-18,-1.565811098188425e-19,0.17499593098958333,0.010420735677083333,0.17499593098958333,0.010420735677083333,0,idle,656.6126314584845,28.3326338164622,661.2235489859263,39.82663851446751
1791245915.034913,658.7772049065821,40.0,-275.9005162500029,84.09948374999708,1.4847691571527886e-18,-1.5344948762246564e-19,0.17499593098958333,0.010420735677083333,0.17499593098958333,0.010420735677083333,0,idle,659.5619177622884,37.96135637089235,661.1404674247444,39.73337440728875
1791245915.051811,658.7772049065821,40.0,-275.9005162500029,84.09948374999708,1.455073774009733e-18,-1.5038049787001633e-19,0.17499593098958333,0.010420735677083333,0.17499593098958333,0.010420735677083333,0,idle,661.093669058518,29.322724135694834,661.1381275064331,39.212841893709054
1791245915.069727,658.7772049065821,40.0,-275.9005162500029,84.09948374999708,1.4259722985295383e-18,-1.47372887912616e-19,0.17499593098958333,0.010420735677083333,0.17499593098958333,0.010420735677083333,0,idle,640.4021000345506,61.940671729955795,660.101326132839,40.349233385521394
1791245915.08674,658.7772049065821,40.0,-275.9005162500029,84.09948374999708,1.3974528525589475e-18,-1.444254301543637e-19,0.17499593098958333,0.010420735677083333,0.17499593098958333,0.010420735677083333,0,idle,651.1117196251831,53.79654516003484,659.6518458074562,41.02159897424707
1791245915.1035058,658.7772049065821,40.0,-275.9005162500029,84.09948374999708,1.3695037955077686e-18,-1.4153692155127642e-19,0.17499593098958333,0.010420735677083333,0.17499593098958333,0.010420735677083333,0,idle,664.658367755646,37.60974651045841,659.9021719048657,40.851006351057634
1791245915.120221,658.7772049065821,40.0,-275.9005162500029,84.09948374999708,1.3421137195976133e-18,-1.387061831202509e-19,0.17499593098958333,0.010420735677083333,0.17499593098958333,0.010420735677083333,0,idle,662.6676389446798,36.276485607692216,660.0404452568564,40.62228031388936
1791245915.1371148,658.7772049065821,40.0,-275.9005162500029,84.09948374999708,1.315271445205661e-18,-1.3593205945784587e-19,0.17499593098958333,0.010420735677083333,0.17499593098958333,0.010420735677083333,0,idle,626.0424992926988,50.352286925360545,658.3405479586485,41.108780644462925
1791245915.154006,658.7772049065821,40.0,-275.9005162500029,84.09948374999708,1.2889660163015478e-18,-1.3321341826868894e-19,0.17499593098958333,0.010420735677083333,0.17499593098958333,0.010420735677083333,0,idle,664.6220348526623,26.16227836487623,658.6546223033491,40.36145553048359
1791245915.170857,658.7772049065821,40.0,-275.9005162500029,84.09948374999708,1.2631866959755167e-18,-1.3054914990331516e-19,0.17499593098958333,0.010420735677083333,0.17499593098958333,0.010420735677083333,0,idle,661.7575467179386,42.5195118164535,658.8097685240785,40.46935834478209
1791245915.1871428,658.7772049065821,40.0,-275.9005162500029,84.09948374999708,1.2379229620560065e-18,-1.2793816690524886e-19,0.17499593098958333,0.010420735677083333,0.17499593098958333,0.010420735677083333,0,idle,676.5299520851327,27.183974013428283,659.6957777021313,39.8050891282144
1791245915.2038348,658.7772049065821,40.0,-275.9005162500029,84.09948374999708,1.2131645028148863e-18,-1.2537940356714387e-19,0.17499593098958333,0.010420735677083333,0.17499593098958333,0.010420735677083333,0,idle,658.1193915645256,9.246511586084061,659.616958395251,38.27716025110788
1791245915.22138,658.7772049065821,40.0,-275.9005162500029,84.09948374999708,1.1889012127585885e-18,-1.22871815495801e-19,0.17499593098958333,0.010420735677083333,0.17499593098958333,0.010420735677083333,0,idle,660.7100583831187,32.36789388489309,659.6716133946444,37.98169693279714
1791245915.2379699,658.7772049065821,40.0,-275.9005162500029,84.09948374999708,1.1651231885034166e-18,-1.2041437918588498e-19,0.17499593098958333,0.010420735677083333,0.17499593098958333,0.010420735677083333,0,idle,663.3300967412513,39.26535531619933,659.8545375619748,38.04587985196725
1791245915.254943,658.7772049065821,40.0,-275.9005162500029,84.09948374999708,1.1418207247333482e-18,-1.1800609160216728e-19,0.17499593098958333,0.010420735677083333,0.17499593098958333,0.010420735677083333,0,idle,668.9461687973302,19.408567496889717,660.3091191237426,37.11401423421337
1791245915.2717881,658.7772049065821,40.0,-275.9005162500029,84.09948374999708,1.1189843102386813e-18,-1.1564596977012393e-19,0.17499593098958333,0.010420735677083333,0.17499593098958333,0.010420735677083333,0,idle,660.2021371141465,33.38696995308657,660.3037700232628,36.92766202015703
1791245915.287893,658.7772049065821,40.0,-275.9005162500029,84.09948374999708,1.0966046240339078e-18,-1.1333305037472146e-19,0.17499593098958333,0.010420735677083333,0.17499593098958333,0.010420735677083333,0,idle,667.2854410746369,50.335799755445535,660.6528535758315,37.598068906921455
1791245915.30409,658.7772049065821,40.0,-275.9005162500029,84.09948374999708,1.0746725315532295e-18,-1.1106638936722703e-19,0.17499593098958333,0.010420735677083333,0.17499593098958333,0.010420735677083333,0,idle,660.6084942226165,50.47804986441657,660.6506356081708,38.24206795479621
1791245915.321105,658.7772049065821,40.0,-275.9005162500029,84.09948374999708,1.053179080922165e-18,-1.088450615798825e-19,0.17499593098958333,0.010420735677083333,0.17499593098958333,0.010420735677083333,0,idle,652.2504435400546,32.84163410180385,660.230626004765,37.97204626214659
1791245915.338318,658.7772049065821,40.0,-275.9005162500029,84.09948374999708,1.0321154993037217e-18,-1.0666816034828484e-19,0.17499593098958333,0.010420735677083333,0.17499593098958333,0.010420735677083333,0,idle,672.4986846407676,22.631175691695567,660.8440289365651,37.20500273362404
1791245915.3551471,658.7772049065821,40.0,-275.9005162500029,84.09948374999708,1.0114731893176471e-18,-1.0453479714131914e-19,0.17499593098958333,0.010420735677083333,0.17499593098958333,0.010420735677083333,0,idle,666.5350831630808,46.265934000964755,661.1285816478909,37.65804929699108
1791245915.3721752,658.7772049065821,40.0,-275.9005162500029,84.09948374999708,9.912437255312942e-19,-1.0244410119849276e-19,0.17499593098958333,0.010420735677083333,0.17499593098958333,0.010420735677083333,0,idle,660.7270849146422,32.517495698739204,661.1085068112285,37.401021617078484
1791245915.389077,658.7772049065821,40.0,-275.9005162500029,84.09948374999708,9.714188510206683e-19,-1.003952191745229e-19,0.17499593098958333,0.010420735677083333,0.17499593098958333,0.010420735677083333,0,idle,644.5125506540361,45.32709472241046,660.2787090033689,37.797325272345084
1791245915.4059992,658.7772049065821,40.0,-275.9005162500029,84.09948374999708,9.51990474000255e-19,-9.838731479103244e-20,0.17499593098958333,0.010420735677083333,0.17499593098958333,0.010420735677083333,0,idle,647.0551576787153,48.477398180070544,659.6175314371362,38.331328917731355
1791245915.422992,658.7772049065821,40.0,-275.9005162500029,84.09948374999708,9.3295066452025e-19,-9.64195684952118e-20,0.17499593098958333,0.010420735677083333,0.17499593098958333,0.010420735677083333,0,idle,657.5495816600531,12.878309642517227,659.514133948282,37.05867795397065
1791245915.4399848,658.7772049065821,40.0,-275.9005162500029,84.09948374999708,9.14291651229845e-19,-9.449117712530757e-20,0.17499593098958333,0.010420735677083333,0.17499593098958333,0.010420735677083333,0,idle,657.900142635695,39.98255541573596,659.4334343826526,37.204871827058916
1791245915.456929,658.7772049065821,40.0,-275.9005162500029,84.09948374999708,8.96005818205248e-19,-9.260135358280142e-20,0.17499593098958333,0.010420735677083333,0.17499593098958333,0.010420735677083333,0,idle,671.9089950574951,29.394390212033397,660.0572124163948,36.81434774630764
1791245915.473871,658.7772049065821,40.0,-275.9005162500029,84.09948374999708,8.78085701841143e-19,-9.074932651114539e-20,0.17499593098958333,0.010420735677083333,0.17499593098958333,0.010420735677083333,0,idle,644.6180322730007,29.058303777550947,659.2852534092251,36.42654554786981
1791245915.490849,658.7772049065821,40.0,-275.9005162500029,84.09948374999708,8.605239878043202e-19,-8.893433998092248e-20,0.17499593098958333,0.010420735677083333,0.17499593098958333,0.010420735677083333,0,idle,622.8919781068287,34.57561475329943,657.4655896441053,36.33399900814129
1791245915.50809,658.7772049065821,40.0,-275.9005162500029,84.09948374999708,8.433135080482338e-19,-8.715565318130403e-20,0.17499593098958333,0.010420735677083333,0.17499593098958333,0.010420735677083333,0,idle,653.1075444368932,46.15830457097864,657.2476873837447,36.825214286283156
1791245915.525098,658.7772049065821,40.0,-275.9005162500029,84.09948374999708,8.264472378872692e-19,-8.541254011767796e-20,0.17499593098958333,0.010420735677083333,0.17499593098958333,0.010420735677083333,0,idle,636.3135773383054,38.659088228987194,656.2009818814728,36.916907983418355
1791245915.541999,658.7772049065821,40.0,-275.9005162500029,84.09948374999708,8.099182931295238e-19,-8.370428931532439e-20,0.17499593098958333,0.010420735677083333,0.17499593098958333,0.010420735677083333,0,idle,660.2539400316283,30.33672887421506,656.4036297889805,36.58789902795819
1791245915.558957,658.7772049065821,40.0,-275.9005162500029,84.09948374999708,7.937199272669334e-19,-8.20302035290179e-20,0.17499593098958333,0.010420735677083333,0.17499593098958333,0.010420735677083333,0,idle,651.5890779448997,35.170480987495495,656.1629021967765,36.517028125935056
1791245915.57584,658.7772049065821,40.0,-275.9005162500029,84.09948374999708,7.778455287215947e-19,-8.038959945843755e-20,0.17499593098958333,0.010420735677083333,0.17499593098958333,0.010420735677083333,0,idle,659.5429763798967,37.12926381363206,656.3319059059324,36.54763991031991
1791245915.592746,658.7772049065821,40.0,-275.9005162500029,84.09948374999708,7.622886181471628e-19,-7.87818074692688e-20,0.17499593098958333,0.010420735677083333,0.17499593098958333,0.010420735677083333,0,idle,657.8373049416807,36.910212169929025,656.4071758577198,36.56576852330036
1791245915.609782,658.7772049065821,40.0,-275.9005162500029,84.09948374999708,7.470428457842196e-19,-7.720617131988342e-20,0.17499593098958333,0.010420735677083333,0.17499593098958333,0.010420735677083333,0,idle,636.9094545702401,36.33632440716051,655.4322897933458,36.55429631749337
1791245915.627648,658.7772049065821,40.0,-275.9005162500029,84.09948374999708,7.321019888685352e-19,-7.566204789348575e-20,0.17499593098958333,0.010420735677083333,0.17499593098958333,0.010420735677083333,0,idle,660.0598392750431,35.85183394005888,655.6636672674307,36.519173198621644
1791245915.644588,658.7772049065821,40.0,-275.9005162500029,84.09948374999708,7.174599490911644e-19,-7.414880693561604e-20,0.17499593098958333,0.010420735677083333,0.17499593098958333,0.010420735677083333,0,idle,662.7215136679777,49.46870204432501,656.016559587458,37.16664964090681
1791245915.6614559,658.7772049065821,40.0,-275.9005162500029,84.09948374999708,7.031107501093412e-19,-7.266583079690372e-20,0.17499593098958333,0.010420735677083333,0.17499593098958333,0.010420735677083333,0,idle,666.0681111488685,60.86019219725799,656.5191371655285,38.35132676872437
1791245915.678315,658.7772049065821,40.0,-275.9005162500029,84.09948374999708,6.890485351071544e-19,-7.121251418096564e-20,0.17499593098958333,0.010420735677083333,0.17499593098958333,0.010420735677083333,0,idle,663.3582996845593,43.21860670070178,656.8610952914801,38.59469076532324
1791245915.695254,658.7771925633036,40.00000127566643,-275.90051753038296,-95.90051753038294,-1.234327846367008e-05,1.2756664297815448e-06,0.17499593098958333,0.08662312825520833,0.17499593098958333,0.08662312825520833,0,idle,653.3260055788005,45.319187526677084,656.6843290797315,38.93091681527404
1791245915.712341,658.7770868605921,40.00001219996106,-275.9005275347411,-95.900526658558,-0.00010570271151876365,1.092429463548325e-05,0.17499593098958333,0.28440755208333335,0.17499593098958333,0.28440755208333335,0,idle,659.6681955992651,35.513449051710026,656.8334219881323,38.760053805175744
1791245915.729697,658.7762672718161,40.000096904850395,-275.90060432799555,-95.90059681520134,-0.0008195887760694456,8.47048893339206e-05,0.17499593098958333,0.6863545735677083,0.17499593098958333,0.6863545735677083,0,idle,671.9755295584048,34.52714178395236,657.5897487573087,38.54848867375944
1791245915.746763,658.7729784668473,40.000436817845156,-275.9008817165073,-95.90082846726845,-0.0032888049687235465,0.0003399129947633309,0.17499593098958333,0.8787984212239583,0.17499593098958333,0.8787984212239583,0,idle,649.3539436420899,32.79701002603727,657.1748341368275,38.26123765871835
1791245915.762941,658.7638673626853,40.00137857904423,-275.9015709581782,-95.90136994751872,-0.009111104161973445,0.0009417611990735,0.17499593098958333,1.0101765950520833,0.17499593098958333,1.0101765950520833,0,idle,670.9853775458895,36.07225234206237,657.8567057583267,38.15268306602467
1791245915.780062,658.7441494123626,40.00341705694529,-275.90290749807866,-95.90237465524962,-0.019717950322752892,0.002038477901058215,0.17499593098958333,1.0101765950520833,0.17499593098958333,1.0101765950520833,0,idle,656.7446854285126,34.73212481363909,657.7823726890294,37.9835917074114
1791245915.79701,658.7079414870615,40.00716133956828,-275.90512937782904,-95.90400426524455,-0.036207925301107044,0.0037442826229862457,0.17499593098958333,1.0101765950520833,0.17499593098958333,1.0101765950520833,0,idle,671.7524882828313,31.039173736705283,658.4464809396834,37.63992787736793
1791245915.813934,658.6486399628885,40.01329627353541,-275.90846391731935,-95.90642171798339,-0.05930152417292647,0.006134933967133622,0.17499593098958333,1.0101765950520833,0.17499593098958333,1.0101765950520833,0,idle,668.3237607051185,55.56696688251962,658.8840084799908,38.54210801489429
1791245915.830878,658.5592784054456,40.02254631858165,-275.9131200300694,-95.90978623324737,-0.08936155744287469,0.00925004504623567,0.17499593098958333,1.0101765950520833,0.17499593098958333,1.0101765950520833,0,idle,635.3216472368389,39.41429369951251,657.6209969382625,38.594504841919125
1791245915.847743,658.4328335260865,40.03564491038117,-275.9192843172587,-95.91424996908549,-0.12644487935917376,0.01309859179952835,0.17499593098958333,1.0101765950520833,0.17499593098958333,1.0101765950520833,0,idle,674.9303034519779,41.43357708478798,658.3663396285571,38.74890211627212
1791245915.865741,658.2624684105772,40.05331040556356,-275.9271196439736,-95.91995581962526,-0.17036511550931877,0.017665495182387782,0.17499593098958333,1.0101765950520833,0.17499593098958333,1.0101765950520833,0,idle,652.5061437640813,32.51601972146354,657.9114829755995,38.45404021695496
1791245915.882231,658.0417134399863,40.07622849732227,-275.936765298185,-95.92703603137085,-0.2207549705908291,0.022918091758714065,0.17499593098958333,1.0101765950520833,0.17499593098958333,1.0101765950520833,0,idle,656.609229264903,41.924880112940784,657.6366530680034,38.64935439892503
1791245915.899088,657.7645911776973,40.10504038952825,-275.9483381141967,-95.93561141884439,-0.2771222622890595,0.028811892205982705,0.17499593098958333,1.0101765950520833,0.17499593098958333,1.0101765950520833,0,idle,652.1088546836802,47.53017845710296,657.0969969996127,39.120766899429604
1791245915.9159591,657.4256939746508,40.14033577178709,-275.961934140747,-95.94579102162848,-0.33889720304651605,0.0352953822588443,0.17499593098958333,1.0101765950520833,0.17499593098958333,1.0101765950520833,0,idle,650.0413852916896,35.50951274531563,656.4222640713224,38.97373480486981
1791245915.9329112,657.0202235608106,40.18264959804562,-275.97763057329047,-95.95767208612222,-0.40547041384019716,0.04231382625852737,0.17499593098958333,1.0101765950520833,0.17499593098958333,1.0101765950520833,0,idle,656.2387983803424,54.066212271878946,656.0278938936251,39.768556813165866
1791245915.949156,656.5440013406063,40.23246174208173,-275.99548776723475,-95.97134028460047,-0.47622222020424765,0.04981214403611294,0.17499593098958333,1.0101765950520833,0.17499593098958333,1.0101765950520833,0,idle,675.792194219688,51.07676236513372,656.5636978007342,40.381288627598565
1791245915.966178,655.99345704837,40.29019872559096,-276.0155512162568,-95.98687010544374,-0.5505442922362858,0.057736983509227804,0.17499593098958333,1.0101765950520833,0.17499593098958333,1.0101765950520833,0,idle,666.371942308344,47.03030818396233,656.5310929484903,40.768589739750524
1791245915.983316,655.3656021783448,40.35623685346549,-276.03785342600696,-96.0043253640804,-0.6278548700252339,0.06603812787452915,0.17499593098958333,1.0101765950520833,0.17499593098958333,1.0101765950520833,0,idle,639.5035395693852,45.649359249880284,655.083253153011,41.075364436737814
1791245916.0002391,654.6579933713904,40.430906226431496,-276.06241564477153,-96.02375979585655,-0.7076088069544423,0.07466937296600944,0.17499593098958333,1.0101765950520833,0.17499593098958333,1.0101765950520833,0,idle,666.3344108058287,34.51096935455736,654.9735826690452,40.8180805869465
1791245916.01728,653.868689815623,40.51449522332406,-276.08924943346506,-96.04521770083836,-0.7893035557673204,0.0835889968925625,0.17499593098958333,1.0101765950520833,0.17499593098958333,1.0101765950520833,0,idle,649.3980939946586,28.65817400556338,653.9449698573469,40.28949480492528
1791245916.0336199,652.9962077442847,40.607255149705885,-276.118358070828,-96.06873461725571,-0.8724820713383233,0.09275992638182168,0.17499593098958333,1.0101765950520833,0.17499593098958333,1.0101765950520833,0,idle,655.1477709384644,48.91274439818881,653.1762519436313,40.808779214651196
1791245916.050426,652.0394743019793,40.709404835508025,-276.1497377981732,-96.09433800548065,-0.9567334423053767,0.1021496858021399,0.17499593098958333,1.0101765950520833,0.17499593098958333,1.0101765950520833,0,idle,637.114760120154,26.462287107324386,651.4642805822674,40.188496810796885
1791245916.0675058,650.9977823928355,40.82113503300891,-276.183378913042,-96.12204792850491,-1.041691909143872,0.11173019750088317,0.17499593098958333,1.0101765950520833,0.17499593098958333,1.0101765950520833,0,idle,659.2614166272563,29.74195345676312,650.8645300708301,39.77231333072103
1791245916.08443,649.8707476049352,40.94261251980339,-276.2192667238228,-96.15187771812484,-1.127034787900215,0.12147748679448567,0.17499593098958333,1.0101765950520833,0.17499593098958333,1.0101765950520833,0,idle,653.3225039216612,48.80282027141832,649.9167457148665,40.339242290210656
1791245916.1014569,648.6582679047643,41.07398385179583,-276.25738237853506,-96.18383461865999,-1.2124797001709375,0.13137133199244,0.17499593098958333,1.0101765950520833,0.17499593098958333,1.0101765950520833,0,idle,642.8407164159456,20.434025064606878,648.411088534758,39.468784194323284
1791245916.118536,647.3604864934176,41.215378741009495,-276.29770358114126,-96.21792040216975,-1.2977814113466906,0.14139488921366772,0.17499593098958333,1.0101765950520833,0.17499593098958333,1.0101765950520833,0,idle,651.9327097242137,26.129597143971914,647.3542772534514,38.936149986558696
1791245916.135612,645.9777579941605,41.3669130542712,-276.340205208286,-96.25413195088719,-1.3827284992571762,0.15153431326170447,0.17499593098958333,1.0101765950520833,0.17499593098958333,1.0101765950520833,0,idle,647.4020547153692,51.94976163396623,646.043074052253,39.730788166527695
1791245916.152468,644.5106179821978,41.52869144345928,-276.38485983854446,-96.29246180403531,-1.4671400119627198,0.16177838918807635,0.17499593098958333,1.0101765950520833,0.17499593098958333,1.0101765950520833,0,idle,645.3141258213456,49.020458083393464,644.6128436293432,40.34896113209966
1791245916.169518,642.9597557581121,41.70080962755352,-276.431638205254,-96.332898667381,-1.5508622240856424,0.17211818409423757,0.17499593098958333,1.0101765950520833,0.17499593098958333,1.0101765950520833,0,idle,664.3944565998639,27.829027255418527,644.1286051649878,39.886476713155126
1791245916.186195,641.3259901947617,41.883356352470656,-276.48050958292487,-96.37542788485226,-1.6337655633504116,0.18254672491713664,0.17499593098958333,1.0101765950520833,0.17499593098958333,1.0101765950520833,0,idle,630.3775834890002,57.048399190218475,641.8889767960055,40.917992225679576
1791245916.202214,639.6102484440579,42.0764150576273,-276.53144211614494,-96.42003187233014,-1.7157417507038313,0.19305870515664192,0.17499593098958333,1.0101765950520833,0.17499593098958333,1.0101765950520833,0,idle,657.851456946141,40.05063778626911,641.0571461403437,41.05803027360786
1791245916.218036,637.8135472674659,42.28006527914234,-276.58440309886083,-96.46669051434964,-1.796701176592062,0.20365022151504242,0.17499593098958333,1.0101765950520833,0.17499593098958333,1.0101765950520833,0,idle,643.5911669774563,26.10495219290027,639.4769810644368,40.503844080011774
1791245916.234582,635.9369783394242,42.49439750329138,-276.6408412078543,-96.51579943424731,-1.876568928041668,0.21433222414903813,0.19062093098958333,1.0101765950520833,0.19062093098958333,1.0101765950520833,0,idle,638.3546238939764,40.94866367304189,637.6381227242741,40.72970067260487
1791245916.251623,633.9816970172111,42.71953859242124,-276.703486088119,-96.56840211532284,-1.9552813222130545,0.22514108912985561,0.21900227864583333,1.0101765950520833,0.21900227864583333,1.0101765950520833,0,idle,651.9684211800839,64.16359995681852,636.4971203909622,42.11527967148891
1791245916.268627,631.9489143405979,42.95568704697296,-276.7763438339982,-96.62635119931372,-2.032782676613271,0.23614845455172226,0.2577901204427083,1.0101765950520833,0.2577901204427083,1.0101765950520833,0,idle,616.7900128525932,36.9444183099719,633.5806214712612,42.0810776352372
1791245916.285589,629.8398911817353,43.20314992023439,-276.8639563435109,-96.69221778225932,-2.1090231588625845,0.24746287326142552,0.2977376302083333,1.0101765950520833,0.2977376302083333,1.0101765950520833,0,idle,626.2427764562476,47.68703485524298,631.2101572195911,42.59646522583584
1791245916.301982,627.6559307850922,43.46235129567919,-276.96852395815733,-96.76843668419099,-2.183960396643094,0.25920137544480115,0.3168416341145833,1.0101765950520833,0.3168416341145833,1.0101765950520833,0,idle,629.3777839808217,48.81895433766383,629.0437761808417,43.153830988099806
1791245916.318862,625.3983711744908,43.73382710296154,-277.090970859955,-96.85700028127631,-2.2575596106013913,0.27147580728235204,0.3266988118489583,1.0101765950520833,0.3266988118489583,1.0101765950520833,0,idle,633.0271605475837,41.74691987036206,627.0982637691075,43.34138744913115
1791245916.336212,623.0685767571674,44.0182032844181,-277.2305530594938,-96.95913445494503,-2.3297944173232876,0.28437618145656074,0.3266988118489583,1.0101765950520833,0.3266988118489583,1.0101765950520833,0,idle,629.1363008089886,35.82257959367142,624.9868609246444,43.235604428741894
1791245916.353054,620.6679312196287,44.31617651237612,-277.38639597094664,-97.07548635882776,-2.4006455375387574,0.2979732279580167,0.3266988118489583,1.0101765950520833,0.3266988118489583,1.0101765950520833,0,idle,594.9040901210408,34.66195992959888,621.2021091238024,43.08999677034486
1791245916.369529,618.1978286976811,44.628475938606755,-277.55572004161945,-97.2057741994708,-2.4701025219476582,0.31229942623063456,0.3168416341145833,1.0101765950520833,0.3168416341145833,1.0101765950520833,0,idle,613.5058964163336,55.630803003044804,618.4707010925787,44.01372153689896
1791245916.386315,615.6596644750429,44.95581890897179,-277.73474267288947,-97.34878026628112,-2.538164222638262,0.3273429703650394,0.3017964680989583,1.0101765950520833,0.3017964680989583,1.0101765950520833,0,idle,614.4395525265518,49.363293784256705,615.8578876527711,44.59217597111363
1791245916.4033332,613.0548117855132,45.298766363956275,-277.91094932396805,-97.50026145359024,-2.6048526895297615,0.342947454984481,0.24158528645833333,1.0101765950520833,0.24158528645833333,1.0101765950520833,0,idle,625.8202869095103,52.58289866824465,613.8813975605548,45.31751218820544
1791245916.420347,610.3846013023135,45.65760730276625,-278.07234862066775,-97.6539378703927,-2.6702104831996567,0.35884093880997925,0.17499593098958333,1.0101765950520833,0.17499593098958333,1.0101765950520833,0,idle,598.0170124644095,41.85543138612524,610.5514783467079,45.485307039970905
1791245916.4371479,607.6503293596055,46.032448852198065,-278.2217604172779,-97.80602415150724,-2.7342719427079705,0.37484154943181697,0.17499593098958333,1.0101765950520833,0.17499593098958333,1.0101765950520833,0,idle,610.7165759488919,48.825441696694355,607.9621748812444,46.008413244767304
1791245916.453923,604.8532637455879,46.42328013192088,-278.3614565015361,-97.9543831336543,-2.7970656140175962,0.3908312797228208,0.17499593098958333,1.0101765950520833,0.17499593098958333,1.0101765950520833,0,idle,601.731109111333,42.68651123240439,604.9934092594322,46.21360785988583
1791245916.4706078,601.9946477240784,46.830017159264344,-278.4932769090468,-98.09795138380692,-2.8586160215095164,0.4067370273434577,0.17499593098958333,1.0101765950520833,0.17499593098958333,1.0101765950520833,0,idle,590.6250892187737,59.31578622132941,601.5593080369651,47.2551169539343
1791245916.4871979,599.0757027782137,47.252534086355446,-278.6187197819372,-98.23635094299796,-2.9189449458647703,0.4225169270911007,0.17499593098958333,1.0101765950520833,0.17499593098958333,1.0101765950520833,0,idle,615.2126860581269,44.18921958487513,599.4689792394518,47.50321316621789
1791245916.5036318,596.0976304437229,47.69068462761948,-278.7390110215601,-98.36962851223953,-2.9780723344907547,0.438150541264035,0.17499593098958333,1.0101765950520833,0.17499593098958333,1.0101765950520833,0,idle,596.5391299919277,54.23629005988171,596.4933180593093,48.25611002510192
1791245916.5194502,593.0616135028426,48.14431648231333,-278.85515849118025,-98.4980817080396,-3.036016940880218,0.45363185469384903,0.17499593098958333,1.0101765950520833,0.17499593098958333,1.0101765950520833,0,idle,610.2883237559212,45.110928596381044,594.2988522503036,48.52980121562503
1791245916.535756,589.9688167370351,48.613280785180145,-278.9679943857013,-98.62214464681117,-3.092796765807471,0.4689643028668163,0.17499593098958333,1.0101765950520833,0.17499593098958333,1.0101765950520833,0,idle,603.9970838734198,26.144049332478655,591.8456069039423,47.85602970919118
1791245916.553466,586.8203873820154,49.09743805441056,-279.0782085185323,-98.74231380302042,-3.1484293550196982,0.48415726923041746,0.17499593098958333,1.0101765950520833,0.17499593098958333,1.0101765950520833,0,idle,588.7817040598453,44.62673918260357,588.7014038744687,48.1545145886307
1791245916.570326,583.6174553879455,49.596661694930276,-279.1863746167524,-98.85910106438375,-3.202931994069946,0.4992236405197195,0.17499593098958333,1.0101765950520833,0.17499593098958333,1.0101765950520833,0,idle,581.7237135627529,40.929849627652615,585.3097339645166,48.267543799075526
1791245916.5861351,580.3611335576601,50.11083981595967,-279.29297121559966,-98.97300502474667,-3.2563218302853882,0.5141781210293943,0.17499593098958333,1.0101765950520833,0.17499593098958333,1.0101765950520833,0,idle,570.2642154294074,47.04349832297635,581.46395229899,48.69481074024849
1791245916.6028311,577.052517613826,50.63987590479823,-279.39839836413756,-99.08449439096505,-3.308615943834121,0.5290360888385569,0.17499593098958333,1.0101765950520833,0.17499593098958333,1.0101765950520833,0,idle,572.6583471194193,45.490483077686974,577.880486893369,49.037178641517045
1791245916.620737,573.6926862299792,51.18368874176764,-279.50299106671025,-99.19399933222084,-3.3598313838467817,0.5438128369694077,0.17499593098958333,1.0101765950520833,0.17499593098958333,1.0101765950520833,0,idle,595.3890940250453,45.06710552571748,575.5640774352984,49.355297180848005
1791245916.638577,570.2827010488916,51.74221182795143,-279.6070301672661,-99.30190794275292,-3.409985181087621,0.5585230861837867,0.17499593098958333,1.0101765950520833,0.17499593098958333,1.0101765950520833,0,idle,574.5239996239261,57.93458554911169,572.2725876226965,50.31485853113579
1791245916.655402,566.8236067035135,52.315392515877015,-279.71075121887895,-99.40856591088992,-3.459094345378086,0.5731806879255888,0.17499593098958333,1.0101765950520833,0.17499593098958333,1.0101765950520833,0,idle,562.7648229080254,47.281685128290775,568.5110597588538,50.707721514522845
1791245916.672111,563.3164308499498,52.90319097487455,-279.81435175593504,-99.51427811894257,-3.507175853563679,0.5877984589975357,0.17499593098958333,1.0101765950520833,0.17499593098958333,1.0101765950520833,0,idle,579.4398901516546,60.34743280235113,565.7256842176083,51.74811561496192
1791245916.6889532,559.7621842178909,53.505579081145484,-279.9179972917149,-99.6193113300358,-3.5542466320588924,0.6023881062709358,0.17499593098958333,1.0101765950520833,0.17499593098958333,1.0101765950520833,0,idle,534.9453054872736,38.48790502723636,560.8101309806356,51.65737378653303
1791245916.7058098,556.1618606811551,54.122539292940736,-280.0218262920873,-99.72389741159364,-3.600323536735808,0.6169602117952496,0.17499593098958333,1.0101765950520833,0.17499593098958333,1.0101765950520833,0,idle,545.4455377999785,57.00628288634506,556.6215939617038,52.51093144272912
1791245916.7236118,552.5164373491434,54.75406355030801,-280.12595432116234,-99.82823674396822,-3.645423332011649,0.6315242573672777,0.17499593098958333,1.0101765950520833,0.17499593098958333,1.0101765950520833,0,idle,544.0829252231096,64.8941282895183,552.531508359363,53.73003932956749
1791245916.7404952,548.8268746788001,55.40015222417204,-280.2304775128147,-99.93250159636001,-3.6895626703433027,0.6460886738640315,0.17499593098958333,1.0101765950520833,0.17499593098958333,1.0101765950520833,0,idle,572.7483461757795,62.41891796361486,550.0372657133577,54.77826750144069
1791245916.756889,545.0941166059189,56.06081312928695,-280.3354754898159,-100.03683934124653,-3.732758072881267,0.6606609051149116,0.17499593098958333,1.0101765950520833,0.17499593098958333,1.0101765950520833,0,idle,542.881701958733,63.95666882831016,546.1333673563893,55.86481542764332
1791245916.773762,541.3190906942002,56.73606060856686,-280.44101382752484,-100.1413754371856,-3.7750259117186973,0.6752474792799108,0.17499593098958333,1.0101765950520833,0.17499593098958333,1.0101765950520833,0,idle,555.7309962932947,79.25976271303837,543.0269741871018,57.67604789722899
1791245916.791219,537.5027083002459,57.42591469153574,-280.5471461398843,-100.24621614784822,-3.816382393954366,0.6898540829688768,0.17499593098958333,1.0101765950520833,0.17499593098958333,1.0101765950520833,0,idle,524.869507453859,58.858175500916694,538.493537576183,58.39051565623381
1791245916.8080661,533.6458647526031,58.13040032647743,-280.6539158505182,-100.35145098917305,-3.8568435476428053,0.7044856349416889,0.17499593098958333,1.0101765950520833,0.17499593098958333,1.0101765950520833,0,idle,525.1219373151656,58.472076888628784,534.1609561928715,59.06385507104817
1791245916.824915,529.7494395429932,58.84954668383562,-280.7613576999992,-100.45715491122375,-3.8964252096099568,0.7191463573581889,0.17499593098958333,1.0101765950520833,0.17499593098958333,1.0101765950520833,0,idle,514.5005992224911,70.54138301030184,529.476334395223,60.320920507501135
1791245916.8417962,525.81429652794,59.583386527170866,-280.86949903110656,-100.5633902298169,-3.93514301505315,0.7338398433352467,0.17499593098958333,1.0101765950520833,0.17499593098958333,1.0101765950520833,0,idle,519.2987925726618,52.95426096501906,525.2290714397944,60.64973538154552
1791245916.8596969,521.8412841391306,60.33195564728499,-280.9783608865418,-100.67020832741571,-3.9730123888093907,0.7485691201141241,0.17499593098958333,1.0101765950520833,0.17499593098958333,1.0101765950520833,0,idle,522.9436707827894,48.56939760417932,521.3404396375753,60.75685915678563
1791245916.877457,517.8312356009727,61.095292354799405,-281.0879589476822,-100.77765114460365,-4.010048538157888,0.7633367075144094,0.17499593098958333,1.0101765950520833,0.17499593098958333,1.0101765950520833,0,idle,524.7263315304136,51.03220546530558,517.7001881209673,60.99579634435032
1791245916.894298,513.7849691539567,61.87343702640109,-281.1983043382058,-100.88575248363962,-4.046266447016019,0.7781446716016879,0.17499593098958333,1.0101765950520833,0.17499593098958333,1.0101765950520833,0,idle,538.8393678059853,61.31691847690099,514.9131939805529,61.75108988899945
1791245916.91117,509.7032882825681,62.66643170006181,-281.30940431256226,-100.9945391448031,-4.08168087138856,0.7929946736607177,0.17499593098958333,1.0101765950520833,0.17499593098958333,1.0101765950520833,0,idle,528.9300426789874,76.30045107421637,511.7364395876555,63.231902888237975
1791245916.928179,505.5869819466328,63.47431971473191,-281.4212628461082,-101.10403191489607,-4.1163063359353,0.8078880146701031,0.17499593098958333,1.0101765950520833,0.17499593098958333,1.0101765950520833,0,idle,502.86238338278287,55.89324365170792,507.38224575827337,63.63246354034807
1791245916.9452631,501.4368248151027,64.29714539026844,-281.5338811411247,-101.21424642565428,-4.15015713153015,0.8228256755365296,0.17499593098958333,1.0101765950520833,0.17499593098958333,1.0101765950520833,0,idle,508.1129018611712,62.429471457704764,503.4761292884646,64.35399832797562
1791245916.962307,497.2535775014083,65.13495374364813,-281.647258060777,-101.32519389811497,-4.18324731369437,0.8378083533796916,0.17499593098958333,1.0101765950520833,0.17499593098958333,1.0101765950520833,0,idle,486.4652579220416,74.07518250246385,498.65150077213383,65.63597547241073
1791245916.979153,493.03798679961176,65.98779023782045,-281.76139050127904,-101.43688178729823,-4.215590701796555,0.8528364941723238,0.17499593098958333,1.0101765950520833,0.17499593098958333,1.0101765950520833,0,idle,494.3147167324182,77.53693816483245,494.4298504034413,67.04121827649553
1791245916.996168,488.7907859206896,66.85570055986025,-281.87627371101644,-101.54931433995137,-4.247200878922152,0.8679103220398033,0.17499593098958333,1.0101765950520833,0.17499593098958333,1.0101765950520833,0,idle,492.3164595681442,70.24820419367134,490.2893400267004,68.02608237829213
1791245917.012337,484.5126947283646,67.73873042537548,-281.9919015641115,-101.66249307661303,-4.278091192324981,0.8830298655152226,0.17499593098958333,1.0101765950520833,0.17499593098958333,1.0101765950520833,0,idle,485.35330523635974,75.97835172251543,485.97835165447464,69.26257421774277
1791245917.0292768,480.2044199739821,68.63692540640733,-282.10826679483796,-101.7764172078935,-4.308274754382461,0.8981949810318439,0.17499593098958333,1.0101765950520833,0.17499593098958333,1.0101765950520833,0,idle,450.6390530040264,74.87281888336084,480.1185257052889,70.39637168300393
1791245917.046046,475.86665552999733,69.5503307803251,-282.22536119838196,-101.8910839936424,-4.337764443984776,0.913405373917768,0.17499593098958333,1.0101765950520833,0.17499593098958333,1.0101765950520833,0,idle,486.79863011693266,74.89229870833573,476.33165470408557,71.48890313949241
1791245917.06288,471.5000826217013,70.478991397464,-282.3431758026675,-102.00648905258225,-4.366572908296013,0.9286606171388966,0.17499593098958333,1.0101765950520833,0.17499593098958333,1.0101765950520833,0,idle,476.45429170949546,89.23210134733097,472.1895422914749,73.2582906361663
1791245917.080723,467.1053700568689,71.42295156548104,-282.4617010153009,-102.12262662901745,-4.394712564832461,0.9439601680170457,0.17499593098958333,1.0101765950520833,0.17499593098958333,1.0101765950520833,0,idle,493.4746644276235,79.43835466913636,469.07882146169146,74.46405599743099
1791245917.097687,462.6831744530592,72.38225494861197,-282.58092674912166,-102.23948982237381,-4.422195603809627,0.9593033831309368,0.17499593098958333,1.0101765950520833,0.17499593098958333,1.0101765950520833,0,idle,466.1932185960079,65.37202419490997,464.7334554947882,74.92079262127932
1791245917.1147032,458.23414046234393,73.35694448020132,-282.70084252935914,-102.35707078457388,-4.4490339907153205,0.9746895315893479,0.17499593098958333,1.0101765950520833,0.17499593098958333,1.0101765950520833,0,idle,453.0552582504392,82.96604718434091,459.9229633413912,76.24901040444227
1791245917.131517,453.7589009932727,74.34706228704947,-282.8214375849774,-102.4753608895956,-4.475239469071272,0.9901178068481447,0.17499593098958333,1.0101765950520833,0.17499593098958333,1.0101765950520833,0,idle,469.39103087970886,74.37929915553539,456.1448892226894,77.09613675850267
1791245917.1483788,449.2580774299223,75.3526496242759,-282.9427009264308,-102.59435087898842,-4.500823563350364,1.005587337226424,0.17499593098958333,1.0101765950520833,0.17499593098958333,1.0101765950520833,0,idle,443.1116106438577,74.65441661968978,451.217442908565,77.92935872192713
1791245917.165177,444.7322798479017,76.3737468195376,-283.06462141174416,-102.71403098661898,-4.525797582020608,1.0210971952617056,0.17499593098958333,1.0101765950520833,0.17499593098958333,1.0101765950520833,0,idle,437.74026250175046,71.99905355559197,446.24407618530466,78.60288579910899
1791245917.1813009,440.1821072272111,77.41039322556756,-283.1871878025648,-102.83439104548351,-4.55017262069062,1.0366464060299663,0.17499593098958333,1.0101765950520833,0.17499593098958333,1.0101765950520833,0,idle,445.24429414838755,85.67625325707043,441.8714230938027,79.94136825773552
1791245917.198234,435.6081476618765,78.46262718011094,-283.3103888116051,-102.95542057904358,-4.573959565334564,1.0522339545433754,0.17499593098958333,1.0101765950520833,0.17499593098958333,1.0101765950520833,0,idle,442.7078797282279,76.19545671226321,437.56798433845614,80.75369493727811
1791245917.215389,431.0109785662992,79.53048597243773,-283.43421314269705,-103.07710887921262,-4.597169095577332,1.0678587923267817,0.17499593098958333,1.0101765950520833,0.17499593098958333,1.0101765950520833,0,idle,456.3761179221865,86.63796418856217,434.1410803768442,82.06237425255276
1791245917.232451,426.39116687827595,80.61400581570099,-283.558649524509,-103.19944507283385,-4.6198116880232405,1.0835198432632656,0.17499593098958333,1.0101765950520833,0.17499593098958333,1.0101765950520833,0,idle,419.6347558533789,79.02000627411816,429.02694304704886,82.93959970473112
1791245917.249394,421.7492692586622,81.71322182449036,-283.6836867388297,-103.3224181782417,-4.641897619613755,1.0992160087893743,0.17499593098958333,1.0101765950520833,0.17499593098958333,1.0101765950520833,0,idle,425.60321913228086,88.77452160550504,424.4459541126774,84.27560100811972
1791245917.2662358,417.08583228766054,82.82816799700225,-283.80931364419735,-103.44601715328328,-4.663436971001638,1.114946172511896,0.17499593098958333,1.0101765950520833,0.17499593098958333,1.0101765950520833,0,idle,406.68034084389086,85.7786513074897,419.1274083267865,85.40995238697452
1791245917.283084,412.40139265772984,83.95887720131239,-283.935519195543,-103.5702309359893,-4.684439629930681,1.13070920431014,0.17499593098958333,1.0101765950520833,0.17499593098958333,1.0101765950520833,0,idle,409.74558810023944,85.53243288403667,414.208099667025,86.49025015592225
1791245917.300063,407.69647736311816,85.10538116529302,-284.0622924604239,-103.69504847892212,-4.704915294611654,1.1465039639806303,0.17499593098958333,1.0101765950520833,0.17499593098958333,1.0101765950520833,0,idle,431.43748584042305,87.60543736525385,410.59989944581383,87.63518828217043
1791245917.317333,402.97160388603174,86.26771046976779,-284.18962263234084,-103.82045877808814,-4.724873477086437,1.1623293044747711,0.17499593098958333,1.0101765950520833,0.17499593098958333,1.0101765950520833,0,idle,387.74247689975226,93.84903599192603,404.96839851527864,89.05009350690923
1791245917.334246,398.227285110709,87.44591308172396,-284.31838363582415,-103.94667512624503,-4.744318775322791,1.1782026119561615,0.17902425130208333,1.0101765950520833,0.17902425130208333,1.0101765950520833,0,idle,390.53486822488605,74.06225481830943,399.7396191642024,89.4199940538376
1791245917.3511748,393.4641013166712,88.64033236821882,-284.4619950849824,-104.07725702155716,-4.763183794037768,1.1944192864948624,0.23868611653645833,1.0101765950520833,0.23868611653645833,1.0101765950520833,0,idle,378.0071626931783,116.64800671862051,394.1279717363153,91.91609300924686
1791245917.368236,388.6827871690764,89.85192955632085,-284.6390944732139,-104.21957996258114,-4.781314147594787,1.2115971881020287,0.3185811360677083,1.0101765950520833,0.3185811360677083,1.0101765950520833,0,idle,399.57067734974703,101.48844458626353,389.85785857677183,93.54572791679463
1791245917.385491,383.88457234762814,91.08353764014285,-284.9159306059432,-104.3959211901781,-4.798214821448252,1.2316080838219956,0.5438313802083333,1.0101765950520833,0.5438313802083333,1.0101765950520833,0,idle,396.46239354465973,87.61601258345529,385.62978124479037,94.41926982975856
1791245917.4027689,379.0714608947133,92.34075218503516,-285.35583790605244,-104.63893121343666,-4.813111452914797,1.2572145448922998,0.6961140950520833,1.0101765950520833,0.6961140950520833,1.0101765950520833,0,idle,392.96288076927743,99.1186449261302,381.42398034074563,95.84859240222484
1791245917.419631,374.2467054551677,93.63327598550202,-286.05400595837574,-104.99705799509127,-4.824755439545577,1.2925238004668722,0.8738789876302083,1.0101765950520833,0.8738789876302083,1.0101765950520833,0,idle,379.6188178833515,99.48312250374964,376.7502045503076,97.2582165177446
1791245917.4365282,369.41524090185794,94.97561862840791,-287.0919579917544,-105.52707419728632,-4.831464553309795,1.3423426429058964,0.9891133626302083,1.0101765950520833,0.9891133626302083,1.0101765950520833,0,idle,382.26721952194583,104.8207823952207,372.43616397324524,98.911570322379
1791245917.45336,364.5837096746819,96.38594013985981,-288.4742253341248,-106.27249800604807,-4.831531227176022,1.4103215114518965,0.9891133626302083,1.0101765950520833,0.9891133626302083,1.0101765950520833,0,idle,354.372916741294,87.01171097629091,366.9430469458305,99.6563827909539
1791245917.470145,359.76050779702905,97.88481263950746,-290.1908127656484,-107.26330941336305,-4.823201877652875,1.4988724996476472,0.9891133626302083,1.0101765950520833,0.9891133626302083,1.0101765950520833,0,idle,361.4745870798701,84.64650259917737,362.0875821687622,100.32981765603034
1791245917.486851,354.95584103823717,99.49403852664203,-292.22305935040964,-108.51723104765165,-4.804666758791904,1.6092258871345646,0.9891133626302083,1.0101765950520833,0.9891133626302083,1.0101765950520833,0,idle,341.6131270251141,90.80766967871509,356.4994259907275,101.38247484994243
1791245917.504462,350.18176935982314,101.23559275485044,-294.5475876932461,-110.04168225484995,-4.774071678414046,1.7415542282084158,0.9891133626302083,1.0101765950520833,0.9891133626302083,1.0101765950520833,0,idle,318.75643353830884,90.01818363973507,350.07690827361324,102.46873680623005
1791245917.5205061,345.4522186899225,103.13071548528855,-297.13893642987756,-111.83589034270857,-4.729550669900593,1.8951227304381084,0.9891133626302083,1.0101765950520833,0.9891133626302083,1.0101765950520833,0,idle,361.7144853164272,110.80691826674173,346.1657139893484,104.68601247317184
1791245917.537318,340.7829452342098,105.19915870668919,-299.9712854036154,-113.89288182362874,-4.669273455712676,2.068443221400646,0.9891133626302083,1.0101765950520833,0.9891133626302083,1.0101765950520833,0,idle,338.7105122184835,104.4764342218871,341.3571441178781,106.64055462093822
1791245917.55389,336.1914449303967,107.45857885560707,-303.0195548530625,-116.20122469182972,-4.59150030381313,2.259420148917882,0.9891133626302083,1.0101765950520833,0.9891133626302083,1.0101765950520833,0,idle,341.3307226703877,99.46972159118957,336.9938977568811,108.42846211092278
1791245917.5716429,331.6968072656364,109.92406231928089,-306.26007290422064,-118.74648030227948,-4.4946376647603,2.4654834636738183,0.9891133626302083,1.0101765950520833,0.9891133626302083,1.0101765950520833,0,idle,327.1786239019123,104.79615837096057,332.23322828261036,110.5890562144148
1791245917.588459,327.31951769618934,112.60776904525927,-309.6709466584073,-121.51237117460758,-4.37728956944702,2.683706725978376,0.9891133626302083,1.0101765950520833,0.9891133626302083,1.0101765950520833,0,idle,324.12319591626607,120.24929008677657,327.6693015733184,113.62158929771235
1791245917.605365,323.0812162043688,115.5186796067232,-313.23223183650265,-124.48169383955947,-4.238301491820561,2.9109105614639246,0.9891133626302083,1.0101765950520833,0.9891133626302083,1.0101765950520833,0,idle,318.46454009148044,124.27097989281069,323.182677081997,116.91942386085799
1791245917.622275,319.004421297803,118.66243202243712,-316.9259679956714,-127.63701396277862,-4.076794906565777,3.143752415713917,0.9891133626302083,1.0101765950520833,0.9891133626302083,1.0101765950520833,0,idle,324.74502736320693,129.6576873958436,319.38783943481997,120.54290183253549
1791245917.6392052,315.1122293278025,122.04123589761781,-320.73612668570615,-130.96118122099568,-3.892191970000498,3.3788038751806964,0.9891133626302083,1.0101765950520833,0.9891133626302083,1.0101765950520833,0,idle,313.21674115305217,125.98142140227903,315.3817021492311,124.02469149244433
1791245917.656079,311.4279987219668,125.6538527850318,-324.64850591858476,-134.43769797962082,-3.6842306058356944,3.6126168874139912,0.9891133626302083,1.0101765950520833,0.9891133626302083,1.0101765950520833,0,idle,308.47554533601846,130.35000830446683,311.53637523302655,127.77294337608875
1791245917.672935,307.9750278984015,129.49563295035446,-328.650594269384,-138.05097113029754,-3.4529708235653214,3.841780165322655,0.9891133626302083,1.0101765950520833,0.9891133626302083,1.0101765950520833,0,idle,324.46675830955905,136.27295473118795,308.9025721044661,131.84763510090022
1791245917.689833,304.77623450278975,133.55859991731117,-332.7314206693134,-141.78647171960466,-3.198793395611763,4.0629669669567186,0.9891133626302083,1.0101765950520833,0.9891133626302083,1.0101765950520833,0,idle,296.56542891654453,114.37296562068417,305.2468612192389,134.83372024549828
1791245917.707691,301.85384236977296,137.83157525295542,-336.881400714731,-145.6308227600376,-2.9223921330167584,4.27297533564424,0.9891133626302083,1.0101765950520833,0.9891133626302083,1.0101765950520833,0,idle,300.9396246962288,115.65499296888349,302.25522686672247,137.93411045052957
1791245917.724598,299.229081384179,142.30033703076845,-341.09218655399997,-149.57183200506674,-2.6247609855939666,4.468761777813018,0.9891133626302083,1.0101765950520833,0.9891133626302083,1.0101765950520833,0,idle,314.1021491062018,147.53694122602764,300.35405004238214,142.65957567822684
1791245917.741569,296.9219042858562,146.94780628223083,-345.35652473460397,-153.59848345679865,-2.307177098322791,4.647469251462369,0.9891133626302083,1.0101765950520833,0.9891133626302083,1.0101765950520833,0,idle,305.3640628992159,144.14932964958504,298.4127324418172,147.149159165684
1791245917.7584262,294.9507234679855,151.75425652004378,-349.6681245086596,-157.7008988608669,-1.971180817870704,4.806450237812942,0.9891133626302083,1.0101765950520833,0.9891133626302083,1.0101765950520833,0,idle,290.91528540343046,157.5857288522803,296.1652383129207,152.23711537593613
1791245917.775381,293.3321699799984,156.69754209225948,-354.0215377929257,-161.87027832831365,-1.618553487987072,4.943285572215706,0.9891133626302083,1.0101765950520833,0.9891133626302083,1.0101765950520833,0,idle,317.3042543507654,171.70010911306593,295.6845633012252,157.90638635639755
1791245917.792267,292.0808762618651,161.75334171046703,-358.41205110099304,-166.09882742767132,-1.2512937181333073,5.055799618207536,0.9891133626302083,1.0101765950520833,0.9891133626302083,1.0101765950520833,0,idle,291.8579192339564,166.60785370988174,294.3045020656351,163.14446936136892
1791245917.809088,291.2092835944931,166.8954139917641,-362.83558919236344,-170.37967655536383,-0.8715926673719748,5.142072281297066,0.9891133626302083,1.0101765950520833,0.9891133626302083,1.0101765950520833,0,idle,289.79226157472146,162.6708356783559,293.25087700708605,168.00575634445048
1791245917.825972,290.72747483307427,172.09586226929775,-367.28862982778634,-174.7067970815668,-0.48180876141886614,5.20044827753367,0.9891133626302083,1.0101765950520833,0.9891133626302083,1.0101765950520833,0,idle,299.24683112072285,170.531413618419,293.09295638942,173.07246507180588
1791245917.8430731,290.64303267565265,177.3254062663804,-371.7681288176786,-179.0749176571505,-0.08444215742164479,5.229543997082646,0.9891133626302083,1.0101765950520833,0.9891133626302083,1.0101765950520833,0,idle,301.21740588293363,211.0816128332041,293.41895881454514,179.94098925710432
1791245917.860348,290.953251899663,182.55587327485696,-375.9352030964275,176.60576106795585,0.3102192240103073,5.230467008476562,0.7497945149739583,1.0101765950520833,0.7497945149739583,1.0101765950520833,0,idle,294.17670842737584,198.20226126235127,293.7515545579965,185.8229965154194
1791245917.877432,291.62811250521685,187.76840332021172,-378.9254498100088,172.6230131683835,0.6748606055538676,5.212530045354762,0.003029378255208333,1.0101765950520833,0.003029378255208333,1.0101765950520833,0,idle,298.60504472143106,178.41926258633288,294.6353466414444,190.4047133620521
1791245917.894219,292.62561781727226,192.95249249106732,-381.08032966051053,169.10845032760153,0.9975053120554329,5.184089170855604,-0.010642496744791667,1.0101765950520833,-0.010642496744791667,1.0101765950520833,0,idle,303.5190075251631,196.50837880820933,296.02715973208296,195.63478134667278
1791245917.910466,293.90057490470883,198.10390910133435,-382.63657159626575,166.09884336447277,1.2749570874365497,5.151416610267042,-0.010642496744791667,1.0101765950520833,-0.010642496744791667,1.0101765950520833,0,idle,310.35317975487163,197.94879538128285,297.95466996628716,200.64432782815697
1791245917.9273741,295.4093845738454,203.22263574824885,-383.7617165211652,163.57644956215302,1.508809669136528,5.118726646914509,-0.010642496744791667,1.0101765950520833,-0.010642496744791667,1.0101765950520833,0,idle,315.1330391573949,191.85303043183902,300.24695761152225,205.06755327290983
1791245917.944573,297.11242767533463,208.31120862685958,-384.5756323802474,161.4956415238837,1.703043101489267,5.088572878610719,-0.010642496744791667,1.0101765950520833,-0.010642496744791667,1.0101765950520833,0,idle,281.6749212660644,204.49586770932717,300.93624674066416,209.87311322941088
1791245917.9616709,298.9750313609138,213.37350880377423,-385.16456708008127,159.7996024284805,1.8626036855791621,5.062300176914642,-0.010642496744791667,1.0101765950520833,-0.010642496744791667,1.0101765950520833,0,idle,301.9310480798747,221.68164639822956,302.7554603089249,215.27272505592072
1791245917.97805,300.96762398019587,218.41394482949812,-385.5907612384756,158.4300484974805,1.9925926192820433,5.04043602572389,-0.010642496744791667,1.0101765950520833,-0.010642496744791667,1.0101765950520833,0,idle,302.8938354732126,228.68575400224455,304.65534205545725,220.7317907276746
1791245917.9949381,303.065452619993,223.43693672952656,-385.8991989411475,157.3323778069241,2.0978286397971098,5.0229919000284555,-0.010642496744791667,1.0101765950520833,-0.010642496744791667,1.0101765950520833,0,idle,316.60200137044836,214.8526196271333,307.24561222901406,225.20967447767455
1791245918.0117602,305.24808990302176,228.44661623805118,-386.12241732794155,156.45801279332917,2.1826372830287744,5.009679508524618,-0.010642496744791667,1.0101765950520833,-0.010642496744791667,1.0101765950520833,0,idle,289.5586061564468,247.37065803517498,308.43476734426304,231.07691918864796
1791245918.0297039,307.4988641324919,233.4466740623089,-386.2839596334244,155.76512515257943,2.2507742294701343,5.000057824257717,-0.010642496744791667,1.0101765950520833,-0.010642496744791667,1.0101765950520833,0,idle,301.6763865130383,234.58142884499878,310.23508382069843,236.00219960451034
1791245918.04753,309.80428904392545,238.44030223093145,-386.40086434413854,155.2184896913097,2.305424911433562,4.993628168622568,-0.010642496744791667,1.0101765950520833,-0.010642496744791667,1.0101765950520833,0,idle,317.52034184156213,248.27753832856783,312.78950038760354,241.35991330090465
1791245918.064394,312.1535336483084,243.43019454139636,-386.48546330955867,154.7889126721696,2.3492446043829096,4.989892310464924,-0.010642496744791667,1.0101765950520833,-0.010642496744791667,1.0101765950520833,0,idle,315.7160665406321,242.95137847807797,315.16761106941874,246.17988425470497
1791245918.081258,314.5379508942203,248.41857984619986,-386.5466820596172,154.45248957987238,2.384417245911878,4.9883853048035,-0.010642496744791667,1.0101765950520833,-0.010642496744791667,1.0101765950520833,0,idle,308.60856816125454,243.05621470867945,317.10485530762685,250.76266681696703
1791245918.0974011,316.95067101216836,253.40727157748287,-386.59098064934636,154.18983197617274,2.4127201179480755,4.988691731283024,-0.010642496744791667,1.0101765950520833,-0.010642496744791667,1.0101765950520833,0,idle,313.9069504490195,248.79272561158953,319.2370441767472,255.40342690141702
1791245918.114499,319.38625813893987,258.3977230478326,-386.6230345852442,153.98533551582423,2.4355871267715186,4.990451470349688,-0.010642496744791667,1.0101765950520833,-0.010642496744791667,1.0101765950520833,0,idle,311.0809457575042,246.37441905798963,321.14304702621797,259.6929054060779
1791245918.1315148,321.8404250348697,263.3910822730667,-386.64622769559156,153.82652245308483,2.4541668959298844,4.993359225234068,-0.010642496744791667,1.0101765950520833,-0.010642496744791667,1.0101765950520833,0,idle,301.70726615694065,268.6923777538416,322.50271653388745,264.8865702874385
1791245918.148266,324.3097990414532,268.3882428605316,-386.6630088956885,153.70347027068894,2.469374006583476,4.997160587464901,-0.010642496744791667,1.0101765950520833,-0.010642496744791667,1.0101765950520833,0,idle,319.2805597465788,273.390640783314,324.6875140007763,270.0590763703239
1791245918.164968,326.7917320108444,273.38988930726833,-386.6751504333611,153.60832630686497,2.4819329693912127,5.0016464467367445,-0.010642496744791667,1.0101765950520833,-0.010642496744791667,1.0101765950520833,0,idle,330.1749866839486,268.79448189332805,327.31972395585655,274.747410770874
1791245918.181847,329.2841472219157,278.3965361675278,-386.6839348171241,153.5349022575408,2.492415211071331,5.006646860259498,-0.010642496744791667,1.0101765950520833,-0.010642496744791667,1.0101765950520833,0,idle,338.09809539146795,268.380415185412,330.2264369781549,279.1853755088474
1791245918.198731,331.7854169366454,283.40856120429186,-386.690290118146,153.4783397438696,2.501269714729676,5.012025036764033,-0.010642496744791667,1.0101765950520833,-0.010642496744791667,1.0101765950520833,0,idle,330.4716414580792,281.6182244752949,332.6149034311443,284.0684417420956
1791245918.21634,334.2942650369074,288.4262329939811,-386.69488790093936,153.4348373260761,2.5088481002620067,5.017671789689237,-0.010642496744791667,1.0101765950520833,-0.010642496744791667,1.0101765950520833,0,idle,363.7394903566671,277.6954878813051,336.5545384726693,288.51658224926086
1791245918.233328,336.80968999280464,293.4497336172995,-386.69821410242724,153.40142956817985,2.5154249558972293,5.023500623318423,-0.010642496744791667,1.0101765950520833,-0.010642496744791667,1.0101765950520833,0,idle,338.10252762320965,280.50949251201945,339.02159163829873,292.8885533545513
1791245918.2503848,339.3309041818315,298.4791771164139,-386.70062033004973,153.37580951351373,2.521214189026848,5.029443499114416,-0.010642496744791667,1.0101765950520833,-0.010642496744791667,1.0101765950520833,0,idle,351.2958779795692,287.0344096529793,342.03045943493777,297.37381749363135
1791245918.267049,341.85728626983354,303.5146243784993,-386.7023609869732,153.3561869216553,2.5263820880020234,5.035447262085445,-0.010642496744791667,1.0101765950520833,-0.010642496744791667,1.0101765950520833,0,idle,364.8627909417763,327.4411753904195,345.57213899388165,303.6608602874519
1791245918.2840471,344.3883439671245,308.55609504981226,-386.70362013919595,153.34117567036014,2.5310576972909637,5.041470671312957,-0.010642496744791667,1.0101765950520833,-0.010642496744791667,1.0101765950520833,0,idle,342.31409690785443,307.9407360073648,347.8137417020067,308.6642512111948
1791245918.301068,346.92368498546944,313.60357701278605,-386.70453095829157,153.3297047437657,2.5353410183449308,5.047481962973765,-0.010642496744791667,1.0101765950520833,-0.010642496744791667,1.0101765950520833,0,idle,329.3130378145815,288.67687601127477,349.29728047506313,312.45999031602395
1791245918.318218,349.4629944497653,318.6570338831915,-386.7051897909256,153.32094815947633,2.539309464295829,5.053456870405467,-0.010642496744791667,1.0101765950520833,-0.010642496744791667,1.0101765950520833,0,idle,356.2205781844346,324.90979416356544,352.05578935161276,317.88326453528623
1791245918.335399,352.0060173711224,323.71641091202224,-386.705666339755,153.31427000958266,2.543022921357135,5.059377028830745,-0.010642496744791667,1.0101765950520833,-0.010642496744791667,1.0101765950520833,0,idle,360.7919657567053,323.5669323667762,354.9084699471567,322.97385610424993
1791245918.3521569,354.552545075734,328.78163961098915,-386.70601103022534,153.30918149876356,2.5465277046115666,5.06522869896692,-0.010642496744791667,1.0101765950520833,-0.010642496744791667,1.0101765950520833,0,idle,356.69697151703946,313.5959379781118,357.4170963450318,327.3169274619616
1791245918.368934,357.1024047163725,333.85264136283564,-386.70626034093965,153.3053074607558,2.549859640638545,5.071001751846497,-0.010642496744791667,1.0101765950520833,-0.010642496744791667,1.0101765950520833,0,idle,335.2371886751357,315.0055268490671,358.7304676201436,331.51880909557104
1791245918.386754,359.65545117979076,338.9293302283704,-386.70644066041376,153.30236033224526,2.553046463418263,5.076688865534761,-0.010642496744791667,1.0101765950520833,-0.010642496744791667,1.0101765950520833,0,idle,378.3627526353039,345.6078419065736,362.1374760111489,337.0461151583792
1791245918.402789,362.21156085189864,344.0116151207329,-386.7065710775214,153.30011997253087,2.556109672107886,5.082284892362497,-0.010642496744791667,1.0101765950520833,-0.010642496744791667,1.0101765950520833,0,idle,345.3579460129407,346.67077641258646,363.72680369974097,342.355518868834
1791245918.419436,364.7706268203901,349.0994014831808,-386.70666540038013,153.29841805053556,2.5590659684914634,5.087786362447918,-0.010642496744791667,1.0101765950520833,-0.010642496744791667,1.0101765950520833,0,idle,371.0273653726958,360.22457198380675,366.5229444534556,348.0823685689081
1791245918.436437,367.3325551874508,354.19259257870607,-386.7067336169713,153.2971259897873,2.561928367060722,5.093191095525227,-0.010642496744791667,1.0101765950520833,-0.010642496744791667,1.0101765950520833,0,idle,370.7158208311656,353.407900834628,369.1664202210488,353.1871767229431
1791245918.4532852,369.89726223823357,359.2910904771217,-386.70678295183643,153.29614567769048,2.5647070507827827,5.098497898415626,-0.010642496744791667,1.0101765950520833,-0.010642496744791667,1.0101765950520833,0,idle,387.0707594819882,372.26067858303213,372.4981088823394,358.9844248194424
1791245918.469907,372.46467226799973,364.3947968070484,-386.70681863053056,153.29540231728916,2.5674100297661515,5.103706329926711,-0.010642496744791667,1.0101765950520833,-0.010642496744791667,1.0101765950520833,0,idle,386.2146961112553,359.40396511599613,375.62297777206305,363.8539228477004
1791245918.487593,375.03471591548646,369.50361332568673,-386.70684443264065,153.29483893596472,2.5700436474867105,5.108816518638311,-0.010642496744791667,1.0101765950520833,-0.010642496744791667,1.0101765950520833,0,idle,387.30576774036774,355.4350129775265,378.6486587355907,368.2863530468981
1791245918.504301,377.607328884827,374.6174423477163,-386.70686309183793,153.2944121730077,2.572612969340521,5.113829022029583,-0.010642496744791667,1.0101765950520833,-0.010642496744791667,1.0101765950520833,0,idle,395.2514943921407,381.5961835926711,381.9227828392917,373.8099821451149
1791245918.5210721,380.18245096534616,379.7361870655418,-386.70687658526714,153.29408905247223,2.575122080519166,5.1187447178254954,-0.010642496744791667,1.0101765950520833,-0.010642496744791667,1.0101765950520833,0,idle,368.7980523820273,374.5933188242143,383.7129122929217,378.7119564610041
1791245918.5370948,382.76002527946764,384.85975178592776,-386.70688634287905,153.29384451386147,2.577574314121495,5.123564720385967,-0.010642496744791667,1.0101765950520833,-0.010642496744791667,1.0101765950520833,0,idle,407.1053214578793,384.6341588719664,387.331228349585,383.87545306591886
1791245918.554015,385.33999770513816,389.98804210243975,-386.70689339884945,153.29365952480902,2.5799724256705066,5.128290316512011,-0.010642496744791667,1.0101765950520833,-0.010642496744791667,1.0101765950520833,0,idle,380.5477309960956,376.39252581693535,389.44302728629754,388.3731825041561
1791245918.571605,387.92231643165024,395.12096501871343,-386.7068985011042,153.29351964009217,2.5823187265120744,5.132922916273671,-0.010642496744791667,1.0101765950520833,-0.010642496744791667,1.0101765950520833,0,idle,387.10472356118566,398.3847839283775,391.7793148902284,393.7500393458272
1791245918.588444,390.506931617357,400.2584290341492,-386.7069021905393,153.29341390249292,2.5846151857067614,5.1374640154357545,-0.010642496744791667,1.0101765950520833,-0.010642496744791667,1.0101765950520833,0,idle,382.9394631237538,397.48634446251606,393.7927067283261,398.8174454163256
1791245918.604498,393.0937951251639,405.4003442009702,-386.70690485832,153.29333400516822,2.58686350780691,5.14191516682105,-0.010642496744791667,1.0101765950520833,-0.010642496744791667,1.0101765950520833,0,idle,388.031878989442,408.32949410243145,395.96218567379844,404.1778672591109
1791245918.6216462,395.6828603173602,410.5466221595191,-386.70690678732365,153.29327365384955,2.5890651921963266,5.146277958548881,-0.010642496744791667,1.0101765950520833,-0.010642496744791667,1.0101765950520833,0,idle,396.8447746078752,421.0387579602558,398.46592705308876,409.90987585478956
1791245918.638697,398.2740818957072,415.69717615707305,-386.7069081821136,153.29322808158278,2.5912215783469543,5.15055399755396,-0.010642496744791667,1.0101765950520833,-0.010642496744791667,1.0101765950520833,0,idle,402.06981508252153,419.75897450436213,401.10778195399,415.29535708494444
1791245918.65473,400.86741577603544,420.85192105422726,-386.7069091906174,153.2931936797981,2.5933338803282346,5.154744897154232,-0.010642496744791667,1.0101765950520833,-0.010642496744791667,1.0101765950520833,0,idle,430.3338359835309,431.93145945021104,405.0327518417789,421.0241698555043
1791245918.670985,403.462818989157,426.0107733219461,-386.7069099198053,153.29316771801666,2.5954032131215063,5.158852267718805,-0.010642496744791667,1.0101765950520833,-0.010642496744791667,1.0101765950520833,0,idle,385.09210266592623,407.9799588766623,406.50135243545174,425.2728689608951
1791245918.6880262,406.0602496018474,431.17365103165207,-386.70691044702863,153.29314813103693,2.59743061269038,5.16287770970598,-0.010642496744791667,1.0101765950520833,-0.010642496744791667,1.0101765950520833,0,idle,418.49914818139047,427.770021496474,409.56880130480454,430.30246041189474
1791245918.705009,408.65966665314426,436.34047384016264,-386.70691082822015,153.2931333574534,2.5994170512968555,5.166822808510581,-0.010642496744791667,1.0101765950520833,-0.010642496744791667,1.0101765950520833,0,idle,409.3614982561269,429.90252228408417,412.0278823511027,435.1909451735893
1791245918.722414,411.26103010234397,441.51116297085304,-386.70691110382404,153.29312221719675,2.601363449199735,5.1706891306903975,-0.010642496744791667,1.0101765950520833,-0.010642496744791667,1.0101765950520833,0,steering,411.8141930521466,443.4866409638108,414.4884931628946,440.51788463725626
1791245918.739486,413.86302559733605,446.6769601359634,-386.81659608973797,153.26575073970716,2.601995494992087,5.165797165110331,-0.010642496744791667,1.0101765950520833,1.0,0.0,1,steering,406.11077310074484,428.2265127653022,416.5415028800296,444.8108233505134
1791245918.756701,416.4678000412857,451.823100725626,-387.18806520355014,153.15325672906684,2.604774443949696,5.14614058966259,-0.010642496744791667,1.0101765950520833,1.0,0.0,1,steering,430.9232116777154,457.32228747756955,419.7351240416661,450.32523011704563
1791245918.773739,419.08227198517966,456.9310397309938,-387.8975806420366,152.89460007629677,2.614471943893959,5.107939005367807,-0.010642496744791667,1.0101765950520833,1.0,0.0,1,steering,416.95056265461847,450.86129975192176,422.07964431901297,455.20457565388887
1791245918.790849,421.71756983548636,461.98016148028626,-388.97130289709725,152.4385062012627,2.635297850306689,5.049121749292468,-0.010642496744791667,1.0101765950520833,1.0,0.0,1,steering,433.4492245393868,458.63567473404055,425.151656287823,460.1727962697243
1791245918.807969,424.3876276349086,466.9490032274047,-390.40392598747167,151.74818524067754,2.6700577994222314,4.968841747118488,-0.010642496744791667,1.0101765950520833,1.0,0.0,1,steering,417.4635271851169,470.2554147472267,427.3038047421388,465.39732685336196
1791245918.8251588,427.10756400502953,471.81608910582946,-392.1715881906264,150.801668369358,2.719936370120955,4.867085878424749,-0.010642496744791667,1.0101765950520833,1.0,0.0,1,steering,409.6489400161632,476.24222535137835,429.00500105745493,470.5633033627663
1791245918.841999,429.8921872061438,476.5604879359049,-394.2405297335374,149.59011007026805,2.784623201114222,4.744398830075472,-0.010642496744791667,1.0101765950520833,1.0,0.0,1,steering,433.57524673960535,488.42762291080203,431.878905382621,475.96369822873976
1791245918.8587909,432.7547865567951,481.1621935289122,-396.57273579065725,148.1153492721828,2.8625993506513545,4.601705593007271,-0.010642496744791667,1.0101765950520833,1.0,0.0,1,steering,448.4030778076611,485.2746997128094,435.4245833869918,480.8008686163002
1791245918.8753102,435.706260443399,485.60239892434026,-399.1295016340412,146.38739296043062,2.9514738866039045,4.440205395428041,-0.010642496744791667,1.0101765950520833,1.0,0.0,1,steering,445.63134300013996,487.43501837115235,438.7388215599229,485.35077122969943
1791245918.891365,438.75456989415926,489.8637088806092,-401.8735915565018,144.42213015833232,3.0483094507602564,4.261309956268901,-0.010642496744791667,1.0101765950520833,1.0,0.0,1,steering,459.0207192032553,492.57769624552037,442.64881042031175,489.76036193894595
1791245918.90698,441.9044762158124,493.9303136109749,-404.77045987125405,142.2393915066412,3.1499063216531082,4.066604730365718,-0.010642496744791667,1.0101765950520833,1.0,0.0,1,steering,468.47893650270294,497.11953402993475,446.9327277300018,493.99159503734285
1791245918.9233458,445.157509189493,497.7881325568166,-407.78885593820615,139.86137127478855,3.2530329736806136,3.857818945841693,-0.010642496744791667,1.0101765950520833,1.0,0.0,1,steering,438.67358494688784,486.65482644570477,449.61015191584266,497.2896846063106
1791245918.939012,448.5121108536514,501.424929065367,-410.9010328743235,137.3113833931311,3.3546016641583747,3.63679650855038,-0.010642496744791667,1.0101765950520833,1.0,0.0,1,steering,438.2470707515179,510.07644170457286,452.2288694385769,501.38397914434654
1791245918.9556952,451.9639040476682,504.83039354515034,-414.0827089780857,134.6129065677082,3.451793194016834,3.405464479783352,-0.010642496744791667,1.0101765950520833,1.0,0.0,1,steering,441.73923486859485,516.3459424615439,454.9835912443938,505.3672685660006
1791245918.971169,455.50604168731127,507.99619233752134,-417.3128823055492,131.788871373591,3.5421376396430477,3.16579879237099,-0.010642496744791667,1.0101765950520833,1.0,0.0,1,steering,435.9182957510595,524.7242769122732,457.39535722738793,509.34262783606664
1791245918.987906,459.12960045125647,510.915980796259,-420.57356540283513,128.8611462633549,3.6235587639451943,2.919788458737675,-0.010642496744791667,1.0101765950520833,1.0,0.0,1,steering,456.3460349591681,535.0796939442522,460.7852719397249,513.4032801772768
1791245919.004402,462.8239901822727,513.5853809293097,-423.84948419167836,125.85018534458997,3.6943897310162312,2.6694001330507224,-0.010642496744791667,1.0101765950520833,1.0,0.0,1,steering,460.16594012715456,526.302853172049,464.26397559356184,516.5841889534136
1791245919.021121,466.5773573074585,516.0019258079664,-427.1277691960521,122.77480655087302,3.753367125185784,2.4165448786566204,-0.010642496744791667,1.0101765950520833,1.0,0.0,1,steering,459.5684050647299,514.1928660300474,467.5948958360467,518.760340441969
1791245919.0377789,470.3769666964955,518.1649744534567,-430.39765648809225,119.6520737363624,3.799609389037024,2.1630486454903504,-0.010642496744791667,1.0101765950520833,1.0,0.0,1,steering,447.59229376219645,511.8637353076602,470.20439465193937,520.4704063984693
1791245919.054482,474.2095515123079,520.0756019338156,-433.65020840616216,116.49726020689502,3.8325848158123628,1.9106274803588918,-0.010642496744791667,1.0101765950520833,1.0,0.0,1,idle,485.59414090812675,529.9131697123798,474.61483753977046,522.7576406705058
1791245919.071101,478.0586780643665,521.7527890084938,-435.93363671001225,113.54429116722673,3.8491265520586464,1.6771870746781556,-0.010642496744791667,1.0101765950520833,-0.010642496744791667,1.0101765950520833,0,idle,476.4479223857285,541.1096345027337,478.3631620065241,525.2685680830614
1791245919.08764,481.90981128693875,523.2236261353345,-437.54705743997926,110.90301685904025,3.851133222572239,1.470837126840721,-0.010642496744791667,1.0101765950520833,-0.010642496744791667,1.0101765950520833,0,idle,486.63120118525273,528.6832497086097,482.43514052690415,526.8365974348375
1791245919.104228,485.7520840959887,524.5174972453855,-438.6924535327273,108.61076142192354,3.842272809049989,1.2938711100509483,-0.010642496744791667,1.0101765950520833,-0.010642496744791667,1.0101765950520833,0,idle,484.89006980044405,539.9530618055363,486.2080461591786,528.7215982079208
1791245919.1212008,489.57852394492676,525.6628485293543,-439.5087000314505,106.66378622023947,3.826439848938055,1.1453512839688424,-0.010642496744791667,1.0101765950520833,-0.010642496744791667,1.0101765950520833,0,idle,487.6059531317369,520.3705507619101,489.9130593642976,529.3921295553906
1791245919.1384761,493.38561275326146,526.6855697405539,-440.09229512848896,105.03671027107072,3.807088808334705,1.0227212111996622,-0.010642496744791667,1.0101765950520833,-0.010642496744791667,1.0101765950520833,0,idle,474.41604776722045,507.46024212519717,492.7549431523617,529.2671203345205
1791245919.155524,497.17261508425173,527.6083414879402,-440.51076112311426,103.69428877507791,3.7870023309902856,0.9227717473862719,-0.010642496744791667,1.0101765950520833,-0.010642496744791667,1.0101765950520833,0,idle,479.1644505969859,520.8161782570099,495.6730707390337,529.721206390662
1791245919.172637,500.9408836168789,528.450533487605,-440.8115954944689,102.59832288471658,3.768268532627207,0.8421919996647653,-0.010642496744791667,1.0101765950520833,-0.010642496744791667,1.0101765950520833,0,idle,498.82865759267173,534.6262843616865,499.4107051877114,530.7665426888948
1791245919.1894588,504.69323480643834,529.2283953425166,-441.0283585916058,101.71152639540627,3.752351189559441,0.7778618549115967,-0.010642496744791667,1.0101765950520833,-0.010642496744791667,1.0101765950520833,0,idle,493.54605435955295,516.4774013439121,502.68220627638493,530.7910543838117
1791245919.206135,508.4334283945929,529.9553838813703,-441.18485784369364,100.99953580308157,3.7401935881545736,0.7269885388537306,-0.010642496744791667,1.0101765950520833,-0.010642496744791667,1.0101765950520833,0,idle,514.7600070929572,529.3203240702749,506.8392802259604,531.4081569800459
1791245919.222955,512.1657550999988,530.6425363906218,-441.2980438667933,100.4318130807754,3.7323267054058626,0.6871525092514936,-0.010642496744791667,1.0101765950520833,-0.010642496744791667,1.0101765950520833,0,idle,529.0165110273716,511.3146971414267,511.49385213616654,531.0562788719038
1791245919.239825,515.8947232730909,531.2988397230215,-441.38002591993904,99.98190282013809,3.7289681730920754,0.6563033323997065,-0.010642496744791667,1.0101765950520833,-0.010642496744791667,1.0101765950520833,0,idle,539.1175206751367,537.2807512118235,516.4175553275526,531.9909906546795
1791245919.257538,519.6248300244197,531.9315699559213,-441.4394812133003,99.62732398259863,3.730106751328817,0.6327302328997977,-0.010642496744791667,1.0101765950520833,-0.010642496744791667,1.0101765950520833,0,idle,530.6406543766274,542.2230568486348,520.6723116937686,533.1036876856322
1791245919.273669,523.360401292459,532.5465918370692,-441.4826448056585,99.34926571399757,3.7355712680392994,0.6150218811479229,-0.010642496744791667,1.0101765950520833,-0.010642496744791667,1.0101765950520833,0,idle,524.686403472107,530.1079484301429,524.4218089873228,533.5381715099481
1791245919.289907,527.105486315371,533.1486155136255,-441.5140079187374,99.13219000426106,3.7450850229120194,0.602023676556318,-0.010642496744791667,1.0101765950520833,-0.010642496744791667,1.0101765950520833,0,idle,538.8065049879873,533.9027623545508,528.6988745591225,534.1283235449067
1791245919.305752,530.8637938321709,533.741412445873,-441.53681260077695,98.96340367446139,3.7583075167999604,0.5927969322475511,-0.010642496744791667,1.0101765950520833,-0.010642496744791667,1.0101765950520833,0,idle,533.0835314934875,537.195955767246,532.4884995468007,534.8448622416588
1791245919.323626,534.6386594388342,534.3279945133253,-441.55340350421363,98.83263728737326,3.7748656066632895,0.5865820674522912,-0.010642496744791667,1.0101765950520833,-0.010642496744791667,1.0101765950520833,0,idle,533.0699859435643,543.5811347330795,536.103696192969,535.8389288303094
1791245919.339871,538.4330355497385,534.9107610959113,-441.56547896146805,98.73165273970095,3.7943761109043512,0.5827665825860032,-0.010642496744791667,1.0101765950520833,-0.010642496744791667,1.0101765950520833,0,idle,545.8815204931277,536.4488317065865,540.197244713336,536.42305222758
1791245919.356968,542.2494972210069,535.4916189511537,-441.5742707814596,98.65389095199312,3.816461671268424,0.5808578552423296,-0.010642496744791667,1.0101765950520833,-0.010642496744791667,1.0101765950520833,0,idle,548.5309281939941,557.234367296663,544.2395674750738,538.0154329435144
1791245919.374039,546.090258629578,536.0720793681613,-441.58067338622294,98.59416425837945,3.8407614085710513,0.5804604170076804,-0.010642496744791667,1.0101765950520833,-0.010642496744791667,1.0101765950520833,0,idle,546.0167902938327,497.03454763631476,547.9771519541544,536.5178260743116
1791245919.391228,549.9571962689199,536.6533365717667,-441.5853368056349,98.54839368146153,3.8669376393419834,0.5812572036053524,-0.010642496744791667,1.0101765950520833,-0.010642496744791667,1.0101765950520833,0,idle,537.1816085589442,541.1381943325907,551.1109655417687,537.3010388306507
1791245919.408395,553.8518759418565,537.2363307952091,-441.588733798699,98.5133885511735,3.8946796729366286,0.5829942234424543,-0.010642496744791667,1.0101765950520833,-0.010642496744791667,1.0101765950520833,0,idle,557.6310117511002,536.1142952486406,555.136913541525,537.7955461638205
1791245919.425302,557.7755814354368,537.8217989020594,-441.5912083952467,98.48666440232701,3.923705493580263,0.5854681068502221,-0.010642496744791667,1.0101765950520833,-0.010642496744791667,1.0101765950520833,0,idle,540.9056831552502,545.9524818302916,558.1528722411126,538.7595876486519
1791245919.441673,561.7293433867676,538.4103149492462,-441.5930110594842,98.46629440148553,3.9537619513308186,0.5885160471867901,-0.010642496744791667,1.0101765950520833,-0.010642496744791667,1.0101765950520833,0,idle,579.628247665583,548.1468171764016,562.9827148661003,539.7880393698667
1791245919.4577842,565.7139673250385,539.0023226555942,-441.5943241979415,98.45078943280403,3.984623938270886,0.5920077063479638,-0.010642496744791667,1.0101765950520833,-0.010642496744791667,1.0101765950520833,0,idle,576.1588245380857,541.4064673829529,567.4269130910569,540.4313680915517
1791245919.4747531,569.7300602327862,539.5981613760055,-441.59528068448213,98.43900220462616,4.016092907747689,0.5958387204112237,-0.010642496744791667,1.0101765950520833,-0.010642496744791667,1.0101765950520833,0,idle,546.9852883652361,537.1878477690998,570.2201201171262,540.8352388598198
1791245919.4918048,573.7780552337193,540.1980868765396,-441.5959773266206,98.43005116979218,4.047995000933101,0.5999255005341316,-0.010642496744791667,1.0101765950520833,-0.010642496744791667,1.0101765950520833,0,idle,578.8587566387594,544.6808107190885,574.4976471940943,541.5974466782907
1791245919.509728,577.8582342058867,540.8022879538107,-441.59648466191663,98.42326057458912,4.080178972167394,0.6042010772711471,-0.010642496744791667,1.0101765950520833,-0.010642496744791667,1.0101765950520833,0,idle,582.5252035137944,542.9483034708736,578.7751950336383,542.2389805413274
1791245919.5268009,581.970748254515,541.4108997361332,-441.5968540888242,98.41811349239458,4.112514048628271,0.6086117823224872,-0.010642496744791667,1.0101765950520833,-0.010642496744791667,1.0101765950520833,0,idle,592.427021740599,547.0328587066533,583.3646747151832,543.0568556428
1791245919.543703,586.1156360719838,542.0240143366228,-441.5971230596462,98.41421521430647,4.144887817468751,0.6131146004896122,-0.010642496744791667,1.0101765950520833,-0.010642496744791667,1.0101765950520833,0,idle,609.9932223391334,543.5309040485639,588.633745522976,543.6630169335533
1791245919.561622,590.2928402738356,542.6416893934866,-441.5973188635312,98.41126483629772,4.177204201851879,0.6176750568637469,-0.010642496744791667,1.0101765950520833,-0.010642496744791667,1.0101765950520833,0,idle,577.5132911782815,554.5946575102357,592.0460667975005,544.796390266408
1791245919.57876,594.5022218377655,543.2639549242826,-441.5974613830057,98.40903329012336,4.209381563929946,0.6222655307960734,-0.010642496744791667,1.0101765950520833,-0.010642496744791667,1.0101765950520833,0,idle,581.5689408252242,537.5796847553239,595.5211229846202,545.0267072451101
1791245919.595812,598.7435727936321,543.8908188340976,-441.59756510288463,98.4073464114562,4.241350955866513,0.6268639098149651,-0.010642496744791667,1.0101765950520833,-0.010642496744791667,1.0101765950520833,0,idle,612.3633025557499,547.5810825424876,600.3925153712499,545.7499467243031
1791245919.6127071,603.01662732159,544.5222713482509,-441.5976405744673,98.40607192678262,4.273054527957878,0.6314525141533145,-0.010642496744791667,1.0101765950520833,-0.010642496744791667,1.0101765950520833,0,idle,609.7582892220202,531.337433622569,604.9202058653485,545.6292009576621
1791245919.6305962,607.3210714161632,545.1582885848871,-441.5976954827576,98.40510947637208,4.304444094573174,0.6360172366361909,-0.010642496744791667,1.0101765950520833,-0.010642496744791667,1.0101765950520833,0,idle,606.5278917548314,551.4463744531605,609.0898120496672,546.5242760072414
1791245919.647555,611.6565512692214,545.7988354388596,-441.5977354243328,98.40438298113672,4.3354798530580885,0.6405468539724344,-0.010642496744791667,1.0101765950520833,-0.010642496744791667,1.0101765950520833,0,idle,607.6219404550093,559.6827334472604,613.1351243303395,547.7907183905161
1791245919.6645272,616.0226805164293,546.4438679133765,-441.59776447428493,98.40383481349625,4.366129247207988,0.6450324745169841,-0.010642496744791667,1.0101765950520833,-0.010642496744791667,1.0101765950520833,0,idle,611.4999287626847,547.5226351164102,617.2011873368043,548.3900950776019
1791245919.681831,620.4168389305818,547.0930089390616,-441.59778555782725,98.40342197001266,4.394158414152422,0.64914102568517,-0.010642496744791667,0.7542561848958333,-0.010642496744791667,0.7542561848958333,0,steering,619.9717286197098,559.5883069427678,621.5141648943944,549.5666896452611
1791245919.69804,624.8296274332904,547.7431274388782,-441.6856734876288,98.38086984756985,4.41278850270858,0.6501184998165346,-0.010642496744791667,0.18330281575520832,1.0,0.0,1,steering,631.1645898403376,559.8231015443085,626.1888352192648,550.6971228150393
1791245919.7151859,629.2491342943166,548.3870978208049,-441.9801036117787,98.2902767756722,4.4195068610262,0.6439703819266925,-0.010642496744791667,0.010420735677083333,1.0,0.0,1,steering,615.5434256686154,557.6738981491578,629.8550962597072,551.6577334445756
1791245919.732043,633.6632615093333,549.0140293312929,-442.540870178446,98.08356424429091,4.414127215016665,0.6269315104880684,-0.010642496744791667,0.010420735677083333,1.0,0.0,1,steering,651.176518566298,546.3356979159336,635.1145882293026,551.9872166031071
1791245919.749386,638.0608118343646,549.6102127164033,-443.3885683388194,97.7206151824135,4.397550325031226,0.5961833851103515,-0.010642496744791667,0.010420735677083333,1.0,0.0,1,steering,655.353693406417,552.9842528912308,640.3042162969381,552.6034426333681
1791245919.766378,642.4318335234101,550.1602947397055,-444.5190540600941,97.1728208147403,4.371021689045477,0.5500820233021539,-0.010642496744791667,0.010420735677083333,1.0,0.0,1,steering,667.6270090256428,566.1726440170607,645.8228265379665,553.8044806246897
1791245919.7833128,646.767565335518,550.648404996016,-445.913548436751,96.42322914347598,4.335731812107927,0.48811025631054317,-0.010642496744791667,0.010420735677083333,1.0,0.0,1,steering,618.4760129163097,549.1892689143734,648.5744310783863,554.037424782669
1791245919.7998521,651.0602053933145,551.0591046165042,-447.54544917268436,95.46515576039994,4.292640057796496,0.410699620488285,-0.010642496744791667,0.010420735677083333,1.0,0.0,1,steering,651.7823575378242,548.2940097838699,652.8128354562648,554.1404186721928
1791245919.817526,655.302639045084,551.3781137569397,-449.384784408466,94.30025451261734,4.242433651769528,0.3190091404354207,-0.010642496744791667,0.010420735677083333,1.0,0.0,1,steering,656.3708705606505,563.490923568245,657.021049180665,554.9110026004091
1791245919.8340569,659.4881986543405,551.5928217894048,-451.4010316213002,92.93654655502361,4.185559609256523,0.21470803246507275,-0.010642496744791667,0.010420735677083333,1.0,0.0,1,steering,666.0062185173994,564.7694701517947,661.4465892762954,555.6078986088202
1791245919.850792,663.6104871480966,551.6926061266196,-453.56482600718215,91.38663394099518,4.122288493756036,0.0997843372148706,-0.010642496744791667,0.010420735677083333,1.0,0.0,1,steering,651.326491215759,529.574030452856,664.8567584423369,554.401000321376
1791245919.86829,667.6632720065346,551.6689933757807,-455.8489266875535,89.6661812297522,4.052784858438043,-0.02361275083884845,-0.010642496744791667,0.010420735677083333,1.0,0.0,1,steering,675.9593890368491,544.124953640961,669.2620355875786,553.8647658740583
1791245919.884816,671.640442524194,551.5156968519944,-458.2286950936975,87.79267746868668,3.977170517659386,-0.15329652378630382,-0.010642496744791667,0.010420735677083333,1.0,0.0,1,steering,672.998783918696,565.1424800686183,673.2271849959109,554.2830198861893
1791245919.902318,675.5360168447808,551.2285613487338,-460.68225949811006,85.78445832501991,3.8955743205867717,-0.28713550326067416,-0.010642496744791667,0.010420735677083333,1.0,0.0,1,steering,663.811321700944,532.660944214739,676.45718743572,552.9291373745192
1791245919.918868,679.3441836244446,550.8054416264162,-463.190483854532,83.65995568339629,3.808166779663773,-0.423119722317648,-0.010642496744791667,0.010420735677083333,1.0,0.0,1,steering,670.0311601871825,541.3986478477971,679.7536445139738,551.9506491619813
1791245919.93602,683.059364191213,550.2460364386795,-465.7368205884857,81.43713953355096,3.7151805667684314,-0.5594051877365958,-0.010642496744791667,0.010420735677083333,1.0,0.0,1,steering,650.4110992417641,554.7458982615121,681.8159387887933,551.5589766886081
1791245919.95266,686.6762833823168,549.5516955794201,-468.30710043648156,79.13311895330486,3.616919191103793,-0.6943408592594456,-0.010642496744791667,0.010420735677083333,1.0,0.0,1,steering,684.6681427965508,560.7900361681582,685.3946222207298,551.3609058462891
1791245919.970283,690.190039994998,548.7252136049166,-470.8892941585145,76.76387260997215,3.5137566126811484,-0.8264819745035004,-0.010642496744791667,0.010420735677083333,1.0,0.0,1,steering,702.4679961860547,561.3386158425228,689.5863597010432,551.0746334703225
1791245919.986938,693.5961704736856,547.7706206156463,-473.4732683993439,74.34408311231137,3.406130478687609,-0.9545929892702645,-0.010642496744791667,0.010420735677083333,1.0,0.0,1,steering,698.1869014106062,523.4248345079012,693.2522107412746,548.7852801823947
1791245920.0039191,696.8907018122063,546.692977753179,-476.05054940248647,71.88705320339015,3.2945313385207644,-1.0776428624673526,-0.010642496744791667,0.010420735677083333,1.0,0.0,1,steering,714.3364758737405,539.7765112494394,697.4362287694926,547.3110810164029
1791245920.020909,700.0701915650933,545.4981828312788,-478.6141024809366,69.40468504702834,3.1794897528869996,-1.1947949219002176,-0.010642496744791667,0.010420735677083333,1.0,0.0,1,steering,682.5924278434697,534.8161827311255,699.7145539884341,545.5512809263338
1791245920.038357,703.1317543229194,544.1927897197032,-481.15813128096346,66.90750674683116,3.061562757826099,-1.3053931115755675,-0.010642496744791667,0.010420735677083333,1.0,0.0,1,steering,701.4843139220461,544.2550400779442,702.7115266050495,544.2463454279175
1791245920.055271,706.0730750512505,542.7838436756706,-483.6778983512824,64.40473281102136,2.9413207283311533,-1.4089460440325783,-0.010642496744791667,0.010420735677083333,1.0,0.0,1,steering,695.5865504630542,555.4847785239133,705.1495324898642,543.4697683408863
1791245920.071934,708.8924103842949,541.2787337156967,-486.1695669346126,61.904347592436686,2.819335333044345,-1.5051099599738367,-0.010642496744791667,0.010420735677083333,1.0,0.0,1,steering,714.3436225986319,543.3135373819567,708.2876055616947,542.0321023309646
1791245920.089728,711.5885793729122,539.6850622877972,-488.63006293919847,59.41320282054993,2.696168988617364,-1.5936714278995208,-0.010642496744791667,0.010420735677083333,1.0,0.0,1,steering,710.4278368088451,535.2560264198488,710.9559776632387,540.1793106789042
1791245920.1063528,714.1609453798513,538.0105318941299,-491.05695551773533,56.937122209487924,2.5723660069390952,-1.6745303936673326,-0.010642496744791667,0.010420735677083333,1.0,0.0,1,steering,710.0445039979343,528.5837222098041,713.3541516865656,538.0087273814653
1791245920.123032,716.6093908524166,536.2628478853806,-493.448354435283,54.48100776995526,2.4484454725652425,-1.7476840087493892,-0.010642496744791667,0.010420735677083333,1.0,0.0,1,steering,709.2740037572155,515.9478507731523,715.4761674890351,535.2453837427378
1791245920.1396961,718.9342866336925,534.4496363641452,-495.80282234508223,52.04894386938015,2.324895781275978,-1.8132115212352888,-0.010642496744791667,0.010420735677083333,1.0,0.0,1,steering,724.5309945831339,534.1979504064799,718.1375598359522,533.4704611307513
1791245920.156567,721.1364573371825,532.5783759638871,-498.1193001419474,49.64429627404227,2.202170703489939,-1.8712604002581312,-0.010642496744791667,0.010420735677083333,1.0,0.0,1,steering,731.7246639139952,540.1725527052761,720.9089772081697,532.0278683292323
1791245920.173106,723.2171441360553,530.6563421862173,-500.39704367959956,47.26980437764505,2.08068679887275,-1.9220337776697143,-0.010642496744791667,0.010420735677083333,1.0,0.0,1,steering,733.4625530627939,535.6486272941305,723.5133084598301,530.3829741886909
1791245920.190735,725.177966128876,528.6905629602261,-502.63557028914386,44.9276655886354,1.960821992820848,-1.965779225991227,-0.010642496744791667,0.010420735677083333,1.0,0.0,1,steering,727.0665743188398,526.5228800144521,725.5537526459603,528.3224792152873
1791245920.206356,727.0208812538468,526.6877841153505,-504.8346137001273,42.61961143533259,1.8429151249707392,-2.0027788448756394,-0.010642496744791667,0.010420735677083333,1.0,0.0,1,steering,739.8483447374642,494.4162739783947,728.0192516192578,524.7245290508109
1791245920.223219,728.7481475431329,524.6544435193816,-506.99408613010286,40.346975378858765,1.7272662892860424,-2.033340595968814,-0.010642496744791667,0.010420735677083333,1.0,0.0,1,steering,751.020798297225,523.131518550934,730.810231927978,522.7132049596466
1791245920.239925,730.3622853438025,522.5966527143177,-509.1140464654804,38.11075262529622,1.6141378006695868,-2.0577908050640064,-0.010642496744791667,0.010420735677083333,1.0,0.0,1,steering,723.6176627175239,527.5781680043812,731.9840343780913,521.0015518470726
1791245920.2575512,731.866040985353,520.52018497612,-511.194673601284,35.91165242588312,1.5037556415505395,-2.076467738197587,-0.010642496744791667,0.010420735677083333,1.0,0.0,1,steering,734.2736535660518,519.0645136720362,733.5270831969624,518.9320555870331
1791245920.273788,733.2623522468272,518.430468823456,-513.2362441382099,33.75014347061291,1.3963112614741793,-2.08971615266415,-0.010642496744791667,0.010420735677083333,1.0,0.0,1,steering,705.8548148733039,531.813274639714,733.4699654791799,517.5908861946363
1791245920.291445,734.5543158688341,516.332586100386,-515.2391137515322,31.626493036520305,1.291963622006971,-2.0978827230698607,-0.010642496744791667,0.010420735677083333,1.0,0.0,1,steering,747.8868965986487,496.5812398700202,735.41817747606,514.5474152914891
1791245920.308544,735.7451572662319,514.2312738553054,-517.2037016482991,29.54080056410226,1.1908413973977838,-2.101312245080579,-0.010642496744791667,0.010420735677083333,1.0,0.0,1,steering,723.4810704255067,525.5239323152064,735.9526214510603,513.0999945098483
1791245920.325512,736.8382025241444,512.1309293309588,-519.1304776177979,27.49302631735866,1.0930452579125214,-2.1003445243466126,-0.010642496744791667,0.010420735677083333,1.0,0.0,1,idle,746.257135536621,517.016596879839,737.5062401503552,511.3004973302186
1791245920.34218,737.84180251287,510.0371628454924,-520.480099675775,25.60968441680279,1.003599988725579,-2.0937664854663893,-0.010642496744791667,0.010420735677083333,0.0,0.5,1,braking,720.9416911567313,487.56744121013065,737.6314326899633,508.12476636302114
1791245920.3591528,738.7663662759375,507.9552318663248,-521.4312625267157,23.945506181224026,0.924563763067489,-2.0819309791675504,-0.010642496744791667,0.010420735677083333,0.0,0.5,1,braking,727.3831909983556,514.755988723409,737.997356180297,506.47849305083133
1791245920.375242,739.6226566174239,505.88941139472917,-522.1041430190069,22.514190389086075,0.856290341486477,-2.065820471595683,-0.010642496744791667,0.010420735677083333,0.0,0.5,1,braking,748.4894023615777,514.9724712303505,739.3354343137731,504.9406625117914
1791245920.392223,740.4208690176188,503.8428324831478,-522.5813916928245,21.306916582735617,0.7982124001948143,-2.046578911581379,-0.010642496744791667,0.010420735677083333,0.0,0.5,1,braking,727.0881379972038,488.38941591792104,739.4813712781298,502.16885021609556
1791245920.409313,741.1701883950146,501.8175443739912,-522.9205490277759,20.303547461645778,0.7493193773958395,-2.0252881091565786,-0.010642496744791667,0.010420735677083333,0.0,0.5,1,braking,739.2844369374011,498.53298470449147,740.1833779696194,500.06303323681664
1791245920.426414,741.8786287723167,499.81467114987805,-523.1619566449484,19.479300264448753,0.7084403773020362,-2.0028732241131673,-0.010642496744791667,0.010420735677083333,0.0,0.5,1,braking,743.3523745150297,498.45778600362684,741.0148461553268,498.08004131224965
1791245920.443407,742.5530328263263,497.83459563228445,-523.3340225202024,18.80859215678548,0.6744040540095902,-1.9800755175935973,-0.010642496744791667,0.010420735677083333,0.0,0.5,1,braking,715.2634060402568,503.69373186841506,740.3679580008825,496.479654098344
1791245920.460501,743.199155119706,495.8771370216172,-523.4568120453267,18.267138319026163,0.6461222933796424,-1.9574586106672038,-0.010642496744791667,0.010420735677083333,0.0,0.5,1,braking,731.9591276397762,476.39778496967057,740.5613326615379,493.61597496177643
1791245920.477063,743.8217830198652,493.94170723645925,-523.5445310443689,17.8329869333772,0.6226279001591467,-1.9354297851579645,-0.010642496744791667,0.010420735677083333,0.0,0.5,1,braking,750.9768770787273,518.6679027039918,741.6736063875486,493.0299130529871
1791245920.494505,744.4248685333872,492.0274408603833,-523.6072563315172,17.48692161446963,0.6030855135220516,-1.9142663760759542,-0.010642496744791667,0.010420735677083333,0.0,0.5,1,steering,772.4963853916,474.0243355492809,743.7876765755971,490.2610811205297
1791245920.511182,745.0102578259969,490.13463214475354,-523.7684801764187,17.185278888206373,0.5853892926096516,-1.8928087156297528,-0.010642496744791667,0.010420735677083333,1.0,0.0,1,idle,727.5255029875111,509.69301949696313,743.5306877241719,489.4345097595031
1791245920.5278878,745.5795043643654,488.26441638580485,-523.8832287570979,16.928927267263354,0.5692465383685789,-1.8702157589487018,-0.010642496744791667,0.010420735677083333,-0.010642496744791667,0.010420735677083333,0,idle,735.1987896814995,499.2216481099708,743.6548770334884,488.14716170602526
1791245920.5454888,746.1339058824905,486.41825450678516,-523.9647884575419,16.71498695786361,0.5544015181250735,-1.846161879019661,-0.010642496744791667,0.010420735677083333,-0.010642496744791667,0.010420735677083333,0,idle,737.7737114298053,490.9426682332439,743.8875001955231,486.53308324731756
1791245920.562079,746.6745412236586,484.5976326159539,-524.0227003539109,16.538835221204845,0.5406353411681122,-1.820621890831285,-0.010642496744791667,0.010420735677083333,-0.010642496744791667,0.010420735677083333,0,idle,728.9942117474319,477.9230628381374,743.6564393472282,484.37299143056885
1791245920.578719,747.2023055620508,482.8038988482577,-524.0637905078032,16.3952901182028,0.5277643383922312,-1.79373376769621,-0.010642496744791667,0.010420735677083333,-0.010642496744791667,0.010420735677083333,0,idle,754.6413067729686,485.4897427984021,744.7070588399879,482.7247819196491
1791245920.596311,747.7179426182922,481.03818582265023,-524.0929291907773,16.27926506736275,0.5156370562414259,-1.7657130256074633,-0.010642496744791667,0.010420735677083333,-0.010642496744791667,0.010420735677083333,0,idle,726.1298691901688,476.36942764568454,744.2680545609263,480.7295868316238
1791245920.6132,748.2220730313234,479.3013847739436,-524.1135842569498,16.186098326530935,0.5041304130311568,-1.736801048706632,-0.010642496744791667,0.010420735677083333,-0.010642496744791667,0.010420735677083333,0,idle,749.3882170978445,492.28781271943586,745.0029865801519,479.6575371297431
1791245920.630104,748.715218590479,477.59414939309903,-524.1282213161975,16.111690621492816,0.4931455591556474,-1.7072353808445746,-0.010642496744791667,0.010420735677083333,-0.010642496744791667,0.010420735677083333,0,idle,733.169948289127,481.0513068891312,744.8798229467985,478.10535200591016
1791245920.647108,749.1978224291983,475.91691542627217,-524.1385914801236,16.052534403188414,0.4826038387192402,-1.6772339668268617,-0.010642496744791667,0.010420735677083333,-0.010642496744791667,0.010420735677083333,0,idle,747.2985503636953,481.2830103330757,745.4592329644266,476.67086265378293
1791245920.6639879,749.6702655240198,474.2699273937782,-524.1459374142999,16.005685547172586,0.4724430948215175,-1.6469880324940165,-0.010642496744791667,0.010420735677083333,-0.010642496744791667,0.010420735677083333,0,idle,766.1273339511895,466.58024763345566,746.9414589538452,474.60169327189726
1791245920.6810439,750.1328799608091,472.65326726506623,-524.1511404469687,15.968707640072912,0.46261443678931485,-1.6166601287119242,-0.010642496744791667,0.010420735677083333,-0.010642496744791667,0.010420735677083333,0,idle,762.1233462628002,468.666541998131,748.1400370342428,472.7691085859326
1791245920.698026,750.5859594632155,471.0668821646255,-524.1548253648672,15.939606223635481,0.45307950240645356,-1.5863851004407248,-0.010642496744791667,0.010420735677083333,-0.010642496744791667,0.010420735677083333,0,idle,754.1066017633492,461.0599195258782,748.8687907979843,470.67658328751116
1791245920.7149282,751.0297676592339,469.5106095977329,-524.1574349464261,15.916762605663763,0.44380819601838495,-1.5562725668925725,-0.010642496744791667,0.010420735677083333,-0.010642496744791667,0.010420735677083333,0,idle,734.2659574716427,474.64872100412595,748.5602669178846,469.39673123479395
1791245920.731891,751.4645445147585,467.9841995542963,-524.1592829088662,15.898872204798453,0.4347768555245543,-1.5264100434366035,-0.010642496744791667,0.010420735677083333,-0.010642496744791667,0.010420735677083333,0,idle,751.2537198678882,466.21773974046863,749.1079775781332,467.7876921188129
1791245920.748773,751.8905113044001,466.48733336333936,-524.1605914882557,15.88488967032395,0.42596678964157786,-1.4968661909569763,-0.010642496744791667,0.010420735677083333,-0.010642496744791667,0.010420735677083333,0,idle,757.6568391912054,470.59394204400934,749.9400891089463,466.50598173366365
1791245920.765743,752.3078744295669,465.0196394572306,-524.1615180955407,15.873981459867835,0.417363125166888,-1.4676939061087577,-0.010642496744791667,0.010420735677083333,-0.010642496744791667,0.010420735677083333,0,idle,771.9768467939386,471.4163349543489,751.4384219621044,465.3571901838946
1791245920.78292,752.7168283374526,463.58070634828914,-524.1621742151434,15.865485704754917,0.40895390788572156,-1.4389331089414452,-0.010642496744791667,0.010420735677083333,-0.010642496744791667,0.010420735677083333,0,idle,763.7053262058513,459.5603270455147,752.4402733867831,463.70036057348125
1791245920.80015,753.117557744798,462.1700931766673,-524.1626387990631,15.85887876110519,0.4007294073453522,-1.410613171621832,-0.010642496744791667,0.010420735677083333,-0.010642496744791667,0.010420735677083333,0,idle,755.0913569525643,475.55162013291863,752.9535205020503,462.9528410384124
1791245920.817127,753.5102393279789,460.7873381936361,-524.1629677573309,15.853747660773479,0.39268158318083507,-1.3827549830311887,-0.010642496744791667,0.010420735677083333,-0.010642496744791667,0.010420735677083333,0,idle,756.8877767110921,465.5291881772992,753.5232808165242,461.7680411614771
1791245920.8330991,753.8950430059699,459.43196552170826,-524.163200681256,15.849767633837489,0.38480367799103743,-1.3553726719278418,-0.010642496744791667,0.010420735677083333,-0.010642496744791667,0.010420735677083333,0,idle,748.684313390589,484.7467960649011,753.6468959393189,461.6293748683168
1791245920.850086,754.2721329143741,458.10349049686477,-524.1633656056634,15.84668390909247,0.3770899084041891,-1.3284750248435062,-0.010642496744791667,0.010420735677083333,-0.010642496744791667,0.010420735677083333,0,idle,758.8344273928695,483.2909305519319,754.2645079249804,461.45040137889623
1791245920.867233,754.6416681460926,456.801423857243,-524.1634823817591,15.844297072114752,0.369535231718528,-1.3020666396218046,-0.010642496744791667,0.010420735677083333,-0.010642496744791667,0.010420735677083333,0,idle,742.3018028342137,448.03514568619005,754.0174311405747,459.54267528662024
1791245920.884295,755.0038033164082,455.52527500204303,-524.1635650657882,15.84245134895737,0.3621351703155482,-1.2761488551999434,-0.010642496744791667,0.010420735677083333,-0.010642496744791667,0.010420735677083333,0,idle,733.0103032533007,450.2241258193696,753.3111031580107,457.86440640081776
1791245920.9003441,755.3586889963858,454.27455450681856,-524.163623610588,15.84102527426274,0.3548856799776135,-1.2507204952244806,-0.010642496744791667,0.010420735677083333,-0.010642496744791667,0.010420735677083333,0,idle,752.5161874042595,461.2737649613205,753.608498766302,456.84668985837965
1791245920.918228,755.7064720477862,453.0487760479841,-524.1636650634283,15.839924288354055,0.3477830514004148,-1.2257784588344234,-0.010642496744791667,0.010420735677083333,-0.010642496744791667,0.010420735677083333,0,idle,735.6361592331548,434.39658773013764,753.0402756884749,454.55969521607483
1791245920.935252,756.047295884477,451.847457860672,-524.1636944142135,15.839074885185383,0.3408238366907632,-1.201318187312117,-0.010642496744791667,0.010420735677083333,-0.010642496744791667,0.010420735677083333,0,idle,740.1944645199412,446.77442963979405,752.7217677749045,453.0291796593143
1791245920.951395,756.3813006790732,450.6701238298803,-524.16371519609,15.838420000566654,0.3340047945962568,-1.1773340307916995,-0.010642496744791667,0.010420735677083333,-0.010642496744791667,0.010420735677083333,0,idle,750.3098129583232,467.51528031859726,752.9184745889419,452.63501736302635
1791245920.969234,756.7086235288025,449.5163042947942,-524.1637299107254,15.837915387764276,0.3273228497292919,-1.1538195350860643,-0.010642496744791667,0.010420735677083333,-0.010642496744791667,0.010420735677083333,0,idle,757.511729694479,467.41539455314893,753.4590940514615,452.2779076642007
1791245920.9857228,757.0293985910159,448.38553662973453,-524.1637403294374,15.83752677603435,0.32077506221348845,-1.130767665059715,-0.010642496744791667,0.010420735677083333,-0.010642496744791667,0.010420735677083333,0,idle,757.8964722189816,423.21061864621277,753.9856992689403,449.7503139314946
1791245921.002283,757.3437571960867,447.2773656518714,-524.1637477064139,15.83722764782198,0.3143586050707555,-1.108170977863149,-0.010642496744791667,0.010420735677083333,-0.010642496744791667,0.010420735677083333,0,idle,739.4382261433337,453.76052051869686,753.5569662874772,448.8980618318847
1791245921.020101,757.6518279434298,446.19134389513914,-524.1637529296861,15.8369975033283,0.30807074734310064,-1.0860217567322223,-0.010642496744791667,0.010420735677083333,-0.010642496744791667,0.010420735677083333,0,idle,732.4241187007668,457.3581233516772,752.7929911181176,448.28934423897874
1791245921.0371132,757.9537367848836,445.1270317812428,-524.163756628026,15.836820507969989,0.30190884145388125,-1.064312113896337,-0.010642496744791667,0.010420735677083333,-0.010642496744791667,0.010420735677083333,0,idle,761.227328579993,428.49260668453553,753.5015213905925,446.28841085305504
1791245921.0541089,758.2496070985808,444.0839977118676,-524.1637592466367,15.836684439925019,0.2958703136972055,-1.0430340693752103,-0.010642496744791667,0.010420735677083333,-0.010642496744791667,0.010420735677083333,0,idle,764.3495785072357,452.58438812436856,754.3250010444369,445.6123273507143
1791245921.0712142,758.5395597556127,443.0618181008507,-524.1637611007445,15.83657987235834,0.2899526570318599,-1.0221796110169066,-0.010642496744791667,0.010420735677083333,-0.010642496744791667,0.010420735677083333,0,idle,751.1293299913597,438.7522975693554,754.4406725159633,444.2982552311803
1791245921.0883331,758.8237131811836,442.0600773608661,-524.1637624135459,15.836499538821839,0.2841534255708897,-1.0017407399845966,-0.010642496744791667,0.010420735677083333,-0.010642496744791667,0.010420735677083333,0,idle,778.9723478772632,436.2371684593283,755.9372020383207,442.9435471896023
1791245921.105333,759.1021834115014,441.0783678558795,-524.1637633430751,15.836437841377943,0.2784702303177451,-0.9817095049866102,-0.010642496744791667,0.010420735677083333,-0.010642496744791667,0.010420735677083333,0,idle,783.223942451461,432.577004292393,757.5660857777797,441.49259601500455
1791245921.1223779,759.3750841473199,440.1162898280587,-524.1637640012283,15.836390469754658,0.2729007358184724,-0.9620780278207914,-0.010642496744791667,0.010420735677083333,-0.010642496744791667,0.010420735677083333,0,idle,748.0977041098647,430.1886223603215,757.3519223934114,440.01342320584064
1791245921.1396291,759.6425268048071,439.17345130582527,-524.1637644672337,15.836354106754985,0.26744265748716284,-0.9428385222334643,-0.010642496744791667,0.010420735677083333,-0.010642496744791667,0.010420735677083333,0,idle,751.7017205036607,437.93378216084113,757.3234828235368,439.0137445574689
1791245921.156766,759.9046205642337,438.24946799818014,-524.1637647971888,15.836326200586695,0.2620937594266373,-0.9239833076451078,-0.010642496744791667,0.010420735677083333,-0.010642496744791667,0.010420735677083333,0,idle,775.7343755192508,436.6177167431527,758.4930165297778,438.0161590244902
1791245921.1728508,760,437.343963179236,-524.1637650308136,15.836304789052226,0.0,0.0,-0.010642496744791667,0.010420735677083333,-0.010642496744791667,0.010420735677083333,0,idle,762.7809316208536,464.53158298174276,758.7074122843317,439.34193022235286
1791245921.189031,760,437.34396317178425,-524.1637650308136,15.836234969186432,0.0,0.0,-0.010642496744791667,0.010420735677083333,-0.010642496744791667,0.010420735677083333,0,idle,782.1166968495845,449.5785672943869,759.8778765125943,439.85376207595453
1791245921.205986,760,437.34396316640033,-524.1637650308136,15.836234969186428,0.0,0.0,-0.010642496744791667,0.010420735677083333,-0.010642496744791667,0.010420735677083333,0,idle,768.2241143808624,462.1994093578221,760.2951884060077,440.97104444004793
1791245921.222473,760,437.3439631625105,-524.1637650308136,15.836234969186432,0.0,0.0,-0.010642496744791667,0.010420735677083333,-0.010642496744791667,0.010420735677083333,0,idle,766.9654433886634,446.50453480567325,760.6287011551404,441.2477189583292
1791245921.23924,760,437.3439631597,-524.1637650308136,15.836234969186428,0.0,0.0,-0.010642496744791667,0.010420735677083333,-0.010642496744791667,0.010420735677083333,0,idle,747.896121727063,427.1865604203986,759.9920721837366,440.54466103143267
1791245921.256175,760,437.34396315766946,-524.1637650308136,15.836234969186432,0.0,0.0,-0.010642496744791667,0.010420735677083333,-0.010642496744791667,0.010420735677083333,0,idle,764.1742077172968,445.9131852186229,760.2011789604146,440.8130872407922
1791245921.273192,760,437.3439631562024,-524.1637650308136,15.836234969186432,0.0,0.0,-0.010642496744791667,0.010420735677083333,-0.010642496744791667,0.010420735677083333,0,idle,757.782137495862,435.14727036241555,760.080226887187,440.52979639687334
1791245921.290165,760,437.34396315514243,-524.1637650308136,15.836234969186428,0.0,0.0,-0.010642496744791667,0.010420735677083333,-0.010642496744791667,0.010420735677083333,0,idle,759.8579578283319,449.3740145940679,760.0691134342443,440.9720073067331
1791245921.307122,760,437.34396315437664,-524.1637650308136,15.836234969186428,0.0,0.0,-0.010642496744791667,0.010420735677083333,-0.010642496744791667,0.010420735677083333,0,idle,752.8651295252121,423.65387618643655,759.7089142387927,440.10610075071827
1791245921.323976,760,437.3439631538233,-524.1637650308136,15.836234969186428,0.0,0.0,-0.010642496744791667,0.010420735677083333,-0.010642496744791667,0.010420735677083333,0,idle,755.7720667005132,456.6764194329372,759.5120718618787,440.9346166848292
1791245921.3419409,760,437.34396315342354,-524.1637650308136,15.836234969186428,0.0,0.0,-0.010642496744791667,0.010420735677083333,-0.010642496744791667,0.010420735677083333,0,idle,781.6604319799284,438.05365393515984,760.6194898677811,440.79056854734574
1791245921.3581061,760,437.3439631531347,-524.1637650308136,15.836234969186432,0.0,0.0,-0.010642496744791667,0.010420735677083333,-0.010642496744791667,0.010420735677083333,0,idle,739.8411637939819,431.99334565378183,759.5805735640912,440.3507074026675
1791245921.3742552,760,437.34396315292605,-524.1637650308136,15.836234969186428,0.0,0.0,-0.010642496744791667,0.010420735677083333,-0.010642496744791667,0.010420735677083333,0,idle,748.829626339251,431.0290336002441,759.0430262028492,439.88462371254633
1791245921.3912451,760,437.3439631527753,-524.1637650308136,15.836234969186428,0.0,0.0,-0.010642496744791667,0.010420735677083333,-0.010642496744791667,0.010420735677083333,0,idle,766.2848451019428,437.7675125494203,759.4051171478039,439.77876815439004
1791245921.4081678,760,437.3439631526664,-524.1637650308136,15.836234969186428,0.0,0.0,-0.010642496744791667,0.010420735677083333,-0.010642496744791667,0.010420735677083333,0,idle,747.8908651157095,430.87920751485126,758.8294045461992,439.3337901224131
1791245921.424308,760,437.34396315258766,-524.1637650308136,15.836234969186428,0.0,0.0,-0.010642496744791667,0.010420735677083333,-0.010642496744791667,0.010420735677083333,0,idle,764.3385697857914,427.30967839575845,759.1048628081787,438.73258453608037
1791245921.441311,760,437.3439631525308,-524.1637650308136,15.836234969186428,0.0,0.0,-0.010642496744791667,0.010420735677083333,-0.010642496744791667,0.010420735677083333,0,idle,777.3563956912305,460.6870204013967,760.0174394523314,439.8303063293462
1791245921.4581969,760,437.3439631524897,-524.1637650308136,15.836234969186428,0.0,0.0,-0.010642496744791667,0.010420735677083333,-0.010642496744791667,0.010420735677083333,0,idle,747.6155444805246,453.4446038123614,759.397344703741,440.5110212034969
1791245921.475091,760,437.34396315246005,-524.1637650308136,15.836234969186428,0.0,0.0,-0.010642496744791667,0.010420735677083333,-0.010642496744791667,0.010420735677083333,0,idle,771.3572879000342,451.72618011022433,759.9953418635557,441.0717791488333
1791245921.491929,760,437.3439631524386,-524.1637650308136,15.836234969186432,0.0,0.0,-0.010642496744791667,0.010420735677083333,-0.010642496744791667,0.010420735677083333,0,idle,766.6938895535588,441.1161899978998,760.3302692480559,441.0739996912866
1791245921.508826,760,437.3439631524231,-524.1637650308136,15.836234969186428,0.0,0.0,-0.010642496744791667,0.010420735677083333,-0.010642496744791667,0.010420735677083333,0,idle,744.9706089100946,453.5707447617088,759.5622862311578,441.6988369448077
1791245921.5267808,760,437.3439631524119,-524.1637650308136,15.836234969186428,0.0,0.0,-0.010642496744791667,0.010420735677083333,-0.010642496744791667,0.010420735677083333,0,idle,757.3635824111591,420.7504933482865,759.4523510401579,440.6514197649816
1791245921.544665,760,437.34396315240383,-524.1637650308136,15.836234969186428,0.0,0.0,-0.010642496744791667,0.010420735677083333,-0.010642496744791667,0.010420735677083333,0,idle,751.8724837890132,436.9690814682314,759.0733576776006,440.4673028501441
1791245921.5616589,760,437.343963152398,-524.1637650308136,15.836234969186428,0.0,0.0,-0.010642496744791667,0.010420735677083333,-0.010642496744791667,0.010420735677083333,0,idle,747.5814728637414,421.2503218631858,758.4987634369077,439.5064538007962
1791245921.578578,760,437.34396315239377,-524.1637650308136,15.836234969186428,0.0,0.0,-0.010642496744791667,0.010420735677083333,-0.010642496744791667,0.010420735677083333,0,idle,736.1666979058123,432.6949991478446,757.3821601603529,439.1658810681486
1791245921.5954869,760,437.3439631523907,-524.1637650308136,15.836234969186428,0.0,0.0,-0.010642496744791667,0.010420735677083333,-0.010642496744791667,0.010420735677083333,0,idle,756.1160344856548,433.85731520361225,757.318853876618,438.9004527749218
1791245921.6123352,760,437.3439631523885,-524.1637650308136,15.836234969186428,0.0,0.0,-0.010642496744791667,0.010420735677083333,-0.010642496744791667,0.010420735677083333,0,idle,751.213413975673,440.6660795813993,757.0135818815708,438.9887341152457
1791245921.62922,760,437.3439631523869,-524.1637650308136,15.836234969186428,0.0,0.0,-0.010642496744791667,0.010420735677083333,-0.010642496744791667,0.010420735677083333,0,idle,744.5591129646623,452.5998179535805,756.3908584357254,439.66928830716245
1791245921.646091,760,437.34396315238575,-524.1637650308136,15.836234969186428,0.0,0.0,-0.010642496744791667,0.010420735677083333,-0.010642496744791667,0.010420735677083333,0,idle,793.5017218267373,443.0885896799477,758.246401605276,439.8402533758017
1791245921.662949,760,437.3439631523849,-524.1637650308136,15.836234969186428,0.0,0.0,-0.010642496744791667,0.010420735677083333,-0.010642496744791667,0.010420735677083333,0,idle,773.6209316594313,448.8769817750433,759.0151281079837,440.2920897957638
1791245921.680573,760,437.3439631523843,-524.1637650308136,15.836234969186432,0.0,0.0,-0.010642496744791667,0.010420735677083333,-0.010642496744791667,0.010420735677083333,0,idle,757.2614734510057,443.57892832215373,758.9274453751349,440.45643172208327
1791245921.6974669,760,437.3439631523838,-524.1637650308136,15.836234969186428,0.0,0.0,-0.010642496744791667,0.010420735677083333,-0.010642496744791667,0.010420735677083333,0,idle,772.8952142931093,431.05698902797667,759.6258338210336,439.9864595873779
1791245921.714425,760,437.3439631523835,-524.1637650308136,15.836234969186428,0.0,0.0,-0.010642496744791667,0.010420735677083333,-0.010642496744791667,0.010420735677083333,0,idle,750.4877474378646,429.70833112545216,759.1689295018751,439.47255316428163
1791245921.731315,760,437.34396315238325,-524.1637650308136,15.836234969186428,0.0,0.0,-0.010642496744791667,0.010420735677083333,-0.010642496744791667,0.010420735677083333,0,idle,784.9934917809671,442.1088862618043,760.4601576158298,439.6043698191578
1791245921.748255,760.0,437.3439631523831,-524.1637650308136,15.836234969186428,4.641932419934591e-14,-1.636473182119053e-13,-0.010642496744791667,0.010420735677083333,-0.010642496744791667,0.010420735677083333,0,idle,754.9500635516063,421.8117052908856,760.1846529126186,438.71473659274403
1791245921.765322,760,437.3439631523827,-524.1637650308136,15.836234969186428,0.0,0.0,-0.010642496744791667,0.010420735677083333,-0.010642496744791667,0.010420735677083333,0,idle,754.5596064401564,442.73095788736833,759.9034005889955,438.91554765747526
1791245921.7828832,760.0,437.34396315238257,-524.1637650308136,15.836234969186428,2.4231177352834815e-14,-8.542492290235342e-14,-0.010642496744791667,0.010420735677083333,-0.010642496744791667,0.010420735677083333,0,idle,782.0651328812921,413.78529058309573,761.0114872036104,437.6590348037562
1791245921.7991009,760,437.34396315238234,-524.1637650308136,15.836234969186428,0.0,0.0,-0.010642496744791667,0.010420735677083333,-0.010642496744791667,0.010420735677083333,0,idle,761.8211346400673,458.8359524203142,761.0519695754332,438.7178806845841
1791245921.815743,760.0,437.3439631523823,-524.1637650308136,15.836234969186428,1.2648826023038228e-14,-4.4592343660796623e-14,-0.010642496744791667,0.010420735677083333,-0.010642496744791667,0.010420735677083333,0,idle,755.8087500122732,426.42955359543095,760.7898085972752,438.10346433012637
1791245921.83183,760.0,437.3439631523822,-524.1637650308136,15.836234969186428,3.1021245821501256e-14,-1.0936272282810372e-13,-0.010642496744791667,0.010420735677083333,-0.010642496744791667,0.010420735677083333,0,idle,765.0887351760329,461.8464808039291,761.0047549262131,439.2906151538164
1791245921.848597,760.0,437.343963152382,-524.1637650308136,15.836234969186428,5.097263438345268e-14,-1.7969961999501765e-13,-0.010642496744791667,0.010420735677083333,-0.010642496744791667,0.010420735677083333,0,idle,745.2992773070085,440.46379302829206,760.2194810452529,439.34927404754006
1791245921.8659682,760,437.3439631523818,-524.1637650308136,15.836234969186426,0.0,0.0,-0.010642496744791667,0.010420735677083333,-0.010642496744791667,0.010420735677083333,0,idle,754.5307472825618,438.27661148508366,759.9350443571184,439.2956409194172
1791245921.882507,760.0,437.3439631523818,-524.1637650308136,15.836234969186428,3.446685244145445e-15,-1.2150991136852786e-14,-0.010642496744791667,0.010420735677083333,-0.010642496744791667,0.010420735677083333,0,idle,749.2313181178051,421.73093891293263,759.3998580451528,438.417405819093
1791245921.900064,760.0,437.3439631523817,-524.1637650308136,15.836234969186428,8.452995561266704e-15,-2.980030576313146e-14,-0.010642496744791667,0.010420735677083333,-0.010642496744791667,0.010420735677083333,0,idle,767.17171393077,440.2061809157873,759.7884508394336,438.50684457392765
1791245921.916693,760.0,437.34396315238166,-524.1637650308136,15.836234969186428,1.3889559905771194e-14,-4.8966443801762386e-14,-0.010642496744791667,0.010420735677083333,-0.010642496744791667,0.010420735677083333,0,idle,745.4367336324364,433.6571055706678,759.0708649790837,438.2643576237646
1791245921.934336,760.0,437.3439631523816,-524.1637650308136,15.836234969186428,1.9115902569794428e-14,-6.739146346277501e-14,-0.010642496744791667,0.010420735677083333,-0.010642496744791667,0.010420735677083333,0,idle,770.562102627148,444.1117597120898,759.645426861487,438.5567277281808
1791245921.9510999,760.0,437.34396315238155,-524.1637650308136,15.836234969186428,2.3800873986824118e-14,-8.390792555093143e-14,-0.010642496744791667,0.010420735677083333,-0.010642496744791667,0.010420735677083333,0,idle,753.0408968811123,446.5680610241938,759.3152003624682,438.9572943929814
1791245921.9678059,760.0,437.34396315238143,-524.1637650308136,15.836234969186428,2.780388771279791e-14,-9.802020470018902e-14,-0.010642496744791667,0.010420735677083333,-0.010642496744791667,0.010420735677083333,0,idle,751.1837489165325,441.11726939321017,758.9086277901714,439.06529314299274
1791245921.984622,760.0,437.3439631523813,-524.1637650308136,15.836234969186428,3.1097345928247225e-14,-1.0963100718164441e-13,-0.010642496744791667,0.010420735677083333,-0.010642496744791667,0.010420735677083333,0,idle,767.4745297319287,424.00641942193545,759.3369228872592,438.3123494569398
1791245922.001471,760.0,437.3439631523812,-524.1637650308136,15.836234969186428,3.3716765690479035e-14,-1.1886554531321296e-13,-0.010642496744791667,0.010420735677083333,-0.010642496744791667,0.010420735677083333,0,idle,730.6309221083867,432.5243285773218,757.9016228483156,438.0229484129588
1791245922.018502,760.0,437.3439631523811,-524.1637650308136,15.836234969186432,3.5729375510558637e-14,-1.2596082740410589e-13,-0.010642496744791667,0.010420735677083333,-0.010642496744791667,0.010420735677083333,0,idle,755.3097351330566,463.7201228742355,757.7720284625526,439.3078071360225
1791245922.035418,760.0,437.343963152381,-524.1637650308136,15.836234969186432,3.721489913984254e-14,-1.3119791265396295e-13,-0.010642496744791667,0.010420735677083333,-0.010642496744791667,0.010420735677083333,0,idle,745.8377694510687,448.0112720913165,757.1753155119784,439.7429803837871
1791245922.052455,760.0,437.34396315238087,-524.1637650308136,15.836234969186428,3.825427641552599e-14,-1.3486214746801458e-13,-0.010642496744791667,0.010420735677083333,-0.010642496744791667,0.010420735677083333,0,idle,751.1994043965562,456.4379092827414,756.8765199562073,440.5777268287347
1791245922.0693629,760.0,437.34396315238075,-524.1637650308136,15.836234969186428,3.8923467481613814e-14,-1.3722132277324623e-13,-0.010642496744791667,0.010420735677083333,-0.010642496744791667,0.010420735677083333,0,idle,777.3443619573304,438.1018887199337,757.8999120562635,440.4539349232945
1791245922.086398,760.0,437.34396315238064,-524.1637650308136,15.836234969186428,3.929044138654409e-14,-1.385150575794164e-13,-0.010642496744791667,0.010420735677083333,-0.010642496744791667,0.010420735677083333,0,idle,740.3486221246939,437.9417828920554,757.022347559685,440.32832732173244
1791245922.104238,760.0,437.3439631523805,-524.1637650308136,15.836234969186428,3.941409912156696e-14,-1.3895100224387872e-13,-0.010642496744791667,0.010420735677083333,-0.010642496744791667,0.010420735677083333,0,idle,747.4755039473318,405.3182357809916,756.5450053790673,438.5778227446953
1791245922.120339,760.0,437.3439631523804,-524.1637650308136,15.836234969186428,3.934431958922444e-14,-1.3870500052948721e-13,-0.010642496744791667,0.010420735677083333,-0.010642496744791667,0.010420735677083333,0,idle,759.2914926054408,451.88135367107094,756.682329740386,439.242999291014
1791245922.1375868,760.0,437.3439631523803,-524.1637650308136,15.836234969186426,3.912261086150355e-14,-1.3792338555896578e-13,-0.010642496744791667,0.010420735677083333,-0.010642496744791667,0.010420735677083333,0,idle,774.2977416489858,429.5012086739163,757.563100335816,438.755909760159
1791245922.1604512,760.0,437.3439631523802,-524.1637650308136,15.836234969186428,3.8783044239465254e-14,-1.367262727614549e-13,-0.010642496744791667,0.010420735677083333,-0.010642496744791667,0.010420735677083333,0,idle,760.4854518310943,427.3545142852121,757.7092179105799,438.18583998641157
1791245922.171224,760.0,437.34396315238007,-524.1637650308136,15.836234969186428,3.835327674688137e-14,-1.3521116458551554e-13,-0.010642496744791667,0.010420735677083333,-0.010642496744791667,0.010420735677083333,0,idle,757.8968769110746,434.0503815554539,757.7186008606046,437.97906706486356
1791245922.188746,760.0,437.34396315237996,-524.1637650308136,15.836234969186432,3.785555060007168e-14,-1.334564740437153e-13,-0.010642496744791667,0.010420735677083333,-0.010642496744791667,0.010420735677083333,0,idle,765.3131492050604,454.6448981070554,758.0983282778274,438.81235861697303
1791245922.20625,760.0,437.34396315237984,-524.1637650308136,15.836234969186432,3.730761085518732e-14,-1.3152475979886844e-13,-0.010642496744791667,0.010420735677083333,-0.010642496744791667,0.010420735677083333,0,idle,767.4595591423655,428.7308170743808,758.5663898210543,438.30828153984334
1791245922.2236931,760.0,437.34396315237973,-524.1637650308136,15.836234969186432,3.6723515047971646e-14,-1.2946558047908398e-13,-0.010642496744791667,0.010420735677083333,-0.010642496744791667,0.010420735677083333,0,idle,763.0389853153833,450.2430324584418,758.7900195957707,438.9050190857732
1791245922.240321,760.0,437.3439631523796,-524.1637650308136,15.836234969186432,3.611432813020333e-14,-1.2731794461617398e-13,-0.010642496744791667,0.010420735677083333,-0.010642496744791667,0.010420735677083333,0,idle,764.7208494488858,425.3669689197083,759.0865610884264,438.22811657746985
1791245922.256937,760.0,437.3439631523795,-524.1637650308136,15.836234969186432,3.5488707032240084e-14,-1.2511237147041252e-13,-0.010642496744791667,0.010420735677083333,-0.010642496744791667,0.010420735677083333,0,idle,769.2043606321399,432.1444822848374,759.5924510656121,437.9239348628381
1791245922.278124,760.0,437.3439631523794,-524.1637650308136,15.836234969186428,3.4853384855012207e-14,-1.2287259800758913e-13,-0.010642496744791667,0.010420735677083333,-0.010642496744791667,0.010420735677083333,0,idle,766.4865595929532,436.46537090388705,759.9371564919791,437.85100666489046
1791245922.291679,760.0,437.3439631523793,-524.1637650308136,15.836234969186428,3.4213567075391135e-14,-1.2061697568681524e-13,-0.010642496744791667,0.010420735677083333,-0.010642496744791667,0.010420735677083333,0,idle,764.0707997862864,447.17139860552334,760.1438386566945,438.317026261922
1791245922.308117,760.0,437.34396315237916,-524.1637650308136,15.836234969186426,3.357325257969485e-14,-1.1835960223641974e-13,-0.010642496744791667,0.010420735677083333,-0.010642496744791667,0.010420735677083333,0,idle,752.7550152049187,435.36021299480086,759.7743974841056,438.16918559856583
1791245922.3255239,760.0,437.34396315237905,-524.1637650308136,15.836234969186428,3.293549168452442e-14,-1.1611123128412277e-13,-0.010642496744791667,0.010420735677083333,-0.010642496744791667,0.010420735677083333,0,idle,777.7524669650761,441.94752032485945,760.6733009581542,438.3581023348804
1791245922.34153,760.0,437.34396315237893,-524.1637650308136,15.836234969186428,3.2302592105343355e-14,-1.138799984814728e-13,-0.010642496744791667,0.010420735677083333,-0.010642496744791667,0.010420735677083333,0,idle,767.85056483073,450.8219657790974,761.032164151783,438.98129550709115
1791245922.3587751,760.0,437.3439631523788,-524.1637650308136,15.836234969186428,3.167628242323965e-14,-1.1167199779179737e-13,-0.010642496744791667,0.010420735677083333,-0.010642496744791667,0.010420735677083333,0,idle,744.1244955227013,428.44538699543386,760.1867807203289,438.4545000815082
1791245922.376364,760.0,437.3439631523787,-524.1637650308136,15.836234969186428,3.105784117371722e-14,-1.0949173658158802e-13,-0.010642496744791667,0.010420735677083333,-0.010642496744791667,0.010420735677083333,0,idle,768.996110073814,467.81100435155366,760.6272471880031,439.92232529501035
1791245922.393342,760.0,437.3439631523786,-524.1637650308136,15.836234969186428,3.044819834473379e-14,-1.0734249344306634e-13,-0.010642496744791667,0.010420735677083333,-0.010642496744791667,0.010420735677083333,0,idle,766.171019742407,430.92363016578145,760.9044358157233,439.4723905385488
1791245922.409468,760.0,437.3439631523785,-524.1637650308136,15.836234969186428,2.984801487605009e-14,-1.0522659846227319e-13,-0.010642496744791667,0.010420735677083333,-0.010642496744791667,0.010420735677083333,0,idle,755.0148896896086,414.9311508682759,760.6099585094175,438.24532855503503
1791245922.426539,760.0,437.34396315237836,-524.1637650308136,15.836234969186428,2.925774471637999e-14,-1.0314565199619158e-13,-0.010642496744791667,0.010420735677083333,-0.010642496744791667,0.010420735677083333,0,idle,746.227926343587,446.4376282385822,759.890856901126,438.6549435392123
1791245922.443657,760.0,437.34396315237825,-524.1637650308136,15.836234969186432,2.867768311756977e-14,-1.0110069492970459e-13,-0.010642496744791667,0.010420735677083333,-0.010642496744791667,0.010420735677083333,0,idle,757.7300717585963,450.1362673852174,759.7828176439995,439.22900973151246
1791245922.459786,760.0,437.34396315237814,-524.1637650308136,15.836234969186428,2.8108004114419755e-14,-9.909234080746933e-14,-0.010642496744791667,0.010420735677083333,-0.010642496744791667,0.010420735677083333,0,idle,734.558651627468,443.1465590234473,758.5216093431729,439.4248871961091
1791245922.476945,760.0,437.343963152378,-524.1637650308136,15.836234969186428,2.7548789538296916e-14,-9.712087811890224e-14,-0.010642496744791667,0.010420735677083333,-0.010642496744791667,0.010420735677083333,0,idle,761.1843596222537,438.62047403628935,758.654746857127,439.38466653811804
1791245922.494103,760.0,437.3439631523779,-524.1637650308136,15.836234969186432,2.700005142440501e-14,-9.518634929307468e-14,-0.010642496744791667,0.010420735677083333,-0.010642496744791667,0.010420735677083333,0,idle,775.6078768044035,441.15836388602867,759.5024033544908,439.4733514055135
1791245922.509281,760.0,437.3439631523778,-524.1637650308136,15.836234969186432,2.6461749278960463e-14,-9.328861157265011e-14,-0.010642496744791667,0.010420735677083333,-0.010642496744791667,0.010420735677083333,0,idle,757.9979476529485,440.20680997039995,759.4271805694136,439.5100243337577
1791245922.526352,760.0,437.3439631523777,-524.1637650308136,15.836234969186432,2.593380335750677e-14,-9.142738382543471e-14,-0.010642496744791667,0.010420735677083333,-0.010642496744791667,0.010420735677083333,0,idle,765.9607633336568,442.80244221950875,759.7538597076258,439.67464522804516
1791245922.543061,760.0,437.34396315237757,-524.1637650308136,15.836234969186432,2.541610485503223e-14,-8.960228246875723e-14,-0.010642496744791667,0.010420735677083333,-0.010642496744791667,0.010420735677083333,0,idle,762.7011093828417,454.04628604487385,759.9012221913866,440.3932272688865
1791245922.560559,760.0,437.34396315237746,-524.1637650308136,15.836234969186432,2.4908523710293384e-14,-8.78128489829373e-14,-0.010642496744791667,0.010420735677083333,-0.010642496744791667,0.010420735677083333,0,idle,761.944995125677,424.0452044861567,760.0034108381011,439.5758261297499
1791245922.5776918,760.0,437.34396315237734,-524.1637650308136,15.836234969186432,2.441091457058168e-14,-8.605857093955508e-14,-0.010642496744791667,0.010420735677083333,-0.010642496744791667,0.010420735677083333,0,idle,761.8323743996009,441.2172300952292,760.0948590161761,439.65789632802375
1791245922.594291,760.0,437.3439631523773,-524.1637650308136,15.836234969186432,2.392312134065165e-14,-8.433889803830467e-14,-0.010642496744791667,0.010420735677083333,-0.010642496744791667,0.010420735677083333,0,idle,764.9448119667519,432.1928635770122,760.3373566637049,439.2846446904731
1791245922.610869,760.0,437.3439631523772,-524.1637650308136,15.836234969186428,2.3444980643741253e-14,-8.26532543085224e-14,-0.010642496744791667,0.010420735677083333,-0.010642496744791667,0.010420735677083333,0,idle,759.2723958853784,421.8940891224901,760.2841086247886,438.41511691207387
1791245922.628285,760.0,437.34396315237717,-524.1637650308136,15.836234969186432,2.297632444795772e-14,-8.100104736828328e-14,-0.010642496744791667,0.010420735677083333,-0.010642496744791667,0.010420735677083333,0,idle,758.9189052563522,438.96267260343444,760.2158484563668,438.44249469664186
1791245922.644904,760.0,437.3439631523771,-524.1637650308136,15.836234969186432,2.2516982053274496e-14,-7.938167542938712e-14,-0.010642496744791667,0.010420735677083333,-0.010642496744791667,0.010420735677083333,0,idle,763.1909991238559,442.68122903227317,760.3646059897412,438.65443141342337
1791245922.662573,760.0,437.34396315237706,-524.1637650308136,15.836234969186432,2.2066781589393973e-14,-7.77945325779442e-14,-0.010642496744791667,0.010420735677083333,-0.010642496744791667,0.010420735677083333,0,idle,783.0261359359993,434.7313339922852,761.4976824870541,438.45827654236643
1791245922.678725,760.0,437.343963152377,-524.1637650308136,15.836234969186428,2.1625551139925186e-14,-7.623901273756664e-14,-0.010642496744791667,0.010420735677083333,-0.010642496744791667,0.010420735677083333,0,idle,767.4330853828329,462.3197667377386,761.7944526318431,439.651351052135
1791245922.6961658,760.0,437.34396315237694,-524.1637650308136,15.836234969186428,2.1193119581454444e-14,-7.471451262743948e-14,-0.010642496744791667,0.010420735677083333,-0.010642496744791667,0.010420735677083333,0,idle,752.8908838040495,432.69108490752654,761.3492741904535,439.3033377449045
1791245922.712472,760.0,437.3439631523769,-524.1637650308136,15.836234969186428,2.0769317205378825e-14,-7.322043395454089e-14,-0.010642496744791667,0.010420735677083333,-0.010642496744791667,0.010420735677083333,0,idle,762.1731785987745,446.84792823096046,761.3904694108695,439.68056726920724
1791245922.730165,760.0,437.34396315237683,-524.1637650308136,15.836234969186432,2.0353976174441128e-14,-7.175618502311676e-14,-0.010642496744791667,0.010420735677083333,-0.010642496744791667,0.010420735677083333,0,idle,784.1544603983592,433.9238705213893,762.528668960244,439.3927324318163
1791245922.7459772,760.0,437.3439631523768,-524.1637650308136,15.836234969186432,1.9946930853666914e-14,-7.032118190137068e-14,-0.010642496744791667,0.010420735677083333,-0.010642496744791667,0.010420735677083333,0,idle,764.5632327581101,455.8199620107041,762.6303971501372,440.2140939107606
1791245922.763134,760.0,437.3439631523767,-524.1637650308136,15.836234969186432,1.954801804601691e-14,-6.891484925223605e-14,-0.010642496744791667,0.010420735677083333,-0.010642496744791667,0.010420735677083333,0,idle,755.9769178042937,436.18450301078946,762.2977231828451,440.012614365762
1791245922.779412,760.0,437.34396315237666,-524.1637650308136,15.836234969186432,1.9157077155876453e-14,-6.75366209097441e-14,-0.010642496744791667,0.010420735677083333,-0.010642496744791667,0.010420735677083333,0,idle,751.2631503795714,426.98656484382246,761.7459945426814,439.36131188966493
1791245922.7969291,760.0,437.3439631523766,-524.1637650308136,15.836234969186432,1.877395029800103e-14,-6.618594026310189e-14,-0.010642496744791667,0.010420735677083333,-0.010642496744791667,0.010420735677083333,0,idle,757.7949883798194,450.33859535971334,761.5484442345382,439.9101760631673
1791245922.813299,760.0,437.34396315237655,-524.1637650308136,15.836234969186432,1.839848236533116e-14,-6.486226049576789e-14,-0.010642496744791667,0.010420735677083333,-0.010642496744791667,0.010420735677083333,0,idle,744.4652479805344,442.9606792414061,760.694284421838,440.06270122207917
1791245922.830513,760.0,437.3439631523765,-524.1637650308136,15.836234969186432,1.8030521065878722e-14,-6.356504471549145e-14,-0.010642496744791667,0.010420735677083333,-0.010642496744791667,0.010420735677083333,0,idle,746.5105455145882,435.65673619245587,759.9850974764755,439.84240297059796
1791245922.847919,760.0,437.34396315237643,-524.1637650308136,15.836234969186432,1.766991693643733e-14,-6.229376600264767e-14,-0.010642496744791667,0.010420735677083333,-0.010642496744791667,0.010420735677083333,0,idle,744.0729538852473,433.13969067610253,759.1894902969141,439.5072673558731
1791245922.86423,760.0,437.3439631523764,-524.1637650308136,15.836234969186432,1.7316523339002776e-14,-6.104790739761789e-14,-0.010642496744791667,0.010420735677083333,-0.010642496744791667,0.010420735677083333,0,idle,762.1457430751998,420.4879294237149,759.3373029358283,438.5563004592652
1791245922.8818262,760.0,437.3439631523763,-524.1637650308136,15.836234969186432,1.6970196444368016e-14,-5.982696184295524e-14,-0.010642496744791667,0.010420735677083333,-0.010642496744791667,0.010420735677083333,0,idle,786.4108954851944,442.5803738119179,760.6909825632966,438.75750412689774
1791245922.8989801,760.0,437.34396315237626,-524.1637650308136,15.836234969186432,1.663079520627581e-14,-5.863043209226205e-14,-0.010642496744791667,0.010420735677083333,-0.010642496744791667,0.010420735677083333,0,idle,750.2633616539226,445.94649394301257,760.1696015178279,439.1169536177034
1791245922.915113,760.0,437.3439631523762,-524.1637650308136,15.836234969186428,1.6298181328689928e-14,-5.745783059480726e-14,-0.010642496744791667,0.010420735677083333,-0.010642496744791667,0.010420735677083333,0,idle,766.2354691611089,418.91070256290834,760.472894899992,438.1066410649636
1791245922.932162,760.0,437.34396315237615,-524.1637650308136,15.836234969186428,1.5972219228121116e-14,-5.6308679362709895e-14,-0.010642496744791667,0.010420735677083333,-0.010642496744791667,0.010420735677083333,0,idle,758.0887270974148,449.2574995884748,760.3536865098631,438.6641839911391
1791245922.949467,760.0,437.3439631523761,-524.1637650308136,15.836234969186428,1.5652775992469872e-14,-5.5182509825842825e-14,-0.010642496744791667,0.010420735677083333,-0.010642496744791667,0.010420735677083333,0,idle,748.0016777237215,447.93758382655966,759.736086070556,439.1278539829101
1791245922.966978,760.0,437.34396315237603,-524.1637650308136,15.836234969186428,1.5339721337488233e-14,-5.407886267834255e-14,-0.010642496744791667,0.010420735677083333,-0.010642496744791667,0.010420735677083333,0,idle,762.628391035189,437.2600155217221,759.8807013187876,439.0344620598506
1791245922.9835572,760.0,437.343963152376,-524.1637650308136,15.836234969186428,1.5032927561689996e-14,-5.2997287719649093e-14,-0.010642496744791667,0.010420735677083333,-0.010642496744791667,0.010420735677083333,0,idle,751.946166597608,443.12801524012303,759.4839745827286,439.2391397188642
1791245923.000942,760.0,437.3439631523759,-524.1637650308136,15.836234969186428,1.4732269500332106e-14,-5.193734369227132e-14,-0.010642496744791667,0.010420735677083333,-0.010642496744791667,0.010420735677083333,0,idle,755.806070038301,440.9246170195085,759.3000793555073,439.32341358389635
1791245923.017524,760.0,437.34396315237586,-524.1637650308136,15.836234969186428,1.4437624478933382e-14,-5.089859811792127e-14,-0.010642496744791667,0.010420735677083333,-0.010642496744791667,0.010420735677083333,0,idle,763.4821599018962,423.580764325521,759.5091833828267,438.53628112097755
1791245923.0349991,760.0,437.3439631523758,-524.1637650308136,15.836234969186428,1.4148872266678365e-14,-4.988062713324342e-14,-0.010642496744791667,0.010420735677083333,-0.010642496744791667,0.010420735677083333,0,idle,761.0705437653123,449.19911436350117,759.587251401951,439.0694227831037
1791245923.0516028,760.0,437.34396315237575,-524.1637650308136,15.836234969186428,1.3865895029964456e-14,-4.888301532604914e-14,-0.010642496744791667,0.010420735677083333,-0.010642496744791667,0.010420735677083333,0,idle,760.0528130457088,426.36476763547205,759.6105294841389,438.43419002572205
1791245923.068269,760.0,437.3439631523757,-524.1637650308136,15.836234969186428,1.3588577286282863e-14,-4.790535557272794e-14,-0.010642496744791667,0.010420735677083333,-0.010642496744791667,0.010420735677083333,0,idle,759.1129601621743,422.96568916872866,759.5856510180406,437.6607649828723
1791245923.084841,760.0,437.34396315237564,-524.1637650308136,15.836234969186428,1.3316805858572734e-14,-4.694724887732693e-14,-0.010642496744791667,0.010420735677083333,-0.010642496744791667,0.010420735677083333,0,idle,764.3665437642806,426.44746663378135,759.8246956553526,437.1001000654177
1791245923.101061,760.0,437.3439631523756,-524.1637650308136,15.836234969186428,1.3050469830149369e-14,-4.600830421265412e-14,-0.010642496744791667,0.010420735677083333,-0.010642496744791667,0.010420735677083333,0,idle,769.8750394512035,434.1052186025841,760.3272128451451,436.95035599227595
1791245923.1176472,760.0,437.3439631523755,-524.1637650308136,15.836234969186428,1.2789460500278278e-14,-4.5088138363658574e-14,-0.010642496744791667,0.010420735677083333,-0.010642496744791667,0.010420735677083333,0,idle,763.1715047136025,451.80073820390646,760.469427438568,437.69287510285744
1791245923.1347048,760.0,437.34396315237547,-524.1637650308136,15.836234969186428,1.253367134044506e-14,-4.418637577326368e-14,-0.010642496744791667,0.010420735677083333,-0.010642496744791667,0.010420735677083333,0,idle,746.8430130343856,422.1135684360674,759.7881067183589,436.9139097695179
1791245923.150978,760.0,437.3439631523754,-524.1637650308136,15.836234969186428,1.2282997951354593e-14,-4.3302648390771494e-14,-0.010642496744791667,0.010420735677083333,-0.010642496744791667,0.010420735677083333,0,idle,762.2267463538935,437.1869696168799,759.9100387001356,436.92756276188595
1791245923.1685,760.0,437.34396315237535,-524.1637650308136,15.836234969186428,1.2037338020680757e-14,-4.243659552291302e-14,-0.010642496744791667,0.010420735677083333,-0.010642496744791667,0.010420735677083333,0,idle,763.1627800385826,432.51586211520583,760.072675767058,436.7069777295519
1791245923.1857731,760.0,437.3439631523753,-524.1637650308136,15.836234969186428,1.1796591281578633e-14,-4.158786368758658e-14,-0.010642496744791667,0.010420735677083333,-0.010642496744791667,0.010420735677083333,0,idle,750.3083662001384,453.6237155915858,759.584460288712,437.55281462265356
1791245923.202683,760.0,437.34396315237524,-524.1637650308136,15.836234969186428,1.156065947196431e-14,-4.0756106470302276e-14,-0.010642496744791667,0.010420735677083333,-0.010642496744791667,0.010420735677083333,0,idle,779.6681581046861,446.57127829781933,760.5886451795106,438.0037378064118
1791245923.218175,760.0,437.3439631523752,-524.1637650308136,15.836234969186428,1.1329446294562261e-14,-3.994098438333247e-14,-0.010642496744791667,0.010420735677083333,-0.010642496744791667,0.010420735677083333,0,idle,761.0550482607648,423.298594879041,760.6119653335734,437.26848066004317
1791245923.235494,760.0,437.3439631523751,-524.1637650308136,15.836234969186428,1.11028573777165e-14,-3.9142164727554895e-14,-0.010642496744791667,0.010420735677083333,-0.010642496744791667,0.010420735677083333,0,idle,759.7666552385347,422.73327409692035,760.5696998288214,436.54172033188695
1791245923.252809,760.0,437.34396315237507,-524.1637650308136,15.836234969186428,1.0880800236958968e-14,-3.835932145696532e-14,-0.010642496744791667,0.010420735677083333,-0.010642496744791667,0.010420735677083333,0,idle,779.0087141413632,432.50400038038526,761.4916505444485,436.33983433431183
1791245923.268509,760.0,437.343963152375,-524.1637650308136,15.836234969186428,1.066318423732655e-14,-3.759213504582946e-14,-0.010642496744791667,0.010420735677083333,-0.010642496744791667,0.010420735677083333,0,idle,760.2889392255471,424.8624387367648,761.4315149785034,435.76596455443445
1791245923.284193,760.0,437.34396315237495,-524.1637650308136,15.836234969186428,1.0449920556416712e-14,-3.68402923584388e-14,-0.010642496744791667,0.010420735677083333,-0.010642496744791667,0.010420735677083333,0,idle,755.2717942918918,455.10363435012977,761.1235289441728,436.73284804421917
1791245923.3085032,760.0,437.3439631523749,-524.1637650308136,15.836234969186428,1.0240922148170681e-14,-3.6103486521431337e-14,-0.010642496744791667,0.010420735677083333,-0.010642496744791667,0.010420735677083333,0,idle,755.2261844131464,426.85122173889977,760.8286617176215,436.2387667289531
1791245923.318377,760.0,437.34396315237484,-524.1637650308136,15.836234969186426,1.0036103707372451e-14,-3.538141679863588e-14,-0.010642496744791667,0.010420735677083333,-0.010642496744791667,0.010420735677083333,0,idle,771.5400545115273,444.7125612264544,761.3642313573167,436.66245645382816
1791245923.3351521,760.0,437.3439631523748,-524.1637650308136,15.836234969186428,9.835381634851388e-15,-3.4673788468396845e-14,-0.010642496744791667,0.010420735677083333,-0.010642496744791667,0.010420735677083333,0,idle,749.069336497177,435.1635055193746,760.7494866143097,436.5875089071054
1791245923.3542259,760.0,437.3439631523747,-524.1637650308136,15.836234969186428,9.638674003375953e-15,-3.3980312703335526e-14,-0.010642496744791667,0.010420735677083333,-0.010642496744791667,0.010420735677083333,0,idle,770.727429551197,459.4943554382387,761.2483837611541,437.732851233662
1791245923.3696902,760.0,437.34396315237467,-524.1637650308136,15.836234969186428,9.445900524225934e-15,-3.330070645250338e-14,-0.010642496744791667,0.010420735677083333,-0.010642496744791667,0.010420735677083333,0,idle,760.4490081226411,445.48020022135864,761.2084149792285,438.1202186830468
1791245923.385547,760.0,437.3439631523746,-524.1637650308136,15.836234969186432,9.256982514430481e-15,-3.263469232588255e-14,-0.010642496744791667,0.010420735677083333,-0.010642496744791667,0.010420735677083333,0,idle,760.4493330530909,445.7601753296568,761.1704608829216,438.50221651537726
1791245923.4015841,760.0,437.34396315237456,-524.1637650308136,15.836234969186432,9.071842864659352e-15,-3.198199848118923e-14,-0.010642496744791667,0.010420735677083333,-0.010642496744791667,0.010420735677083333,0,idle,770.669754032605,444.09031108436704,761.6454255404058,438.7816212438267
1791245923.418865,760.0,437.3439631523745,-524.1637650308136,15.836234969186432,8.890406007754766e-15,-3.134235851293543e-14,-0.010642496744791667,0.010420735677083333,-0.010642496744791667,0.010420735677083333,0,idle,765.7955218482533,451.8053680620235,761.8529303557981,439.43280858473645
1791245923.436003,760.0,437.34396315237444,-524.1637650308136,15.836234969186428,8.712597887891477e-15,-3.071551134370546e-14,-0.010642496744791667,0.010420735677083333,-0.010642496744791667,0.010420735677083333,0,idle,768.8076606407969,437.3366554155388,762.200666870048,439.3280009262765
1791245923.453575,760.0,437.3439631523744,-524.1637650308136,15.836234969186428,8.538345930352758e-15,-3.010120111760381e-14,-0.010642496744791667,0.010420735677083333,-0.010642496744791667,0.010420735677083333,0,idle,746.9412300904111,429.79737727721715,761.4376950310663,438.8514697438235
1791245923.470538,760.0,437.34396315237433,-524.1637650308136,15.836234969186428,8.367579011910222e-15,-2.949917709583173e-14,-0.010642496744791667,0.010420735677083333,-0.010642496744791667,0.010420735677083333,0,idle,740.374816027654,435.05999332583303,760.3845510808957,438.6618959229239
1791245923.486763,760.0,437.3439631523743,-524.1637650308136,15.836234969186432,8.200227431795541e-15,-2.8909193554350563e-14,-0.010642496744791667,0.010420735677083333,-0.010642496744791667,0.010420735677083333,0,idle,776.4111086208541,441.2675694758775,761.1858789578936,438.79217960057156
1791245923.503969,760.0,437.3439631523743,-524.1637650308136,15.836234969186428,8.036222883252369e-15,-2.8331009683590496e-14,-0.010642496744791667,0.010420735677083333,-0.010642496744791667,0.010420735677083333,0,idle,755.944185452885,427.49229685547255,760.9237942826431,438.22718546331663
1791245923.521178,760.0,437.3439631523743,-524.1637650308136,15.836234969186432,7.875498425656947e-15,-2.776438949016414e-14,-0.010642496744791667,0.010420735677083333,-0.010642496744791667,0.010420735677083333,0,idle,750.7215468848789,443.12892749927573,760.4136819127549,438.47227256511457
1791245923.537778,760.0,437.3439631523743,-524.1637650308136,15.836234969186428,7.717988457196076e-15,-2.7209101700545127e-14,-0.010642496744791667,0.010420735677083333,-0.010642496744791667,0.010420735677083333,0,idle,748.7427533148513,437.54675372116156,759.8301354828598,438.4259966229169
1791245923.555213,760.0,437.3439631523743,-524.1637650308136,15.836234969186428,7.563628688091392e-15,-2.6664919666672556e-14,-0.010642496744791667,0.010420735677083333,-0.010642496744791667,0.010420735677083333,0,idle,743.4752998255235,440.7987535093071,759.0123936999929,438.5446344672364
1791245923.572523,760.0,437.3439631523743,-524.1637650308136,15.836234969186428,7.412356114359018e-15,-2.6131621273442944e-14,-0.010642496744791667,0.010420735677083333,-0.010642496744791667,0.010420735677083333,0,idle,770.3846017306541,446.66177933604257,759.581004101526,438.9504917106767
1791245923.5896478,760.0,437.3439631523743,-524.1637650308136,15.836234969186428,7.264108992093948e-15,-2.5608988848052032e-14,-0.010642496744791667,0.010420735677083333,-0.010642496744791667,0.010420735677083333,0,idle,758.0075383621735,453.1657168122971,759.5023308145584,439.66125296575774
1791245923.606168,760.0,437.3439631523743,-524.1637650308136,15.836234969186428,7.118826812268665e-15,-2.50968090711495e-14,-0.010642496744791667,0.010420735677083333,-0.010642496744791667,0.010420735677083333,0,idle,779.6924350478213,470.1683301017103,760.5118360262215,441.18660682255535
1791245923.622355,760.0,437.3439631523743,-524.1637650308136,15.836234969186428,6.976450276035749e-15,-2.4594872889770426e-14,-0.010642496744791667,0.010420735677083333,-0.010642496744791667,0.010420735677083333,0,idle,753.2402135782643,431.917643102684,760.1482549038237,440.7231586365618
1791245923.639658,760.0,437.3439631523743,-524.1637650308136,15.836234969186428,6.836921270524384e-15,-2.410297543200798e-14,-0.010642496744791667,0.010420735677083333,-0.010642496744791667,0.010420735677083333,0,idle,771.1980686298353,447.00375135155895,760.7007455901243,441.03718827231165
1791245923.656568,760.0,437.3439631523743,-524.1637650308136,15.836234969186428,6.7001828451209145e-15,-2.3620915923392563e-14,-0.010642496744791667,0.010420735677083333,-0.010642496744791667,0.010420735677083333,0,idle,743.4085660350555,431.8793867902447,759.8361366123709,440.57929819820833
1791245923.6737,760.0,437.3439631523743,-524.1637650308136,15.836234969186428,6.5661791882237636e-15,-2.314849760494328e-14,-0.010642496744791667,0.010420735677083333,-0.010642496744791667,0.010420735677083333,0,idle,778.7669386216992,436.1575062091429,760.7826767128373,440.3582085987551
1791245923.6901948,760.0,437.3439631523743,-524.1637650308136,15.836234969186428,6.4348556044632415e-15,-2.268552765285835e-14,-0.010642496744791667,0.010420735677083333,-0.010642496744791667,0.010420735677083333,0,idle,756.3324653576826,419.9551170897623,760.5601661450796,439.33805402330546
1791245923.708051,760.0,437.3439631523743,-524.1637650308136,15.836234969186428,6.306158492376943e-15,-2.223181709981164e-14,-0.010642496744791667,0.010420735677083333,-0.010642496744791667,0.010420735677083333,0,idle,749.0679706958769,437.1590850337406,759.9855563726195,439.2291055738272
1791245923.72491,760.0,437.3439631523743,-524.1637650308136,15.836234969186432,6.180035322531631e-15,-2.1787180757823256e-14,-0.010642496744791667,0.010420735677083333,-0.010642496744791667,0.010420735677083333,0,idle,782.2741992381784,435.6300150095848,761.0999885158974,439.0491510456151
1791245923.741856,760.0,437.3439631523743,-524.1637650308136,15.836234969186432,6.0564346160826694e-15,-2.135143714267268e-14,-0.010642496744791667,0.010420735677083333,-0.010642496744791667,0.010420735677083333,0,idle,765.8098764177018,429.119848904326,761.3354829109876,438.5526859385506
1791245923.758889,760.0,437.3439631523743,-524.1637650308136,15.836234969186432,5.93530592376227e-15,-2.0924408399823648e-14,-0.010642496744791667,0.010420735677083333,-0.010642496744791667,0.010420735677083333,0,idle,767.6002489964555,441.6380606902566,761.648721215261,438.7069546761359
1791245923.7757068,760.0,437.3439631523743,-524.1637650308136,15.836234969186432,5.816599805287966e-15,-2.0505920231830492e-14,-0.010642496744791667,0.010420735677083333,-0.010642496744791667,0.010420735677083333,0,idle,756.3398269108837,446.2752106187313,761.3832765000421,439.0853674732657
1791245923.792941,760.0,437.3439631523743,-524.1637650308136,15.836234969186432,5.700267809182912e-15,-2.0095801827196373e-14,-0.010642496744791667,0.010420735677083333,-0.010642496744791667,0.010420735677083333,0,idle,763.7665566440713,419.93347306396805,761.5024405072436,438.1277727528008
1791245923.809419,760.0,437.3439631523743,-524.1637650308136,15.836234969186428,5.586262452999784e-15,-1.9693885790654315e-14,-0.010642496744791667,0.010420735677083333,-0.010642496744791667,0.010420735677083333,0,idle,758.9404363182152,462.51376028655733,761.3743402977922,439.34707212948865
1791245923.82686,760.0,437.3439631523743,-524.1637650308136,15.836234969186428,5.474537203940186e-15,-1.930000807484263e-14,-0.010642496744791667,0.010420735677083333,-0.010642496744791667,0.010420735677083333,0,idle,743.0974309576957,424.10021223175073,760.4604948307873,438.58472913460173
1791245923.8432488,760.0,437.3439631523743,-524.1637650308136,15.836234969186426,5.36504645986168e-15,-1.8914007913346832e-14,-0.010642496744791667,0.010420735677083333,-0.010642496744791667,0.010420735677083333,0,idle,755.3931408121442,432.96685692888235,760.2071271298552,438.3038355243158
1791245923.860322,760.0,437.3439631523743,-524.1637650308136,15.836234969186428,5.2577455306646704e-15,-1.8535727755080684e-14,-0.010642496744791667,0.010420735677083333,-0.010642496744791667,0.010420735677083333,0,idle,763.5941131080126,437.0661398820003,760.376476428763,438.2419507422
1791245923.880076,760.0,437.3439631523743,-524.1637650308136,15.836234969186428,5.152590620051545e-15,-1.816501319997966e-14,-0.010642496744791667,0.010420735677083333,-0.010642496744791667,0.010420735677083333,0,idle,768.0810175542952,425.64217133353833,760.7617034850396,437.6119617717669
1791245923.895388,760.0,437.3439631523743,-524.1637650308136,15.836234969186428,5.04953880765064e-15,-1.7801712935980512e-14,-0.010642496744791667,0.010420735677083333,-0.010642496744791667,0.010420735677083333,0,idle,752.0059366661143,422.78669606521953,760.3239151440933,436.87069848643955
1791245923.911533,760.0,437.3439631523743,-524.1637650308136,15.836234969186428,4.948548031497722e-15,-1.7445678677261235e-14,-0.010642496744791667,0.010420735677083333,-0.010642496744791667,0.010420735677083333,0,idle,755.2671309104289,448.69424810110024,760.0710759324102,437.4618759671726
1791245923.92887,760.0,437.3439631523743,-524.1637650308136,15.836234969186428,4.8495770708678384e-15,-1.709676510371626e-14,-0.010642496744791667,0.010420735677083333,-0.010642496744791667,0.010420735677083333,0,idle,752.9607677328321,442.04240070006324,759.7155605224312,437.69090220381713
1791245923.946063,760.0,437.3439631523743,-524.1637650308136,15.836234969186432,4.752585529450535e-15,-1.675482980164212e-14,-0.010642496744791667,0.010420735677083333,-0.010642496744791667,0.010420735677083333,0,idle,788.8570311261778,437.6956180814109,761.1726340526186,437.69113799769684
1791245923.9633229,760.0,437.3439631523743,-524.1637650308136,15.836234969186432,4.657533818861564e-15,-1.6419733205609418e-14,-0.010642496744791667,0.010420735677083333,-0.010642496744791667,0.010420735677083333,0,idle,761.962017451477,429.79690952951444,761.2121032225615,437.2964265742877
1791245923.9798038,760.0,437.3439631523743,-524.1637650308136,15.836234969186432,4.5643831424843625e-15,-1.6091338541497333e-14,-0.010642496744791667,0.010420735677083333,-0.010642496744791667,0.010420735677083333,0,idle,758.6295272441077,438.1522250468509,761.0829744236388,437.33921649791586
1791245923.997499,760.0,437.3439631523743,-524.1637650308136,15.836234969186428,4.4730954796346975e-15,-1.5769511770667468e-14,-0.010642496744791667,0.010420735677083333,-0.010642496744791667,0.010420735677083333,0,idle,765.2968257830961,415.10870430167336,761.2936669916116,436.2276908881037
1791245924.013816,760.0,437.3439631523743,-524.1637650308136,15.836234969186432,4.383633570042021e-15,-1.5454121535254177e-14,-0.010642496744791667,0.010420735677083333,-0.010642496744791667,0.010420735677083333,0,idle,779.3053082584612,434.02861210032677,762.1942490549541,436.1177369487149
1791245924.031102,760.0,437.3439631523743,-524.1637650308136,15.836234969186432,4.295960898641193e-15,-1.5145039104549137e-14,-0.010642496744791667,0.010420735677083333,-0.010642496744791667,0.010420735677083333,0,idle,761.0126871006081,429.7045355512989,762.1351709572368,435.79707687884405
1791245924.047814,760.0,437.3439631523743,-524.1637650308136,15.836234969186432,4.210041680668379e-15,-1.4842138322458188e-14,-0.010642496744791667,0.010420735677083333,-0.010642496744791667,0.010420735677083333,0,idle,765.0686658161059,435.4098221895044,762.2818457001803,435.77771414437706
1791245924.0643961,760.0,437.3439631523743,-524.1637650308136,15.836234969186432,4.125840847055018e-15,-1.454529555600905e-14,-0.010642496744791667,0.010420735677083333,-0.010642496744791667,0.010420735677083333,0,idle,771.3988039759237,445.653520161342,762.7376936139674,436.27150444522533
1791245924.081697,760.0,437.3439631523743,-524.1637650308136,15.836234969186432,4.043324030113923e-15,-1.4254389644888888e-14,-0.010642496744791667,0.010420735677083333,-0.010642496744791667,0.010420735677083333,0,idle,747.7465580691194,429.0916990247718,761.988136836725,435.91251417420267
1791245924.099018,760.0,437.3439631523743,-524.1637650308136,15.836234969186432,3.962457549511648e-15,-1.3969301851991123e-14,-0.010642496744791667,0.010420735677083333,-0.010642496744791667,0.010420735677083333,0,idle,760.5699560028459,445.8066540827631,761.917227795031,436.4072211696307
1791245924.1154182,760.0,437.3439631523743,-524.1637650308136,15.836234969186432,3.883208398521418e-15,-1.3689915814951311e-14,-0.010642496744791667,0.010420735677083333,-0.010642496744791667,0.010420735677083333,0,idle,766.8096300462395,434.74532497433233,762.1618479075914,436.3241263598658
1791245924.133038,760.0,437.3439631523743,-524.1637650308136,15.836234969186428,3.805544230550992e-15,-1.3416117498652294e-14,-0.010642496744791667,0.010420735677083333,-0.010642496744791667,0.010420735677083333,0,idle,758.4745090630489,431.7855236569151,761.9774809653643,436.09719622471823
1791245924.149947,760.0,437.3439631523743,-524.1637650308136,15.836234969186428,3.729433345939974e-15,-1.3147795148679255e-14,-0.010642496744791667,0.010420735677083333,-0.010642496744791667,0.010420735677083333,0,idle,743.9249086282678,441.69361008774143,761.0748523485095,436.3770169178694
1791245924.1667871,760.0,437.3439631523743,-524.1637650308136,15.836234969186428,3.654844679021176e-15,-1.2884839245705674e-14,-0.010642496744791667,0.010420735677083333,-0.010642496744791667,0.010420735677083333,0,idle,751.4362771384663,436.729748312881,760.5929235880074,436.39465348761996
1791245924.18391,760.0,437.3439631523743,-524.1637650308136,15.836234969186428,3.581747785440753e-15,-1.2627142460791564e-14,-0.010642496744791667,0.010420735677083333,-0.010642496744791667,0.010420735677083333,0,idle,758.9127176848104,444.3125170499743,760.5089132928475,436.7905466657377
1791245924.2008379,760.0,437.3439631523743,-524.1637650308136,15.836234969186428,3.5101128297319388e-15,-1.2374599611575736e-14,-0.010642496744791667,0.010420735677083333,-0.010642496744791667,0.010420735677083333,0,idle,765.7275373213974,444.27811262843045,760.769844494275,437.1649249638723
1791245924.217796,760.0,437.3439631523743,-524.1637650308136,15.836234969186428,3.4399105731373004e-15,-1.2127107619344223e-14,-0.010642496744791667,0.010420735677083333,-0.010642496744791667,0.010420735677083333,0,idle,777.4660446440871,452.92265544318445,761.6046545017657,437.9528114878379
1791245924.234035,760.0,437.3439631523743,-524.1637650308136,15.836234969186428,3.371112361674555e-15,-1.188456546695734e-14,-0.010642496744791667,0.010420735677083333,-0.010642496744791667,0.010420735677083333,0,idle,770.5114281674228,437.292990036672,762.0499931850486,437.9198204152796
1791245924.251147,760.0,437.3439631523743,-524.1637650308136,15.836234969186428,3.3036901144410643e-15,-1.1646874157618195e-14,-0.010642496744791667,0.010420735677083333,-0.010642496744791667,0.010420735677083333,0,idle,753.7186020371342,447.6152886438522,761.6334236276529,438.40459382670826
1791245924.2682261,760.0,437.3439631523743,-524.1637650308136,15.836234969186428,3.237616312152243e-15,-1.1413936674465832e-14,-0.010642496744791667,0.010420735677083333,-0.010642496744791667,0.010420735677083333,0,idle,760.0198742735137,422.44473633760987,761.5527461599459,437.60660095225336
1791245924.285287,760.0,437.3439631523743,-524.1637650308136,15.836234969186428,3.1728639859091986e-15,-1.1185657940976515e-14,-0.010642496744791667,0.010420735677083333,-0.010642496744791667,0.010420735677083333,0,idle,757.5388855565623,441.13843114457154,761.3520531297767,437.78319246186925
1791245924.302559,760.0,437.3439631523743,-524.1637650308136,15.836234969186432,3.109406706191015e-15,-1.0961944782156985e-14,-0.010642496744791667,0.010420735677083333,-0.010642496744791667,0.010420735677083333,0,idle,738.3829627070281,447.9047547383076,760.2035986086393,438.28927057569115
1791245924.320601,760.0,437.3439631523743,-524.1637650308136,15.836234969186428,3.0472185720671947e-15,-1.0742705886513846e-14,-0.010642496744791667,0.010420735677083333,-0.010642496744791667,0.010420735677083333,0,idle,754.0812067921854,432.5616477010421,759.8974790178165,438.0028894319587
1791245924.337101,760.0,437.3439631523743,-524.1637650308136,15.836234969186432,2.986274200625851e-15,-1.0527851768783569e-14,-0.010642496744791667,0.010420735677083333,-0.010642496744791667,0.010420735677083333,0,idle,768.9513496190781,438.60582516320386,760.3501725478797,438.033036218521
1791245924.353896,760.0,437.3439631523743,-524.1637650308136,15.836234969186432,2.926548716613334e-15,-1.0317294733407898e-14,-0.010642496744791667,0.010420735677083333,-0.010642496744791667,0.010420735677083333,0,idle,764.3284847176029,443.4379100634304,760.5490881563658,438.30327991076643
1791245924.369598,760.0,437.3439631523743,-524.1637650308136,15.836234969186428,2.8680177422810675e-15,-1.0110948838739741e-14,-0.010642496744791667,0.010420735677083333,-0.010642496744791667,0.010420735677083333,0,idle,768.2424340636651,437.66408114816625,760.9337554517307,438.27131997263643
1791245924.387093,760.0,437.3439631523743,-524.1637650308136,15.836234969186432,2.8106573874354462e-15,-9.908729861964946e-15,-0.010642496744791667,0.010420735677083333,-0.010642496744791667,0.010420735677083333,0,idle,757.7130211683576,438.2580051294084,760.7727187375621,438.27065423047503
1791245924.402754,760.0,437.3439631523743,-524.1637650308136,15.836234969186428,2.7544442396867373e-15,-9.710555264725647e-15,-0.010642496744791667,0.010420735677083333,-0.010642496744791667,0.010420735677083333,0,idle,751.1563414052732,438.8282194808247,760.2918998709476,438.29853249299254
1791245924.4190452,760.0,437.3439631523743,-524.1637650308136,15.836234969186432,2.6993553548930026e-15,-9.516344159431134e-15,-0.010642496744791667,0.010420735677083333,-0.010642496744791667,0.010420735677083333,0,idle,763.9856117453164,446.73128291033294,760.4765854646661,438.72017001385956
1791245924.436595,760.0,437.3439631523743,-524.1637650308136,15.836234969186432,2.6453682477951426e-15,-9.326017276242511e-15,-0.010642496744791667,0.010420735677083333,-0.010642496744791667,0.010420735677083333,0,idle,730.3655204691811,429.6154197870257,758.9710322148918,438.26493250251787
1791245924.4529788,760.0,437.3439631523743,-524.1637650308136,15.836234969186428,2.5924608828392395e-15,-9.139496930717662e-15,-0.010642496744791667,0.010420735677083333,-0.010642496744791667,0.010420735677083333,0,idle,764.4148497993417,441.4160422664601,759.2432230941143,438.42248799071496
1791245924.470484,760.0,437.3439631523743,-524.1637650308136,15.836234969186428,2.5406116651824546e-15,-8.956706992103308e-15,-0.010642496744791667,0.010420735677083333,-0.010642496744791667,0.010420735677083333,0,idle,742.2350069458071,453.9851181184903,758.3928122866989,439.20061949710373
1791245924.486767,760.0,437.3439631523743,-524.1637650308136,15.836234969186428,2.4897994318788056e-15,-8.777572852261243e-15,-0.010642496744791667,0.010420735677083333,-0.010642496744791667,0.010420735677083333,0,idle,765.5852164097042,431.9789808556302,758.7524324928492,438.83953756503007
1791245924.503157,760.0,437.3439631523743,-524.1637650308136,15.836234969186428,2.4400034432412295e-15,-8.602021395216018e-15,-0.010642496744791667,0.010420735677083333,-0.010642496744791667,0.010420735677083333,0,idle,767.126058062795,432.5999799806148,759.1711137713464,438.5275596858093
1791245924.519243,760.0,437.3439631523743,-524.1637650308136,15.836234969186428,2.3912033743764047e-15,-8.429980967311697e-15,-0.010642496744791667,0.010420735677083333,-0.010642496744791667,0.010420735677083333,0,idle,772.8370257913724,424.4360701637055,759.8544093723477,437.82298520970414
1791245924.5363789,760.0,437.3439631523743,-524.1637650308136,15.836234969186428,2.3433793068888765e-15,-8.261381347965463e-15,-0.010642496744791667,0.010420735677083333,-0.010642496744791667,0.010420735677083333,0,idle,757.21472756751,445.9146649238623,759.7224252821059,438.22756919541206
1791245924.5534751,760.0,437.3439631523743,-524.1637650308136,15.836234969186426,2.296511720751099e-15,-8.096153721006154e-15,-0.010642496744791667,0.010420735677083333,-0.010642496744791667,0.010420735677083333,0,idle,751.4717651612965,441.2401795210622,759.3098922760654,438.37819971169455
1791245924.570134,760.0,437.3439631523743,-524.1637650308136,15.836234969186428,2.250581486336077e-15,-7.93423064658603e-15,-0.010642496744791667,0.010420735677083333,-0.010642496744791667,0.010420735677083333,0,idle,769.3612835910792,427.3955868883014,759.8124618418161,437.8290690705249
1791245924.587394,760.0,437.3439631523743,-524.1637650308136,15.836234969186426,2.2055698566093552e-15,-7.77554603365431e-15,-0.010642496744791667,0.010420735677083333,-0.010642496744791667,0.010420735677083333,0,idle,770.4403258108764,455.617466542708,760.3438550402691,438.71848894413404
1791245924.6042721,760.0,437.3439631523743,-524.1637650308136,15.836234969186426,2.161458459477168e-15,-7.620035112981224e-15,-0.010642496744791667,0.010420735677083333,-0.010642496744791667,0.010420735677083333,0,idle,777.286255315608,434.1029629336828,761.190975054036,438.4877126436115
1791245924.773845,760.0,437.3439631523743,-524.1637650308136,15.836234969186426,2.1182292902876244e-15,-7.467634410721598e-15,-0.010642496744791667,0.010420735677083333,-0.010642496744791667,0.010420735677083333,0,idle,760.2258500310706,445.47147519753867,761.1427188028878,438.83690077130785
