timestamp,x,y,heading,direction_of_travel,velocity_x,velocity_y,steering_input_raw,throttle_input_raw,steering_input_applied,throttle_input_applied,safety_active,safety_phase,sensor_x,sensor_y,estimated_x,estimated_y
1791246250.70459,400.0,300.0,0.0,0.0,0.0,0.0,-0.08397623697916667,-0.0003519694010416675,-0.08397623697916667,-0.0003519694010416675,0,idle,391.4549193289129,283.1893192277797,399.57274596644567,299.159465961389
1791246250.718407,400.0,300.0,0.0,0.0,0.0,0.0,-0.18032023111979167,-0.0003519694010416675,-0.18032023111979167,-0.0003519694010416675,0,idle,402.73041664796665,302.53530981107497,399.73062950052173,299.3282581538733
1791246250.747904,400.0,300.0,0.0,0.0,0.0,0.0,-0.5178751627604167,-0.0003519694010416675,-0.5178751627604167,-0.0003519694010416675,0,idle,403.4571718485403,287.73914228292597,399.91695661792266,298.74880236032595
1791246250.75795,400.0,300.0,0.0,0.0,0.0,0.0,-0.7112650553385417,-0.0003519694010416675,-0.7112650553385417,-0.0003519694010416675,0,idle,400.0903482027856,298.01229612448554,399.9256261971658,298.7119770485339
1791246250.774019,400.0,300.0,0.0,0.0,0.0,0.0,-0.9377054850260417,-0.0003519694010416675,-0.9377054850260417,-0.0003519694010416675,0,idle,404.16796781706154,299.137804376402,400.1377432781606,298.73326841492735
1791246250.789792,400.0,300.0,0.0,0.0,0.0,0.0,-1.0108561197916666,-0.0003519694010416675,-1.0108561197916666,-0.0003519694010416675,0,idle,377.5184022471834,319.0723920783334,399.00677622661175,299.75022459809765
1791246250.808352,400.0,300.0,0.0,0.0,0.0,0.0,-1.0108561197916666,-0.0003519694010416675,-1.0108561197916666,-0.0003519694010416675,0,idle,421.1171438840386,315.3895064877674,400.1122946094831,300.53218869258114
1791246250.822967,400.0,300.0,0.0,0.0,0.0,0.0,-1.0108561197916666,-0.0003519694010416675,-1.0108561197916666,-0.0003519694010416675,0,idle,402.80831977920315,270.7733448326754,400.2470958679691,299.0442464995859
1791246250.8405702,400.0,300.0,0.0,0.0,0.0,0.0,-1.0108561197916666,-0.0003519694010416675,-1.0108561197916666,-0.0003519694010416675,0,idle,384.7170399881961,281.9177795627297,399.47059307398047,298.18792315274305
1791246250.857831,400.0,300.0,0.0,0.0,0.0,0.0,-1.0108561197916666,-0.0003519694010416675,-1.0108561197916666,-0.0003519694010416675,0,idle,382.81020941889835,292.32006939917784,398.63757389122634,297.8945304650648
1791246250.8738291,400.0,300.0,0.0,0.0,0.0,0.0,-1.0004191080729166,-0.0003519694010416675,-1.0004191080729166,-0.0003519694010416675,0,idle,393.33924957964894,281.7163846345971,398.3726576756475,297.0856231735414
1791246250.891331,400.0,300.0,0.0,0.0,0.0,0.0,-0.9986796061197917,-0.0003519694010416675,-0.9986796061197917,-0.0003519694010416675,0,idle,424.60256436073007,307.98000656333045,399.6841530099016,297.63034234303086
1791246250.90694,400.0,300.0,0.0,0.0,0.0,0.0,-1.0027384440104166,-0.0003519694010416675,-1.0027384440104166,-0.0003519694010416675,0,idle,417.17651089896526,288.9710955614685,400.5587709043548,297.19738000395273
1791246250.923624,400.0,300.0,0.0,0.0,0.0,0.0,-1.0056376139322916,-0.0003519694010416675,-1.0056376139322916,-0.0003519694010416675,0,idle,372.1406316311544,291.71664447476775,399.1378639406948,296.9233432274935
1791246250.940045,400.0,300.0,0.0,0.0,0.0,0.0,-0.16893717447916667,-0.0003519694010416675,-0.16893717447916667,-0.0003519694010416675,0,idle,409.81578744948115,302.40480658262646,399.6717601161341,297.1974163952501
1791246250.957442,400.0,300.0,0.0,0.0,0.0,0.0,0.17499593098958333,-0.0003519694010416675,0.17499593098958333,-0.0003519694010416675,0,idle,399.96006074887964,292.75564441270865,399.6861751477714,296.97532779612305
1791246250.973773,400.0,300.0,0.0,0.0,0.0,0.0,0.17499593098958333,-0.0003519694010416675,0.17499593098958333,-0.0003519694010416675,0,idle,410.1934499607494,330.91115329979294,400.2115388884203,298.67211907130655
1791246250.991132,400.0,300.0,0.0,0.0,0.0,0.0,0.17499593098958333,-0.0003519694010416675,0.17499593098958333,-0.0003519694010416675,0,idle,411.2231104459478,305.1928693755277,400.7621174662967,298.9981565865176
1791246251.008511,400.0,300.0,0.0,0.0,0.0,0.0,0.17499593098958333,-0.0003519694010416675,0.17499593098958333,-0.0003519694010416675,0,idle,401.7967358289855,313.9111955206803,400.81384838443114,299.7438085332257
1791246251.025023,400.0,300.0,0.0,0.0,0.0,0.0,0.17499593098958333,-0.0003519694010416675,0.17499593098958333,-0.0003519694010416675,0,idle,403.17666507505015,320.9824465501906,400.9319892189621,300.805740434074
1791246251.042526,400.0,300.0,0.0,0.0,0.0,0.0,0.17499593098958333,-0.0003519694010416675,0.17499593098958333,-0.0003519694010416675,0,idle,403.64391219949636,304.9919219568356,401.0675853679888,301.01504951021207
1791246251.058721,400.0,300.0,0.0,0.0,0.0,0.0,0.17499593098958333,-0.0003519694010416675,0.17499593098958333,-0.0003519694010416675,0,idle,388.3068974119508,293.81139543014694,400.4295509701869,300.6548668062088
1791246251.076224,400.0,300.0,0.0,0.0,0.0,0.0,0.17499593098958333,-0.0003519694010416675,0.17499593098958333,-0.0003519694010416675,0,idle,397.90016248975854,299.00005947739743,400.30308154616546,300.5721264397682
1791246251.092818,400.0,299.99998495025324,-7.085608489612724e-08,-7.085608489612724e-08,-1.8611600086107104e-14,-1.5049746771678328e-05,0.17499593098958333,-0.15083414713541668,0.17499593098958333,-0.15083414713541668,0,idle,375.6587034120935,283.5790131924378,399.07086263946184,299.7224564801423
1791246251.110115,399.99999999999983,299.999849319126,-8.364393597288605e-08,-8.25797227403592e-08,-1.9548352386658864e-13,-0.0001356311272334469,0.17499593098958333,-0.27882486979166665,0.17499593098958333,-0.27882486979166665,0,idle,422.8032141748986,303.8835059979275,400.2574802162335,299.93038010646063
1791246251.1266031,400.0000000000059,299.9992431380896,7.059210589338514e-07,5.736026052574897e-07,6.068632361443877e-12,-0.0006061810363834717,0.17499593098958333,-0.41453653971354165,0.17499593098958333,-0.41453653971354165,0,idle,388.1875364408621,312.9857841234901,399.6539830274707,300.5825744353275
1791246251.142529,400.0000000002821,299.9973153582318,1.056554778019765e-05,8.209108717484455e-06,2.7620454020382154e-10,-0.001927779857796761,0.17499593098958333,-0.5699625651041667,0.17499593098958333,-0.5699625651041667,0,idle,398.53788826084957,297.96116348480166,399.59817828940203,300.44967249693633
1791246251.159026,400.0000000042057,299.99231239809944,5.9861010485803694e-05,4.4933823398724507e-05,3.923537282625206e-09,-0.0050029601323217715,0.17499593098958333,-0.7534952799479167,0.17499593098958333,-0.7534952799479167,0,idle,421.93822947707486,309.7763006027572,400.7151808525131,300.91125109010164
1791246251.176012,400.0000000367794,299.98102790550627,0.00022539496234878174,0.000165389613671897,3.2573740794503366e-08,-0.011284492593201481,0.17499593098958333,-0.9539042154947917,0.17499593098958333,-0.9539042154947917,0,idle,402.438727123033,293.9916431521604,400.8013581969841,300.5545504252411
1791246251.19337,400.00000021460846,299.95885864850453,0.0006412647645251491,0.00045959393943402715,1.7782908700380143e-07,-0.022169257001759445,0.17499593098958333,-0.9897623697916667,0.17499593098958333,-0.9897623697916667,0,idle,394.83653650400413,292.8273073949712,400.5031172812727,300.14712747957594
1791246251.209841,400.00000092323825,299.9201409717693,0.0014920216024443692,0.0010486552361703182,7.086297593003138e-07,-0.03871767673522728,0.17499593098958333,-0.9897928873697917,0.17499593098958333,-0.9897928873697917,0,idle,391.3761479306379,297.8624522269626,400.04676948693924,299.9961119240468
1791246251.2274199,400.0000031594133,299.8585225401775,0.002997905228631633,0.0020793030861448376,2.236175092080552e-06,-0.06161843159180617,0.17499593098958333,-0.9897928873697917,0.17499593098958333,-0.9897928873697917,0,idle,404.4689183160341,301.17117582137,400.2678790527603,299.99632760890074
1791246251.2443461,400.00000907568375,299.76730951424815,0.005397535236365521,0.0037163258507771583,5.916270439896281e-06,-0.09121302592930783,0.17499593098958333,-0.9897928873697917,0.17499593098958333,-0.9897928873697917,0,idle,389.27507026832916,300.51973035043744,399.7182442339956,299.9358453713447
1791246251.261178,400.0000227320947,299.6397611953348,0.0089319355046572,0.006134574823296261,1.3656410918899879e-05,-0.12754831891331805,0.17499593098958333,-0.9897928873697917,0.17499593098958333,-0.9897928873697917,0,idle,396.0472446157944,283.591088842964,399.53470722667595,298.997436641958
1791246251.2781818,400.0000510263426,299.4693229115875,0.013831784131845513,0.009511601147776353,2.829424791818256e-05,-0.17043828374735617,0.17499593098958333,-0.9897928873697917,0.17499593098958333,-0.9897928873697917,0,idle,404.2731176063955,292.7474489125805,399.7716546251974,298.52302088592916
1791246251.2949781,400.0001013308124,299.2497983639047,0.018172886657379275,0.013129437197791322,5.030446984260373e-05,-0.21952454768281376,0.10144856770833333,-0.9897928873697917,0.10144856770833333,-0.9897928873697917,0,idle,415.7771180686261,313.38477269255617,400.57197558661517,299.0575601559618
1791246251.311947,400.0001810318246,298.975467939629,0.021924711638690572,0.016646099324257167,7.970101214171483e-05,-0.27433042427567,-0.08556315104166667,-0.9897928873697917,-0.08556315104166667,-0.9897928873697917,0,idle,393.1722070728054,297.4971909796333,400.20206287688626,298.7189277940835
1791246251.329833,400.0002912000712,298.6411616648345,0.02245886256412403,0.018881414490947063,0.0001101682466572606,-0.33430627479451525,-0.3368448893229167,-0.9897928873697917,-0.3368448893229167,-0.9897928873697917,0,idle,401.0757190566682,296.0824553453004,400.24585034570964,298.2695132105896
1791246251.347778,400.0004271080905,298.2422958359717,0.02060823545189492,0.019522744344298085,0.00013590801926598387,-0.39886582886282124,-0.6049418131510417,-0.9897928873697917,-0.6049418131510417,-0.9897928873697917,0,idle,390.3668084680448,301.8493735940704,399.7520273644447,298.06958369234394
1791246251.364904,400.0005352913505,297.7748817482371,0.0021289506966025613,0.013261140958534997,0.00010818326003785817,-0.4674140877345812,-0.8585428873697917,-0.9897928873697917,-0.8585428873697917,-0.9897928873697917,0,idle,388.81863691203824,296.07082972036,399.20546061592137,297.5256026103969
1791246251.382866,400.00042962060496,297.2355140068436,-0.056689145277729294,-0.011225157154491435,-0.00010567074556139429,-0.5393677413935251,-1.0038981119791666,-0.9897928873697917,-1.0038981119791666,-0.9897928873697917,0,idle,414.23594525236683,295.9016742807199,399.9568844605354,296.93200683958923
1791246251.400196,399.9999437325309,296.62134441300265,-0.11113346683315316,-0.045328408359657235,-0.00048588807406728916,-0.6141695938409185,-0.12782999674479167,-0.9897928873697917,-0.12782999674479167,-0.9897928873697917,0,idle,399.42337542931506,299.8481025998085,399.929747415304,296.4943505134513
1791246251.416596,399.99899426884303,295.9300461108681,-0.1453181056830412,-0.07869284177532596,-0.0009494636878658054,-0.6912983021345425,0.17499593098958333,-0.9897928873697917,0.17499593098958333,-0.9897928873697917,0,idle,390.9419772503184,292.2181539521352,399.47945691655127,295.6238072983577
1791246251.433763,399.9975573761085,295.1597722756723,-0.1649227963271789,-0.10688120256236931,-0.0014368927345656704,-0.7702738351957918,0.17499593098958333,-0.9897928873697917,0.17499593098958333,-0.9897928873697917,0,idle,389.40990133713325,291.34184567270773,398.97461408948254,294.6779490736392
1791246251.4491782,399.9956475727913,294.3091122305804,-0.1746722461934316,-0.12863362580487214,-0.0019098033171608272,-0.8506600450919243,0.17499593098958333,-0.9897928873697917,0.17499593098958333,-0.9897928873697917,0,idle,392.73686112525303,293.97276762961644,398.6609121281198,293.8345629586007
1791246251.465556,399.9932996244911,293.37704709765376,-0.17839150063759673,-0.14433244931709094,-0.0023479483002225654,-0.9320651329266589,0.17499593098958333,-0.9897928873697917,0.17499593098958333,-0.9897928873697917,0,idle,413.2655684524784,304.2305236339569,399.3889143934525,293.4688991160882
1791246251.4820218,399.9905537210463,292.3629064781899,-0.17909972223529239,-0.1551345946025322,-0.0027459034447975426,-1.0141406194638491,0.17499593098958333,-0.9897928873697917,0.17499593098958333,-0.9897928873697917,0,idle,416.0476492225972,269.5433814202822,400.2192425266372,291.30918964280727
1791246251.499064,399.98744419866426,291.26632717705206,-0.1790788376296499,-0.16247072243450245,-0.003109522382036241,-1.096579301137847,0.17499593098958333,-0.9897928873697917,0.17499593098958333,-0.9897928873697917,0,idle,409.56685188198804,288.09711496783143,400.68366894814176,290.1068355729775
1791246251.515886,399.9840039387587,290.08721457705,-0.1780044327208284,-0.1671696271364987,-0.0034402599055637206,-1.17911260000202,0.17499593098958333,-0.9897928873697917,0.17499593098958333,-0.9897928873697917,0,idle,422.02877487304124,273.7899674796149,401.74765599747644,288.17083519830743
1791246251.532945,399.98027700231717,288.82661712468814,-0.1746205314097205,-0.16939357290721105,-0.003726936441535323,-1.2605974523618584,0.17499593098958333,-0.8824625651041667,0.17499593098958333,-0.8824625651041667,0,idle,410.0013486727954,296.07414265871887,402.15680004162294,287.3684329915842
1791246251.550772,399.9763427521249,287.4931271351929,-0.16818402246109784,-0.16904159708698138,-0.003934250192269827,-1.3334899894952568,0.17499593098958333,0.019637044270833334,0.17499593098958333,0.019637044270833334,0,idle,410.9859479769752,299.9948688679562,402.5945199007079,286.7329392953823
1791246251.567725,399.97230514119104,286.0998853516838,-0.1584128984921186,-0.16604254978918903,-0.00403761093385434,-1.393241783509075,0.17499593098958333,0.18550008138020832,0.17499593098958333,0.18550008138020832,0,idle,411.32342902712355,287.1076946731778,403.0271296266415,285.4280973699384
1791246251.5843148,399.96827834127566,284.66130926867453,-0.1453467083375515,-0.16037944759516093,-0.004026799915388379,-1.4385760830092524,0.17499593098958333,0.18550008138020832,0.17499593098958333,0.18550008138020832,0,idle,412.65122845943614,290.8778756620916,403.5045091083616,284.3339390056873
1791246251.601591,399.9643761484085,283.19126841465186,-0.12922265475337363,-0.15209009762720502,-0.003902192867161426,-1.4700408540226744,0.17499593098958333,0.18550008138020832,0.17499593098958333,0.18550008138020832,0,idle,410.2708712551509,290.49109322063936,403.8391201324773,283.24525790511336
1791246251.618478,399.96070476239896,281.7021648842876,-0.11038147020078462,-0.14126250646557112,-0.0036713860095780953,-1.4891035303642945,0.17499593098958333,0.18550008138020832,0.17499593098958333,0.18550008138020832,0,idle,404.97638775201136,290.87381323891873,403.89249569674496,282.2120373179576
1791246251.635063,399.9573583991717,280.2045635892299,-0.08920331003119039,-0.1280261783767243,-0.0033463632272349615,-1.4976012950576993,0.17499593098958333,0.18550008138020832,0.17499593098958333,0.18550008138020832,0,idle,414.9291045811215,250.38317133399667,404.4411470958979,279.19787278845473
1791246251.65283,399.9544171135262,278.7071421259433,-0.0660676691233792,-0.11254215411643852,-0.0029412856455230513,-1.4974214632866172,0.17499593098958333,0.18550008138020832,0.17499593098958333,0.18550008138020832,0,idle,408.9319594488199,279.96698979506147,404.6628934921808,277.81377824866274
1791246251.670341,399.95194622340165,277.21681398639583,-0.04133052434301478,-0.0949934731169036,-0.0024708901245373643,-1.490328139547462,0.17499593098958333,0.18550008138020832,0.17499593098958333,0.18550008138020832,0,idle,422.53606620547964,285.96595887095145,405.55420478222743,276.8055755472071
1791246251.68695,399.9499968058399,275.73893432130285,-0.015312976741535849,-0.0755767446140214,-0.0019494175617762095,-1.477879665092996,0.17499593098958333,0.18550008138020832,0.17499593098958333,0.18550008138020832,0,idle,394.37198610020715,262.0291005882979,404.99324190144273,274.6627661174233
1791246251.703996,399.94860684231685,274.27753375486566,0.011702869556973652,-0.05449499703404741,-0.001389963523051931,-1.4614005664372192,0.17499593098958333,0.18550008138020832,0.17499593098958333,0.18550008138020832,0,idle,392.0138421556809,286.8964570428118,404.34295144880775,273.8861201255774
1791246251.721569,399.94780269998705,272.8355491316872,0.039473746569338344,-0.03195176710514537,-0.0008041423297965591,-1.4419846231785116,0.17499593098958333,0.18550008138020832,0.17499593098958333,0.18550008138020832,0,idle,409.28069811732496,287.13015318681005,404.5890748470203,273.17843638661947
1791246251.738513,399.9476006695151,271.41507144499116,0.06778966943589401,-0.008149014522990114,-0.0002020304719630875,-1.4204776866960087,0.17499593098958333,0.18550008138020832,0.17499593098958333,0.18550008138020832,0,idle,402.98688033780326,291.59589056688304,404.5087731926111,272.7498552932714
1791246251.7548108,399.94800821197293,270.0176453381619,0.09646237467611857,0.016709622090474333,0.000407542457837647,-1.3974261068292155,0.17499593098958333,0.18550008138020832,0.17499593098958333,0.18550008138020832,0,idle,390.87260790387046,278.6497796276414,403.827352093509,271.71729670850215
1791246251.771051,399.94902500252283,268.6444610943221,0.12532469192965823,0.042425331321250655,0.0010167905498866731,-1.3731842438398407,0.17499593098958333,0.18550008138020832,0.17499593098958333,0.18550008138020832,0,idle,405.45978252735944,263.99282064902707,403.9099395662239,270.02654787388053
1791246251.7877069,399.95064387608426,267.2964692389045,0.15423006083785668,0.06880944990018764,0.0016188735614094288,-1.347991855417627,0.17499593098958333,0.18550008138020832,0.17499593098958333,0.18550008138020832,0,idle,383.93925422808024,266.28746425789063,402.9129432292001,268.5590014304343
1791246251.8048482,399.9528517223773,265.9744474931658,0.18305149508183302,0.09568689562568176,0.002207846293052416,-1.3220217457386674,0.17499593098958333,0.18550008138020832,0.17499593098958333,0.18550008138020832,0,idle,405.32161005357557,281.6729360955022,403.0354740243973,267.95877750523596
1791246251.8203032,399.95563034617857,264.6790391606408,0.2116801800187765,0.12289806118234149,0.0027786238012748234,-1.2954083325250343,0.17499593098958333,0.18550008138020832,0.17499593098958333,0.18550008138020832,0,idle,397.9160089858009,263.0016722106403,402.78214046507867,266.4802843246074
1791246251.837794,399.95895729214203,263.41077498125213,0.2400238620741314,0.15029954187448732,0.00332694596347859,-1.268264179388661,0.17499593098958333,0.18550008138020832,0.17499593098958333,0.18550008138020832,0,idle,386.78235864374653,273.7155941774989,401.9853119726774,265.63719884683275
1791246251.854659,399.9628066264443,262.17008587725195,0.26800515390821344,0.17776403538758836,0.0038493343023032816,-1.2406891040001726,0.17499593098958333,0.18550008138020832,0.17499593098958333,0.18550008138020832,0,idle,413.20192383846353,261.226900298658,402.54979943355386,264.2380292706238
1791246251.870882,399.96714966590554,260.9573110384281,0.29555984636423843,0.20517969182944024,0.004343039461243066,-1.2127748388238373,0.17499593098958333,0.18550008138020832,0.17499593098958333,0.18550008138020832,0,idle,393.68049248308364,258.662397657997,402.1104599735185,262.8071115931098
1791246251.888864,399.971955646534,259.7727039035987,0.3226352896376876,0.23244912813833488,0.0048059806284874405,-1.1846071348293827,0.17499593098958333,0.18550008138020832,0.17499593098958333,0.18550008138020832,0,idle,401.72829386419585,248.23036826885954,402.0959173496494,260.9528976488094
1791246251.9060009,399.9771923260137,258.61643742013814,0.34918888309118656,0.2594882630878657,0.0052366794796975995,-1.1562664834605452,0.17499593098958333,0.18550008138020832,0.17499593098958333,0.18550008138020832,0,idle,383.7727412823926,270.49504763670006,401.1847333917923,260.33155198891643
1791246251.92315,399.98282651752623,257.4886092530734,0.37518669557525386,0.28622508170451516,0.005634191512502293,-1.1278281670647692,0.17499593098958333,0.18550008138020832,0.17499593098958333,0.18550008138020832,0,idle,398.4371935351013,285.5831932766104,401.0527088808946,260.5226972945896
1791246251.940081,399.988824554943,256.3892472029924,0.4006022253334358,0.3125984014384443,0.005998037416757734,-1.0993620500809917,0.17499593098958333,0.18550008138020832,0.17499593098958333,0.18550008138020832,0,idle,409.2633722869071,269.8026610369113,401.4689401867412,259.9423015341288
1791246251.957236,399.9951526915909,255.31831486687204,0.42541529970302144,0.33855668564638614,0.006328136647892121,-1.0709323361203633,0.17499593098958333,0.18550008138020832,0.17499593098958333,0.18550008138020832,0,idle,395.80959541673775,280.1071117959817,401.1919846780565,259.9331563279071
1791246251.974472,400.001777436409,254.27571746539505,0.44961110900559026,0.3640569310108593,0.0066247448180965385,-1.0425974014769892,0.17499593098958333,0.18550008138020832,0.17499593098958333,0.18550008138020832,0,idle,386.91431193804414,254.35646767748884,400.4843945486331,258.66385436398303
1791246251.991271,400.00866588919985,253.2613011660314,0.4731800297138197,0.38906433804899077,0.006888452790861697,-1.0144162993636543,0.17499593098958333,0.18376057942708332,0.17499593098958333,0.18376057942708332,0,idle,400.0801407322873,230.73769135094338,400.4707258879671,256.30385072893563
1791246252.007977,400.015785954204,252.27486148518574,0.4961161402178993,0.413550466581512,0.007120065004129457,-0.986439680845651,0.17499593098958333,0.18376057942708332,0.17499593098958333,0.18376057942708332,0,idle,390.35382495039704,258.7157761894424,399.9716449028425,255.4873293051576
1791246252.0255628,400.02310650885045,251.31615074848364,0.5184166042028606,0.4374924753396756,0.007320554646449725,-0.9587107367020994,0.17499593098958333,0.18376057942708332,0.17499593098958333,0.18376057942708332,0,idle,390.08266918840525,254.404062145709,399.4841506440348,254.52239074731818
1791246252.0420249,400.03059753339244,250.38488471423173,0.5400811450613423,0.46087242302858367,0.007491024541990717,-0.9312660342518937,0.17499593098958333,0.18376057942708332,0.17499593098958333,0.18376057942708332,0,idle,421.53847962958025,254.70944535864473,400.59398356662695,253.6470407453452
1791246252.0595741,400.038230387953,249.48073062080562,0.5611134220049607,0.4836785748045651,0.007632854560538579,-0.9041540934261023,0.17499593098958333,0.17918294270833332,0.17499593098958333,0.17918294270833332,0,idle,414.03062236998466,251.54379246911537,401.2730667186273,252.6829319427789
1791246252.0760589,400.0459778289279,248.6033197263615,0.581518541338288,0.5059022367341286,0.007747440974938218,-0.8774108944441124,0.17499593098958333,0.17918294270833332,0.17499593098958333,0.17918294270833332,0,idle,376.54276612205865,241.9361640002529,400.0439117577251,251.31205319593067
1791246252.093558,400.0538140115493,247.75225699413326,0.6013027752171715,0.5275374979787171,0.007836182621391163,-0.8510627322282325,0.17499593098958333,0.17918294270833332,0.17499593098958333,0.17918294270833332,0,idle,386.80451533794957,235.04140452958598,399.38938631022666,249.6900111669966
1791246252.11008,400.06171448086167,246.92712859041697,0.6204733271578095,0.5485809402185549,0.007900469312343452,-0.8251284037162969,0.17499593098958333,0.17918294270833332,0.17499593098958333,0.17918294270833332,0,idle,404.41669070253533,235.59237251696197,399.6482569756888,248.2012572509644
1791246252.125664,400.0696560501721,246.1275166757759,0.6390372152877307,0.56903034548473,0.007941569310443052,-0.7996119146410845,0.17499593098958333,0.18147176106770832,0.17499593098958333,0.18147176106770832,0,idle,403.2835843812422,254.30204135375396,399.8375678368114,247.74666513719487
1791246252.1427588,400.0776169131825,245.35299119337992,0.6570031078871016,0.5888867451925849,0.00796086301040016,-0.7745254823959714,0.17499593098958333,0.17918294270833332,0.17499593098958333,0.17918294270833332,0,idle,411.07199991393924,244.27253379983807,400.40685226052767,246.83715936205084
1791246252.160109,400.08557757471067,244.60303403367456,0.6743883705509759,0.6081616425912486,0.007960661528135788,-0.7499571597053667,0.17499593098958333,0.15852254231770832,0.17499593098958333,0.15852254231770832,0,idle,392.7094777206802,249.18145027372606,400.02954616198707,246.2419146059145
1791246252.1777961,400.093520419554,243.87708186481433,0.6912087241391045,0.6268640659391861,0.007942844843346961,-0.7259521688602392,0.17499593098958333,0.15968221028645832,0.17499593098958333,0.15968221028645832,0,idle,393.17084080259804,242.02837667591777,399.69415659661877,245.34158314899744
1791246252.19525,400.10142935936943,243.17455695377186,0.7074782877760771,0.6450016535764667,0.00790893981543621,-0.7025249110424714,0.17499593098958333,0.16139119466145832,0.17499593098958333,0.16139119466145832,0,idle,388.10426187763693,233.39253725583504,399.1221753534943,244.07673218884898
1791246252.2120042,400.10928959326066,242.49488510108498,0.7232100381285893,0.6625817301444107,0.007860233891233517,-0.6796718526868678,0.17499593098958333,0.16255086263020832,0.17499593098958333,0.16255086263020832,0,idle,400.8868673961673,238.56027902328725,399.2178771778246,243.15522127051835
1791246252.228976,400.1170874813349,241.83750262862927,0.738416415078084,0.679612160120646,0.007797888074259817,-0.6573824724557202,0.17499593098958333,0.16255086263020832,0.17499593098958333,0.16255086263020832,0,idle,391.3603189856967,286.4804568926229,398.83240726188876,244.69696970279065
1791246252.2459269,400.1248100994713,241.20188613956338,0.7531067468613041,0.6960984543695803,0.007722618136356904,-0.6356164890658903,0.17499593098958333,0.16941731770833332,0.17499593098958333,0.16941731770833332,0,idle,394.5724338843862,227.9039814098128,398.6267450802432,243.25348462352918
1791246252.263308,400.1324444813266,240.5876022517967,0.7672843825337,0.7120410439684095,0.007634381855315165,-0.6142838877666823,0.17499593098958333,0.18492024739583332,0.17499593098958333,0.18492024739583332,0,idle,441.1115930279918,222.37351185824065,400.7582401403932,241.6259162918864
1791246252.280384,400.1399778755673,239.99427977034364,0.7809533684489167,0.7274433655703427,0.007533394240674455,-0.5933224814530743,0.17499593098958333,0.18550008138020832,0.17499593098958333,0.18550008138020832,0,idle,397.8492852314212,236.66555824953153,400.61994911947323,240.81424203238822
1791246252.297237,400.14739796037964,239.42158748415807,0.7941185607320076,0.7423109521908476,0.007420084812321943,-0.5726922861855821,0.17499593098958333,0.18550008138020832,0.17499593098958333,0.18550008138020832,0,idle,393.63895037159364,269.5628495994656,400.27794826265097,241.7076147388658
1791246252.3142772,400.15469299174333,238.86921863812225,0.8067854886496301,0.7566505842549576,0.007295031363692106,-0.5523688460358158,0.17499593098958333,0.18550008138020832,0.17499593098958333,0.18550008138020832,0,idle,398.14243020695096,228.15580644084307,400.17810263966146,240.50527392023065
1791246252.331272,400.16185190163776,238.33688028072143,0.8189602348046852,0.7704697456502518,0.007158909894437675,-0.532338357400823,0.17499593098958333,0.18550008138020832,0.17499593098958333,0.18550008138020832,0,idle,400.2845116632325,240.473734823582,400.1902240552397,239.99797552586745
1791246252.348243,400.16886435861454,237.82428614540711,0.8306493308581948,0.7837762843836497,0.007012456976805656,-0.5125941353143163,0.17499593098958333,0.18550008138020832,0.17499593098958333,0.18550008138020832,0,idle,393.59659793778883,228.5966971297778,399.8672045834951,238.94094717751437
1791246252.365352,400.1757208002855,237.33115206897395,0.8418596673239204,0.7965782076861592,0.006856441670936554,-0.49313407643316287,0.17499593098958333,0.18550008138020832,0.17499593098958333,0.18550008138020832,0,idle,407.92417584973185,238.1839700605103,400.27656676639435,238.43462094905266
1791246252.3816981,400.18241244504657,236.85719321021853,0.8525984159462238,0.8088835634322715,0.0066916447610590075,-0.4739588587554152,0.17499593098958333,0.18550008138020832,0.17499593098958333,0.18550008138020832,0,idle,376.77523680672715,245.81280123765933,399.107857330934,238.35326904766535
1791246252.3983822,400.1889312886385,236.4021225272423,0.8628729632132286,0.8207003754190206,0.0065188435919356445,-0.45507068297620823,0.17499593098958333,0.18550008138020832,0.17499593098958333,0.18550008138020832,0,idle,397.83533324394887,245.42080591004097,399.0504240279971,238.27432874195674
1791246252.4143932,400.1952700898157,235.96565011770977,0.8726908536441146,0.8320366110109573,0.00633880117722393,-0.43647240953253397,0.17499593098958333,0.18550008138020832,0.17499593098958333,0.18550008138020832,0,idle,410.1534887623244,236.7315539881924,399.61159912583184,237.7825412152126
1791246252.431126,400.20142234837067,235.54748313516737,0.8820597416002268,0.8429001671994544,0.006152258554930891,-0.4181669825424108,0.17499593098958333,0.18550008138020832,0.17499593098958333,0.18550008138020832,0,idle,403.11535017711304,244.52616947989614,399.7926313240231,237.7224639950315
1791246252.447725,400.20738227797074,235.14732607530354,0.8909873504905875,0.8532988662347485,0.005959929600050502,-0.40015705986383054,0.17499593098958333,0.18550008138020832,0.17499593098958333,0.18550008138020832,0,idle,399.8243075380785,225.62116529673384,399.7998770678459,236.73724985324597
1791246252.4655051,400.21314477565704,234.7648812857294,0.8994814383643555,0.8632404553942026,0.005762497686314953,-0.3824447895741413,0.17499593098958333,0.18550008138020832,0.17499593098958333,0.18550008138020832,0,idle,400.65344038252357,230.2371118174131,399.8480296063818,236.04892040135888
1791246252.482212,400.2187049671463,234.39984959006443,0.9072403932479226,0.872666331732767,0.005560191489290865,-0.36503169566494303,0.15241292317708333,0.18550008138020832,0.15241292317708333,0.18550008138020832,0,idle,406.6318548795972,230.13086807624504,400.1925030519574,235.40623767422147
1791246252.499139,400.2240582038571,234.0519309695597,0.9141631554827787,0.8815097875367388,0.00535323671078323,-0.3479186205047541,0.13733723958333333,0.18550008138020832,0.13733723958333333,0.18550008138020832,0,idle,404.17673904827825,223.44694691669577,400.39680042664867,234.47775044686568
1791246252.515763,400.22920035738366,233.72082525289372,0.9203751853549601,0.8897460740025727,0.005142153526531568,-0.3311057166659771,0.13733723958333333,0.18550008138020832,0.13733723958333333,0.18550008138020832,0,idle,404.73513700206513,227.72485075910652,400.61860230126973,233.82555503164505
1791246252.532216,400.23412796698653,233.40623277664955,0.9259759591396158,0.897377301110773,0.004927609602888953,-0.3145924762441692,0.13733723958333333,0.18550008138020832,0.13733723958333333,0.18550008138020832,0,idle,403.7733508929708,237.37111859523588,400.7810209599775,233.70397035739262
1791246252.5489438,400.23883828776496,233.10785499858676,0.931039147206583,0.9044208542304842,0.004710320778403058,-0.29837777806279214,0.13675740559895833,0.18550008138020832,0.13675740559895833,0.18550008138020832,0,idle,408.94674267710093,233.05654890917933,401.1937818505732,233.38814039582232
1791246252.565956,400.24333109194754,232.82528869202034,0.9356910551482239,0.9109261170706171,0.004492804182572221,-0.28256630656641196,0.14255574544270833,0.15910237630208332,0.14255574544270833,0.15910237630208332,0,idle,406.1322342155756,220.03221703941244,401.44497263279675,232.45190623676373
1791246252.582877,400.2476174244849,232.55749194458593,0.9400056643669511,0.9169931940629686,0.004286332537312832,-0.2677967474344159,0.14081624348958333,0.059248860677083334,0.14081624348958333,0.059248860677083334,0,idle,399.4304544495204,235.93075086952476,401.3483187395434,232.37144155833911
1791246252.600566,400.25171376714013,232.30314356890747,0.9440417210410381,0.922682740828153,0.004096342655253542,-0.2543483756784485,0.13965657552083333,-0.06352335611979167,0.13965657552083333,-0.06352335611979167,0,idle,391.446308900623,236.05095028545992,400.8571097731199,232.3137860378006
1791246252.6174972,400.25564521796076,232.06044403608126,0.9477348459772164,0.9280439782101126,0.0039314508206109225,-0.24269953282621654,0.12055257161458333,-0.19438273111979168,0.12055257161458333,-0.19438273111979168,0,idle,408.80917142372994,235.80014853627782,401.25844773393,232.25753960653958
1791246252.6345081,400.25943784997025,231.82753731568567,0.9503488576588457,0.9329168479187703,0.003792632009520489,-0.2329067203955789,0.06842854817708333,-0.36137491861979165,0.06842854817708333,-0.36137491861979165,0,idle,401.320598493286,220.63764577363426,401.2651582723068,231.4552835305185
1791246252.6515682,400.26311395083985,231.60282154853633,0.9522060630778073,0.9372118471561742,0.0036761008695707564,-0.22471576714934127,-0.013755289713541667,-0.5960856119791667,-0.013755289713541667,-0.5960856119791667,0,idle,397.11058505944857,235.82520344633048,401.06092190749,231.46029954751722
1791246252.6686459,400.26670532324965,231.38415913508643,0.9535503025862277,0.940957244637382,0.003591372409821754,-0.2186624134498929,-0.10985514322916667,-0.8514872233072917,-0.10985514322916667,-0.8514872233072917,0,idle,403.10381248273546,252.9167958230058,401.1664782400416,232.32539506851427
1791246252.685189,400.2702644386194,231.1681742326779,0.9538693188178436,0.9440652211410189,0.003559115369717234,-0.21598490240854867,-0.22103068033854167,-0.9897928873697917,-0.22103068033854167,-0.9897928873697917,0,idle,390.39390164241775,219.17543194067972,400.63123056976167,231.46271125483443
1791246252.701838,400.2738658150876,230.95020298730117,0.953815145267726,0.9465693447350305,0.003601376468250924,-0.21797124537673557,-0.3547892252604167,-0.9897928873697917,-0.3547892252604167,-0.9897928873697917,0,idle,397.009183382883,250.72611760138926,400.4535495180626,232.2188088890543
1791246252.7193751,400.27759926163003,230.7245059674532,0.9506411460083081,0.9476918315670391,0.0037334465423916885,-0.22569701984795582,-0.7242350260416667,-0.9897928873697917,-0.7242350260416667,-0.9897928873697917,0,idle,392.790655435666,253.16101774088452,400.073951588158,233.05150716279024
1791246252.735878,400.2815540109675,230.48458488755372,0.9363494215911214,0.944351898654418,0.003954749337462671,-0.2399210798994936,-0.9361490885416667,-0.9897928873697917,-0.9361490885416667,-0.9897928873697917,0,idle,390.8272877421446,229.7781126491605,399.615375407728,232.65991241120423
1791246252.752844,400.28579587604673,230.22351432241928,0.9009284814490995,0.9308578401335907,0.004241865079230599,-0.2610705651344433,-1.0108561197916666,-0.9897928873697917,-1.0108561197916666,-0.9897928873697917,0,idle,408.0079972926118,223.91397772417076,400.0390362737974,231.97459863997483
1791246252.769932,400.2903394359722,229.93424197287626,0.8349314002542262,0.899862718516394,0.004543559925461985,-0.28927234954300496,-1.0108561197916666,-0.9897928873697917,-1.0108561197916666,-0.9897928873697917,0,idle,397.2471944068116,223.9233961527637,399.90376056237733,231.2972297835484
1791246252.787373,400.29511421273,229.6098370453704,0.7289412692930609,0.8432510739441667,0.004774776757801077,-0.3244049275058645,-1.0108561197916666,-0.9897928873697917,-1.0108561197916666,-0.9897928873697917,0,idle,405.51712544094886,248.42136916138847,400.18896484422584,231.84525207130983
1791246252.804307,400.299925820044,229.24368155909943,0.5738745562445107,0.7528739430759266,0.004811607313960667,-0.36615548627096184,-1.0108561197916666,-0.9897928873697917,-1.0108561197916666,-0.9897928873697917,0,idle,405.3083689579141,248.07882932698396,400.44950607685854,232.3090832221361
1791246252.821643,400.3044139424671,228.82960775580602,0.361302358058583,0.6210013799551423,0.004488122423100919,-0.4140738032934138,-1.0108561197916666,-0.9897928873697917,-1.0108561197916666,-0.9897928873697917,0,idle,381.14977222473345,220.2327178988172,399.4887831005542,231.31189484284144
1791246252.8387399,400.3080094955413,228.36198887766525,0.08370595383423368,0.44054242899768353,0.003595553074230665,-0.46761887814076675,-1.0108561197916666,-0.9897928873697917,-1.0108561197916666,-0.9897928873697917,0,idle,401.8099578244459,242.93867649571575,399.60825761216927,231.44899599125142
1791246252.855744,400.3103358650906,227.83579059711013,-0.12090167268052202,0.25330810316624525,0.0023263695493275648,-0.526198280555123,0.17499593098958333,-0.9897928873697917,0.17499593098958333,-0.9897928873697917,0,idle,388.9569361529027,223.25265169486835,399.0779015902778,230.5392904099049
1791246252.872512,400.3111713377618,227.24658768642587,-0.2677862014455804,0.0812437023062028,0.0008354726711611218,-0.5892029106842694,0.17499593098958333,-0.9897928873697917,0.17499593098958333,-0.9897928873697917,0,idle,397.55529394119145,241.11268179190068,399.0025649068611,230.50821721385464
1791246252.889516,400.3104160213946,226.5905582511744,-0.36976673182675385,-0.06596719383244688,-0.0007553163671939439,-0.6560294352514816,0.17499593098958333,-0.9897928873697917,0.17499593098958333,-0.9897928873697917,0,idle,397.17317901803784,239.11322879922398,398.9103780618711,230.3152398296342
1791246252.906674,400.3080617360633,225.8644617787694,-0.43760143460739986,-0.185774405574752,-0.002354285331295388,-0.7260964724050057,0.17499593098958333,-0.9897928873697917,0.17499593098958333,-0.9897928873697917,0,idle,408.010070304606,230.51437786033233,399.3631261029431,229.63540508238435
1791246252.922979,400.30416473669044,225.065606159773,-0.4802156274595251,-0.2794996247048444,-0.0038969993728494856,-0.7988556189963781,0.17499593098958333,-0.9897928873697917,0.17499593098958333,-0.9897928873697917,0,idle,421.8698903106939,224.34678358349154,400.48476216392646,228.61206116939314
1791246252.940137,400.29882161428776,224.1918077945899,-0.5048978802649586,-0.3503491878275268,-0.005343122402657564,-0.8737983651831083,0.17499593098958333,-0.9897928873697917,0.17499593098958333,-0.9897928873697917,0,idle,388.0277917259258,210.937650346337,399.85683767574386,226.89823218131636
1791246252.957173,400.2921487474191,223.24134797137833,-0.5174973417533446,-0.4022482782129315,-0.0066728668686346845,-0.9504598232115671,0.17499593098958333,-0.9897928873697917,0.17499593098958333,-0.9897928873697917,0,idle,402.64780333227907,218.92660243177764,399.9900467350454,225.59671386178843
1791246252.974188,400.28426572260815,222.21295212278807,-0.5226228274434012,-0.4391841975445452,-0.007883024810941757,-1.028395848590266,0.17499593098958333,-0.9868937174479167,0.17499593098958333,-0.9868937174479167,0,idle,381.9718655628032,221.89927294362965,399.08164880286284,224.43486575971974
1791246252.991267,400.27528215449126,221.1057354169895,-0.5238380892736078,-0.4648676640325666,-0.00898356811686588,-1.1072167057985645,0.17499593098958333,-0.9868937174479167,0.17499593098958333,-0.9868937174479167,0,idle,400.49934892065295,215.60824591893538,399.1439994190413,222.94167889717187
1791246253.0083609,400.26528778988813,219.91912845733557,-0.5238411723542298,-0.48257037894273613,-0.009994364603151118,-1.1866069596539046,0.17499593098958333,-0.9897928873697917,0.17499593098958333,-0.9897928873697917,0,idle,404.3410360760019,224.28645742575145,399.39435660551635,221.88164121192963
1791246253.02527,400.25435637652083,218.65284207895292,-0.52305580897896,-0.494602408263821,-0.010931413367292971,-1.2662863783826512,0.17499593098958333,-0.9897928873697917,0.17499593098958333,-0.9897928873697917,0,idle,397.93611689120297,225.39223498633666,399.3110597771017,220.85419884118645
1791246253.0414941,400.2425606868647,217.3068335320592,-0.520055336270083,-0.5020963164894403,-0.011795689656136078,-1.3460085468937322,0.17499593098958333,-0.9897928873697917,0.17499593098958333,-0.9897928873697917,0,idle,392.9946216916152,219.48231719565067,398.98403196765406,219.5068966393606
1791246253.058244,400.22998252050684,215.88127483018562,-0.5138481228463961,-0.5055261101880519,-0.012578166357864585,-1.4255587018735563,0.17499593098958333,-0.9897928873697917,0.17499593098958333,-0.9897928873697917,0,idle,412.492768210356,242.5592700173694,399.6475195217492,219.30523454148116
1791246253.074975,400.2167188609099,214.37652360889456,-0.5037836220644486,-0.5050217100943979,-0.013263659596912425,-1.504751221291071,0.17499593098958333,-0.9897928873697917,0.17499593098958333,-0.9897928873697917,0,idle,421.42706153085305,216.12157437283375,400.7238961455873,217.71653787282227
1791246253.092764,400.2028851798434,212.79309664403462,-0.489470606242924,-0.5005544258168421,-0.013833681066492225,-1.58342696485995,0.17499593098958333,-0.9897928873697917,0.17499593098958333,-0.9897928873697917,0,idle,408.95432762320996,224.11539967400446,401.12227572245524,216.53222534626445
1791246253.109534,400.1886166841491,211.13164604084182,-0.47071142672458266,-0.49204260675577277,-0.014268495694276693,-1.6614506031928113,0.17499593098958333,-0.9897928873697917,0.17499593098958333,-0.9897928873697917,0,idle,425.64840098807554,214.5413763196057,402.3350269148267,214.85430482189835
1791246253.1263208,400.17398927018326,209.39293863416026,-0.456622010369069,-0.4820070996609762,-0.014627413965840773,-1.738707406681561,0.07654622395833333,-0.9897928873697917,0.07654622395833333,-0.9897928873697917,0,idle,391.99206699150056,191.76515266149494,401.8039828753928,212.0480751775307
1791246253.143012,400.15903982030846,207.57783696615502,-0.4460611413169317,-0.4718859732132046,-0.01494944987478932,-1.8151016680052512,-0.09596964518229167,-0.9897928873697917,-0.09596964518229167,-0.9897928873697917,0,idle,400.524302511845,212.8828622993837,401.7257968798344,210.36546794901838
1791246253.160615,400.1437197107454,205.6872830604262,-0.4447379166480334,-0.4642863682082927,-0.015320109563053737,-1.8905539057288059,-0.2621683756510417,-0.9897928873697917,-0.2621683756510417,-0.9897928873697917,0,idle,399.84320601543476,212.3683088507501,401.6171132325295,208.6695837836626
1791246253.1772249,400.1279518714436,203.72228347703256,-0.4479976847855106,-0.45975137182723214,-0.015767839301817653,-1.964999583393644,-0.4347147623697917,-0.9897928873697917,-0.4347147623697917,-0.9897928873697917,0,idle,420.3897847711291,172.3214645007176,402.5407673621228,204.9854282152914
1791246253.193911,400.1114081332655,201.68389852197174,-0.4787286892012689,-0.46500812355006393,-0.016543738178094926,-2.0383849550608346,-0.6090006510416667,-0.9897928873697917,-0.6090006510416667,-0.9897928873697917,0,idle,384.95733278272115,191.68918692118325,401.6458790818835,202.38415044327817
1791246253.210788,400.09315424993986,199.57323526746436,-0.5756299707286647,-0.49550509676088705,-0.01825388332562905,-2.1106632545073776,-0.7618631998697917,-0.9897928873697917,-0.7618631998697917,-0.9897928873697917,0,idle,404.44523588830685,217.2154281843989,401.7685057330453,201.1205842385522
1791246253.228224,400.07129701847003,197.39144660959403,-0.7813996518270463,-0.5739718272604617,-0.021857231469829194,-2.181788657870316,-0.8689798990885417,-0.9897928873697917,-0.8689798990885417,-0.9897928873697917,0,idle,383.15919655910494,213.3329286813077,400.81727590445195,199.65850223571317
1791246253.244653,400.04273172890436,195.13974122819528,-1.1332063334276234,-0.7268192165617555,-0.02856528956568307,-2.2517053813987427,-0.9355692545572917,-0.9897928873697917,-0.9355692545572917,-0.9897928873697917,0,idle,378.01142469728086,192.61849005830828,399.649846319006,197.16738151451412
1791246253.262207,400.00316295589704,192.8194056658506,-1.6456719991517899,-0.9769724709042088,-0.03956877300733425,-2.320335562344675,-0.9355692545572917,-0.9897928873697917,-0.9355692545572917,-0.9897928873697917,0,idle,401.38766555873707,194.76017862540903,399.69914694663555,194.84270258583143
1791246253.278712,399.94720876366193,190.43183979181185,-2.324636255264025,-1.3425189044245474,-0.05595419223511905,-2.3875658740387458,-0.9355692545572917,-0.9897928873697917,-0.9355692545572917,-0.9897928873697917,0,idle,401.96919859624023,198.85565044111613,399.7594930464924,192.77516239825886
1791246253.296244,399.8686128880767,187.97859977509384,-3.1644010336846486,-1.8349905295934572,-0.078595875585235,-2.453240016718025,-0.9222635904947917,-0.9897928873697917,-0.9222635904947917,-0.9897928873697917,0,idle,399.808495235916,206.88550756828744,399.68727707415763,191.15010164087818
1791246253.312814,399.7605311320244,185.46143964209082,-4.149690460623704,-2.4586544443840332,-0.10808175605230384,-2.517160133003027,-0.8985209147135417,-0.9897928873697917,-0.8985209147135417,-0.9897928873697917,0,idle,404.0850985649224,169.9204901676913,399.8044904804462,187.69731894086596
1791246253.330312,399.61579565816885,182.88234698078185,-5.263128634850067,-3.2119988786641396,-0.14473547385558688,-2.579092661308986,-0.8770975748697917,-0.9897928873697917,-0.8770975748697917,-0.9897928873697917,0,idle,401.08595242743417,172.41327087315892,399.7310648776328,184.48297850923709
1791246253.346803,399.42727514550705,180.24355398293628,-6.4762566180673815,-4.086379321258514,-0.1885205126618067,-2.638792997845559,-0.8371195475260417,-0.9897928873697917,-0.8371195475260417,-0.9897928873697917,0,idle,398.7949930598662,179.90015688824568,399.50516679971577,181.74698408023423
1791246253.364309,399.19404623409895,177.54675099671877,-7.2919870291775215,-4.94283982887374,-0.23322891140808805,-2.6968029862175147,0.17499593098958333,-0.9897928873697917,0.17499593098958333,-0.9897928873697917,0,idle,405.2242779413067,172.51892736011368,399.5695548909576,178.72361840732157
1791246253.3807878,398.9186098098338,174.79318681899053,-7.829651498639347,-5.7122414138842315,-0.27543642426515613,-2.75356417772825,0.17499593098958333,-0.9897928873697917,0.17499593098958333,-0.9897928873697917,0,idle,381.0370350858072,189.59738130271398,398.3812642976482,176.65142058324938
1791246253.3978848,398.6051302838582,171.9838097232272,-8.174413202587228,-6.366914025199909,-0.31347952597556855,-2.8093770957633124,0.17499593098958333,-0.9897928873697917,0.17499593098958333,-0.9897928873697917,0,idle,392.3176838475828,197.2905152116342,397.7802797254681,175.01446707369345
1791246253.415415,398.25835148265446,169.11939326216304,-8.387300416295071,-6.902884559471802,-0.34677880120375837,-2.8644164610641525,0.17499593098958333,-0.9897928873697917,0.17499593098958333,-0.9897928873697917,0,steering,403.92040106297964,164.10146739469707,397.7578459312001,171.74762145173267
1791246253.431823,397.88042622218563,166.2090956969853,-8.791159585795782,-7.398908083675792,-0.3779252604688484,-2.9102975651777525,0.17499593098958333,-0.9897928873697917,-1.0,0.0,1,steering,407.9095977064687,141.57236227459663,397.90640452251813,167.474075805957
1791246253.44964,397.47107968161095,163.26608824455974,-9.402812910683718,-7.918536546845367,-0.40934654057471576,-2.9430074524255616,0.17499593098958333,-0.9897928873697917,-1.0,0.0,1,steering,394.8444487603801,165.2012239482191,397.36442752086526,164.56457613326583
1791246253.466378,397.02813654103795,160.30491451845526,-10.220754273171407,-8.50743338011947,-0.44294314057301476,-2.9611737261044695,0.17499593098958333,-0.9897928873697917,-1.0,0.0,1,steering,410.83482187507593,156.045731202883,397.61715125503144,161.32551884694743
1791246253.483507,396.5481666441543,157.33997281067192,-11.232186067166419,-9.195370037146466,-0.47996989688363867,-2.9649417077833413,0.17499593098958333,-0.9897928873697917,-1.0,0.0,1,steering,374.76157518188336,160.57913670543195,396.0184010493346,158.47150511747748
1791246253.5003672,396.0271038820706,154.3847087431409,-12.418072926819802,-9.999435377153613,-0.5210627620837297,-2.9552640675310387,0.17499593098958333,-0.9897928873697917,-1.0,0.0,1,steering,401.72676776236875,148.39679500378878,395.8088097610068,155.16026874763855
1791246253.5176902,395.4607665230871,151.45124291563565,-13.756570683207736,-10.927134134284291,-0.5663373589835063,-2.9334658275052554,0.17499593098958333,-0.9897928873697917,-1.0,0.0,1,steering,396.52424221014934,129.4414636738987,395.30656089242956,151.0875359578216
1791246253.53477,394.8452543032952,148.5502536597275,-15.225243438651379,-11.978983717076003,-0.61551221979194,-2.900989255908156,0.17499593098958333,-0.9897928873697917,-1.0,0.0,1,steering,386.5913690077015,144.1243667273681,394.28606468939086,147.98343770318618
1791246253.551858,394.17722439479223,145.69100050262404,-16.80242304432177,-13.150570655193965,-0.6680299085029449,-2.8592531571034563,0.17499593098958333,-0.9897928873697917,-1.0,0.0,1,steering,381.7851373465586,146.54307560903143,393.0263899091714,145.19512909923014
1791246253.569036,393.4540615499947,142.88141793601272,-18.46798276173307,-14.434138263603685,-0.7231628447975262,-2.809582566611309,0.17499593098958333,-0.9897928873697917,-1.0,0.0,1,steering,397.1877685596105,151.0996276431054,392.54745413913577,142.82125058814316
1791246253.5862012,392.67396258651894,140.12823791540853,-20.20372223947347,-15.819796743455344,-0.7800989634757609,-2.7531800206042036,0.17499593098958333,-0.9897928873697917,-1.0,0.0,1,steering,399.85672357976483,125.19758628848543,392.17182359586525,139.3245463535863
1791246253.60347,391.83595560492944,137.43711788835373,-21.993502212032897,-17.296437261954424,-0.8380069815894824,-2.6911200270547972,0.17499593098958333,-0.9897928873697917,-1.0,0.0,1,steering,379.53749062100826,149.9985945884023,390.7440003146124,137.30168473962505
1791246253.619644,390.93987226061756,134.8127624812419,-23.823223986053083,-18.852415486273113,-0.8960833443118839,-2.624355407111825,0.17499593098958333,-0.9897928873697917,-1.0,0.0,1,steering,373.9303366208969,136.3322571146536,389.05203795283035,134.76007572162024
1791246253.636717,389.98628842997505,132.2590336849635,-25.68071784954894,-20.476055218385063,-0.9535838306425384,-2.553728796278385,0.17499593098958333,-0.9897928873697917,-1.0,0.0,1,steering,389.48050072532004,111.44321731796006,388.16755645234446,131.16819044497277
1791246253.6529028,388.976445487921,129.7790481412074,-27.555582898685262,-22.156011058069595,-1.0098429420540576,-2.4799855437561025,0.17499593098958333,-0.9897928873697917,-1.0,0.0,1,steering,372.97615086849754,140.71262858761267,386.4486353782008,129.28942608553646
1791246253.669889,387.9121615348444,127.37526207079702,-29.43900583540181,-23.88152030286743,-1.0642839530765789,-2.4037860704103755,0.17499593098958333,-0.9897928873697917,-1.0,0.0,1,steering,393.7523583924305,128.23022107620042,385.8027517734895,126.95286906817981
1791246253.686988,386.79573943912845,125.04954524293242,-31.3235760862954,-25.642567930310584,-1.1164220957159632,-2.325716827864597,0.17499593098958333,-0.9897928873697917,-1.0,0.0,1,steering,393.07023515508996,115.07262870874115,385.1055249516393,124.14942606373651
1791246253.704205,385.6298765363738,122.80324563264968,-33.20310770378872,-27.429983826974617,-1.165862902754665,-2.2462996102827417,0.17499593098958333,-0.9897928873697917,-1.0,0.0,1,steering,383.89749359579434,131.40371339454316,383.93755362623017,122.37815580050824
1791246253.721544,384.4175792249215,120.63724634625905,-35.072473920609035,-29.23548788905082,-1.2122973114522786,-2.165999286390633,0.17499593098958333,-0.9897928873697917,-1.0,0.0,1,steering,381.68081198196404,123.19663054954187,382.6730340981372,120.36138021588883
1791246253.738657,383.16208446777296,118.55201618573071,-36.92745722370514,-31.051695833374993,-1.2554947571485506,-2.085230160528346,0.17499593098958333,-0.9897928873697917,-1.0,0.0,1,steering,365.9006140870593,107.9634668297922,380.6416930782922,117.76051589408208
1791246253.755782,381.86678929311535,116.54765497192086,-38.76461589379382,-32.87209627301101,-1.2952951746575916,-2.004361213809842,0.17499593098958333,-0.9897928873697917,-1.0,0.0,1,steering,366.892489794792,106.98308790441169,378.72370249819244,115.3175013414792
1791246253.772803,380.5351887201855,114.6239345049974,-40.581166772921826,-34.69100767477492,-1.3316005729298324,-1.923720466923469,0.17499593098958333,-0.9897928873697917,-1.0,0.0,1,steering,382.3685956492769,139.38481506518445,377.64092661146327,114.69333258408717
1791246253.7897332,379.17082207088356,112.78033583199736,-42.3748833324108,-36.503522142747464,-1.3643666493019144,-1.8435986730000253,0.17499593098958333,-0.9897928873697917,-1.0,0.0,1,steering,393.2308921463732,127.17141644181862,377.1242765713719,113.56581803762371
1791246253.8059242,377.7772273148482,111.01608332355569,-44.144007749733525,-38.30544151861454,-1.3935947560353814,-1.7642525084416731,0.17499593098958333,-0.9897928873697917,-1.0,0.0,1,steering,383.86758915362867,117.0848347219043,376.1375271822511,112.06572898881815
1791246253.823827,376.3579028989925,109.33017593334702,-45.887175550060135,-40.09321003535837,-1.4193244158556695,-1.6859073902086676,0.17499593098958333,-0.9897928873697917,-1.0,0.0,1,steering,395.16213511521374,112.52527872802517,375.74039938383635,110.48709445508027
1791246253.840959,374.9162764014629,107.72141591955416,-47.60335134786298,-41.8638466932776,-1.4416264975296496,-1.6087600137928586,0.17499593098958333,-0.9897928873697917,-1.0,0.0,1,steering,360.6925783658966,104.27501873028245,373.61846316028624,108.64816865573717
1791246253.858272,373.45567930069046,106.18843524123326,-49.291774283070765,-43.614879636063876,-1.4605971007723932,-1.532980678320892,0.17499593098958333,-0.9897928873697917,-1.0,0.0,1,steering,378.53030431959587,114.46104080889502,372.47648797251793,107.48248061899021
1791246253.875326,371.97932714412127,104.7297197973756,-50.95191184953571,-45.34428407734264,-1.4763521565691722,-1.4587154438576642,0.17499593098958333,-0.9897928873697917,-1.0,0.0,1,steering,369.44660380270943,113.54051746450695,370.9224592152868,106.39960278960126
1791246253.892221,370.49030442420127,103.34363164710493,-52.58342093796834,-47.050424749498866,-1.4890227199200265,-1.3860881502706603,0.17499593098958333,-0.9897928873697917,-1.0,0.0,1,steering,369.3316470572837,101.28945368959789,369.4283470234626,104.82731159184397
1791246253.90916,368.9915535106913,102.02842933113946,-54.18611504632466,-48.73200339920537,-1.4987509135099586,-1.3152023159654636,0.17499593098958333,-0.9897928873697917,-1.0,0.0,1,steering,366.2646900616715,94.75919132031969,367.84635080753856,103.07446337810056
1791246253.926303,367.4858670406211,100.78228640374547,-55.7599367388981,-50.38801151906478,-1.5056864700701855,-1.2461429273939832,0.17499593098958333,-0.9897928873697917,-1.0,0.0,1,steering,387.15779056552117,104.72105152883265,367.381520648871,101.97295700461288
1791246253.943307,365.9758832245823,99.60330827819143,-57.30493455587357,-52.017688263341114,-1.5099838160388075,-1.178978125554038,0.17499593098958333,-0.9897928873697917,-1.0,0.0,1,steering,361.98249417738793,100.60579230827929,365.67708470006,100.78456955051986
1791246253.96018,364.46408358670715,98.48954748521633,-58.82124368514745,-53.62048333004654,-1.5117996378751015,-1.1137607929751017,0.17499593098958333,-0.9897928873697917,-1.0,0.0,1,steering,369.8874400722676,110.65672491708878,364.451392812689,100.22010456552196
1791246253.976827,362.9527927129453,97.43901744190612,-60.30906980672244,-55.19602448551148,-1.5112908737618143,-1.0505300433102132,0.17499593098958333,-0.9897928873697917,-1.0,0.0,1,steering,346.80414187864363,120.34637213425236,362.133303935913,100.22841440281378
1791246253.992696,361.44417963644554,96.44970482674388,-61.76867560687364,-56.74408934694282,-1.5086130764997974,-0.9893126151622343,0.17499593098958333,-0.9897928873697917,-1.0,0.0,1,steering,360.57656227499365,109.4811635773984,360.6222844301922,99.75120487713889
1791246254.0085251,359.9402605389775,95.51958065492319,-63.200369535073506,-58.26458101154394,-1.5039190974680667,-0.9301241718206923,0.17499593098958333,-0.9897928873697917,-1.0,0.0,1,steering,358.1043829682054,91.15397915332002,359.0676662144982,98.4377256277183
1791246254.0257359,358.4429024928829,94.64661014599348,-64.60449644220927,-59.75750711788949,-1.497358046094587,-0.8729705089297075,0.17499593098958333,-0.9897928873697917,-1.0,0.0,1,steering,361.0509875484905,93.20871272468645,357.744342137408,97.34695299908347
1791246254.042658,356.9538280088703,93.82876147341162,-65.98142979492837,-61.222961938774425,-1.4890744840126613,-0.8178486725818619,0.17499593098958333,-0.9897928873697917,-1.0,0.0,1,steering,362.8337878947545,87.14850785106483,356.5841936654633,96.06007450272978
1791246254.05966,355.4746201911394,93.06401348258223,-67.33156520904859,-62.66111112879584,-1.479207817730861,-0.7647479908293955,0.17499593098958333,-0.9897928873697917,-1.0,0.0,1,idle,361.27398203886946,81.10741287256808,355.4134356572893,94.58593082993377
1791246254.076475,354.0071879355112,92.34739453631924,-68.21964665272846,-63.971480192932574,-1.467432255628261,-0.7166189462629865,0.17499593098958333,-0.9897928873697917,0.17499593098958333,-0.9897928873697917,0,idle,359.99564301647007,104.39377498868566,354.2484853824015,94.39553503892154
1791246254.093506,352.5522503051703,91.67249723446086,-68.80216822234283,-65.1149787134571,-1.4549376303409118,-0.6748973018583765,0.17499593098958333,-0.9897928873697917,0.17499593098958333,-0.9897928873697917,0,idle,361.56754090963494,67.99604042421153,353.2322474099393,92.43440787142058
1791246254.110604,351.1088527899987,91.03240432970186,-69.1809708174134,-66.08450143671526,-1.443397515171558,-0.6400929047589978,0.17499593098958333,-0.9897928873697917,0.17499593098958333,-0.9897928873697917,0,idle,362.0805196037638,105.88298988440766,352.30343338021754,92.49874871254887
1791246254.12767,349.67441242811896,90.4202329331394,-69.4236682102978,-66.88882395106366,-1.4344403618797528,-0.6121713965624566,0.17499593098958333,-0.9897928873697917,0.17499593098958333,-0.9897928873697917,0,idle,360.5190333428483,109.94375629915817,351.3514950345633,92.789436265145
1791246254.1443741,348.2450048093572,89.82943898448356,-69.57563740074687,-67.54401503018585,-1.429407618761731,-0.5907939486558393,0.17499593098958333,-0.9897928873697917,0.17499593098958333,-0.9897928873697917,0,idle,334.9387878945025,84.3694871653084,349.1729224397366,91.80718455893012
1791246254.161174,346.8157326973848,89.25397517556898,-69.66755774688886,-68.0689437996684,-1.4292721119723977,-0.5754638089145838,0.17499593098958333,-0.9897928873697917,0.17499593098958333,-0.9897928873697917,0,idle,351.51278935499954,89.70135896584829,347.932107279126,91.15520266080718
1791246254.178416,345.381091141111,88.68836121296012,-69.72029984316295,-68.48293599103354,-1.434641556273788,-0.5656139626088641,0.17499593098958333,-0.9897928873697917,0.17499593098958333,-0.9897928873697917,0,idle,339.72328375248037,95.14340098841464,346.1587566243336,90.81727931270913
1791246254.195536,343.93528812024823,88.12770260008871,-69.74813777368665,-68.80452714437183,-1.445803020862799,-0.5606586128714022,0.17499593098958333,-0.9897928873697917,0.17499593098958333,-0.9897928873697917,0,idle,353.3425263565014,89.20963804352755,345.14443224112233,90.20427156702222
1791246254.212467,342.4725051201029,87.56767976213224,-69.76087397876239,-69.05077959854202,-1.462783000145333,-0.560022837956472,0.17499593098958333,-0.9897928873697917,0.17499593098958333,-0.9897928873697917,0,idle,343.11611982154625,66.02526954057691,343.65337277000543,88.46329976964131
1791246254.228972,340.98709594852886,87.00452054859379,-69.76525296568302,-69.2369129169474,-1.4854091715740254,-0.5631592135384507,0.17499593098958333,-0.9897928873697917,0.17499593098958333,-0.9897928873697917,0,idle,335.5107217586079,78.33550097100253,341.83510150644025,87.42190857684784
1791246254.246469,339.47372916275475,86.4349638847209,-69.76590862143507,-69.37613619131096,-1.5133667857741144,-0.5695566638728876,0.17499593098958333,-0.9897928873697917,0.17499593098958333,-0.9897928873697917,0,idle,333.4594831372868,98.89003121594604,339.97862214149717,87.45423587812351
1791246254.262912,337.92748300847535,85.85621784732004,-69.76581237772122,-69.47957692070054,-1.546246154279392,-0.5787460374008551,0.17499593098958333,-0.9897928873697917,0.17499593098958333,-0.9897928873697917,0,idle,354.4048925447929,99.55456515671096,339.23100181509653,87.50944360652207
1791246254.280341,336.34390896389414,85.26589612085097,-69.76414351968606,-69.55564643049131,-1.5835740445812168,-0.5903217264690674,0.17499593098958333,-0.9897928873697917,0.17499593098958333,-0.9897928873697917,0,idle,335.8144685630306,88.58325721692637,337.5557798101411,87.00232864689667
1791246254.296927,334.71906371021555,84.66195857952016,-69.75949868797935,-69.61043998770536,-1.6248452536785796,-0.6039375413308148,0.17499593098958333,-0.9897928873697917,0.17499593098958333,-0.9897928873697917,0,idle,350.8872663311469,107.2396433855104,336.6787511451967,87.4404537195631
1791246254.3144782,333.0495149678894,84.04266302827556,-69.75099068895885,-69.6483750040311,-1.6695487423261093,-0.6192955512446005,0.17499593098958333,-0.9897928873697917,0.17499593098958333,-0.9897928873697917,0,idle,311.8330736458317,68.62490551005342,333.85039596501866,85.91134553540523
1791246254.33092,331.3323289728119,83.40652503587954,-69.73809783474113,-69.67266222481888,-1.7171859950774828,-0.6361379923960225,0.17499593098958333,-0.9897928873697917,0.17499593098958333,-0.9897928873697917,0,idle,326.8015608625252,77.31886493086601,331.8666275145704,84.87739041240205
1791246254.348363,329.5650456384387,82.7522838772821,-69.72055605778529,-69.68565099284466,-1.7672833343732743,-0.6542411585974416,0.17499593098958333,-0.9897928873697917,0.17499593098958333,-0.9897928873697917,0,idle,343.5524172947601,72.72509252607799,330.7719978359253,83.64824641741828
1791246254.3639328,327.74564601621296,82.07887327249168,-69.69828106161718,-69.68907964533763,-1.8193996222257351,-0.6734106047904124,0.17499593098958333,-0.9897928873697917,0.17499593098958333,-0.9897928873697917,0,idle,334.74848611848455,74.085683091107,329.2423926089388,82.53037817655182
1791246254.3810718,325.8725155016214,81.38539602343859,-69.67131186987538,-69.68425504541982,-1.873130514591521,-0.6934772490530932,0.17499593098958333,-0.9897928873697917,0.17499593098958333,-0.9897928873697917,0,idle,332.1668247362454,96.89046504680677,327.6091402264422,82.58957913346413
1791246254.3975308,323.94440530310044,80.67110190785583,-69.63976981747119,-69.6721798415236,-1.9281101985209845,-0.714294115582755,0.17499593098958333,-0.9897928873697917,0.17499593098958333,-0.9897928873697917,0,idle,336.2842975946292,75.60439608543568,326.2111934062566,81.56174057125908
1791246254.414061,321.9603939607218,79.93536835128272,-69.6038288044822,-69.65364171780952,-1.9840113423786885,-0.7357335565731136,0.17499593098958333,-0.9897928873697917,0.17499593098958333,-0.9897928873697917,0,idle,307.58356661941264,66.7134752270697,323.3950012916547,80.12038042530516
1791246254.430061,319.9198501373145,79.17768350262371,-69.56369383018674,-69.62927540452482,-2.040543823407304,-0.7576848486590044,0.17499593098958333,-0.9897928873697917,0.17499593098958333,-0.9897928873697917,0,idle,337.0605158710601,96.46900081693457,322.139760388388,80.21801083866056
1791246254.446801,317.82239747578586,78.3976314082255,-69.5195856459295,-69.59960543558809,-2.097452661528626,-0.7800520943982149,0.17499593098958333,-0.9897928873697917,0.17499593098958333,-0.9897928873697917,0,idle,318.37281138594767,82.51205981374588,319.9588329098138,79.59166379773652
1791246254.464266,315.6678819961088,77.59487902799947,-69.47172994026732,-69.56507547408535,-2.154515479677066,-0.8027523802260309,0.17499593098958333,-0.9897928873697917,0.17499593098958333,-0.9897928873697917,0,idle,322.0663280189576,77.10228360136868,318.01741795957776,78.7045800267034
1791246254.480811,313.456342270981,76.76916487295462,-69.42034987986301,-69.52606837810502,-2.2115397251277935,-0.825714155044855,0.17499593098958333,-0.9897928873697917,0.17499593098958333,-0.9897928873697917,0,idle,326.1006744324218,73.70316559874391,316.3206180443485,77.67008085801281
1791246254.498471,311.18798245159394,75.92028907146613,-69.36566112725899,-69.48291995299164,-2.2683598193870855,-0.8488758014884962,0.17499593098958333,-0.9897928873697917,0.17499593098958333,-0.9897928873697917,0,idle,314.65845777210984,59.52991888734013,314.0825682023189,75.95664074806511
1791246254.5153651,308.863148098798,75.04810469451039,-69.30786867601844,-69.43592844164502,-2.324834352795944,-0.8721843769557396,0.17499593098958333,-0.9897928873697917,0.17499593098958333,-0.9897928873697917,0,idle,301.8735962534917,73.96819341416243,311.2635269697214,75.02864322326202
1791246254.5315452,306.4823046977575,74.15251018957561,-69.24716500731975,-69.3853611634066,-2.3808434010404644,-0.8955945049347782,0.17499593098958333,-0.9897928873697917,0.17499593098958333,-0.9897928873697917,0,idle,296.38818868533315,71.49659852394095,308.25795882451354,74.00122620860793
1791246254.54834,304.04601868605937,73.2334427899455,-69.18372919519712,-69.33145925958148,-2.4362860116981153,-0.9190673996301035,0.17499593098958333,-0.9897928873697917,0.17499593098958333,-0.9897928873697917,0,idle,308.61745460432587,65.84081659839045,305.96146190239097,72.72009169844846
1791246254.5657558,301.554940798417,72.29087278109722,-69.11772668082104,-69.27444118860342,-2.4910778876423443,-0.9425700088482794,0.17499593098958333,-0.9897928873697917,0.17499593098958333,-0.9897928873697917,0,idle,305.56079136334154,64.20504794379946,303.57490438217826,71.39889800231015
1791246254.58203,299.01455149642646,71.32662747895353,-69.04979087877352,-69.21494289995286,-2.540389301990542,-0.9642453021436892,0.17499593098958333,-0.37284952799479165,0.17499593098958333,-0.37284952799479165,0,idle,310.3676261500373,88.7821401171554,301.5011706336802,71.3520270710159
1791246254.598227,296.4363238913932,70.34486902856396,-68.980805661345,-69.15376097925434,-2.578227605033271,-0.9817584503895578,0.17499593098958333,0.18550008138020832,0.17499593098958333,0.18550008138020832,0,idle,307.5815628690266,67.12862839238065,299.35587402066596,70.20818660921405
1791246254.615081,293.83386489679543,69.3506394213676,-68.91142134160316,-69.0914087951334,-2.6024589945978,-0.994229607196359,0.17499593098958333,0.18550008138020832,0.17499593098958333,0.18550008138020832,0,idle,298.6130652448991,55.45702150740789,296.84639753700975,68.5261102272872
1791246254.632145,291.2207148449775,68.34902261256268,-68.84211146486547,-69.02824070677944,-2.6131500518179327,-1.0016168088049242,0.17499593098958333,0.18550008138020832,0.17499593098958333,0.18550008138020832,0,idle,311.73498258774026,60.27850275618188,295.10833424031927,67.16219388536726
1791246254.649442,288.6091928331028,67.34469744220995,-68.7732169684056,-68.96452203332503,-2.611522011874752,-1.0043251703527307,0.17499593098958333,0.18550008138020832,0.17499593098958333,0.18550008138020832,0,idle,296.5282696547515,70.57207026560901,292.6983850997599,66.37857879254426
1791246254.6665778,286.00988402667804,66.34173197117397,-68.70498004868936,-68.90046666068176,-2.599308806424725,-1.0029654710359774,0.17499593098958333,0.18550008138020832,0.17499593098958333,0.18550008138020832,0,idle,294.2615993552231,70.23633207425446,290.3072024464295,65.6186492591456
1791246254.6828868,283.43150629757855,65.34352176198607,-68.6375698559953,-68.83625671424869,-2.5783777290994636,-0.9982102091878963,0.17499593098958333,0.18550008138020832,0.17499593098958333,0.18550008138020832,0,idle,281.542811885754,76.16994043240543,287.41952407575127,65.19791411908008
1791246254.699859,280.8809881831024,64.35280946694098,-68.57110182082666,-68.77205258262201,-2.550518114476165,-0.9907122950450893,0.17499593098958333,0.18550008138020832,0.17499593098958333,0.18550008138020832,0,idle,307.42033438409936,57.07959156383201,285.99657238241633,63.850821311024845
1791246254.717111,278.36365298757534,63.371746270737354,-68.50565208824281,-68.70799783683916,-2.5173351955270236,-0.9810631962036264,0.17499593098958333,0.18550008138020832,0.17499593098958333,0.18550008138020832,0,idle,282.40165761671585,83.11586913353084,283.4253582083806,63.8820636657567
1791246254.7338722,275.88344511584006,62.40197101405908,-68.44126823526467,-68.64422151649221,-2.4802078717352902,-0.969775256678272,0.17499593098958333,0.18550008138020832,0.17499593098958333,0.18550008138020832,0,idle,274.6647775426801,67.91359037971792,280.6311316969471,63.1623535076104
1791246254.7517,273.4431614563644,61.444692766338996,-68.37797718870559,-68.58083913332395,-2.4402836594756625,-0.9572782477200865,0.17499593098958333,0.18550008138020832,0.17499593098958333,0.18550008138020832,0,idle,299.32621431128246,57.32092674618849,279.247616351162,61.960867834205224
1791246254.768736,271.04467040440323,60.50077008319333,-68.31579135205862,-68.51795343748456,-2.398491051961171,-0.9439226831456642,0.17499593098958333,0.18550008138020832,0.17499593098958333,0.18550008138020832,0,idle,271.81014165965723,77.18379605800294,276.5971761172236,61.825287696406726
1791246254.7849128,268.68919737809756,59.5708184803643,-68.25472296533489,-68.45566493269615,-2.3554730263056616,-0.9299516028290273,0.17499593098958333,0.18550008138020832,0.17499593098958333,0.18550008138020832,0,idle,270.5859877803188,62.6137141948713,274.058917325388,60.98125499864238
1791246254.802707,266.3775570304036,58.65529857665852,-68.1947871193841,-68.39407047962051,-2.3116403476939724,-0.9155199037057857,0.17499593098958333,0.18550008138020832,0.17499593098958333,0.18550008138020832,0,idle,268.24403066507153,46.80154073776977,271.5721146620629,59.40252537707825
1791246254.8187451,264.1102939635829,57.75456912841857,-68.13599894055312,-68.33325768968317,-2.2672630668207088,-0.9007294482399506,0.17499593098958333,0.18550008138020832,0.17499593098958333,0.18550008138020832,0,idle,264.73861588725686,55.1468235001523,269.0765398098429,58.334047307404
1791246254.834826,261.88776238919706,56.86892806234968,-68.0794592590713,-68.27355836480021,-2.222531574385798,-0.885641066068886,0.16397908528645833,0.18550008138020832,0.16397908528645833,0.18550008138020832,0,idle,262.78497971898304,48.26080192713986,266.65055680963343,56.98902602562535
1791246254.851247,259.71016988031823,55.998642789955234,-68.02693603860641,-68.21564357161388,-2.177592508878858,-0.8702852723944466,0.14313557942708333,0.18550008138020832,0.14313557942708333,0.18550008138020832,0,idle,249.68102300836821,52.36151545216714,263.7333672361353,55.930879488177716
1791246254.8680031,257.5776105978995,55.14394756884117,-67.97783491561512,-68.15988662533009,-2.1325592824187796,-0.8546952211140644,0.14313557942708333,0.18550008138020832,0.14313557942708333,0.18550008138020832,0,idle,275.47821084691566,54.60640830263049,262.2946780983765,55.052695468841996
1791246254.885771,255.490045329961,54.30513878936186,-67.9431481510892,-68.1091464189664,-2.08756526793848,-0.8388087794793112,0.11939290364583333,0.18550008138020832,0.11939290364583333,0.18550008138020832,0,idle,260.047032766319,33.275773983092776,260.19910882723207,53.166981054049195
1791246254.9037719,253.44733892057553,53.48251029717191,-67.91865337496027,-68.06461489738837,-2.0427064093854614,-0.8226284921899494,0.11939290364583333,0.18550008138020832,0.11939290364583333,0.18550008138020832,0,idle,263.96132393931816,64.33198685513456,258.4466484939202,52.94373427652301
1791246254.920566,251.44928240957634,52.676318012526124,-67.90136212272144,-68.0265041917687,-1.9980565109991961,-0.8061922846457915,0.11881306966145833,0.18550008138020832,0.11881306966145833,0.18550008138020832,0,idle,247.23787608204944,48.02085336802301,255.9880561878774,51.93170756068451
1791246254.936524,249.49563405358043,51.886694516676094,-67.88055876740235,-67.99247904364893,-1.95364835599591,-0.7896234958500299,0.17499593098958333,0.18550008138020832,0.17499593098958333,0.18550008138020832,0,idle,254.15982812422132,75.74412826384983,254.04067884649848,52.37218627478524
1791246254.953571,247.5861126765959,51.11368004048532,-67.85668457836108,-67.96086067798414,-1.9095213769845518,-0.7730144761907722,0.17499593098958333,0.18550008138020832,0.17499593098958333,0.18550008138020832,0,idle,246.22130429242057,25.71894092576249,251.83566481065927,50.30516025495287
1791246254.970763,245.72039403860742,50.35724602404827,-67.83020533641732,-67.93047587469695,-1.8657186379884665,-0.7564340164370496,0.17499593098958333,0.18550008138020832,0.17499593098958333,0.18550008138020832,0,idle,250.90911663888573,57.54754882835679,250.01690469598154,49.94866736800787
1791246254.986847,243.89810971915404,49.617312893445835,-67.80157718951067,-67.90053441904794,-1.8222843194533838,-0.7399331306024384,0.17499593098958333,0.18550008138020832,0.17499593098958333,0.18550008138020832,0,idle,243.95020988779385,37.54055091198722,247.98239985209145,48.62532507113452
1791246255.004069,242.11884796285574,48.89376338677844,-67.77122698719407,-67.87053138460027,-1.7792617562982838,-0.7235495066673977,0.17499593098958333,0.18550008138020832,0.17499593098958333,0.18550008138020832,0,idle,250.65622901732894,42.90479331901417,246.42579264186995,47.65192645219447
1791246255.02125,240.3821559629105,48.18645248888829,-67.73954214185564,-67.84017043917606,-1.736691999945246,-0.7073108978901493,0.17499593098958333,0.18550008138020832,0.17499593098958333,0.18550008138020832,0,idle,241.0543455479615,31.309187656837427,244.50736288722655,46.16284415943098
1791246255.038156,238.68754312539144,47.49521480514794,-67.70686661760065,-67.80930451488963,-1.694612837519072,-0.6912376837403567,0.17499593098958333,0.18550008138020832,0.17499593098958333,0.18550008138020832,0,idle,199.0125739202424,41.91928549142294,240.62274124323423,45.293990426477244
1791246255.055008,237.0344849372643,46.81987001710626,-67.67350073478859,-67.777890543845,-1.6530581881271502,-0.6753447880416739,0.17499593098958333,0.18550008138020832,0.17499593098958333,0.18550008138020832,0,idle,206.96417182109366,49.88450344036402,237.3694074934064,44.88193852853199
1791246255.072062,235.42242714069747,46.16022691212733,-67.63970323561004,-67.74595540574849,-1.612057796566822,-0.6596431049789366,0.17499593098958333,0.18550008138020832,0.17499593098958333,0.18550008138020832,0,idle,245.37697427175164,52.26879247534974,236.2383309255852,44.624620276142885
1791246255.089182,233.8507899884225,45.51608636008537,-67.60569458082726,-67.71357068904915,-1.5716371522749868,-0.6441405520419623,0.17499593098958333,0.18550008138020832,0.17499593098958333,0.18550008138020832,0,idle,235.40575468177,45.61438920207845,234.7036468187332,44.0621751979998
1791246255.106275,232.31897241662983,44.88724351733845,-67.57166080887858,-67.68083429345343,-1.5318175717926588,-0.6288428427469195,0.17499593098958333,0.18550008138020832,0.17499593098958333,0.18550008138020832,0,idle,227.4225852311955,26.068602191699085,232.8843670461533,42.56509584707519
1791246255.123243,230.82635602250448,44.273489466666554,-67.53775753493343,-67.64785727991219,-1.492616394125359,-0.6137540506718911,0.17499593098958333,0.18550008138020832,0.17499593098958333,0.18550008138020832,0,idle,247.41671808252383,45.02973481401154,232.19299902355274,42.10526144728371
1791246255.1402838,229.37230877363402,43.67461244732042,-67.50411383386208,-67.61475469815743,-1.4540472488704572,-0.5988770193461331,0.17499593098958333,0.18550008138020832,0.17499593098958333,0.18550008138020832,0,idle,218.35069454173762,25.360616702935488,230.11953891303506,40.69909604168747
1791246255.15756,227.95618840738726,43.09039878814931,-67.47083586194236,-67.58163939239331,-1.4161203662467619,-0.5842136591711153,0.17499593098958333,0.18550008138020832,0.17499593098958333,0.18550008138020832,0,idle,208.86414559441187,40.217157970138445,227.71145489916947,40.11999616189746
1791246255.1746821,226.57734550140262,42.52063362596878,-67.43801014470591,-67.54861800732088,-1.378842905984634,-0.5697651621805323,0.17499593098958333,0.18550008138020832,0.17499593098958333,0.18550008138020832,0,idle,222.31723537016205,71.76381423380002,226.13184316203368,41.160910161421086
1791246255.191574,225.23512621297894,41.96510146848231,-67.40570650471423,-67.51578859539437,-1.342219288423667,-0.5555321574864663,0.17499593098958333,0.18550008138020832,0.17499593098958333,0.18550008138020832,0,idle,209.94976144279028,29.23613526060251,224.047630752069,40.03691586676801
1791246255.208095,223.92887469673684,41.42358664427125,-67.37398063169312,-67.48323936853383,-1.3062515162421067,-0.5415148242110575,0.17499593098958333,0.18550008138020832,0.17499593098958333,0.18550008138020832,0,idle,237.6203495023262,43.186219223590186,223.48532774915188,39.67994195160862
1791246255.224861,222.65793521755606,40.89587367012005,-67.3428763142052,-67.45104824962759,-1.2709394791807878,-0.5277129741512064,0.17499593098958333,0.18550008138020832,0.17499593098958333,0.18550008138020832,0,idle,218.84500536680986,39.83292146834126,222.04591912481303,39.1862636020016
1791246255.2417831,221.421653980446,40.38174755709145,-67.3124273609543,-67.41928296659792,-1.2362812371100622,-0.5141261130285952,0.17499593098958333,0.18550008138020832,0.17499593098958333,0.18550008138020832,0,idle,213.77399817586956,35.27133392538458,220.4578559021113,38.50209731079359
1791246255.258791,220.21938070144773,40,-67.28265924367015,-67.38800149938102,0.0,0.0,0.17499593098958333,0.18550008138020832,0.17499593098958333,0.18550008138020832,0,idle,196.33721473994387,39.446625285870944,219.25182384400293,38.54932370954746
1791246255.275771,220.22029749956707,40.000383829151566,-67.28275895891409,112.71724104108593,0.0009167981193224279,0.00038382915156980166,0.17499593098958333,0.18376057942708332,0.17499593098958333,0.18376057942708332,0,idle,229.3311023015754,48.17532959111841,219.75665872509492,39.03098864131999
1791246255.292927,220.22272049268514,40.00139823918047,-67.28294850899357,112.71710528170671,0.002422993118065651,0.0010144100288989682,0.17499593098958333,0.12925618489583332,0.17499593098958333,0.12925618489583332,0,idle,197.95312530535318,51.86860833780057,218.66878389757,39.67383331567148
1791246255.31147,220.2270008957686,40.00319025589855,-67.28321851714848,112.71691895182069,0.004280403083466722,0.0017920167180853373,0.17499593098958333,0.12235921223958333,0.17499593098958333,0.12235921223958333,0,idle,220.64868898965287,27.259650459574832,218.77184553510344,39.05482658874883
1791246255.3272839,220.23332700169465,40.00583868784019,-67.28356110904349,112.71668250735861,0.006326105926039768,0.0026484319416374994,0.17499593098958333,0.12235921223958333,0.17499593098958333,0.12235921223958333,0,idle,224.1021471821331,50.736861216969025,219.04437041808467,39.6414443305044
1791246255.344429,220.24180380158273,40.00938746027752,-67.28397253946885,112.71639409986477,0.008476799888083753,0.0035487724373339273,0.17499593098958333,0.14301961263020832,0.17499593098958333,0.14301961263020832,0,idle,219.979843558121,46.524234907507825,219.09919703498016,39.988955193170035
1791246255.3617651,220.2525333092308,40.01387924203859,-67.28445554525612,112.71604789978444,0.010729507648067783,0.0044917817610706625,0.17499593098958333,0.18550008138020832,0.17499593098958333,0.18550008138020832,0,idle,228.18699959482072,49.768860277840204,219.56378019523788,40.482217640076556
1791246255.37886,220.26561021769737,40.019353626073276,-67.28501226708373,112.71564012922461,0.013076908466569902,0.005474384034682746,0.17499593098958333,0.18550008138020832,0.17499593098958333,0.18550008138020832,0,idle,211.0618864129793,48.693078803898594,219.15110856916817,40.897961363100606
1791246255.395631,220.28111923863938,40.02584601474303,-67.28564431813908,112.71516795066631,0.01550902094199301,0.006492388669755778,0.17499593098958333,0.18550008138020832,0.17499593098958333,0.18550008138020832,0,idle,216.05312000126708,36.76156637652252,219.01094271066802,40.69730938300797
1791246255.413283,220.2995827215237,40.03357498061922,-67.28640269823565,112.71458679533502,0.018463482884319392,0.0077289658761888185,0.17499593098958333,0.47187703450520835,0.17499593098958333,0.47187703450520835,0,idle,191.04675802207345,46.75082065209091,217.6302737849784,41.007327464044494
1791246255.429918,220.32246962457552,40.0431552568611,-67.28740727814068,112.71379923350199,0.022886903051820923,0.009580276241878658,0.17499593098958333,0.7461690266927083,0.17499593098958333,0.7461690266927083,0,idle,223.43861578864568,50.70249455969184,217.942433443061,41.501187081256646
1791246255.447477,220.35286367802613,40.055877240092876,-67.28887887891551,112.71263360989992,0.030394053450608728,0.012721983231780108,0.17499593098958333,1.0101765950520833,0.17499593098958333,1.0101765950520833,0,idle,224.51889910172648,36.14947259714694,218.30013107677235,41.24568724112135
1791246255.463948,220.3952084449894,40.073599932435656,-67.29105532513347,112.7109305710846,0.04234476696328316,0.017722692342779737,0.17499593098958333,1.0101765950520833,0.17499593098958333,1.0101765950520833,0,idle,202.61805238067498,22.668494747136613,217.5562546705826,40.333664174147756
1791246255.481479,220.45494843587676,40.09860017542839,-67.29417265314885,112.70854033622022,0.0597399908873457,0.025000242992734616,0.17499593098958333,1.0101765950520833,0.17499593098958333,1.0101765950520833,0,idle,233.7000251852403,33.932972445800374,218.42019618765846,40.037379818573484
1791246255.497965,220.53815826180855,40.13341666511842,-67.29845363847248,112.70531241165207,0.08320982593180154,0.03481648969003148,0.17499593098958333,1.0101765950520833,0.17499593098958333,1.0101765950520833,0,idle,231.85443232038568,42.03075772368576,219.17095732893003,40.170124379034625
1791246255.5154932,220.6512075746906,40.18070875699648,-67.30410131848711,112.70109556602036,0.11304931288204831,0.04729209187805951,0.17499593098958333,1.0101765950520833,0.17499593098958333,1.0101765950520833,0,idle,203.88617366406152,26.246625345403388,218.51411499292456,39.518876914637225
1791246255.532135,220.80048269256835,40.243138859077405,-67.3112958658607,112.69574263601187,0.14927511787775388,0.062430102080925205,0.17499593098958333,1.0101765950520833,0.17499593098958333,1.0101765950520833,0,idle,211.46993032295137,40.662120311400216,218.30371712140976,39.63534768145225
1791246255.5490088,220.99217018158583,40.32328068520467,-67.32019365732543,112.68911448976347,0.19168748901747223,0.0801418261272697,0.17499593098958333,1.0101765950520833,0.17499593098958333,1.0101765950520833,0,idle,227.0747068628562,45.37394104906772,218.9243697230487,39.99841208465393
1791246255.565564,221.23209914912994,40.42355207847525,-67.33092773339523,112.68108228530882,0.2399289675440917,0.10027139327057763,0.17499593098958333,1.0101765950520833,0.17499593098958333,1.0101765950520833,0,idle,228.40421030208745,45.63690303652657,219.62629427116752,40.3755944558546
1791246255.5812259,221.52563488317202,40.54616938396754,-67.34360909499442,112.67152855946483,0.29353573404208666,0.12261730549228857,0.17499593098958333,1.0101765950520833,0.17499593098958333,1.0101765950520833,0,idle,223.5789764690249,23.27738734868932,220.10278732840038,39.63717054071402
1791246255.597922,221.87761498172782,40.69311971403473,-67.35832846067038,112.66034763004288,0.35198009855578866,0.14695033006719257,0.17499593098958333,1.0101765950520833,0.17499593098958333,1.0101765950520833,0,idle,215.79330646728644,48.41851709354148,220.2216943789727,40.215840681919225
1791246255.61453,222.29231911874942,40.86614743637947,-67.37515823338113,112.64744558880297,0.414704137021603,0.17302772234473857,0.17499593098958333,1.0101765950520833,0.17499593098958333,1.0101765950520833,0,idle,222.66516256124135,32.367317766828876,220.73783671825666,39.98779087239221
1791246255.631619,222.7734643749946,41.06675152854909,-67.39415451357358,112.63274003695187,0.48114525624517457,0.20060409216961672,0.17499593098958333,1.0101765950520833,0.17499593098958333,1.0101765950520833,0,idle,230.57659196605715,36.37021877756567,221.68686247407962,39.99748615521202
1791246255.648216,223.32421918798124,41.29619090112469,-67.41535905612761,112.61615965185175,0.5507548129866345,0.22943937257560004,0.17499593098958333,1.0101765950520833,0.17499593098958333,1.0101765950520833,0,idle,216.7214669682886,41.06781059193728,221.96180977112738,40.26896978099511
1791246255.6647182,223.94723018737687,41.55549528903581,-67.43880111049202,112.59764364176898,0.6230109993956225,0.25930438791112354,0.17499593098958333,1.0101765950520833,0.17499593098958333,1.0101765950520833,0,idle,206.53906457758865,25.095546882530357,221.7825329608763,39.756637804587434
1791246255.681741,224.64465733917308,41.84547978693914,-67.46449911156927,112.57714112809907,0.6974271517961923,0.2899844979033232,0.17499593098958333,1.0101765950520833,0.17499593098958333,1.0101765950520833,0,idle,239.01134660322518,30.13566470116103,223.30652943720014,39.55107442242427
1791246255.697672,225.41821385338977,42.166761530896956,-67.49246220763068,112.55461048394811,0.7735565142166922,0.3212817439578188,0.17499593098958333,1.0101765950520833,0.17499593098958333,1.0101765950520833,0,idle,217.15014679197535,70.09984365436894,223.73358899344476,41.383730540781436
1791246255.714467,226.2692081887396,42.51977739304064,-67.52269162363463,112.53001865089264,0.8509943353498413,0.3530158621436871,0.17499593098958333,1.0101765950520833,0.17499593098958333,1.0101765950520833,0,idle,224.8382181565414,28.295501274440202,224.59726507018195,41.06468414650087
1791246255.7312331,227.19858621153213,42.904801857240834,-67.55518186582333,112.5033404506562,0.9293780227925184,0.3850244642001942,0.17499593098958333,1.0101765950520833,0.17499593098958333,1.0101765950520833,0,idle,244.1052803141539,28.15932777538127,226.45557495403344,40.785189568935074
1791246255.748095,228.20697214637522,43.32196448635681,-67.58992177784208,112.47455790457754,1.0083859348430777,0.41716262911598,0.17499593098958333,1.0101765950520833,0.17499593098958333,1.0101765950520833,0,idle,222.83529271952864,22.492173280526302,227.23252748040915,40.266843252174816
1791246255.764939,229.29470741042508,43.771266582363246,-67.62689546088201,112.4436595707096,1.0877352640498419,0.4493020960064369,0.17499593098958333,1.0101765950520833,0.17499593098958333,1.0101765950520833,0,idle,242.46043914926804,65.57312158342803,229.02727156469945,41.958994159943586
1791246255.780976,230.4618867704784,44.252596787378565,-67.66608307121307,112.4106399059421,1.1671793600533278,0.481330205015315,0.17499593098958333,1.0101765950520833,0.17499593098958333,1.0101765950520833,0,idle,211.84445641892688,41.14424839139943,229.27695119946148,42.37552056628093
1791246255.797996,231.70839152204914,44.76574548402888,-67.7074615084478,112.37549865854358,1.2465047515707486,0.5131486966503154,0.17499593098958333,1.0101765950520833,0.17499593098958333,1.0101765950520833,0,idle,236.07666481121882,46.65142222719023,230.80111639404154,43.076806911144196
1791246255.8147871,233.03391957895568,45.310417934691685,-67.75100500730342,112.3382402948745,1.3255280569065362,0.5446724506628013,0.17499593098958333,1.0101765950520833,0.17499593098958333,1.0101765950520833,0,idle,231.99982312638866,55.139059969521455,232.1203033847201,44.19735839219272
1791246255.832617,234.43801249582953,45.88624615709393,-67.7966856447442,112.29887346266801,1.4040929168738612,0.575828222402241,0.17499593098958333,1.0101765950520833,0.17499593098958333,1.0101765950520833,0,idle,245.57512348656115,57.927744922466644,234.1269326608423,45.43091452998855
1791246255.848845,235.92007953693246,46.492799573658836,-67.84447377334679,112.25741049216106,1.4820670411029346,0.60655341656491,0.17499593098958333,1.0101765950520833,0.17499593098958333,1.0101765950520833,0,idle,236.1976092795082,36.31745891375831,235.63843018082338,45.551467494913695
1791246255.864977,237.47941896306864,47.12959449816302,-67.89433839063872,112.21386693545095,1.5593394261361633,0.6367949245041853,0.17499593098958333,1.0101765950520833,0.17499593098958333,1.0101765950520833,0,idle,226.52651702831454,62.11452737190905,236.6642069780273,46.98457566704244
1791246255.881716,239.11523674251654,47.79610253912093,-67.94624745308313,112.16826114372302,1.6358177794479032,0.6665080409579103,0.17499593098958333,1.0101765950520833,0.17499593098958333,1.0101765950520833,0,idle,219.7644536217803,41.572440756893634,237.37324620069046,47.34715156044501
1791246255.899615,240.82666290835436,48.49175800758968,-68.00016814235822,112.12061388141947,1.7114261658378112,0.6956554684687473,0.17499593098958333,1.0101765950520833,0.17499593098958333,1.0101765950520833,0,idle,248.70319382141113,48.00586783373909,239.56559843927243,48.04096006915503
1791246255.916484,242.612765788429,49.215964419920425,-68.05606709063161,112.07094797597773,1.7861028800746352,0.7242064123307471,0.17499593098958333,1.0101765950520833,0.17499593098958333,1.0101765950520833,0,idle,223.73350558558667,44.107550700929316,240.47079153265904,48.53228569245795
1791246255.9334521,244.47256432944693,49.96810018502017,-68.1139105706672,112.01928800143953,1.859798541017929,0.752135765099744,0.17499593098958333,1.0101765950520833,0.17499593098958333,1.0101765950520833,0,idle,236.17875945037153,55.059095426165754,242.0229985425117,49.5731551559881
1791246255.95025,246.40503872620457,50.74752356218084,-68.17366465582846,111.96565999400406,1.9324743967576516,0.7794233771606682,0.17499593098958333,1.0101765950520833,0.17499593098958333,1.0101765950520833,0,idle,254.84352112790015,60.60942253858137,244.49987534870087,50.86542073342039
1791246255.966989,248.40913955302872,51.55357697041708,-68.23529535435578,111.91009119745202,2.0041008268241485,0.8060534082362472,0.17499593098958333,1.0101765950520833,0.17499593098958333,1.0101765950520833,0,idle,240.09450097561674,23.753613876043886,246.1835024155296,50.275581128376004
1791246255.983826,250.4837955786667,52.385590724218254,-68.29876872169064,111.85260983629159,2.0746560256379785,0.8320137538011732,0.17499593098958333,1.0101765950520833,0.17499593098958333,1.0101765950520833,0,idle,244.6060119214364,42.01684684784362,248.075551115181,50.6530574804605
1791246256.0008929,252.62792042929743,53.242886264159836,-68.36405095409025,111.79324491445637,2.1441248506307224,0.8572955399415783,0.17499593098958333,1.0101765950520833,0.17499593098958333,1.0101765950520833,0,idle,256.0850796468629,58.73050802239867,250.5129461498643,51.87136077050191
1791246256.017884,254.84041824782142,54.124778944284174,-68.43110846631645,111.73202603741018,2.2124978185239734,0.8818926801243346,0.17499593098958333,1.0101765950520833,0.17499593098958333,1.0101765950520833,0,idle,256.77419332674543,55.39809653520118,252.92788143630614,52.885495604854995
1791246256.0345411,257.1201884816621,55.03058043178708,-68.4999079557828,111.66898325557297,2.27977023384073,0.9058014875029068,0.17499593098958333,1.0101765950520833,0.17499593098958333,1.0101765950520833,0,idle,260.86898099943653,55.50985714689028,255.49071813661135,53.87722509508452
1791246256.0509079,259.4632970415368,55.958492892679665,-68.57010260292792,111.60444234681921,2.343108559874687,0.9279124608925868,0.17499593098958333,0.6590108235677083,0.17499593098958333,0.6590108235677083,0,idle,243.852602344384,46.340793797408466,257.1347654788809,54.381920368048675
1791246256.068636,261.85961474792055,56.90431724231338,-68.64089554309865,111.53910304421383,2.3963177063837584,0.9458243496337208,0.17499593098958333,0.010420735677083333,0.17499593098958333,0.010420735677083333,0,idle,273.74237430579876,43.655139916353136,260.2416477412914,54.74411447761593
1791246256.085619,264.2964240755034,57.86289314541284,-68.71171922868564,111.47335500137616,2.436809327582846,0.9585759030994558,0.17499593098958333,0.010420735677083333,0.17499593098958333,0.010420735677083333,0,idle,262.47345711651906,69.71874981904953,262.6682070712565,56.4034933526321
1791246256.102574,266.76055251989294,58.828943359395886,-68.78217163175076,111.40743399506312,2.4641284443895586,0.9660502139830436,0.17499593098958333,0.010420735677083333,0.17499593098958333,0.010420735677083333,0,idle,259.5235815841731,55.34614674783003,264.85189781907246,57.268373725675886
1791246256.119046,269.239559492715,59.79753699735874,-68.85197015309625,111.34150210938267,2.4790069728220683,0.9685936379628559,0.17499593098958333,0.010420735677083333,0.17499593098958333,0.010420735677083333,0,idle,278.9646133766195,61.629202746203774,267.91259022113076,58.40657913276699
1791246256.135893,271.7223279159796,60.76431444548048,-68.92091832437892,111.27568659032295,2.4827684232645995,0.9667774481217383,0.17499593098958333,0.010420735677083333,0.17499593098958333,0.010420735677083333,0,idle,257.53740974319265,66.10211629262277,269.7524611993352,59.70979456647543
1791246256.153663,274.1992921176669,61.72556778695732,-68.9888817532666,111.2100976924229,2.4769642016873457,0.9612533414768412,0.17499593098958333,0.010420735677083333,0.17499593098958333,0.010420735677083333,0,idle,271.150325931717,83.4416607062698,272.17547042755723,61.80957854786815
1791246256.1702359,276.6624527773475,62.67823757003409,-69.05577074671424,111.1448362221427,2.463160659680561,0.9526697830767704,0.17499593098958333,0.010420735677083333,0.17499593098958333,0.010420735677083333,0,idle,302.1964359740737,69.93962234184589,276.0165213315796,63.121117031489966
1791246256.187016,279.1052753996891,63.6198646475082,-69.12152775917498,111.07999619073145,2.4428226223416196,0.9416270774741126,0.17499593098958333,0.010420735677083333,0.17499593098958333,0.010420735677083333,0,idle,262.3279292485926,64.2707717370623,277.65277321865483,64.073145490369
1791246256.2043571,281.5225326898274,64.54852115327381,-69.18611832680268,111.01566527450892,2.417257290138323,0.9286565057656161,0.17499593098958333,0.010420735677083333,0.17499593098958333,0.010420735677083333,0,idle,273.5496890539565,50.0181943431037,279.7440134360513,64.25262161348307
1791246256.221644,283.9101274492667,65.46273507421742,-69.24952452024895,110.95192441792736,2.387594759439295,0.914213920943606,0.17499593098958333,0.010420735677083333,0.17499593098958333,0.010420735677083333,0,idle,284.52090182374616,79.00857779863667,282.2510728769034,65.85892264763719
1791246256.237775,286.26491719535034,66.36141667344484,-69.31174021710342,110.88884722999873,2.3547897460835885,0.8986815992274125,0.17499593098958333,0.010420735677083333,0.17499593098958333,0.010420735677083333,0,idle,271.40317283873304,48.5627683463022,283.9457281337743,65.84786245183648
1791246256.255137,288.5845518807322,67.24379109270792,-69.37276768898144,110.82649947607214,2.319634685381854,0.8823744192630891,0.17499593098958333,0.010420735677083333,0.17499593098958333,0.010420735677083333,0,idle,310.74513746681635,70.21856047742251,287.4893515515392,66.9046530514157
1791246256.27199,290.86732997345155,68.10933903746526,-69.43261513839755,110.76493878689348,2.2827780927193477,0.8655479447573365,0.17499593098958333,0.010420735677083333,0.17499593098958333,0.010420735677083333,0,idle,319.4535598505186,75.08243960800282,291.25620115457156,68.13581292676453
1791246256.288969,293.1120744778851,68.95774600553862,-69.49129492181066,110.70421461351614,2.2447445044335166,0.8484069680733572,0.17499593098958333,0.010420735677083333,0.17499593098958333,0.010420735677083333,0,idle,297.9326473301654,97.33480885728054,293.7225307425631,70.40174934296003
1791246256.3059042,295.3180283719367,69.7888597091844,-69.54882226837978,110.64436840944451,2.205953894051632,0.8311137036457701,0.17499593098958333,-0.015915934244791666,0.17499593098958333,-0.015915934244791666,0,idle,299.6757356770244,75.36731587597455,296.1158471886352,71.43958568807423
1791246256.322878,297.4847678308864,70.60265492697785,-69.60521435682169,110.58543399968855,2.1667394589497135,0.8137952177934493,0.17499593098958333,-0.09797770182291667,0.17499593098958333,-0.09797770182291667,0,idle,298.76797563661046,81.69127249471431,298.3068560970362,72.72527548531002
1791246256.339103,299.6120572335393,71.39917754308118,-69.66048152297475,110.52744652279934,2.127289402652853,0.7965226161033345,0.17499593098958333,-0.19566446940104168,0.17499593098958333,-0.19566446940104168,0,idle,315.84341018564373,82.75126960916697,301.2046087339868,73.98327167680104
1791246256.356092,301.69985881641134,72.17854657570547,-69.71464029307367,110.47042748096851,2.0878015828720304,0.779369032624287,0.17499593098958333,-0.30943400065104165,0.17499593098958333,-0.30943400065104165,0,idle,307.5405096280377,84.92123772938052,303.5048152824178,75.27057056042308
1791246256.372907,303.7473794972289,72.94060245690993,-69.76760779680956,110.41449684623332,2.047520680817575,0.7620558812044634,0.17499593098958333,-0.6820841471354167,0.17499593098958333,-0.6820841471354167,0,idle,291.7629759259241,84.30293229274825,304.8628679613698,76.44614173418358
1791246256.39,305.75121473994477,73.68423708319014,-69.81826142086835,110.36017569556712,2.003835242715875,0.7436346262802188,0.16571858723958333,-0.9277506510416667,0.16571858723958333,-0.9277506510416667,0,idle,323.6137836436642,86.5463826313667,307.70405722606455,77.65760667400895
1791246256.407007,307.70445451235173,74.40710056379207,-69.8632159136578,110.30872477108127,1.9532397724069421,0.7228634806019347,0.12809041341145833,-0.9897928873697917,0.12809041341145833,-0.9897928873697917,0,idle,292.21047096600114,66.67269200555867,308.784955696848,77.79508124715827
1791246256.424148,309.5969417430314,75.10576235978597,-69.89404446157388,110.26296064525812,1.8924872306796636,0.6986617959938998,0.05860188802083333,-0.9897928873697917,0.05860188802083333,-0.9897928873697917,0,idle,302.25803311177623,77.6420359901479,310.25647243674007,78.45115769050196
1791246256.441029,311.41599899032417,75.7759075820016,-69.91486356900533,110.22392305285591,1.8190572472928057,0.670145222215626,-0.04213663736979167,-0.9897928873697917,-0.04213663736979167,-0.9897928873697917,0,idle,317.24090267311055,66.34946309464023,312.33379833348675,78.48271092181372
1791246256.457953,313.14726302200256,76.4126420516427,-69.92297013234848,110.1928096160936,1.7312640316783887,0.6367344696411119,-0.15965983072916667,-0.9897928873697917,-0.15965983072916667,-0.9897928873697917,0,idle,319.2842141988267,67.82411122152381,314.3260199568482,78.55467868295828
1791246256.4748201,314.7755103340335,77.01072814939943,-69.92362193505926,110.16924057913278,1.6282473120309873,0.5980860977567152,-0.2881998697916667,-0.9897928873697917,-0.2881998697916667,-0.9897928873697917,0,idle,309.9910576019079,61.262652175583426,315.6561067855306,78.25825915045843
1791246256.4913752,316.28535736234625,77.56482615278338,-69.9178032058678,110.15260652541193,1.5098470283127052,0.5540980033839537,-0.6327433268229167,-0.9897928873697917,-0.6327433268229167,-0.9897928873697917,0,idle,330.09248854567625,83.50046021690802,317.81228055043493,79.04676230699566
1791246256.5082781,317.6617893480882,78.06977558060149,-69.88602351650421,110.14575866253236,1.3764319857419343,0.5049494278180996,-0.8452372233072917,-0.9897928873697917,-0.8452372233072917,-0.9897928873697917,0,idle,307.552542543258,59.37266314317897,318.6069040365309,78.54275930523202
1791246256.5251179,318.89059048185777,78.52071228498298,-69.81666596678232,110.15176793030787,1.2288011337695897,0.450936704381487,-1.0108561197916666,-0.9897928873697917,-1.0108561197916666,-0.9897928873697917,0,idle,314.0129680490272,89.19758593847952,319.54456831423687,79.50389050605682
1791246256.5418859,319.9586858033741,78.91303327443173,-69.72459878232173,110.16873645691264,1.0680953215163433,0.39232098944874855,-1.0108561197916666,-0.9897928873697917,-1.0108561197916666,-0.9897928873697917,0,idle,322.6653879083648,89.0728963545229,320.7152998493838,80.35504573845644
1791246256.558605,320.8543529105552,79.2423841789231,-69.63705992329018,110.18927015672013,0.8956671071810379,0.32935090449137194,-1.0108561197916666,-0.9897928873697917,-1.0108561197916666,-0.9897928873697917,0,idle,333.00587285107287,66.34919114959969,322.1807122512903,79.96763636828041
1791246256.576229,321.5673038866193,79.5047306701295,-69.58664807150967,110.20223723010753,0.7129509760641272,0.26234649120639486,-1.0108561197916666,-0.9897928873697917,-1.0108561197916666,-0.9897928873697917,0,idle,318.50546311536493,70.55560273631126,322.67425322175495,79.74626385332803
1791246256.5927129,322.0886554167196,79.69652317801093,-69.60682577446521,110.19733753144045,0.5213515301002809,0.1917925078814374,-1.0108561197916666,-0.9897928873697917,-1.0108561197916666,-0.9897928873697917,0,idle,310.0915172423773,78.45432035097286,322.54040037638134,79.86386956069764
1791246256.6101959,322.44427759650677,79.82725460784862,-69.66974529104861,110.18409718567138,0.35562217978718724,0.13073142983767866,-1.0108561197916666,-0.9897928873697917,-1.0108561197916666,-0.9897928873697917,0,idle,332.9049844467135,91.92603132699047,323.3964706506958,80.59117250735808
1791246256.626654,322.6532968341389,79.904059172365,-69.78644506048745,110.17596374355297,0.2090192376321583,0.0768045645163789,-1.0108561197916666,-0.9897928873697917,-1.0108561197916666,-0.9897928873697917,0,idle,339.57295708843725,84.72562917952084,324.40386324833344,80.87085967725677
1791246256.6441479,322.72985259312594,79.93241564076864,-69.96633223268643,110.32477136274669,0.07655575898699993,0.028356468403648596,-1.0108561197916666,-0.9897928873697917,-1.0108561197916666,-0.9897928873697917,0,idle,331.7427287009211,60.57882436705386,324.84353449200046,79.88319655673008
1791246256.6606872,322.6843979295459,79.9166817055548,-70.21712383558634,-70.9069260701875,-0.04545466358001779,-0.0157339352138412,-1.0108561197916666,-0.9897928873697917,-1.0108561197916666,-0.9897928873697917,0,idle,339.8828889553154,86.63547069859762,325.5523202847652,80.2058630253703
1791246256.6783118,322.52466143477676,79.86049866313526,-70.54491384313863,-70.62204015372966,-0.15973649476915533,-0.05618304241953412,-1.0108561197916666,-0.9897928873697917,-1.0108561197916666,-0.9897928873697917,0,idle,326.12558973770416,109.32518948071785,325.4292340873814,81.60845545783913
1791246256.695081,322.2563587363124,79.76709612835636,-70.95431243694068,-70.8057804851686,-0.2683026984643916,-0.09340253477890714,-1.0108561197916666,-0.9897928873697917,-1.0108561197916666,-0.9897928873697917,0,idle,322.4791555932808,85.02114237148466,325.02684259913525,81.69035739548144
1791246256.712546,321.8837194471398,79.63951951428534,-71.44862087702012,-71.10087131757156,-0.372639289172598,-0.12757661407101484,-1.0108561197916666,-0.9897928873697917,-1.0108561197916666,-0.9897928873697917,0,idle,315.525565958996,121.697537752748,324.19777144241436,83.56951862997731
1791246256.729114,321.40987865600124,79.48079778997293,-72.03001776152618,-71.48077484838507,-0.4738407911385882,-0.15872172431241588,-1.0108561197916666,-0.9897928873697917,-1.0108561197916666,-0.9897928873697917,0,idle,302.92377696657826,77.99374238009561,322.6839229670409,83.13994417938643
1791246256.7466292,320.83716940168193,79.29406508029588,-72.69974131959498,-71.94136449701912,-0.5727092543192989,-0.1867327096770417,-1.0108561197916666,-0.9897928873697917,-1.0108561197916666,-0.9897928873697917,0,idle,322.3604018427009,82.55990482272668,322.1236731192206,82.93354613736025
1791246256.762912,320.1673430741217,79.08264664632226,-73.45825864900479,-72.48265114331146,-0.6698263275602625,-0.21141843397361826,-1.0108561197916666,-0.9897928873697917,-1.0108561197916666,-0.9897928873697917,0,idle,322.4280649722095,86.5724746000504,321.5025577006878,82.91464504821982
1791246256.780051,319.40173757162296,78.85011744047486,-74.30541714652651,-73.10544904282698,-0.7656055024987197,-0.23252920584739467,-1.0108561197916666,-0.9897928873697917,-1.0108561197916666,-0.9897928873697917,0,idle,308.4337883856807,56.985740962774265,320.12179400756366,81.39729709839251
1791246256.79705,318.5414077355016,78.60033959881567,-75.24057628851887,-73.81050731318132,-0.8603298361213552,-0.2497778416591958,-1.0108561197916666,-0.9897928873697917,-1.0108561197916666,-0.9897928873697917,0,idle,310.4733984316108,59.49054601892265,318.8220608844507,80.06467059484278
1791246256.813795,317.5872286378221,78.3374837926537,-76.26271978949228,-74.5982645437732,-0.954179097679487,-0.26285580616196796,-1.0108561197916666,-0.9897928873697917,-1.0108561197916666,-0.9897928873697917,0,idle,329.65282145340325,66.47923025534114,318.45712877010277,79.13568556201383
1791246256.830801,316.5399793764807,78.06603822610245,-77.37054929428291,-75.46880035317608,-1.0472492613413749,-0.27144556655124835,-1.0108561197916666,-0.9897928873697917,-1.0108561197916666,-0.9897928873697917,0,idle,311.84081664654644,87.24784418271304,317.1314263656506,79.2834202048251
1791246256.848717,315.4004128778177,77.7908081704304,-78.56256137096925,-76.42185586664725,-1.1395664986629939,-0.27523005567205927,-1.0108561197916666,-0.9897928873697917,-1.0108561197916666,-0.9897928873697917,0,idle,336.5859232135115,57.95957538914663,317.02156303431383,77.95575941115273
1791246256.865695,314.16931562520426,77.51690822089363,-79.83710983540223,-77.45687760111062,-1.231097252613412,-0.2738999495367742,-1.0108561197916666,-0.9897928873697917,-1.0108561197916666,-0.9897928873697917,0,idle,311.5265739156106,94.09546977768612,315.5772711883959,78.50253997741946
1791246256.882355,312.847560075317,77.2497489090726,-81.19245547750798,-78.57306682587253,-1.3217555498872593,-0.2671593118210371,-1.0108561197916666,-0.9897928873697917,-1.0108561197916666,-0.9897928873697917,0,idle,291.9139172233759,74.14695149675644,313.13843571775203,78.03095920715633
1791246256.8991969,311.4361516811946,76.9950188734431,-82.62680516229084,-79.76942703595836,-1.4114083941224227,-0.2547300356294935,-1.0108561197916666,-0.9897928873697917,-1.0108561197916666,-0.9897928873697917,0,idle,294.7003703686679,69.156754146667,310.8756944758815,77.34525542028385
1791246256.915184,309.93627182960574,76.75866345891257,-84.13834210567815,-81.0448066354384,-1.4998798515888698,-0.23635541453054254,-1.0108561197916666,-0.9897928873697917,-1.0108561197916666,-0.9897928873697917,0,idle,313.1787192624598,64.88094332451983,309.565959856201,76.49750217169164
1791246256.931605,308.34931755784464,76.54686036292408,-85.72524891791409,-82.39793592786368,-1.5869542717611216,-0.21180309598848263,-1.0108561197916666,-0.9897928873697917,-1.0108561197916666,-0.9897928873697917,0,idle,313.3042121906412,66.0503619213625,308.24526591474995,75.77393221798611
1791246256.948355,306.676938595937,76.36599275574183,-87.38572479148073,-83.82745842774388,-1.6723789619076617,-0.1808676071822542,-1.0108561197916666,-0.9897928873697917,-1.0108561197916666,-0.9897928873697917,0,idle,317.1611434254104,72.84288586517431,307.10229977647066,75.45555567352238
1791246256.9643378,304.9210723748363,76.22259912963904,-89.11559536867516,-85.3312742654915,-1.755866221100689,-0.14339362610279852,-1.0108561197916666,-0.9897928873697917,-1.0108561197916666,-0.9897928873697917,0,idle,304.6963388023556,88.71303831652862,305.3139288177193,75.98220586087504
1791246256.98152,303.0839739053682,76.12331379529141,-90.90968451473807,-86.90647947810419,-1.8370984694680583,-0.09928533434763322,-1.0108561197916666,-0.9897928873697917,-1.0108561197916666,-0.9897928873697917,0,idle,304.45822621176075,78.97809253649586,303.5259001414267,76.03767912702584
1791246256.998192,301.16824120041986,76.07484534858123,-92.76678403692284,-88.55071371472239,-1.9157327049483523,-0.04846844671017453,-1.0108561197916666,-0.9897928873697917,-1.0108561197916666,-0.9897928873697917,0,idle,313.6018817747781,78.3283905948406,302.2097531533933,76.10616967604192
1791246257.0152729,299.1768392505987,76.08395126643235,-94.68569850262136,-90.26198981340552,-1.9914019498211908,0.009105917851112137,-1.0108561197916666,-0.9897928873697917,-1.0108561197916666,-0.9897928873697917,0,idle,293.0409290907899,84.87090070516906,299.859480097933,76.55305684945684
1791246257.031947,297.11312234807275,76.15740916336834,-96.66524668831458,-92.0385796533459,-2.0637169025259436,0.07345789693599505,-1.0108561197916666,-0.9897928873697917,-1.0108561197916666,-0.9897928873697917,0,idle,302.69640143165475,90.8267650635058,298.0407951072194,77.33652726224848
1791246257.0489101,294.98085453105045,76.3019851190091,-98.70426274569812,-93.8789371066104,-2.1322678170223153,0.14457595564075892,-1.0108561197916666,-0.9897928873697917,-1.0108561197916666,-0.9897928873697917,0,idle,286.30969367727215,79.09364928427199,295.42858560955085,77.56173052120837
1791246257.0661771,292.7842279078288,76.52439940404237,-100.80159712822328,-95.78164571190504,-2.196626623221674,0.2224142850332662,-1.0108561197916666,-0.9897928873697917,-1.0108561197916666,-0.9897928873697917,0,idle,300.33734808054425,90.10297959395727,293.58722844103994,78.40008654562742
1791246257.0828202,290.5278786125222,76.83128987861794,-102.9561173149282,-97.74538297148337,-2.2563492953065643,0.30689047457556157,-1.0108561197916666,-0.9897928873697917,-1.0108561197916666,-0.9897928873697917,0,idle,295.6633985396368,100.16066136802814,291.5475051154285,79.77966123759424
1791246257.099277,288.216900143073,77.22917330526293,-105.16670836298262,-99.76889590926697,-2.310978469449169,0.39788342664499193,-1.0108561197916666,-0.9897928873697917,-1.0108561197916666,-0.9897928873697917,0,idle,286.90637398020874,77.21547448893935,289.1200190126908,80.02944115547425
1791246257.1160371,285.85685383497525,77.72440480273173,-107.43227331570755,-101.85098430405688,-2.3600463080977594,0.4952314974687893,-1.0108561197916666,-0.9897928873697917,-1.0108561197916666,-0.9897928873697917,0,idle,278.53008765531695,95.60188124574405,286.34847845212926,81.2785330825831
1791246257.133607,283.453776230666,78.32313566343615,-109.75173348884712,-103.99048917833882,-2.4030776043092414,0.5987308607044233,-1.0108561197916666,-0.9897928873697917,-1.0108561197916666,-0.9897928873697917,0,idle,290.31520253685954,79.43683070860841,284.263890932272,81.75524228155356
1791246257.1499321,281.0141831143208,79.03126976200159,-112.12402865446857,-106.18628489803201,-2.43959311634519,0.7081340985654418,-1.0108561197916666,-0.9897928873697917,-1.0108561197916666,-0.9897928873697917,0,idle,302.13791005933814,60.61450103137006,282.83997842809737,81.37093261268156
1791246257.167393,278.5450699945536,79.85441879355811,-114.5481171389645,-108.43727375814458,-2.469113119767196,0.8231490315565235,-1.0108561197916666,-0.9897928873697917,-1.0108561197916666,-0.9897928873697917,0,idle,284.6231808518143,84.31207118520322,280.5834810855044,82.29998112128634
1791246257.183978,276.05390883308826,80.79785659565908,-117.02297584915782,-110.74238228071678,-2.4911611614653295,0.9434378021009684,-1.0108561197916666,-0.9897928873697917,-1.0108561197916666,-0.9897928873697917,0,idle,277.63205089385855,76.62803706337674,278.06930647253,82.91264983038678
1791246257.201555,273.5486408357187,81.86647282569628,-119.54760023840119,-113.10055869087047,-2.505267997369558,1.0686162300371995,-1.0108561197916666,-0.9897928873697917,-1.0108561197916666,-0.9897928873697917,0,idle,264.38976419394504,84.51190497738237,275.00532476109964,84.0077980062719
1791246257.217797,271.0376651427241,83.06472628513762,-122.1210042227672,-115.51077120098303,-2.5109756929945912,1.1982534594413536,-1.0108561197916666,-0.9897928873697917,-1.0108561197916666,-0.9897928873697917,0,idle,277.7536242940699,99.39636788373323,272.7573128294033,85.91556728661425
1791246257.23547,268.5298232792832,84.39659820187342,-124.74222005589627,-117.97200684623584,-2.5078418634408606,1.33187191673579,-1.0108561197916666,-0.9897928873697917,-1.0108561197916666,-0.9897928873697917,0,idle,254.7558342183805,75.03048616720042,269.4747891285833,86.63659155154257
1791246257.2524621,266.0343792522631,85.86554580161891,-127.41029816976835,-120.48327069324213,-2.4954440270201466,1.4689475997454866,-1.0108561197916666,-0.9897928873697917,-1.0108561197916666,-0.9897928873697917,0,idle,268.7735015257675,72.11900947963628,267.0690529227734,87.30621266770547
1791246257.269312,263.5609952079567,87.47445651801905,-130.12430698755662,-123.04358529802434,-2.4733840443063886,1.6089107164001488,-1.0108561197916666,-0.9897928873697917,-1.0108561197916666,-0.9897928873697917,0,idle,261.3731567207009,67.40346392526085,264.4345432705787,87.83954041116337
1791246257.285689,261.11970259580613,89.22560320827174,-132.8833327137798,-125.65199032767718,-2.4412926121505816,1.7511466902526793,-1.0108561197916666,-0.9897928873697917,-1.0108561197916666,-0.9897928873697917,0,idle,258.495217334903,96.14906735005547,261.81834899225186,89.91860611384803
1791246257.301829,258.7208688157375,91.12060075624682,-135.68647910616858,-128.3075422866607,-2.3988337800686415,1.8949975479750736,-1.0108561197916666,-0.9897928873697917,-1.0108561197916666,-0.9897928873697917,0,idle,261.14228153630364,87.34881873508819,259.50565352838925,91.59036441548636
1791246257.318899,256.37515936129626,93.16036445781234,-138.53286723298064,-131.00931430728608,-2.345709454441225,2.039763701565526,-1.0108561197916666,-0.9897928873697917,-1.0108561197916666,-0.9897928873697917,0,idle,239.88619939970545,83.16262953085197,256.29625684023586,93.10675318774189
1791246257.335846,254.09349550711127,95.34507059302153,-141.42163521891925,-133.75639597698662,-2.2816638541849934,2.184706135209201,-1.0108561197916666,-0.9897928873697917,-1.0108561197916666,-0.9897928873697917,0,idle,262.9257999254663,86.58955809672383,254.46015333302165,94.85636426163973
1791246257.35323,251.88700762711454,97.6741195966475,-144.35193798231958,-136.54789318406824,-2.206487879996728,2.329049003625974,-1.0108561197916666,-0.9897928873697917,-1.0108561197916666,-0.9897928873697917,0,idle,243.3049512534981,112.12644665044408,251.8062297430486,97.93246493452462
1791246257.3702888,249.7669842691488,100.14610224200054,-147.32294696584745,-139.38292796997732,-2.1200233579657524,2.4719826453530382,-1.0108561197916666,-0.9897928873697917,-1.0108561197916666,-0.9897928873697917,0,idle,237.72078484635213,90.28727716803922,249.0879353081463,99.89858905928574
1791246257.3873448,247.74481715182276,102.75876925278811,-150.33384986260126,-142.26063838052312,-2.0221671173260245,2.6126670107875736,-1.0108561197916666,-0.9897928873697917,-1.0108561197916666,-0.9897928873697917,0,idle,239.60292099903972,109.4099465459181,246.69262583123125,102.85619059386555
1791246257.4042602,245.83194229041763,105.50900475378045,-153.3838503392053,-145.1801783115181,-1.9128748614051303,2.750235500992332,-1.0108561197916666,-0.9897928873697917,-1.0108561197916666,-0.9897928873697917,0,idle,236.0167275219598,101.45401887871735,244.34159979743282,105.39880573405085
1791246257.421453,244.0397774999685,108.39280396306299,-156.4721677572276,-148.14071734636426,-1.7921647904491387,2.8837992092825466,-1.0108561197916666,-0.9897928873697917,-1.0108561197916666,-0.9897928873697917,0,idle,248.83102481922575,109.09603780117504,242.8635144975958,108.32327658622548
1791246257.438375,242.37965656498534,111.40525551656701,-159.59803689403677,-151.1414405844974,-1.6601209349831483,3.012451553504027,-1.0108561197916666,-0.9897928873697917,-1.0108561197916666,-0.9897928873697917,0,idle,233.28552379491768,112.89353346018899,240.80750007422787,111.41361840575247
1791246257.455651,240.86276040625782,114.54052879928557,-162.76070766402955,-154.1815484605103,-1.5168961587275218,3.1352732827185545,-1.0108561197916666,-0.9897928873697917,-1.0108561197916666,-0.9897928873697917,0,idle,242.66615514639116,136.47605177573476,239.4593814770449,115.64524969283421
1791246257.4718049,239.50004561541172,117.79186663705933,-165.95944484100238,-157.26025655435313,-1.3627147908460893,3.2513378377737654,-1.0108561197916666,-0.9897928873697917,-1.0108561197916666,-0.9897928873697917,0,idle,222.347952048922,127.78424695622424,237.30923095433496,119.34097050188879
1791246257.489005,238.3021707669438,121.15158367805118,-169.19352778230933,-160.37679539335826,-1.1978748484679402,3.3597170409918586,-1.0108561197916666,-0.9897928873697917,-1.0108561197916666,-0.9897928873697917,0,idle,245.82998278349623,118.83998724903935,236.5972874397485,122.50765252818857
1791246257.506687,237.27942095493592,124.61107076405814,-172.46225015533523,-163.53041024702637,-1.0227498120078846,3.4594870860069653,-1.0108561197916666,-0.9897928873697917,-1.0108561197916666,-0.9897928873697917,0,idle,228.07620054174646,122.78143816277189,235.19962077344093,125.80785454162435
1791246257.522581,236.441631037119,128.16080555871628,-175.7649196667178,-166.72036091559602,-0.8377899178169055,3.5497347946581352,-1.0108561197916666,-0.9897928873697917,-1.0108561197916666,-0.9897928873697917,0,idle,237.36083456562147,137.50978178312562,234.5117810411239,129.76519895862464
1791246257.539372,235.79810810199575,131.79036966256382,-179.10085779467215,-169.9459215134336,-0.64352293512326,3.6295641038475313,-1.0108561197916666,-0.9897928873697917,-1.0108561197916666,-0.9897928873697917,0,idle,232.5898280751779,128.2928958016227,233.8043366044595,133.1396696994297
1791246257.5565188,235.35755370492276,135.4884724040096,-182.4693995247025,-173.20638024824993,-0.4405543970729876,3.6981027414457825,-1.0108561197916666,-0.9897928873697917,-1.0108561197916666,-0.9897928873697917,0,idle,256.96825186416464,139.9269212911945,234.54400569022542,136.99222988339145
1791246257.573537,235.12798644598635,139.24298145072237,-185.8698930889281,-176.50103919709156,-0.22956725893640745,3.754509046712755,-1.0108561197916666,-0.9897928873697917,-1.0108561197916666,-0.9897928873697917,0,idle,228.85972543169314,127.23426275767066,234.0417027813092,140.0711151214825
1791246257.5907578,235.11666548578535,143.0409603380683,-189.3016997092021,-179.82921407998316,-0.011320960200992547,3.7979788873459266,-1.0108561197916666,-0.9897928873697917,-1.0108561197916666,-0.9897928873697917,0,idle,235.01292920015698,149.3287192405041,234.07950919006063,144.14207527041222
1791246257.607778,235.3300156144831,146.86871296028121,-192.76419334416028,176.80976596798425,0.213350128697758,3.827752622212933,-1.0108561197916666,-0.9897928873697917,-1.0108561197916666,-0.9897928873697917,0,idle,216.30898517232382,150.22347136630614,233.39366561143666,148.0825100663092
1791246257.624595,235.76897065924862,150.71315996444804,-195.98682973787072,173.48623479457518,0.4389550447655309,3.8444470041668146,-0.6865763346354167,-0.9897928873697917,-0.6865763346354167,-0.9897928873697917,0,idle,254.985294475919,159.67961210353832,234.89025434718803,152.31458982212914
1791246257.641768,236.41656071859637,154.56695509290876,-198.16284524450563,170.461159539084,0.6475900593477508,3.853795128460709,0.17499593098958333,-0.9897928873697917,0.17499593098958333,-0.9897928873697917,0,idle,254.1275901468562,155.5546666580936,236.4673316935518,156.13769903596503
1791246257.659198,237.24800313990644,158.42724493818181,-199.61931767332302,167.84512386685455,0.831442421310072,3.8602898452730674,0.17499593098958333,-0.9897928873697917,0.17499593098958333,-0.9897928873697917,0,idle,235.037365648687,164.5816065187579,237.18570369155313,160.2271697631141
1791246257.67659,238.2364154710844,162.29416382491965,-200.57891424518175,165.66178670317638,0.9884123311779454,3.8669188867378423,0.17499593098958333,-0.9897928873697917,0.17499593098958333,-0.9897928873697917,0,idle,246.0499554372587,162.38016193026732,238.56790799345745,164.0083923138727
1791246257.692852,239.3559238674267,166.1695625184611,-201.19695113856014,163.88728078534325,1.119508396342284,3.8753986935414653,0.17499593098958333,-0.9897928873697917,0.17499593098958333,-0.9897928873697917,0,idle,211.40936345233422,161.70777440080886,238.27351374292647,167.5749901770839
1791246257.709493,240.58321206286107,170.05608286464016,-201.582752581127,162.47488766625133,1.2272881954343664,3.886520346179048,0.17499593098958333,-0.9897928873697917,0.17499593098958333,-0.9897928873697917,0,idle,257.52415610600184,198.12470151348418,240.40196964674288,172.794670072774
1791246257.726102,241.8981466199407,173.95654877057933,-201.81334366921595,161.3698842939778,1.3149345570796116,3.90046590593916,0.17499593098958333,-0.9897928873697917,0.17499593098958333,-0.9897928873697917,0,idle,256.9772833847082,178.35008406766144,242.47992316286678,176.7778833831606
1791246257.742574,243.28387078878325,177.87360271884893,-201.94279067302446,160.51790437680256,1.3857241688425472,3.9170539482695848,0.17499593098958333,-0.9897928873697917,0.17499593098958333,-0.9897928873697917,0,idle,249.91801067449717,183.96481966886677,244.16826549884874,180.858431448302
1791246257.759178,244.72660956969386,181.80951586873968,-202.00877904810542,159.86920648800475,1.4427387809106267,3.9359131498907476,0.17499593098958333,-0.9897928873697917,0.17499593098958333,-0.9897928873697917,0,idle,246.848940255251,175.28854120146846,245.67290107853393,184.31905442835654
1791246257.775691,246.2153346168885,185.76611240561095,-202.03731421013893,159.38048540198955,1.4887250471946403,3.956596536871286,0.17499593098958333,-0.9897928873697917,0.17499593098958333,-0.9897928873697917,0,idle,255.29369810155754,175.03634686648297,247.56822972452,187.61368576029056
1791246257.793188,247.74137811745098,189.74476395276346,-202.04609950703707,159.01528579139128,1.5260435005624888,3.9786515471525092,0.17499593098958333,-0.9897928873697917,0.17499593098958333,-0.9897928873697917,0,idle,255.8555446144336,180.55651716214797,249.43233679455003,191.0405463001783
1791246257.809977,249.29804707072972,193.7464232735413,-202.0469661003004,158.74367284368475,1.556668953278734,4.001659320777838,0.17499593098958333,-0.9897928873697917,0.17499593098958333,-0.9897928873697917,0,idle,226.82671232432668,196.80743515259837,249.78089107665366,195.13046709753826
1791246257.826654,250.88024234671516,197.77168640984974,-202.0463136032254,158.5418829893577,1.5821952759854518,4.025263136308427,0.17499593098958333,-0.9897928873697917,0.17499593098958333,-0.9897928873697917,0,idle,243.59359004506243,181.72699209537464,250.97461153726027,198.2842933269231
1791246257.843734,252.4840051011386,201.82090719016776,-202.0410463477312,158.39311557433905,1.60376275442342,4.049220780318011,0.17499593098958333,-0.9897928873697917,0.17499593098958333,-0.9897928873697917,0,idle,251.4730043382477,193.0189536549153,252.5231057940119,201.8677860846248
1791246257.861105,254.10617976854004,205.8942817230691,-202.02831817000686,158.28564768778088,1.6221746674014543,4.073374532901331,0.17499593098958333,-0.9897928873697917,0.17499593098958333,-0.9897928873697917,0,idle,272.79565865075176,206.57135230010002,255.07779937088029,205.97267020165484
1791246257.877871,255.74418465006323,209.99190217186154,-202.0066307875234,158.2111675817162,1.6380048815232002,4.097620448792437,0.17499593098958333,-0.9897928873697917,0.17499593098958333,-0.9897928873697917,0,idle,251.50462192020058,199.4003713845923,256.45524513579335,209.53679468715453
1791246257.894277,257.39585572531865,214.11379049298182,-201.9753850290735,158.16365941420102,1.6516710752554116,4.121888321120286,0.17499593098958333,-0.9897928873697917,0.17499593098958333,-0.9897928873697917,0,idle,270.9983346739594,216.76061874146683,258.7514871341943,213.81377979493442
1791246257.91049,259.05934006467334,218.25991930264738,-201.934565733258,158.13865959185136,1.6634843393546848,4.146128809665556,0.17499593098958333,-0.9897928873697917,0.17499593098958333,-0.9897928873697917,0,idle,250.55038145949388,204.85907567119912,259.92174197284623,217.30486695792993
1791246257.9277298,260.7330226870882,222.4302246293343,-201.8845223863513,158.13276258852176,1.6736826224148265,4.170305326686943,0.17499593098958333,-0.9897928873697917,0.17499593098958333,-0.9897928873697917,0,idle,261.2266907086156,227.92997670660287,261.5769879009288,221.79791250571617
1791246257.945336,262.4154758759118,226.62461367116148,-201.82581807602463,158.1432935147029,1.6824531888236012,4.194389041827174,0.17499593098958333,-0.9897928873697917,0.17499593098958333,-0.9897928873697917,0,idle,264.41703124296157,220.59616306245812,263.3173205974129,225.7224946232891
1791246257.962382,264.1054235230984,230.84296957009445,-201.75912697174385,158.16809158542716,1.6899476471866046,4.218355898932963,0.17499593098958333,-0.9897928873697917,0.17499593098958333,-0.9897928873697917,0,idle,252.736838871123,242.48694984932112,264.3937467759257,230.56815548857702
1791246257.978795,265.8017155097442,235.08515447404727,-201.68516608390084,158.20536692674213,1.6962919866457884,4.24218490395282,0.17499593098958333,-0.9897928873697917,0.17499593098958333,-0.9897928873697917,0,idle,270.78889464711955,217.14130937190043,266.3249815567989,233.92688884149837
1791246257.99505,267.5033087911908,239.35101166839956,-201.60465107045465,158.25360558301534,1.7015932814465895,4.265857194352284,0.17499593098958333,-0.9897928873697917,0.17499593098958333,-0.9897928873697917,0,idle,262.6672740073879,222.12041379431417,267.7586097967026,237.38912942377382
1791246258.012152,269.20925297889926,243.64036723999772,-201.51826876723445,158.31150599768543,1.705944187708444,4.289355571598152,0.17499593098958333,-0.9897928873697917,0.17499593098958333,-0.9897928873697917,0,idle,270.48857997630256,211.83550289445037,269.51575528400565,240.1863358903259
1791246258.0292711,270.91867896682095,247.95303153369744,-201.4266612189951,158.37793591203555,1.7094259879217106,4.312664293699737,0.17499593098958333,-0.9897928873697917,0.17499593098958333,-0.9897928873697917,0,idle,264.3333446818443,233.2124451645915,270.8805894424232,243.93467243305392
1791246258.046179,272.63078965384625,252.2888005354618,-201.33041750361824,158.45190243307863,1.7121106870253158,4.335769001764352,0.17499593098958333,-0.9897928873697917,0.17499593098958333,-0.9897928873697917,0,idle,247.3002012244558,250.65107262499632,271.32807518419884,248.38947299432718
1791246258.063194,274.34485214692097,256.647457240563,-201.23007073232662,158.53253056099757,1.714062493074698,4.358656705101251,0.17499593098958333,-0.9897928873697917,0.17499593098958333,-0.9897928873697917,0,idle,256.78471430699443,262.8820986633774,272.2292665087596,253.2548281476259
1791246258.0803058,276.0601910472721,261.0287730225995,-201.1260983914623,158.61904714843683,1.7153389003511095,4.381315782036503,0.17499593098958333,-0.9897928873697917,0.17499593098958333,-0.9897928873697917,0,idle,298.3213352445879,259.24894775153564,275.1634419008846,257.7167841207561
1791246258.0967839,277.7761825630441,265.4325089967536,-201.01892475137197,158.71076836829593,1.7159915157719776,4.403735974154048,0.17499593098958333,-0.9897928873697917,0.17499593098958333,-0.9897928873697917,0,idle,271.2367044773608,282.5536693091812,276.5972969696918,263.1421775556237
1791246258.114343,279.4922492815202,269.858417360967,-200.9089244670796,158.80708948438505,1.7160667184760903,4.425908364213397,0.17499593098958333,-0.9897928873697917,0.17499593098958333,-0.9897928873697917,0,idle,284.92702186817974,251.20100436898687,278.6440465971685,266.7497318422946
1791246258.131149,281.2078554905908,274.30624269625974,-200.7964267785921,158.90747617999148,1.7156062090706294,4.447825335292775,0.17499593098958333,-0.9897928873697917,0.17499593098958333,-0.9897928873697917,0,idle,293.34514088052464,265.9766574091712,281.0089272099534,270.93651218916654
1791246258.148041,282.9225029740478,278.77572320891454,-200.68171991842448,159.0114569907065,1.714647483456997,4.469480512654774,0.17499593098958333,-0.9897928873697917,0.17499593098958333,-0.9897928873697917,0,idle,285.5588442726364,276.24474839472657,282.8653381723717,275.4479304864666
1791246258.164858,284.63572722649087,283.2665919006093,-200.56505547382133,159.11861656868663,1.7132242524430898,4.49086869169477,0.17499593098958333,-0.9897928873697917,0.17499593098958333,-0.9897928873697917,0,idle,294.530706349802,288.2893440671819,285.07616962106414,280.35632642261237
1791246258.1817868,286.3470940463028,287.77857765655597,-200.44665254823897,159.2285896152052,1.7113668198119125,4.511985755946663,0.17499593098958333,-0.9897928873697917,0.17499593098958333,-0.9897928873697917,0,idle,288.74006139505167,280.5669690037074,286.88516268858484,284.6532450198165
1791246258.199022,288.0561964726381,292.31140624558464,-200.32670163324886,159.34105538294386,1.709102426335284,4.532828589028671,0.17499593098958333,-0.9897928873697917,0.17499593098958333,-0.9897928873697917,0,idle,294.06822944010906,300.60775598456803,288.86796333117957,289.7571577276313
1791246258.2162619,289.76265203682084,296.86480122954293,-200.20536814700063,159.4557326860518,1.7064555641827717,4.553394983958279,0.17499593098958333,-0.9897928873697917,0.17499593098958333,-0.9897928873697917,0,idle,288.2877490533045,296.16690576412816,290.4600854032594,294.4033703642165
1791246258.2328901,291.4661003012967,301.43848478220474,-200.08279562512098,159.5723753756327,1.7034482644758464,4.573683552661812,0.17499593098958333,-0.9897928873697917,0.17499593098958333,-0.9897928873697917,0,idle,299.84430886380375,312.8059172954897,292.54757242753874,299.6684970858089
1791246258.2493591,293.1662006611467,306.0321784200797,-199.95910856899926,159.69076824805586,1.7001003598500048,4.5936936378749325,0.17499593098958333,-0.9897928873697917,0.17499593098958333,-0.9897928873697917,0,idle,296.64786128417853,316.72678215739376,294.36768221222826,304.88542029536933
1791246258.266182,294.8626303846216,310.6456036491237,-199.83441496809107,159.81072335774468,1.6964297234748882,4.613425229044017,0.17499593098958333,-0.9897928873697917,0.17499593098958333,-0.9897928873697917,0,idle,295.85806236024376,300.93193855134234,296.05380945693014,309.0705001757598
1791246258.2835252,296.55508287045245,315.27848253245133,-199.70880851948678,159.9320767075662,1.6924524858308492,4.632878883327631,0.17499593098958333,-0.9897928873697917,0.17499593098958333,-0.9897928873697917,0,idle,296.3182937722765,329.60389616807635,297.6748635342368,314.4984049145369
1791246258.300558,298.24326610097137,319.93053818482497,-199.58237057119243,160.05468529020473,1.6881832305189026,4.65205565237362,0.17499593098958333,-0.9897928873697917,0.17499593098958333,-0.9897928873697917,0,idle,304.15937681420166,322.5245678896168,299.60286326722803,319.31916593304584
1791246258.317441,299.9269012713834,324.6014952000345,-199.45517181651792,160.1784244538406,1.6836351704120243,4.670957015209543,0.17499593098958333,-0.9897928873697917,0.17499593098958333,-0.9897928873697917,0,idle,300.42123610535083,325.5491287824067,301.24323532102557,324.0680732399629
1791246258.334295,301.6057215768793,329.2910800173592,-199.32727376647492,160.30318556551603,1.6788203054959439,4.689584817324699,0.17499593098958333,-0.9897928873697917,0.17499593098958333,-0.9897928873697917,0,idle,284.5084986550465,320.2494070126111,302.00137777794777,328.33224550505383
1791246258.3511071,303.2794711406542,333.99902123318935,-199.19873002571703,160.42887394594962,1.67374956377489,4.707941215830168,0.17499593098958333,-0.9897928873697917,0.17499593098958333,-0.9897928873697917,0,idle,301.7394424549304,357.0758116080512,303.578343097383,334.24196796524234
1791246258.3679411,304.9479040672772,338.7250498636372,-199.06958739569276,160.55540705030327,1.6684329266229927,4.726028630447827,0.17499593098958333,-0.9897928873697917,0.17499593098958333,-0.9897928873697917,0,idle,310.35941880547,342.68378387307916,305.5024081630792,339.1537859595596
1791246258.384875,306.61078360722064,343.4688995636264,-198.93988682658676,160.6827128704792,1.6628795399434488,4.743849699989173,0.17499593098958333,-0.9897928873697917,0.17499593098958333,-0.9897928873697917,0,idle,302.197856961392,358.6058050137904,306.91691616594113,344.6330441272609
1791246258.40272,308.2678814196779,348.2303068075568,-198.8096642374673,160.8107285358615,1.657097812457281,4.761407243930407,0.17499593098958333,-0.9897928873697917,0.17499593098958333,-0.9897928873697917,0,idle,289.59140407863487,341.89612154274437,307.6248834834102,349.01953487976897
1791246258.420514,309.9189769220635,353.00901103621976,-198.6789512219477,160.93939909094053,1.651095502385585,4.778704228662927,0.17499593098958333,-0.9897928873697917,0.17499593098958333,-0.9897928873697917,0,idle,301.951941894204,336.5406472339438,308.90977713121623,352.9353595147075
1791246258.437237,311.5638567157815,357.8047547742112,-198.54777565466935,161.06867642989428,1.6448797937180237,4.7957437379914145,0.17499593098958333,-0.9897928873697917,0.17499593098958333,-0.9897928873697917,0,idle,306.5210965110151,362.0473005568315,310.3529789042383,357.9469131179055
1791246258.45422,313.202314078962,362.6172837216703,-198.4161622120657,161.19851836988192,1.6384573631804895,4.812528947459085,0.17499593098958333,-0.9897928873697917,0.17499593098958333,-0.9897928873697917,0,idle,323.0570852013275,366.34336687082936,312.5447187141142,362.9386383056379
1791246258.470468,314.834148517892,367.44634682376744,-198.28413281918068,161.32888784648122,1.6318344389300115,4.829063102097186,0.17499593098958333,-0.9897928873697917,0.17499593098958333,-0.9897928873697917,0,idle,308.5984351311687,361.7404931083547,313.89764725195045,367.46634099276605
1791246258.486918,316.45916536981053,372.2916963209871,-198.15170703280197,161.4597522163298,1.6250168519185308,4.845349497219696,0.17499593098958333,-0.9897928873697917,0.17499593098958333,-0.9897928873697917,0,idle,302.4828841722955,366.24523577503095,314.8706751072903,372.008367754238
1791246258.504204,318.07717545059194,377.15308778289904,-198.0189023698194,161.59108265358321,1.6180100807814282,4.861391461911904,0.17499593098958333,-0.9897928873697917,0.17499593098958333,-0.9897928873697917,0,idle,318.0571219418966,379.70848907699013,316.56710702576294,377.01169570919194
1791246258.521515,319.6879947416156,382.03028012779015,-197.88573458852701,161.72285362826022,1.6108192910237051,4.877192344891089,0.17499593098958333,-0.9897928873697917,0.17499593098958333,-0.9897928873697917,0,idle,313.7146666344451,388.4762508244312,317.95476333266953,382.21825619260045
1791246258.537753,321.29144411081336,386.92303563023756,-197.75221792953863,161.85504245589502,1.603449369197754,4.8927555024473985,0.17499593098958333,-0.9897928873697917,0.17499593098958333,-0.9897928873697917,0,idle,318.72751862202585,390.66492023795155,319.5166779978752,387.28870712219305
1791246258.555089,322.88734906350595,391.83111991843987,-197.6183653220701,161.9876289091531,1.5959049526926152,4.908084288202275,0.17499593098958333,-0.9897928873697917,0.17499593098958333,-0.9897928873697917,0,idle,320.1577646740888,380.6552876456054,321.06484203674387,391.61971622215583
1791246258.572421,324.47553951919195,396.7543019628896,-197.48418856054326,162.1205948831913,1.5881904556860151,4.923182044449717,0.17499593098958333,-0.9897928873697917,0.17499593098958333,-0.9897928873697917,0,idle,323.3259743232233,413.44842308123907,322.6866795839695,397.3881745073372
1791246258.588799,326.0558496109395,401.69235405776146,-197.34969845577226,162.2539241075539,1.5803100917475479,4.938052094871852,0.17499593098958333,-0.9897928873697917,0.17499593098958333,-0.9897928873697917,0,idle,327.2667371668056,412.769696646505,324.4169770502715,402.8484001044239
1791246258.6062,327.6281175044636,406.6450517962059,-197.21490496439304,162.38760189830296,1.5722678935241161,4.952697738444443,0.17499593098958333,-0.9897928873697917,0.17499593098958333,-0.9897928873697917,0,idle,331.9121699373571,397.5075359641343,326.2853911934737,407.2864197489316
1791246258.623623,329.19218523435063,411.612174040576,-197.07981729967716,162.5216149448886,1.5640677298870198,4.967122244370105,0.17499593098958333,-0.9897928873697917,0.17499593098958333,-0.9897928873697917,0,idle,329.5354755659711,417.20843892424256,327.9337597554912,412.5012868398488
1791246258.6396952,330.7478985552243,416.5935028884729,-196.94444402642367,162.65595112697727,1.555713320873675,4.981328847896918,0.17499593098958333,-0.9897928873697917,0.17499593098958333,-0.9897928873697917,0,idle,334.4347071335268,412.46904235831727,329.736734779223,417.2319370212743
1791246258.65661,332.2951068059398,421.58882363537106,-196.80879314223702,162.79059935708878,1.547208250715474,4.995320746898133,0.17499593098958333,-0.9897928873697917,0.17499593098958333,-0.9897928873697917,0,idle,321.514683309475,412.2802296106108,330.7954800439153,421.72990636029436
1791246258.673097,333.8336627851462,426.59792473447567,-196.6728721471678,162.92554944544415,1.538555979206448,5.009101099104626,0.17499593098958333,-0.9897928873697917,0.17499593098958333,-0.9897928873697917,0,steering,324.47125299981803,403.5810310160367,331.9408968719565,425.58110863723084
1791246258.690569,335.3641372859923,431.61204403423744,-196.67287955307052,163.0260830069082,1.5304745008460907,5.0141192997617905,0.17499593098958333,-0.9897928873697917,-1.0,0.0,1,steering,313.7381495677991,435.9304558264804,332.48471028255244,430.861989331467
1791246258.70683,336.887510501892,436.6185301392204,-196.77297943359503,163.0760476427131,1.5233732158997004,5.006486104982966,0.17499593098958333,-0.9897928873697917,-1.0,0.0,1,steering,340.52064436804596,472.42751355736334,334.33371154193185,437.6964273424956
1791246258.724106,338.4083966413764,441.60257671613783,-197.10896193068237,163.0303860233933,1.5208861394844024,4.984046576917405,0.17499593098958333,-0.9897928873697917,-1.0,0.0,1,steering,349.8482041374112,455.21817521742435,336.554278004216,443.3073589843136
1791246258.741377,339.9356580672284,446.5484735528218,-197.74815746007263,162.83964528957216,1.527261425852036,4.945896836683969,0.17499593098958333,-0.9897928873697917,-1.0,0.0,1,steering,331.78420393961466,433.81238822171514,337.76667265554534,447.53121244103346
1791246258.757816,341.48167007280466,451.4404230505302,-198.71315663819072,162.46180299451257,1.5460120055762163,4.891949497708445,0.17499593098958333,-0.9897928873697917,-1.0,0.0,1,steering,348.1101175404469,455.7959156361589,339.75255630508786,452.59179962361276
1791246258.775182,343.06103476770744,456.2630130307335,-199.99866191641044,161.866738273682,1.5793646949027984,4.822589980203242,0.17499593098958333,-0.9897928873697917,-1.0,0.0,1,steering,338.6442158883342,464.95675094141967,341.19753574440784,457.7915076706962
1791246258.792406,344.6892069834023,461.0014547611467,-201.58302669162484,161.0368067583456,1.6281722156948857,4.738441730413204,0.17499593098958333,-0.9897928873697917,-1.0,0.0,1,steering,343.11402510137526,493.66791466735856,342.84012381716633,464.0868476644219
1791246258.808759,346.3812721292537,465.6416849461564,-203.4359357681099,159.9655590560369,1.6920651458514182,4.640230185009649,0.17499593098958333,-0.9897928873697917,-1.0,0.0,1,steering,349.5724118146781,459.29039843142476,344.78420010560075,468.25524387853125
1791246258.8261278,348.1509782421531,470.170405656666,-205.52338735390558,158.6557363396897,1.7697061128993954,4.528720710509625,0.17499593098958333,-0.9897928873697917,-1.0,0.0,1,steering,347.16191478646886,493.4089467342782,346.58430664689854,473.81521369630275
1791246258.842835,350.0100453196466,474.57510894142627,-207.81083062276136,157.11713833793505,1.8590670774935547,4.4047032847602985,0.17499593098958333,-0.9897928873697917,-1.0,0.0,1,steering,350.7222876351811,495.1656752581089,348.5573194199315,479.06720489491533
1791246258.859391,351.9677332971397,478.84410990954143,-210.26506138327832,155.3646513455008,1.9576879774930678,4.269000968115154,0.17499593098958333,-0.9897928873697917,-1.0,0.0,1,steering,353.391061138489,486.81912304479096,350.6588100844778,483.5103517221185
1791246258.875852,354.030630911564,482.9665957453934,-212.85529188112827,153.41655372693518,2.062897614424263,4.122485835851964,0.17499593098958333,-0.9897928873697917,-1.0,0.0,1,steering,362.29859014522106,474.5967730971032,353.200551821218,486.98103433492713
1791246258.893245,356.2026215433935,486.932688206882,-215.55367903515162,151.29312664496936,2.171990631829462,3.9660924614885933,0.17499593098958333,-0.9897928873697917,-1.0,0.0,1,steering,343.25265379072533,478.5275104050548,354.7665480199314,490.32614597684767
1791246258.9096699,358.48498298890024,490.73351234881915,-218.33550441973077,149.01555411448692,2.282361445506769,3.8008241419371402,0.17499593098958333,-0.9897928873697917,-1.0,0.0,1,steering,356.46677468702575,485.7834693177897,357.0198027265175,493.70979507873506
1791246258.9271622,360.8765824464918,494.3612629371211,-221.17913694166873,146.60507840395076,2.3915994575915445,3.6277505883019536,0.17499593098958333,-0.9897928873697917,-1.0,0.0,1,steering,352.5332680736236,489.25920400255393,359.0674954785848,496.9336285838129
1791246258.9436858,363.3741337692243,497.80926087798076,-224.0658664342346,144.08237205410978,2.4975513227324693,3.44799794085966,0.17499593098958333,-0.9897928873697917,-1.0,0.0,1,steering,355.0790392792532,500.2712478960501,361.24074642521407,500.3761075932414
1791246258.961256,365.97249010540696,501.0719939057262,-226.97966705486738,141.46708929995,2.59835633618268,3.2627330277454036,0.17499593098958333,-0.9897928873697917,-1.0,0.0,1,steering,387.61677959951703,507.42449954004843,365.0279866033028,503.8281235669399
1791246258.9779358,368.66495081414683,504.1451380165242,-229.90692919365927,138.77756361617946,2.692460708739891,3.073144110798008,0.17499593098958333,-0.9897928873697917,-1.0,0.0,1,steering,375.31045526025855,494.00099554710147,368.09994770945343,506.25625407120606
1791246258.9952672,371.4435667027019,507.0255582512071,-232.83618472653774,136.0306225522672,2.7786158885550836,2.8804202346829264,0.17499593098958333,-0.9897928873697917,-1.0,0.0,1,steering,373.223271225926,483.0678957904135,370.99579897940436,507.8332353801152
1791246259.011196,374.2994320646952,509.7112891836416,-235.75784094854058,133.2414951847581,2.8558653619933447,2.68573093243453,0.17499593098958333,-0.9897928873697917,-1.0,0.0,1,steering,383.6851847866266,505.1178784815234,374.34334036365914,510.2489119209984
1791246259.028646,377.2229556816736,512.2014967736745,-238.66393207487027,130.4237911729278,2.923523616978407,2.4902075900329295,0.17499593098958333,-0.9897928873697917,-1.0,0.0,1,steering,366.5003689072904,500.9627520278898,376.72853922697016,512.1503011368743
1791246259.045061,380.20410592207065,514.4964241005919,-241.54789288172017,127.58953359000023,2.981150240397046,2.2949273269172954,0.17499593098958333,-0.9897928873697917,-1.0,0.0,1,steering,365.0001754834537,527.3205925101373,378.9742137681715,515.0889966661089
1791246259.062352,383.2326273993744,516.5973239596942,-244.40435623073398,124.74923051809809,3.028521477303732,2.100899859102331,0.17499593098958333,-0.9897928873697917,-1.0,0.0,1,steering,388.09024537771677,523.835298522428,382.30711075208734,517.522166625072
1791246259.07802,386.2982284177533,518.5063814583972,-247.22897442514716,121.91197292985352,3.065601018378929,1.9090574987030007,0.17499593098958333,-0.9897928873697917,-1.0,0.0,1,steering,405.6929763010531,499.7047181672499,386.3887249969956,518.4448988259487
1791246259.0955598,389.39073972512745,520.2266296702069,-250.01826325956952,119.08554868307995,3.092511307374113,1.720248211809656,0.17499593098958333,-0.9897928873697917,-1.0,0.0,1,steering,395.2304550943905,518.4306189868714,389.7686972438708,520.078420635214
1791246259.112025,392.50024599464314,521.7618611691781,-252.76946702054326,116.27656454130447,3.109506269515693,1.5352314989712914,0.17499593098958333,-0.9897928873697917,-1.0,0.0,1,idle,392.98828787269633,522.2794849659609,392.883707731352,521.646943775774
1791246259.129427,395.6146188979265,523.1290845891078,-254.57725550977025,113.70168585972019,3.1143729032833756,1.367223419929647,0.17499593098958333,-0.9897928873697917,0.17499593098958333,-0.9897928873697917,0,idle,422.5964829129389,490.9947100951863,397.32800074855055,521.4131943406778
1791246259.144777,398.7235103569498,524.3507254792981,-255.7584977623912,111.45237695921146,3.1088914590233148,1.2216408901902764,0.17499593098958333,-0.9897928873697917,0.17499593098958333,-0.9897928873697917,0,idle,380.1302305311014,535.096969123809,399.4215591237502,523.2579419255152
1791246259.162175,401.8196876169448,525.4502011326264,-256.52106907037785,109.55033023019077,3.096177259994992,1.099475653328254,0.17499593098958333,-0.9897928873697917,0.17499593098958333,-0.9897928873697917,0,idle,408.8822111050645,522.7880330176564,402.8359601198112,524.278948350784
1791246259.178688,404.8991455359073,526.4495905527599,-257.00427857571015,107.98001971427544,3.0794579189624858,0.9993894201334736,0.17499593098958333,-0.9897928873697917,0.17499593098958333,-0.9897928873697917,0,idle,398.59652810185906,515.2279771435776,405.54947354192797,524.7758197395506
1791246259.196044,407.9606979334292,527.3685613444705,-257.30235983429924,106.7079156176,3.0615523975218704,0.9189707917106611,0.17499593098958333,-0.9897928873697917,0.17499593098958333,-0.9897928873697917,0,idle,406.62040219575294,525.5400472220086,408.51149475226504,525.6870533657986
1791246259.212457,411.00539328797396,528.2240188291232,-257.4792777421073,105.69358557579292,3.0446953545448077,0.8554574846526655,0.17499593098958333,-0.9897928873697917,0.17499593098958333,-0.9897928873697917,0,idle,432.98521769435206,521.0471815589943,412.6276414861869,526.2677443858785
1791246259.22914,414.0359205057128,529.0301461863621,-257.57846320248433,104.89587565890909,3.0305272177388494,0.8061273572388514,0.17499593098958333,-0.9897928873697917,0.17499593098958333,-0.9897928873697917,0,idle,452.90358960189684,530.9798345704022,417.5204397488243,527.2691698844816
1791246259.2465112,417.05607847618074,529.7986368533695,-257.62934505190725,104.27616366935575,3.0201579704679684,0.7684906670074774,0.17499593098958333,-0.9897928873697917,0.17499593098958333,-0.9897928873697917,0,idle,406.05060155413526,530.7705097708384,419.8160979110344,528.1743030124564
1791246259.262325,420.07033598462937,530.5390041892696,-257.6517767464254,103.79990463958686,3.014257508448635,0.740367335899998,0.17499593098958333,-0.9897928873697917,0.17499593098958333,-0.9897928873697917,0,idle,400.8280550014008,509.59809747539384,421.73024039857887,527.9488417047083
1791246259.278632,423.0834849581914,531.2589050030704,-257.6590527023073,103.43719635935756,3.013148973562029,0.7199008138008419,0.17499593098958333,-0.9897928873697917,0.17499593098958333,-0.9897928873697917,0,idle,419.7558583823569,537.0452844447784,424.4940128226517,529.0875696148225
1791246259.2949288,426.1003789656369,531.9644444573037,-257.65997135474595,103.16279192012581,3.0168940074454946,0.7055394542333451,0.17499593098958333,-0.9897928873697917,0.17499593098958333,-0.9897928873697917,0,idle,387.31138239654103,538.4961994058273,425.5009306084194,530.2282635858944
1791246259.312171,429.1257428770673,532.6604552580081,-257.6596919856673,102.95594998344782,3.0253639114304147,0.6960108007044452,0.17499593098958333,-0.9897928873697917,0.17499593098958333,-0.9897928873697917,0,idle,436.58172111417014,534.9898843466432,428.92906584956586,531.1275548846011
1791246259.3295,432.1640281086122,533.3508024103043,-257.6564401436996,102.80117785535685,3.038285231544853,0.6903471522960829,0.17499593098958333,-0.9897928873697917,0.17499593098958333,-0.9897928873697917,0,idle,450.2249557548724,521.7364027103423,432.88023131479883,531.3138270705695
1791246259.345767,435.21932102910176,534.0386222885326,-257.64803820588014,102.6871476946632,3.055292920489575,0.6878198782282735,0.17499593098958333,-0.9897928873697917,0.17499593098958333,-0.9897928873697917,0,idle,413.86452852585313,527.3194074765405,434.83197444981664,531.767534975185
1791246259.3630772,438.2952947085984,534.7264939721782,-257.6332780057844,102.60550130642251,3.0759736794966313,0.6878716836457088,0.17499593098958333,-0.9897928873697917,0.17499593098958333,-0.9897928873697917,0,idle,439.71788897404036,569.4237277587052,437.99844517154963,534.3038227138244
1791246259.380432,441.3951912440472,535.4165634106265,-257.6115992388111,102.55000434492389,3.0998965354487997,0.6900694384482601,0.17499593098958333,-0.9897928873697917,0.17499593098958333,-0.9897928873697917,0,idle,431.36364852761824,533.8726246550265,440.61160704802944,534.9378287774103
1791246259.396699,444.52182508176105,536.1106345202272,-257.5828669524092,102.5159473537862,3.1266338377138143,0.6940711096006648,0.17499593098958333,-0.9897928873697917,0.17499593098958333,-0.9897928873697917,0,idle,442.75384546845027,561.709496599055,443.68902111487864,536.9357797226132
1791246259.413882,447.6776002188743,536.810236932414,-257.54721790777205,102.49972151882956,3.1557751371132814,0.6996024121867926,0.17499593098958333,-0.9897928873697917,0.17499593098958333,-0.9897928873697917,0,idle,443.50627453744954,533.1183025357739,446.67787016626477,537.4095281548487
1791246259.431338,450.8645360584454,537.516677121823,-257.50495495882734,102.49851812190765,3.186935839571125,0.706440189408983,0.17499593098958333,-0.9897928873697917,0.17499593098958333,-0.9897928873697917,0,idle,434.91444333663054,530.1903438283118,449.1172878723756,537.7196871184603
1791246259.447721,454.0842981378943,538.231077595873,-257.45647497965325,102.51011548986035,3.21976207944886,0.714400474049958,0.17499593098958333,-0.9897928873697917,0.17499593098958333,-0.9897928873697917,0,idle,466.5904844743068,530.8134994033602,453.0497216779486,538.0530581830528
1791246259.4650931,457.3382310456816,538.9544074193323,-257.4022202518435,102.53272771541609,3.2539329077873296,0.723329823459218,0.17499593098958333,-0.9897928873697917,0.17499593098958333,-0.9897928873697917,0,idle,469.87156708535025,539.2001659814463,456.98205021071664,538.7975769052588
1791246259.4823601,460.6273916643331,539.6875063754594,-257.34264624630646,102.56489689461777,3.289160618651519,0.7330989561271002,0.17499593098958333,-0.9897928873697917,0.17499593098958333,-0.9897928873697917,0,idle,458.3127309456316,535.8807573473496,460.17328683518133,539.3481799356841
1791246259.4984431,463.9525814907076,540.4311043918558,-257.2782008328958,102.60541595918026,3.3251898263744613,0.7435980163964169,0.17499593098958333,-0.9897928873697917,0.17499593098958333,-0.9897928873697917,0,idle,463.1041826245506,540.9570644168333,463.47876195970554,540.1350422753181
1791246259.5148711,467.3143772354338,541.18583739085,-257.2093114172097,102.65327299020664,3.3617957447262143,0.7547329989941938,0.17499593098958333,-0.9897928873697917,0.17499593098958333,-0.9897928873697917,0,idle,465.403229238654,529.8068430695137,466.7686912811429,540.3356286640724
1791246259.531816,470.71315923090367,541.9522603973832,-257.1363775333368,102.7076106110556,3.398781995469827,0.7664230065331843,0.17499593098958333,-0.9897928873697917,0.17499593098958333,-0.9897928873697917,0,idle,478.64518850800664,550.8998218712345,470.5913590381824,541.591940180637
1791246259.549282,474.1491374109748,542.7308585083807,-257.05976714770696,102.76769597964898,3.435978180071108,0.778598110997544,0.17499593098958333,-0.9897928873697917,0.17499593098958333,-0.9897928873697917,0,idle,455.78255917494795,546.9195152445095,473.1150983160883,542.5979871392783
1791246259.565024,477.62237478883634,543.5220561664963,-256.97981544375887,102.832898256859,3.473237377861535,0.7911976581155531,0.17499593098958333,-0.9897928873697917,0.17499593098958333,-0.9897928873697917,0,idle,469.954295755495,550.9543761420551,476.2566336970271,543.767444364627
1791246259.5824058,481.1328084702824,544.3262250672296,-256.8968252227226,102.9026713794479,3.5104336814460395,0.8041689007332822,0.17499593098958333,-0.9897928873697917,0.17499593098958333,-0.9897928873697917,0,idle,477.6029972344206,548.5029088550568,479.6588638712705,544.7681780448451
1791246259.598392,484.68026831172403,545.1436909474396,-256.8110683160384,102.97654063044662,3.547459841441646,0.8174658802099088,0.17499593098958333,-0.9897928873697917,0.17499593098958333,-0.9897928873697917,0,idle,487.3677670253901,564.1438150511432,483.41439587834606,546.5135524813593
1791246259.6148028,488.26449337618783,545.9747394452831,-256.72278759029024,103.05409196130934,3.5842250644638227,0.8310484978435313,0.17499593098958333,-0.9897928873697917,0.17499593098958333,-0.9897928873697917,0,idle,474.579978376158,563.0221750677845,486.3776888144773,548.1284796836319
1791246259.632235,491.88514636428215,546.8196211797168,-256.63219925747376,103.1349633392062,3.6206529880943044,0.8448817344337053,0.17499593098958333,-0.9897928873697917,0.17499593098958333,-0.9897928873697917,0,idle,484.8579965225702,546.6616076083084,489.7413245385716,548.8577737275778
1791246259.648683,495.5418262066684,547.6785561671071,-256.5394952971392,103.21883761251685,3.656679842386254,0.8589349873902349,0.17499593098958333,-0.9897928873697917,0.17499593098958333,-0.9897928873697917,0,idle,488.35964989190217,569.9008458512579,493.1460866565051,550.7259155717825
1791246259.665239,499.2340790044287,548.5517376698691,-256.44484586326996,103.30543653842813,3.692252797760244,0.8731815027619648,0.17499593098958333,-0.9897928873697917,0.17499593098958333,-0.9897928873697917,0,idle,495.7660059211832,544.0053210800917,496.78472277761125,551.2194082748218
1791246259.681917,502.9614074971725,549.4393355550651,-256.34840159541324,103.39451571990874,3.727328492743827,0.887597885195998,0.17499593098958333,-0.9897928873697917,0.17499593098958333,-0.9897928873697917,0,idle,512.4644037598305,533.0257820884898,501.1096688948288,551.1529449564414
1791246259.699626,506.7232792281859,550.3414992279158,-256.2502957861294,103.48586027014572,3.7618717310134118,0.9021636728507417,0.17499593098958333,-0.9897928873697917,0.17499593098958333,-0.9897928873697917,0,idle,499.23890123071214,564.1093705650566,504.5899086560857,552.6578217260803
1791246259.7162151,510.519133563118,551.2583601950814,-256.15064637926963,103.57928107111451,3.795854334932063,0.9168609671656089,0.17499593098958333,-0.9897928873697917,0.17499593098958333,-0.9897928873697917,0,idle,527.7146791096017,572.7933258582527,509.35220879694697,554.5356148514962
1791246259.733091,514.3483877048495,552.1900343045588,-256.0495577888123,103.67461152643477,3.8292541417315236,0.9316741094773544,0.17499593098958333,-0.9897928873697917,0.17499593098958333,-0.9897928873697917,0,idle,510.8398597669483,572.6517793080986,513.0643827800919,556.3265134783298
1791246259.749673,518.2084608799469,553.1361240955187,-255.94732757527376,103.77150764683556,3.8600731750973813,0.9460897909597766,0.17499593098958333,-0.7509623209635417,0.17499593098958333,-0.7509623209635417,0,idle,505.28386946834047,555.9836123003497,516.3424266308468,557.2081537208427
1791246259.767067,522.0932445019956,554.0953143520312,-255.8444568635086,103.86946991097916,3.8847836220487033,0.9591902565125355,0.17499593098958333,-0.43495279947916665,0.17499593098958333,-0.43495279947916665,0,idle,540.7747690954559,553.8403355719065,521.2545881950236,557.9509935570828
1791246259.7844758,525.9920659976916,555.0650775296652,-255.74164282260716,103.9678665251804,3.898821495695929,0.9697631776340768,0.17499593098958333,-0.034470621744791666,0.17499593098958333,-0.034470621744791666,0,idle,537.3883362235782,546.8412517329397,525.7651560173625,558.316781484628
1791246259.800391,529.8926388861743,556.0423959516692,-255.63939102783348,104.06631166896271,3.900572888482696,0.9773184220038937,0.17499593098958333,0.010420735677083333,0.17499593098958333,0.010420735677083333,0,idle,508.7029381405922,562.0375448789852,528.6175893675826,559.4312721552495
1791246259.817048,533.7827704080235,557.0241899609882,-255.53806573340754,104.1645501883682,3.8901315218492347,0.9817940093190347,0.17499593098958333,0.010420735677083333,0.17499593098958333,0.010420735677083333,0,idle,528.0675708475695,552.9727320071482,532.2857133873387,560.0410494566976
1791246259.83456,537.6512775817391,558.0075565394056,-255.4379270396631,104.26239500466438,3.8685071737156775,0.9833665784173841,0.17499593098958333,0.010420735677083333,0.17499593098958333,0.010420735677083333,0,idle,558.1518039602545,552.5965857240826,537.2540997310143,560.6030245195634
1791246259.85039,541.4884109106833,558.9898882377722,-255.33915832450094,104.35969481583298,3.837133328944169,0.9823316983665619,0.17499593098958333,0.010420735677083333,0.17499593098958333,0.010420735677083333,0,idle,549.294285758063,576.0016166321855,541.5013856948638,562.3061692386427
1791246259.867124,545.285982022177,559.9689186459196,-255.24188646621383,104.45631833643155,3.7975711114936908,0.9790304081474187,0.17499593098958333,0.010420735677083333,0.17499593098958333,0.010420735677083333,0,idle,551.5348298911899,551.2357992963032,545.6107504605991,562.6827296292659
1791246259.88383,549.0373221223525,560,-255.14619674222533,104.55214722823855,0.0,0.0,0.17499593098958333,0.010420735677083333,0.17499593098958333,0.010420735677083333,0,idle,542.0007859095062,577.0990984142836,545.4302522330445,563.4035480685168
1791246259.901402,549.0389353717669,560,-255.14602562577863,104.85397437422137,0.0,0.0,0.17499593098958333,0.010420735677083333,0.17499593098958333,0.010420735677083333,0,idle,559.3656190936663,557.9337994261423,546.1270205760756,563.1300606363981
1791246259.918106,549.0401009438011,560,-255.14590187555206,104.85409812444796,0.0,0.0,0.17499593098958333,0.010420735677083333,0.17499593098958333,0.010420735677083333,0,idle,565.3669124456521,546.9596430398668,547.0890151695544,562.3215397565715
1791246259.934638,549.0409430692471,560,-255.1458123931496,104.85418760685039,0.0,0.0,0.17499593098958333,0.010420735677083333,0.17499593098958333,0.010420735677083333,0,idle,537.5632587680324,551.0315079187404,546.6127273494783,561.7570381646799
1791246259.951457,549.0415515046996,560,-255.14574769734952,104.85425230265047,0.0,0.0,0.17499593098958333,0.010420735677083333,0.17499593098958333,0.010420735677083333,0,idle,563.0394167871704,570.4400764966797,547.4340618213629,562.1911900812798
1791246259.968197,549.0419910992188,560,-255.14570092713427,104.85429907286573,0.0,0.0,0.17499593098958333,0.010420735677083333,0.17499593098958333,0.010420735677083333,0,idle,553.784057674576,558.3280077341401,547.7515616140236,561.9980309639228
1791246259.984915,549.0423087062092,560,-255.1456671187609,104.85433288123912,0.0,0.0,0.17499593098958333,0.010420735677083333,0.17499593098958333,0.010420735677083333,0,idle,526.9008624476878,557.2896133614531,546.7090266557068,561.7626100837994
1791246260.002342,549.0425381772338,560,-255.14564268183446,104.85435731816554,0.0,0.0,0.17499593098958333,0.010420735677083333,0.17499593098958333,0.010420735677083333,0,idle,548.3411441399746,564.7509355241102,546.7906325299202,561.9120263558149
1791246260.018882,549.0427039700356,560,-255.14562501978125,104.85437498021875,0.0,0.0,0.17499593098958333,0.010420735677083333,0.17499593098958333,0.010420735677083333,0,idle,553.7971958556267,565.9245831895598,547.1409606962055,562.1126541975021
1791246260.036324,549.0428237553278,560,-255.1456122550328,104.8543877449672,0.0,0.0,0.17499593098958333,0.011397298177083333,0.17499593098958333,0.011397298177083333,0,idle,532.5476065840631,547.9961481291473,546.4112929905984,561.4068288940844
1791246260.05192,549.0429103001977,560,-255.14560303009742,104.8543969699026,0.0,0.0,0.17499593098958333,0.011397298177083333,0.17499593098958333,0.011397298177083333,0,idle,560.233387459867,565.407137445696,547.1023977140619,561.606844321665
1791246260.069385,549.0429728288643,560,-255.14559636360468,104.85440363639533,0.0,0.0,0.17499593098958333,0.020186360677083334,0.17499593098958333,0.020186360677083334,0,idle,551.128992775688,579.6023747046198,547.3037274671432,562.5066208408127
1791246260.085907,549.0430180058249,560,-255.14559154615657,104.85440845384345,0.0,0.0,0.17499593098958333,0.024580891927083334,0.17499593098958333,0.024580891927083334,0,idle,546.3711894767148,559.1117480891063,547.2571005676217,562.3368772032275
1791246260.102494,549.0430506461785,560,-255.14558806499318,104.85441193500681,0.0,0.0,0.17499593098958333,0.024580891927083334,0.17499593098958333,0.024580891927083334,0,idle,541.3836235365435,575.537384801755,546.9634267160678,562.9969025831539
1791246260.120272,549.0430742288336,560,-255.14558554951046,104.85441445048954,0.0,0.0,0.17499593098958333,0.024580891927083334,0.17499593098958333,0.024580891927083334,0,idle,547.3565206295674,567.8481201750102,546.9830814117428,563.2394634627467
1791246260.137527,549.0430912673017,560,-255.14558373186404,104.85441626813599,0.0,0.0,0.17499593098958333,0.024580891927083334,0.17499593098958333,0.024580891927083334,0,idle,556.571617996403,566.9312899263832,547.4625082409758,563.4240547859285
1791246260.153924,549.0431035775949,560,-255.14558241848545,104.85441758151454,0.0,0.0,0.17499593098958333,0.024580891927083334,0.17499593098958333,0.024580891927083334,0,idle,569.727203256188,556.1710372333508,548.5757429917364,563.0614039082997
1791246260.171224,549.0431124717817,560,-255.14558146949014,104.85441853050988,0.0,0.0,0.17499593098958333,0.024580891927083334,0.17499593098958333,0.024580891927083334,0,idle,547.5220179177005,570.2066540545767,548.5230567380346,563.4186664156135
1791246260.187689,549.0431188978316,560,-255.14558078379235,104.85441921620765,0.0,0.0,0.17499593098958333,0.024580891927083334,0.17499593098958333,0.024580891927083334,0,idle,522.2292636805228,539.6016290356354,547.208367085159,562.2278145466146
1791246260.205018,549.0431235406527,560,-255.1455802883458,104.8544197116542,0.0,0.0,0.17499593098958333,0.024580891927083334,0.17499593098958333,0.024580891927083334,0,idle,570.7832814058111,556.4468261691492,548.3871128011916,561.9387651277414
1791246260.222463,549.043126895091,560,-255.14557993036732,104.8544200696327,0.0,0.0,0.17499593098958333,0.024580891927083334,0.17499593098958333,0.024580891927083334,0,idle,544.6924293619858,569.8355936232134,548.2023786292314,562.333606552515
1791246260.238762,549.0431293186725,560,-255.14557967171658,104.85442032828345,0.0,0.0,0.17499593098958333,0.030928548177083334,0.17499593098958333,0.030928548177083334,0,idle,558.7610471935243,548.9051433966724,548.730312057446,561.6621833947229
1791246260.256177,549.0431310697103,560,-255.14557948483449,104.85442051516551,0.0,0.0,0.17499593098958333,0.038741048177083334,0.17499593098958333,0.038741048177083334,0,idle,558.820177810739,550.302128219728,549.2348053451107,561.0941806359731
1791246260.273509,549.043132334835,560,-255.14557934980792,104.85442065019207,0.0,0.0,0.17499593098958333,0.058760579427083334,0.17499593098958333,0.058760579427083334,0,idle,545.6794821136289,568.7684525616027,549.0570391835365,561.4778942322546
1791246260.289896,549.0431332488877,560,-255.1455792522486,104.85442074775138,0.0,0.0,0.17499593098958333,0.10615437825520833,0.17499593098958333,0.10615437825520833,0,idle,539.6286351973602,571.1982795561479,548.5856189842277,561.9639134984493
1791246260.306968,549.0431047139555,559.999992431745,-255.1455822979281,-75.14558229792809,-2.8534932228583514e-05,-7.56825505174336e-06,0.17499593098958333,0.24339192708333332,0.17499593098958333,0.24339192708333332,0,idle,539.1518455039676,563.7867495341961,548.1139032020292,562.0550481103944
1791246260.324151,549.042901003907,559.9999384022593,-255.14560175706,-75.14559971273869,-0.00020371004849445456,-5.402948569075477e-05,0.17499593098958333,0.31175130208333335,0.17499593098958333,0.31175130208333335,0,idle,567.4223917874365,573.0010408527846,549.0791341067535,562.6022964195025
1791246260.341417,549.0421621364538,559.9997424350761,-255.14566431511992,-75.14565095667793,-0.0007388674531792758,-0.00019596718324708267,0.17499593098958333,0.38062947591145835,0.17499593098958333,0.38062947591145835,0,idle,540.9350994084067,556.9112237730342,548.6712304477556,562.3175566183551
1791246260.357735,549.040221492381,559.9992277291392,-255.14581230987736,-75.1457662354737,-0.0019406440728516414,-0.0005147059369153436,0.17499593098958333,0.44850056966145835,0.17499593098958333,0.44850056966145835,0,idle,557.1013101734517,564.3699014893588,549.0908908221712,562.4196848912652
1791246260.375115,549.0360210434594,559.9981136854641,-255.14610531149424,-75.14598781931244,-0.0042004489215674585,-0.0011140436750745174,0.17499593098958333,0.5144490559895833,0.17499593098958333,0.5144490559895833,0,idle,546.4040726064952,558.7573887622099,548.952559484912,562.2355117433211
1791246260.392006,549.0280371639024,559.9959962569607,-255.1466212548104,-75.14637130882629,-0.007983879557014033,-0.002117428503421539,0.17499593098958333,0.5793904622395833,0.17499593098958333,0.5793904622395833,0,idle,530.9023133128296,542.87025220649,548.0424624907287,561.2652372094013
1791246260.409272,549.0142034386498,559.9923275328181,-255.1474587388822,-75.14698804487796,-0.013833725252534877,-0.0036687241426102725,0.17499593098958333,0.6487569173177083,0.17499593098958333,0.6487569173177083,0,idle,562.1567230452836,559.4538184900731,548.7350334794666,561.1711809854995
1791246260.4248571,548.9913409492004,559.9862647879502,-255.1487916581946,-75.14797315137034,-0.022862489449339954,-0.006062744867947011,0.17499593098958333,0.8650960286458333,0.17499593098958333,0.8650960286458333,0,idle,562.4930740991059,564.1596509552091,549.4012161454716,561.3148448763604
1791246260.442223,548.9548876328417,559.9765990244753,-255.15085247747248,-75.14949809396691,-0.036453316358656083,-0.009665763474862966,0.17499593098958333,0.9964742024739583,0.17499593098958333,0.9964742024739583,0,idle,554.6446407965017,572.9645659964647,549.6287567274824,561.8881484570645
1791246260.459161,548.8992161827031,559.9618398022318,-255.15387662317636,-75.15172632590931,-0.055671450138664556,-0.014759222243447853,0.17499593098958333,1.0101765950520833,0.17499593098958333,1.0101765950520833,0,idle,540.8394824441731,554.3109940794051,549.1364051356852,561.4952694770502
1791246260.476505,548.8180325047023,559.9403216417163,-255.15808539106686,-75.1548148127404,-0.0811836780008085,-0.021518160515436972,0.17499593098958333,1.0101765950520833,0.17499593098958333,1.0101765950520833,0,idle,527.6282781012426,561.4866418670651,547.9838742898623,561.4743958440613
1791246260.492778,548.7047315588125,559.9102993095154,-255.1636798513208,-75.15891570252144,-0.11330094588980014,-0.030022332200877973,0.17499593098958333,1.0101765950520833,0.17499593098958333,1.0101765950520833,0,idle,566.292511018531,569.6376498182514,548.7916702277005,561.8540373271799
1791246260.509644,548.552690885958,559.8700267106963,-255.17083799400106,-75.16417444939056,-0.15204067285446524,-0.04027259881913961,0.17499593098958333,1.0101765950520833,0.17499593098958333,1.0101765950520833,0,idle,561.0633690065821,571.4364779508766,549.2608165274328,562.2949003894865
1791246260.526998,548.3554976619333,559.8178182205311,-255.17971398245612,-75.1707276977406,-0.19719322402466052,-0.05220849016515783,0.17499593098958333,1.0101765950520833,0.17499593098958333,1.0101765950520833,0,idle,541.4903686879932,554.6442709719594,548.6849605726374,561.8627708529533
1791246260.54431,548.107113500752,559.7520935089959,-255.1904387314487,-75.17870179519828,-0.24838416118128656,-0.0657247115351288,0.17499593098958333,1.0101765950520833,0.17499593098958333,1.0101765950520833,0,idle,542.0632600806307,542.0554601830383,548.1179105949147,560.8099668434992
1791246260.560651,547.8019851987895,559.6714079709425,-255.20312127389144,-75.18821194421471,-0.30512830196252844,-0.08068553805347126,0.17499593098958333,1.0101765950520833,0.17499593098958333,1.0101765950520833,0,idle,559.7104278339583,574.1172498562751,548.4076645700025,561.3986797329871
1791246260.578016,547.4351109555267,559.574471243188,-255.2178505541268,-75.19936184068403,-0.3668742432627244,-0.09693672775445299,0.17499593098958333,1.0101765950520833,0.17499593098958333,1.0101765950520833,0,idle,524.6880524200933,547.5372599569033,546.8731534314074,560.6135188528162
1791246260.595424,547.002071471242,559.4601562675585,-255.23469740765628,-75.21224366066548,-0.4330394842848422,-0.11431497562943053,0.17499593098958333,1.0101765950520833,0.17499593098958333,1.0101765950520833,0,idle,541.6780279536197,557.0450696940549,546.2020096474475,560.3264971680302
1791246260.611774,546.4990344242999,559.3275011343283,-255.25371657212375,-75.22693829200988,-0.5030370469420882,-0.13265513323026382,0.17499593098958333,1.0101765950520833,0.17499593098958333,1.0101765950520833,0,idle,544.5314447619293,569.5070517151981,545.6405962085767,560.6595025188199
1791246260.6293042,545.9227396080418,559.1757056281725,-255.27494863295854,-75.24351573673582,-0.5762948162581771,-0.151795506155778,0.17499593098958333,1.0101765950520833,0.17499593098958333,1.0101765950520833,0,idle,542.4482353699201,560.6205808397013,544.9334980911985,560.513350704016
1791246260.645868,545.2704707153276,559.0041240658322,-255.29842184709187,-75.26203563036061,-0.6522688927140685,-0.171581562340277,0.17499593098958333,1.0101765950520833,0.17499593098958333,1.0101765950520833,0,idle,537.2898391375973,573.3448008985589,543.9316596954401,560.9919207295198
1791246260.663352,544.540018537602,558.8122556981435,-255.324153815087,-75.28254783843218,-0.7304521777255942,-0.19186836768864457,0.17499593098958333,1.0101765950520833,0.17499593098958333,1.0101765950520833,0,idle,521.6605801091735,543.8552091152189,542.1241761472875,559.9528101995005
1791246260.679706,543.7296392631188,558.5997336671267,-255.35215298979364,-75.30509310037728,-0.8103792744832203,-0.2125220310168411,0.17499593098958333,1.0101765950520833,0.17499593098958333,1.0101765950520833,0,idle,559.0801202832348,530.973601245218,542.2021130433258,558.3019538223203
1791246260.696414,542.8380106406146,558.3663132683623,-255.3824200210457,-75.32970369792301,-0.8916286225041985,-0.23342039876430526,0.17499593098958333,1.0101765950520833,0.17499593098958333,1.0101765950520833,0,idle,549.9344422854374,550.9303990758035,541.7416823140524,557.7116267061684
1791246260.7121742,541.8641880203587,558.1118600703054,-255.41494894294635,-75.35640413066984,-0.973822620255861,-0.25445319805688965,0.17499593098958333,1.0101765950520833,0.17499593098958333,1.0101765950520833,0,idle,550.6096740989087,566.9570048710086,541.2599504140521,557.9321650762564
1791246260.7286139,540.8075616810994,557.8363382824085,-255.44972821432728,-75.3852117854672,-1.05662633925933,-0.27552178789688614,0.17499593098958333,1.0101765950520833,0.17499593098958333,1.0101765950520833,0,idle,559.1004679095456,538.3915995578886,541.1481812665304,556.693391101836
1791246260.745548,539.6678163799601,557.5397996382557,-255.48674162500984,-75.41613758943554,-1.139745301139295,-0.29653864415290576,0.17499593098958333,1.0101765950520833,0.17499593098958333,1.0101765950520833,0,idle,548.922067618069,546.202358607119,540.454117548025,555.8871277651549
1791246260.762976,538.4448937021193,557.2223729631403,-255.52596908122365,-75.4491866390269,-1.2229226778407665,-0.31742667511534844,0.17499593098958333,1.0101765950520833,0.17499593098958333,1.0101765950520833,0,idle,533.2029109921854,558.5703118364754,538.9297806762843,555.7197316273613
1791246260.7796538,537.1389575181373,556.884254522599,-255.56738728342884,-75.48435879957948,-1.3059361839819619,-0.3381184405413027,0.17499593098958333,1.0101765950520833,0.17499593098958333,1.0101765950520833,0,idle,538.6812041632412,571.9548634633493,537.6767124758492,556.2102757006464
1791246260.796479,535.7503626610124,556.5256991947206,-255.6109703091696,-75.52164927150707,-1.3885948571249225,-0.3585553278784141,0.17499593098958333,1.0101765950520833,0.17499593098958333,1.0101765950520833,0,idle,544.1158605828836,543.1501909870143,536.6795047669323,555.2166439034803
1791246260.812774,534.2796267968241,556.1470124705872,-255.65669011268022,-75.56104912064467,-1.470735864188305,-0.3786867241333577,0.17499593098958333,1.0101765950520833,0.17499593098958333,1.0101765950520833,0,idle,522.024368639841,551.0897862872408,534.5495488895988,554.6505486347417
1791246260.8296509,532.7274053690422,555.7485432605773,-255.7045169519209,-75.60254577140077,-1.552221427781848,-0.3984692100098678,0.17499593098958333,1.0101765950520833,0.17499593098958333,1.0101765950520833,0,idle,548.2151018213718,551.0180382686971,533.7582161797947,554.0903773669299
1791246260.846942,531.0944694365049,555.3306774666898,-255.75441975263396,-75.64612346228418,-1.632935932537279,-0.41786579388749806,0.17499593098958333,1.0101765950520833,0.17499593098958333,1.0101765950520833,0,idle,522.7570623394967,548.61221707596,531.6568693518693,553.4194968481884
1791246260.864109,529.3816861900725,554.8938322702796,-255.80636641794473,-75.6917636641085,-1.712783246432462,-0.436845196410268,0.17499593098958333,1.0101765950520833,0.17499593098958333,1.0101765950520833,0,idle,529.1613947472558,538.1881125927382,529.9049515375278,552.2429246988262
1791246260.881496,527.5900019162324,554.4384510788378,-255.8603240910213,-75.73944546175734,-1.7916842738401417,-0.4553811914417802,0.17499593098958333,1.0101765950520833,0.17499593098958333,1.0101765950520833,0,idle,530.3514511232992,531.1734502025935,528.2251764566682,550.7568388421448
1791246260.897805,525.7204271721683,553.964999073306,-255.91625937737405,-75.7891459008383,-1.8695747440640738,-0.4734520055318076,0.17499593098958333,1.0101765950520833,0.17499593098958333,1.0101765950520833,0,idle,520.717319124679,554.3455166323912,526.073687583208,550.4864933264018
1791246260.914439,523.7740239419543,553.4739592977969,-255.9741385325282,-75.84084030088292,-1.9464032302140117,-0.4910397755091128,0.17499593098958333,1.0101765950520833,0.17499593098958333,1.0101765950520833,0,idle,539.1344836358259,553.9385920141507,524.8776443171355,550.1926104740556
1791246260.931339,521.7518945545338,552.965829235689,-256.033927620044,-75.89450253698064,-2.022129387420516,-0.508130062107956,0.17499593098958333,1.0101765950520833,0.17499593098958333,1.0101765950520833,0,idle,529.7338163953075,547.1625233676084,523.1994300029946,549.5583825597307
1791246260.948063,519.6551721587219,552.4411178192436,-256.0955926441844,-75.95010529188305,-2.096722395811852,-0.5247114164453873,0.17499593098958333,1.0101765950520833,0.17499593098958333,1.0101765950520833,0,idle,528.6340967111885,560.8247431889096,521.4792770623831,549.6232247455665
1791246260.9646661,517.4850125669699,551.9003428237124,-256.159099660939,-76.00762028069308,-2.1701595917520113,-0.5407749955310936,0.17499593098958333,1.0101765950520833,0.17499593098958333,1.0101765950520833,0,idle,523.1916710095826,544.76231226622,519.5032451475786,548.8664428758447
1791246260.981853,515.242587296874,551.344028601027,-256.2244148705917,-76.06701845027722,-2.242425270095841,-0.5563142226854221,0.17499593098958333,1.0101765950520833,0.17499593098958333,1.0101765950520833,0,idle,526.3173169866897,579.6219116541672,517.7136447329431,549.8757178032097
1791246260.9991722,512.9290776565816,550.7727041123594,-256.29150469457164,-76.12827015551579,-2.3135096402923745,-0.571324488667672,0.17499593098958333,1.0101765950520833,0.17499593098958333,1.0101765950520833,0,idle,495.94521858239796,537.3215447437234,514.427389267138,548.7052508860011
1791246261.015392,510.54566973679283,550.1869012229569,-256.36033583893095,-76.19134531444989,-2.3834079197888123,-0.5858028894025716,0.17499593098958333,1.0101765950520833,0.17499593098958333,1.0101765950520833,0,idle,517.0269084707458,546.1838744738018,512.293127703519,548.0226693204587
1791246261.0319018,508.0935501876392,549.5871532265737,-256.43087534645946,-76.25621354429985,-2.4521195491536067,-0.5997479963831764,0.17499593098958333,1.0101765950520833,0.17499593098958333,1.0101765950520833,0,idle,506.61514254872657,544.1498298308511,509.6797148740834,547.2592667494143
1791246261.048691,505.5739026731384,548.9739935704908,-256.5030906391512,-76.32284428022761,-2.5196475145008446,-0.6131596560828241,0.17499593098958333,1.0101765950520833,0.17499593098958333,1.0101765950520833,0,idle,507.8126615948207,540.9718560394316,507.19269707134447,546.3623945406365
1791246261.065558,502.9879049090838,548.347954755493,-256.57694955248854,-76.39120687860112,-2.5859977640545853,-0.6260388149978127,0.17499593098958333,1.0101765950520833,0.17499593098958333,1.0101765950520833,0,idle,502.5785997746042,550.950973044496,504.5052943306556,545.9970865915815
1791246261.081583,500.33672620211615,547.7095673882477,-256.6524203627948,-76.461270706396,-2.651178706967647,-0.6383873672452878,0.17499593098958333,1.0101765950520833,0.17499593098958333,1.0101765950520833,0,idle,504.2283649879723,554.1004770536114,501.97282809190216,545.7957881158
1791246261.09834,497.62152541836116,547.0593593663048,-256.72947180872103,-76.5330052182444,-2.7152007837550123,-0.6502080219429538,0.17499593098958333,1.0101765950520833,0.17499593098958333,1.0101765950520833,0,idle,497.12727015098983,539.7936874931494,499.1511094502893,544.8779854638216
1791246261.115388,494.84344931947555,546.3978551784159,-256.8080731077751,-76.60638002251603,-2.778076098885609,-0.6615041878889649,0.17499593098958333,1.0101765950520833,0.17499593098958333,1.0101765950520833,0,idle,485.53088020638376,547.0003903354423,495.8309256941527,544.3556767289082
1791246261.131953,492.00363121229697,545.7255753050803,-256.888193968667,-76.68136493769268,-2.8398181071786013,-0.6722798733356171,0.17499593098958333,1.0101765950520833,0.17499593098958333,1.0101765950520833,0,idle,507.39265044771923,549.0166514040627,493.7111847300114,543.9500595829971
1791246261.148513,489.1031898656354,545.0430357061746,-256.96980460012804,-76.7579300401803,-2.9004413466615895,-0.6825395989056608,0.17499593098958333,1.0101765950520833,0.17499593098958333,1.0101765950520833,0,idle,497.27145159089355,549.9026386502877,491.133778793727,543.5992759174013
1791246261.165945,486.14322865417057,544.350747384241,-257.0528757167638,-76.83604570458971,-2.9599612114647944,-0.6922883219335295,0.17499593098958333,1.0101765950520833,0.17499593098958333,1.0101765950520833,0,idle,474.6666921957255,560.7215361393912,487.4984613129354,543.797715022664
1791246261.1833541,483.1248348950222,543.6492160135159,-257.13737854241697,-76.91568263741223,-3.0183937591483345,-0.701531370725066,0.17499593098958333,1.0101765950520833,0.17499593098958333,1.0101765950520833,0,idle,459.5428283170479,546.4761284507622,483.2332055919501,543.26518089188
1791246261.1998541,480.0490793474293,542.938941626097,-257.223284811444,-76.99681190491776,-3.075755547592925,-0.7102743874189414,0.17499593098958333,1.0101765950520833,0.17499593098958333,1.0101765950520833,0,idle,482.1157666656493,556.941674502085,480.2553658754218,543.2742449043423
1791246261.217358,476.917015850196,542.2204183477951,-257.31056676825017,-77.0794049560132,-3.1320634972333043,-0.7185232783018645,0.17499593098958333,1.0101765950520833,0.17499593098958333,1.0101765950520833,0,idle,472.224198282727,540.9904486754141,476.87834717341536,542.477457978509
1791246261.233877,473.729681075211,541.4941341772158,-257.3991971653733,-77.1634336407155,-3.187334774985022,-0.7262841705793038,0.17499593098958333,1.0101765950520833,0.17499593098958333,1.0101765950520833,0,idle,467.9945643518373,538.4308450787794,473.4061899961007,541.5851573714722
1791246261.250458,470.4880943784951,540.7605708024805,-257.4891492603649,-77.24887022481889,-3.2415866967158866,-0.7335633747352883,0.17499593098958333,1.0101765950520833,0.17499593098958333,1.0101765950520833,0,idle,451.5044936188766,522.6724729398005,469.2315978153594,539.9426379438901
1791246261.268181,467.19325773294463,540.0202034507499,-257.5803968116776,-77.33568740126742,-3.2948366455504203,-0.7403673517305612,0.17499593098958333,1.0101765950520833,0.17499593098958333,1.0101765950520833,0,idle,456.0889650847213,532.4123140382435,465.44437136555456,538.8627727644637
1791246261.2847738,463.84615572926873,539.2735007663604,-257.6729140737378,-77.42385829868267,-3.3471020036758734,-0.7467026843895531,0.17499593098958333,1.0101765950520833,0.17499593098958333,1.0101765950520833,0,idle,467.09473548175185,552.1405781443295,462.34714266787233,538.8172954832869
1791246261.301863,460.44775563362055,538.5209247139455,-257.7666757913534,-77.51335648744141,-3.3984000956482077,-0.7525760524148417,0.17499593098958333,1.0101765950520833,0.17499593098958333,1.0101765950520833,0,idle,454.2410444459463,531.6676317526151,458.7133576659103,537.7448650469593
1791246261.319337,456.9990074921387,537.7629305034011,-257.8616571935849,-77.6041559836491,-3.448748141481868,-0.7579942105444567,0.17499593098958333,1.0101765950520833,0.17499593098958333,1.0101765950520833,0,idle,472.93057542535473,533.7325999046823,456.1479078194747,536.8241572898282
1791246261.3356538,453.50084427408507,536.9999665339672,-257.95783398718737,-77.69623125131147,-3.498163218053607,-0.7629639694339189,0.17499593098958333,1.0101765950520833,0.17499593098958333,1.0101765950520833,0,idle,468.3731149004768,543.8708148923231,453.4359131163739,536.4516743989907
1791246261.3528829,449.9541820465221,536.2324743550646,-258.05518234971464,-77.789557202968,-3.5466622275630186,-0.7674921789025033,0.17499593098958333,1.0101765950520833,0.17499593098958333,1.0101765950520833,0,idle,424.3747367320476,544.2422839911547,448.6135251809728,536.1120873086414
1791246261.370406,446.3599201745469,535.4608886418316,-258.1536789223631,-77.8841091990162,-3.5942618719751684,-0.7715857132329883,0.17499593098958333,1.0101765950520833,0.17499593098958333,1.0101765950520833,0,idle,452.19780520749623,520.7777463706364,445.37819040392253,534.6123638341699
1791246261.3868659,442.7189415420192,534.6856371835745,-258.25330080261944,-77.9798630459268,-3.6409786325276934,-0.7752514582571208,0.17499593098958333,1.0101765950520833,0.17499593098958333,1.0101765950520833,0,idle,432.7275449851131,535.6277326263381,441.28672843208074,533.9266433884341
1791246261.404247,439.0321127884997,533.9071408835784,-258.3540255367676,-78.07679499352258,-3.6868287535194506,-0.7784962999960645,0.17499593098958333,1.0101765950520833,0.17499593098958333,1.0101765950520833,0,idle,435.6736372890711,538.7763592914364,437.5035865590867,533.4295576985879
1791246261.42062,435.3002845587865,533.1258137689215,-258.45583111230076,-78.17488173147028,-3.7318282297132246,-0.7813271146569807,0.17499593098958333,1.0101765950520833,0.17499593098958333,1.0101765950520833,0,idle,451.51740099796814,538.0451917085946,434.6590404628032,532.9180786401641
1791246261.437911,431.52429176200263,532.3420630091072,-258.5586959502766,-78.27410038511604,-3.7759927967838474,-0.7837507598143161,0.17499593098958333,1.0101765950520833,0.17499593098958333,1.0101765950520833,0,idle,444.05312794273163,539.7674574437215,431.541551679855,532.5159843585184
1791246261.455198,427.704953837675,531.5562889424792,-258.6625988976491,-78.3744285107754,-3.8193379243276224,-0.7857740666279744,0.17499593098958333,1.0101765950520833,0.17499593098958333,1.0101765950520833,0,idle,437.70570551356514,521.8797731364134,428.2213883434293,531.2376884341165
1791246261.472411,423.8430750266538,530.7688851095085,-258.76751921960266,-78.47584409057495,-3.8618788110212057,-0.7874038329707862,0.17499593098958333,1.0101765950520833,0.17499593098958333,1.0101765950520833,0,idle,437.6356888563654,530.7450041646478,425.02331849860593,530.4650205793208
1791246261.488798,419.939444645074,529.9802382921533,-258.87343659191225,-78.57832552692838,-3.903630381579812,-0.7886468173551083,0.17499593098958333,1.0101765950520833,0.17499593098958333,1.0101765950520833,0,idle,429.9651447364192,539.7960434191128,421.5619609479958,530.182357244823
1791246261.5061681,415.9948373598567,529.19072855859,-258.98033109334744,-78.6818516367184,-3.9446072852172858,-0.789509733563313,0.17499593098958333,1.0101765950520833,0.17499593098958333,1.0101765950520833,0,idle,414.8433185246784,521.3104028021774,417.4786519058735,528.9887252758056
1791246261.5229719,412.0100134645012,528.4007293126903,-259.0881831981358,-78.78640164524592,-3.9848238953555177,-0.7899992458997589,0.17499593098958333,1.0101765950520833,0.17499593098958333,1.0101765950520833,0,idle,425.567335401791,528.2243992514198,414.0975033800816,528.2000096909816
1791246261.539422,407.9857191541322,527.6106073476974,-259.19697376849894,-78.89195517999869,-4.024294310368983,-0.7901219649928282,0.17499593098958333,1.0101765950520833,0.17499593098958333,1.0101765950520833,0,idle,422.4530378788117,522.0990348958104,410.6922005101676,527.1443450844798
1791246261.5556989,403.92268679894937,526.8207229036124,-259.30668404727066,-78.99849226428498,-4.063032355182832,-0.7898844440850681,0.17499593098958333,1.0101765950520833,0.17499593098958333,1.0101765950520833,0,idle,398.40475011344694,521.0027694332766,406.2179472529079,526.0868760800389
1791246261.5729542,399.8216352153786,526.0314297278547,-259.4172956506063,-79.10599331076966,-4.10105158357076,-0.7892931757575886,0.17499593098958333,1.0101765950520833,0.17499593098958333,1.0101765950520833,0,idle,386.7581764067274,539.8291898819895,401.34895970620664,526.0241632531666
1791246261.590235,395.6832699343561,525.243075138813,-259.5287905607897,-79.2144391149466,-4.138365281022544,-0.7883545890418245,0.17499593098958333,1.0101765950520833,0.17499593098958333,1.0101765950520833,0,idle,401.426564198384,534.9459903336048,397.4213929138441,525.7213177475988
1791246261.606567,391.50828346628475,524.4560000919353,-259.64115111914253,-79.32381084857406,-4.174986468071301,-0.7870750468777546,0.17499593098958333,1.0101765950520833,0.17499593098958333,1.0101765950520833,0,idle,382.98055521705436,536.3506713356661,392.73311388433683,525.5050641324684
1791246261.6239638,387.2973555622971,523.6705392480525,-259.75436001904137,-79.43409005309745,-4.210927903987619,-0.7854608438828242,0.17499593098958333,1.0101765950520833,0.17499593098958333,1.0101765950520833,0,idle,383.004119369378,522.4429376508359,388.24628264980066,524.6057700066981
1791246261.641189,383.0511534715348,522.8870210436522,-259.86840029904425,-79.54525863307917,-4.2462020907623135,-0.7835182044002234,0.17499593098958333,1.0101765950520833,0.17499593098958333,1.0101765950520833,0,idle,375.88951157347236,530.4440287593892,383.59455210976006,524.1533406501524
1791246261.65759,378.7703321942229,522.1057677628532,-259.9832553361297,-79.65729884965222,-4.2808212773119205,-0.781253280799006,0.17499593098958333,1.0101765950520833,0.17499593098958333,1.0101765950520833,0,idle,391.45449031952785,533.5238617870681,379.92076880680213,523.8796760902392
1791246261.674505,374.4555347303713,521.3270956108514,-260.09890883904944,-79.77019331401195,-4.314797463851564,-0.7786721520017982,0.17499593098958333,1.0101765950520833,0.17499593098958333,1.0101765950520833,0,idle,370.90864232433853,515.2389967967281,375.37110489201996,522.7079035811619
1791246261.690122,370.10739232398254,520.5513147886327,-260.2153448417964,-79.8839249809578,-4.348142406388762,-0.7757808222186798,0.17499593098958333,1.0101765950520833,0.17499593098958333,1.0101765950520833,0,idle,348.0232276088384,527.0753648790563,369.87297574179155,522.1892848649488
1791246261.7071402,365.7265247026832,519.7787295687643,-260.33254769718707,-79.99847714249475,-4.380867621299329,-0.7725852198682904,0.17499593098958333,1.0101765950520833,0.17499593098958333,1.0101765950520833,0,idle,375.3100195757286,493.3376223791698,365.98300369325403,520.0127457817849
1791246261.724402,361.31354031273025,519.0096383720951,-260.45050207055954,-80.11383342150263,-4.412984389952943,-0.7690911966692955,0.17499593098958333,1.0101765950520833,0.17499593098958333,1.0101765950520833,0,idle,366.83905284647574,526.2971305021573,361.8334709804598,519.5963283809677
1791246261.740675,356.86903654936884,518.2443338452078,-260.5691929335867,-80.22997776548034,-4.444503763361411,-0.7653045268872117,0.17499593098958333,1.0101765950520833,0.17499593098958333,1.0101765950520833,0,idle,370.6112846434127,523.7814790431327,358.0500830884141,519.0785466135331
1791246261.75729,352.39359998254156,517.4831029384846,-260.68860555820294,-80.34689444036995,-4.4754365668272875,-0.7612309067231674,0.17499593098958333,1.0101765950520833,0.17499593098958333,1.0101765950520833,0,idle,353.2816413989813,531.5182253825175,353.55999626545656,518.9773611905953
1791246261.7730129,347.8878065779671,516.726226984652,-260.80872551064493,-80.46456802446541,-4.505793404574406,-0.7568759538325665,0.17499593098958333,1.0101765950520833,0.17499593098958333,1.0101765950520833,0,idle,354.50528730408536,527.967423316649,349.3267570830423,518.707832140757
1791246261.789742,343.3522219136219,515.9739817776892,-260.92953864560434,-80.58298340240921,-4.535584664345187,-0.7522452069628279,0.17499593098958333,1.0101765950520833,0.17499593098958333,1.0101765950520833,0,idle,337.290510252002,509.0579798665005,344.4161393103623,517.5107065804294
1791246261.8069499,338.7874013916695,515.2266376519888,-261.05103110049174,-80.70212575927984,-4.564820521952412,-0.7473441257004327,0.17499593098958333,1.0101765950520833,0.17499593098958333,1.0101765950520833,0,idle,347.8745851425245,518.8252328254734,340.2524821061156,516.8664559732662
1791246261.823463,334.193890445894,514.4844595616703,-261.17318928981035,-80.82198057477174,-4.593510945775479,-0.7421780903184322,0.17499593098958333,1.0101765950520833,0.17499593098958333,1.0101765950520833,0,idle,335.5992062234619,498.89264955539534,335.6559829134962,515.2626964665701
1791246261.839774,329.5722247447008,513.747707159954,-261.29599989963805,-80.94253361746969,-4.621665701193168,-0.7367524017163825,0.17499593098958333,1.0101765950520833,0.17499593098958333,1.0101765950520833,0,idle,323.42540647768334,514.7389698291051,330.653871675572,514.5365953530663
1791246261.8564758,324.9229303897542,513.0166348785086,-261.4194498822162,-81.06377093921823,-4.649294354946635,-0.7310722814453905,0.17499593098958333,1.0101765950520833,0.17499593098958333,1.0101765950520833,0,idle,354.2070919739344,513.8390169024804,327.41470305329085,513.8071977631639
1791246261.872734,320.24652411032645,512.291492006697,-261.54352645064364,-81.18567886958681,-4.67640627942774,-0.7251428718115804,0.17499593098958333,1.0101765950520833,0.17499593098958333,1.0101765950520833,0,idle,339.3439963054234,511.4957896954886,323.5685817504411,513.0027416315592
1791246261.8901381,315.5435134534374,511.57252277064515,-261.66821707367404,-81.30824401043104,-4.703010656889017,-0.7189692360518632,0.17499593098958333,1.0101765950520833,0.17499593098958333,1.0101765950520833,0,idle,328.96556578958774,498.2241140644643,319.3705708283539,511.5807894789551
1791246261.907472,310.81439696986484,510.8599664120688,-261.79350947061556,-81.43145323054966,-4.729116483572595,-0.7125563585763695,0.17499593098958333,1.0101765950520833,0.17499593098958333,1.0101765950520833,0,idle,319.4471008292929,520.937807738658,314.8817366690069,511.37171185129273
1791246261.923828,306.05966439610864,510.1540572667964,-261.91939160633,-81.55529366043734,-4.75473257375619,-0.7059091452723746,0.17499593098958333,1.0101765950520833,0.17499593098958333,1.0101765950520833,0,idle,298.9447409335589,508.826395894748,309.5678909371661,510.5738323654567
1791246261.941067,301.27979683239363,509.4550248429315,-262.04585168633105,-81.67975268713238,-4.779867563715004,-0.6990324238649158,0.17499593098958333,1.0101765950520833,0.17499593098958333,1.0101765950520833,0,idle,305.16977643129314,519.9126019055203,304.8071110263432,510.37669003978823
1791246261.958449,296.4752669167947,508.7630938986018,-262.1728781519787,-81.80481794915885,-4.804529915598922,-0.6919309443296894,0.17499593098958333,1.0101765950520833,0.17499593098958333,1.0101765950520833,0,idle,283.9449248879167,513.7231855956386,299.19969829960286,509.88668042046754
1791246261.974872,291.64653899556976,508.0784845192477,-262.3004596757689,-81.93047733156227,-4.828727921224898,-0.6846093793541053,0.17499593098958333,1.0101765950520833,0.17499593098958333,1.0101765950520833,0,idle,296.77977458106704,510.3176396031949,294.4914105885124,509.2578494692175
1791246261.992198,286.79406928978494,507.401412194405,-262.4285851567163,-82.05671896103797,-4.8524697057848,-0.6770723248426895,0.17499593098958333,1.0101765950520833,0.17499593098958333,1.0101765950520833,0,idle,272.92756927418486,528.8906842156156,288.80337230230043,509.5962724979368
1791246262.009408,281.91830605831564,506.7320878939417,-262.55724371582863,-82.1835312011508,-4.8757632314693025,-0.6693243004632887,0.17499593098958333,1.0101765950520833,0.17499593098958333,1.0101765950520833,0,idle,265.1248188088099,498.47872669686393,282.98746955773004,508.404537122443
1791246262.025669,277.01968975730694,506.07071814371096,-262.68642469167094,-82.31090264764532,-4.898616301008698,-0.6613697502307485,0.17499593098958333,1.0101765950520833,0.17499593098958333,1.0101765950520833,0,idle,276.22975877846415,500.18302113459134,277.9958985328085,507.3651600603312
1791246262.042899,272.09865319617523,505.41750510058597,-262.8161176360176,-82.43882212384517,-4.921036561131682,-0.6532130431249944,0.17499593098958333,1.0101765950520833,0.17499593098958333,1.0101765950520833,0,idle,245.55415018113342,521.5289940740183,271.6988263821496,507.4527993700468
1791246262.060311,267.15562169023184,504.77264662684536,-262.94631230959124,-82.56727867614043,-4.9430315059433765,-0.6448584737406104,0.17499593098958333,1.0101765950520833,0.17499593098958333,1.0101765950520833,0,idle,275.39435953451016,507.0825484475665,267.1877231091214,506.82167127386924
1791246262.076622,262.1910132100079,504.13633636388016,-263.0769986778861,-82.69626156956141,-4.964608480223928,-0.636310262965212,0.17499593098958333,1.0101765950520833,0.17499593098958333,1.0101765950520833,0,idle,252.46199848497105,495.71160409726593,261.73505882170116,505.66167316522217
1791246262.093397,257.2052385273587,503.50876380519605,-263.20816690707466,-82.82576028343789,-4.985774682649204,-0.6275725586840906,0.17499593098958333,1.0101765950520833,0.17499593098958333,1.0101765950520833,0,idle,269.8541920700378,517.8747659333509,257.4045295356012,505.6761338728787
1791246262.1091788,252.1987013584236,502.8901143686873,-263.339807359996,-82.95576450714223,-5.006537168935093,-0.6186494365087354,0.17499593098958333,1.0101765950520833,0.17499593098958333,1.0101765950520833,0,idle,261.26772758462806,512.4837993977998,252.84147912756424,505.42880018444146
1791246262.125556,247.17179850351653,502.2805694681603,-263.47191059222376,-83.08626413591506,-5.026902854907064,-0.6095449005270157,0.17499593098958333,1.0101765950520833,0.17499593098958333,1.0101765950520833,0,idle,242.8576214885049,521.5350335154911,247.56672853344958,505.6550441954933
1791246262.1428878,242.12491998401993,501.68030658408736,-263.60446734821306,-83.21724926677217,-5.046878519496602,-0.6002628840729219,0.17499593098958333,1.0101765950520833,0.17499593098958333,1.0101765950520833,0,idle,224.45500260770666,500.40850668193167,241.61660764364066,504.8224675799459
1791246262.1600971,237.05844917635372,501.0894993335735,-263.7374685575236,-83.34871019449115,-5.066470807666212,-0.5908072505138985,0.17499593098958333,1.0101765950520833,0.17499593098958333,1.0101765950520833,0,idle,231.04029653163553,509.5286322204922,236.27464482075752,504.49650892398506
1791246262.176518,231.97276294308904,500.50831753951957,-263.8709053311186,-83.48063740767644,-5.085686233264672,-0.5811817940539268,0.17499593098958333,1.0101765950520833,0.17499593098958333,1.0101765950520833,0,idle,218.85937974392795,465.8993250062356,230.5724796453146,502.0145270237464
1791246262.1937652,226.8682317612748,499.93692729896895,-264.0047689577376,-83.6130215849015,-5.104531181814221,-0.5713902405506046,0.17499593098958333,1.0101765950520833,0.17499593098958333,1.0101765950520833,0,idle,237.572132771042,506.96981569113126,226.07315767887744,501.71947072859257
1791246262.211054,221.74521984804346,499.37549105062436,-264.1390509003417,-83.74585359092656,-5.123011913231364,-0.5614362483445938,0.17499593098958333,1.0101765950520833,0.17499593098958333,1.0101765950520833,0,idle,211.3304842439289,504.30056310221545,220.46916268956022,501.31516091134637
1791246262.228357,216.6040852835605,498.82416764152447,-264.2737427926294,-83.87912447299067,-5.141134564482964,-0.5513234090999037,0.17499593098958333,1.0101765950520833,0.17499593098958333,1.0101765950520833,0,idle,215.35195098808126,489.4803919144591,215.32922426822745,500.1996652228571
1791246262.245041,211.44518013138122,498.2831123928709,-264.40883643562245,-84.0128254571766,-5.158905152179258,-0.5410552486535509,0.17499593098958333,1.0101765950520833,0.17499593098958333,1.0101765950520833,0,idle,226.1096002943565,501.7305734132377,210.9672831749636,499.7622081461553
1791246262.2618408,206.26885055627577,497.7524771649977,-264.54432379432,-84.14694794484758,-5.176329575105444,-0.5306352278732437,0.17499593098958333,1.0101765950520833,0.17499593098958333,1.0101765950520833,0,idle,201.45133143483272,494.7116717201883,205.57397249160687,499.00557785837736
1791246262.2794082,201.07543693958237,497.2324104214759,-264.6801969944192,-84.28148350915392,-5.193413616693401,-0.5200667435218025,0.17499593098958333,1.0101765950520833,0.17499593098958333,1.0101765950520833,0,idle,192.03111720185802,492.61101307809145,199.9630867912607,498.19178621301734
1791246262.295987,195.86527399214722,496.72305729234876,-264.8164483191015,-84.41642389160896,-5.210162947435145,-0.509353129127119,0.17499593098958333,1.0101765950520833,0.17499593098958333,1.0101765950520833,0,idle,175.52711575230148,500.89744795605156,193.79163343924935,497.84318382749825
1791246262.3134358,190.6386908649077,496.22455963649224,-264.95307020588325,-84.55176099873233,-5.226583127239533,-0.4984976558565259,0.17499593098958333,1.0101765950520833,0.17499593098958333,1.0101765950520833,0,steering,186.8222008285933,489.93286601844625,188.47790783783898,496.974095163982
1791246262.330911,185.40457984197892,495.7346262047357,-264.9530632220165,-84.65247058860665,-5.234111022928781,-0.48993343175654647,0.17499593098958333,1.0101765950520833,-1.0,0.0,1,steering,186.98407145691408,502.1995211987339,183.4308105470104,496.7699297055509
1791246262.3483572,180.1757103194837,495.2497705724365,-264.8524473720674,-84.70230240702944,-5.228869522495226,-0.48485563229920936,0.17499593098958333,1.0101765950520833,-1.0,0.0,1,steering,179.28579991190375,486.7644308472969,178.2561339688846,495.80904191195395
1791246262.363961,174.9662751943741,494.76245944786666,-264.51454765611663,-84.65587827453597,-5.209435125109587,-0.48731112456981585,0.17499593098958333,1.0101765950520833,-1.0,0.0,1,steering,166.79433743898701,494.35708082414834,172.7340807735356,495.27349828922235
1791246262.3805351,169.79048279083085,494.2607513911784,-263.8715109190306,-84.46341287972912,-5.175792403543259,-0.5017080566882594,0.17499593098958333,1.0101765950520833,-1.0,0.0,1,steering,172.84625924562,491.3394524001097,167.82268691377374,494.6001733409129
1791246262.397414,164.66187638503712,493.7291893652696,-262.90051795912797,-84.08262282410567,-5.12860640579374,-0.5315620259088663,0.17499593098958333,1.0101765950520833,-1.0,0.0,1,steering,165.53645784019685,482.1675299634181,162.83619937459085,493.47355724742476
1791246262.4131,159.59312005276612,493.1501732862138,-261.606845891392,-83.48321492552421,-5.068756332270986,-0.5790160790557245,0.17499593098958333,1.0101765950520833,-1.0,0.0,1,steering,158.4685059649786,508.468885173061,157.80249618845278,493.6732583686036
1791246262.429656,154.59604279987855,492.5053741853664,-260.0122540574938,-82.6474521547675,-4.997077252887569,-0.644799100847415,0.17499593098958333,1.0101765950520833,-1.0,0.0,1,steering,168.62096500589757,498.6865355805944,153.59619623908182,493.31136308339813
1791246262.447354,149.68179037740902,491.77697085821967,-258.14724680286116,-81.56885622145145,-4.914252422469525,-0.728403327146728,0.17499593098958333,1.0101765950520833,-1.0,0.0,1,steering,149.4055805576546,496.8941589610972,148.7181256536644,492.7985197164937
1791246262.46369,144.86098820793575,490.9486218174779,-256.0460517969924,-80.25018787716915,-4.820802169473279,-0.828349040741812,0.17499593098958333,1.0101765950520833,-1.0,0.0,1,steering,157.3685781329519,514.0465099351251,144.57088621662916,493.07398763872055
1791246262.481236,140.14386298746982,490.0061586922217,-253.74345631379708,-78.7013023776585,-4.717125220465933,-0.9424631252562055,0.17499593098958333,1.0101765950520833,-1.0,0.0,1,steering,131.51115657329632,508.3864280481715,139.4366307750199,492.9442696901997
1791246262.497437,135.54030247496163,488.93802417578206,-251.27289527972746,-76.93716777175783,-4.603560512508172,-1.068134516439595,0.17499593098958333,1.0101765950520833,-1.0,0.0,1,steering,144.75397608711393,479.7719903688201,135.32911555374181,491.27092793351306
1791246262.5140018,131.05985350804167,487.7354934125229,-248.66537205020092,-74.97616290823143,-4.480448966919967,-1.202530763259178,0.17499593098958333,1.0101765950520833,-1.0,0.0,1,steering,141.68610514286806,491.1207994113392,131.39053851462415,490.1210172823082
1791246262.53087,126.71166962381088,486.39272188376196,-245.94892534675282,-72.83868225948261,-4.348183884230792,-1.3427715287609001,0.17499593098958333,1.0101765950520833,-1.0,0.0,1,steering,98.54634822148955,476.02942455302775,125.61755430994818,488.14080469352126
1791246262.547712,122.50442439222705,484.90666107089254,-243.1484474210031,-70.5460311699799,-4.20724523158383,-1.486060812869402,0.17499593098958333,1.0101765950520833,-1.0,0.0,1,steering,115.21074713573272,496.5431945107013,121.10033098123277,487.14916641215433
1791246262.564682,118.44620700639396,483.27687864492697,-240.28572137363162,-68.11957722815217,-4.058217385833091,-1.6297824259655889,0.17499593098958333,1.0101765950520833,-1.0,0.0,1,steering,115.23284529021393,492.3340322186303,116.95165018014039,485.8601163978108
1791246262.5823832,114.54441465194961,481.50531439888283,-237.37958864557908,-65.58011885161568,-3.9017923544443534,-1.771564246044117,0.17499593098958333,1.0101765950520833,-1.0,0.0,1,steering,99.53434849663496,472.6749408653929,112.37408235924298,483.517871587448
1791246262.599091,110.80565301510022,479.5959975140255,-234.44618729181795,-62.94743379168725,-3.738761636849395,-1.9093168848573143,0.17499593098958333,1.0101765950520833,-1.0,0.0,1,steering,95.25398390228125,459.7783522549806,107.96625388138797,480.51704458021015
1791246262.6158679,107.23565285501256,477.554745487086,-231.49922200534002,-60.23997425499702,-3.5700001600876656,-2.041252026939517,0.17499593098958333,1.0101765950520833,-1.0,0.0,1,steering,118.8337857236455,467.7725977054511,105.11813032141757,477.94063281087966
1791246262.632898,103.83920737921723,475.3888603508125,-228.5502408534922,-57.474679808715784,-3.3964454757953386,-2.1658851362735323,0.17499593098958333,1.0101765950520833,-1.0,0.0,1,steering,129.44904891545843,475.098208725666,103.10805304911405,475.74092072715916
1791246262.650561,100.62013248449347,473.106833770127,-225.60890326881415,-54.66688339642105,-3.219074894723754,-2.2820265806854696,0.17499593098958333,1.0101765950520833,-1.0,0.0,1,steering,119.01756999044144,488.462046845891,100.84540774619285,474.2090517814446
1791246262.667111,97.58124985417197,470.7180691950751,-222.68323033816878,-51.83028943504215,-3.038882630321498,-2.388764575051954,0.17499593098958333,1.0101765950520833,-1.0,0.0,1,steering,103.05071303670229,470.6653984870805,98.0687345119129,471.76254277042705
1791246262.683449,94.72439142456075,468.2326264652602,-219.77983278467767,-48.977006129720515,-2.8568584296112256,-2.485442729814916,0.17499593098958333,1.0101765950520833,-1.0,0.0,1,steering,88.61191534420597,460.4627951590296,94.88187804539689,468.836384796533
1791246262.698742,92.05042277928749,465.6609920333443,-216.90411488729472,-46.11761694122336,-2.6739686452732645,-2.5716344319158706,0.17499593098958333,1.0101765950520833,-1.0,0.0,1,steering,108.5910468433706,482.1857066644783,93.02706627228598,467.06079817961023
1791246262.715658,89.55928250652487,463.0138762420516,-214.0604543922241,-43.26127866258752,-2.4911402727626166,-2.6471157912927152,0.17499593098958333,1.0101765950520833,-1.0,0.0,1,steering,86.59061762603864,470.83265298266576,90.33866058084912,464.7346309180349
1791246262.732877,87.25003436142205,460.30203778103004,-211.25235956430714,-40.415835859294944,-2.3092481451028166,-2.71183846102156,0.17499593098958333,1.0101765950520833,-1.0,0.0,1,steering,75.30433068078348,465.7842740617413,87.39315834799817,462.21086653724973
1791246262.749644,85.12092912294423,457.5361344989771,-208.48260513541265,-37.58794351438906,-2.129105238477826,-2.765903282052955,0.17499593098958333,1.0101765950520833,-1.0,0.0,1,steering,90.67666892472752,483.4247126229436,85.53468390028071,460.6439507235841
1791246262.765732,83.16947324221165,454.72659908866274,-205.75334919324263,-34.78319158818973,-1.951455880732581,-2.8095354103143535,0.17499593098958333,1.0101765950520833,-1.0,0.0,1,steering,60.75811912968989,449.83432778489424,82.44197257505522,457.43441093685095
1791246262.7827132,81.3925016849696,451.8835377397961,-203.06623313155933,-32.00622683671102,-1.7769715572420468,-2.8430613488666125,0.17499593098958333,1.0101765950520833,-1.0,0.0,1,steering,104.35014782203596,437.86327902995555,81.84925835802431,453.7549460600829
1791246262.799901,79.78625272545581,449.0166496158805,-200.42246673047518,-29.260868623165376,-1.606248959513791,-2.8668881239156248,0.17499593098958333,1.0101765950520833,-1.0,0.0,1,steering,71.76452065974364,450.6183187742436,79.81908496157217,450.8745709780711
1791246262.81679,78.34644281729814,446.13516491235805,-197.82290030701583,-26.550216602926472,-1.4398099081576656,-2.8814847035224522,0.17499593098958333,1.0101765950520833,-1.0,0.0,1,idle,76.27236621937679,440.58981158829585,78.27392961171262,447.622922540236
1791246262.833179,77.0574304622539,443.2501022234733,-196.11444491368405,-24.074534639712926,-1.289012355044231,-2.8850626888847546,0.17499593098958333,1.0101765950520833,0.17499593098958333,1.0101765950520833,0,idle,69.55868167312642,470.3263235754767,76.61360547749129,446.0172830375575
1791246262.849836,75.89894897594107,440.370652411199,-194.9972833099023,-21.916273013681547,-1.1584814863128408,-2.8794498122742755,0.17499593098958333,1.0101765950520833,0.17499593098958333,1.0101765950520833,0,idle,81.12703572188951,453.21153349039866,75.73871957771401,443.641518238539
1791246262.866855,74.84992617570184,437.5029778519136,-194.2751155249076,-20.093003322812017,-1.0490228002392323,-2.867674559285392,0.17499593098958333,1.0101765950520833,0.17499593098958333,1.0101765950520833,0,idle,80.51040822089432,426.94829300559365,74.98073234964576,440.08256614557064
1791246262.883774,73.89049517243751,434.6501380204176,-193.81658891238206,-18.58817048713247,-0.9594310032643226,-2.8528398314960044,0.17499593098958333,1.0101765950520833,0.17499593098958333,1.0101765950520833,0,idle,72.19740152819666,432.37428798736306,73.93010635547219,436.98695439773905
1791246262.900987,73.00292040658788,431.8124998762155,-193.53294564385098,-17.368975696704883,-0.8875747658496328,-2.8376381442021406,0.17499593098958333,1.0101765950520833,0.17499593098958333,1.0101765950520833,0,idle,77.98838510888324,449.6259933430327,73.2898242655856,434.9231501080117
1791246262.917897,72.17190091700822,428.9883120111688,-193.3639661985765,-16.39656085392205,-0.8310194895796568,-2.824187865046698,0.17499593098958333,1.0101765950520833,0.17499593098958333,1.0101765950520833,0,idle,99.53434557377847,421.5930908793271,73.81258181589456,431.5736686747831
1791246262.935209,71.38453672435574,426.17428606806703,-193.26875199700743,-15.631614806593138,-0.7873641926524763,-2.814025943101717,0.17499593098958333,1.0101765950520833,0.17499593098958333,1.0101765950520833,0,idle,60.02004231143885,420.5189821501676,72.37495885765192,428.34760970260567
1791246262.951083,70.63012957379753,423.3661148715828,-193.2195581842399,-15.037303960007185,-0.7544071505582101,-2.808171196484238,0.17499593098958333,1.0101765950520833,0.17499593098958333,1.0101765950520833,0,idle,63.54679199257319,429.40324708666304,71.21686372136769,425.7326289351485
1791246262.9676511,69.89991686579555,420.55890153254126,-193.1976262444768,-14.580663304320163,-0.7302127080019808,-2.807213339041525,0.17499593098958333,1.0101765950520833,0.17499593098958333,1.0101765950520833,0,idle,63.81877533123602,417.988085426591,70.15325722925921,422.67854908763115
1791246262.9853618,69.18679313079573,417.74749657801857,-193.19035203694796,-14.233109758505087,-0.713123734999807,-2.8114049545227013,0.17499593098958333,1.0101765950520833,0.17499593098958333,1.0101765950520833,0,idle,48.4740486414085,426.03776634306433,68.39182925161685,420.17567524360624
1791246263.0019488,68.48504685157494,414.92675100184937,-193.18935322007877,-13.970458424128502,-0.7017462792207929,-2.820745576169197,0.17499593098958333,1.0101765950520833,0.17499593098958333,1.0101765950520833,0,idle,57.900157591249254,423.3121676612952,67.20058670333871,417.65279156712995
1791246263.0187032,67.79011985280205,412.0916987271247,-193.18956112098368,-13.772767320614223,-0.6949269987728804,-2.8350522747246663,0.17499593098958333,1.0101765950520833,0.17499593098958333,1.0101765950520833,0,idle,64.38379064335932,401.19476691348666,66.3995662515055,414.13659067345935
1791246263.035529,67.09834126382907,409.23769385734346,-193.192475144678,-13.625072565070639,-0.6917785889729747,-2.854004869781267,0.17499593098958333,1.0101765950520833,0.17499593098958333,1.0101765950520833,0,idle,66.96260369253487,407.7665976935558,65.77052846403264,411.106786398172
1791246263.052315,66.40671425596567,406.36049669731136,-193.20023323534292,-13.516437742451929,-0.6916270078634056,-2.877197160032079,0.17499593098958333,1.0101765950520833,0.17499593098958333,1.0101765950520833,0,idle,96.95071503532961,412.39585699407195,66.67249213512726,408.4379026259365
1791246263.068958,65.71276217014659,403.4563172680939,-193.21404924844694,-13.4388060430108,-0.6939520858190792,-2.9041794292174483,0.17499593098958333,1.0101765950520833,0.17499593098958333,1.0101765950520833,0,idle,58.771298753188105,391.8282976510663,65.61817798450218,404.8484519194364
1791246263.086368,65.01441614777423,400.5218288209708,-193.23451478329108,-13.386183772976349,-0.6983460223723695,-2.9344884471231247,0.17499593098958333,1.0101765950520833,0.17499593098958333,1.0101765950520833,0,idle,60.89320032085523,408.9606814069888,64.71850038006609,402.2662993690471
1791246263.102907,64.30993198690398,397.5541607825958,-193.261808812864,-13.354059375692408,-0.7044841608702481,-2.9676680383750726,0.17499593098958333,1.0101765950520833,0.17499593098958333,1.0101765950520833,0,idle,88.36370295873883,386.052314795399,65.23150055617299,398.6363155039084
1791246263.1198862,63.59782774910054,394.55087816693543,-193.29584316630758,-13.33899024231153,-0.7121042378034349,-3.00328261566034,0.17499593098958333,1.0101765950520833,0.17499593098958333,1.0101765950520833,0,idle,45.80711553653988,386.95778216252705,63.583782279278076,395.199270351962
1791246263.1366458,62.87683623423737,391.5099526340046,-193.33636319264048,-13.338309095646002,-0.720991514863166,-3.0409255329308094,0.17499593098958333,1.0101765950520833,0.17499593098958333,1.0101765950520833,0,idle,47.98748678232643,398.5923727370484,62.11902556531049,392.48004621493203
1791246263.154266,62.145868215985494,388.4297289498825,-193.3830170063792,-13.349915460216822,-0.7309680182518798,-3.080223684122124,0.17499593098958333,1.0101765950520833,0.17499593098958333,1.0101765950520833,0,idle,53.82597322069769,394.90935943665653,61.009953330740565,389.6752993761022
1791246263.170965,61.40398355294473,385.3088895165027,-193.4354026631216,-13.372127519453914,-0.7418846630407654,-3.120839433379809,0.17499593098958333,1.0101765950520833,0.17499593098958333,1.0101765950520833,0,idle,61.50258655281204,386.1881777914807,60.32979456195541,386.5361458351603
1791246263.188412,60.65036813573695,382.14641882005515,-193.49309982320793,-13.403576695546853,-0.7536154172077838,-3.1624706964475426,0.17499593098958333,1.0101765950520833,0.17499593098958333,1.0101765950520833,0,idle,69.92122991989555,391.77197700065614,60.093431683505024,383.79359023180996
1791246263.204915,59.884315217804584,378.94156903468087,-193.55569052685888,-13.443132360073418,-0.7660529179323649,-3.2048497853742886,0.17499593098958333,1.0101765950520833,0.17499593098958333,1.0101765950520833,0,idle,77.54479234964657,382.0742495421372,60.23824944477636,380.6630159012208
1791246263.221622,59.10521008769912,375.69382756648974,-193.62277235290935,-13.489847739343075,-0.7791051301054637,-3.24774146819111,0.17499593098958333,1.0101765950520833,0.17499593098958333,1.0101765950520833,0,idle,70.8781685566544,374.45805683740866,60.03009552677007,377.2674135532486
1791246263.239234,58.31251732817307,372.402886994497,-193.69396628310173,-13.542920704295046,-0.7926927595260496,-3.290940571992718,0.17499593098958333,1.0101765950520833,0.17499593098958333,1.0101765950520833,0,idle,71.80696983304097,379.15936485236205,59.86588112053387,374.2356175748112
1791246263.2556539,57.50577010996452,369.0686176304563,-193.76892092176718,-13.601665011350818,-0.80674721820855,-3.3342693640407006,0.17499593098958333,1.0101765950520833,0.17499593098958333,1.0101765950520833,0,idle,86.79556293921448,380.60583868122353,60.445955354169776,371.38657273429317
1791246263.273184,56.684561111613924,365.6910427557481,-193.84731424281978,-13.665488893640745,-0.8212089983506012,-3.3775748747081966,0.17499593098958333,1.0101765950520833,0.17499593098958333,1.0101765950520833,0,idle,65.37140119673815,349.42126218202134,59.912079097865124,367.0796110757068
1791246263.289838,55.8485347588156,362.27031648255553,-193.92885369480854,-13.733878842948567,-0.8360263527983185,-3.4207262731925554,0.17499593098958333,1.0101765950520833,0.17499593098958333,1.0101765950520833,0,idle,59.710543201152134,348.75895618217385,59.10777726787107,362.91388837149725
1791246263.306922,54.99738055004565,358.80670411470055,-194.01327525049933,-13.806387082711037,-0.851154208769958,-3.46361236785496,0.17499593098958333,1.0101765950520833,0.17499593098958333,1.0101765950520833,0,idle,72.83516707289552,342.2763421138788,58.985550259790834,358.5915793091541
1791246263.323593,54.13082728812173,355.30056484012476,-194.10034181228252,-13.882621692584472,-0.8665532619239167,-3.5061392745758018,0.17499593098958333,1.0101765950520833,0.17499593098958333,1.0101765950520833,0,idle,49.63954277727458,349.6484425456288,57.695024286837295,354.81359016013084
1791246263.341117,53.248638075936015,351.7523365640215,-194.18984125904464,-13.962238664176908,-0.8821892121857173,-3.548228276103286,0.17499593098958333,1.0101765950520833,0.17499593098958333,1.0101765950520833,0,idle,34.1386956471908,352.4116305356358,55.67912810327854,351.322675316608
1791246263.358525,52.350605963050036,348.16252268298376,-194.28158433011006,-14.044935387717489,-0.8980321128859751,-3.5898138810377684,0.17499593098958333,1.0101765950520833,0.17499593098958333,1.0101765950520833,0,idle,55.82728033406732,352.28500449695525,54.833405207576305,347.9604685886395
1791246263.376105,51.43655015108673,344.53168060168605,-194.37540247753034,-14.130445220724393,-0.9140558119633082,-3.630842081297711,0.17499593098958333,1.0101765950520833,0.17499593098958333,1.0101765950520833,0,idle,49.67785993934986,353.31113746423136,53.70727492279984,344.7787020551863
1791246263.3925009,50.50631268195771,340.86041180121606,-194.47114577224804,-14.218532893356347,-0.9302374691290213,-3.671268800470012,0.17499593098958333,1.0101765950520833,0.17499593098958333,1.0101765950520833,0,idle,40.1630016836315,321.6026349488571,52.146335665168856,340.13219333942334
1791246263.40868,49.55975554537107,337.14935327976457,-194.56868091734492,-14.30899057596557,-0.9465571365866389,-3.711058521451479,0.17499593098958333,1.0101765950520833,0.17499593098958333,1.0101765950520833,0,idle,48.03019899391436,319.8277776218326,51.04129955184882,335.59146695816486
1791246263.426239,48.59675815179336,333.3991702002133,-194.66788939897495,-14.401634482768388,-0.9629973935777089,-3.7501830795512685,0.17499593098958333,1.0101765950520833,0.17499593098958333,1.0101765950520833,0,idle,56.980414979639505,321.04010444163794,50.423407799339536,331.3012249067648
1791246263.4427352,47.617215124807245,329.61054959398524,-194.7686657899758,-14.496301918677343,-0.9795430269861111,-3.7886206062280436,0.17499593098958333,1.0101765950520833,0.17499593098958333,1.0101765950520833,0,idle,32.20227393451119,341.3117354865813,48.58178523046131,328.20256085983897
1791246263.460143,46.621877278120536,325.78734672529976,-194.87058884478822,-14.592534898912207,-0.9953378466867119,-3.8232028686854913,0.17499593098958333,0.6326436360677083,0.17499593098958333,0.6326436360677083,0,idle,61.03282339887074,321.4109723720993,48.25876618452941,324.2309387102008
1791246263.476585,45.61239285484997,321.93664329571436,-194.97315391931738,-14.689855023771035,-1.0094844232705653,-3.8507034295854154,0.17499593098958333,0.42994588216145835,0.17499593098958333,0.42994588216145835,0,idle,59.803395481115246,320.3283932749719,47.876987447251665,320.3776431803332
1791246263.494087,44.59121507830558,318.066351472414,-195.04720396797958,-14.780660616971451,-1.0211777765443897,-3.8702918233003683,0.17499593098958333,0.08467000325520833,0.0,0.5,1,braking,51.760817542572354,332.0082605243614,47.101060064300526,317.2823968153993
1791246263.510602,43.56111531415104,314.1844404096666,-195.10055090609836,-14.861441072785928,-1.0300997641545435,-3.8819110627474105,0.17499593098958333,0.010420735677083333,0.0,0.5,1,braking,45.09262567775048,307.2399347444615,46.02204356902621,313.09245820224237
1791246263.528115,42.52488302905328,310.29848142672915,-195.13891722347734,-14.93109446515604,-1.0362322850977586,-3.8859589829374457,0.17499593098958333,0.010420735677083333,0.0,0.5,1,braking,17.75308181896265,320.60740466391957,43.62417481068016,309.7765444915357
1791246263.5447738,41.485151728686546,306.41540174809285,-195.16647218321285,-14.989856620246167,-1.0397313003667348,-3.883079678636282,0.17499593098958333,0.010420735677083333,0.0,0.5,1,braking,39.222151786414116,334.7261565002689,42.41632892411846,307.33509939726787
1791246263.562098,40.44430777999082,302.5413723046164,-195.18624084728128,-15.038642430674994,-1.0408439486957266,-3.874029443476454,0.17499593098958333,0.010420735677083333,0.0,0.5,1,braking,15.96722884320117,317.3833665142594,40.10507216881166,304.1571847818148
1791246263.5794969,40,298.6817794830118,-195.20041105603735,-15.078653719593616,0.0,0.0,0.17499593098958333,0.010420735677083333,0.0,0.5,1,braking,38.73096882832042,282.94856815553334,40.0363670017871,303.0967539505007
1791246263.596582,40,298.67336327133,-195.2006071393428,-15.200607139342793,0.0,0.0,0.17499593098958333,0.010420735677083333,0.17499593098958333,0.010420735677083333,0,idle,15.470588613004846,297.28715236482594,38.80807808234798,302.806273871217
1791246263.614093,40,298.6672825639949,-195.20080151483137,-15.200801514831376,0.0,0.0,0.17499593098958333,0.010420735677083333,0.17499593098958333,0.010420735677083333,0,idle,60.068206877896124,285.6808888193832,39.871084522125386,301.9500046186253
1791246263.630784,40,298.66288925664395,-195.2009790438945,-15.200979043894497,0.0,0.0,0.17499593098958333,0.010420735677083333,0.17499593098958333,0.010420735677083333,0,idle,51.99317290962455,304.60625289684526,40.477188941500344,302.0828170325363
1791246263.648256,40,298.6597150943937,-195.20113255483085,-15.201132554830853,0.0,0.0,0.17499593098958333,0.010420735677083333,0.17499593098958333,0.010420735677083333,0,idle,28.738800203690158,300.8790927453756,39.89026950460983,302.02263081817824
1791246263.66469,40,298.6574217635567,-195.201260258398,-15.201260258398017,0.0,0.0,0.17499593098958333,0.010420735677083333,0.17499593098958333,0.010420735677083333,0,idle,48.77639834239388,298.85605034236346,40.33457594649904,301.86430179438753
1791246263.6817129,40,298.6557648328384,-195.20136350871022,-15.201363508710216,0.0,0.0,0.17499593098958333,0.010420735677083333,0.17499593098958333,0.010420735677083333,0,idle,57.00445267737156,293.901432054733,41.16806978304266,301.4661583074048
1791246263.6991081,40,298.65456770085814,-195.20144520378165,-15.201445203781653,0.0,0.0,0.17499593098958333,0.010420735677083333,0.17499593098958333,0.010420735677083333,0,idle,55.93426313300136,309.8655166433464,41.9063794505406,301.88612622420186
1791246263.716436,40,298.65370277326315,-195.20150876990687,-15.201508769906871,0.0,0.0,0.17499593098958333,0.051436360677083334,0.17499593098958333,0.051436360677083334,0,idle,26.574171075171304,268.94043432231115,41.13976903177213,300.2388416291073
1791246263.732785,40,298.6527387351534,-195.2015840700467,-15.201584070046698,0.0,0.0,0.17499593098958333,0.23948567708333332,0.17499593098958333,0.23948567708333332,0,idle,53.01571074820167,311.3952740587173,41.73356611759361,300.7966632505878
1791246263.7502348,40,298.651557650831,-195.20168108824478,-15.20168108824479,0.0,0.0,0.17499593098958333,0.31565755208333335,0.17499593098958333,0.31565755208333335,0,idle,20.584916205585643,279.80831657005234,40.676133621993216,299.74724591656104
1791246263.76654,40,298.6500269013244,-195.20181220050185,-15.201812200501838,0.0,0.0,0.17499593098958333,0.39234822591145835,0.17499593098958333,0.39234822591145835,0,idle,26.162999963940916,303.5667744336023,39.9504769390906,299.9382223424131
1791246263.783905,40,298.6478897560152,-195.2020017497325,-15.20200174973247,0.0,0.0,0.17499593098958333,0.5134724934895833,0.17499593098958333,0.5134724934895833,0,idle,28.199565897230986,287.6890836725046,39.362931386997616,299.3257654089177
1791246263.801419,40,298.6447127860425,-195.2022918668488,-15.202291866848821,0.0,0.0,0.17499593098958333,0.6756123860677083,0.17499593098958333,0.6756123860677083,0,idle,34.44895847401136,285.5540462898711,39.1172327413483,298.63717945296537
1791246263.817684,40,298.63980740271643,-195.2027509185615,-15.202750918561492,0.0,0.0,0.17499593098958333,0.8758382161458333,0.17499593098958333,0.8758382161458333,0,idle,41.162137172879866,309.77552173394184,39.219477962924884,299.1940965670142
1791246263.8349812,40,298.6325730080667,-195.20344199251855,-15.203441992518561,0.0,0.0,0.17499593098958333,1.0101765950520833,0.17499593098958333,1.0101765950520833,0,idle,40.395285932169216,295.0522359593926,39.2782683613871,298.9870035366331
1791246263.852279,40,298.6230043712929,-195.20437201870286,-15.204372018702857,0.0,0.0,0.17499593098958333,1.0101765950520833,0.17499593098958333,1.0101765950520833,0,idle,43.02922117986407,307.9272117775288,39.465816002310945,299.4340139486779
1791246263.8685079,40,298.6111954614796,-195.2055366789364,-15.20553667893639,0.0,0.0,0.17499593098958333,1.0101765950520833,0.17499593098958333,1.0101765950520833,0,idle,15.71650734509424,292.9340988426212,38.27835056945011,299.10901819337505
1791246263.8857741,40,298.59729725880516,-195.20692441035953,-15.206924410359527,0.0,0.0,0.17499593098958333,1.0101765950520833,0.17499593098958333,1.0101765950520833,0,idle,39.69734353808232,283.44217261671673,38.34930021788172,298.32567591454216
1791246263.902647,40,298.5814894715652,-195.2085193588234,-15.208519358823393,0.0,0.0,0.17499593098958333,1.0101765950520833,0.17499593098958333,1.0101765950520833,0,idle,43.90317513900278,300.94685380522014,38.62699396393777,298.45673480907607
1791246263.9199831,40,298.56396197061264,-195.21030349286087,-15.210303492860884,0.0,0.0,0.17499593098958333,1.0101765950520833,0.17499593098958333,1.0101765950520833,0,idle,40.27254996463921,311.5322833901594,38.70927176397284,299.11051223813024
1791246263.937387,40,298.5449029644751,-195.21225806877194,-15.21225806877195,0.0,0.0,0.17499593098958333,1.0101765950520833,0.17499593098958333,1.0101765950520833,0,idle,36.1053195683051,298.6409864686064,38.579074154189456,299.087035949654
1791246263.9527638,40,298.52449180642736,-195.21436460762303,-15.214364607623033,0.0,0.0,0.17499593098958333,1.0101765950520833,0.17499593098958333,1.0101765950520833,0,idle,28.40904890763468,295.680356972447,38.070572891861715,298.9167020007937
1791246263.9694898,40,298.5028949456526,-195.21660551388158,-15.216605513881582,0.0,0.0,0.17499593098958333,1.0101765950520833,0.17499593098958333,1.0101765950520833,0,idle,65.60148821699744,300.34598302652495,39.4471186581185,298.98816605208026
1791246263.98503,40,298.48026397785287,-195.2189644369948,-15.218964436994819,0.0,0.0,0.17499593098958333,1.0101765950520833,0.17499593098958333,1.0101765950520833,0,idle,42.596320544677695,304.7899938588229,39.60457875244646,299.2782574424174
1791246264.002325,40,298.45673506635865,-195.22142645305524,-15.221426453055235,0.0,0.0,0.17499593098958333,1.0101765950520833,0.17499593098958333,1.0101765950520833,0,idle,41.32467717669125,291.2600479480871,39.69058367365869,298.8773469677009
1791246264.01868,40,298.43242922900913,-195.22397812406308,-15.223978124063075,0.0,0.0,0.17499593098958333,1.0101765950520833,0.17499593098958333,1.0101765950520833,0,idle,33.2417611182738,282.8206606313985,39.36814254588945,298.07451265088577
1791246264.036252,40,298.4074531447909,-195.22660747684972,-15.22660747684973,0.0,0.0,0.17499593098958333,1.0101765950520833,0.17499593098958333,1.0101765950520833,0,idle,19.47790414380681,297.7851543493814,38.37363062578532,298.06004473581055
1791246264.052781,40,298.3819002460998,-195.22930393186644,-15.229303931866443,0.0,0.0,0.17499593098958333,1.0101765950520833,0.17499593098958333,1.0101765950520833,0,idle,59.08896271041857,296.18406889508384,39.40939723001698,297.9662459437742
1791246264.070355,40,298.3558519409452,-195.23205820311279,-15.232058203112771,0.0,0.0,0.17499593098958333,1.0101765950520833,0.17499593098958333,1.0101765950520833,0,idle,46.83409406791938,291.33395914397414,39.780632071912095,297.6346316037842
1791246264.0868192,40,298.3293788640789,-195.23486218386617,-15.234862183866163,0.0,0.0,0.17499593098958333,1.0101765950520833,0.17499593098958333,1.0101765950520833,0,idle,61.30044941127711,285.8978021321032,40.85662293888034,297.04779013020016
1791246264.104203,40,298.3025420938065,-195.23770882805334,-15.237708828053348,0.0,0.0,0.17499593098958333,1.0101765950520833,0.17499593098958333,1.0101765950520833,0,idle,19.896700048223117,305.94994057703093,39.80862679434748,297.49289765254167
1791246264.120521,40,298.2753942970709,-195.24059203363907,-15.240592033639086,0.0,0.0,0.17499593098958333,1.0101765950520833,0.17499593098958333,1.0101765950520833,0,idle,44.56455931454133,293.17176197345066,40.04642342035717,297.2768408685871
1791246264.1377769,40,298.2479807828187,-195.24350653195762,-15.243506531957626,0.0,0.0,0.17499593098958333,1.0101765950520833,0.17499593098958333,1.0101765950520833,0,idle,59.66158424648071,292.49467009527297,41.027181461663346,297.03773232992137
1791246264.1551218,40,298.22142497840247,-195.24633237773696,-15.24633237773696,0.0,0.0,0.17499593098958333,0.8797749837239583,0.17499593098958333,0.8797749837239583,0,idle,45.566229255166846,283.55606764601765,41.25413385133852,296.3636490957262
1791246264.171487,40,298.19897878827834,-195.24872273541013,-15.248722735410114,0.0,0.0,0.17499593098958333,0.44752400716145835,0.17499593098958333,0.44752400716145835,0,idle,36.63665674224671,288.42210148408617,41.02325999588393,295.9665717151442
1791246264.188749,40,298.18276154926497,-195.2504508718031,-15.250450871803102,0.0,0.0,0.17499593098958333,0.060713704427083334,0.17499593098958333,0.060713704427083334,0,idle,19.71363614629832,317.98279527437995,39.95777880340465,297.067382893106
1791246264.206063,40,298.17104466373246,-195.2517001279111,-15.251700127911112,0.0,0.0,0.17499593098958333,0.010420735677083333,0.17499593098958333,0.010420735677083333,0,idle,27.07035110031571,315.5555443621879,39.3134074182502,297.99179096656013
1791246264.2232661,40,298.16257925031465,-195.25260313166257,-15.252603131662571,0.0,0.0,0.17499593098958333,0.010420735677083333,0.17499593098958333,0.010420735677083333,0,idle,49.18184803909368,296.3781329575488,39.80682944929237,297.9111080661096
1791246264.239542,40,298.156463008119,-195.2532558075346,-15.253255807534597,0.0,0.0,0.17499593098958333,0.010420735677083333,0.17499593098958333,0.010420735677083333,0,idle,25.79648461556737,289.2024486443586,39.10631220760612,297.47567509502204
1791246264.2568572,40,298.1520440330537,-195.25372752288877,-15.253727522888756,0.0,0.0,0.17499593098958333,-0.0061503092447916675,0.17499593098958333,-0.0061503092447916675,0,idle,44.50156110830636,280.43637772931436,39.37607465264114,296.62371022673665
1791246264.27415,40,298.1488513287495,-195.25406843368714,-15.254068433687141,0.0,0.0,0.17499593098958333,-0.038865152994791666,0.17499593098958333,-0.038865152994791666,0,idle,45.381325598981746,303.40613245236244,39.67633719995817,296.96283133801796
1791246264.2908502,40,298.1465446025947,-195.25431480098214,-15.254314800982131,0.0,0.0,0.17499593098958333,-0.08821207682291667,0.17499593098958333,-0.08821207682291667,0,idle,25.789292891921892,297.7722617834055,38.981984984556355,297.00330286028736
1791246264.3082612,40,298.1448779943601,-195.25449283773952,-15.254492837739512,0.0,0.0,0.17499593098958333,-0.11555582682291667,0.17499593098958333,-0.11555582682291667,0,idle,33.45777681019082,288.7055273043454,38.70577457583808,296.58841408249026
1791246264.324754,40,298.143673870648,-195.25462149164485,-15.254621491644864,0.0,0.0,0.17499593098958333,-0.11555582682291667,0.17499593098958333,-0.11555582682291667,0,idle,43.37737053519362,287.8543993907064,38.939354373805855,296.1517133479011
1791246264.342175,40,298.142803891651,-195.2547144578171,-15.254714457817107,0.0,0.0,0.17499593098958333,-0.11506754557291667,0.17499593098958333,-0.11506754557291667,0,idle,34.70197433032175,286.67653789162057,38.72748537163165,295.677954575087
1791246264.358578,40,298.1421753320266,-195.2547816343064,-15.254781634306402,0.0,0.0,0.17499593098958333,0.010420735677083333,0.17499593098958333,0.010420735677083333,0,idle,30.997386021007152,317.03672675332194,38.34098040410043,296.74589318399876
1791246264.375941,40,298.14172119780295,-195.2548301744972,-15.254830174497187,0.0,0.0,0.17499593098958333,0.010420735677083333,0.17499593098958333,0.010420735677083333,0,idle,29.35313461622551,299.5989422613293,37.89158811470668,296.88854563786526
1791246264.3933198,40,298.14139308588113,-195.2548652479647,-15.254865247964677,0.0,0.0,0.17499593098958333,0.010420735677083333,0.17499593098958333,0.010420735677083333,0,idle,25.14180249848623,276.8888437738356,37.254098833895654,295.8885605446638
1791246264.4095428,40,298.1411560250462,-195.25489059049775,-15.254890590497746,0.0,0.0,0.17499593098958333,0.010420735677083333,0.17499593098958333,0.010420735677083333,0,idle,17.763028215138572,285.2016443262176,36.2795453029578,295.35421473374146
1791246264.426893,40,298.1409847486079,-195.25490890167717,-15.254908901677155,0.0,0.0,0.17499593098958333,-0.010056559244791667,0.17499593098958333,-0.010056559244791667,0,idle,30.451636983716398,304.28860893955385,35.98814988699573,295.80093444403207
1791246264.443671,40,298.140861001389,-195.25492213224084,-15.25492213224083,0.0,0.0,0.17499593098958333,-0.08235270182291667,0.17499593098958333,-0.08235270182291667,0,idle,31.282017329629113,305.50808407959715,35.752843259127395,296.2862919258103
1791246264.461007,40,298.1408334025145,-195.25492508314312,-15.25492508314313,0.0,0.0,0.17499593098958333,-0.16633707682291668,0.17499593098958333,-0.16633707682291668,0,idle,47.48795572790868,279.6893697461979,36.33959888256646,295.45644581682967
1791246264.478264,40.00000137019466,298.14083842662865,-195.25492454593766,164.74507545406237,1.3701946579910296e-06,5.02411414789386e-06,0.17499593098958333,-0.26548868815104165,0.17499593098958333,-0.26548868815104165,0,idle,29.54456983024552,313.4449074874329,35.999848731635346,296.35587367326826
1791246264.494532,40.000061158960456,298.1410576553711,-195.25490150693355,164.7450980970739,5.978876579885573e-05,0.00021922874245523027,0.17499593098958333,-0.49894816080729165,0.17499593098958333,-0.49894816080729165,0,idle,22.628913512871257,311.6766024655355,35.33135877002465,297.122118380187
1791246264.5118551,40.000386890881344,298.1422520313785,-195.25479137173645,164.74519341218553,0.0003257319208889098,0.0011943760073940437,0.17499593098958333,-0.6444864908854167,0.17499593098958333,-0.6444864908854167,0,idle,60.15757038439288,293.2790746346163,36.57297879606791,296.93110085011546
1791246264.528446,40.00145106360243,298.14615415135603,-195.25446989024144,164.7454528163895,0.0010641727210833575,0.003902119977536149,0.17499593098958333,-0.8061381022135417,0.17499593098958333,-0.8061381022135417,0,idle,45.924480980057965,277.41363788606907,37.04156486935244,295.95893471589176
1791246264.5455449,40.00413461145034,298.15599460167545,-195.25373054655495,164.74602658159714,0.0026835478479091948,0.009840450319435735,0.17499593098958333,-0.9897928873697917,0.17499593098958333,-0.9897928873697917,0,idle,39.356381889103204,300.3699075461742,37.159855090795496,296.18883178520935
1791246264.562541,40.009677070924205,298.17632000182306,-195.25234623194177,164.7470629189338,0.005542459473864871,0.020325400147601508,0.17499593098958333,-0.9897928873697917,0.17499593098958333,-0.9897928873697917,0,idle,26.259366643344098,301.04416082178307,36.6200960049231,296.4509073671783
1791246264.5800161,40.019588617064905,298.21267192356913,-195.25008899566302,164.74871666037382,0.009911546140698158,0.036351921746047074,0.17499593098958333,-0.9897928873697917,0.17499593098958333,-0.9897928873697917,0,idle,40.8042535059781,295.18973231181593,36.83871984880951,296.4223829400689
1791246264.596523,40.03555290524127,298.2712328605364,-195.2467421636791,164.75114359787798,0.01596428817636403,0.05856093696722288,0.17499593098958333,-0.9897928873697917,0.17499593098958333,-0.9897928873697917,0,idle,35.70435982423017,302.0815293375952,36.79716792134809,296.7609731500641
1791246264.614,40.05933622151757,298.35849603584586,-195.24210726623386,164.75449575082646,0.023783316276300037,0.08726317530949748,0.17499593098958333,-0.9897928873697917,0.17499593098958333,-0.9897928873697917,0,idle,31.86235932069835,306.9638515075259,36.57302164177809,297.3540170844812
1791246264.630511,40.0927102239176,298.4809855862406,-195.23600748968525,164.75891819082884,0.03337400240002926,0.12248955039474792,0.17499593098958333,-0.9897928873697917,0.17499593098958333,-0.9897928873697917,0,idle,43.14099727402423,301.64406497285336,36.93312572567043,297.6848845517748
1791246264.6480231,40.13739070555287,298.6450358139951,-195.22828885082276,164.76454697605138,0.044680481635267257,0.1640502277545292,0.17499593098958333,-0.9897928873697917,0.17499593098958333,-0.9897928873697917,0,idle,40.002871313971895,289.8342212395807,37.129059462639006,297.4481991025319
1791246264.664702,40.19499210216653,298.856628252478,-195.2188199244025,164.77150787027824,0.05760139661366522,0.2115924384829105,0.17499593098958333,-0.9897928873697917,0.17499593098958333,-0.9897928873697917,0,idle,48.779101440690965,293.0493330711062,37.76628288832458,297.42926861751937
1791246264.682455,40.266996091867114,299.1212802687789,-195.2074906943255,164.7799156296621,0.07200398970058605,0.26465201630087815,0.17499593098958333,-0.9897928873697917,0.17499593098958333,-0.9897928873697917,0,idle,37.372471976625256,301.9530935967777,37.81499613295517,297.90687928196814
1791246264.699053,40.35473206579129,299.44397687882184,-195.19421091526,164.7898737046646,0.08773597392417526,0.32269661004292866,0.17499593098958333,-0.9897928873697917,0.17499593098958333,-0.9897928873697917,0,idle,49.02486085614779,291.1957622184899,38.45883854434277,297.87788520833504
1791246264.71558,40.45936714561667,299.8291371207388,-195.17890824263048,164.8014742461557,0.10463507982537693,0.3851602419169101,0.17499593098958333,-0.9897928873697917,0.17499593098958333,-0.9897928873697917,0,idle,37.96947079376634,313.668092815844,38.53377348264806,299.0332978185316
1791246264.732917,40.58190357277066,300.28060692632175,-195.16152629900367,164.81479833312378,0.12253642715399449,0.4514698055829531,0.17499593098958333,-0.9897928873697917,0.17499593098958333,-0.9897928873697917,0,idle,44.212741982529394,294.51433586261356,38.93413151343842,299.2362460360395
1791246264.750296,40.7231815625923,300.8016714579174,-195.1420227827,164.82991635977606,0.14127798982164158,0.521064531595632,0.17499593098958333,-0.9897928873697917,0.17499593098958333,-0.9897928873697917,0,idle,33.53734805276922,313.3624080628094,38.79850643073552,300.43756544239386
1791246264.766635,40.883886025755764,301.39508104730794,-195.12036768185217,164.84688853464064,0.1607044631634609,0.5934095893905554,0.17499593098958333,-0.9897928873697917,0.17499593098958333,-0.9897928873697917,0,idle,53.46202312898538,316.6613429254886,39.684351505653304,301.81249342646964
1791246264.784085,41.06455586429669,302.06308601924246,-195.09654162833235,164.8657654552743,0.1806698385409283,0.6680049719345352,0.17499593098958333,-0.9897928873697917,0.17499593098958333,-0.9897928873697917,0,idle,39.323981424263465,303.8575279324797,39.837969348197696,302.54934987510796
1791246264.800572,41.265625484971025,302.8074684632801,-195.07775163770225,164.88422945184257,0.20106962067433012,0.7443824440375977,0.11765340169270833,-0.9897928873697917,0.11765340169270833,-0.9897928873697917,0,idle,26.483151580235493,296.4821321348678,39.3612445994402,302.9531523099316
1791246264.818212,41.487432091029376,303.629585893135,-195.06303615119356,164.9011499086282,0.22180660605835015,0.8221174298549261,0.03775838216145833,-0.9897928873697917,0.03775838216145833,-0.9897928873697917,0,idle,46.942038783245486,296.57065740948576,39.951000584385895,303.4150391232715
1791246264.834504,41.730223582925866,304.53041517051594,-195.0515823462185,164.91606216489666,0.2427914918964892,0.900829277380905,-0.04964396158854167,-0.9897928873697917,-0.04964396158854167,-0.9897928873697917,0,idle,42.47775667721798,306.57820663914123,40.30799030632917,304.4289853125769
1791246264.850762,41.99418745280513,305.51058966311626,-195.04661817470202,164.92765645095525,0.26396386987926446,0.9801744926003483,-0.15331217447916667,-0.9897928873697917,-0.15331217447916667,-0.9897928873697917,0,idle,40.97608416362786,311.3732530323497,40.5921606755794,305.70736446653586
1791246264.868285,42.27944985928393,306.57044225326604,-195.0461810268296,164.93567154219602,0.2852624064788002,1.0598525901497617,-0.2563700358072917,-0.9897928873697917,-0.2563700358072917,-0.9897928873697917,0,idle,48.94871611325435,305.0677097222448,41.280987733618005,306.6822416899636
1791246264.8851159,42.5860703447765,307.71004668683685,-195.04768778747024,164.94070484651118,0.30662048549257465,1.1396044335708186,-0.3472819010416667,-0.9897928873697917,-0.3472819010416667,-0.9897928873697917,0,idle,55.20308224609768,294.4135692839149,42.26838192045993,307.1514322815534
1791246264.9021282,42.91410616058903,308.9292370124556,-195.0595962076042,164.9406148438119,0.32803581581252833,1.2191903256187389,-0.4445414225260417,-0.9897928873697917,-0.4445414225260417,-0.9897928873697917,0,idle,51.055368359473086,310.47759598871266,43.01936526743249,308.4759712762492
1791246264.919012,43.263791819221936,310.22759251438663,-195.10802463930423,164.92622836888063,0.3496856586329103,1.298355501931053,-0.7190165201822917,-0.9897928873697917,-0.7190165201822917,-0.9897928873697917,0,idle,58.08890698218998,307.54325273178284,44.10504372887163,309.66277307586034
1791246264.9356968,43.635758799143346,311.60440733351584,-195.22607185066698,164.88162138417692,0.3719669799214107,1.3768148191292169,-0.8533548990885417,-0.9897928873697917,-0.8533548990885417,-0.9897928873697917,0,idle,21.91842208244427,301.54099455717966,43.3490812774756,310.56465822809906
1791246264.952825,44.031272720319556,313.05864834837337,-195.4508218691921,164.785127302731,0.3955139211762067,1.4542410148575557,-0.9616312662760417,-0.9897928873697917,-0.9616312662760417,-0.9897928873697917,0,idle,55.64017664394663,302.78834330204484,44.33937427091655,311.55737144591103
1791246264.970189,44.452392640338886,314.5889234272302,-195.8110804618985,164.61350587807314,0.4211199200193311,1.5302750788568416,-1.0108561197916666,-0.9897928873697917,-1.0108561197916666,-0.9897928873697917,0,idle,27.4371725899067,324.6045423796838,43.89432811088442,313.66349131751366
1791246264.9873888,44.90199495612723,316.19347377944405,-196.3198505516653,164.34688609338406,0.44960231578834686,1.6045503522138387,-1.0108561197916666,-0.9897928873697917,-1.0108561197916666,-0.9897928873697917,0,idle,48.822397967178865,322.3589782474717,44.56785380369808,315.62258849861473
1791246265.003644,45.38374525672447,317.87016756399896,-196.98361699704478,163.96949960640657,0.48175030059723584,1.6766937845549381,-1.0108561197916666,-0.9897928873697917,-1.0108561197916666,-0.9897928873697917,0,idle,49.84845438425842,301.2476448548113,45.28954661829347,316.4967004117517
1791246265.021554,45.90203443035385,319.6164914398997,-197.80412302596548,163.46970696088536,0.5182891736293845,1.746323875900716,-1.0108561197916666,-0.9897928873697917,-1.0108561197916666,-0.9897928873697917,0,idle,50.72738859580665,319.3416535031784,46.053813432117046,318.2979557484287
1791246265.0382578,46.461891442518926,321.42953878770004,-198.77972936934302,162.83965842660402,0.5598570121650778,1.8130473478003737,-1.0108561197916666,-0.9897928873697917,-1.0108561197916666,-0.9897928873697917,0,idle,35.347785842636625,338.9666224689593,46.050376214199844,321.05378406486557
1791246265.05494,47.06888207505003,323.30599471713623,-199.90645048186232,162.07479047802187,0.6069906325311011,1.8764559294361827,-1.0108561197916666,-0.9897928873697917,-1.0108561197916666,-0.9897928873697917,0,idle,42.22637123170293,331.9067718326722,46.43581706597954,323.3790665862203
1791246265.071929,47.72900044389224,325.2421187997372,-201.17874148006973,161.17327330374445,0.6601183688422143,1.9361240826009993,-1.0108561197916666,-0.9897928873697917,-1.0108561197916666,-0.9897928873697917,0,idle,46.01226423304502,316.62235389691955,47.04175187473292,324.8805488302262
1791246265.0888162,48.448558183062744,327.2337268600012,-202.5900919004008,160.1354730492167,0.7195577391705026,1.991608060263942,-1.0108561197916666,-0.9897928873697917,-1.0108561197916666,-0.9897928873697917,0,idle,38.63427932697909,317.71079391816704,47.304958099557204,326.41408874187397
1791246265.1063209,49.234074692288374,329.2761732544113,-204.1334690556498,158.96346150378716,0.7855165092256265,2.0424463944100855,-1.0108561197916666,-0.9897928873697917,-1.0108561197916666,-0.9897928873697917,0,idle,42.84460609935726,344.20265463162787,47.82818118331156,329.24384111105127
1791246265.122609,50.09217071129709,331.36433497498894,-205.80164401911082,157.66058756121262,0.8580960190087177,2.0881617205776806,-1.0108561197916666,-0.9897928873697917,-1.0108561197916666,-0.9897928873697917,0,idle,48.86409088057504,332.79421471486165,48.695167886233016,331.40511342579055
1791246265.139549,51.02946663460861,333.4925987190888,-207.58742612931204,156.23111409387397,0.9372959233115186,2.1282637440998515,-1.0108561197916666,-0.9897928873697917,-1.0108561197916666,-0.9897928873697917,0,idle,59.21740623137421,330.7333845568337,50.111710930636015,333.3933775392376
1791246265.155207,52.05248635947243,335.65485183111963,-209.48382656344722,154.67991789400136,1.0230197248638215,2.162253112030857,-1.0108561197916666,-0.9897928873697917,-1.0108561197916666,-0.9897928873697917,0,idle,36.35059452475011,321.75799765024817,50.39552384896235,334.8657490012174
1791246265.171791,53.167567018936815,337.84447778511094,-211.48416739593347,153.01224721780056,1.1150806594643812,2.1896259539913077,-1.0108561197916666,-0.9897928873697917,-1.0108561197916666,-0.9897928873697917,0,idle,46.70946477009073,336.94929617853944,51.27054752150993,337.0500710163752
1791246265.188301,54.38077465272785,340.0543566631196,-213.58214927069116,151.23353008856307,1.213207633791035,2.209878878008663,-1.0108561197916666,-0.9897928873697917,-1.0108561197916666,-0.9897928873697917,0,idle,36.244525680382566,329.61451721334873,51.67179368155505,338.77767826033215
1791246265.204826,55.69782567837058,342.27687090472466,-215.77188814664268,149.3492261677397,1.317051025642729,2.222514241605032,-1.0108561197916666,-0.9897928873697917,-1.0108561197916666,-0.9897928873697917,0,idle,43.690257823154994,339.2431830009351,52.52391536299564,340.9123420268871
1791246265.2219388,57.12401391732192,344.50391646027924,-218.04792938814032,147.36471524767123,1.4261882389513385,2.2270455555545903,-1.0108561197916666,-0.9897928873697917,-1.0108561197916666,-0.9897928873697917,0,idle,51.00182697937423,334.03637570006754,53.80268977081834,342.68423698832294
1791246265.239516,58.66414288432177,346.72691937299635,-220.40524567688956,145.28521598075127,1.5401289669998497,2.2230029127170856,-1.0108561197916666,-0.9897928873697917,-1.0108561197916666,-0.9897928873697917,0,idle,76.15520508877779,356.96598864766867,56.38343805536617,345.5101773383715
1791246265.255626,60.322463045467266,348.9368577373379,-222.8392237561816,143.11572916665418,1.6583201611454998,2.209938364341556,-1.0108561197916666,-0.9897928873697917,-1.0108561197916666,-0.9897928873697917,0,idle,51.86348783971175,334.6997608929923,57.73284469767167,347.069097962227
1791246265.273505,62.10261377802882,351.12428892741343,-225.34564383165193,140.8610006682684,1.7801507325615489,2.18743119007552,-1.0108561197916666,-0.9897928873697917,-1.0108561197916666,-0.9897928873697917,0,idle,78.73808014042136,351.80969342554084,60.47424966574263,349.3841873659644
1791246265.289674,64.00756981210223,353.2793819529512,-227.92065450228802,138.5254997573145,1.9049560340734097,2.1550930255377656,-1.0108561197916666,-0.9897928873697917,-1.0108561197916666,-0.9897928873697917,0,idle,80.26467580628778,351.2890198102766,63.27347920513963,351.5267673624409
1791246265.306729,66.03959199263791,355.3919547762319,-230.56074534283815,136.11340936875237,2.0320221805356784,2.1125728232806904,-1.0108561197916666,-0.9897928873697917,-1.0108561197916666,-0.9897928873697917,0,idle,74.8089024912029,336.7654979575751,65.78067144095169,352.7956480743143
1791246265.3240478,68.20018226400926,357.45151640639364,-233.26271867012053,133.62862535262371,2.1605902713713507,2.0595616301617192,-1.0108561197916666,-0.9897928873697917,-1.0108561197916666,-0.9897928873697917,0,idle,65.1989698565445,356.33683482401153,67.80414711953411,354.92929096045276
1791246265.3412962,70.49004284347674,359.4473135739433,-236.02366157105095,131.07476234720087,2.2898605794674824,1.9957971675496435,-1.0108561197916666,-0.9897928873697917,-1.0108561197916666,-0.9897928873697917,0,idle,69.09295082430141,350.56277622692096,70.04395485526659,356.60697253294836
1791246265.358433,72.90903961132632,361.36838177531547,-238.84091892358418,128.45516435884787,2.418996767849573,1.92106820137219,-1.0108561197916666,-0.9897928873697917,-1.0108561197916666,-0.9897928873697917,0,idle,97.12306491707531,358.3741815953365,73.69595728781412,358.52034777737134
1791246265.3740082,75.45616212073611,363.20361473499315,-241.71095210575882,125.77321180410543,2.5471225094097916,1.8352329596776717,-1.0108561197916666,-0.9897928873697917,-1.0108561197916666,-0.9897928873697917,0,idle,69.75959962864843,343.2630591836419,75.91890578879514,359.5009546593787
1791246265.390931,78.12944477073566,364.9419372013568,-244.62287246752913,123.03424360662731,2.673282649999553,1.7383224663636387,-1.0108561197916666,-0.9897928873697917,-1.0108561197916666,-0.9897928873697917,0,idle,64.32255607091889,342.42031677282466,77.87870682040091,360.2983291080964
1791246265.407827,80.9259833089614,366.57233379437764,-247.57584774724594,120.24240900113516,2.7965385382257493,1.6303965930208681,-1.0108561197916666,-0.9897928873697917,-1.0108561197916666,-0.9897928873697917,0,idle,84.01399062095581,364.85522823039014,80.8421826217431,362.0750508275809
1791246265.4250371,83.8419450543602,368.0838878717766,-250.5690615063206,117.40097685455446,2.9159617453987914,1.5115540773989369,-1.0108561197916666,-0.9897928873697917,-1.0108561197916666,-0.9897928873697917,0,idle,100.78472044454897,365.16835956041683,84.60947317101225,363.6656926377517
1791246265.4415958,86.87257578070506,369.46582849245726,-253.60171293605666,114.51256337292743,3.030630726344865,1.3819406206806648,-1.0108561197916666,-0.9897928873697917,-1.0108561197916666,-0.9897928873697917,0,idle,80.1186048024177,356.54636932886984,87.26402894261015,364.62257006195426
1791246265.4588768,90.01220554369817,370.70758393092234,-256.67301664986013,111.57929994912723,3.1396297629931134,1.2417554384650948,-1.0108561197916666,-0.9897928873697917,-1.0108561197916666,-0.9897928873697917,0,idle,78.49854888427929,364.5239608304781,89.80840321453707,365.7973072669223
1791246265.4762418,93.25425523331324,371.7988404683303,-259.7822024638909,108.60295698949923,3.2420496896150763,1.0912565374079692,-1.0108561197916666,-0.9897928873697917,-1.0108561197916666,-0.9897928873697917,0,idle,103.43907164554972,374.525857087716,93.56988384122202,367.2704284684996
1791246265.492633,96.59124524859747,372.72960538114086,-262.9285151687418,105.58503530761288,3.3369900152842336,0.9307649128105645,-1.0108561197916666,-0.9897928873697917,-1.0108561197916666,-0.9897928873697917,0,idle,100.858285656846,358.0579896382579,97.10444444652325,367.6940331941575
1791246265.5100758,100.01480739424093,373.490273186754,-266.1112142943278,102.52683359432793,3.423562145643457,0.7606678056131619,-1.0108561197916666,-0.9897928873697917,-1.0108561197916666,-0.9897928873697917,0,idle,109.40141862485912,376.09746881817364,100.97167719380133,368.8368393906908
1791246265.526616,103.51570086424857,374.07169430213975,-269.3295738698226,99.42949822839786,3.5008934700076364,0.581421115385747,-1.0108561197916666,-0.9897928873697917,-1.0108561197916666,-0.9897928873697917,0,idle,95.81504849573733,362.0550920635383,104.03969455540539,369.05010208394964
1791246265.543953,107.08383299113989,374.4652453375135,-272.5828821801905,96.2940600472411,3.5681321268913124,0.3935510353737871,-1.0108561197916666,-0.9897928873697917,-1.0108561197916666,-0.9897928873697917,0,idle,106.1220177096375,357.8075810853197,107.53353623366374,368.8618495176232
1791246265.561298,110.70828528666523,374.66290029122996,-275.870441520611,93.12146148864738,3.624452295525346,0.19765495371643366,-1.0108561197916666,-0.9897928873697917,-1.0108561197916666,-0.9897928873697917,0,idle,90.48024075222727,379.87704387383343,110.124101140341,369.6003814414644
1791246265.577595,114.37734517270482,374.6573019407821,-279.19156794988476,89.91257662345771,3.669059886039591,-0.0055983504479045765,-1.0108561197916666,-0.9897928873697917,-1.0108561197916666,-0.9897928873697917,0,idle,104.81530037195817,386.91350417538996,113.34426799365947,370.46071914523515
1791246265.595142,118.07854369187565,374.4418327430963,-282.54559104373084,86.66822594182554,3.7011985191708296,-0.21546919768577744,-1.0108561197916666,-0.9897928873697917,-1.0108561197916666,-0.9897928873697917,0,idle,96.09923231639465,379.2984465024543,115.99815480300852,370.69790977529465
1791246265.611649,121.79869939131537,374.01068456902624,-285.9318536487328,83.38918726987193,3.7201556994397134,-0.43114817407006034,-1.0108561197916666,-0.9897928873697917,-1.0108561197916666,-0.9897928873697917,0,idle,119.66467460634688,379.01223392489135,119.71562870764316,370.7040352174079
1791246265.628713,125.5239684864263,373.3589266050077,-289.3497116375637,80.07620383431266,3.7252690951109373,-0.6517579640185647,-1.0108561197916666,-0.9897928873697917,-1.0108561197916666,-0.9897928873697917,0,idle,129.58094131461246,369.2157875470545,123.74789997834701,370.01045276807264
1791246265.646121,129.23990133138005,372.4825707615094,-292.7985336660105,76.7299902268772,3.715932844953769,-0.8763558434982717,-1.0108561197916666,-0.9897928873697917,-1.0108561197916666,-0.9897928873697917,0,idle,132.75459937975393,357.41114325435024,127.72837115112344,368.5479492410631
1791246265.662761,132.9315051480278,371.37863393494683,-296.277700932226,73.35123682370119,3.691603816647755,-1.1039368265625495,-1.0108561197916666,-0.9897928873697917,-1.0108561197916666,-0.9897928873697917,0,idle,139.30248748369735,386.8296114702262,131.8141005935675,368.41329236728683
1791246265.680347,136.58331289325977,370.04519647847053,-299.7866069385593,69.94061306938595,3.6518077452319657,-1.3334374564762803,-1.0108561197916666,-0.9897928873697917,-1.0108561197916666,-0.9897928873697917,0,idle,117.55424605053143,377.21702444617483,134.57032522438607,367.58671338757875
1791246265.696343,140.1795949500838,368.4816644792231,-303.31074155021565,66.50235745818269,3.5962820568240255,-1.5635319992474157,-0.9291910807291667,-0.9897928873697917,-0.9291910807291667,-0.9897928873697917,0,idle,132.41776045081994,370.39241872469205,137.8791649396906,366.24164325514937
1791246265.712976,143.71515022650738,366.7032893549758,-305.84913402018213,63.29772275477763,3.5355552764235765,-1.7783751242473111,0.07364705403645833,-0.9897928873697917,0.07364705403645833,-0.9897928873697917,0,idle,147.15331444855613,360.6180721870821,141.70164992773627,364.27100833371105
1791246265.7294989,147.19320177391666,364.7341590571658,-307.5541328020806,60.48323833260868,3.4780515474092653,-1.9691302978100251,0.17499593098958333,-0.9897928873697917,0.17499593098958333,-0.9897928873697917,0,idle,130.72991070915336,363.1476001171538,144.4572119368459,362.34416413996365
1791246265.7469661,150.6216450004291,362.60081745022023,-308.68409776827775,58.10814749796324,3.4284432265124556,-2.1333416069455877,0.17499593098958333,-0.9897928873697917,0.17499593098958333,-0.9897928873697917,0,idle,137.79817468251275,353.18102354282706,147.3812811393161,359.85933258350855
1791246265.7625332,154.01042807330398,360.32891898912555,-309.4180219977429,56.16142004774986,3.388783072874877,-2.271898461094685,0.17499593098958333,-0.9897928873697917,0.17499593098958333,-0.9897928873697917,0,idle,164.54350222742025,363.88609538189564,151.45873611295244,357.90236718538796
1791246265.780032,157.36986591518058,357.94161266927455,-309.8815763179123,54.60138124632985,3.359437841876603,-2.3873063198510263,0.17499593098958333,-0.9897928873697917,0.17499593098958333,-0.9897928873697917,0,idle,177.09651741045423,358.69029912644476,155.9320911276103,355.67382277858235
1791246265.7965791,160.7096466326527,355.4589087047905,-310.1632827861288,53.37387104821183,3.3397807174721206,-2.482703964484085,0.17499593098958333,-0.9897928873697917,0.17499593098958333,-0.9897928873697917,0,idle,157.33079419406698,346.2622832499337,159.17481796253165,352.8446770358901
1791246265.81425,164.03831703050125,352.8975910544756,-310.3253509617007,52.422736591116994,3.328670397848565,-2.561317650314875,0.17499593098958333,-0.9897928873697917,0.17499593098958333,-0.9897928873697917,0,idle,171.89111277658077,373.04161905398996,162.97286958119022,351.4212723689959
1791246265.831042,167.36308050302276,350.27141751257324,-310.41123991040234,51.69539865997588,3.324763472521507,-2.626173541902367,0.17499593098958333,-0.9897928873697917,0.17499593098958333,-0.9897928873697917,0,idle,155.00453797053612,353.84404844796126,165.73297829955294,349.04754630813693
1791246265.847712,170.68978609316446,347.59145493327634,-310.4510388797861,51.14540978277886,3.3267055901417093,-2.679962579296881,0.17499593098958333,-0.9897928873697917,0.17499593098958333,-0.9897928873697917,0,idle,142.29377974193278,368.5284953096301,167.72138868230655,347.47562930787956
1791246265.8643289,174.0230251097373,344.86646099552337,-310.4653267461109,50.733269499112204,3.33323901657282,-2.724993937752961,0.17499593098958333,-0.9897928873697917,0.17499593098958333,-0.9897928873697917,0,idle,153.38719726704844,333.9509991469584,170.17125617728783,344.2106535589682
1791246265.880044,177.3662802328469,342.10326275932795,-310.46794658783125,50.42629006517573,3.3432551231096124,-2.763198236195403,0.17499593098958333,-0.9897928873697917,0.17499593098958333,-0.9897928873697917,0,idle,177.63074439648597,338.946062596977,173.72032295520185,341.322385686483
1791246265.897433,180.72209386684088,339.3071074628066,-310.46789411080715,50.19801688418332,3.3558136339939786,-2.796155296521372,0.17499593098958333,-0.9897928873697917,0.17499593098958333,-0.9897928873697917,0,idle,176.0106309173101,332.1343697483394,177.02286130560157,338.20663735788054
1791246265.913564,184.09231282520693,336.4820645830573,-310.4646217825295,50.02900967929992,3.3702189583660394,-2.825042879749261,0.17499593098958333,-0.9897928873697917,0.17499593098958333,-0.9897928873697917,0,idle,177.78260155611508,342.64144999806285,180.262556328575,335.74458725412785
1791246265.957124,187.47830957900462,333.6313717335277,-310.4546347665961,49.90575455285438,3.3859967537976954,-2.850692849529586,0.17499593098958333,-0.9897928873697917,0.17499593098958333,-0.9897928873697917,0,idle,185.8061999989156,332.95366057037455,183.7564354281998,332.8968827128871
1791246265.957945,190.8811289456295,330.7576717081788,-310.43600401768435,49.8187205929509,3.402819366624888,-2.8737000253489215,0.17499593098958333,-0.9897928873697917,0.17499593098958333,-0.9897928873697917,0,idle,197.01334992419876,362.65348896088244,187.6519595512934,331.65469800120536
1791246265.975093,194.30158488855025,327.8631750017583,-310.4078518748412,49.761057322036194,3.420455942920745,-2.8944967064205267,0.17499593098958333,-0.9897928873697917,0.17499593098958333,-0.9897928873697917,0,idle,200.12025438395412,333.95029678057995,191.52480743870115,329.01970606907463
1791246265.991196,197.74032421334343,324.94977150175623,-310.36999016740276,49.72772469254428,3.4387393247931746,-2.913403500002076,0.17499593098958333,-0.9897928873697917,0.17499593098958333,-0.9897928873697917,0,idle,190.42164317646902,315.98628226562835,194.73645158414305,325.60030155390035
1791246266.007533,201.19786850411305,322.0191076344681,-310.3226676218636,49.714913934250156,3.4575442907696097,-2.9306638672880876,0.17499593098958333,-0.9897928873697917,0.17499593098958333,-0.9897928873697917,0,idle,206.24486344585657,296.570656996366,198.59653925345987,321.3646886520999
1791246266.02494,204.67464190538817,319.0726401024792,-310.26639532546875,49.71966317017772,3.4767734012751133,-2.9464675319889264,0.17499593098958333,-0.9897928873697917,0.17499593098958333,-0.9897928873697917,0,idle,198.28950048702706,307.7457788876255,201.8841220463496,317.88459900848676
1791246266.041364,208.1709897994135,316.11167379553365,-310.20182769704036,49.739602849392696,3.4963478940253183,-2.9609663069455543,0.17499593098958333,-0.9897928873697917,0.17499593098958333,-0.9897928873697917,0,idle,192.6454924761535,328.86825438488626,204.74372106716385,315.6208637857084
1791246266.057842,211.68719169441314,313.13738901097923,-310.12968272545595,49.77278724821563,3.5162018949996625,-2.9742847845544076,0.17499593098958333,-0.9897928873697917,0.17499593098958333,-0.9897928873697917,0,idle,219.59865743047158,319.2388774030512,208.8268596855789,312.97619392124886
1791246266.0752609,215.22347047182808,310.15086144545234,-310.0506898096217,49.81758270213504,3.536278777414921,-2.9865275655268944,0.17499593098958333,-0.9897928873697917,0.17499593098958333,-0.9897928873697917,0,idle,218.3135264444656,306.03599414146294,212.66065786206744,309.791982745009
1791246266.091001,218.77999936214465,307.1530772788188,-309.9655568439854,49.872592998708434,3.556528890316575,-2.9977841666335343,0.17499593098958333,-0.9897928873697917,0.17499593098958333,-0.9897928873697917,0,idle,213.99700581473599,306.32837093396756,216.1061777055016,306.77090719615506
1791246266.108413,222.35690750605158,304.14494489870566,-309.87495058575803,49.93660895958794,3.5769081439069366,-3.0081323801131434,0.17499593098958333,-0.9897928873697917,0.17499593098958333,-0.9897928873697917,0,idle,221.3524050044788,297.6411368787987,219.76655180716205,303.4566929191798
1791246266.124688,225.95428462446955,301.12730429372857,-309.7794860655726,50.008573676534795,3.597377118417971,-3.0176406049770934,0.17499593098958333,-0.9897928873697917,0.17499593098958333,-0.9897928873697917,0,idle,235.13537188817128,324.14197389803155,223.95250107370958,301.6241983933941
1791246266.1414132,229.5721851082763,298.1009347956101,-309.67972204541707,50.08755783338857,3.6179004838067623,-3.026369498118457,0.17499593098958333,-0.9897928873697917,0.17499593098958333,-0.9897928873697917,0,idle,238.40989500118843,305.4331255583653,228.11237622969995,298.9395937284301
1791246266.1570292,233.21063170568826,295.0665616194347,-309.57616041956356,50.17274151705067,3.6384465974119693,-3.0343731761754054,0.17499593098958333,-0.9897928873697917,0.17499593098958333,-0.9897928873697917,0,idle,236.38099888091926,297.36457479551365,231.98233162980227,295.97818826441767
1791246266.174363,236.86961890461745,292.0248614992167,-309.46924809271957,50.263400219555606,3.658987198929195,-3.041700120218021,0.17499593098958333,-0.9897928873697917,0.17499593098958333,-0.9897928873697917,0,idle,236.75198780686702,298.75297943657154,235.69685227763824,293.22731270881826
1791246266.190494,240.54911606025198,288.97646761670126,-309.3593803251001,50.35889358127151,3.6794971556345324,-3.048393882515415,0.17499593098958333,-0.9897928873697917,0.17499593098958333,-0.9897928873697917,0,idle,229.98466476605304,307.496844709531,238.90676519991177,291.04481512046425
1791246266.207941,244.24907029215893,285.92197395712566,-309.2469048576149,50.45865597252587,3.699954231906968,-3.0544936595755714,0.17499593098958333,-0.9897928873697917,0.17499593098958333,-0.9897928873697917,0,idle,234.99734886911972,290.05555077447,242.2262509036838,288.0935829265677
1791246266.225259,247.96940916217363,282.86193918453176,-309.1321263588928,50.56218835931581,3.720338870014689,-3.060034772593912,0.17499593098958333,-0.9897928873697917,0.17499593098958333,-0.9897928873697917,0,idle,240.63816967007523,294.11649308247996,245.68116876851732,285.4876954003991
1791246266.241628,251.7100431388918,279.79689010307527,-309.0153108962383,50.669051116837004,3.74063397671815,-3.0650490814564666,0.17499593098958333,-0.9897928873697917,0.17499593098958333,-0.9897928873697917,0,idle,268.5805035699117,269.6579716582502,250.3797377864693,281.784412585908
1791246266.258325,255.47086785333306,276.72732475424897,-308.89669024421084,50.7788575882881,3.760824714441282,-3.0695653488262975,0.17499593098958333,-0.9897928873697917,0.17499593098958333,-0.9897928873697917,0,idle,244.4524392952519,268.5526530758884,253.65615634062763,278.206737529022
1791246266.2748601,259.2517661511924,273.65371518948115,-308.77646592134096,50.89126826629807,3.7808982978593164,-3.073609564767824,0.17499593098958333,-0.9897928873697917,0.17499593098958333,-0.9897928873697917,0,idle,269.805453929334,263.7053436587232,258.05547460302927,274.56173874897763
1791246266.292186,263.05260994878404,270.5765099508825,-308.6548128976393,51.00598552047709,3.800843797591641,-3.0772052385986726,0.17499593098958333,-0.9897928873697917,0.17499593098958333,-0.9897928873697917,0,idle,260.3640977618156,276.75501808428646,261.78170736868066,271.74805773907434
1791246266.307578,266.87326190159905,267.4961362885062,-308.5318829502678,51.122748820087274,3.820651952815005,-3.0803736623762883,0.17499593098958333,-0.9897928873697917,0.17499593098958333,-0.9897928873697917,0,idle,258.25333465893794,252.97081329499463,265.2349080883678,267.8828405376129
1791246266.324096,270.7135768959679,264.41300213942696,-308.4078076672401,51.24133041406712,3.840314994368853,-3.083134149079215,0.17499593098958333,-0.9897928873697917,0.17499593098958333,-0.9897928873697917,0,idle,285.9016153775969,265.0727603439392,269.9165426974796,264.81335908630393
1791246266.3413582,274.57340337548794,261.32749789165524,-308.2827011130224,51.36153143691797,3.8598264795200614,-3.0855042477717203,0.17499593098958333,-0.9897928873697917,0.17499593098958333,-0.9897928873697917,0,idle,276.4484600787934,236.20541702833683,273.9099737220893,260.4517329480224
1791246266.357622,278.4525845145992,258.2399979540418,-308.15666217806853,51.48317841153926,3.879181139111277,-3.0874999376134284,0.17499593098958333,-0.9897928873697917,0.17499593098958333,-0.9897928873697917,0,idle,282.14741708359196,265.79352106027,278.00706797232016,257.78569741290204
1791246266.374849,282.35095925200153,255.1508621516961,-308.02977663852937,51.606120120931486,3.8983747374023374,-3.0891358023457505,0.17499593098958333,-0.9897928873697917,0.17499593098958333,-0.9897928873697917,0,idle,290.0117897571961,249.2983111376017,282.31076006209616,254.42664908690858
1791246266.392082,286.26836319656155,252.06043696493316,-307.90211895395703,51.730224820887905,3.9174039445600455,-3.0904251867629253,0.17499593098958333,-0.9897928873697917,0.17499593098958333,-0.9897928873697917,0,idle,302.00726813379833,256.10775343091814,287.0171192130133,251.57480037668427
1791246266.4089139,290.2046294180307,248.96905662833046,-307.7737538307007,51.85537776595995,3.9362662214691446,-3.0913803366026964,0.17499593098958333,-0.9897928873697917,0.17499593098958333,-0.9897928873697917,0,idle,277.72531122610746,250.37670114262687,290.2919817240637,248.57808409520882
1791246266.426233,294.1595891343568,245.87704410509187,-307.64473757752137,51.98147902138748,3.954959716326094,-3.0920125232385924,0.17499593098958333,-0.9897928873697917,0.17499593098958333,-0.9897928873697917,0,idle,277.32056201966026,238.31722921000352,293.4006224693533,245.1276294538719
1791246266.442455,298.13307230668704,242.78471195058617,-307.51511927817165,52.10844153442553,3.973483172330275,-3.0923321545057068,0.17499593098958333,-0.9897928873697917,0.17499593098958333,-0.9897928873697917,0,idle,295.0097399794769,237.29972171916702,297.25588735857326,241.79851852035623
1791246266.459716,302.1249081523819,239.69236307764925,-307.3849418035974,52.23618943956992,3.9918358456949004,-3.0923488729369266,0.17499593098958333,-0.9897928873697917,0.17499593098958333,-0.9897928873697917,0,idle,283.7189496728401,227.22850374825646,300.37128452769673,238.13228635246116
1791246266.477004,306.1349255855339,236.60029143502516,-307.25424268422296,52.36465657352916,4.010017433151969,-3.0920716426240804,0.17499593098958333,-0.9897928873697917,0.17499593098958333,-0.9897928873697917,0,idle,306.0703854075021,235.09957968800123,304.46575613318134,235.0431829587453
1791246266.49348,310.16295359364614,233.50878260917645,-307.1230548606009,52.493785177336754,4.0280280081122175,-3.0915088258487136,0.17499593098958333,-0.9897928873697917,0.17499593098958333,-0.9897928873697917,0,idle,323.95990352411894,254.38206374820248,309.2670901104349,233.07319361366189
1791246266.510904,314.2088215582998,230.41811435862473,-306.99140732863003,52.62352476467092,4.045867964653661,-3.0906682505517225,0.17499593098958333,-0.9897928873697917,0.17499593098958333,-0.9897928873697917,0,idle,281.2665005441052,221.89464184842922,311.71063519853936,229.57813118737613
1791246266.528265,318.2723595268433,227.32855708899265,-306.8593256936064,52.753831137180484,4.0635379685434465,-3.0895572696320874,0.17499593098958333,-0.9897928873697917,0.17499593098958333,-0.9897928873697917,0,idle,337.17751495787627,222.59653359055764,316.8443402566225,226.29397190138474
1791246266.544429,322.3533984413848,224.2403742760081,-306.72683264560334,52.8846655293507,4.081038914541519,-3.088182812984537,0.17499593098958333,-0.9897928873697917,0.17499593098958333,-0.9897928873697917,0,idle,297.33549037386575,237.51696085438488,319.7458847312991,223.92134767669944
1791246266.561874,326.45177033067097,221.15382284290197,-306.59394836707787,53.01599386713697,4.098371889286174,-3.0865514331061275,0.17499593098958333,-0.9897928873697917,0.17499593098958333,-0.9897928873697917,0,idle,311.69743377831014,228.60191090652523,323.23691547847153,221.2231519767399
1791246266.579288,330.56730846978814,218.06915349787795,-306.46069088217564,53.14778612621517,4.115538139117183,-3.0846693450240115,0.17499593098958333,-0.9897928873697917,0.17499593098958333,-0.9897928873697917,0,idle,330.31119743279135,229.33397960833852,327.5003908083488,218.698257480547
1791246266.5955698,334.69984751203737,214.98661103665566,-306.32707635594306,53.28001577722355,4.132539042249216,-3.082542461222299,0.17499593098958333,-0.9897928873697917,0.17499593098958333,-0.9897928873697917,0,idle,340.37050161488725,205.85381230690106,332.0698084388125,215.12761988370352
1791246266.61295,338.84922359680195,211.9064346144799,-306.1931193505435,53.412659306788235,4.149376084764602,-3.08017642217575,0.17499593098958333,-0.9897928873697917,0.17499593098958333,-0.9897928873697917,0,idle,339.7600689693349,207.62713465425057,336.39622874586496,211.8264280211639
1791246266.630356,343.01527443675064,208.82885799144728,-306.0588330446009,53.54569580442656,4.166050839948722,-3.077576623032633,0.17499593098958333,-0.9897928873697917,0.17499593098958333,-0.9897928873697917,0,idle,362.39733557877247,197.31286459792457,341.6540323854616,208.17705205812095
1791246266.646755,347.19783938729324,205.7541097545185,-305.92422942094606,53.67910660660594,4.1825649505425995,-3.074748236928758,0.17499593098958333,-0.9897928873697917,0.17499593098958333,-0.9897928873697917,0,idle,354.9896272011426,207.35529661889038,346.29424882926116,205.2149534610771
1791246266.66417,351.3967595008282,202.68241351915904,-305.78931942730264,53.812874990306156,4.198920113534916,-3.0716962353594734,0.17499593098958333,-0.9897928873697917,0.17499593098958333,-0.9897928873697917,0,idle,334.4939116296864,198.60331520773246,349.69320607714064,201.96626012481838
1791246266.6802151,355.61187756798773,199.6139881131727,-305.6541131138106,53.94698590938987,4.215118067159561,-3.068425405986344,0.17499593098958333,-0.9897928873697917,0.17499593098958333,-0.9897928873697917,0,idle,351.98222859562264,187.86482662948094,353.8120193668663,198.34618431436448
1791246266.696213,359.8430381477924,196.54904774496268,-305.51861975073325,54.08142576794153,4.231160579804698,-3.0649403682100083,0.17499593098958333,-0.9897928873697917,0.17499593098958333,-0.9897928873697917,0,idle,349.72295037672944,170.89235590850762,357.6271684681739,194.0617995442721
1791246266.7127419,364.0900875883678,193.48780215816245,-305.38284792921644,54.21618222549112,4.247049440575357,-3.0612455868002204,0.17499593098958333,-0.9897928873697917,0.17499593098958333,-0.9897928873697917,0,idle,381.38148432036945,200.11004933149542,362.8495812293303,191.45602872617306
1791246266.730092,368.3528740396517,190.43045677432454,-305.2468056475583,54.351244029707814,4.262786451283867,-3.0573453838379097,0.17499593098958333,-0.9897928873697917,0.17499593098958333,-0.9897928873697917,0,idle,348.4213945640972,218.82564536566434,366.17781902478833,189.9200314435016
1791246266.747388,372.6312474593229,187.3772128251326,-305.11050038509427,54.4866008727371,4.278373419671217,-3.0532439491919328,0.17499593098958333,-0.9897928873697917,0.17499593098958333,-0.9897928873697917,0,idle,366.59866083121517,178.31652604867963,370.2633158637973,186.43927442202818
1791246266.763836,376.92505961301083,184.3282674754078,-304.9739391654997,54.62224326786888,4.293812153687946,-3.0489453497248036,0.17499593098958333,-0.9897928873697917,0.17499593098958333,-0.9897928873697917,0,idle,390.9295621647646,161.79869860753553,375.3757497248492,182.31074754906496
1791246266.7813802,381.23416406969653,181.28381393801126,-304.83712861105005,54.75816244367539,4.309104456685714,-3.0444535373965365,0.17499593098958333,-0.9897928873697917,0.17499593098958333,-0.9897928873697917,0,idle,389.9772274586311,164.91586622242448,380.1994728453897,178.5487726222062
1791246266.7979798,385.55841619308706,178.24404158159754,-304.7000749891578,54.89435025314903,4.3242521233905045,-3.0397723564137222,0.17499593098958333,-0.9897928873697917,0.17499593098958333,-0.9897928873697917,0,idle,385.30963865376975,181.5986882537357,384.5630206530297,175.81348466518963
1791246266.8146079,389.89767312963284,175.209136032046,-304.56278425231136,55.03079909571211,4.3392569365458025,-3.034905549551546,0.17499593098958333,-0.9897928873697917,0.17499593098958333,-0.9897928873697917,0,idle,397.19585033373465,182.0254332863663,389.3169562267834,173.2409218241745
1791246266.831553,394.2517937937621,172.17927926828645,-304.42526207237904,55.16750185026574,4.35412066412926,-3.029856763759545,0.17499593098958333,-0.9897928873697917,0.17499593098958333,-0.9897928873697917,0,idle,410.8080882544882,152.21021294634483,394.5279274590915,169.31102245471146
1791246266.849086,398.6206388508217,169.15464971313935,-304.2875138701006,55.30445181770186,4.368845057059616,-3.0246295551470954,0.17499593098958333,-0.9897928873697917,0.17499593098958333,-0.9897928873697917,0,idle,392.75961249960255,174.8776180879795,398.58991451532364,166.7159541589851
1791246266.8655412,403.00407069814383,166.13542231970766,-304.14954484046785,55.44164267152395,4.383431847322155,-3.0192273934316964,0.17499593098958333,-0.9897928873697917,0.17499593098958333,-0.9897928873697917,0,idle,390.287613067861,155.7906131347846,402.3390596979065,163.30142108401498
1791246266.882945,407.4019534445948,163.12176865378575,-304.01135997459465,55.57906841541321,4.3978827464509855,-3.013653665921918,0.17499593098958333,-0.9897928873697917,0.17499593098958333,-0.9897928873697917,0,idle,397.664642274826,162.44815287617422,406.28332743588095,160.3957866909971
1791246266.899382,411.8141528889099,160.11385697268864,-303.872964078588,55.716723346742064,4.412199444315068,-3.007911681097105,0.17499593098958333,-0.9897928873697917,0.17499593098958333,-0.9897928873697917,0,idle,413.7249074167367,150.25462354293055,410.8469959070231,157.03121243655153
1791246266.9168398,416.24053649707236,157.11185230085118,-303.734361789857,55.85460202517923,4.426383608162466,-3.0020046718374496,0.17499593098958333,-0.9897928873697917,0.17499593098958333,-0.9897928873697917,0,idle,407.4740982426611,156.6262301880297,414.8834154515593,154.15905888587986
1791246266.933364,420.6809733789561,154.11591650250043,-303.59555759123356,55.9926992456524,4.440436881883706,-2.9959357983507435,0.17499593098958333,-0.9897928873697917,0.17499593098958333,-0.9897928873697917,0,idle,404.50541172873017,151.3083707198445,418.5829303032074,151.17038546914486
1791246266.950939,425.1353342644169,151.12620835166473,-303.45655582322144,56.13101001504038,4.454360885460776,-2.9897081508357086,0.17499593098958333,-0.9897928873697917,0.17499593098958333,-0.9897928873697917,0,idle,418.33348364509624,140.12104789978065,422.8021008114896,147.77769584738274
1791246266.967705,429.60349147898995,148.14288359974836,-303.31736069464716,56.26952953205624,4.468157214573076,-2.9833247519163573,0.17499593098958333,-0.9897928873697917,0.17499593098958333,-0.9897928873697917,0,idle,413.97818203611683,150.0182219669975,426.6056542265654,145.05556363904293
1791246266.984512,434.08531891932574,145.1660950408713,-303.1779762919432,56.408253169861105,4.481827440335785,-2.9767885588770495,0.17499593098958333,-0.9897928873697917,0.17499593098958333,-0.9897928873697917,0,idle,433.2701706548705,155.54552825695873,431.19661611629965,142.75211273900553
1791246267.0018182,438.5806920284754,142.1959925751475,-303.0384065872616,56.54717646101422,4.495373109149672,-2.9701024657238246,0.17499593098958333,-0.9897928873697917,0.17499593098958333,-0.9897928873697917,0,idle,422.41364400714275,150.65195567192163,435.028071964534,140.32550754321372
1791246267.019107,443.0894877711199,139.23272327005344,-302.89865544558677,56.68629508442221,4.508795742644455,-2.9632693050940477,0.17499593098958333,-0.9897928873697917,0.17499593098958333,-0.9897928873697917,0,idle,437.79875434918944,141.73051064383156,439.449962039279,137.58065185840525
1791246267.0356538,447.6115846088203,136.27643142002012,-302.75872663099136,56.82560485399956,4.522096837700415,-2.9562918500333333,0.17499593098958333,-0.9897928873697917,0.17499593098958333,-0.9897928873697917,0,idle,457.89444764550797,136.62627685645433,444.66817831540584,134.72445585077605
1791246267.0530958,452.14686247535553,133.327258604364,-302.6186238121578,56.965101708793235,4.535277866535237,-2.949172815656121,0.17499593098958333,-0.9897928873697917,0.17499593098958333,-0.9897928873697917,0,idle,467.6255737332349,131.91589893214737,450.12456205950576,131.78231382997132
1791246267.070258,456.69520275220054,130.38534374366003,-302.4783505672704,57.104781704361486,4.548340276844997,-2.941914860703962,0.17499593098958333,-0.9897928873697917,0.17499593098958333,-0.9897928873697917,0,idle,459.97727005080264,142.27236656136077,454.9381207220734,129.511997348872
1791246267.0864582,461.2564882441904,127.45082315464637,-302.3379103883674,57.24464100522631,4.561285491989843,-2.9345205890136623,0.17499593098958333,-0.9897928873697917,0.17499593098958333,-0.9897928873697917,0,idle,462.3605805587098,115.00110716619128,459.6424649312956,125.998658280175
1791246267.103725,465.8306031554067,124.52383060374065,-302.19730668522897,57.3846758782461,4.574114911216353,-2.9269925509057244,0.17499593098958333,-0.9897928873697917,0.17499593098958333,-0.9897928873697917,0,idle,468.5532013692095,128.06231099222566,464.4334109188468,123.32119799241708
1791246267.12109,470.41743306531646,121.60449735923855,-302.0565427888666,57.524882686776856,4.58682990990975,-2.9193332445021007,0.17499593098958333,-0.9897928873697917,0.17499593098958333,-0.9897928873697917,0,idle,480.16249788148406,127.25797145566749,469.5773536813929,120.74467008330261
1791246267.138409,475.01686490518665,118.69295224225752,-301.915621954669,57.66525788550982,4.5994318398702045,-2.911545116981026,0.17499593098958333,-0.9897928873697917,0.17499593098958333,-0.9897928873697917,0,idle,463.7930239329944,139.76771560727184,473.65759744184965,118.9298544983691
1791246267.155672,479.62878693479496,115.7893216764819,-301.77454736525226,57.8057980158897,4.611922029608325,-2.903630565775614,0.17499593098958333,-0.9897928873697917,0.17499593098958333,-0.9897928873697917,0,idle,464.065492469923,106.23673851616687,477.5593181213812,115.53674966177215
1791246267.172562,484.25308871945066,112.8937297367599,-301.6333221330542,57.946499702031524,4.624301784655701,-2.89559193972201,0.17499593098958333,-0.9897928873697917,0.17499593098958333,-0.9897928873697917,0,idle,489.725670514914,102.39571319357967,482.5607224364807,112.12888549562662
1791246267.189805,488.88966110733764,110.00629819659781,-301.4919493027082,58.08735964706624,4.636572387887003,-2.8874315401620856,0.17499593098958333,-0.9897928873697917,0.17499593098958333,-0.9897928873697917,0,idle,494.32749837910126,121.80555397136274,487.55380500210435,109.86965895625944
1791246267.2063649,493.5383962071883,107.12714657459281,-301.3504318532249,58.22837462985517,4.648735099850688,-2.879151622004994,0.17499593098958333,-0.9897928873697917,0.17499593098958333,-0.9897928873697917,0,idle,465.2167288314297,99.62988481918151,490.85324953842877,106.6224762085008
1791246267.222867,498.19918736629415,104.2563921798415,-301.2087727000084,58.36954150202262,4.6607911591058535,-2.8707543947513106,0.17499593098958333,-0.9897928873697917,0.17499593098958333,-0.9897928873697917,0,idle,489.66576586048035,115.9104056149325,495.22162695568187,104.35965600380864
1791246267.240188,502.8719291488573,101.39415015635849,-301.066974696727,58.51085718526272,4.67274178256313,-2.8622420234830006,0.17499593098958333,-0.9897928873697917,0.17499593098958333,-0.9897928873697917,0,idle,515.9931134565849,78.63590614730177,500.69930597416203,100.35433858867444
1791246267.257459,507.5565173146852,98.54053352653648,-300.92504063705786,58.652318668883446,4.684588165827898,-2.8536166298220174,0.17499593098958333,-0.9897928873697917,0.17499593098958333,-0.9897928873697917,0,idle,509.31395167170035,112.39981203131833,505.58039701657543,98.24567646247571
1791246267.27473,512.2528487982296,95.69565323367652,-300.7829732563209,58.793923007555954,4.6963314835443635,-2.844880292859962,0.17499593098958333,-0.9897928873697917,0.17499593098958333,-0.9897928873697917,0,idle,511.23671602954994,97.23374013216956,510.32472787659134,95.49244336774343
1791246267.291668,516.9608216879689,92.8596181836156,-300.6407752330155,58.93566731924204,4.707972889739294,-2.8360350500609353,0.17499593098958333,-0.9897928873697917,0.17499593098958333,-0.9897928873697917,0,idle,505.806858684068,92.99483143511175,514.5714086622176,92.67332947355396
1791246267.309101,521.6803352061332,90.03253528547617,-300.49844919027186,59.07754878327655,4.719513518164402,-2.8270828981394285,0.17499593098958333,-0.9897928873697917,0.17499593098958333,-0.9897928873697917,0,idle,547.4458352763305,99.8014796781612,520.6986678351793,90.34400823055188
1791246267.3263779,526.4112896887698,87.2145094915613,-300.35599769722575,59.21956463858463,4.730954482636575,-2.818025793914864,0.17499593098958333,-0.9897928873697917,0.17499593098958333,-0.9897928873697917,0,idle,517.562720815973,86.962209759608,525.0362772427237,87.49779380278555
1791246267.342153,531.153586566145,84.40564383641708,-300.21342327032676,59.361712182017214,4.742296877375256,-2.8088656551442126,0.17499593098958333,-0.9897928873697917,0.17499593098958333,-0.9897928873697917,0,steering,539.8526261065184,95.17766307237265,530.2822767194199,85.2133648938779
1791246267.358478,535.903454696683,81.61567679784294,-299.79988942824656,59.570970015163894,4.749868130537897,-2.7899670385741495,0.17499593098958333,-0.9897928873697917,1.0,0.0,1,steering,526.1283596566501,87.6609835166137,534.5869555902924,82.68527713836924
1791246267.375689,540.6569414065245,78.8616012974567,-299.05041317790733,59.91285205894066,4.753486709841633,-2.754075500386239,0.17499593098958333,-0.9897928873697917,1.0,0.0,1,steering,520.1262355992495,82.04597132593987,538.3797319650897,80.03694012238086
1791246267.393,545.4112071657779,76.16522418664474,-297.94504904934246,60.44030320494103,4.754265759253409,-2.696377110811973,0.17499593098958333,-0.9897928873697917,1.0,0.0,1,steering,570.4773470214167,100.2382745824234,544.5011651891967,78.48544859011162
1791246267.410317,550.164597732618,73.55098137147394,-296.4922323162861,61.19033525666621,4.753390566840088,-2.6142428151707993,0.17499593098958333,-0.9897928873697917,1.0,0.0,1,idle,569.5271712892977,73.1316114884106,550.2681865326998,75.7342260606143
1791246267.426612,554.9141742251351,71.02933525026967,-295.34100687376616,62.03526441874557,4.749576492517139,-2.5216461212042645,0.17499593098958333,-0.9897928873697917,0.17499593098958333,-0.9897928873697917,0,steering,541.2881979935876,65.51326757140652,554.3312847736355,72.82761432100986
1791246267.443947,559.6577796676861,68.61569069013088,-293.85439308373907,63.03206664804262,4.743605442550985,-2.4136445601387893,0.17499593098958333,-0.9897928873697917,1.0,0.0,1,idle,582.9108805140057,68.81522654107033,560.2666897310775,70.33403259988103
1791246267.461407,564.3924385954454,66.31361666109892,-292.6796844138189,64.07016815060678,4.734658927759298,-2.3020740290319543,0.17499593098958333,-0.9897928873697917,0.17499593098958333,-0.9897928873697917,0,steering,560.5987422256012,63.31503866581618,564.7812183371749,67.79611257559742
1791246267.4784179,569.1155643753364,64.13286851274226,-291.18099410359804,65.21642007788785,4.723125779890973,-2.180748148356662,0.17499593098958333,-0.9897928873697917,1.0,0.0,1,idle,559.0836596990664,65.72026011025865,568.9833098961659,65.62060921139165
1791246267.4953332,573.8242762545445,62.072807549490705,-289.9989929394341,66.37062721151783,4.7087118792081775,-2.0600609632515616,0.17499593098958333,-0.9897928873697917,0.17499593098958333,-0.9897928873697917,0,steering,589.3730999472584,73.48262839127683,574.4760756839682,64.05665225529692
1791246267.5116212,578.5156906814261,60.13958974446079,-288.5036200876039,67.60463196701907,4.6914144268815825,-1.933217805029913,0.17499593098958333,-0.9897928873697917,1.0,0.0,1,idle,585.6743942931774,58.444486556716456,579.4928353199662,61.93948705558948
1791246267.5285702,583.1871549786358,58.33001844293891,-287.32575075792215,68.82527423976707,4.671464297209701,-1.8095713015218853,0.17499593098958333,-0.9897928873697917,0.17499593098958333,-0.9897928873697917,0,steering,589.7368926536788,48.284608082711934,584.442929269001,59.53765037049981
1791246267.546398,587.8356244451602,56.647916773055705,-285.84434654038256,70.10676542269212,4.648469466524427,-1.6821016698832025,0.17499593098958333,-0.9897928873697917,1.0,0.0,1,idle,609.7349023349338,85.30965034547367,590.1235739154957,59.22825378285946
1791246267.5631711,592.4587803272677,55.08856196875536,-284.67847915164816,71.36114619326247,4.623155882107484,-1.5593548043003482,0.17499593098958333,-0.9897928873697917,0.17499593098958333,-0.9897928873697917,0,steering,589.8954817966718,49.223073442353886,594.5041673975567,57.24660770174885
1791246267.578985,597.0535306488731,53.65424220621334,-283.218220495861,72.66346881694466,4.594750321605394,-1.4343197625420185,0.17499593098958333,-0.9897928873697917,1.0,0.0,1,idle,588.6647489515512,70.57289065429649,598.5772092807815,56.55031807496132
1791246267.595924,601.617960559267,52.339365186593426,-282.0696311348544,73.92987636364968,4.56442991039388,-1.3148770196199158,0.17499593098958333,-0.9897928873697917,0.17499593098958333,-0.9897928873697917,0,steering,602.7310126648857,42.459621023240885,603.121107864861,54.596650053736376
1791246267.612231,606.1490155716721,51.1451966291999,-280.6351908722052,75.23532174586015,4.531055012405046,-1.1941685573935237,0.17499593098958333,-0.9897928873697917,1.0,0.0,1,idle,584.3132353503817,39.809859050347285,606.4852165009219,52.72285037404307
1791246267.628159,610.6452210943544,50.06569874665272,-279.50729099490144,76.49934407049088,4.496205522682351,-1.079497882547177,0.17499593098958333,-0.9897928873697917,0.17499593098958333,-0.9897928873697917,0,steering,615.315672934803,42.18264717241547,611.1981345691642,51.170317225541865
1791246267.645241,615.1036172525936,49.10145004529612,-278.1015591103176,77.79620229251566,4.458396158239244,-0.9642487013566018,0.17499593098958333,-0.9897928873697917,1.0,0.0,1,idle,611.532442944037,63.95722231513773,615.4503263382351,50.89362621373289
1791246267.6621618,619.5231789239169,48.2462441767146,-276.99643542313294,79.04835116444139,4.419561671323348,-0.8552058685815216,0.17499593098958333,-0.9897928873697917,0.17499593098958333,-0.9897928873697917,0,idle,634.4388541584851,37.48870689433596,620.5983363170047,49.410934672610594
1791246267.678784,623.9047648904725,47.49053213303608,-276.11525676722107,80.21421269005984,4.3815859665555195,-0.7557120436785176,0.17499593098958333,-0.9897928873697917,0.17499593098958333,-0.9897928873697917,0,steering,623.7400489080961,39.23556004101622,624.917928614787,48.18423949953629
1791246267.695096,628.2464027642155,46.832236630999375,-274.95537363253055,81.37826820049614,4.341637873743024,-0.6582955020367071,0.17499593098958333,-0.9897928873697917,1.0,0.0,1,steering,628.7983536871636,47.029190643040465,629.2365058484617,47.501106329776626
1791246267.712196,632.544533346153,46.274121472158534,-273.5365995660296,82.60150151595157,4.29813058193748,-0.558115158840843,0.17499593098958333,-0.9897928873697917,1.0,0.0,1,steering,641.7203348473048,42.20142599228042,633.9439213512444,46.705912912003015
1791246267.7293031,636.7946839690538,45.82173306619244,-271.8859378377659,83.92428145392363,4.250150622900803,-0.4523884059660996,0.17499593098958333,-0.9897928873697917,1.0,0.0,1,steering,634.7638560620466,58.91810447731034,638.0225611785403,46.88675350460059
1791246267.746329,640.9918234886374,45.481853830190616,-270.033368108313,85.37035978330688,4.197139519583488,-0.33987923600182374,0.17499593098958333,-0.9897928873697917,1.0,0.0,1,steering,654.3380486583632,31.293280167142107,642.8256180961357,45.784194563525936
1791246267.763096,645.1305543640304,45.261387661153286,-268.0091771435357,86.95079149707021,4.138730875393131,-0.22046616903733054,0.17499593098958333,-0.9897928873697917,1.0,0.0,1,steering,663.8982070817143,41.89813417604482,647.8110418770381,45.380448683566414
1791246267.7801468,649.2052316671546,45.16659534374964,-265.8423483591485,88.66732508159453,4.074677303124139,-0.09479231740364649,0.17499593098958333,-0.9897928873697917,1.0,0.0,1,steering,654.4721341221359,29.727315036742148,652.0150399272609,44.507739299691735
1791246267.797087,653.2100565776078,45.202604432043955,-263.5596619639197,90.51515690017196,4.004824910453232,0.036009088294316705,0.17499593098958333,-0.9897928873697917,1.0,0.0,1,steering,627.9396204384351,56.211426963951965,654.6158526177501,45.12713231678435
1791246267.814073,657.1391660740512,45.373128569228584,-261.1852621533502,92.48508877590868,3.9291094964433575,0.17052413718463177,0.17499593098958333,-0.9897928873697917,1.0,0.0,1,steering,664.389877267361,43.10818055425557,658.8372078718519,45.18818265898331
1791246267.830919,660.9867257812572,45.680342402271755,-258.7405236532428,94.56517710344306,3.847559707205985,0.3072138330431689,0.17499593098958333,-0.9897928873697917,1.0,0.0,1,steering,650.2793693575667,48.314394870725515,662.0644976679832,45.63634641096143
1791246267.8473442,664.7470253372406,46.12486872533781,-256.24410345663904,96.7419688146453,3.760299555983443,0.44452632306605594,0.17499593098958333,-0.9897928873697917,1.0,0.0,1,steering,651.220064236236,33.17230734276173,665.0945605745802,45.4354444644642
1791246267.864204,668.4145724341797,46.70584364028498,-253.712100912453,99.00141001488394,3.667547096939087,0.5809749149471704,0.17499593098958333,-0.9897928873697917,1.0,0.0,1,steering,679.7381935408918,40.026582529539326,669.3109119649879,45.716927536917765
1791246267.8799858,671.9841809851999,47.42103321315167,-251.15827515039055,101.32949888774189,3.569608551020181,0.7151895728666857,0.17499593098958333,-0.9897928873697917,1.0,0.0,1,steering,653.9971175936347,37.14208586118646,671.9363503698894,45.96761554735455
1791246267.896677,675.4510494608318,48.26698141120734,-248.59428661326902,103.71274051762953,3.4668684756318155,0.8459481980556742,0.17499593098958333,-0.9897928873697917,1.0,0.0,1,steering,662.8617140039852,66.00062990040553,674.7761436034444,47.772917053159986
1791246267.913575,678.8108265728987,49.23917419130303,-246.0299416500641,106.13844935381535,3.359777112066973,0.9721927800956907,0.17499593098958333,-0.9897928873697917,1.0,0.0,1,steering,689.1740284746018,39.30511446893531,678.6878261034659,48.27311006503966
1791246267.9306,682.0596627239898,50.33220866208031,-243.4734274024327,108.59493544150595,3.2488361510911767,1.0930344707772806,0.17499593098958333,-0.9897928873697917,1.0,0.0,1,steering,679.9224458552492,41.879046908645286,681.8359514345917,48.99178965445836
1791246267.947293,685.1942467579473,51.53995943524131,-240.9315297811952,111.07160300854568,3.134584033957493,1.2077507731609929,0.17499593098958333,-0.9897928873697917,1.0,0.0,1,steering,681.7946946343586,35.13993257218523,684.8117434268397,49.44656003484765
1791246267.963438,688.2118284403826,52.85573676888092,-238.4098310074342,113.55898409471959,3.0175816824353636,1.3157773336396077,0.17499593098958333,-0.9897928873697917,1.0,0.0,1,steering,676.6324027949948,53.49452961343289,687.269478993561,50.89894698073454
1791246267.98102,691.1102277438309,54.27243302038011,-235.9128855676451,116.04872524155557,2.8983993034483033,1.416696251499196,0.17499593098958333,-0.9897928873697917,1.0,0.0,1,steering,676.6656878333237,61.055497125375744,689.4927687738251,52.75263592689084
1791246267.9972548,693.88783242692,55.782655377920435,-233.44437491270992,118.53354150601967,2.7776046830890584,1.5102223575403209,0.17499593098958333,-0.9897928873697917,1.0,0.0,1,steering,692.2911164705891,57.821091296185436,692.2714106075979,54.44076993501888
1791246268.013778,696.5435856173988,57.37884392019555,-231.00724210352192,121.00714899518695,2.65575319047882,1.5961885422751165,0.17499593098958333,-0.9897928873697917,1.0,0.0,1,steering,677.1716416072237,53.17024448105519,694.039387688534,55.89362277748205
1791246268.031181,699.0769651775845,59.05337483952917,-228.60380807296283,123.46418458933117,2.533379560185739,1.6745309193336175,0.17499593098958333,-0.9897928873697917,1.0,0.0,1,steering,692.1267410488914,59.7429731732277,696.3504659387283,57.67689467063627
1791246268.047682,701.4879565888372,60.798649217226604,-226.23587137472109,125.90011942880616,2.4109914112527076,1.7452743776974353,0.17499593098958333,-0.9897928873697917,1.0,0.0,1,steering,697.2134776638213,51.93137729023578,698.6840583656731,59.04762946042881
1791246268.0651278,703.7770209749503,62.60716811321964,-223.90479332098622,128.3111710188138,2.2890643861132243,1.8085188959930392,0.17499593098958333,-0.9897928873697917,1.0,0.0,1,steering,715.3499026129866,63.68833532988737,701.6919617448463,60.997757705095125
1791246268.081664,705.9450597221454,64.47159496703374,-221.61157033960848,130.69421740647243,2.1680387471950557,1.8644268538140982,0.17499593098958333,-0.9897928873697917,1.0,0.0,1,steering,711.1250525025341,76.13679842332938,704.223253092566,63.525915252130225
1791246268.098716,707.9933769682993,66.3848064379008,-219.35689525155902,133.0467157656774,2.0483172461539514,1.9132114708670636,0.17499593098958333,-0.9897928873697917,1.0,0.0,1,steering,713.9612657613851,53.32811458946117,706.6560551098532,64.83357611632049
1791246268.116457,709.9236410427102,68.3399328657774,-217.1412090110554,135.3666268497835,1.9302640744108115,1.9551264278765887,0.17499593098958333,-0.9897928873697917,1.0,0.0,1,steering,703.0243861852497,67.06220410866965,708.3082225343134,66.8023776224207
1791246268.133846,711.7378457516062,70.33038953375491,-214.96474428263087,137.65234610455963,1.8142047088959619,1.9904566679775184,0.17499593098958333,-0.9897928873697917,1.0,0.0,1,steering,696.4195651405674,61.75343710701775,709.4372841380773,68.4408644312292
1791246268.151413,713.438272231163,72.34989987280196,-212.82756206361935,139.90264174017696,1.7004264795568247,2.019510339047047,0.17499593098958333,-0.9897928873697917,1.0,0.0,1,steering,708.7888581493244,91.82285140287756,711.0202679942187,71.5284986019063
1791246268.167914,715.0274519332975,74.39251168501961,-210.72958240400195,142.1165997093917,1.589179702134546,2.042611812217662,0.17499593098958333,-0.9897928873697917,1.0,0.0,1,steering,717.9486157378731,67.65187571980098,712.8764060984291,73.27514867940782
1791246268.184394,716.5081311719598,76.45260738152264,-208.67061013205586,144.2935753007046,1.4806792386623304,2.0600956965030264,0.17499593098958333,-0.9897928873697917,1.0,0.0,1,steering,725.6956032464685,85.00464327310367,714.9240112325604,75.81871432077048
1791246268.2014751,717.8832375394261,78.5249091430492,-206.6503563653656,146.43315090474155,1.3751063674662674,2.0723017615265644,0.17499593098958333,-0.9897928873697917,1.0,0.0,1,steering,714.6105201626925,90.05832550222267,716.2146877281599,78.49938155329332
1791246268.218404,719.1558484025063,80.60447982079904,-204.6684564727584,148.53509942778922,1.2726108630802413,2.0795706777498406,0.17499593098958333,0.010420735677083333,1.0,0.0,1,steering,708.7727059766202,101.0145472788294,717.0515689605091,81.60073198343247
1791246268.235271,720.3291616062593,82.6867203055739,-202.7244850530461,150.59935279046616,1.1733132037529552,2.0822404847748555,0.17499593098958333,0.010420735677083333,1.0,0.0,1,steering,701.6693328998548,91.40215492326608,717.3971047010417,84.06893159096026
1791246268.252127,721.4064684460219,84.76736400759496,-200.81796841007537,152.62597494756562,1.0773068397625756,2.080643702021067,0.17499593098958333,0.010420735677083333,1.0,0.0,1,idle,726.1485680736264,101.12344517469484,718.8581193674454,86.898268787067
1791246268.2690141,722.3951513648601,86.84107039893449,-199.3968438889858,154.509551048683,0.988682918838162,2.0737063913395213,0.17499593098958333,0.010420735677083333,0.17499593098958333,0.010420735677083333,0,idle,710.2477916669826,94.26405921758317,719.3668517553185,89.23657938036536
1791246268.285856,723.3043053078203,88.90253657788234,-198.32413853653432,156.20141877265965,0.9091539429601605,2.061466178947851,0.17499593098958333,0.010420735677083333,0.17499593098958333,0.010420735677083333,0,idle,732.1986957376929,103.00825236357879,720.8721402002494,91.88355589952648
1791246268.302752,724.1433512268918,90.94699690433343,-197.50501298403879,157.68676779763257,0.8390459190715072,2.0444603264510826,0.17499593098958333,0.010420735677083333,0.17499593098958333,0.010420735677083333,0,idle,720.7649693231332,84.33313685954938,721.6638752795116,93.44827225765616
1791246268.319756,724.9212705022615,92.97040671156192,-196.87236367937933,158.97026617671457,0.7779192753695868,2.0234098072284934,0.17499593098958333,0.010420735677083333,0.17499593098958333,0.010420735677083333,0,idle,724.6910990994197,93.53522995705076,722.5542597821081,95.37485945949295
1791246268.336769,725.646223206118,94.96946619920571,-196.37803713573635,160.0669810621605,0.7249527038565069,1.9990594876437942,0.17499593098958333,0.010420735677083333,0.17499593098958333,0.010420735677083333,0,idle,718.550599301156,102.8246002894105,723.0427818267242,97.64645301425043
1791246268.353801,726.3253981146255,96.94156812021559,-195.98712958217908,160.99673359180332,0.6791749085075502,1.972101921009878,0.17499593098958333,0.010420735677083333,0.17499593098958333,0.010420735677083333,0,idle,722.0995343355055,108.56682101811491,723.6408356152455,100.06596823940303
1791246268.370661,726.9649973549746,98.88471400063906,-195.67413964146806,161.78069999919234,0.6395992403490331,1.9431458804234691,0.17499593098958333,0.010420735677083333,0.17499593098958333,0.010420735677083333,0,idle,729.2271481404906,112.4283267720624,724.5277705198394,102.5300747524383
1791246268.387464,727.5702944252173,100.79742236725353,-195.42030618487425,162.43946621556512,0.6052970702427498,1.9127083666144706,0.17499593098958333,0.010420735677083333,0.17499593098958333,0.010420735677083333,0,idle,713.62047282676,106.57246029256991,724.557437851916,104.54926697772862
1791246268.405268,728.1457276854698,102.67864072998951,-195.21173679632705,162.9920039974274,0.5754332602525078,1.881218362735984,0.17499593098958333,0.010420735677083333,0.17499593098958333,0.010420735677083333,0,idle,712.8463532324599,94.10877987968075,724.518545218183,105.81440006742541
1791246268.422223,728.6950065426398,104.52766661693549,-195.0380781216666,163.45521566292285,0.5492788571700163,1.8490258869459748,0.17499593098958333,0.010420735677083333,0.17499593098958333,0.010420735677083333,0,idle,735.4011743160569,125.70782052131932,725.5844915873882,108.56564568271878
1791246268.439115,729.2212172316196,106.34407947239166,-194.8915640974699,163.8438173171753,0.5262106889797489,1.8164128554561696,0.17499593098958333,0.010420735677083333,0.17499593098958333,0.010420735677083333,0,idle,720.8248804653562,97.03878214395195,725.8464111858174,109.7148947184638
1791246268.456168,729.7269211924214,108.12768341204371,-194.76633066500835,164.1704133718769,0.505703960801828,1.783603939652053,0.17499593098958333,0.010420735677083333,0.17499593098958333,0.010420735677083333,0,idle,715.0303195694017,94.71195202143325,725.7860253677584,110.65917132628172
1791246268.473015,730.2142427956364,109.87845995274373,-194.65791985667218,164.44567017329192,0.48732160321499585,1.7507765407000173,0.17499593098958333,0.010420735677083333,0.17499593098958333,0.010420735677083333,0,idle,719.9197939962253,116.68211807261612,725.955669322236,112.62355637726345
1791246268.4901068,730.6849454048054,111.59652947918161,-194.56291921711042,164.6785324442321,0.47070260916892637,1.7180695264378878,0.17499593098958333,0.010420735677083333,0.17499593098958333,0.010420735677083333,0,idle,739.7130593092623,113.27165461294875,727.0907063002978,114.28812733916371
1791246268.507002,731.1404960324543,113.28212013536857,-194.47869838380996,164.8764493113536,0.45555062764887244,1.6855906561869585,0.17499593098958333,0.010420735677083333,0.17499593098958333,0.010420735677083333,0,idle,735.4403916546524,118.7736375055635,727.940963664282,116.11371397086131
1791246268.523962,731.5821195080988,114.9355428973914,-194.40321570481441,165.04559128997957,0.44162347564457266,1.653422762022824,0.17499593098958333,0.010420735677083333,0.17499593098958333,0.010420735677083333,0,idle,731.643039812921,142.59428395943104,728.5456097735762,119.00849409421149
1791246268.540844,732.0108433673583,116.55717171709314,-194.33487554104912,165.19104868262534,0.42872385925952133,1.6216288197017463,0.17499593098958333,0.010420735677083333,0.17499593098958333,0.010420735677083333,0,idle,748.4647951071065,129.61115515655902,729.9488567065492,121.07917452604552
1791246268.557586,732.4275347435847,118.14742778083546,-194.2724223950219,165.31700737287815,0.41669137622635494,1.5902560637423098,0.17499593098958333,0.010420735677083333,0.17499593098958333,0.010420735677083333,0,idle,732.6817875323813,129.18895391554068,730.4813600552559,122.99540675607548
1791246268.5753899,732.8329304937606,119.70676708029191,-194.21486190947073,165.42690124897638,0.4053957501758536,1.5593392994564539,0.17499593098958333,0.010420735677083333,0.17499593098958333,0.010420735677083333,0,idle,723.9113172225557,116.65243220300862,730.537983876288,124.15963036290577
1791246268.591447,733.2276616790374,121.23567063206731,-194.16140155961224,165.52354230882216,0.39473118527673745,1.528903551775395,0.17499593098958333,0.010420735677083333,0.17499593098958333,0.010420735677083333,0,idle,730.7416452644193,105.55134557511589,730.9231615717075,124.68167449770291
1791246268.608416,733.6122733836424,122.73463680527067,-194.11140584912056,165.6092304225671,0.38461170460507643,1.4989661732033555,0.17499593098958333,0.010420735677083333,0.17499593098958333,0.010420735677083333,0,idle,749.5904145631036,113.96478221021854,732.2219053406521,125.56984774787189
1791246268.6254568,733.9872407152287,124.20417532009296,-194.0643622431454,165.68584510957766,0.37496733158622425,1.4695385148222915,0.17499593098958333,0.010420735677083333,0.17499593098958333,0.010420735677083333,0,idle,733.1552333626694,132.0989484603683,732.62479070676,127.29236437257788
1791246268.642854,734.3529816966852,125.64480256695244,-194.01985509400072,165.75492174689845,0.3657409814564673,1.4406272468594752,0.17499593098958333,0.010420735677083333,0.17499593098958333,0.010420735677083333,0,idle,745.6036451654264,136.98331749364974,733.621187362077,129.14550791314795
1791246268.6598332,734.709867639651,127.05703796673842,-193.97754555157158,165.8177145077932,0.3568859429657803,1.4122353997859878,0.17499593098958333,0.010420735677083333,0.17499593098958333,0.010420735677083333,0,idle,716.3239647602408,107.18691784015031,733.0953678778026,129.38920203929476
1791246268.676781,735.0582314855666,128.4414011502661,-193.93715598254903,165.87524811989942,0.3483638459156632,1.3843631835276877,0.17499593098958333,0.010420735677083333,0.17499593098958333,0.010420735677083333,0,idle,721.7428741956758,122.04649289672518,732.8586888473161,130.33721160651757
1791246268.693662,735.3983745111123,129.79840978138427,-193.89845780828082,165.92836028695544,0.34014302554569514,1.3570086311181657,0.17499593098958333,0.010420735677083333,0.17499593098958333,0.010420735677083333,0,idle,762.8742351851042,129.08335385581154,734.6826020384739,131.56367691854453
1791246268.7105532,735.7305717202651,131.1285778852118,-193.86126195160833,165.9777363678029,0.33219720915279183,1.3301681038275184,0.17499593098958333,0.010420735677083333,0.17499593098958333,0.010420735677083333,0,idle,730.7562969597088,115.5906886414652,734.8018741332307,132.0286872033267
1791246268.727472,736.0550761834028,132.43241457243076,-193.82541128799647,166.02393766921912,0.32450446313773595,1.3038366872189753,0.17499593098958333,0.010420735677083333,0.17499593098958333,0.010420735677083333,0,idle,752.2344117277124,140.86440775765408,735.9817802529357,133.7091180839011
1791246268.745342,736.3721225331647,133.71042307389214,-193.7907746466064,166.06742449404635,0.3170463497619226,1.2780085014613949,0.17499593098958333,0.010420735677083333,0.17499593098958333,0.010420735677083333,0,idle,723.2389135638971,132.09432267940383,735.6458309507575,134.84248639006455
1791246268.762283,736.6819297854623,134.9631000182084,-193.75724201777695,166.10857489660674,0.3098072522976323,1.2526769443162413,0.17499593098958333,0.010420735677083333,0.17499593098958333,0.010420735677083333,0,idle,728.8287985598135,143.63056436331357,735.599296220893,136.47193338582744
1791246268.779045,736.9847036205663,136.1909348995136,-193.72472070548764,166.14769993387088,0.3027738351039286,1.2278348813051885,0.17499593098958333,0.010420735677083333,0.17499593098958333,0.010420735677083333,0,idle,727.426291357738,129.94073878256683,735.478281121084,137.31181679290435
1791246268.795653,737.280638232205,137.39440969397467,-193.69313222454554,166.18505606184667,0.29593461163865475,1.203474794461073,0.17499593098958333,0.010420735677083333,0.17499593098958333,0.010420735677083333,0,idle,720.9140144865223,140.62051525669543,735.0312056704126,138.62055277083192
1791246268.8125298,737.5699178309221,138.57399859258703,-193.66240978807963,166.22085520984896,0.28927959871716047,1.1795888986123626,0.17499593098958333,0.010420735677083333,0.17499593098958333,0.010420735677083333,0,idle,736.6963181825644,143.0591442044547,735.3892769148015,139.96309179619482
1791246268.8303192,737.852717870557,139.73016782480582,-193.63249626549126,166.2552729680185,0.2828000396348518,1.1561692322187882,0.17499593098958333,0.010420735677083333,0.17499593098958333,0.010420735677083333,0,idle,731.1205492253181,145.38949360171125,735.4445005679804,141.3327726570785
1791246268.847056,738.1292060528078,140.86337555306238,-193.603342517239,166.2884552429855,0.27648818225088234,1.1332077282565776,0.17499593098958333,0.010420735677083333,0.17499593098958333,0.010420735677083333,0,idle,727.2818078203544,136.89159661667009,735.2990297037375,142.1872611969018
1791246268.863911,738.3995431537387,141.97407182252192,-193.57490603287098,166.3205236703777,0.27033710093090013,1.1106962694595257,0.17499593098958333,0.010420735677083333,0.17499593098958333,0.010420735677083333,0,idle,734.5298599712422,141.32366118977922,735.517391462997,143.19924265253223
1791246268.88077,738.6638837072317,143.06269855380978,-193.5471498141215,166.35158001865457,0.26434055349298574,1.0886267312878521,0.17499593098958333,0.010420735677083333,0.17499593098958333,0.010420735677083333,0,idle,745.1342215457663,133.44013260237307,736.2493564929538,143.74548254474774
1791246268.898407,738.9223765733295,144.12968956907508,-193.52004145681153,166.38170977449948,0.2584928660978546,1.066991015265308,0.17499593098958333,0.010420735677083333,0.17499593098958333,0.010420735677083333,0,idle,744.4917139732402,160.07014096688667,736.9070425897611,145.57535693035672
1791246268.916194,739.1751654137886,145.17547064382777,-193.49355239457896,166.41098506398131,0.252788840459092,1.0457810747526897,0.17499593098958333,0.010420735677083333,0.17499593098958333,0.010420735677083333,0,idle,742.7402074438971,146.79192616437803,737.438850230904,146.62967741307284
1791246268.9331121,739.4223890926816,146.20045957860606,-193.4676572747449,166.43946703443996,0.24722367889299235,1.0249889347782977,0.17499593098958333,0.010420735677083333,0.17499593098958333,0.010420735677083333,0,idle,731.3822959893033,124.19889941223516,737.3708850137723,146.48187800107033
1791246268.9499688,739.6641820163201,147.2050662858019,-193.4423334423643,166.46720779832137,0.24179292363851643,1.0046067071958404,0.17499593098958333,0.010420735677083333,0.17499593098958333,0.010420735677083333,0,idle,763.1081996387994,146.23225074251522,738.8874540224803,147.42377300997862
1791246268.966843,739.900674423923,148.18969288796842,-193.41756051306191,166.4942520209691,0.23649240760287196,0.9846266021665279,0.17499593098958333,0.010420735677083333,0.17499593098958333,0.010420735677083333,0,idle,745.464873924579,134.82265305142596,739.4409928048079,147.72911228410916
1791246268.9837089,740.131992638188,149.15473382471635,-193.3933200188885,166.520638218821,0.2313182142650046,0.9650409367479393,0.17499593098958333,0.010420735677083333,0.17499593098958333,0.010420735677083333,0,idle,739.5586777146669,167.40145522337292,739.6666293538526,149.62951832098287
1791246269.000514,740.358259283116,150.100575965921,-193.3695951143402,166.54639982187535,0.22626664492809478,0.9458421412046526,0.17499593098958333,0.010420735677083333,0.17499593098958333,0.010420735677083333,0,idle,730.4426695836246,159.83333769438553,739.4203846780229,151.03825932379743
1791246269.018292,740.5795934749932,151.02759872944537,-193.34637033202986,166.57156604411097,0.22133419187715628,0.9270227635243677,0.17499593098958333,0.010420735677083333,0.17499593098958333,0.010420735677083333,0,idle,739.8111259741607,158.5151230759779,739.6501892251131,152.29277413675462
1791246269.035131,740.7961109912815,151.9361742019658,-193.32363137939188,166.59616259731155,0.21651751628828086,0.9085754725204142,0.17499593098958333,0.010420735677083333,0.17499593098958333,0.010420735677083333,0,idle,744.5496980072317,140.6831419102021,740.1008563046929,152.5754392243214
1791246269.0519419,741.0079244212487,152.82666726178667,-193.30136496934105,166.62021227708496,0.21181342996729996,0.8904930598208658,0.17499593098958333,0.010420735677083333,0.17499593098958333,0.010420735677083333,0,idle,749.1861235463467,143.49505176886782,740.7563424252445,152.96738825837855
1791246269.068755,741.2151433014285,153.69943570276783,-193.2795586790567,166.64373544447562,0.20721888017981313,0.8727684409811693,0.17499593098958333,0.010420735677083333,0.17499593098958333,0.010420735677083333,0,idle,738.6207326469988,143.79243118608932,740.846419872503,153.33777042369618
1791246269.0857432,741.4178742384098,154.55483035867528,-193.25820083208706,166.66675042220504,0.2027309369813369,0.8553946559074366,0.17499593098958333,0.010420735677083333,0.17499593098958333,0.010420735677083333,0,idle,734.0048239487475,154.6277815809999,740.6969344664475,154.21489590467345
1791246269.102452,741.6162210209833,155.39319522741368,-193.23728039980523,166.68927382103672,0.1983467825734281,0.838364868738412,0.17499593098958333,0.010420735677083333,0.17499593098958333,0.010420735677083333,0,idle,728.4960556247254,162.150199291634,740.2753199678062,155.40810769932298
1791246269.12006,741.8102847232884,156.214867594717,-193.2167869189358,166.71132080889575,0.19406370230512152,0.8216723673033042,0.17499593098958333,0.010420735677083333,0.17499593098958333,0.010420735677083333,0,idle,739.701616575469,158.5340228396384,740.4309953153793,156.3449922052769
1791246269.1367009,742.0001638003022,157.02017815696536,-193.19671042243655,166.7329053330449,0.18987907701371862,0.8053105622483694,0.17499593098958333,0.010420735677083333,0.17499593098958333,0.010420735677083333,0,idle,768.728690124642,137.8312708070793,742.0262651790055,156.18435116950297
1791246269.1542652,742.1859541767609,157.8094511428713,-193.1770413814849,166.75404030372948,0.18579037645870738,0.7892729859059483,0.17499593098958333,0.010420735677083333,0.17499593098958333,0.010420735677083333,0,idle,742.9155246789323,147.16481649359824,742.2472290116376,156.48318377231837
1791246269.1707158,742.3677493304114,158.58300443383578,-193.15777065670397,166.77473774616658,0.1817951536504198,0.7735532909644967,0.17499593098958333,0.010420735677083333,0.17499593098958333,0.010420735677083333,0,idle,747.1486537156901,163.68098463024555,742.6650056428082,157.57794944163098
1791246269.188182,742.5456403703247,159.34114968282194,-193.1388894570796,166.7950089265031,0.1778910399133608,0.7581452489861467,0.17499593098958333,0.010420735677083333,0.17499593098958333,0.010420735677083333,0,idle,744.9913084015806,151.973645661814,742.9503172686644,158.01797223917697
1791246269.204641,742.7197161108796,160.08419243163075,-193.12038930528348,166.8148644563495,0.17407574055488573,0.7430427488088294,0.17499593098958333,0.010420735677083333,0.17499593098958333,0.010420735677083333,0,idle,753.1691910817432,165.95130256233017,743.6266329128456,159.120529366703
1791246269.222193,742.8900631419142,160.8124322264932,-193.1022620083343,166.8343143796646,0.17034703103459153,0.7282397948624401,0.17499593098958333,0.010420735677083333,0.17499593098958333,0.010420735677083333,0,idle,725.7151886546536,157.784532027924,742.8928903794189,159.7455573048834
1791246269.2387588,743.0567658954639,161.52616273191575,-193.0844996327098,166.85336824508929,0.1667027535496328,0.713730505422534,0.17499593098958333,0.010420735677083333,0.17499593098958333,0.010420735677083333,0,idle,739.4682012400407,158.63836540243614,742.8800235383221,160.36824168991245
1791246269.255519,743.219906709431,162.225671842736,-193.06709448317167,166.872035166273,0.1631408139671393,0.6995091108202727,0.17499593098958333,0.010420735677083333,0.17499593098958333,0.010420735677083333,0,idle,727.450029742007,158.55801735121048,742.2635076217751,160.9422641282566
1791246269.273056,743.3795658884789,162.91124179435954,-193.0500390846897,166.89032387228377,0.15965917904777865,0.6855699516235377,0.17499593098958333,0.010420735677083333,0.17499593098958333,0.010420735677083333,0,idle,753.3464108217344,159.69353092057398,742.9693290018686,161.5311189219148
1791246269.289828,743.5358217623938,163.58314927116064,-193.03332616695448,166.90824274982162,0.15625587391487683,0.6719074768011042,0.17499593098958333,0.010420735677083333,0.17499593098958333,0.010420735677083333,0,idle,719.468880847163,150.3865100391565,741.9427496743525,161.61220058073795
1791246269.306737,743.6887507421256,164.24166551303998,-193.01694865105384,166.92579987865173,0.1529289797318848,0.658516241879342,0.17499593098958333,0.010420735677083333,0.17499593098958333,0.010420735677083333,0,idle,720.7225257543212,158.60207219647805,741.0270210090962,162.08728459131032
1791246269.324043,743.8384273736834,164.88705642013895,-193.00089963795918,166.9430030614232,0.14967663155774658,0.6453909070989815,0.17499593098958333,0.010420735677083333,0.17499593098958333,0.010420735677083333,0,idle,736.0436476608454,146.53002668290878,740.9200451416635,161.92254305763427
1791246269.3413959,743.9849243900386,165.51958265571687,-192.9851723985271,166.95985984883626,0.1464970163551968,0.632526235577929,0.17499593098958333,0.010420735677083333,0.17499593098958333,0.010420735677083333,0,idle,746.9623447757053,154.02563414173034,741.361332288903,162.1285975356381
1791246269.3576572,744.12831276117,166.13949974720177,-192.96976036477105,166.97637756095105,0.1433883711314527,0.6199170914848795,0.17499593098958333,0.010420735677083333,0.17499593098958333,0.010420735677083333,0,idle,756.6536971397223,188.60839986245057,742.2621694840188,164.04150888888938
1791246269.374562,744.2686617423644,166.74705818542924,-192.95465712219837,166.99256330529388,0.14034898119435946,0.6075584382274755,0.17499593098958333,0.010420735677083333,0.17499593098958333,0.010420735677083333,0,idle,737.479368726638,164.26057004742302,742.1563609782845,164.62964246313217
1791246269.391465,744.4060389208744,167.3425035220872,-192.9398564030428,167.0084239923021,0.1373771785099687,0.5954453366579626,0.17499593098958333,0.010420735677083333,0.17499593098958333,0.010420735677083333,0,idle,746.5118771611808,159.9516969490928,742.5046451070137,164.96141825725527
1791246269.409342,744.5405102610243,167.92607646538588,-192.92535208025004,167.0239663485558,0.13447134014990297,0.5835729432986494,0.17499593098958333,0.010420735677083333,0.17499593098958333,0.010420735677083333,0,idle,744.9748966057974,175.81544953238577,742.7559054550954,166.05851411714553
1791246269.426219,744.6721401478432,168.49801297397482,-192.91113816209833,167.03919692816632,0.13162988681879234,0.5719365085889602,0.17499593098958333,0.010420735677083333,0.17499593098958333,0.010420735677083333,0,idle,739.510936200353,166.3891103546405,742.7187053848362,166.6183836121798
1791246269.442969,744.8009914292968,169.05854434913027,-192.8972087873552,167.05412212262902,0.12885128145364377,0.560531375155455,0.17499593098958333,0.010420735677083333,0.17499593098958333,0.010420735677083333,0,idle,747.328375277687,180.17790275757847,743.0715975968596,167.82886437584742
1791246269.45897,744.9271254571851,169.60789732523614,-192.88355822088792,167.06874816939333,0.12613402788829128,0.5493529761058527,0.17499593098958333,0.010420735677083333,0.17499593098958333,0.010420735677083333,0,idle,737.7049355308762,159.32402548828782,742.9230918200543,167.92550775877
1791246269.475832,745.0506021267622,170.14629415858397,-192.8701808496592,167.08308115936174,0.12347666957712791,0.5383968333478227,0.17499593098958333,0.010420735677083333,0.17499593098958333,0.010420735677083333,0,idle,727.707996297164,167.20246951234543,742.2796398800081,168.40083283812922
1791246269.4926898,745.1714799151354,170.67395271451707,-192.85707117905042,167.09712704349113,0.12087778837318194,0.5276585559330933,0.17499593098958333,0.010420735677083333,0.17499593098958333,0.010420735677083333,0,idle,742.4394864051458,161.87320583965905,742.4024661052194,168.57572711634216
1791246269.509808,745.2898159184916,171.1910865529443,-192.84422382946488,167.11089163864267,0.11833600335630995,0.5171338384272443,0.17499593098958333,0.010420735677083333,0.17499593098958333,0.010420735677083333,0,idle,741.447761935954,148.75917352730943,742.4671500999447,168.0761765833964
1791246269.5269601,745.4056658881995,171.69790501224972,-192.8316335331706,167.1243806327991,0.11584996970786193,0.5068184593054135,0.17499593098958333,0.010420735677083333,0.17499593098958333,0.010420735677083333,0,idle,735.3025475671325,163.83122334232306,742.2189774445264,168.34540645768288
1791246269.543883,745.5190842658282,172.19461329162374,-192.81929513134932,167.13759958975055,0.1134183776286555,0.4967082793740272,0.17499593098958333,0.010420735677083333,0.17499593098958333,0.010420735677083333,0,idle,743.029200368054,181.22726440672696,742.3672360494501,169.4613722205404
1791246269.5608199,745.6301242171256,172.6814125318423,-192.80720357132404,167.1505539533311,0.11103995129749483,0.48679924021857324,0.17499593098958333,0.010420735677083333,0.17499593098958333,0.010420735677083333,0,idle,756.1576284222346,172.691319666525,743.1622436218219,170.08532887104727
1791246269.5776708,745.7388376649934,173.15849989451968,-192.79535390394076,167.16324905127564,0.10871344786780143,0.4770873626773604,0.17499593098958333,0.010420735677083333,0.17499593098958333,0.010420735677083333,0,idle,733.3573806618465,171.47734933619304,742.7752782492975,170.60816288884806
1791246269.5945868,745.8452753214937,173.62606863986082,-192.78374128108584,167.17569009875407,0.10643765650019951,0.4675687453411458,0.17499593098958333,0.010420735677083333,0.17499593098958333,0.010420735677083333,0,idle,745.3305501172152,188.4017351137861,743.0041576163686,171.94203180816905
1791246269.612096,745.9494867189228,174.08430820293927,-192.77236095332142,167.18788220163114,0.10421139742913023,0.4582395630784638,0.17499593098958333,0.010420735677083333,0.17499593098958333,0.010420735677083333,0,idle,738.797934997068,173.9379268520216,742.8928473129613,172.4771541452862
1791246269.62913,746.0515202399846,174.53340426852571,-192.76120826762585,167.1998303594914,0.10203352106176264,0.44909606558645077,0.17499593098958333,0.010420735677083333,0.17499593098958333,0.010420735677083333,0,idle,738.3967486301677,178.1183144031172,742.7649742238303,173.18585342048488
1791246269.646045,746.1514231470923,174.97353884449265,-192.75027866522694,167.21153946846272,0.09990290710763396,0.4401345759669273,0.17499593098958333,0.010420735677083333,0.17499593098958333,0.010420735677083333,0,idle,743.7488660935282,150.13015724383354,742.9090765790675,172.4511964588209
1791246269.6629179,746.2492416108298,175.40489033382013,-192.73956767951842,167.2230143238664,0.09781846373758996,0.43135148932747613,0.17499593098958333,0.010420735677083333,0.17499593098958333,0.010420735677083333,0,idle,773.391601535237,173.2983873691232,744.5261303674266,172.90333991919712
1791246269.6798341,746.3450207376005,175.82763360522736,-192.72907093405118,167.2342596227164,0.09577912677071648,0.42274327140723233,0.17499593098958333,0.010420735677083333,0.17499593098958333,0.010420735677083333,0,idle,749.7887823876003,197.82705910824905,744.8802531388675,174.55113198648658
1791246269.696924,746.4388045964886,176.24194006245446,-192.71878414059233,167.2452799660877,0.09378385888805392,0.41430645722708676,0.17499593098958333,0.010420735677083333,0.17499593098958333,0.010420735677083333,0,idle,742.9245692919272,172.51446664916313,744.8715636124641,174.84288985398615
1791246269.713962,746.5306362453606,176.64797771221845,-192.70870309724617,167.25607986136995,0.09183164887197559,0.4060376497639928,0.17499593098958333,0.010420735677083333,0.17499593098958333,0.010420735677083333,0,idle,736.6827506878486,159.0764497962829,744.5493630326617,174.4403036183768
1791246269.730886,746.6205577562308,177.04591123086752,-192.69882368663178,167.26666372441957,0.08992151087018763,0.39793351864905546,0.17499593098958333,0.010420735677083333,0.17499593098958333,0.010420735677083333,0,idle,763.0339109827844,176.0815113987425,745.5590158654946,174.90040085011168
1791246269.7474859,746.7086102399142,177.4359020297566,-192.6891418741131,167.27703588162254,0.08805248368337489,0.38999079888907495,0.17499593098958333,0.010420735677083333,0.17499593098958333,0.010420735677083333,0,idle,753.205449174617,158.60193944312624,746.02498739045,174.45596903870702
1791246269.765174,746.7948338699897,177.8181083193678,-192.67965370607763,167.28720057187672,0.08622363007557696,0.3822062896112129,0.17499593098958333,0.010420735677083333,0.17499593098958333,0.010420735677083333,0,idle,751.7175137614295,167.84257187370702,746.3915261575708,174.48839515558768
1791246269.7820642,746.8792679060962,178.19268517219825,-192.67035530826087,167.2971619485024,0.08443403610643166,0.374576852830444,0.17499593098958333,0.010420735677083333,0.17499593098958333,0.010420735677083333,0,idle,755.1286628532896,188.00690062576504,746.9085953266579,175.52016843928547
1791246269.798248,746.9619507165806,178.55978458443772,-192.6612428841131,167.3069240810877,0.08268281048446943,0.36709941223945497,0.17499593098958333,0.010420735677083333,0.17499593098958333,0.010420735677083333,0,idle,739.2678391286993,176.01859310277848,746.6051061867201,175.8938341140876
1791246269.815153,747.0429198005213,178.91955553645838,-192.65231271320698,167.31649095727437,0.08096908394068557,0.35977095202065046,0.17499593098958333,0.010420735677083333,0.17499593098958333,0.010420735677083333,0,idle,765.8798611862236,172.93601409260498,747.645764566439,176.0877255174331
1791246269.832119,747.122211809143,179.2721440521383,-192.64356114968297,167.32586648448975,0.07929200862165516,0.3525885156799261,0.17499593098958333,0.010420735677083333,0.17499593098958333,0.010420735677083333,0,idle,762.3094818729295,181.06985761841906,748.4542778399541,176.67179121237834
1791246269.848672,747.1998625666445,179.61769325704014,-192.63498462073142,167.33505449162814,0.07765075750149088,0.3455492049018683,0.17499593098958333,0.010420735677083333,0.17499593098958333,0.010420735677083333,0,idle,732.4924845286681,155.82114739006732,747.7299563940162,175.95753076591956
1791246269.865385,747.2759070904565,179.95634343546618,-192.62657962510946,167.34405873068576,0.07604452381197634,0.33865017842604256,0.17499593098958333,0.010420735677083333,0.17499593098958333,0.010420735677083333,0,idle,740.6555997459947,198.37024045472373,747.4484808592365,177.3998839198645
1791246269.8831449,747.3503796109467,180.2882320864102,-192.61834273169114,167.3528828783523,0.07447252049023682,0.3318886509440326,0.17499593098958333,0.010420735677083333,0.17499593098958333,0.010420735677083333,0,idle,761.0774357433419,178.27991915368452,748.2006774979075,177.75917989995233
1791246269.899891,747.42331359059,180.6134939784271,-192.61027057804978,167.36153053756155,0.07293397964333753,0.3252618920168948,0.17499593098958333,0.010420735677083333,0.17499593098958333,0.010420735677083333,0,idle,739.3102403405611,182.46019665330934,747.8254429207013,178.30322953503622
1791246269.916112,747.4947417426192,180.9322612034398,-192.60235986907108,167.37000523900377,0.07142815202922442,0.318767225012696,0.17499593098958333,0.010420735677083333,0.17499593098958333,0.010420735677083333,0,idle,755.030628065547,208.6360831083057,748.2535589223713,180.12270107746176
1791246269.933193,747.5646960491727,181.2446632295036,-192.5946073755963,167.37831044260136,0.0699543065534476,0.3124020260638024,0.17499593098958333,0.010420735677083333,0.17499593098958333,0.010420735677083333,0,idle,738.9485691619965,172.977694565526,747.8547660255783,180.0622326766256
1791246269.949994,747.6332077789538,181.5508269525472,-192.58700993309418,167.38644953895005,0.06851172978112902,0.3061637230435943,0.17499593098958333,0.010420735677083333,0.17499593098958333,0.010420735677083333,0,idle,743.8358544441755,195.6348241467223,747.7189065898002,181.13171778702184
1791246269.966826,747.7003075044174,181.85087674710948,-192.57956444036105,167.3944258507268,0.0670997254636582,0.3000497945622804,0.17499593098958333,0.010420735677083333,0.17499593098958333,0.010420735677083333,0,idle,747.8015121947692,166.09763256575513,747.7867816092391,180.66506083079267
1791246269.983628,747.766025118497,182.14493451609098,-192.57226785824807,167.4022426340661,0.06571761407961894,0.29405776898149216,0.17499593098958333,0.010420735677083333,0.17499593098958333,0.010420735677083333,0,idle,736.5552514598411,184.46776855351285,747.2876368351449,181.1345510974611
1791246270.00068,747.8303898508865,182.4331197395383,-192.565117208415,167.4099030799057,0.06436473238947038,0.28818522344733855,0.17499593098958333,0.010420735677083333,0.17499593098958333,0.010420735677083333,0,idle,763.3991239508282,200.55885614786405,748.154357686699,182.3795423122562
1791246270.0178921,747.89343028389,182.71554952247993,-192.55810957210974,167.4174103153027,0.06304043300352222,0.28242978294160936,0.17499593098958333,0.010420735677083333,0.17499593098958333,0.010420735677083333,0,idle,747.8248552449351,191.23443568229965,748.1977709759641,183.09059527455292
1791246270.035049,747.9551743678527,182.99233864183074,-192.55124208897305,167.4247674047219,0.0617440839627625,0.2767891193508146,0.17499593098958333,0.010420735677083333,0.17499593098958333,0.010420735677083333,0,idle,748.2416679483848,181.6002693117834,748.2586227043497,183.27902863979773
1791246270.051903,748.0156494361848,183.26359959238349,-192.54451195586768,167.43197735129593,0.060475068332112095,0.27126095055275407,0.17499593098958333,0.010420735677083333,0.17499593098958333,0.010420735677083333,0,idle,739.2206762252439,198.51405686682136,747.86417669531,184.29847795417402
1791246270.0688698,748.0748822199905,183.5294426319038,-192.53791642573142,167.43904309805902,0.059232783805695674,0.2658430395203141,0.17499593098958333,0.010420735677083333,0.17499593098958333,0.010420735677083333,0,idle,746.0065293306606,179.63656808741374,747.8275654716929,184.3179333483803
1791246270.085639,748.1328988623143,183.789975825346,-192.53145280645364,167.44596752915515,0.05801664232373431,0.26053319344219195,0.17499593098958333,0.010420735677083333,0.17499593098958333,0.010420735677083333,0,idle,761.8822566503898,178.17780209713624,748.5854158408353,184.2584333195882
1791246270.102474,748.189724932015,184.04530508820625,-192.52511845977443,167.45275347102066,0.05682606970067872,0.25532926286025304,0.17499593098958333,0.010420735677083333,0.17499593098958333,0.010420735677083333,0,idle,763.3637217759525,192.88037941456412,749.3783159038068,184.93209342405422
1791246270.12019,748.2453854372792,184.29553422902947,-192.51891080020627,167.45940369354258,0.05566050526421652,0.2502291408232288,0.17499593098958333,0.010420735677083333,0.17499593098958333,0.010420735677083333,0,idle,749.6710608586966,202.81640423607217,749.4458306315522,186.06402664843716
1791246270.136964,748.299904838784,184.54076499108595,-192.5128272939773,167.465920911193,0.054519401504798955,0.24523076205646893,0.17499593098958333,0.010420735677083333,0.17499593098958333,0.010420735677083333,0,idle,743.8669622667296,176.4620168863702,749.2186806447406,185.81689538428748
1791246270.15378,748.3533070625193,184.78109709323343,-192.50686545799604,167.47230778414033,0.053402223735346664,0.24033210214746362,0.17499593098958333,0.010420735677083333,0.17499593098958333,0.010420735677083333,0,idle,745.2136716108558,171.42352905059823,749.069162305595,185.32554256464311
1791246270.170872,748.4056155122802,185.0166282699803,-192.501022858837,167.47856691933774,0.052308449760804655,0.23553117674685659,0.17499593098958333,0.010420735677083333,0.17499593098958333,0.010420735677083333,0,idle,751.7596745410459,179.05329684433295,749.2533809446404,185.23568489653712
1791246270.188052,748.4568530818374,185.24745431076497,-192.49529711174654,167.4847008715894,0.051237569557229454,0.23082604078467367,0.17499593098958333,0.010420735677083333,0.17499593098958333,0.010420735677083333,0,idle,752.0403606740782,199.2683081265171,749.4414056221916,186.15660079678156
1791246270.205085,748.5070421667975,185.47366909846647,-192.48968587966908,167.4907121445951,0.05018908496010209,0.22621478770149495,0.17499593098958333,0.010420735677083333,0.17499593098958333,0.010420735677083333,0,idle,754.2204216778273,176.12223835700402,749.7280360556855,185.86978672310912
1791246270.2220411,748.5562046761592,185.69536464716077,-192.48418687229247,167.49660319197392,0.049162509361571204,0.22169554869430327,0.17499593098958333,0.010420735677083333,0.17499593098958333,0.010420735677083333,0,idle,739.6200466076909,172.70221199684119,749.2693409671793,185.42201875805532
1791246270.238663,748.6043620435755,185.91263113913752,-192.47879784511278,167.50237641826664,0.048157367416341204,0.21726649197674547,0.17499593098958333,0.010420735677083333,0.17499593098958333,0.010420735677083333,0,idle,724.9119131397774,162.20439114181485,748.0972190748548,184.4675405446212
1791246270.25563,748.6515352383315,186.12555696119105,-192.47351659851782,167.5080341799186,0.04717319475593025,0.21292582205354643,0.17499593098958333,0.010420735677083333,0.17499593098958333,0.010420735677083333,0,idle,754.4813342489609,192.10111821627189,748.4612393685783,185.05149895915457
1791246270.27324,748.6977447760424,186.33422874019988,-192.468340976889,167.51357878624228,0.04620953771103241,0.2086717790088206,0.17499593098958333,0.010420735677083333,0.17499593098958333,0.010420735677083333,0,idle,747.3939632872136,195.33040273008504,748.4517746253355,185.7636823377595
1791246270.2898781,748.7430107290842,186.5387313780079,-192.46326886772133,167.51901250036047,0.04526595304172752,0.20450263780802896,0.17499593098958333,0.010420735677083333,0.17499593098958333,0.010420735677083333,0,idle,754.7306993615377,183.65064681818473,748.8087235175352,185.85230806769837
1791246270.3063822,748.7873527367594,186.73914808562122,-192.4582982007608,167.52433754013092,0.04434200767529117,0.2004167076133335,0.17499593098958333,0.010420735677083333,0.17499593098958333,0.010420735677083333,0,idle,760.734092755936,201.329547862599,749.4471168867467,186.81656592967607
1791246270.3238451,748.8307900152108,186.93556041673332,-192.45342694715927,167.52955607905182,0.043437278451365746,0.19641233111210527,0.17499593098958333,0.010420735677083333,0.17499593098958333,0.010420735677083333,0,idle,766.7550326136454,184.04655085462906,750.3537780876204,186.8646568904802
1791246270.340349,748.8733413670851,187.12804830059167,-192.44865311864626,167.53467024714953,0.04255135187426174,0.1924878838583459,0.17499593098958333,0.010420735677083333,0.17499593098958333,0.010420735677083333,0,idle,734.0402018912741,182.52664350046845,749.5785230620837,186.83061971064504
1791246270.3579059,748.9150251909573,187.31669007421846,-192.44397476671728,167.5396821318483,0.04168382387216664,0.1886417736267857,0.17499593098958333,0.010420735677083333,0.17499593098958333,0.010420735677083333,0,idle,745.05061373842,187.60484630502768,749.3917272285792,187.0485407253096
1791246270.3745248,748.9558594905203,187.5015625139979,-192.4393899818383,167.54459377882264,0.040834299563045726,0.18487243977942647,0.17499593098958333,0.010420735677083333,0.17499593098958333,0.010420735677083333,0,idle,734.8930816813792,202.03476400020534,748.705587535804,187.97348070684487
1791246270.392213,748.9958618835474,187.6827408666422,-192.43489689266644,167.54940719283238,0.040002393027027294,0.18117835264429943,0.17499593098958333,0.010420735677083333,0.17499593098958333,0.010420735677083333,0,idle,731.8645728969187,173.52942801408892,747.9015390772355,187.42339750721916
1791246270.408548,749.0350496106324,187.86029887954842,-192.43049366528598,167.55412433854124,0.03918772708507126,0.17755801290621348,0.17499593098958333,0.010420735677083333,0.17499593098958333,0.010420735677083333,0,idle,743.3799617590425,178.43850578976907,747.7126885520566,187.14283303360756
1791246270.425808,749.0734395437162,188.0343088305577,-192.42617850245975,167.55874714131895,0.0383899330837271,0.17400995100927222,0.17499593098958333,0.010420735677083333,0.17499593098958333,0.010420735677083333,0,idle,750.2663621325378,180.19733461225428,747.8768426675102,186.9608675659987
1791246270.44311,749.111048194402,188.20484155712865,-192.42194964289556,167.5632774880272,0.03760865068579393,0.17053272657094198,0.17499593098958333,0.010420735677083333,0.17499593098958333,0.010420735677083333,0,idle,742.0464216592779,205.2989777025976,747.6210498352501,188.03977916307105
1791246270.459828,749.1478917220687,188.3719664849361,-192.41780536052724,167.56771722778996,0.036843527666701396,0.16712492780745625,0.17499593098958333,0.010420735677083333,0.17499593098958333,0.010420735677083333,0,idle,760.2172747793784,191.10090818352867,748.2858624337399,188.351604295511
1791246270.476745,749.1839859417852,188.53575165590647,-192.4137439638101,167.57206817274812,0.03609421971643661,0.1637851709703463,0.17499593098958333,0.010420735677083333,0.17499593098958333,0.010420735677083333,0,idle,750.9601891717613,190.19845526645398,748.4538682793716,188.59954275648
1791246270.493665,749.219346332032,188.69626375570036,-192.4097637950305,167.57633209879967,0.03536039024684787,0.16051209979389047,0.17499593098958333,0.010420735677083333,0.17499593098958333,0.010420735677083333,0,idle,766.3352963244945,187.41986092102212,749.3815320523622,188.69304515951129
1791246270.510459,749.2539880422362,188.85356814065364,-192.40586322962915,167.58051074632408,0.03464171020416189,0.1573043849532786,0.17499593098958333,0.010420735677083333,0.17499593098958333,0.010420735677083333,0,idle,740.9272141100594,199.78362669658733,748.991725779941,189.3970134020707
1791246270.5278862,749.2879259001228,189.00772886418693,-192.40204067553802,167.5846058208931,0.033937857886556524,0.15416072353329124,0.17499593098958333,0.010420735677083333,0.17499593098958333,0.010420735677083333,0,idle,748.169882464432,183.1638043217681,748.9828745791579,189.2318056354122
1791246270.545156,749.3211744188894,189.15880870269422,-192.39829457253057,167.58861899396683,0.03324851876663633,0.1510798385072972,0.17499593098958333,0.010420735677083333,0.17499593098958333,0.010420735677083333,0,idle,768.9638765723607,201.10601392385357,750.0135107716463,189.9690418964162
1791246270.561595,749.3537478042081,189.3068691809206,-192.39462339158482,167.59255190357595,0.03257338531866342,0.14806047822637514,0.17499593098958333,0.010420735677083333,0.17499593098958333,0.010420735677083333,0,idle,764.8210435888559,192.29364043116772,750.7848321285595,190.22592927746882
1791246270.5788102,749.3856599610584,189.45197059683895,-192.39102563425925,167.5964061549905,0.031912156850400865,0.14510141591837017,0.17499593098958333,0.010420735677083333,0.17499593098958333,0.010420735677083333,0,idle,765.6666368541318,198.54081134552106,751.559238913846,190.77951972599388
1791246270.5959659,749.4169245003978,189.59417204603565,-192.38749983208126,167.6001833213748,0.031264539339430894,0.14220144919669747,0.17499593098958333,0.010420735677083333,0.17499593098958333,0.010420735677083333,0,idle,746.4757994674218,184.61602139240404,751.3347682538972,190.60643618605127
1791246270.6128929,749.4475547456717,189.73353144561437,-192.38404454594772,167.60388494442995,0.030630245273814145,0.13935939957871013,0.17499593098958333,0.010420735677083333,0.17499593098958333,0.010420735677083333,0,idle,757.3982719340253,186.5802063648995,751.6670421709138,190.53751612459348
1791246270.630002,749.4775637391687,189.87010555762782,-192.38065836553756,167.60751253502292,0.03000899349696144,0.13657411201345027,0.17499593098958333,0.010420735677083333,0.17499593098958333,0.010420735677083333,0,idle,769.3797629681303,189.99352076423412,752.5811867545967,190.6400617629883
1791246270.646712,749.5069642482252,190.00395001204643,-192.37733990873622,167.61106757380324,0.029400509056592944,0.1338444544186063,0.17499593098958333,0.010420735677083333,0.17499593098958333,0.010420735677083333,0,idle,756.2888374200926,217.02610634184975,752.7944997714753,192.08651622362905
1791246270.6635861,749.535768771283,190.13511932927292,-192.37408782107144,167.61455151180738,0.028804523057664295,0.13116931722650224,0.17499593098958333,0.010420735677083333,0.17499593098958333,0.010420735677083333,0,idle,763.450930928884,170.79320829196078,753.3546856262506,191.14646167841082
1791246270.680842,749.5639895438021,190.26366694221187,-192.37090077516038,167.61796577105105,0.02822077251914291,0.12854761293894773,0.17499593098958333,0.010420735677083333,0.17499593098958333,0.010420735677083333,0,idle,747.9951302287628,198.34783158239756,753.1135175902693,191.62865040590216
1791246270.697577,749.5916385440366,190.38964521790265,-192.36777747016788,167.62131174510967,0.027649000234521576,0.12597827569078068,0.17499593098958333,0.010420735677083333,0.17499593098958333,0.010420735677083333,0,idle,747.8704477390004,191.41503435494658,752.8776306479288,191.73764896526063
1791246270.715381,749.6187275078915,190.51310547670363,-192.3647348601185,167.62458652148914,0.02708896385494692,0.12346025880096129,0.17151692708333333,0.010420735677083333,0.17151692708333333,0.010420735677083333,0,idle,729.2476602541443,173.36202218387396,751.7218666439016,190.9361548720522
1791246270.731411,749.6452679239768,190.63409801537009,-192.3617563715971,167.62779176091897,0.026540416085283472,0.1209925386664614,0.17383626302083333,0.010420735677083333,0.17383626302083333,0.010420735677083333,0,idle,750.1801257068882,183.7597702588631,751.669992992332,190.6922785531259
1791246270.749426,749.6712710684557,190.75267212097089,-192.35890097531623,167.6309148943004,0.02600314447886632,0.11857410560081298,0.16165974934895833,0.010420735677083333,0.16165974934895833,0.010420735677083333,0,idle,753.779566344098,188.221601379251,751.8001746471753,190.6813900947529
1791246270.765696,749.6967479955049,190.86887609410428,-192.3561550626097,167.63394949629566,0.025476927049275483,0.11620397313338349,0.16165974934895833,0.010420735677083333,0.16165974934895833,0.010420735677083333,0,idle,725.1107334709974,199.95081190338206,750.4899056690631,191.2552549596611
1791246270.7820969,749.7217095329537,190.98275727055415,-192.35350731574331,167.63689330575747,0.024961537448766943,0.11388117644986734,0.16165974934895833,0.010420735677083333,0.16165974934895833,0.010420735677083333,0,idle,746.7416764789392,196.82395110213918,750.3262076701333,191.64187688441237
1791246270.799453,749.7461662814508,191.09436204175793,-192.35094827905567,167.63974681140175,0.02445674849707982,0.11160477120379009,0.16165974934895833,0.010420735677083333,0.16165974934895833,0.010420735677083333,0,idle,749.8068532208022,209.30173526402825,750.3234738587389,192.63089433603676
1791246270.816431,749.7701285892817,191.2037358801985,-192.3484103948093,167.6425262426334,0.02396230783092393,0.10937383844058735,0.17499593098958333,0.010420735677083333,0.17499593098958333,0.010420735677083333,0,idle,747.3726078119287,178.60292394732917,750.1986947488379,192.03340096311993
1791246270.8334668,749.7936065686129,191.31092335532546,-192.34589811695642,167.64524297460005,0.023477979331148778,0.1071874751269547,0.17499593098958333,0.010420735677083333,0.17499593098958333,0.010420735677083333,0,idle,761.0978710123734,203.30713403034804,750.7659576423791,192.69891571785195
1791246270.851441,749.8166101081434,191.41596814987497,-192.343415036119,167.64790487007477,0.02300353953058946,0.10504479454950313,0.17499593098958333,0.010420735677083333,0.17499593098958333,0.010420735677083333,0,idle,727.8996357892958,204.08012599058878,749.644494912279,193.36776878631082
1791246270.869303,749.8391488831447,191.51891307638118,-192.34096401441673,167.65051727476407,0.0225387750013282,0.10294492650620043,0.17499593098958333,0.010420735677083333,0.17499593098958333,0.010420735677083333,0,idle,756.9643196685528,194.85438996093205,750.0318979863439,193.53989752522278
1791246270.8861618,749.8612323636045,191.61980009372908,-192.33854730139277,167.65308375181573,0.02208348045976736,0.10088701734788863,0.17499593098958333,0.010420735677083333,0.17499593098958333,0.010420735677083333,0,idle,753.7128768048464,195.65989416480286,750.2369262337057,193.7417400236823
1791246270.902944,749.8828698210003,191.71867032364133,-192.3361666331211,167.65560662068265,0.021637457395831144,0.09887022991225206,0.17499593098958333,0.010420735677083333,0.17499593098958333,0.010420735677083333,0,idle,736.3491094914533,174.17836617201718,749.5630909811192,192.85749804951567
1791246270.9197161,749.9040703340836,191.81556406702282,-192.33382331654488,167.65808734972472,0.02120051308328843,0.09689374338148403,0.17499593098958333,0.010420735677083333,0.17499593098958333,0.010420735677083333,0,idle,762.1997558259839,158.21671443069943,750.2150647107916,191.21750792478727
1791246270.9368162,749.9248427939496,191.91052082010944,-192.33151830097492,167.66052683988931,0.02077245986591755,0.09495675308661716,0.17499593098958333,0.010420735677083333,0.17499593098958333,0.010420735677083333,0,idle,741.5400815732278,194.9478611861845,749.801049390786,191.49423450328942
1791246270.953543,749.9451959085918,192.00357929038478,-192.3292522385128,167.6629256276327,0.020353114642260747,0.09305847027533054,0.17499593098958333,0.010420735677083333,0.17499593098958333,0.010420735677083333,0,idle,751.8992498434454,189.27909758492504,749.9252948723291,191.47188320413278
1791246270.970059,749.9651382070844,192.09477741224026,-192.32702553497907,167.66528402826447,0.019942298492487007,0.09119812185548903,0.17499593098958333,0.010420735677083333,0.17499593098958333,0.010420735677083333,0,idle,757.6776988294323,183.9020358669204,750.3318602537522,191.18002905303487
1791246270.986868,749.9846780434906,192.18415236236356,-192.32483839274255,167.66760223559834,0.01953983640623646,0.08937495012330163,0.17499593098958333,0.010420735677083333,0.17499593098958333,0.010420735677083333,0,idle,744.8412867252085,192.95360319559722,750.0758944219109,191.35361396278012
1791246271.002848,750.0038236005722,192.27174057484606,-192.32269084666868,167.66988038977829,0.01914555708163867,0.08758821248250337,0.17499593098958333,0.010420735677083333,0.17499593098958333,0.010420735677083333,0,idle,750.2771913749181,192.62276380747622,750.1041475487888,191.5002802568733
1791246271.019716,750.0225828933462,192.3575777560052,-192.32058279424174,167.67211862211732,0.01875929277401586,0.08583718115914235,0.17499593098958333,0.010420735677083333,0.17499593098958333,0.010420735677083333,0,idle,772.4169461879823,182.90074775755852,751.2376088088838,191.15184895400876
1791246271.03714,750.0409637725251,192.44169889892044,-192.31851402076697,167.6743170834975,0.018380879178875716,0.08412114291521834,0.17499593098958333,0.010420735677083333,0.17499593098958333,0.010420735677083333,0,idle,746.8776398034316,210.08256452587517,751.0370721938311,192.17829981837153
1791246271.054084,750.0589739278633,192.5241382976839,-192.3164842204271,167.67647596116328,0.018010155338244196,0.08243939876344675,0.17499593098958333,0.010420735677083333,0.17499593098958333,0.010420735677083333,0,idle,755.183910010813,198.17878372470702,751.2615237322516,192.55664144251358
1791246271.071244,750.0766208914259,192.6049295613686,-192.31449301385302,167.67859548744957,0.017646963562619675,0.08079126368471513,0.17499593098958333,0.010420735677083333,0.17499593098958333,0.010420735677083333,0,idle,734.8037594584508,198.3351793331746,750.455400133946,192.9223200375471
1791246271.087733,750.0939120407891,192.68410562771788,-192.3125399627675,167.6806759430247,0.017291149363164917,0.07917606634929003,0.17499593098958333,0.010420735677083333,0.17499593098958333,0.010420735677083333,0,idle,739.2505017144096,186.46763517704127,749.9115818048641,192.67480305755362
1791246271.104953,750.1108546021795,192.76169877656034,-192.31062458217446,167.68271765651147,0.016942561390432175,0.07759314884246575,0.17499593098958333,0.010420735677083333,0.17499593098958333,0.010420735677083333,0,idle,757.3992143132535,199.3901184012444,750.3020588636045,193.08428231613848
1791246271.122129,750.1274556535567,192.83774064295542,-192.30874635049332,167.68472100181867,0.016601051377115664,0.07604186639508656,0.17499593098958333,0.010420735677083333,0.17499593098958333,0.010420735677083333,0,idle,754.7123517876901,186.56635427191338,750.5383445086171,192.83062568700257
1791246271.13873,750.1437221276399,192.91226223007462,-192.30690471797323,167.68668639412414,0.01626647408317406,0.07452158711919007,0.17499593098958333,0.010420735677083333,0.17499593098958333,0.010420735677083333,0,idle,759.4952776373428,203.68445540084375,751.0016443154324,193.44411268045786
1791246271.156231,750.1596608148822,192.9852939218235,-192.30509911366977,167.68861428516317,0.015938687242261433,0.07303169174889122,0.17499593098958333,0.010420735677083333,0.17499593098958333,0.010420735677083333,0,idle,740.1766003170251,187.34328654326978,750.4755338683922,193.20845148075992
1791246271.172838,750.175278366391,193.05686549521005,-192.30332895122092,167.69050515826717,0.015617551508817025,0.0715715733865383,0.17499593098958333,0.010420735677083333,0.17499593098958333,0.010420735677083333,0,idle,738.9441170467254,201.31467875756735,749.9137997012423,193.6817558393175
1791246271.189971,750.1905812967965,193.12700613246417,-192.30159363362043,167.69235952344633,0.015302930405445902,0.07014063725411322,0.17499593098958333,0.010420735677083333,0.17499593098958333,0.010420735677083333,0,idle,744.9811357059377,164.62754203858105,749.6817042853622,192.2956787546721
1791246271.2067761,750.2055759870669,193.19574443291398,-192.29989255715498,167.6941779127023,0.014994690270410192,0.06873830044980901,0.17499593098958333,0.010420735677083333,0.17499593098958333,0.010420735677083333,0,idle,740.7752321202355,210.96168527443498,749.2506256328628,193.29428046608757
1791246271.223819,750.2202686872721,193.26310842462368,-192.29822511464405,167.69596087568084,0.014692700205172788,0.06736399170969314,0.17499593098958333,0.010420735677083333,0.17499593098958333,0.010420735677083333,0,idle,744.5568640773744,180.3524723409407,749.0298956202832,192.71118585195444
1791246271.239518,750.2346655192941,193.32912557579803,-192.29659069809887,167.69770897572047,0.014396832022011571,0.06601715117435059,0.17499593098958333,0.010420735677083333,0.17499593098958333,0.010420735677083333,0,idle,748.9989598830243,206.081303944863,749.0420258238412,193.4424080502155
1791246271.25713,750.2487724794859,193.39382280595842,-192.29498870089722,167.69942278631802,0.01410696019176665,0.06469723016039308,0.17499593098958333,0.010420735677083333,0.17499593098958333,0.010420735677083333,0,idle,725.0707554987985,192.76063190222146,747.8568639197712,193.46978161146816
1791246271.273568,750.2625954412777,193.45722649689515,-192.29341851955573,167.70110288800814,0.013822961791806124,0.06340369093671766,0.17499593098958333,0.010420735677083333,0.17499593098958333,0.010420735677083333,0,idle,754.904331362676,196.99485271746738,748.2223691056186,193.706268673158
1791246271.2912672,750.2761401577319,193.51936250340054,-192.29187955516684,167.70274986563732,0.013544716454304892,0.062136006505398106,0.17499593098958333,0.010420735677083333,0.17499593098958333,0.010420735677083333,0,idle,737.9160095296645,189.1272699208109,747.7199186074524,193.53634794172078
1791246271.308405,750.2894122640469,193.58025616378762,-192.2903712145574,167.70436430600637,0.013272106314930686,0.0608936603870943,0.17499593098958333,0.010420735677083333,0.17499593098958333,0.010420735677083333,0,idle,753.2009058152323,202.54908985525586,748.0065764688406,194.04483401476526
1791246271.325956,750.3024172800089,193.6399323101985,-192.28889291121556,167.70594679584823,0.013005015962025973,0.05967614641086825,0.17499593098958333,0.010420735677083333,0.17499593098958333,0.010420735677083333,0,idle,739.2231057244876,201.52020140637808,747.5797576967869,194.47529472343624
1791246271.3425238,750.3151606123952,193.6984152787068,-192.28744406602547,167.7074979201082,0.012743332386365531,0.05848296850829876,0.17499593098958333,0.010420735677083333,0.17499593098958333,0.010420735677083333,0,idle,758.2803959046233,202.6624081018834,748.1268957729458,194.94020921244146
1791246271.36018,750.3276475573267,193.75572891921857,-192.28602410784288,167.70901826049254,0.012486944931559281,0.057313640511791344,0.17499593098958333,0.010420735677083333,0.17499593098958333,0.010420735677083333,0,idle,750.9553306029767,184.182959154913,748.2801801121323,194.45679466805123
1791246271.377005,750.3398833025718,193.81189660517555,-192.2846324739381,167.7105083942538,0.012235745245159298,0.05616768595698348,0.17499593098958333,0.010420735677083333,0.17499593098958333,0.010420735677083333,0,idle,721.3870038016995,199.79008915553982,746.9471452545935,194.7768186940848
1791246271.3933,750.3518729298023,193.8669412430647,-192.28326861032997,167.7119688931829,0.011989627230519634,0.05504463788914988,0.17499593098958333,0.010420735677083333,0.17499593098958333,0.010420735677083333,0,idle,751.6677385819912,189.95311533799537,747.1945650668323,194.58792593227503
1791246271.410945,750.3636214168017,193.9208852817382,-192.28193197202913,167.71340032278061,0.011748486999447846,0.05394403867351585,0.17499593098958333,0.010420735677083333,0.17499593098958333,0.010420735677083333,0,idle,755.1200891527519,208.273259236123,747.6020023337777,195.32343943420724
1791246271.4275541,750.3751336396274,193.9737507215476,-192.28062202320683,167.71480324158384,0.011512222825678358,0.05286543980939065,0.17499593098958333,0.010420735677083333,0.17499593098958333,0.010420735677083333,0,idle,774.139076772335,200.583587293389,748.93979266739,195.63666899498526
1791246271.445067,750.3864143747265,194.02555912329564,-192.27933823730194,167.7161782006249,0.011280735099189945,0.05180840174803605,0.17499593098958333,0.010420735677083333,0.17499593098958333,0.010420735677083333,0,idle,759.5389515420684,189.7374394899239,749.480467309468,195.39092550139284
1791246271.461514,750.397468301008,194.07633161700983,-192.27808009707758,167.7175257430047,0.011053926281382858,0.05077249371418822,0.17499593098958333,0.010420735677083333,0.17499593098958333,0.010420735677083333,0,idle,737.8395662109502,196.07948972133264,748.9089234845095,195.47358758141831
1791246271.478965,750.4083000018691,194.12608891054097,-192.2768470946361,167.71884640356203,0.010831700861125115,0.049757293531154295,0.17499593098958333,0.010420735677083333,0.17499593098958333,0.010420735677083333,0,idle,748.1707946479362,230.0153407219263,748.8823071584989,197.2479446672983
1791246271.4954612,750.4189139671807,194.1748512979904,-192.2756387314003,167.72014070862528,0.01061396531167259,0.04876238744940716,0.17499593098958333,0.010420735677083333,0.17499593098958333,0.010420735677083333,0,idle,752.2140828874224,195.90242194083126,749.0589792119911,197.22699279905189
1791246271.5129678,750.4293145952292,194.222638667969,-192.27445451806673,167.72140917583343,0.010400628048463171,0.0477873699786048,0.17499593098958333,0.010420735677083333,0.17499593098958333,0.010420735677083333,0,idle,743.7889928369074,201.7469001101964,748.805360489883,197.49838616608878
1791246271.52955,750.439506194617,194.26947051169196,-192.27329397453678,167.72265231401488,0.010191599387781879,0.046831843722962535,0.17499593098958333,0.010420735677083333,0.17499593098958333,0.010420735677083333,0,idle,743.0281658328222,196.0928738551274,748.5261827764484,197.47260080207752
1791246271.547316,750.4494929861233,194.31536593091187,-192.27215662982962,167.72387062311546,0.009986791506290848,0.04589541921990873,0.17499593098958333,0.010420735677083333,0.17499593098958333,0.010420735677083333,0,idle,732.3215593450416,192.18557205652974,747.7254390568091,197.25185001305903
1791246271.5632482,750.4592791045247,194.36034364569383,-192.27104202198075,167.72506459416698,0.009786118401415748,0.044977714781956384,0.17499593098958333,0.010420735677083333,0.17499593098958333,0.010420735677083333,0,idle,759.8794210942428,166.35476899806918,748.3424349711621,195.7497247913524
1791246271.5803058,750.4688686003773,194.40442200203555,-192.26994969792895,167.72623470928986,0.009589495852578277,0.044078356341724814,0.17499593098958333,0.010420735677083333,0.17499593098958333,0.010420735677083333,0,idle,731.963759933176,199.49887785002477,747.5326112403227,195.97905688281065
1791246271.596905,750.4782654417605,194.4476189793356,-192.26887921339437,167.72738144172348,0.009396841383262907,0.04319697730004742,0.17499593098958333,0.010420735677083333,0.17499593098958333,0.010420735677083333,0,idle,734.3208239176373,184.58137184679467,746.8809488735025,195.4502097594449
1791246271.61351,750.4874735159844,194.4899521977127,-192.2678301327496,167.72850525587998,0.009208074223904822,0.042333218377103014,0.17499593098958333,0.010420735677083333,0.17499593098958333,0.010420735677083333,0,idle,765.1902981009388,177.466982408563,747.805164005387,194.59126494935907
1791246271.631405,750.49649663126,194.53143892517923,-192.26680202888556,167.7296066074167,0.0090231152755851,0.04148672746650974,0.17499593098958333,0.010420735677083333,0.17499593098958333,0.010420735677083333,0,idle,751.6787521047421,196.14496981455696,748.0074153698666,194.70836258371216
1791246271.6493871,750.5053385183345,194.57209608467156,-192.26579448307362,167.73068594332403,0.008841887074518554,0.04065715949232207,0.17499593098958333,0.010420735677083333,0.17499593098958333,0.010420735677083333,0,idle,761.7184381849181,179.93841626750236,748.7013663033399,194.00848956941937
1791246271.666378,750.5140028320918,194.61194026094043,-192.26480708482492,167.73174370202562,0.008664313757319105,0.039844176268872614,0.17499593098958333,0.010420735677083333,0.17499593098958333,0.010420735677083333,0,idle,757.796418812067,180.8107190266103,749.1643500268457,193.38645300973434
1791246271.683296,750.5224931531188,194.65098770730384,-192.26383943174815,167.73278031348863,0.008490321027027284,0.03904744636340193,0.17499593098958333,0.010420735677083333,0.17499593098958333,0.010420735677083333,0,idle,754.9888504971966,183.55528248233747,749.4636408553389,192.93198955740974
1791246271.7003362,750.5308129892387,194.68925435226527,-192.2628911294063,167.73379619934147,0.008319836119884296,0.03826664496142065,0.17499593098958333,0.010420735677083333,0.17499593098958333,0.010420735677083333,0,idle,747.9077237518345,185.41987598800162,749.3937488444776,192.59273719165267
1791246271.716445,750.5389657770115,194.72675580600003,-192.26196179117323,167.73479177299774,0.008152787772836899,0.037501453734749376,0.17499593098958333,0.010420735677083333,0.17499593098958333,0.010420735677083333,0,idle,753.5408778875566,205.312878121776,749.6088504450157,193.26437061920686
1791246271.734347,750.5469548832033,194.76350736671222,-192.26105103809041,167.73576743978464,0.007989106191757488,0.03675156071218326,0.17499593098958333,0.010420735677083333,0.17499593098958333,0.010420735677083333,0,idle,744.6209923827205,207.41493365788466,749.3670471927832,194.00681275381731
1791246271.7512598,750.5547836062236,194.79952402686496,-192.26015849872442,167.7367235970747,0.007828723020363772,0.03601666015272884,0.17499593098958333,0.010420735677083333,0.17499593098958333,0.010420735677083333,0,idle,758.6342138438546,180.09836401935547,749.8378428122061,193.34560614423933
1791246271.767423,750.5624551775335,194.83482047928632,-192.25928380902553,167.73766063441983,0.007671571309822557,0.03529645242136224,0.17499593098958333,0.010420735677083333,0.17499593098958333,0.010420735677083333,0,idle,736.8499612214692,187.69457922395134,749.1957367254136,193.09658642802523
1791246271.785412,750.5699727630225,194.86941112315358,-192.2584266121875,167.73857893368668,0.007517585489022361,0.034590643867258505,0.17499593098958333,0.010420735677083333,0.17499593098958333,0.010420735677083333,0,idle,744.7947970165642,181.71476772097304,748.9828314461856,192.5603566043465
1791246271.802473,750.577339464358,194.90331006985804,-192.25758655850888,167.73947886919294,0.007366701335499821,0.033898946704443156,0.17499593098958333,0.010420735677083333,0.17499593098958333,0.010420735677083333,0,idle,777.261465889225,226.23828332944794,750.4037615346064,194.2764569399708
1791246271.8203,750.5845583203051,194.93653114875286,-192.25676330525633,167.74036080784367,0.0072188559470050245,0.033221078894817915,0.17499593098958333,0.010420735677083333,0.17499593098958333,0.010420735677083333,0,idle,750.2626055997089,177.7164108652824,750.4035616510112,193.4800146611865
1791246271.837145,750.5916323080188,194.96908791278636,-192.25595651652947,167.74122510926733,0.007073987713691212,0.03255676403351345,0.17499593098958333,0.010420735677083333,0.17499593098958333,0.010420735677083333,0,idle,750.5952040461381,220.98551642381867,750.4198640590955,194.88621867514993
1791246271.854246,750.5985643443097,195.00099364402288,-192.25516586312784,167.74207212595107,0.006932036290914546,0.03190573123652307,0.17499593098958333,0.010420735677083333,0.17499593098958333,0.010420735677083333,0,idle,756.0268598440937,193.01181335083024,750.7067992828217,194.82280885360865
1791246271.870181,750.6053572868823,195.03226135905345,-192.25439102242,167.74290220337508,0.006792942572629948,0.031267715030572185,0.17499593098958333,0.010420735677083333,0.17499593098958333,0.010420735677083333,0,idle,750.3815824608806,190.94768639644002,750.6969917371687,194.65875706002925
1791246271.887003,750.6120139355477,195.06290381429864,-192.25363167821456,167.7437156801457,0.00665664866536928,0.030642455245179147,0.17499593098958333,0.010420735677083333,0.17499593098958333,0.010420735677083333,0,idle,756.0633306249449,192.09347663372185,750.9716324977896,194.5596033711968
1791246271.9038851,750.6185370334105,195.0929335112055,-192.25288752063352,167.7445128881269,0.006523097862788464,0.030029696906864117,0.17499593098958333,0.010420735677083333,0.17499593098958333,0.010420735677083333,0,idle,754.7707807106741,204.64676324518135,751.1677868514035,195.09248957695755
1791246271.920817,750.6249292680312,195.12236270134096,-192.25215824598777,167.7452941525701,0.0063922346207704,0.02942919013546335,0.17499593098958333,0.010420735677083333,0.17499593098958333,0.010420735677083333,0,idle,740.7892412151414,186.804162322242,750.6549321924801,194.70603094485045
1791246271.937919,750.6311932725642,195.15120339138346,-192.25144355665475,167.74605979224253,0.006264004533070887,0.028840690042507187,0.17499593098958333,0.010420735677083333,0.17499593098958333,0.010420735677083333,0,idle,743.8450524123443,189.67368162927428,750.3203890077797,194.48181213461203
1791246271.954755,750.6373316268717,195.1794673480151,-192.25074316095828,167.7468101195532,0.006138354307494997,0.02826395663162086,0.17499593098958333,0.010420735677083333,0.17499593098958333,0.010420735677083333,0,idle,753.0313018343776,182.98536829670323,750.4617660857017,193.93384070151663
1791246271.971592,750.6433468586143,195.207166102716,-192.2500567730507,167.7475454406774,0.006015231742591689,0.027698754700908004,0.17499593098958333,0.010420735677083333,0.17499593098958333,0.010420735677083333,0,idle,744.4784438385229,200.8040169760332,750.1683144434983,194.30366333220832
1791246271.988435,750.6492414443192,195.23431095646328,-192.2493841127971,167.7482660556789,0.005894585704854744,0.02714485374727759,0.17499593098958333,0.010420735677083333,0.17499593098958333,0.010420735677083333,0,idle,755.3479607312601,196.74434514133202,750.432896614306,194.45148503372442
1791246272.005405,750.6550178104255,195.26091298433596,-192.24872490566182,167.7489722586301,0.005776366106418321,0.026602027872675744,0.17499593098958333,0.010420735677083333,0.17499593098958333,0.010420735677083333,0,idle,757.446292489348,185.54692111685114,750.7890539558591,194.03152876435982
1791246272.02322,750.6606783343087,195.28698304002813,-192.24807888259696,167.7496643377304,0.005660523883235799,0.0260700556921847,0.17499593098958333,0.010420735677083333,0.17499593098958333,0.010420735677083333,0,idle,751.5781525786579,207.2775684393085,750.8338863846881,194.71859730101482
1791246272.039999,750.6662253452824,195.3125317602721,-192.2474457799332,167.75034257542208,0.0055470109737308215,0.02554872024395183,0.17499593098958333,0.010420735677083333,0.17499593098958333,0.010420735677083333,0,idle,756.320263235006,194.55401772261726,751.113474887629,194.7346396063267
1791246272.056823,750.6716611255804,195.337569569173,-192.24682533927256,167.75100724850444,0.005435780297909682,0.02503780890091251,0.17499593098958333,0.010420735677083333,0.17499593098958333,0.010420735677083333,0,idle,739.045636238013,210.17631993303218,750.5152469464313,195.53050954111785
1791246272.07376,750.6769879113173,195.3621066824573,-192.24621730738338,167.75165862824545,0.005326785736924529,0.024537113284271186,0.17499593098958333,0.010420735677083333,0.17499593098958333,0.010420735677083333,0,idle,750.1356925867603,199.4105517777277,750.5013296748978,195.7478219105684
1791246272.090678,750.6822078934304,195.386153111636,-192.24562143609717,167.752296980492,0.005219982113077057,0.024046429178705826,0.17499593098958333,0.010420735677083333,0.17499593098958333,0.010420735677083333,0,idle,749.3981103565677,224.40477933714595,750.4511276919887,197.20351388961706
1791246272.107651,750.6873232186006,195.40971866808525,-192.2450374822077,167.75292256577717,0.0051153251702526735,0.023565556449261508,0.17499593098958333,0.010420735677083333,0.17499593098958333,0.010420735677083333,0,idle,747.6303065256067,210.53742586147686,750.3149461925814,197.89259676683685
1791246272.124584,750.6923359901554,195.43281296704515,-192.24446520737186,167.75353563942622,0.005012771554775296,0.02309429895989966,0.17499593098958333,0.010420735677083333,0.17499593098958333,0.010420735677083333,0,idle,730.8631671999851,210.74003468932608,749.3471193759286,198.55690824697322
1791246272.1414511,750.6972482689521,195.45544543153883,-192.24390437801264,167.75413645166032,0.004912278796673269,0.022632464493670092,0.17499593098958333,0.010420735677083333,0.17499593098958333,0.010420735677083333,0,idle,748.1703402787396,187.67097113435733,749.292947085926,198.03411223261142
1791246272.1592178,750.7020620742434,195.47762529621332,-192.24335476522384,167.75472524769802,0.004813805291347012,0.022179864674473613,0.17499593098958333,0.010420735677083333,0.17499593098958333,0.010420735677083333,0,idle,750.5429898087334,187.28275067228333,749.3600223370931,197.51761502603577
1791246272.1760828,750.706779384525,195.4993616111037,-192.24281614467688,167.75530226785526,0.004717310281629368,0.02173631489038363,0.17499593098958333,0.010420735677083333,0.17499593098958333,0.010420735677083333,0,idle,763.6655161208922,208.36712123805384,750.0797784710506,198.08073983578254
1791246272.192992,750.7114021383652,195.5206632453222,-192.2422882965292,167.75586774764284,0.004622753840229721,0.021301634218495836,0.17499593098958333,0.010420735677083333,0.17499593098958333,0.010420735677083333,0,idle,777.4385017217604,198.0830377584706,751.4521062497344,198.1010912844245
1791246272.209962,750.7159322352178,195.54153889067348,-192.2417710053348,167.75642191786267,0.004530096852553257,0.020875645351275566,0.17499593098958333,0.010420735677083333,0.17499593098958333,0.010420735677083333,0,idle,738.1206694369104,193.2013231087118,750.7898380011031,197.8759347387226
1791246272.226741,750.7203715362177,195.56199706519786,-192.24126405995625,167.75696500470133,0.004439300999886897,0.02045817452437315,0.17499593098958333,0.010420735677083333,0.17499593098958333,0.010420735677083333,0,idle,748.3639556361519,188.1083419292572,750.6727612188055,197.4069903640475
1791246272.2436202,750.7247218649607,195.58204611664374,-192.24076725347854,167.7574972298226,0.004350328742943675,0.020049051445878083,0.17499593098958333,0.010420735677083333,0.17499593098958333,0.010420735677083333,0,idle,753.5214896359829,195.240360129723,750.8193304519701,197.31770545120486
1791246272.2604642,750.7289850082664,195.60169422587072,-192.24028038312477,167.75801881045766,0.004263143305757515,0.019648109226983373,0.17499593098958333,0.010420735677083333,0.17499593098958333,0.010420735677083333,0,idle,753.0708168945584,214.91079094158977,750.93595476024,198.21602542948972
1791246272.278341,750.7331627169262,195.62094941018475,-192.23980325017342,167.75852995949342,0.004177708659920559,0.019255184314032163,0.17499593098958333,0.010420735677083333,0.17499593098958333,0.010420735677083333,0,idle,731.1049768897069,188.79586154792585,749.9483746899402,197.76330966050986
1791246272.294334,750.7372567064353,195.63981952660666,-192.2393356598772,167.7590308855597,0.004093989509155372,0.01887011642191905,0.17499593098958333,0.010420735677083333,0.17499593098958333,0.010420735677083333,0,idle,742.7549116435558,184.59284820399364,749.5925908276547,197.12271319828486
1791246272.311306,750.7412686577096,195.65831227507547,-192.2388774213837,167.759521793114,0.004011951274214589,0.018492748468819254,0.17499593098958333,0.010420735677083333,0.17499593098958333,0.010420735677083333,0,idle,738.2666753738696,183.8511208186417,749.030106408676,196.47670169034808
1791246272.3281631,750.7452002177877,195.67643520158768,-192.23842834765736,167.760002882525,0.00393156007810066,0.0181229265122192,0.17499593098958333,0.010420735677083333,0.17499593098958333,0.010420735677083333,0,idle,751.1699527749213,200.41520067835296,749.1408337090625,196.6908434199349
1791246272.3449962,750.7490530005192,195.6941957012739,-192.2379882554033,167.7604743501542,0.0038527827315986184,0.017760499686222668,0.17499593098958333,0.010420735677083333,0.17499593098958333,0.010420735677083333,0,idle,758.6810972146553,200.25459612302262,749.621507027937,196.88590352979122
1791246272.361841,750.7528285872384,195.71160102141403,-192.23755696499245,167.76093638843628,0.003775586719114898,0.017405320140107157,0.17499593098958333,0.010420735677083333,0.17499593098958333,0.010420735677083333,0,idle,738.3464414180069,200.38378317714904,749.0613405548237,197.07733256629223
1791246272.3788202,750.7565285274231,195.72865826439212,-192.23713430038825,167.7613891859572,0.0036999401848154295,0.017057242978105576,0.17499593098958333,0.010420735677083333,0.17499593098958333,0.010420735677083333,0,idle,754.4195401895655,198.97788232900356,749.3327654797363,197.18856443525698
1791246272.3958058,750.7601543393422,195.7453743905925,-192.23672008907485,167.76183292753146,0.0036258119190563966,0.016716126200388905,0.17499593098958333,0.010420735677083333,0.17499593098958333,0.010420735677083333,0,idle,744.5955974363447,205.60134382022042,749.0993515988898,197.62508372439552
1791246272.412788,750.7637075106873,195.76175622123773,-192.23631416198663,167.76226779427734,0.003553171345101168,0.01638183064522599,0.17499593098958333,0.010420735677083333,0.17499593098958333,0.010420735677083333,0,idle,738.8534524390292,186.9106446656262,748.5904321536746,197.10492451057002
1791246272.429536,750.7671894991934,195.77781044117003,-192.23591635343928,167.7626939636909,0.0034819885061171322,0.016054219932296984,0.17499593098958333,0.010420735677083333,0.17499593098958333,0.010420735677083333,0,idle,765.9834051527664,204.08054485928747,749.4633886927099,197.46895703694156
1791246272.446443,750.7706017332458,195.79354360157717,-192.2355265010621,167.76311160971838,0.0034122340524462393,0.015733160407137518,0.17499593098958333,0.010420735677083333,0.17499593098958333,0.010420735677083333,0,idle,765.0000723081512,204.25272166608818,750.2434644958319,197.82309177078568
1791246272.463897,750.773945612475,195.80896212266387,-192.23514444573186,167.7635209028271,0.0033438792291432605,0.015418521086691138,0.17499593098958333,0.010420735677083333,0.17499593098958333,0.010420735677083333,0,idle,739.329421261805,222.09233243476476,749.7009390193982,199.051201399017
1791246272.480531,750.7772225083388,195.82407229626983,-192.2347700315077,167.76392201007516,0.0032768958637758743,0.015110173605947904,0.17499593098958333,0.010420735677083333,0.17499593098958333,0.010420735677083333,0,idle,733.9564827587371,188.73787149292582,748.9168292574358,198.5498895686381
1791246272.498253,750.7804337646933,195.8388802884355,-192.2344031055676,167.7643150951795,0.0032112563544808605,0.014807992165647575,0.17499593098958333,0.010420735677083333,0.17499593098958333,0.010420735677083333,0,idle,752.9172812106896,191.49980170076196,749.1199025486352,198.21145276780166
1791246272.5149171,750.7835806983516,195.85339214191652,-192.23404351814594,167.7647003185828,0.00314693365827078,0.014511853481026168,0.17499593098958333,0.010420735677083333,0.17499593098958333,0.010420735677083333,0,idle,764.0488959841973,195.25404314616196,749.8693418073887,198.07736854752665
1791246272.531355,750.7866645996312,195.8676137786481,-192.2336911224724,167.76507783751893,0.003083901279585693,0.014221636731585163,0.17499593098958333,0.010420735677083333,0.17499593098958333,0.010420735677083333,0,idle,734.1887586697578,222.60637229233294,749.0882423567227,199.31732928966196
1791246272.548908,750.7896867328902,195.88155100215997,-192.2333457747121,167.76544780607705,0.003022133259084559,0.013937223511862941,0.17499593098958333,0.010420735677083333,0.17499593098958333,0.010420735677083333,0,idle,755.4887511972357,220.21545087872232,749.4111388253444,200.37547573145125
1791246272.565503,750.7926483370529,195.89520949994315,-192.23300733390678,167.76581037526458,0.0029616041626711054,0.013658497783188565,0.17499593098958333,0.010420735677083333,0.17499593098958333,0.010420735677083333,0,idle,766.0282246531234,209.64400355992927,750.2448066406879,200.85187769576916
1791246272.583037,750.7955506261237,195.90859484576956,-192.2326756619174,167.7661656930689,0.0029022890707490656,0.013385345826398307,0.17499593098958333,0.010420735677083333,0.17499593098958333,0.010420735677083333,0,idle,761.782033294089,197.244854399168,750.8244251479753,200.68424260947418
1791246272.599488,750.7983947896914,195.92171250196506,-192.23235062336767,167.76651390451752,0.002844163567701812,0.013117656195495766,0.17499593098958333,0.010420735677083333,0.17499593098958333,0.010420735677083333,0,idle,753.8712660827865,219.71700595483685,750.9794691501052,201.64834255012804
1791246272.6169212,750.801181993423,195.9345678216373,-192.2320320855888,167.76685515173753,0.0027872037315915133,0.01285531967223678,0.17499593098958333,0.010420735677083333,0.17499593098958333,0.010420735677083333,0,idle,753.2143249083124,200.28351184248586,751.0938597815606,201.59231356843455
1791246272.633333,750.8039133795471,195.94716605085893,-192.2317199185654,167.76718957401343,0.00273138612407307,0.01259822922162074,0.17499593098958333,0.010420735677083333,0.17499593098958333,0.010420735677083333,0,idle,728.0064527710376,199.59457080192203,749.9420842478523,201.50439474786947
1791246272.650851,750.8065900673276,195.9595123308072,-192.2314139948824,167.76751730784406,0.0026766877805181844,0.01234627994827021,0.17499593098958333,0.010420735677083333,0.17499593098958333,0.010420735677083333,0,idle,757.7107188691567,198.38398284478578,750.333058832309,201.36010311866613
1791246272.6674402,750.809213153528,195.9716116998609,-192.23111418967298,167.76783848699827,0.002623086200345036,0.012099369053681213,0.17499593098958333,0.010420735677083333,0.17499593098958333,0.010420735677083333,0,idle,764.9236844068186,169.33074863750744,751.0650820429248,199.7701297952092
1791246272.685262,750.8117837128656,195.9834690956552,-192.2308203805677,167.76815324256958,0.0025705593375491063,0.011857395794326786,0.17499593098958333,0.010420735677083333,0.17499593098958333,0.010420735677083333,0,idle,759.6937190852772,215.22928106256285,751.498955926413,200.55435188458148
1791246272.701697,750.814302798457,195.9950893570958,-192.2305324476445,167.7684617030296,0.002519085591430859,0.011620261440596866,0.17499593098958333,0.010420735677083333,0.17499593098958333,0.010420735677083333,0,idle,739.47268701318,188.16369682091113,750.9000356120632,199.94585837976652
1791246272.719369,750.8167714422545,196.00647722633235,-192.23025027337968,167.7687639942805,0.0024686437975160124,0.01138786923655778,0.17499593098958333,0.010420735677083333,0.17499593098958333,0.010420735677083333,0,idle,719.2828990634778,209.89338200869318,749.3215239962416,200.45405303698757
1791246272.7360132,750.8191906554732,196.01763735069287,-192.22997374260015,167.7690602397065,0.0024192132186642845,0.011160124360515066,0.17499593098958333,0.010420735677083333,0.17499593098958333,0.010420735677083333,0,idle,760.905266537995,205.76813620354892,749.903009375887,200.73035931345814
1791246272.752543,750.8215614290095,196.02857428457924,-192.22970274243616,167.7693505602241,0.0023707735363625664,0.01093693388636358,0.17499593098958333,0.010420735677083333,0.17499593098958333,0.010420735677083333,0,idle,750.2033029630123,195.7987208621543,749.9202762901027,200.494167478085
1791246272.7696562,750.8238847338517,196.03929249132494,-192.22943716227545,167.7696350743314,0.002323304842198574,0.010718206745709224,0.17499593098958333,0.010420735677083333,0.17499593098958333,0.010420735677083333,0,idle,746.5445916638138,181.7376296325853,749.7536991983884,199.56652288221844
1791246272.786218,750.8261615214813,196.0497963450157,-192.22917689371792,167.7699138981566,0.0022767876295111114,0.010503853690746903,0.17499593098958333,0.010420735677083333,0.17499593098958333,0.010420735677083333,0,idle,755.4718745471523,187.03653088898565,750.0417709140746,198.950001943563
1791246272.803062,750.8283927242665,196.0600901322736,-192.22892183053153,167.77018714550533,0.002231202785213183,0.010293787257879643,0.17499593098958333,0.010420735677083333,0.17499593098958333,0.010420735677083333,0,idle,765.1914815744784,193.8982804263336,750.8013760897408,198.70719496559653
1791246272.819941,750.8305792558482,196.07017805400565,-192.22867186860884,167.77045492790714,0.0021865315817842573,0.010087921732064114,0.17499593098958333,0.010420735677083333,0.17499593098958333,0.010420735677083333,0,idle,734.3250441908136,170.2541691035354,749.9796366997971,197.29412719813894
1791246272.836865,750.8327220115176,196.08006422711753,-192.2284269059246,167.77071735466095,0.002142755669428086,0.009886173111868037,0.17499593098958333,0.010420735677083333,0.17499593098958333,0.010420735677083333,0,idle,764.5177225998092,217.30392458019176,750.7085766126836,198.30400893169787
1791246272.853824,750.834821868586,196.08975268619275,-192.22818684249404,167.7709745328797,0.002099857068392539,0.009688459075225343,0.17499593098958333,0.010420735677083333,0.17499593098958333,0.010420735677083333,0,idle,764.0268153711525,203.02869354311608,751.376483414822,198.54944719839023
1791246272.870411,750.8368796867475,196.09924738513863,-192.22795158033207,167.77122656753411,0.002057818161448025,0.00949469894587512,0.17499593098958333,0.010420735677083333,0.17499593098958333,0.010420735677083333,0,idle,756.690746267768,193.71867232174242,751.6441514847227,198.31692841855642
1791246272.8883069,750.838896308434,196.1085521987991,-192.22772102341335,167.77147356149544,0.002016621686521121,0.009304813660470746,0.17499593098958333,0.010420735677083333,0.17499593098958333,0.010420735677083333,0,idle,756.2965360224898,199.91388391050444,751.8786865022132,198.40561576613126
1791246272.905427,750.8408725591635,196.11767092453545,-192.227495077633,167.77171561557756,0.001976250729480121,0.009118725736345833,0.17499593098958333,0.010420735677083333,0.17499593098958333,0.010420735677083333,0,idle,759.7981241208587,194.64683723536785,752.2765358213385,198.22633962904263
1791246272.922741,750.8428092478805,196.12660728377537,-192.22727365076824,167.77195282857807,0.0019366887170692766,0.008936359239923898,0.17499593098958333,0.010420735677083333,0.17499593098958333,0.010420735677083333,0,idle,757.0790354513302,186.53875942873242,752.5185006571193,197.65045016030504
1791246272.940016,750.8447071672905,196.13536492353114,-192.22705665244078,167.77218529731857,0.0018979194099885944,0.008757639755758911,0.17499593098958333,0.010420735677083333,0.17499593098958333,0.010420735677083333,0,idle,731.1836511497731,214.94005328051458,751.4535612051915,198.5232500740835
1791246272.957217,750.8465670941866,196.14394741788735,-192.22684399407987,167.77241311668428,0.0018599268961160959,0.008582494356194147,0.17499593098958333,0.010420735677083333,0.17499593098958333,0.010420735677083333,0,idle,743.2612558603806,219.99451311626865,751.0457128685023,199.60496659583117
1791246272.973802,750.8483897897705,196.15235826945897,-192.22663558888618,167.77263637966266,0.0018226955838695402,0.008410851571627003,0.17499593098958333,0.010420735677083333,0.17499593098958333,0.010420735677083333,0,idle,754.6608887423721,198.32574076294924,751.2282032230005,199.54899561318013
1791246272.9905121,750.8501759999663,196.16060091082034,-192.22643135179635,167.77285517738144,0.0017862101957046637,0.008242641361367719,0.17499593098958333,0.010420735677083333,0.17499593098958333,0.010420735677083333,0,idle,736.3397831720096,192.45273322052608,750.4854791201369,199.20201300284072
1791246273.00723,750.8519264557281,196.16867870590542,-192.2262311994483,167.7730695991459,0.0017504557617470562,0.008077795085080108,0.17499593098958333,0.010420735677083333,0.17499593098958333,0.010420735677083333,0,idle,768.311447208213,199.50638123691564,751.3784404575144,199.2249053198753
1791246273.024321,750.8536418733416,196.17659495138022,-192.22603505014723,167.7732797324751,0.0017154176135548576,0.007916245474792753,0.17499593098958333,0.010420735677083333,0.17499593098958333,0.010420735677083333,0,idle,748.2313012302693,184.26370886159683,751.2227131428851,198.48436593016243
1791246273.0404322,750.8553229547197,196.1843528779877,-192.22584282383218,167.7734856631377,0.0016810813780095246,0.0077579266074692226,0.17499593098958333,0.010420735677083333,0.17499593098958333,0.010420735677083333,0,idle,742.6498591011023,175.54036468978586,750.7956674681051,197.3445358984207
1791246273.056698,750.856970387691,196.1919556518658,-192.22565444204344,167.77368747518702,0.0016474329713319716,0.007602773878126217,0.17499593098958333,0.010420735677083333,0.17499593098958333,0.010420735677083333,0,idle,744.7222518159485,192.98735587834403,750.4935617468201,197.13389953260108
1791246273.072963,750.8585848462842,196.1994063758393,-192.22546982789046,167.7738852509954,0.0016144585932214542,0.007450723973488656,0.17499593098958333,0.010420735677083333,0.17499593098958333,0.010420735677083333,0,idle,746.2505211134464,203.09962029559995,750.282943450815,197.4392637585258
1791246273.090069,750.8601669910054,196.20670809068545,-192.22528890602055,167.77407907128756,0.0015821447211146161,0.0073017148461710455,0.17499593098958333,0.010420735677083333,0.17499593098958333,0.010420735677083333,0,idle,746.8288936097549,178.3423137604852,750.1117439962471,196.49135288772763
1791246273.107032,750.86171746911,196.21386377637484,-192.22511160258804,167.77426901517393,0.0015504781045621847,0.007155685689374585,0.17499593098958333,0.010420735677083333,0.17499593098958333,0.010420735677083333,0,idle,753.8411792326726,186.91084819744603,750.2996887122678,196.01912555461845
1791246273.1236532,750.8632369148697,196.22087635328694,-192.22493784522416,167.77445516018255,0.0015194457597208447,0.007012576912089754,0.17499593098958333,0.010420735677083333,0.17499593098958333,0.010420735677083333,0,idle,729.9919845690652,202.2856505100656,749.2857469785794,196.3391137504573
1791246273.140725,750.8647259498337,196.22774868340173,-192.22476756300756,167.774637582291,0.0014890349639578842,0.006872330114794267,0.17499593098958333,0.010420735677083333,0.17499593098958333,0.010420735677083333,0,idle,759.1480627361829,180.33278804691005,749.7802773496753,195.54532617888898
1791246273.156886,750.8661851830842,196.23448357146736,-192.2246006864353,167.77481635595728,0.00145923325056625,0.0067348880656365375,0.17499593098958333,0.010420735677083333,0.17499593098958333,0.010420735677083333,0,idle,750.4887127153212,185.7435650841441,749.8170853895456,195.0616362678141
1791246273.174013,750.8676152114878,196.24108376614447,-192.2244371473945,167.77499155415023,0.0014300284035877041,0.006600194677094932,0.17499593098958333,0.010420735677083333,0.17499593098958333,0.010420735677083333,0,idle,749.1343547385396,195.69490774500332,749.7843073839787,195.09957002661682
1791246273.190044,750.8690166199405,196.24755196112758,-192.2242768791345,167.77516324837933,0.0014014084527418328,0.006468194983103355,0.17499593098958333,0.010420735677083333,0.17499593098958333,0.010420735677083333,0,idle,760.7522541526167,200.58175101941885,750.3340360604407,195.37982386149088
1791246273.2070951,750.8703899816089,196.2538907962442,-192.2241198162397,167.77533150872387,0.0013733616684586888,0.006338835116633822,0.17499593098958333,0.010420735677083333,0.17499593098958333,0.010420735677083333,0,idle,760.1818402771186,196.6157767711966,750.8277309648596,195.44764340033694
1791246273.223528,750.871735858166,196.26010285853192,-192.2239658946028,167.7754964038615,0.0013458765570129125,0.00621206228772693,0.17499593098958333,0.010420735677083333,0.17499593098958333,0.010420735677083333,0,idle,747.8591493994136,196.91735038417946,750.6805804693165,195.5270302087024
1791246273.2404292,750.8730548000217,196.26619068329387,-192.22381505139862,167.7756580010964,0.0013189418557572146,0.006087824761961267,0.17499593098958333,0.010420735677083333,0.17499593098958333,0.010420735677083333,0,idle,751.5266244550099,180.22039792774524,750.7241356633641,194.7674820281784
1791246273.2582269,750.8743473465502,196.2721567551332,-192.22366722505853,167.77581636638655,0.0012925465284531596,0.005966071839353007,0.17499593098958333,0.010420735677083333,0.17499593098958333,0.010420735677083333,0,idle,747.6632499097675,214.20813756475926,750.5723192948864,195.7451825732548
1791246273.275048,750.8756140263108,196.2780035089669,-192.22352235524525,167.77597156437096,0.0012666797606972146,0.0058467538336771,0.17499593098958333,0.010420735677083333,0.17499593098958333,0.010420735677083333,0,idle,738.9182416768981,199.75760393534333,749.9908187597596,195.9513580575012
1791246273.291967,750.8768553572662,196.28373333101908,-192.22338038282822,167.77612365839565,0.0012413309554400935,0.005729822052201649,0.17499593098958333,0.010420735677083333,0.17499593098958333,0.010420735677083333,0,idle,762.7577489625319,205.24958635086935,750.6303445343058,196.4217128031192
1791246273.308819,750.8780718469948,196.28934855979492,-192.22324124985954,167.7762727105398,0.0012164897285974518,0.005615228775827217,0.17499593098958333,0.010420735677083333,0.17499593098958333,0.010420735677083333,0,idle,748.6745160433295,170.82874945867286,750.5337087749991,195.1473991032339
1791246273.325635,750.8792639928995,196.29485148703455,-192.22310489955024,167.77641878164115,0.001192145904750043,0.005502927239622984,0.17499593098958333,0.010420735677083333,0.17499593098958333,0.010420735677083333,0,idle,756.8394217082863,206.10303198854098,750.850126960273,195.70040852837693
1791246273.3423302,750.8804322824125,196.3002443586483,-192.2229712762471,167.77656193132043,0.0011682895129314745,0.0053928716137518345,0.17499593098958333,0.010420735677083333,0.17499593098958333,0.010420735677083333,0,idle,763.9711842496871,193.00460278853618,751.507289699781,195.57074146941795
1791246273.359313,750.881577193195,196.30552937563309,-192.22284032541006,167.77670221800614,0.0011449107825017503,0.005285016984776602,0.17499593098958333,0.010420735677083333,0.17499593098958333,0.010420735677083333,0,idle,742.1460858136278,190.3930344442742,751.0403171707168,195.3168768842963
1791246273.376242,750.882699193334,196.31070869497043,-192.22271199358974,167.77683969895813,0.0011220001391048261,0.005179319337339877,0.17499593098958333,0.010420735677083333,0.17499593098958333,0.010420735677083333,0,idle,732.3679622312691,193.1816612480861,750.1077653238765,195.21503645585628
1791246273.393152,750.8837987415347,196.31578443050665,-192.22258622840585,167.77697443029106,0.0010995482007084344,0.0050757355362098956,0.17499593098958333,0.010420735677083333,0.17499593098958333,0.010420735677083333,0,idle,748.5482203806939,206.94407850896505,750.0308326475081,195.80631050727112
1791246273.410037,750.8848762873084,196.32075865381535,-192.2224629785256,167.7771064669974,0.001077545773724477,0.004974223308685223,0.17499593098958333,0.010420735677083333,0.17499593098958333,0.010420735677083333,0,idle,746.947360461968,201.09132215497917,749.8776827067161,196.07528660179977
1791246273.4269178,750.8859322711577,196.3256333950427,-192.222342193643,167.77723586296955,0.0010559838492083247,0.004874741227351058,0.17499593098958333,0.010420735677083333,0.17499593098958333,0.010420735677083333,0,idle,758.4521257409283,202.5203886649297,750.3074080430835,196.40217270912225
1791246273.443756,750.8869671247568,196.3304106437359,-192.222223824458,167.77736267102227,0.00103485359913539,0.004777248693180134,0.17499593098958333,0.010420735677083333,0.17499593098958333,0.010420735677083333,0,idle,760.6671672268006,222.07847003790494,750.8263791131884,197.69052596181993
1791246273.4605298,750.8879812711295,196.33509234965487,-192.22210782265674,167.77748694291392,0.0010141463727533777,0.004681705918971337,0.17499593098958333,0.010420735677083333,0.17499593098958333,0.010420735677083333,0,idle,750.1207528410919,194.34559870388586,750.7920612386378,197.52772721954625
1791246273.477371,750.8889751248225,196.33968042356798,-192.2219941408915,167.77760872936778,0.0009938536930086516,0.004588073913119305,0.17499593098958333,0.010420735677083333,0.17499593098958333,0.010420735677083333,0,idle,732.9597251829844,181.1517309397661,749.9013885968634,196.7132860757747
1791246273.494426,750.8899490920755,196.3441767380317,-192.22188273276154,167.77772808009252,0.0009739672530451925,0.004496314463708387,0.17499593098958333,0.010420735677083333,0.17499593098958333,0.010420735677083333,0,idle,764.0434190613881,209.3608536527174,750.60941538898,197.34993595336238
1791246273.512084,750.8909035709884,196.34858312815464,-192.2217735527942,167.7778450438028,0.0009544789127746472,0.004406390122924496,0.17499593098958333,0.010420735677083333,0.17499593098958333,0.010420735677083333,0,idle,752.6554224081688,182.03713786318934,750.7126224949066,196.5884821194705
1791246273.528068,750.8918389516839,196.3529013923464,-192.2216665564262,167.77795966823885,0.0009353806955160075,0.004318264191778491,0.17499593098958333,0.010420735677083333,0.17499593098958333,0.010420735677083333,0,idle,770.416188781775,180.01965422950894,751.6986894209107,195.76414307595462
1791246273.54406,750.8927556164685,196.35713329305153,-192.22156169998556,167.77807200018617,0.0009166647847034821,0.00423190070513489,0.17499593098958333,0.010420735677083333,0.17499593098958333,0.010420735677083333,0,idle,764.935051244691,204.91056273041352,752.3613783436451,196.22548436434744
1791246273.560919,750.8936539399892,196.36128055746858,-192.22145894067373,167.7781820854946,0.0008983235206611619,0.004147264417039789,0.17499593098958333,0.010420735677083333,0.17499593098958333,0.010420735677083333,0,idle,736.6039655021696,210.6182322014832,751.574361108916,196.94906165740042
1791246273.577881,750.8945342893867,196.36534487825492,-192.22135823654813,167.77828996909682,0.0008803493974431047,0.0040643207863420355,0.17499593098958333,0.010420735677083333,0.17499593098958333,0.010420735677083333,0,idle,750.0742668524628,195.96813916980454,751.5001927280209,196.90387663776764
1791246273.594869,750.8953970244464,196.3693279142175,-192.22125954650505,167.77839569502697,0.0008627350597374926,0.003983035962601781,0.17499593098958333,0.010420735677083333,0.17499593098958333,0.010420735677083333,0,idle,743.0541873361312,188.95054325212894,751.0787120567331,196.50999385265015
1791246273.610938,750.8962424977462,196.3732312909898,-192.22116283026284,167.77849930643856,0.0008454732998335485,0.0039033767722806804,0.17499593098958333,0.010420735677083333,0.17499593098958333,0.010420735677083333,0,idle,760.9974347412002,198.65213882945318,751.5754513905913,196.62080930942398
1791246273.628323,750.8970710548009,196.377056601695,-192.22106804834547,167.7786008456219,0.0008285570546499209,0.0038253107052081195,0.17499593098958333,0.010420735677083333,0.17499593098958333,0.010420735677083333,0,idle,738.0102647469262,196.056019852204,750.89797918761,196.59620388173292
1791246273.646189,750.8978830342037,196.3808054075963,-192.22097516206645,167.7787003540216,0.0008119794028232786,0.003748805901317938,0.17499593098958333,0.010420735677083333,0.17499593098958333,0.010420735677083333,0,idle,753.2509384487262,211.8420791279018,751.0163985310984,197.36205900964762
1791246273.662802,750.8986787677655,196.38447923873397,-192.220884133513,167.77879787225325,0.0007957335618558771,0.003673831137650263,0.17499593098958333,0.010420735677083333,0.17499593098958333,0.010420735677083333,0,idle,723.6422042828316,203.3548381094216,749.6484447655688,197.6651881042171
1791246273.679456,750.8994585806508,196.3880795945496,-192.22079492553064,167.77889344012033,0.0007798128853208904,0.003600355815613151,0.17499593098958333,0.010420735677083333,0.17499593098958333,0.010420735677083333,0,idle,766.0303532979208,185.69849276040276,750.4682810144275,197.07027367505123
1791246273.697071,750.9002227915109,196.3916079444981,-192.22070750170792,167.77898709663003,0.0007642108601243227,0.0035283499484988446,0.17499593098958333,0.010420735677083333,0.17499593098958333,0.010420735677083333,0,idle,766.6228570024211,188.64658085181966,751.2767358141442,196.65244096634072
1791246273.7136261,750.9009717126148,196.39506572864735,-192.22062182636165,167.77907888000954,0.0007489211038223417,0.0034577841492495617,0.17499593098958333,0.010420735677083333,0.17499593098958333,0.010420735677083333,0,idle,747.5289064935371,212.45531139063309,751.0900558231625,197.44586938249714
1791246273.7310662,750.9017056499769,196.3984543582658,-192.2205378645223,167.77916882772146,0.0007339373619929009,0.003388629618467832,0.17499593098958333,0.010420735677083333,0.17499593098958333,0.010420735677083333,0,idle,748.1072761781885,188.40009690343695,750.9416140814078,196.99679995668166
1791246273.747512,750.9024249034825,196.40177521639848,-192.22045558191974,167.77925697647913,0.000719253505660536,0.0033208581326664936,0.17499593098958333,0.010420735677083333,0.17499593098958333,0.010420735677083333,0,idle,761.1619628477099,209.4809674076477,751.4533148105533,197.624163144456
1791246273.765008,750.9031297670113,196.40502965843123,-192.22037494496922,167.77934336226167,0.0007048635287732522,0.0032544420327535652,0.17499593098958333,0.010420735677083333,0.17499593098958333,0.010420735677083333,0,idle,766.559402134273,200.16775435332195,752.2092887970915,197.7544344248304
1791246273.7815192,750.9038205285569,196.40821901264397,-192.22029592075774,167.77942802032854,0.0006907615457304335,0.0031893542127472948,0.17499593098958333,0.010420735677083333,0.17499593098958333,0.010420735677083333,0,idle,754.3769276274095,215.77065284220186,752.3183269620758,198.65827523220108
1791246273.799082,750.9044974703459,196.41134458075268,-192.22021847703047,167.77951098523408,0.0006769417889607353,0.003125568108716792,0.17499593098958333,0.010420735677083333,0.17499593098958333,0.010420735677083333,0,idle,719.3810939454465,195.07500859916624,750.6721084059438,198.48208119025261
1791246273.815639,750.9051608689524,196.41440763844062,-192.22014258217774,167.77959229084152,0.0006633986065489337,0.003063057687943739,0.17499593098958333,0.010420735677083333,0.17499593098958333,0.010420735677083333,0,idle,740.0061043886817,213.17529196840601,750.1394384337569,199.21965163396382
1791246273.832413,750.9058109954124,196.4174094358789,-192.22006820522208,167.7796719703368,0.0006501264599107401,0.0030017974383007525,0.17499593098958333,0.010420735677083333,0.17499593098958333,0.010420735677083333,0,idle,740.5075427517305,199.75799020812008,749.6584612697926,199.249420270238
1791246273.849797,750.9064481153339,196.42035119823674,-192.21999531580553,167.7797500562422,0.0006371199215145927,0.0029417623578420803,0.17499593098958333,0.010420735677083333,0.17499593098958333,0.010420735677083333,0,idle,752.7597021572915,190.34207980984544,749.814128578093,198.8068479214583
1791246273.8664472,750.9070724890065,196.42323412618134,-192.21992388417732,167.77982658042944,0.000624373672649474,0.0028829279446023802,0.17499593098958333,0.010420735677083333,0.17499593098958333,0.010420735677083333,0,idle,749.9266309471154,196.3963303242181,749.8203468515331,198.68906082314368
1791246273.883411,750.9076843715078,196.42605939636795,-192.21985388118165,167.77990157413296,0.0006118825012378106,0.0028252701865994333,0.17499593098958333,0.010420735677083333,0.17499593098958333,0.010420735677083333,0,idle,750.2885811334581,212.9629503333021,749.8443398540056,199.40543930532888
1791246273.899828,750.9082840128075,196.42882816192,-192.2197852782459,167.77997506796243,0.0005996412996925404,0.0027687655520367044,0.17499593098958333,0.010420735677083333,0.17499593098958333,0.010420735677083333,0,idle,750.8044280847917,183.62977713702927,749.8929139247796,198.61928652418834
1791246273.9168909,750.9088716578703,196.4315415528997,-192.21971804736887,167.7800470919153,0.0005876450628174436,0.0027133909797017667,0.17499593098958333,0.010420735677083333,0.17499593098958333,0.010420735677083333,0,idle,763.1411261734138,187.46926478252576,750.555882800021,198.0643631585359
1791246273.9339478,750.9094475467562,196.43420067676925,-192.2196521611094,167.78011767538908,0.0005758888857498573,0.0026591238695566743,0.17499593098958333,0.010420735677083333,0.17499593098958333,0.010420735677083333,0,idle,756.9417346125423,192.28584167880362,750.8757224850885,197.7779632522254
1791246273.951092,750.9100119147181,196.43680661884278,-192.2195875925751,167.7801868471934,0.0005643679619449113,0.002605942073516443,0.17499593098958333,0.010420735677083333,0.17499593098958333,0.010420735677083333,0,idle,765.6322570947206,191.21800256631636,751.614085365134,197.45244086289978
1791246273.967382,750.9105649922993,196.4393604427292,-192.2195243154115,167.78025463556165,0.0005530775812004388,0.002553823886411885,0.17499593098958333,0.010420735677083333,0.17499593098958333,0.010420735677083333,0,idle,738.4645539919434,208.34379581466112,750.9571342201766,197.99943474317993
1791246273.98527,750.9111070054271,196.44186319076633,-192.21946230379115,167.78032106816255,0.0005420131277217356,0.0025027480371331125,0.17499593098958333,0.010420735677083333,0.17499593098958333,0.010420735677083333,0,idle,768.3958532489963,196.04474751249393,751.829585084089,197.90407799228092
1791246274.002175,750.9116381755053,196.44431588444627,-192.21940153240323,167.78038617211138,0.000531170078225355,0.002452693679950096,0.17499593098958333,0.010420735677083333,0.17499593098958333,0.010420735677083333,0,idle,758.2548528419616,220.04338835186485,752.151353083557,199.01337356925606
1791246274.018649,750.9121587195054,196.44671952483228,-192.21934197644305,167.78044997398126,0.0005205440000811466,0.002403640386006747,0.17499593098958333,0.010420735677083333,0.17499593098958333,0.010420735677083333,0,idle,766.7507310287126,185.07377926065217,752.8818164976149,198.31867731219256
1791246274.0356648,750.912668850055,196.44907509296726,-192.21928361160207,167.78051249981374,0.0005101305494917605,0.002355568134985048,0.17499593098958333,0.010420735677083333,0.17499593098958333,0.010420735677083333,0,idle,749.8715332128135,215.55314076998195,752.7317869573968,199.18263827481027
1791246274.05212,750.9131687755247,196.4513835502742,-192.2192264140579,167.7805737751296,0.000499925469708856,0.00230845730693584,0.17499593098958333,0.010420735677083333,0.17499593098958333,0.010420735677083333,0,idle,750.1661948100236,185.18711282659473,752.6039822792244,198.48505503684106
1791246274.0690281,750.913658700114,196.45364583894846,-192.21917036046463,167.78063382493912,0.0004899245892852679,0.002262288674272929,0.17499593098958333,0.010420735677083333,0.17499593098958333,0.010420735677083333,0,idle,736.361163288255,205.96336969386869,751.7923067580357,198.861119943933
1791246274.085842,750.9141388239343,196.4558628823424,-192.21911542794322,167.78069267375244,0.000480123820362401,0.0022170433939272564,0.17499593098958333,0.010420735677083333,0.17499593098958333,0.010420735677083333,0,idle,728.9734982220145,193.042389578536,750.651822448864,198.5722896168874
1791246274.102713,750.9146093430913,196.45803558534203,-192.21906159407226,167.78075034558952,0.00047051915699213834,0.0021727029996579227,0.17499593098958333,0.010420735677083333,0.17499593098958333,0.010420735677083333,0,idle,756.0712275914505,222.12157560448532,750.9232396991924,199.75181798411694
1791246274.119589,750.9150704497648,196.46016483473656,-192.2190088368787,167.78080686398985,0.00046110667349256003,0.002129249394516944,0.17499593098958333,0.010420735677083333,0.17499593098958333,0.010420735677083333,0,idle,756.8915170146928,199.35874908231506,751.2220916163072,199.73418732595164
1791246274.1364212,750.9155223322877,196.46225149958002,-192.218957134829,167.78086225202216,0.00045188252283678935,0.0020866648434646556,0.17499593098958333,0.010420735677083333,0.17499593098958333,0.010420735677083333,0,idle,763.8296721833728,189.0241888713742,751.8528999330572,199.20066973482406
1791246274.154293,750.9159651752227,196.46429643154616,-192.2189064668203,167.78091653229382,0.0004428429350742921,0.0020449319661327596,0.17499593098958333,0.010420735677083333,0.17499593098958333,0.010420735677083333,0,idle,755.3333202317805,201.48649623849187,752.0273416487817,199.31690374537527
1791246274.171264,750.9163991594385,196.46630046527588,-192.2188568121718,167.78096972696005,0.00043398421578397283,0.0020040337297320635,0.17499593098958333,0.010420735677083333,0.17499593098958333,0.010420735677083333,0,idle,752.1899957910044,199.3909949623433,752.0358866408977,199.32251213826692
1791246274.188189,750.9168244621831,196.46826441871798,-192.21880815061624,167.78102185773295,0.0004253027445584195,0.0019639534421020187,0.17499593098958333,0.010420735677083333,0.17499593098958333,0.010420735677083333,0,idle,753.636529907065,180.02642882574034,752.1163228418135,198.3595737284106
1791246274.205089,750.9172412571565,196.4701890934629,-192.2187604622918,167.78107294589043,0.0004167949735186715,0.0019246747448992206,0.17499593098958333,0.010420735677083333,0.17499593098958333,0.010420735677083333,0,idle,730.5833588570737,197.21583790012272,751.0400705978013,198.30421537800387
1791246274.2220008,750.9176497145824,196.4720752750698,-192.21871372773387,167.78112301228472,0.0004084574258588849,0.0018861816069220996,0.17499593098958333,0.010420735677083333,0.17499593098958333,0.010420735677083333,0,idle,754.685782674077,195.23819679931756,751.2227442361697,198.15270632159613
1791246274.238882,750.9180500012768,196.47392373338738,-192.21866792786707,167.78117207735113,0.0004002866944202964,0.0018484583175690766,0.17499593098958333,0.010420735677083333,0.17499593098958333,0.010420735677083333,0,idle,747.1835383672186,205.04659747088894,751.0211642150819,198.49915691446245
1791246274.255518,750.9184422807172,196.4757352228678,-192.2186230439976,167.78122016111624,0.00039227944029388635,0.001811489480427514,0.17499593098958333,0.010420735677083333,0.17499593098958333,0.010420735677083333,0,idle,774.2733044215901,206.20510482444254,752.1841438908756,198.88617522496784
1791246274.272449,750.9188267131086,196.47751048287478,-192.21857905780556,167.78126728320603,0.00038443239145116525,0.0017752600069908526,0.17499593098958333,0.010420735677083333,0.17499593098958333,0.010420735677083333,0,idle,738.9074433328024,199.83094591407968,751.5206740737439,198.93510025643008
1791246274.289373,750.91920345545,196.47925023798527,-192.21853595133734,167.781313462854,0.0003767423414025087,0.0017397551105013682,0.17499593098958333,0.010420735677083333,0.17499593098958333,0.010420735677083333,0,idle,750.2866077760597,191.82126751383544,751.459328664084,198.5810613866553
1791246274.306892,750.9195726615978,196.4809551982852,-192.2184937069985,167.78135871890905,0.0003692061478824885,0.0017049602999160388,0.17499593098958333,0.010420735677083333,0.17499593098958333,0.010420735677083333,0,idle,768.6321278147423,207.1878653876944,752.3183193674573,199.0130212989922
1791246274.3238761,750.9199344823294,196.48262605965917,-192.2184523075464,167.78140306984298,0.00036182073156165024,0.0016708613739930597,0.17499593098958333,0.010420735677083333,0.17499593098958333,0.010420735677083333,0,idle,751.7735253415618,207.82497822825428,752.2914233958575,199.45520646376056
1791246274.3421938,750.9202890654042,196.48426350407468,-192.21841173608337,167.7814465337582,0.00035458307478420346,0.0016374444154965983,0.17499593098958333,0.010420735677083333,0.17499593098958333,0.010420735677083333,0,idle,753.1185147115149,207.96243254474194,752.3331148155614,199.88212334000437
1791246274.358352,750.9206365556245,196.4858681998602,-192.21837197604958,167.78148912839515,0.00034749022033110026,0.0016046957855174217,0.17499593098958333,0.010420735677083333,0.17499593098958333,0.010420735677083333,0,idle,749.0139353591449,182.96759864277823,752.1674859584499,199.0379215661393
1791246274.376301,750.9209770948946,196.4874408019781,-192.2183330112165,167.78153087113935,0.0003405392702079892,0.0015726021179070819,0.17499593098958333,0.010420735677083333,0.17499593098958333,0.010420735677083333,0,idle,747.0615292081932,196.77244536530353,751.9125116332438,198.9261417281095
1791246274.3932002,750.9213108222791,196.4889819522919,-192.21829482568003,167.7815717790287,0.00033372738445754016,0.0015411503138233896,0.17499593098958333,0.010420735677083333,0.17499593098958333,0.010420735677083333,0,idle,760.8406887652217,194.6152397039059,752.3592375308579,198.71206071969746
1791246274.410253,750.9216378740591,196.4904922798283,-192.21825740385432,167.78161186876025,0.0003270517799956504,0.0015103275363849509,0.17499593098958333,0.010420735677083333,0.17499593098958333,0.010420735677083333,0,idle,745.7781075279426,181.50311631207168,752.0304917299031,197.85304831047574
1791246274.427073,750.9219583837886,196.49197240103373,-192.21822073046513,167.78165115669714,0.00032050972947104565,0.0014801212054325872,0.17499593098958333,0.010420735677083333,0.17499593098958333,0.010420735677083333,0,idle,767.7481522080354,206.54167448408293,752.8166792380528,198.2888857343013
1791246274.444173,750.9222724823487,196.49342292002612,-192.21818479054372,167.7816896588753,0.0003140985601478065,0.0014505189923955015,0.17499593098958333,0.010420735677083333,0.17499593098958333,0.010420735677083333,0,idle,749.6581746471095,208.7042778391965,752.6590524021377,198.8110333325888
1791246274.4610949,750.9225802980015,196.4948444288414,-192.21814956942072,167.78172739100992,0.0003078156528103556,0.0014215088152600966,0.17499593098958333,0.010420735677083333,0.17499593098958333,0.010420735677083333,0,idle,735.5876012371507,196.42093351993196,751.8057722687586,198.69287877533048
1791246274.478005,750.9228819564422,196.49623750767503,-192.21811505272018,167.78176436850183,0.0003016584406904519,0.0013930788336393946,0.17499593098958333,0.010420735677083333,0.17499593098958333,0.010420735677083333,0,idle,775.3310854534635,204.33203724011685,752.9823245035125,198.97616012346177
1791246274.4947698,750.9231775808506,196.49760272511898,-192.21808122635366,167.7818006064439,0.00029562440841574835,0.0013652174439410451,0.17499593098958333,0.010420735677083333,0.17499593098958333,0.010420735677083333,0,idle,759.0247725295475,202.43944619326314,753.2847277480022,199.15062138352357
1791246274.511573,750.9234672919416,196.4989406383936,-192.21804807651446,167.78183611962714,0.0002897110909794771,0.001337913274631952,0.17499593098958333,0.010420735677083333,0.17499593098958333,0.010420735677083333,0,idle,755.3105846384891,199.38057659054073,753.386295818063,199.16339016148532
1791246274.551096,750.9237512080143,196.50025179357522,-192.21801558967206,167.78187092254674,0.0002839160727308358,0.0013111551815975875,0.17499593098958333,0.010420735677083333,0.17499593098958333,0.010420735677083333,0,idle,762.2336821392618,215.4457029136485,753.828934854392,199.978751396516
1791246274.5520482,750.9240294450007,196.50153672581882,-192.2179837525665,167.7819050294079,0.0002782369863856575,0.0012849322435940997,0.17499593098958333,0.010420735677083333,0.17499593098958333,0.010420735677083333,0,idle,757.5822958143245,191.35717819409476,754.0168672275256,199.54889342202637
1791246274.568722,750.9243021165128,196.50279595957662,-192.21795255220306,167.78193845413188,0.0002726715120569547,0.0012592337577913585,0.17499593098958333,0.010420735677083333,0.17499593098958333,0.010420735677083333,0,idle,740.0496753883874,186.78012777908094,753.3187666735053,198.911651411949
1791246274.584758,750.924569333889,196.504030008812,-192.21792197584688,167.78197121036135,0.00026721737630493625,0.001234049235405124,0.17499593098958333,0.010420735677083333,0.17499593098958333,0.010420735677083333,0,idle,728.4136892313223,218.32304365292447,752.0737666579035,199.88339337077142
1791246274.601035,750.9248312062402,196.50523937720942,-192.21789201101782,167.78200331146624,0.00026187235120610545,0.0012093683974165525,0.17499593098958333,0.010420735677083333,0.17499593098958333,0.010420735677083333,0,idle,742.995148552887,184.87552323086717,751.6200845313864,199.13414876375376
1791246274.616757,750.9250878404937,196.5064245583798,-192.21786264548535,167.78203477054905,0.00025663425344105275,0.0011851811703772956,0.17499593098958333,0.010420735677083333,0.17499593098958333,0.010420735677083333,0,idle,750.5404445012579,210.9031451051641,751.5663463324207,199.72372450293614
1791246274.6324391,750.925339341437,196.5075860360621,-192.21783386726352,167.78206560045018,0.00025150094340056794,0.0011614776822984824,0.17499593098958333,0.010420735677083333,0.17499593098958333,0.010420735677083333,0,idle,756.6877800683103,188.3068115747903,751.8226569451114,199.15398226032704
1791246274.6489532,750.9255858117614,196.50872428432072,-192.21780566460615,167.78209581375327,0.00024647032430970105,0.0011382482586219057,0.17499593098958333,0.010420735677083333,0.17499593098958333,0.010420735677083333,0,idle,745.3392061577341,204.16640230878875,751.4987185525506,199.40568459859583
1791246274.665826,750.9258273521027,196.50983976773898,-192.21777802600192,167.78212542279033,0.00024154034136941095,0.0011154834182717697,0.17499593098958333,0.010420735677083333,0.17499593098958333,0.010420735677083333,0,idle,744.1319288924586,194.02854259159736,751.1306085328703,199.13788720749324
1791246274.68088,750.9260640610836,196.51093294160876,-192.21775094016976,167.78215443964663,0.0002367089809154471,0.001093173869785388,0.17499593098958333,0.010420735677083333,0.17499593098958333,0.010420735677083333,0,idle,754.5091861879273,204.60903905311636,751.299762289155,199.4124833149507
1791246274.6974561,750.9262960353532,196.51200425211627,-192.21772439605425,167.78218287616582,0.0002319742695941168,0.001071310507521255,0.17499593098958333,0.010420735677083333,0.17499593098958333,0.010420735677083333,0,idle,749.1017886017937,197.144185803103,751.190083980343,199.30008618434044
1791246274.714752,750.9265233696267,196.5130541365242,-192.21769838282106,167.7822107439546,0.00022733427355459812,0.0010498844079429419,0.17499593098958333,0.010420735677083333,0.17499593098958333,0.010420735677083333,0,idle,738.6184942704446,209.9586053260332,750.561720462408,199.83400953161262
1791246274.730914,750.9267461567243,196.51408302335017,-192.2176728898525,167.78223805438762,0.0002227870976574647,0.0010288868259773017,0.17499593098958333,0.010420735677083333,0.17499593098958333,0.010420735677083333,0,idle,724.1786224128383,202.54716852795102,749.2427772076722,199.97064492391422
1791246274.747576,750.926964487609,196.5150913325416,-192.21764790674334,167.782264818612,0.00021833088469909673,0.001008309191445499,0.17499593098958333,0.010420735677083333,0.17499593098958333,0.010420735677083333,0,idle,760.2383358692011,189.54813748888344,749.7927625550891,199.45047744589453
1791246274.764229,750.9271784514236,196.51607947564716,-192.21762342329635,167.7822910475519,0.0002139638146516571,0.000988143105565407,0.17499593098958333,0.010420735677083333,0.17499593098958333,0.010420735677083333,0,idle,768.486312178784,201.98826020467646,750.7276433018977,199.5783053197839
1791246274.780821,750.9273881355275,196.51704785598469,-192.21759942951832,167.78231675191296,0.00020968410391832029,0.0009683803375239457,0.17499593098958333,0.010420735677083333,0.17499593098958333,0.010420735677083333,0,idle,762.5098610910321,207.84055825699826,751.3169533912532,199.99233792796528
1791246274.797437,750.9275936255322,196.5179968688058,-192.21757591561584,167.78234194218683,0.00020549000460344595,0.000949012821117961,0.17499593098958333,0.010420735677083333,0.17499593098958333,0.010420735677083333,0,idle,737.0167623626054,195.9088830015582,750.6021390553252,199.78906674382497
1791246274.8140988,750.927795005336,196.51892690145726,-192.21755287199142,167.78236662865518,0.0002013798037973968,0.0009300326514622785,0.17499593098958333,0.010420735677083333,0.17499593098958333,0.010420735677083333,0,idle,748.0741770078566,202.05902137489278,750.4759322637653,199.90344800639727
1791246274.830867,750.9279923571588,196.519838333539,-192.21753028923948,167.78239082139422,0.00019735182287570642,0.000911432081763584,0.17499593098958333,0.010420735677083333,0.17499593098958333,0.010420735677083333,0,idle,741.6430651296506,191.06681103112913,750.0344763912914,199.46248201811153
1791246274.847925,750.9281857615756,196.52073153705916,-192.21750815814258,167.78241453027843,0.00019340441681230767,0.000893203520158818,0.17499593098958333,0.010420735677083333,0.17499593098958333,0.010420735677083333,0,idle,766.8031358606288,219.8434974239629,750.8730930989542,200.48238133174823
1791246274.864306,750.9283752975491,196.5216068765858,-192.21748646966762,167.78243776498496,0.00018953597350653825,0.0008753395266167929,0.17499593098958333,0.010420735677083333,0.17499593098958333,0.010420735677083333,0,idle,744.4235143732394,209.72288349008826,750.5507942218433,200.94523801221553
1791246274.881024,750.9285610424622,196.5224647093957,-192.21746521496215,167.7824605349974,0.0001857449131236474,0.0008578328099017689,0.17499593098958333,0.010420735677083333,0.17499593098958333,0.010420735677083333,0,idle,761.4086002387745,217.1610902862859,751.0938609803572,201.75684556708848
1791246274.897795,750.9287430721497,196.5233053856203,-192.2174443853508,167.78248284960955,0.00018202968744853164,0.0008406762245977502,0.17499593098958333,0.010420735677083333,0.17499593098958333,0.010420735677083333,0,idle,745.8582104302395,197.17276924707755,750.8322513810544,201.52844039350128
1791246274.914828,750.9289214609289,196.52412924838848,-192.21742397233166,167.78250471792947,0.00017838877925243236,0.0008238627681922868,0.17499593098958333,0.010420735677083333,0.17499593098958333,0.010420735677083333,0,idle,749.217967126464,188.66319911178917,750.7517066376652,200.88596099904547
1791246274.931461,750.9290962816306,196.5249366339667,-192.21740396757292,167.782526148883,0.00017482070167233648,0.0008073855782185927,0.17499593098958333,0.010420735677083333,0.17499593098958333,0.010420735677083333,0,idle,747.0362466847783,183.04245851011686,750.5660997196874,199.99455289089835
1791246274.948137,750.9292676056282,196.52572787189615,-192.21738436290934,167.78254715121744,0.000171323997602823,0.0007912379294548143,0.17499593098958333,0.010420735677083333,0.17499593098958333,0.010420735677083333,0,idle,752.8957031433962,188.16760660255574,750.6827426486706,199.4039572525142
1791246274.964842,750.9294355028672,196.52650328512732,-192.21736515033905,167.7825677335052,0.00016789723910010606,0.0007754132311793062,0.17499593098958333,0.010420735677083333,0.17499593098958333,0.010420735677083333,0,idle,732.1603268594932,194.46081622511218,749.7567813615888,199.1575368437137
1791246274.981448,750.929600041894,196.5272631901518,-192.21734632202015,167.78258790414722,0.00016453902679802883,0.0007599050244807945,0.17499593098958333,0.010420735677083333,0.17499593098958333,0.010420735677083333,0,idle,753.4459180224779,182.7656954038574,749.9413945067087,198.33866668149415
1791246274.9981282,750.9297612898833,196.52800789713143,-192.21732787026764,167.78260767137638,0.0001612479893357686,0.0007447069796223299,0.17499593098958333,0.010420735677083333,0.17499593098958333,0.010420735677083333,0,idle,770.8116885848314,208.1419806499444,750.9850623962047,198.82953985154728
1791246275.014977,750.9299193126661,196.5287377100249,-192.21730978755016,167.78262704326096,0.00015802278279701667,0.0007298128934579562,0.17499593098958333,0.010420735677083333,0.17499593098958333,0.010420735677083333,0,idle,753.6439340398753,170.52672731778006,751.1181561000319,197.41509254710772
1791246275.0316212,750.9300741747563,196.5294529267118,-192.21729206648703,167.78264602770787,0.00015486209016040306,0.0007152166869010384,0.17499593098958333,0.010420735677083333,0.17499593098958333,0.010420735677083333,0,idle,746.7115888296673,186.68469061431665,750.8979748554993,196.87925190632072
1791246275.048173,750.9302259393771,196.53015383911423,-192.21727469984518,167.78266463246584,0.0001517646207609401,0.0007009124024432191,0.17499593098958333,0.010420735677083333,0.17499593098958333,0.010420735677083333,0,idle,746.7605131310157,193.88750804117504,750.691245945665,196.73033057984574
1791246275.064854,750.9303746684869,196.53084073331596,-192.21725768053616,167.78268286512863,0.00014872910976226281,0.0006868942017229894,0.17499593098958333,0.010420735677083333,0.17499593098958333,0.010420735677083333,0,idle,745.1627400866868,179.81498443191208,750.4149619453704,195.8852158219407
1791246275.081444,750.9305204228045,196.5315138896791,-192.21724100161333,167.78270073313817,0.00014575431763944968,0.0006731563631428838,0.17499593098958333,0.010420735677083333,0.17499593098958333,0.010420735677083333,0,idle,754.8041152879568,215.94899849716336,750.6345580791015,196.88904445424683
1791246275.0981162,750.9306632618342,196.53217358295865,-192.21722465626894,167.7827182437875,0.0001428390296722109,0.0006596932795343252,0.17499593098958333,0.010420735677083333,0.17499593098958333,0.010420735677083333,0,idle,749.4272305323423,193.55879622220635,750.5743273988417,196.72315875126037
1791246275.114938,750.9308032438896,196.53282008241453,-192.21720863783145,167.7827354042239,0.00013998205544823628,0.0006464994558691686,0.17499593098958333,0.010420735677083333,0.17499593098958333,0.010420735677083333,0,idle,752.2756746557413,177.51516387795826,750.6595277446393,195.76337318207834
1791246275.131576,750.930940426118,196.53345365192155,-192.2171929397627,167.78275222145152,0.00013718222837649818,0.0006335695070170086,0.17499593098958333,0.010420735677083333,0.17499593098958333,0.010420735677083333,0,idle,768.7520249900609,199.15254075320576,751.5642829300273,195.9334334516664
1791246275.1482,750.9310748645232,196.5340745500771,-192.21717755565533,167.7827687023346,0.00013443840521030933,0.0006208981555473367,0.17499593098958333,0.010420735677083333,0.17499593098958333,0.010420735677083333,0,idle,736.8759645618919,210.5078216103145,750.8299947281055,196.66274271284655
1791246275.1649332,750.9312066139888,196.53468303030667,-192.2171624792301,167.78278485360005,0.0001317494655799405,0.0006084802295756506,0.17499593098958333,0.010420735677083333,0.17499593098958333,0.010420735677083333,0,idle,769.1545160749884,181.89882760908012,751.7463459574419,195.9251250138763
1791246275.181536,750.9313357283004,196.53527934096732,-192.21714770433337,167.78280068184017,0.00012911431153460502,0.0005963106606526373,0.17499593098958333,0.010420735677083333,0.17499593098958333,0.010420735677083333,0,idle,752.3683355396565,216.52512016999864,751.7775680951486,196.95569126681005
1791246275.1982121,750.9314622601675,196.53586372544902,-192.2171332249346,167.78281619351546,0.00012653186709362283,0.0005843844816955681,0.17499593098958333,0.010420735677083333,0.17499593098958333,0.010420735677083333,0,idle,760.3511765827988,197.92764750433827,752.2063687248049,197.00484424394406
1791246275.214952,750.9315862612452,196.536436422274,-192.2171190351238,167.78283139495727,0.00012400107780657896,0.0005726968249610623,0.17499593098958333,0.010420735677083333,0.17499593098958333,0.010420735677083333,0,idle,772.8940839820216,209.72681814475504,753.2408722886896,197.64148700096834
1791246275.23156,750.9317077821555,196.53699766519406,-192.2171051291092,167.78284629237027,0.00012152091032229635,0.0005612429200583916,0.17499593098958333,0.010420735677083333,0.17499593098958333,0.010420735677083333,0,idle,737.3443949859725,190.52570966003032,752.4461638684186,197.2862313146955
1791246275.248569,750.9318268725075,196.53754768328608,-192.2170915012149,167.78286089183496,0.00011909035196644633,0.0005500180920025145,0.17499593098958333,0.010420735677083333,0.17499593098958333,0.010420735677083333,0,idle,738.9612228010942,194.3449853732725,751.7720299508867,197.13969153481176
1791246275.265603,750.9319435809178,196.5380867010454,-192.21707814587847,167.78287519931038,0.00011670841032762228,0.0005390177593060474,0.17499593098958333,0.010420735677083333,0.17499593098958333,0.010420735677083333,0,idle,757.2808725687361,196.64584658924358,752.047582954769,197.1155113544047
1791246275.282162,750.9320579550307,196.5386149384775,-192.2170650576488,167.7828892206363,0.00011437411285170777,0.0005282374321093915,0.17499593098958333,0.010420735677083333,0.17499593098958333,0.010420735677083333,0,idle,754.6713770259914,199.63632613231965,752.1788813137374,197.24205391886096
1791246275.298848,750.9321700415371,196.53913261118785,-192.21705223118371,167.78290296153568,0.00011208650644437172,0.0005176727103482556,0.17499593098958333,0.010420735677083333,0.17499593098958333,0.010420735677083333,0,idle,768.5769216535986,193.12318689980336,752.9988898129116,197.0366023569829
1791246275.315383,750.9322798861942,196.5396399304698,-192.21703966124792,167.78291642761707,0.0001098446570815282,0.0005073192819578243,0.17499593098958333,0.010420735677083333,0.17499593098958333,0.010420735677083333,0,idle,759.2530029639095,193.5171838656044,753.3116998228857,196.86111338573184
1791246275.332054,750.9323875338437,196.54013710339092,-192.21702734271085,167.78292962437686,0.0001076476494276004,0.00049717292111284,0.17499593098958333,0.010420735677083333,0.17499593098958333,0.010420735677083333,0,idle,740.0081248374311,213.70884213246794,752.6466233388799,197.7039721373437
1791246275.348723,750.9324930284301,196.54062433287743,-192.21701527054452,167.78294255720144,0.00010549458646143267,0.000487229486502881,0.17499593098958333,0.010420735677083333,0.17499593098958333,0.010420735677083333,0,idle,739.3646049693302,186.52356620559976,751.9826226402595,197.1454147087687
1791246275.365361,750.9325964130193,196.54110181779706,-192.21700343982153,167.7829552313695,0.00010338458910969677,0.0004774849196421304,0.17499593098958333,0.010420735677083333,0.17499593098958333,0.010420735677083333,0,idle,720.2349450530251,190.18781156442344,750.3953369762575,196.79798816222507
1791246275.38202,750.9326977298151,196.54156975304028,-192.21699184571298,167.78296765205425,0.00010131679588764201,0.0004679352432129479,0.17499593098958333,0.010420735677083333,0.17499593098958333,0.010420735677083333,0,idle,750.927253506881,199.30044592323551,750.4220290537447,196.92355558875664
1791246275.398741,750.9327970201776,196.54202832959973,-192.21698048348662,167.78297982432525,9.92903625470423e-05,0.000458576559442567,0.17499593098958333,0.010420735677083333,0.17499593098958333,0.010420735677083333,0,idle,758.2575900533674,210.48359264992087,750.8139014295703,197.60199308954634
1791246275.415333,750.9328943246394,196.54247773464823,-192.2169693485048,167.78299175315087,9.730446173119507e-05,0.0004494050485122564,0.17499593098958333,0.010420735677083333,0.17499593098958333,0.010420735677083333,0,idle,760.9965031579857,191.76490434745358,751.3231239552297,197.3105655872378
1791246275.4320588,750.9329896829221,196.54291815161523,-192.21695843622257,167.78300344339993,9.535828263683099e-05,0.00044041696699829514,0.17499593098958333,0.010420735677083333,0.17499593098958333,0.010420735677083333,0,idle,767.9114264459583,216.29079781341753,752.1526296701346,198.2599955946654
1791246275.448822,750.9330831339528,196.54334976026158,-192.216947742186,167.78301489984406,9.345103068279605e-05,0.0004316086463441267,0.17499593098958333,0.010420735677083333,0.17499593098958333,0.010420735677083333,0,idle,740.8328437024056,202.10199231022372,751.5867291502274,198.45250545865736
1791246275.46546,750.93317471588,196.54377273675294,-192.21693726203017,167.7830261271593,9.15819271853697e-05,0.00042297649136306757,0.17499593098958333,0.010420735677083333,0.17499593098958333,0.010420735677083333,0,idle,740.4120733284906,179.05059755827517,751.0280833619714,197.48281189130503
1791246275.482104,750.933264466089,196.5441872537317,-192.21692699147746,167.78303712992823,8.975020904008585e-05,0.00041451697877095944,0.17499593098958333,0.010420735677083333,0.17499593098958333,0.010420735677083333,0,idle,747.6314604341867,192.0333492509077,750.8583374782808,197.210732550415
1791246275.498712,750.9333524212174,196.54459348038745,-192.2169169263358,167.7830479126418,8.79551284099269e-05,0.00040622665574816674,0.17499593098958333,0.010420735677083333,0.17499593098958333,0.010420735677083333,0,idle,742.8195942628371,189.94825002538008,750.4564838748805,196.8479943394862
1791246275.515418,750.9334386171698,196.54499158252597,-192.21690706249697,167.78305847970105,8.619595241976268e-05,0.0003981021385303321,0.17499593098958333,0.010420735677083333,0.17499593098958333,0.010420735677083333,0,idle,763.4131757565476,196.6549457881788,751.1044003551187,196.83872010895243
1791246275.532215,750.9335230891327,196.545381722637,-192.21689739593492,167.78306883541913,8.447196285690881e-05,0.000390140111027315,0.17499593098958333,0.010420735677083333,0.17499593098958333,0.010420735677083333,0,idle,737.944326415266,208.4945083173847,750.4464769064908,197.4218801524795
1791246275.54882,750.9336058715886,196.54576405996045,-192.2168879227041,167.78307898402286,8.278245587768191e-05,0.0003823373234697494,0.17499593098958333,0.010420735677083333,0.17499593098958333,0.010420735677083333,0,idle,744.587850746139,176.2947922690352,750.1536242418064,196.3658889787646
1791246275.565493,750.9336869983304,196.54613875055153,-192.2168786389379,167.78308892965453,8.112674171983178e-05,0.0003746905910826697,0.17499593098958333,0.010420735677083333,0.17499593098958333,0.010420735677083333,0,idle,776.4154072090467,206.14971295988244,751.4667904605731,196.85543613388202
1791246275.5822542,750.9337665024748,196.54650594734431,-192.21686954084703,167.78309867637356,7.950414442073202e-05,0.00036719679278566104,0.17499593098958333,0.010420735677083333,0.17499593098958333,0.010420735677083333,0,idle,760.6533140758158,208.73482002016638,751.9261921702724,197.4497541651494
1791246275.598839,750.9338444164763,196.54686580021422,-192.21686062471798,167.78310822815817,7.791400154121434e-05,0.00035985286991900643,0.17499593098958333,0.010420735677083333,0.17499593098958333,0.010420735677083333,0,idle,756.3696586232836,189.19111822700285,752.1484395112244,197.03716422846847
1791246275.6154912,750.9339207721401,196.54721845603922,-192.2168518869115,167.78311758890715,7.63556638949326e-05,0.0003526558249953086,0.17499593098958333,0.010420735677083333,0.17499593098958333,0.010420735677083333,0,idle,741.7974462388892,205.45812499972257,751.6309623854883,197.45854729006493
1791246275.6321762,750.9339956006354,196.5475640587597,-192.21684332386116,167.7831267624411,7.482849528314666e-05,0.00034560272047607835,0.17499593098958333,0.010420735677083333,0.17499593098958333,0.010420735677083333,0,idle,758.8799398934764,206.59751804080176,751.9934823479582,197.9158241501862
1791246275.648719,750.9340689325077,196.54790274943727,-192.2168349320718,167.7831357525044,7.333187223481651e-05,0.00033869067757278943,0.17499593098958333,0.010420735677083333,0.17499593098958333,0.010420735677083333,0,idle,755.0122568272391,184.18097424228367,752.144490737201,197.2294034109348
1791246275.665566,750.9341407976914,196.54823466631234,-192.21682670811825,167.78314456276644,7.186518375190087e-05,0.00033191687507191155,0.17499593098958333,0.010420735677083333,0.17499593098958333,0.010420735677083333,0,idle,760.345885917355,179.3927588532612,752.5546287681332,196.33788650408243
1791246275.682146,750.9342112255224,196.54855994486053,-192.21681864864377,167.78315319682324,7.042783105975538e-05,0.0003252785481834408,0.17499593098958333,0.010420735677083333,0.17499593098958333,0.010420735677083333,0,idle,741.1821990006382,205.30368498792078,751.9860741861979,196.78648544289513
1791246275.6987321,750.9342802447497,196.54887871784794,-192.21681075035877,167.78316165819888,6.901922736252874e-05,0.00031877298741245886,0.17499593098958333,0.010420735677083333,0.17499593098958333,0.010420735677083333,0,idle,741.1116447836652,185.4007164367593,751.4424182843372,196.21749982692637
1791246275.716165,750.9343478835474,196.54919111538538,-192.21680301003948,167.78316995034703,6.763879760345605e-05,0.00031239753745325953,0.17499593098958333,0.010420735677083333,0.17499593098958333,0.010420735677083333,0,idle,746.5689965308754,208.249306764488,751.1988114535219,196.81938695146502
1791246275.7321112,750.9344141695257,196.54949726498148,-192.2167954245266,167.7831780766522,6.628597822995163e-05,0.00030614959610559156,0.17499593098958333,0.010420735677083333,0.17499593098958333,0.010420735677083333,0,idle,732.6676575305274,198.62461325603348,750.2723167290516,196.90993910880974
1791246275.7481248,750.9344791297426,196.5497972915947,-192.21678799072396,167.78318604043125,6.496021696340484e-05,0.0003000266132125757,0.17499593098958333,0.010420735677083333,0.17499593098958333,0.010420735677083333,0,idle,754.5083882098285,186.5639553120334,750.4841820152965,196.39292494425348
1791246275.7647989,750.9345427907152,196.55009131768432,-192.21678070559736,167.78319384493477,6.366097257358495e-05,0.00029402608961986244,0.17499593098958333,0.010420735677083333,0.17499593098958333,0.010420735677083333,0,idle,743.2755521060739,195.64826775594995,750.1238109977594,196.35597140962344
1791246275.7816231,750.9346051784299,196.55037946326047,-192.2167735661733,167.78320149334817,6.238771465756217e-05,0.0002881455761556053,0.17499593098958333,0.010420735677083333,0.17499593098958333,0.010420735677083333,0,idle,738.6016868115694,200.0783025663414,749.5477640567789,196.54236170575666
1791246275.7982872,750.9346663183534,196.5506618459331,-192.2167665695377,167.78320898879335,6.113992342305497e-05,0.00028238267263083403,0.17499593098958333,0.010420735677083333,0.17499593098958333,0.010420735677083333,0,idle,742.5735369716012,193.76137679836881,749.1991107854473,196.40358072392627
1791246275.814869,750.9347262354429,196.55093858095995,-192.21675971283483,167.78321633432958,5.991708947611461e-05,0.00027673502685981923,0.17499593098958333,0.010420735677083333,0.17499593098958333,0.010420735677083333,0,idle,747.9050267245015,190.24400041237556,749.1344635036351,196.09586460662425
1791246275.8314712,750.9347849541565,196.55120978129366,-192.21675299326603,167.7832235329551,5.871871361305992e-05,0.00027120033370002896,0.17499593098958333,0.010420735677083333,0.17499593098958333,0.010420735677083333,0,idle,768.6257752601242,198.1736044197384,750.1090848742374,196.200009237597
1791246275.8481238,750.9348424984631,196.55147555762778,-192.2167464080886,167.7832305876081,5.7544306616577326e-05,0.0002657763341112851,0.17499593098958333,0.010420735677083333,0.17499593098958333,0.010420735677083333,0,idle,764.2128184753454,209.6740785099356,750.8143262213841,196.87396518873132
1791246275.8651588,750.9348988918522,196.55173601844203,-192.21673995461472,167.78323750116806,5.639338905590271e-05,0.0002604608142337361,0.17499593098958333,0.010420735677083333,0.17499593098958333,0.010420735677083333,0,idle,758.2730302521874,184.16513273269004,751.1873149966439,196.2387710037028
1791246275.881815,750.9349541573433,196.5519912700465,-192.2167336302103,167.78324427645683,5.526549109100318e-05,0.00025525160448426924,0.17499593098958333,0.010420735677083333,0.17499593098958333,0.010420735677083333,0,idle,737.9146497055688,192.2589757698628,750.5237342343067,196.04002373103503
1791246275.8985758,750.9350083174957,196.55224141662518,-192.216727432294,167.78325091623978,5.4160152280678664e-05,0.00025014657867099407,0.17499593098958333,0.010420735677083333,0.17499593098958333,0.010420735677083333,0,idle,756.4892301379766,197.64556334273092,750.8220604816349,196.12053835086957
1791246275.915545,750.9350613944171,196.5524865602783,-192.216721358336,167.7832574232271,5.307692139450471e-05,0.0002451436531254354,0.17499593098958333,0.010420735677083333,0.17499593098958333,0.010420735677083333,0,idle,780.4563529266602,205.62077358898142,752.3038255269615,196.59578299924564
1791246275.932222,750.9351134097733,196.55272680106415,-192.21671540585717,167.78326380007468,5.2015356228539765e-05,0.0002402407858520815,0.17499593098958333,0.010420735677083333,0.17499593098958333,0.010420735677083333,0,idle,746.9183453098485,203.0989702677134,752.0346009306943,196.92117059141557
1791246275.966592,750.9351643847967,196.55296223703985,-192.2167095724279,167.7832700493853,5.097502342472126e-05,0.00023543597569494133,0.17499593098958333,0.010420735677083333,0.17499593098958333,0.010420735677083333,0,idle,752.849311242894,191.40171156306602,752.0753848725766,196.64542130417502
1791246275.968574,750.935214340295,196.55319296430136,-192.21670385566722,167.7832761737097,4.995549829387674e-05,0.0002307272615207692,0.17499593098958333,0.010420735677083333,0.17499593098958333,0.010420735677083333,0,idle,759.48841003101,185.81827312354457,752.4460835882217,196.10428308604193
1791246275.983837,750.9352632966596,196.55341907702277,-192.21669825324176,167.78328217554764,4.8956364642277646e-05,0.0002261127214186248,0.17499593098958333,0.010420735677083333,0.17499593098958333,0.010420735677083333,0,idle,742.6576461946692,212.45127360272718,751.9567082270904,196.92184741896153
1791246276.00067,750.9353112738743,196.55364066749468,-192.21669276286482,167.7832880573488,4.797721460166459e-05,0.00022159047191544137,0.17499593098958333,0.010420735677083333,0.17499593098958333,0.010420735677083333,0,idle,765.7328037402184,198.49909517051776,752.6455585811008,197.00092031748767
1791246276.01698,750.9353582915228,196.55385782616187,-192.21668738229542,167.78329382151392,4.701764846267492e-05,0.0002171586672072819,0.17499593098958333,0.010420735677083333,0.17499593098958333,0.010420735677083333,0,idle,727.0442198890555,192.66481027347808,751.3655363132646,196.78432111602103
1791246276.032104,750.9354043687973,196.55407064166027,-192.2166821093374,167.78329947039575,4.607727451160406e-05,0.0002128154984059696,0.17499593098958333,0.010420735677083333,0.17499593098958333,0.010420735677083333,0,idle,732.4901129429327,202.4434732848269,750.4218089181587,197.0674808991848
1791246276.048218,750.9354495245062,196.55427920085307,-192.21667694183853,167.78330500629994,4.515570887043415e-05,0.00020855919280078535,0.17499593098958333,0.010420735677083333,0.17499593098958333,0.010420735677083333,0,idle,746.7866796928819,202.51688093258412,750.2400953548183,197.34014903208794
1791246276.065063,750.9354937770815,196.55448358886622,-192.21667187768963,167.7833104314861,4.425257534006435e-05,0.0002043880131349307,0.17499593098958333,0.010420735677083333,0.17499593098958333,0.010420735677083333,0,idle,770.0130632699171,179.08513359178548,751.2287857905199,196.4275924286853
1791246276.0818298,750.9355371445868,196.5546838891231,-192.21666691482372,167.78331574816846,4.336750524667884e-05,0.00020030025689646102,0.17499593098958333,0.010420735677083333,0.17499593098958333,0.010420735677083333,0,idle,750.1217805558651,189.6116020769866,751.1734767279171,196.08698319634442
1791246276.098401,750.935579644724,196.55488018337874,-192.21666205121514,167.7833209585172,4.2500137291189406e-05,0.00019629425562339963,0.17499593098958333,0.010420735677083333,0.17499593098958333,0.010420735677083333,0,idle,742.9734846832301,195.1269118306621,750.7635175008131,196.03916610760317
1791246276.1160572,750.9356212948414,196.55507255175297,-192.21665728487872,167.78332606465898,4.165011740169146e-05,0.00019236837422274914,0.17499593098958333,0.010420735677083333,0.17499593098958333,0.010420735677083333,0,idle,763.3559514556638,212.80159930433427,751.3931787661672,196.87747051739524
1791246276.133421,750.93566211194,196.55526107276327,-192.21665261386903,167.78333106867794,4.081709858887263e-05,0.0001885210103031222,0.17499593098958333,0.010420735677083333,0.17499593098958333,0.010420735677083333,0,idle,765.0401728025466,204.9963062149152,752.0755672442299,197.28359139723102
1791246276.150057,750.9357021126808,196.5554458233568,-192.21664803627954,167.78333597261647,4.000074080431539e-05,0.00018475059352071927,0.17499593098958333,0.010420735677083333,0.17499593098958333,0.010420735677083333,0,idle,748.6973624758297,197.08598230031342,751.9066950065136,197.27388645544897
1791246276.166768,750.9357413133916,196.55562687894172,-192.21664355024183,167.7833407784763,3.920071080163507e-05,0.00018105558493838617,0.17499593098958333,0.010420735677083333,0.17499593098958333,0.010420735677083333,0,idle,754.5225119684088,195.6841553377956,752.0375230952836,197.194571902372
1791246276.183707,750.9357797300736,196.55580431341812,-192.2166391539249,167.78334548821886,3.8416682000397237e-05,0.0001774344763974905,0.17499593098958333,0.010420735677083333,0.17499593098958333,0.010420735677083333,0,idle,747.1272966524914,188.3024482483482,751.7920482689918,196.75013428242337
1791246276.201236,750.9358173784079,196.55597819920803,-192.2166348455343,167.7833501037666,3.764833435275803e-05,0.00017388578990235984,0.17499593098958333,0.010420735677083333,0.17499593098958333,0.010420735677083333,0,idle,752.8223491124488,199.56266490746768,751.8435990770823,196.890926005176
1791246276.217358,750.9358542737622,196.55614860728505,-192.2166306233115,167.78335462700335,3.6895354212773585e-05,0.00017040807701703108,0.17499593098958333,0.010420735677083333,0.17499593098958333,0.010420735677083333,0,idle,768.3204174544055,200.96179053961973,752.6674750465351,197.09463111957135
1791246276.2343528,750.9358904311964,196.55631560720332,-192.21662648553314,167.78335905977542,3.6157434208324596e-05,0.00016699991827406424,0.17499593098958333,0.010420735677083333,0.17499593098958333,0.010420735677083333,0,idle,731.8152028474144,203.6638866479488,751.6248957861416,197.42325254591256
1791246276.252139,750.9359258654695,196.55647926712592,-192.21662243051037,167.783363403892,3.543427311560404e-05,0.00016365992259517978,0.17499593098958333,0.010420735677083333,0.17499593098958333,0.010420735677083333,0,idle,739.7612116983157,201.5152930977804,751.0317452443097,197.62801005043244
1791246276.2687712,750.9359605910452,196.55663965385264,-192.21661845658804,167.78336766112628,3.4725575736116446e-05,0.00016038672672348287,0.17499593098958333,0.010420735677083333,0.17499593098958333,0.010420735677083333,0,idle,754.4430685380516,189.28478348315838,751.2023443982937,197.2110010894591
1791246276.28526,750.935994622098,196.5567968328473,-192.21661456214417,167.78337183321588,3.4031052776138575e-05,0.00015717899466704288,0.17499593098958333,0.010420735677083333,0.17499593098958333,0.010420735677083333,0,idle,747.9036821922034,196.67113944541487,751.0374436174893,197.18415732730182
1791246276.3027651,750.9360279725187,196.55695086826447,-192.21661074558918,167.7833759218637,3.3350420728592194e-05,0.0001540354171536009,0.17499593098958333,0.010420735677083333,0.17499593098958333,0.010420735677083333,0,idle,752.2402894218031,199.1089166579004,751.0976175906047,197.28054162747804
1791246276.31933,750.9360606559204,196.55710182297557,-192.2166070053653,167.7833799287385,3.268340175728072e-05,0.00015095471109618304,0.17499593098958333,0.010420735677083333,0.17499593098958333,0.010420735677083333,0,idle,755.1356291585133,200.2380465788848,751.2995492182318,197.42856028202394
1791246276.3370738,750.936092685644,196.55724975859465,-192.21660333994586,167.78338385547588,3.2029723583442215e-05,0.0001479356190694009,0.17499593098958333,0.010420735677083333,0.17499593098958333,0.010420735677083333,0,idle,750.2298353488793,203.60304844387164,751.2460939530016,197.73742522895446
1791246276.353594,750.9361240747634,196.55739473550344,-192.21659974783483,167.78338770367847,3.138911937457257e-05,0.00014497690879622616,0.17499593098958333,0.010420735677083333,0.17499593098958333,0.010420735677083333,0,idle,747.1076729380758,199.6361012737819,751.0392027219187,197.8324967592592
1791246276.370338,750.936154836091,196.5575368128761,-192.21659622756601,167.783391474917,3.0761327635473337e-05,0.000142077372645029,0.17499593098958333,0.010420735677083333,0.17499593098958333,0.010420735677083333,0,idle,755.2206490208289,198.6878612354133,751.2483042601255,197.8753999565709
1791246276.387805,750.936184982183,196.55767604870323,-192.21659277770257,167.78339517073078,3.014609210147962e-05,0.00013923582713667602,0.17499593098958333,0.010420735677083333,0.17499593098958333,0.010420735677083333,0,idle,767.7604618451238,184.08173495635003,752.0739407781629,197.18584898059564
1791246276.404862,750.9362145253447,196.5578124998157,-192.2165893968364,167.78339879262828,2.9543161633824514e-05,0.00013645111246148546,0.17499593098958333,0.010420735677083333,0.17499593098958333,0.010420735677083333,0,idle,739.2544967923122,199.40595171212087,751.4329966448739,197.29698374572874
1791246276.421798,750.9362434776348,196.5579462219077,-192.21658608358757,167.78340234208784,2.8952290117097182e-05,0.0001337220920058435,0.17499593098958333,0.010420735677083333,0.17499593098958333,0.010420735677083333,0,idle,756.9620196689489,174.34006045578252,751.7094753007533,196.14926461721885
1791246276.4387789,750.9362718508711,196.5580772695596,-192.21658283660372,167.78340582055816,2.8373236358752697e-05,0.00013104765188828778,0.17499593098958333,0.010420735677083333,0.17499593098958333,0.010420735677083333,0,idle,734.7723124097545,182.67044411316488,750.8626441107779,195.47544808728543
1791246276.4556868,750.9362996566351,196.5582056962601,-192.21657965455952,167.78340922945912,2.780576399063271e-05,0.0001284267005048693,0.17499593098958333,0.010420735677083333,0.17499593098958333,0.010420735677083333,0,idle,749.7877711892174,203.86857361215834,750.8089268801757,195.89522636889455
1791246276.473196,750.9363269062765,196.55833155442818,-192.21657653615623,167.78341257018207,2.724964137245644e-05,0.0001258581680836066,0.17499593098958333,0.010420735677083333,0.17499593098958333,0.010420735677083333,0,idle,761.0870073290911,197.084280188072,751.3228567897808,195.95479862511309
1791246276.490347,750.936353610918,196.55845489543444,-192.21657348012099,167.7834158440905,2.6704641497242798e-05,0.00012334100624785088,0.17499593098958333,0.010420735677083333,0.17499593098958333,0.010420735677083333,0,idle,765.1930956379123,183.50312479525036,752.0163941015968,195.3323321075759
1791246276.507083,750.9363797814599,196.55857576962202,-192.21657048520646,167.78341905252083,2.6170541898624835e-05,0.00012087418758838361,0.17499593098958333,0.010420735677083333,0.17499593098958333,0.010420735677083333,0,idle,742.9512500873449,198.75192877878646,751.563161762899,195.50342677161464
1791246276.5240169,750.9364054285844,196.55869422632728,-192.2165675501902,167.78342219678254,2.5647124560018594e-05,0.00011845670524407193,0.17499593098958333,0.010420735677083333,0.17499593098958333,0.010420735677083333,0,idle,756.5102306224765,192.9653309296714,751.8105395706461,195.37663451338747
1791246276.54091,750.9364305627603,196.55881031389976,-192.21656467387427,167.783425278159,2.5134175825609498e-05,0.0001160875724909109,0.17499593098958333,0.010420735677083333,0.17499593098958333,0.010420735677083333,0,idle,741.1523653452027,202.28473144607497,751.2776547368411,195.72214964321572
1791246276.557906,750.9364551942466,196.5589240797221,-192.21656185508468,167.78342829790793,2.4631486313119588e-05,0.00011376582233928463,0.17499593098958333,0.010420735677083333,0.17499593098958333,0.010420735677083333,0,idle,750.1705057255846,206.45949467607346,751.2223206861903,196.25912497238983
1791246276.574925,750.9364793330974,196.55903557022924,-192.21655909267088,167.7834312572619,2.413885082832013e-05,0.00011149050713928218,0.17499593098958333,0.010420735677083333,0.17499593098958333,0.010420735677083333,0,idle,751.7598541383527,181.60062096572898,751.2492202907067,195.52630568803858
1791246276.591779,750.9365029891657,196.55914483092744,-192.21655638550536,167.78343415742876,2.365606828125467e-05,0.00010926069819390687,0.17499593098958333,0.010420735677083333,0.17499593098958333,0.010420735677083333,0,idle,759.9699835933094,197.2825552127835,751.6852809291017,195.6142219619391
1791246276.608768,750.9365261721073,196.5592519064128,-192.21655373248313,167.7834369995923,2.3182941604138216e-05,0.00010707548538002136,0.17499593098958333,0.010420735677083333,0.17499593098958333,0.010420735677083333,0,idle,744.4890690612334,196.01063260012972,751.3254923595028,195.63414421555976
1791246276.626258,750.936548891385,196.5593568403896,-192.21655113252135,167.78343978491256,2.2719277670899095e-05,0.0001049339767768736,0.17499593098958333,0.010420735677083333,0.17499593098958333,0.010420735677083333,0,idle,755.8493062346056,189.33443806315123,751.5517046365718,195.31925859521726
1791246276.643222,750.9365711562722,196.5594596756879,-192.2165485845588,167.78344251452643,2.22648872183305e-05,0.00010283529830205222,0.17499593098958333,0.010420735677083333,0.17499593098958333,0.010420735677083333,0,idle,741.7979996547665,213.3644827440762,751.0640405391243,196.2216174961936
1791246276.660212,750.9365929758569,196.55956045428124,-192.2165460875555,167.78344518954802,2.1819584768819585e-05,0.0001007785933547227,0.17499593098958333,0.010420735677083333,0.17499593098958333,0.010420735677083333,0,idle,745.4235084146627,195.33864288639464,750.7820346615067,196.17756450536734
1791246276.676395,750.9366143590455,196.5596592173037,-192.2165436404923,167.78344781106915,2.138318855462256e-05,9.876302246599857e-05,0.17499593098958333,0.010420735677083333,0.17499593098958333,0.010420735677083333,0,idle,742.8980334323214,201.8620613338245,750.3878549140766,196.46188317166155
1791246276.693393,750.9366353145659,196.55975600506667,-192.21654124237034,167.7834503801599,2.0955520443654737e-05,9.678776295630528e-05,0.17499593098958333,0.010420735677083333,0.17499593098958333,0.010420735677083333,0,idle,722.868037367631,184.51967380304302,749.0118839444987,195.86486465160544
1791246276.710448,750.9366558509718,196.55985085707528,-192.21653889221082,167.7834528978688,2.0536405866765294e-05,9.485200859959644e-05,0.17499593098958333,0.010420735677083333,0.17499593098958333,0.010420735677083333,0,idle,761.9071845497949,191.41454269163907,749.656668484349,195.6424386630153
1791246276.727493,750.9366759766455,196.55994381204457,-192.2165365890545,167.78345536522355,2.012567374646705e-05,9.295496929428589e-05,0.17499593098958333,0.010420735677083333,0.17499593098958333,0.010420735677083333,0,idle,755.7902406928367,171.2185641491552,749.9633662141634,194.42133324454312
1791246276.744661,750.9366956998019,196.5600349079153,-192.2165343319613,167.78345778323117,1.9723156427092065e-05,9.109587074076079e-05,0.17499593098958333,0.010420735677083333,0.17499593098958333,0.010420735677083333,0,idle,776.234021397449,215.27007326212566,751.2769177103264,195.46385678649946
1791246276.761657,750.9367150284916,196.56012418186944,-192.21653212000996,167.78346015287866,1.93286896063446e-05,8.927395412534457e-05,0.17499593098958333,0.010420735677083333,0.17499593098958333,0.010420735677083333,0,idle,757.980135549874,196.05323437875245,751.612096964559,195.49341047636852
1791246276.7785568,750.9367339706039,196.56021167034524,-192.21652995229763,167.7834624751332,1.8942112268223383e-05,8.748847581058032e-05,0.17499593098958333,0.010420735677083333,0.17499593098958333,0.010420735677083333,0,idle,731.5730655534286,173.59011960718502,750.6101633890091,194.39832904696135
1791246276.795549,750.9367525338705,196.56029740905228,-192.21652782793956,167.78346475094267,1.856326661728594e-05,8.573870703170861e-05,0.17499593098958333,0.010420735677083333,0.17499593098958333,0.010420735677083333,0,idle,760.982995636804,195.59542413550363,751.1288226365022,194.45826525316016
1791246276.812588,750.9367707258685,196.56038143298588,-192.21652574606864,167.78346698123593,1.81919980142279e-05,8.402393359921555e-05,0.17499593098958333,0.010420735677083333,0.17499593098958333,0.010420735677083333,0,idle,752.0722304340319,200.76418362462843,751.1760103087768,194.7736409944705
1791246276.829362,750.9367885540235,196.56046377644148,-192.21652370583516,167.78346916692334,1.7828154912751202e-05,8.234345560732983e-05,0.17499593098958333,0.010420735677083333,0.17499593098958333,0.010420735677083333,0,idle,734.2900678726746,176.02451706031147,750.3317301237188,193.83626302404537
1791246276.845547,750.9368060256122,196.56054447302864,-192.21652170640635,167.78347130889696,1.7471588797695227e-05,8.06965871483498e-05,0.17499593098958333,0.010420735677083333,0.17499593098958333,0.010420735677083333,0,idle,749.7962084675764,212.6028077640988,750.304970638921,194.77466692280584
1791246276.862558,750.9368231477663,196.56062355568469,-192.2165197469661,167.78347340803117,1.7122154124405665e-05,7.908265603268388e-05,0.17499593098958333,0.010420735677083333,0.17499593098958333,0.010420735677083333,0,idle,750.869825643891,183.56613358676722,750.3332296552159,194.21431538452714
1791246276.8793018,750.9368399274746,196.5607010566882,-192.21651782671466,167.78347546518265,1.6779708259316372e-05,7.750100351449005e-05,0.17499593098958333,0.010420735677083333,0.17499593098958333,0.010420735677083333,0,idle,758.5426642643444,185.59903163411957,750.7437173263952,193.7836248229601
1791246276.8962638,750.936856371586,196.56077700767221,-192.21651594486826,167.7834774811911,1.6444111421719846e-05,7.595098402280259e-05,0.17499593098958333,0.010420735677083333,0.17499593098958333,0.010420735677083333,0,idle,765.8534380501376,216.4791698265239,751.4992189844882,194.9184742265731
1791246276.9138439,750.9368724868126,196.5608514396371,-192.21651410065877,167.7834794568794,1.6115226626702668e-05,7.443196489803614e-05,0.17499593098958333,0.010420735677083333,0.17499593098958333,0.010420735677083333,0,idle,745.6191014302768,191.8874303060805,751.2052284162428,194.7669927409151
1791246276.9304278,750.9368882797322,196.56092438296324,-192.2165122933335,167.78348139305393,1.5792919629222505e-05,7.294332613375963e-05,0.17499593098958333,0.010420735677083333,0.17499593098958333,0.010420735677083333,0,idle,748.7198884531034,200.87308014105412,751.0809764213594,195.0723664070819
1791246276.947934,750.9369037567911,196.56099586742337,-192.21651052215472,167.78348329050496,1.5477058869303798e-05,7.148446012363466e-05,0.17499593098958333,0.010420735677083333,0.17499593098958333,0.010420735677083333,0,idle,741.9678936720187,192.0338567655882,750.6253369870983,194.92050883524433
1791246276.96442,750.9369189243066,196.56106592219479,-192.21650878639952,167.78348515000698,1.5167515418329879e-05,7.005477141341514e-05,0.17499593098958333,0.010420735677083333,0.17499593098958333,0.010420735677083333,0,idle,740.8601507887914,188.61383467922494,750.1370920863227,194.6052416794762
1791246276.981954,750.9369337884696,196.56113457587125,-192.2165070853594,167.78348697231897,1.4864162926409501e-05,6.86536764579067e-05,0.17499593098958333,0.010420735677083333,0.17499593098958333,0.010420735677083333,0,idle,745.6914415079136,180.42948889814983,749.914823678357,193.89651926140252
1791246276.99841,750.9369483553471,196.56120185647464,-192.21650541834012,167.7834887581847,1.4566877570796248e-05,6.728060338278709e-05,0.17499593098958333,0.010420735677083333,0.17499593098958333,0.010420735677083333,0,idle,757.2583533168819,205.7400316344588,750.282013998817,194.48875879662856
1791246277.015933,750.9369626308851,196.56126779146638,-192.2165037846612,167.7834905083331,1.4275538005339816e-05,6.593499175118988e-05,0.17499593098958333,0.010420735677083333,0.17499593098958333,0.010420735677083333,0,idle,736.503655053712,215.1322014647071,749.5931096133228,195.52099356827463
1791246277.031884,750.9369766209104,196.56133240775873,-192.21650218365585,167.78349222347856,1.3990025310948499e-05,6.461629233495662e-05,0.17499593098958333,0.010420735677083333,0.17499593098958333,0.010420735677083333,0,idle,760.6268274361337,194.96935776863754,750.1448087949874,195.49347316377052
1791246277.0486872,750.9369903311333,196.5613957317256,-192.21650061467062,167.7834939043211,1.3710222947042662e-05,6.332396689046388e-05,0.17499593098958333,0.010420735677083333,0.17499593098958333,0.010420735677083333,0,idle,754.9717447146415,208.24295420038845,750.3861686156819,196.13100737336995
1791246277.066144,750.93700376715,196.56145778921356,-192.2164990770651,167.7834955515468,1.3436016703979333e-05,6.205748793893357e-05,0.17499593098958333,0.010420735677083333,0.17499593098958333,0.010420735677083333,0,idle,761.7091275133887,179.82466652346602,750.9523293247831,195.31574928548832
1791246277.0829298,750.9370169344447,196.56151860555212,-192.2164975702117,167.78349716582798,1.3167294656428513e-05,6.081633855113716e-05,0.17499593098958333,0.010420735677083333,0.17499593098958333,0.010420735677083333,0,idle,759.3008696241335,190.30381383321864,751.3697688486806,195.0652102883965
1791246277.099664,750.9370298383918,196.56157820556427,-192.21649609349535,167.78349874782353,1.290394711768216e-05,5.960001213640574e-05,0.17499593098958333,0.010420735677083333,0.17499593098958333,0.010420735677083333,0,idle,740.6385062343688,193.29537278281123,750.8332179767148,194.97677503312877
1791246277.1165922,750.9370424842584,196.5616366135765,-192.21649464631332,167.78350029817915,1.2645866594877189e-05,5.840801223585976e-05,0.17499593098958333,0.010420735677083333,0.17499593098958333,0.010420735677083333,0,idle,757.5219723833184,199.41379125359356,751.1676677106182,195.19868133176362
1791246277.1335418,750.9370548772062,196.5616938534288,-192.21649322807494,167.78350181752768,1.2392947745114177e-05,5.723985231977425e-05,0.17499593098958333,0.010420735677083333,0.17499593098958333,0.010420735677083333,0,idle,769.7033650892836,199.60673689340237,752.0944643528518,195.41913848770525
1791246277.1504772,750.9370670222935,196.5617499484844,-192.21649183820134,167.78350330648925,1.2145087332453894e-05,5.6095055588996606e-05,0.17499593098958333,0.010420735677083333,0.17499593098958333,0.010420735677083333,0,idle,737.6266367652256,213.52399738595727,751.3710845113035,196.32443472292067
1791246277.167507,750.9370789244776,196.56180492163918,-192.2164904761252,167.78350476567158,1.1902184185774023e-05,5.497315478033601e-05,0.17499593098958333,0.010420735677083333,0.17499593098958333,0.010420735677083333,0,idle,737.0655862035292,204.44795391016123,750.6558209029897,196.73066290677974
1791246277.184612,750.9370905886168,196.56185879533115,-192.21648914129057,167.78350619567027,1.1664139157468964e-05,5.3873691975845064e-05,0.17499593098958333,0.010420735677083333,0.17499593098958333,0.010420735677083333,0,idle,746.0292803766451,184.35343009778362,750.4245049576047,196.1118524463373
1791246277.20082,750.9371020194719,196.56191159154957,-192.21648783315266,167.78350759706896,1.1430855082975747e-05,5.279621841591572e-05,0.17499593098958333,0.010420735677083333,0.17499593098958333,0.010420735677083333,0,idle,759.8059513824784,200.96617683248482,750.8935881381607,196.3546188220522
1791246277.217736,750.9371132217086,196.56196333184388,-192.2164865511775,167.7835089704397,1.1202236741109605e-05,5.1740294316113265e-05,0.17499593098958333,0.010420735677083333,0.17499593098958333,0.010420735677083333,0,idle,737.0012033353091,203.83569843047627,750.198979540143,196.728721955753
1791246277.234561,750.9371241998995,196.56201403733257,-192.21648529484185,167.783510316343,1.097819081519296e-05,5.07054886876736e-05,0.17499593098958333,0.010420735677083333,0.17499593098958333,0.010420735677083333,0,idle,748.1714490106752,219.16864534670054,750.0976134429509,197.85076629551463
1791246277.250674,750.9371349585253,196.56206372871173,-192.2164840636329,167.78351163532824,1.0758625854961983e-05,4.9691379161590555e-05,0.17499593098958333,0.010420735677083333,0.17499593098958333,0.010420735677083333,0,idle,745.8001078282031,181.2317299946358,749.8827483829081,197.0198616872809
1791246277.2677429,750.9371455019776,196.56211242626355,-192.2164828570481,167.78351292793383,1.0543452239235129e-05,4.86975518162214e-05,0.17499593098958333,0.010420735677083333,0.17499593098958333,0.010420735677083333,0,idle,763.5059545524686,197.3624990084129,750.5639187076657,197.0370398160117
1791246277.284617,750.9371558345598,196.56216014986455,-192.21648167459503,167.78351419468726,1.0332582139328464e-05,4.772360100834023e-05,0.17499593098958333,0.010420735677083333,0.17499593098958333,0.010420735677083333,0,idle,733.9292568774399,179.13637593264065,749.7321954321075,196.1420519592641
1791246277.3014872,750.9371659604893,196.56220691899375,-192.216480515791,167.78351543610563,1.0125929483202755e-05,4.6769129207570315e-05,0.17499593098958333,0.010420735677083333,0.17499593098958333,0.010420735677083333,0,idle,737.5485692501512,179.7834793739866,749.1230237426427,195.32416776067296
1791246277.318582,750.9371758838993,196.5622527527406,-192.21647938016307,167.78351665269562,9.923409920327784e-06,4.583374683412766e-05,0.17499593098958333,0.010420735677083333,0.17499593098958333,0.010420735677083333,0,idle,733.5651136735494,188.1718284710949,748.3451376664275,194.96659433825357
1791246277.335413,750.9371856088401,196.5622976698127,-192.21647826724768,167.78351784495382,9.724940787249458e-06,4.4917072099809776e-05,0.17499593098958333,0.010420735677083333,0.17499593098958333,0.010420735677083333,0,idle,753.5604674613436,208.8098712666028,748.6059133948671,195.65880085588952
1791246277.352288,750.9371951392811,196.56234168854354,-192.21647717659062,167.78351901336688,9.5304410738457e-06,4.4018730852164586e-05,0.17499593098958333,0.010420735677083333,0.17499593098958333,0.010420735677083333,0,idle,745.786050067376,193.7991875528568,748.4649292824115,195.56586200853218
1791246277.370157,750.9372044791126,196.56238482689997,-192.2164761077467,167.78352015841165,9.3398313902573e-06,4.313835642177598e-05,0.17499593098958333,0.010420735677083333,0.17499593098958333,0.010420735677083333,0,idle,777.3421971422348,195.1945290617737,749.9088015482425,195.54733634263286
1791246277.387255,750.9372136321465,196.56242710248944,-192.21647506027966,167.78352128055553,9.153033934480282e-06,4.2275589472603614e-05,0.17499593098958333,0.010420735677083333,0.17499593098958333,0.010420735677083333,0,idle,739.4348311292781,175.80754316091156,749.3851117226766,194.5603868453568
1791246277.404086,750.9372226021189,196.5624685325673,-192.21647403376195,167.78352238025653,8.969972460606485e-06,4.143007785531585e-05,0.17499593098958333,0.010420735677083333,0.17499593098958333,0.010420735677083333,0,idle,748.2543443113677,183.93818325229782,749.328581873585,194.02931602427782
1791246277.420484,750.9372313926912,196.56250913404375,-192.2164730277746,167.7835234579635,8.79057224769946e-06,4.060147646355612e-05,0.17499593098958333,0.010420735677083333,0.17499593098958333,0.010420735677083333,0,idle,754.8578655544351,201.23212414499585,749.6050544086711,194.38949500171634
1791246277.437428,750.9372400074512,196.56254892349085,-192.216472041907,167.78352451411635,8.614760069292889e-06,3.978944709308385e-05,0.17499593098958333,0.010420735677083333,0.17499593098958333,0.010420735677083333,0,idle,769.8739287071667,194.19472328735648,750.618506307618,194.3797942159731
1791246277.454592,750.9372484499154,196.56258791714916,-192.21647107575674,167.78352554914613,8.442464163499169e-06,3.899365830373258e-05,0.17499593098958333,0.010420735677083333,0.17499593098958333,0.010420735677083333,0,idle,761.4572126458683,198.12040110175042,751.1604496448714,194.56686160423737
1791246277.471564,750.9372567235296,196.56262613093443,-192.2164701289295,167.78352656347533,8.273614203715869e-06,3.821378528412891e-05,0.17499593098958333,0.010420735677083333,0.17499593098958333,0.010420735677083333,0,idle,752.2099035548897,207.36568868763825,751.2129302003058,195.20683926150343
1791246277.488537,750.9372648316709,196.56266358044417,-192.2164692010388,167.7835275575179,8.108141269918162e-06,3.744950971911705e-05,0.17499593098958333,0.010420735677083333,0.17499593098958333,0.010420735677083333,0,idle,757.6242547903138,176.31580263460617,751.5335041325404,194.2623230071928
1791246277.505528,750.9372727776487,196.56270028096384,-192.2164682917059,167.78352853167968,7.94597782052545e-06,3.6700519659834855e-05,0.17499593098958333,0.010420735677083333,0.17499593098958333,0.010420735677083333,0,idle,765.4747661779153,190.59422879437616,752.2305747834881,194.07895316204565
1791246277.522484,750.9372805647064,196.56273624747323,-192.21646740055965,167.78352948635822,7.787057664830762e-06,3.5966509396388326e-05,0.17499593098958333,0.010420735677083333,0.17499593098958333,0.010420735677083333,0,idle,742.5205855804719,190.51328951938885,751.7450827210421,193.90070414809674
1791246277.5386329,750.9372881960223,196.56277149465257,-192.21646652723635,167.78353042194317,7.631315935981624e-06,3.524717933307261e-05,0.17499593098958333,0.010420735677083333,0.17499593098958333,0.010420735677083333,0,idle,759.7114514935845,206.31528167723738,752.1434084094194,194.52146650937414
1791246277.5555341,750.9372956747114,196.56280603688842,-192.2164656713795,167.7835313388164,7.478689064501343e-06,3.454223586608857e-05,0.17499593098958333,0.010420735677083333,0.17499593098958333,0.010420735677083333,0,idle,758.4643454866844,208.2930408445432,752.4594623680373,195.21007804125665
1791246277.572475,750.9373030038262,196.56283988827968,-192.2164648326398,167.7835322373522,7.329114752339989e-06,3.385139126370497e-05,0.17499593098958333,0.010420735677083333,0.17499593098958333,0.010420735677083333,0,idle,772.6725105349051,201.16789947317253,753.4701217390397,195.50800127167415
1791246277.589492,750.9373101863581,196.56287306264323,-192.21646401067488,167.78353311791727,7.182531947444368e-06,3.3174363548817486e-05,0.17499593098958333,0.010420735677083333,0.17499593098958333,0.010420735677083333,0,idle,731.5674711466658,204.77112740400116,752.3749960328263,195.97118909393586
1791246277.6063519,750.9373172252389,196.56290557351963,-192.21646320514927,167.78353398087106,7.03888081883667e-06,3.2510876383856434e-05,0.17499593098958333,0.010420735677083333,0.17499593098958333,0.010420735677083333,0,idle,746.1863039968547,207.2186351276664,752.0655681179644,196.53359228095496
1791246277.623704,750.9373241233416,196.5629374341786,-192.21646241573416,167.78353482656576,6.89810273219161e-06,3.186065895799639e-05,0.17499593098958333,0.010420735677083333,0.17499593098958333,0.010420735677083333,0,idle,754.1893811755534,208.48861181960865,752.1717653240414,197.13137352551365
1791246277.640034,750.9373308834818,196.56296865762448,-192.21646164210736,167.78353565534655,6.760140225902076e-06,3.122344587662158e-05,0.17499593098958333,0.010420735677083333,0.17499593098958333,0.010420735677083333,0,idle,757.6032093320014,195.86931291659255,752.4433439465726,197.06830015734118
1791246277.656903,750.9373375084188,196.56299925660153,-192.2164608839531,167.78353646755176,6.624936987623501e-06,3.0598977053001975e-05,0.17499593098958333,0.010420735677083333,0.17499593098958333,0.010420735677083333,0,idle,743.8185957461651,184.07485013488306,752.0121128302424,196.41865672524648
1791246277.673737,750.9373440008566,196.56302924359912,-192.2164601409619,167.78353726351284,6.4924378312874165e-06,2.9986997602135808e-05,0.17499593098958333,0.010420735677083333,0.17499593098958333,0.010420735677083333,0,idle,737.652664616302,211.69986122194618,751.2941465873613,197.18274543772918
1791246277.6905842,750.9373503634453,196.56305863085686,-192.21645941283057,167.78353804355467,6.362588674574764e-06,2.938725773671528e-05,0.17499593098958333,0.010420735677083333,0.17499593098958333,0.010420735677083333,0,idle,752.8735556615978,211.73281949326744,751.3731230855324,197.91027705840094
1791246277.707508,750.9373565987818,196.56308743036954,-192.21645869926184,167.7835388079957,6.235336516839802e-06,2.8799512665172917e-05,0.17499593098958333,0.010420735677083333,0.17499593098958333,0.010420735677083333,0,idle,751.5950731957794,209.33676572352124,751.3842265146144,198.481628851194
1791246277.7245219,750.9373627094112,196.56311565389203,-192.2164579999645,167.78353955714792,6.110629417475582e-06,2.8223522491766996e-05,0.17499593098958333,0.010420735677083333,0.17499593098958333,0.010420735677083333,0,idle,762.6036329176796,203.4311564858454,751.9452026398657,198.72913204527293
1791246277.7417998,750.9373686978277,196.56314331294413,-192.2164573146531,167.78354029131705,5.988416474712132e-06,2.7659052118665246e-05,0.17499593098958333,0.010420735677083333,0.17499593098958333,0.010420735677083333,0,idle,745.7761113175833,221.48632572463956,751.6367537627472,199.86701800534075
1791246277.758633,750.9373745664755,196.56317041881528,-192.21645664304793,167.78354101080282,5.868647804838744e-06,2.7105871149986877e-05,0.17499593098958333,0.010420735677083333,0.17499593098958333,0.010420735677083333,0,idle,750.1142486262994,201.5131783589893,751.5606340811402,199.94935177360077
1791246277.775427,750.93738031775,196.56319698256908,-192.21645598487487,167.7835417158989,5.751274521841836e-06,2.656375379776375e-05,0.17499593098958333,0.010420735677083333,0.17499593098958333,0.010420735677083333,0,idle,763.8302900506168,183.53052277816866,752.1741223433248,199.12843555939529
1791246277.7922502,750.9373859539987,196.56322301504787,-192.21645533986526,167.78354240689302,5.636248717450112e-06,2.603247878978233e-05,0.17499593098958333,0.010420735677083333,0.17499593098958333,0.010420735677083333,0,idle,767.0057751471369,189.61014316750607,752.9157103379517,198.65254567065568
1791246277.808864,750.9373914775222,196.56324852687715,-192.21645470775584,167.78354308406728,5.5235234415788356e-06,2.551182927926877e-05,0.17499593098958333,0.010420735677083333,0.17499593098958333,0.010420735677083333,0,idle,759.7338056820672,198.92199594344885,753.2566203525048,198.66604242053316
1791246277.82603,750.9373968905749,196.5632735284699,-192.2164540882886,167.78354374769805,5.413052683165263e-06,2.5001592756380306e-05,0.17499593098958333,0.010420735677083333,0.17499593098958333,0.010420735677083333,0,idle,774.8919961932849,170.57238151228776,754.3383942869439,197.261383126634
1791246277.843201,750.9374021953662,196.56329803003086,-192.21645348121072,167.78354439805616,5.304791351387408e-06,2.4501560961466814e-05,0.17499593098958333,0.010420735677083333,0.17499593098958333,0.010420735677083333,0,idle,718.8551358333447,179.77284941972275,752.5642364038157,196.38697971777137
1791246277.860346,750.9374073940614,196.56332204156067,-192.2164528862744,167.78354503540717,5.1986952572584475e-06,2.4011529800067106e-05,0.17499593098958333,0.010420735677083333,0.17499593098958333,0.010420735677083333,0,idle,746.699428063993,183.0569462474101,752.2710009255851,195.7205008552066
1791246277.877558,750.9374124887826,196.56334557285993,-192.2164523032368,167.78354566001116,5.094721095589272e-06,2.353129925960534e-05,0.17499593098958333,0.010420735677083333,0.17499593098958333,0.010420735677083333,0,idle,742.9641539977677,179.35738131811144,751.8056634191793,194.90236723308615
1791246277.895139,750.937417481609,196.56336863353326,-192.21645173185993,167.78354627212303,4.99282642731183e-06,2.3060673327753436e-05,0.17499593098958333,0.010420735677083333,0.17499593098958333,0.010420735677083333,0,idle,748.4207471644318,188.89649699261702,751.6364223496271,194.60209562870236
1791246277.912214,750.9374223745787,196.56339123299318,-192.21645117191062,167.78354687199268,4.892969662156016e-06,2.2599459912426297e-05,0.17499593098958333,0.010420735677083333,0.17499593098958333,0.010420735677083333,0,idle,740.3890169223221,204.5485961589178,751.074056726583,195.09944212470006
1791246277.92926,750.9374271696887,196.56341338046394,-192.21645062316028,167.78354745986496,4.795110041673056e-06,2.2147470763377072e-05,0.17499593098958333,0.010420735677083333,0.17499593098958333,0.010420735677083333,0,idle,744.8173197621824,220.69779432848512,750.7612244337175,196.37938077498654
1791246277.946199,750.9374318688963,196.56343508498534,-192.21645008538496,167.78354803597975,4.699207622598454e-06,2.1704521395360535e-05,0.17499593098958333,0.010420735677083333,0.17499593098958333,0.010420735677083333,0,idle,743.7887645498492,180.26947669775083,750.4126059037714,195.57390619042008
1791246277.963091,750.9374364741195,196.56345635541635,-192.21644955836516,167.7835486005723,4.605223260547692e-06,2.127043101283319e-05,0.17499593098958333,0.010420735677083333,0.17499593098958333,0.010420735677083333,0,idle,776.3712175994536,223.24532455909758,751.7105408635175,196.95749731576342
1791246277.980188,750.9374409872381,196.5634772004388,-192.21644904188574,167.78354915387297,4.5131185940380576e-06,2.0845022436159346e-05,0.17499593098958333,0.010420735677083333,0.17499593098958333,0.010420735677083333,0,idle,751.9096688222717,218.32553135736103,751.7205015489179,198.02591882061463
1791246277.9971719,750.9374454100941,196.56349762856084,-192.2164485357359,167.7835496961076,4.422856028830043e-06,2.0428122029293098e-05,0.17499593098958333,0.010420735677083333,0.17499593098958333,0.010420735677083333,0,idle,747.047545957709,200.0481094366392,751.4868579710707,198.1270477581318
1791246278.013771,750.9374497444928,196.56351764812047,-192.21644803970906,167.78355022749759,4.334398722581947e-06,2.0019559628906637e-05,0.17499593098958333,0.010420735677083333,0.17499593098958333,0.010420735677083333,0,idle,734.0532780012746,184.10680314163739,750.6151830902596,197.42605454588872
1791246278.030275,750.9374539922034,196.56353726728895,-192.21644755360276,167.78355074825976,4.247710569811402e-06,1.9619168474936008e-05,0.17499593098958333,0.010420735677083333,0.17499593098958333,0.010420735677083333,0,idle,755.1370155769513,193.74144930325917,750.8412787499192,197.2418429219673
1791246278.04799,750.9374581549596,196.5635564940741,-192.2164470772186,167.78355125860668,4.162756187157698e-06,1.9226785142515932e-05,0.17499593098958333,0.010420735677083333,0.17499593098958333,0.010420735677083333,0,idle,760.4829031722859,202.60131150904468,751.3233639256559,197.50983461676708
1791246278.064492,750.9374622344604,196.5635753363236,-192.2164466103621,167.78355175874665,4.079500898938864e-06,1.884224947527594e-05,0.17499593098958333,0.010420735677083333,0.17499593098958333,0.010420735677083333,0,idle,742.144536252847,175.57416552874298,750.8644264175413,196.4130690625029
1791246278.081994,750.9374662323712,196.5635938017281,-192.21644615284276,167.7835522488838,3.997910722997644e-06,1.846540451997058e-05,0.17499593098958333,0.010420735677083333,0.17499593098958333,0.010420735677083333,0,idle,751.7007187024902,202.48597373373252,750.906244829804,196.71673183819865
1791246278.098468,750.9374701503235,196.56361189782456,-192.21644570447378,167.78355272921826,3.91795235683056e-06,1.8096096462417004e-05,0.17499593098958333,0.010420735677083333,0.17499593098958333,0.010420735677083333,0,idle,752.5498132549742,196.33617832993065,750.9884269731172,196.6977213540769
1791246278.115712,750.9374739899167,196.56362963199913,-192.2164452650722,167.78355319994603,3.8395931639944196e-06,1.77341745647138e-05,0.17499593098958333,0.010420735677083333,0.17499593098958333,0.010420735677083333,0,idle,753.3161721615851,201.16835084848736,751.1048178801541,196.92126967626325
1791246278.1322188,750.9374777527179,196.56364701149025,-192.21644483445863,167.78355366125922,3.762801160784703e-06,1.737949110371547e-05,0.17499593098958333,0.010420735677083333,0.17499593098958333,0.010420735677083333,0,idle,760.919677241626,204.62381274383694,751.5955644228887,197.30641334015849
1791246278.1497421,750.9374814402629,196.56366404339155,-192.21644441245735,167.78355411334616,3.6875450031804016e-06,1.703190131073739e-05,0.17499593098958333,0.010420735677083333,0.17499593098958333,0.010420735677083333,0,idle,777.2853384900818,201.62821211857545,752.8800566294161,197.52251945938556
1791246278.166359,750.9374850540569,196.56368073465487,-192.2164439988961,167.78355455639132,3.6137939740499766e-06,1.6691263312466656e-05,0.17499593098958333,0.010420735677083333,0.17499593098958333,0.010420735677083333,0,idle,735.6382672372755,207.78535146798487,752.0179705929133,198.03567691651568
1791246278.184093,750.9374885955749,196.56369709209295,-192.21644359360607,167.78355499057562,3.541517970613207e-06,1.6357438073054753e-05,0.17499593098958333,0.010420735677083333,0.17499593098958333,0.010420735677083333,0,idle,757.4291412847456,220.04147841164996,752.2885324919471,199.1359825308386
1791246278.200499,750.9374920662624,196.5637131223823,-192.21644319642184,167.78355541607624,3.470687492153819e-06,1.6030289337368325e-05,0.17499593098958333,0.010420735677083333,0.17499593098958333,0.010420735677083333,0,idle,735.9123586342776,191.1533394065014,751.4697270962167,198.7368656033966
1791246278.218024,750.937495467536,196.56372883206586,-192.2164428071813,167.7835558330668,3.401273627977886e-06,1.570968357537495e-05,0.17499593098958333,0.010420735677083333,0.17499593098958333,0.010420735677083333,0,idle,755.0110054491572,193.64002552241777,751.6467942450737,198.48203852354706
1791246278.234616,750.937498800784,196.5637442275558,-192.21644242572555,167.78355624171758,3.3332480456130513e-06,1.5395489927641182e-05,0.17499593098958333,0.010420735677083333,0.17499593098958333,0.010420735677083333,0,idle,745.5260295714321,185.28061242836887,751.3407591779772,197.82198184450357
1791246278.2515972,750.9375020673671,196.56375931513594,-192.21644205189892,167.78355664219535,3.2665829792438023e-06,1.5087580151920648e-05,0.17499593098958333,0.010420735677083333,0.17499593098958333,0.010420735677083333,0,idle,750.5936683066338,197.6687151344534,751.303407737664,197.8143328422022
1791246278.268513,750.9375052686183,196.5637741009645,-192.21644168554883,167.78355703466354,3.201251218378036e-06,1.4785828570810365e-05,0.17499593098958333,0.010420735677083333,0.17499593098958333,0.010420735677083333,0,idle,753.0313125519028,168.68860706099423,751.3898060195646,196.35806059967894
1791246278.285495,750.9375084058445,196.56378859107653,-192.21644132652574,167.78355741928237,3.137226096740307e-06,1.4490112020453933e-05,0.17499593098958333,0.010420735677083333,0.17499593098958333,0.010420735677083333,0,idle,729.8633482936917,202.94403082643922,750.3134861136358,196.68737287662339
1791246278.3024588,750.937511480326,196.56380279138634,-192.2164409746831,167.78355779620884,3.0744814813872313e-06,1.4200309800270662e-05,0.17499593098958333,0.010420735677083333,0.17499593098958333,0.010420735677083333,0,idle,747.9622237188504,202.26579706709893,750.1959259146539,196.96630757644147
1791246278.319121,750.9375144933177,196.56381670768997,-192.21644062987733,167.7835581655968,3.0129917620405794e-06,1.3916303623690114e-05,0.17499593098958333,0.010420735677083333,0.17499593098958333,0.010420735677083333,0,idle,746.6175784339543,213.07507428920326,750.0170114029611,197.771759132568
1791246278.336262,750.9375174460496,196.56383034566753,-192.21644029196767,167.78355852759697,2.9527318406337293e-06,1.3637977569871953e-05,0.17499593098958333,0.010420735677083333,0.17499593098958333,0.010420735677083333,0,idle,731.0769394655047,204.98455807524078,749.0700106111835,198.13241203578033
1791246278.352302,750.9375203397267,196.56384371088555,-192.21643996081622,167.78355888235717,2.893677121067193e-06,1.3365218036391391e-05,0.17499593098958333,0.010420735677083333,0.17499593098958333,0.010420735677083333,0,idle,747.2017588066391,201.87071160789483,748.9766007699495,198.3193397113432
1791246278.3702312,750.9375231755301,196.56385680879924,-192.2164396362878,167.78355923002212,2.83580349916904e-06,1.309791369287093e-05,0.17499593098958333,0.010420735677083333,0.17499593098958333,0.010420735677083333,0,idle,734.4560979045028,206.59530741087548,748.2505783206905,198.73315053933783
1791246278.387111,750.9375259546175,196.56386964475467,-192.2164393182499,167.7835595707338,2.779087352856131e-06,1.2835955435539468e-05,0.17499593098958333,0.010420735677083333,0.17499593098958333,0.010420735677083333,0,idle,735.450847506758,197.4399412662129,747.6105944201269,198.66850226983925
1791246278.404033,750.937528678123,196.56388222399102,-192.2164390065728,167.78355990463123,2.723505532492131e-06,1.2579236342700206e-05,0.17499593098958333,0.010420735677083333,0.17499593098958333,0.010420735677083333,0,idle,760.6460213431221,198.51618084520277,748.2623683536069,198.66089814888196
1791246278.420924,750.9375313471584,196.56389455164265,-192.21643870112925,167.78356023185071,2.669035351438362e-06,1.2327651631089217e-05,0.17499593098958333,0.010420735677083333,0.17499593098958333,0.010420735677083333,0,idle,736.360902075829,192.46508914857407,747.6672975753016,198.35111941013562
1791246278.43792,750.937533962813,196.56390663274126,-192.21643840179456,167.78356055252578,2.6156545767936654e-06,1.2081098613106823e-05,0.17499593098958333,0.010420735677083333,0.17499593098958333,0.010420735677083333,0,idle,747.5584223025529,220.59578175025223,747.661856296536,199.46336400418514
1791246278.454916,750.9375365261544,196.56391847221792,-192.21643810844657,167.78356086678738,2.563341420319453e-06,1.1839476654904357e-05,0.17499593098958333,0.010420735677083333,0.17499593098958333,0.010420735677083333,0,idle,730.5880864633594,191.4986913606766,746.8081702400516,199.06514161951253
1791246278.471755,750.9375390382289,196.56393007490504,-192.21643782096552,167.78356117476375,2.5120745295462823e-06,1.1602687135309178e-05,0.17499593098958333,0.010420735677083333,0.17499593098958333,0.010420735677083333,0,idle,765.0079765769176,203.0898811836455,747.7181629433657,199.26638962027195
1791246278.4885929,750.9375415000619,196.56394144553846,-192.2164375392341,167.7835614765806,2.4618329790582993e-06,1.1370633405571186e-05,0.17499593098958333,0.010420735677083333,0.17499593098958333,0.010420735677083333,0,idle,752.0211048361915,180.64788958823524,747.9333123767483,198.33547542077187
1791246278.5055318,750.9375439126582,196.5639525887592,-192.21643726313732,167.78356177236108,2.412596261952e-06,1.1143220749914413e-05,0.17499593098958333,0.010420735677083333,0.17499593098958333,0.010420735677083333,0,idle,760.1714939579566,187.85148809013657,748.5452237477751,197.8112866402998
1791246278.522291,750.9375462770024,196.56396350911555,-192.21643699256245,167.78356206222597,2.364344281465821e-06,1.092035634687757e-05,0.17499593098958333,0.010420735677083333,0.17499593098958333,0.010420735677083333,0,idle,766.6136083767453,198.46746228500368,749.4486452253507,197.84410579687352
1791246278.540163,750.9375485940598,196.5639742110648,-192.2164367273991,167.78356234629356,2.3170573427771526e-06,1.0701949231427793e-05,0.17499593098958333,0.010420735677083333,0.17499593098958333,0.010420735677083333,0,idle,747.0351165785596,215.8052256818504,749.3279709942155,198.74217195797414
1791246278.5570502,750.9375508647759,196.56398469897505,-192.216436467539,167.7835626246798,2.2707161449634087e-06,1.0487910257832093e-05,0.17499593098958333,0.010420735677083333,0.17499593098958333,0.010420735677083333,0,idle,757.6133088564742,177.28095083617083,749.7422400445088,197.66912086539872
1791246278.573843,750.9375530900776,196.56399497712712,-192.21643621287612,167.78356289749829,2.225301773123884e-06,1.0278152063271408e-05,0.17499593098958333,0.010420735677083333,0.17499593098958333,0.010420735677083333,0,idle,747.9037293066424,193.3949302395049,749.6503166216521,197.4554210983485
1791246278.590673,750.9375552708733,196.56400504971614,-192.21643596330648,167.78356316486045,2.1807956906591833e-06,1.0072589032182335e-05,0.17499593098958333,0.010420735677083333,0.17499593098958333,0.010420735677083333,0,idle,740.1656680789588,191.41459110306016,749.1760862662734,197.15338916754365
1791246278.607414,750.9375574080531,196.5640149208534,-192.21643571872823,167.78356342687536,2.137179731705064e-06,9.871137261312059e-06,0.17499593098958333,0.010420735677083333,0.17499593098958333,0.010420735677083333,0,idle,742.2884285706969,186.21270704012832,748.8317054118154,196.60636443875327
1791246278.624923,750.9375595024892,196.5640245945679,-192.21643547904156,167.78356368364996,2.0944360937176086e-06,9.673714525472163e-06,0.17499593098958333,0.010420735677083333,0.17499593098958333,0.010420735677083333,0,idle,748.697138544747,189.34889039598087,748.8249790581763,196.24349992664344
1791246278.642099,750.9375615550365,196.56403407480815,-192.2164352441486,167.78356393528907,2.052547330206695e-06,9.480240243977365e-06,0.17499593098958333,0.010420735677083333,0.17499593098958333,0.010420735677083333,0,idle,755.513217265066,221.56226860676114,749.1593929184407,197.50944736687754
1791246278.659049,750.9375635665328,196.5640433654436,-192.21643501395351,167.7835641818954,2.011496343614807e-06,9.290635447755485e-06,0.17499593098958333,0.010420735677083333,0.17499593098958333,0.010420735677083333,0,idle,745.4391860188267,198.13313370034473,748.9733844843815,197.5406405096546
1791246278.675879,750.9375655377992,196.56405247026635,-192.21643478836233,167.7835644235696,1.971266378338272e-06,9.104822747115197e-06,0.17499593098958333,0.010420735677083333,0.17499593098958333,0.010420735677083333,0,idle,757.7249370896646,189.86651099639263,749.4109639873487,197.1569426835731
1791246278.692696,750.9375674696402,196.56406139299264,-192.216434567283,167.78356466041032,1.931841013888076e-06,8.922726300158449e-06,0.17499593098958333,0.010420735677083333,0.17499593098958333,0.010420735677083333,0,idle,744.2586517942374,182.45691854855482,749.1533502129421,196.42194995341217
1791246278.709546,750.9375693628443,196.56407013726442,-192.2164343506252,167.78356489251425,1.893204158187467e-06,8.744271781824608e-06,0.17499593098958333,0.010420735677083333,0.17499593098958333,0.010420735677083333,0,idle,739.965266115453,206.1300937597557,748.6939478066116,196.90736545078752
1791246278.7264352,750.9375712181844,196.56407870665078,-192.2164341383006,167.78356511997606,1.8553400410036153e-06,8.569386353553737e-06,0.17499593098958333,0.010420735677083333,0.17499593098958333,0.010420735677083333,0,idle,736.268661463872,192.05864556030338,748.0726852520477,196.66493759718034
1791246278.743367,750.9375730364176,196.56408710464942,-192.21643393022248,167.78356534288864,1.8182332075106367e-06,8.397998633556605e-06,0.17499593098958333,0.010420735677083333,0.17499593098958333,0.010420735677083333,0,idle,751.0859177434705,192.92709454225303,748.2233486039403,196.4780534225327
1791246278.7604449,750.9375748182861,196.5640953346881,-192.21643372630592,167.78356556134298,1.7818685119813648e-06,8.230038667679289e-06,0.17499593098958333,0.010420735677083333,0.17499593098958333,0.010420735677083333,0,idle,744.9511424595804,184.52010216589196,748.0597399894973,195.8801636782374
1791246278.777396,750.9375765645171,196.564103400126,-192.21643352646768,167.78356577542823,1.7462311116052895e-06,8.065437900850482e-06,0.17499593098958333,0.010420735677083333,0.17499593098958333,0.010420735677083333,0,idle,737.0058457774193,197.70747389755658,747.5070469378129,195.97153685136936
1791246278.7943249,750.9375782758236,196.56411130425514,-192.21643333062622,167.7835659852318,1.7113064604301383e-06,7.904129149099871e-06,0.17499593098958333,0.010420735677083333,0.17499593098958333,0.010420735677083333,0,idle,752.401308680249,200.87369512955422,747.7517616506759,196.2166522742013
1791246278.811434,750.9375799529039,196.5641190503017,-192.21643313870157,167.78356619083925,1.6770803034246346e-06,7.746046572136123e-06,0.17499593098958333,0.010420735677083333,0.17499593098958333,0.010420735677083333,0,idle,744.8149125190719,169.95327286822283,747.6049207873219,194.90349066264662
1791246278.828407,750.9375815964426,196.56412664142735,-192.21643295061543,167.7835663923346,1.6435386706599982e-06,7.591125646473327e-06,0.17499593098958333,0.010420735677083333,0.17499593098958333,0.010420735677083333,0,idle,758.8268325170201,203.39382790679994,748.1660179351686,195.32801473642365
1791246278.8453271,750.9375832071104,196.5641340807305,-192.216432766291,167.78356658980002,1.610667871607822e-06,7.439303139094901e-06,0.17499593098958333,0.08662312825520833,0.17499593098958333,0.08662312825520833,0,idle,754.7822399760073,191.36266324731,748.496830567345,195.12975422930597
1791246278.863246,750.9375564795494,196.56401063243635,-192.21644638801513,-12.216446974571797,-2.6727561048319955e-05,-0.00012344829415364316,0.17499593098958333,0.28440755208333335,0.17499593098958333,0.28440755208333335,0,idle,774.361878981339,198.6448892893896,749.7900575968617,195.30539370643072
1791246278.881233,750.9373884840288,196.56323470491694,-192.2165185297648,-12.216509991566149,-0.00016799552052727414,-0.0007759275194226015,0.17499593098958333,0.6863545735677083,0.17499593098958333,0.6863545735677083,0,idle,742.8501603705122,208.94478501715082,749.4429031397998,195.9866261408233
1791246278.8977752,750.9367281832764,196.56018500389055,-192.21677905604497,-12.216727713054283,-0.0006603007524428376,-0.0030497010263821796,0.17499593098958333,0.8787984212239583,0.17499593098958333,0.8787984212239583,0,idle,745.0507848567829,191.50252194469135,749.2226699399341,195.75952371504164
1791246278.914665,750.9348842545816,196.55166890701992,-192.21743664781135,-12.21724624061666,-0.001843928694845591,-0.008516096870640259,0.17499593098958333,1.0101765950520833,0.17499593098958333,1.0101765950520833,0,idle,747.0050364737832,209.3467120832807,749.1100365343665,196.4307928414265
1791246278.931408,750.9308567234619,196.5330694712556,-192.2187259429173,-12.218217812911849,-0.00402753111962104,-0.018599435764308312,0.17499593098958333,1.0101765950520833,0.17499593098958333,1.0101765950520833,0,idle,748.4970318001536,202.966279894234,749.0755601430922,196.73989773009077
1791246278.949125,750.9234060747216,196.49866642959284,-192.22088529300495,-12.219803702725855,-0.00745064874038562,-0.03440304166274534,0.17499593098958333,1.0101765950520833,0.17499593098958333,1.0101765950520833,0,idle,756.2119688291633,209.32428530062015,749.4253024610924,197.3364342190376
1791246278.966053,750.9111330104096,196.44200739389856,-192.22414299807352,-12.222166919284057,-0.01227306431201037,-0.056659035694294646,0.17499593098958333,1.0101765950520833,0.17499593098958333,1.0101765950520833,0,idle,765.6458381942833,181.64269598189048,750.2246698366556,196.49792122327068
1791246278.982949,750.8925542995862,196.35626198797019,-192.22870931940275,-12.225467033838493,-0.018578710823352253,-0.08574540592838614,0.17499593098958333,1.0101765950520833,0.17499593098958333,1.0101765950520833,0,idle,758.7372403621528,183.74240990671927,750.6326485876483,195.77868752181115
1791246278.999887,750.8661677306101,196.2345264270221,-192.23477237260673,-12.22985673747733,-0.02638656897618455,-0.12173556094809235,0.17499593098958333,1.0101765950520833,0.17499593098958333,1.0101765950520833,0,idle,744.6100553299035,199.0612969869729,750.3064516842337,195.82716921216857
1791246279.0168169,750.8305036749723,196.07006674642452,-192.24249657357896,-12.235479573489716,-0.03566405563773305,-0.1644596805975771,0.17499593098958333,1.0101765950520833,0.17499593098958333,1.0101765950520833,0,idle,747.2612757737477,188.32133676821576,750.1203120358535,195.29564089340323
1791246279.03365,750.7841633049567,195.85650055443713,-192.25202271599338,-12.242468507434385,-0.04634037001559256,-0.21356619198736948,0.17499593098958333,1.0101765950520833,0.17499593098958333,1.0101765950520833,0,idle,759.5281091695152,192.24932567631612,750.5466785410218,194.94043725016087
1791246279.050685,750.7258448091569,195.5879232149582,-192.2634690466509,-12.250945109106306,-0.05831849579979369,-0.2685773394789195,0.17499593098958333,1.0101765950520833,0.17499593098958333,1.0101765950520833,0,idle,747.4421839279258,214.76076816706146,750.3360512393573,195.6763053235009
1791246279.0677068,750.6543595026967,195.25898696829012,-192.27693290797694,-12.261019184839146,-0.0714853064602424,-0.32893624666809745,0.17499593098958333,1.0101765950520833,0.17499593098958333,1.0101765950520833,0,idle,735.5250123633825,192.87971827970358,749.5275882544214,195.22398653697635
1791246279.084625,750.5686398456876,194.86494209978775,-192.29249265957998,-12.272788741112139,-0.0857196570090841,-0.3940448685023725,0.17499593098958333,1.0101765950520833,0.17499593098958333,1.0101765950520833,0,idle,752.3684529956288,194.50486049652488,749.5881978173231,194.81368760987652
1791246279.1014469,750.4677412630276,194.40164877531078,-192.31020969034924,-12.2863401904093,-0.10089858265994406,-0.46329332447697535,0.17499593098958333,1.0101765950520833,0.17499593098958333,1.0101765950520833,0,idle,737.9293468129746,179.13947973622277,748.9094016135788,193.5898485579407
1791246279.118413,750.350839424545,193.86556714113422,-192.33013040156393,-12.301748732007848,-0.11690183848256702,-0.5360816341765618,0.17499593098958333,1.0101765950520833,0.17499593098958333,1.0101765950520833,0,idle,750.2347171460514,174.62587873240568,748.8646106436439,192.13237251419622
1791246279.134938,750.2172243706901,193.25373207177503,-192.35228808883252,-12.319078856358969,-0.13361505385488878,-0.6118350693591899,0.17499593098958333,1.0101765950520833,0.17499593098958333,1.0101765950520833,0,idle,754.7531582219053,196.4842227559097,749.0321037213948,191.76872171039068
1791246279.1520371,750.0662925975339,192.56371773472034,-192.37670468276136,-12.338384933618165,-0.15093177315626327,-0.6900143370546918,0.17499593098958333,1.0101765950520833,0.17499593098958333,1.0101765950520833,0,idle,747.2756250762825,179.04183262127535,748.8008946046408,190.47686363573297
1791246279.16879,749.897537967675,191.7935960276988,-192.4033923296219,-12.359711855831936,-0.16875462985885314,-0.7701217070215391,0.17499593098958333,1.0101765950520833,0.17499593098958333,1.0101765950520833,0,idle,731.7820637228889,171.52786420466495,747.7896361621873,188.7977980425091
1791246279.1854699,749.7105421003646,190.94189197729872,-192.43235480718997,-12.38309570910671,-0.18699586731038986,-0.8517040504000825,0.17499593098958333,1.0101765950520833,0.17499593098958333,1.0101765950520833,0,idle,725.0015718337196,200.7298505711495,746.472586871819,188.58528182106105
1791246279.203093,749.5049647170265,190.00753837966218,-192.46358877966844,-12.40856445735494,-0.20557738333806147,-0.9343535976365482,0.17499593098958333,1.0101765950520833,0.17499593098958333,1.0101765950520833,0,idle,740.7167259371834,199.31781392192858,745.989495310916,188.2342725083497
1791246279.219648,749.2805342756584,188.9898313084594,-192.4970849008098,-12.436138623346475,-0.224430441368147,-1.0177070712027847,0.17499593098958333,1.0101765950520833,0.17499593098958333,1.0101765950520833,0,idle,748.4136499470671,200.51580350373195,745.8974941234239,187.88152734047617
1791246279.2371368,749.0370391156143,187.88838759685638,-192.53282877716967,-12.465831956083477,-0.24349516004401642,-1.1014437116030162,0.17499593098958333,1.0101765950520833,0.17499593098958333,1.0101765950520833,0,idle,723.0791728380943,185.33040462446843,744.5252576571156,186.7075996786529
1791246279.254605,748.7743192485153,186.70310499948633,-192.57080180465587,-12.497652076171693,-0.2627198670990153,-1.185282597370042,0.17499593098958333,1.0101765950520833,0.17499593098958333,1.0101765950520833,0,idle,766.3419823568053,160.34949707892696,745.366510018356,184.26367608116507
1791246279.272065,748.4922588669647,185.4341254377905,-192.61098189174567,-12.531601093025616,-0.2820603815506783,-1.2689795616958341,0.17499593098958333,1.0101765950520833,0.17499593098958333,1.0101765950520833,0,idle,758.1044228054258,196.8713981893859,745.7354482952364,183.68853160296507
1791246279.2886028,748.1907795961681,184.08180150904968,-192.653344082315,-12.567676189522812,-0.3014792707965595,-1.352323928740824,0.17499593098958333,1.0101765950520833,0.17499593098958333,1.0101765950520833,0,idle,770.7093734456672,187.70685274311157,746.6977392455012,182.60473992766862
1791246279.3051882,747.869834480768,182.64666627964237,-192.6978610902214,-12.605870171187332,-0.32094511540016946,-1.4351352294073005,0.17499593098958333,1.0101765950520833,0.17499593098958333,1.0101765950520833,0,idle,739.20184149981,164.04552946173666,746.0180464985865,180.31340093643507
1791246279.322964,747.5294026770745,181.12940627259917,-192.74450375678373,-12.646171978186464,-0.3404318036935132,-1.5172600070432012,0.17499593098958333,1.0101765950520833,0.17499593098958333,1.0101765950520833,0,idle,757.9753168305748,179.6814857700474,746.2924998016771,178.84040817142466
1791246279.339502,747.1694848068341,179.53083748680882,-192.79324144122418,-12.688567159409914,-0.35991787024036065,-1.5985687857903488,0.17499593098958333,1.0101765950520833,0.17499593098958333,1.0101765950520833,0,idle,759.3282966245788,171.42165181268558,746.6023676660939,176.95083000698688
1791246279.3565629,746.7900989206324,177.8518842408796,-192.84404235305797,-12.733038308696457,-0.37938588620172187,-1.6789532459292316,0.17499593098958333,1.0101765950520833,0.17499593098958333,1.0101765950520833,0,idle,738.2008090817797,182.57125493081628,745.8218731449865,175.63684566954558
1791246279.373984,746.3912770153448,176.09356061118513,-192.89687383437743,-12.779565463906458,-0.39882190528765943,-1.7583236296944866,0.17499593098958333,1.0101765950520833,0.17499593098958333,1.0101765950520833,0,idle,733.4709324088847,169.23719747358655,744.8254452981582,173.6464558115379
1791246279.3908749,745.9730486856027,174.25695729876395,-192.95318116174118,-12.828543581802645,-0.41822832974206525,-1.8366033124211882,0.19062093098958333,1.0101765950520833,0.19062093098958333,1.0101765950520833,0,idle,736.178908564718,176.30575622561466,743.9958015482313,172.0346476854416
1791246279.4077818,745.5354146862019,172.34323311071606,-193.01568827494236,-12.881014304354649,-0.43763399940084985,-1.9137241880478952,0.21900227864583333,1.0101765950520833,0.21900227864583333,1.0101765950520833,0,idle,739.0129976596373,168.28960155677427,743.3309090543707,170.02935740036273
1791246279.424256,745.078311098586,170.35361074158706,-193.0883937507124,-12.93882710085634,-0.4571035876158547,-1.9896223691289912,0.2577901204427083,1.0101765950520833,0.2577901204427083,1.0101765950520833,0,idle,730.2393634791779,153.5831171246511,742.242083367376,167.3169041359046
1791246279.442179,744.601572077372,168.28937488954818,-193.17583202165318,-13.004548879042975,-0.47673902121398987,-2.0642358520388835,0.2977376302083333,1.0101765950520833,0.2977376302083333,1.0101765950520833,0,idle,737.9916020985182,172.40071417674616,741.5766572337798,165.61007057850975
1791246279.4590778,744.1049205609239,166.15186568641892,-193.28020150927253,-13.080610775581698,-0.49665151644802924,-2.137509203129272,0.3168416341145833,1.0101765950520833,0.3168416341145833,1.0101765950520833,0,idle,756.6244285211333,158.32074549035016,741.8572268575217,163.21497058112897
1791246279.4759848,743.5879725001288,163.9424705155337,-193.40242712052878,-13.169002504599858,-0.5169480607951117,-2.2093951708852058,0.3266988118489583,1.0101765950520833,0.3266988118489583,1.0101765950520833,0,idle,744.330042027532,170.5453476974634,741.4897669582668,161.48256402460473
1791246279.4928808,743.0502575024168,161.6626132224821,-193.5417684477546,-13.270948747888108,-0.537714997712023,-2.2798572930516166,0.3266988118489583,1.0101765950520833,0.3266988118489583,1.0101765950520833,0,idle,735.2404326189438,162.34258329123818,740.6664709934743,159.35970055953737
1791246279.5099258,742.4912371104483,159.31374489376608,-193.69735429960002,-13.387096553386428,-0.5590203919684509,-2.3488683287159993,0.3266988118489583,1.0101765950520833,0.3266988118489583,1.0101765950520833,0,idle,731.0439905911236,155.61758603279446,739.6542776009867,156.94116992092003
1791246279.526902,741.9103417018982,156.8973308549747,-193.8664111434109,-13.517165470628845,-0.5808954085500869,-2.4164140387913644,0.3168416341145833,1.0101765950520833,0.3168416341145833,1.0101765950520833,0,idle,751.2297460369609,168.6983606307305,739.6812003846628,155.23343611955875
1791246279.544065,741.3070133418793,154.41483654540517,-194.0451632002764,-13.65994043414534,-0.6033283600189887,-2.4824943095695553,0.3017964680989583,1.0101765950520833,0.3017964680989583,1.0101765950520833,0,steering,718.4411467810723,154.28634081079448,738.0460357624653,152.82771176002947
1791246279.560951,740.6808465542928,151.86768863032069,-194.22111458085072,-13.811184718480552,-0.6261667875864446,-2.5471479150844685,0.24158528645833333,1.0101765950520833,0.24158528645833333,1.0101765950520833,0,idle,720.3832275436492,158.3175795169758,736.5680369033173,150.68241462854652
1791246279.577847,740.0317006453498,149.2572419557515,-194.38228957072167,-13.964627019717032,-0.6491459089429458,-2.610446674569167,0.17499593098958333,1.0101765950520833,0.17499593098958333,1.0101765950520833,0,steering,744.238994246361,122.47194843063268,736.3348961569736,146.79196697781012
1791246279.594906,739.3594154905536,146.59344383427523,-194.71668640961414,-14.164428734273173,-0.6722851547961689,-2.663798121476289,0.17499593098958333,1.0101765950520833,1.0,0.0,1,steering,720.2286447894456,156.57055873947758,734.8909126915408,144.75028835049102
1791246279.6114051,738.6629916573548,143.89038407807888,-195.24601720833525,-14.447636908662306,-0.6964238331988031,-2.7030597561963416,0.17499593098958333,1.0101765950520833,1.0,0.0,1,steering,739.3651087162012,151.82215596517477,734.453019851235,142.53597496283868
1791246279.6289668,737.9404527398468,141.16357291025204,-195.97259511577593,-14.840930430869118,-0.7225389175080414,-2.726811167826835,0.17499593098958333,1.0101765950520833,1.0,0.0,1,steering,735.9583957363777,128.51682133236432,733.8418766738596,139.24454667187948
1791246279.6453812,737.1890534260191,138.428350436947,-196.88650250249358,-15.360926195848394,-0.751399313827757,-2.7352224733050536,0.17499593098958333,1.0101765950520833,1.0,0.0,1,steering,733.5824341329553,152.3132889978895,733.115075198678,137.29952243854018
1791246279.662411,736.4056186556975,135.6990224314669,-197.9708381457217,-16.015760520634586,-0.7834347703216058,-2.7293280054801263,0.17499593098958333,1.0101765950520833,1.0,0.0,1,steering,728.6051061462726,141.60480871340985,732.1453137142522,134.92192514707756
1791246279.679289,735.5868914215685,132.98844936119437,-199.2053265337995,-16.806915081685492,-0.8187272341290741,-2.7105730702725044,0.17499593098958333,1.0101765950520833,1.0,0.0,1,steering,749.4535531526141,119.58381634790376,732.2329348137478,131.57997529035998
1791246279.696325,734.7298286278286,130.30790769755302,-200.56868106213028,-17.730893758732012,-0.8570627937398073,-2.680541663641362,0.17499593098958333,1.0101765950520833,1.0,0.0,1,steering,744.8465945979912,142.2443968129729,732.0494081489071,129.56668178603135
1791246279.713303,733.831822304272,127.66710627014454,-202.04007489918934,-18.780636088873386,-0.8980063235565751,-2.64080142740848,0.17499593098958333,1.0101765950520833,1.0,0.0,1,steering,733.6423099017005,131.317813044299,731.275947229168,127.14547699290668
1791246279.730311,732.8908446508848,125.07428381288224,-203.59999714187646,-19.946662136298546,-0.9409776533871906,-2.5928224572622964,0.17499593098958333,1.0101765950520833,1.0,0.0,1,steering,738.823592007507,114.80903083954969,730.759400697367,124.06547335083964
1791246279.7476249,731.9055258588484,122.53634278200094,-205.23069808243264,-21.21797957167043,-0.9853187920363877,-2.537941030881298,0.17499593098958333,1.0101765950520833,1.0,0.0,1,steering,723.1004179951584,115.31005147947448,729.440398709822,121.21665827793414
1791246279.764231,730.8751777255926,120.0589933552015,-206.91636774997798,-22.582790940838215,-1.03034813325578,-2.477349426799444,0.17499593098958333,1.0101765950520833,1.0,0.0,1,steering,730.1699655638706,123.99572071693879,728.4980463259315,119.0021294444249
1791246279.7817972,729.7997766024496,117.64689343664853,-208.6431472624216,-24.029036305126237,-1.0754011231429856,-2.4120999185529617,0.17499593098958333,1.0101765950520833,1.0,0.0,1,steering,746.3207804023199,112.45740453678334,728.367551962765,116.3833982764175
1791246279.7987,728.6799179568678,115.30377778445217,-210.39904044132197,-25.544801133263885,-1.1198586455817106,-2.3431156521963636,0.17499593098958333,1.0101765950520833,1.0,0.0,1,steering,722.374247907909,107.53552016269114,727.0040210467196,113.71504450114463
1791246279.8148952,727.5167528430708,113.03257365333047,-212.17377059395005,-27.118614190665316,-1.163165113797042,-2.2712041311216966,0.17499593098958333,1.0101765950520833,1.0,0.0,1,steering,735.5917738938123,108.9203873213843,726.328401830967,111.31766771759101
1791246279.8313332,726.3119144364034,110.83550270759372,-213.95861175048566,-28.739655937729694,-1.2048384066673616,-2.1970709457367525,0.17499593098958333,1.0101765950520833,1.0,0.0,1,steering,701.7540132656161,128.65076005727087,723.9550859163654,110.09710493612508
1791246279.84909,725.0674407938291,108.71417014633312,-215.74621295185133,-30.397894626894832,-1.2444736425743712,-2.121332561260608,0.17499593098958333,1.0101765950520833,1.0,0.0,1,steering,715.1959034605761,110.28253065639622,722.3348768331304,108.09111028894107
1791246279.866094,723.7856982856974,106.66964247574552,-217.53042694317878,-32.084164674041716,-1.2817425081316838,-2.044527670587598,0.17499593098958333,1.0101765950520833,1.0,0.0,1,steering,720.9326514265414,106.028746097865,721.0471101800758,106.04569079232904
1791246279.883266,722.469308738366,104.70251546941927,-219.30614978698554,-33.790199751403044,-1.3163895473314646,-1.9671270063262576,0.17499593098958333,1.0101765950520833,1.0,0.0,1,steering,704.7323924053088,113.44549838320806,718.9808042213725,104.54691051586305
1791246279.900159,721.1210822212327,102.8129737651483,-221.06917472597414,-35.50863123394282,-1.348226517133285,-1.889541704270969,0.17499593098958333,1.0101765950520833,1.0,0.0,1,steering,725.8655113414654,92.56887754930531,718.0442243861005,102.15294424847774
1791246279.916322,719.7439565704209,101.00084336856392,-222.81606157714603,-37.232961018834814,-1.3771256508117067,-1.8121303965843811,0.17499593098958333,1.0101765950520833,1.0,0.0,1,steering,724.0265765446392,111.9511834102061,717.0350726257562,100.92133232980899
1791246279.9334579,718.3409441221526,99.26563813269901,-224.5440216631138,-38.95751627029976,-1.403012448268341,-1.7352052358649084,0.17499593098958333,1.0101765950520833,1.0,0.0,1,steering,734.055705672147,96.24193301561672,716.5532424522208,99.0389173900277
1791246279.95052,716.9150856892346,97.60660109131963,-226.2508175303299,-40.6773922982181,-1.4258584329179769,-1.6590370413793813,0.17499593098958333,1.0101765950520833,1.0,0.0,1,steering,709.0759274124841,103.38727301723087,714.8248111889619,97.68024998207746
1791246279.9673111,715.4694115154795,96.0227413571617,-227.93467629245004,-42.388388557885634,-1.4456741737551528,-1.5838597341579241,0.17499593098958333,1.0101765950520833,1.0,0.0,1,steering,718.2521564562526,93.61442252507194,713.622787987259,95.97229186177715
1791246279.985177,714.0069087521433,94.51286715850331,-229.59421524977657,-44.086941667644545,-1.4625027633361039,-1.5098741986584001,0.17499593098958333,1.0101765950520833,1.0,0.0,1,steering,699.141498314079,75.98170285439443,711.5093458784306,93.53838192268255
1791246280.002065,712.5304948902144,93.07561547777118,-231.22837839039752,-45.77005838864289,-1.4764138619289384,-1.4372516807321385,0.17499593098958333,1.0101765950520833,1.0,0.0,1,steering,708.4385291593705,119.82107324805195,709.9532118736452,93.48712739225549
1791246280.018977,711.042996530603,91.70947867060895,-232.83638241957422,-47.435250700057665,-1.4874983596114264,-1.3661368071622324,0.17499593098958333,1.0101765950520833,1.0,0.0,1,steering,716.0242923901789,93.41032987496098,708.8436424578409,92.18545754958664
1791246280.035915,709.5471328637037,90.412828378682,-234.41767105395,-49.08047443124926,-1.4958636668992267,-1.2966502919269527,0.17499593098958333,1.0101765950520833,1.0,0.0,1,steering,706.7036368249765,95.42037981949919,707.3155716926434,91.11538588575166
1791246280.053035,708.0455032471301,89.18393700018862,-235.97187643183435,-50.70407237138356,-1.5016296165736116,-1.228891378493366,0.17499593098958333,1.0101765950520833,1.0,0.0,1,steering,701.3577176509799,82.27130291039623,705.5911308548153,89.50573492741519
1791246280.070192,706.5405783056574,88.02099694481547,-237.49878661450367,-52.30472235465473,-1.5049249414727495,-1.1629400553731588,0.17499593098958333,1.0101765950520833,1.0,0.0,1,steering,707.2911809246451,102.75934013935618,704.2464546639077,89.06362213540774
1791246280.086307,705.0346940231659,86.92213787159224,-238.9983182764454,-53.88139050031952,-1.5058842824914722,-1.0988590732232308,0.17499593098958333,1.0101765950520833,1.0,0.0,1,steering,705.0794721303391,86.19170738341764,702.8575154688624,87.87611027824617
1791246280.104272,703.5300483473256,85.88544208630066,-240.47049379905204,-55.43328955521649,-1.5046456758402487,-1.0366957852915835,0.17499593098958333,1.0101765950520833,1.0,0.0,1,steering,683.3488003718904,105.40272789934662,700.4526663219656,87.76758016327419
1791246280.120113,702.0286998801722,84.90895825789512,-241.9154220893832,-56.95984212641454,-1.5013484671534338,-0.9764838284055392,0.17499593098958333,1.0101765950520833,1.0,0.0,1,steering,692.5997441802125,92.0251142188401,698.6337391710822,87.05279722906722
1791246280.13698,700.5325682790707,83.9907135994139,-243.33328254191022,-58.460648488379775,-1.4961316011015533,-0.9182446584812272,0.17499593098958333,1.0101765950520833,1.0,0.0,1,steering,688.9338291547454,93.19318225543944,696.7274186492189,86.48748405482867
1791246280.153756,699.0434360412199,83.12872464710678,-244.7243116463741,-59.93545858950967,-1.4891322378507734,-0.8619889523071146,0.17499593098958333,1.0101765950520833,1.0,0.0,1,steering,687.3802601426474,105.10407189401792,694.8453850979321,86.59942394209638
1791246280.1708102,697.5629513898556,82.3210067612889,-246.088791819405,-61.38414785593355,-1.4804846513643746,-0.8077178858178808,0.17499593098958333,1.0101765950520833,1.0,0.0,1,steering,694.524256064588,72.03701616177871,693.4228682274687,85.10397156155351
1791246280.187915,696.0926320211729,81.56558246328558,-247.4270421021179,-62.8066963869516,-1.470319368682639,-0.7554242980033219,0.17499593098958333,1.0101765950520833,1.0,0.0,1,idle,703.7906616786574,81.06556522774616,692.5444544997796,84.18439816175999
1791246280.2048278,694.6339833675668,80.85828959154703,-248.42641115338338,-64.13143982009392,-1.4586486536061374,-0.7072928717385515,0.17499593098958333,1.0101765950520833,0.17499593098958333,1.0101765950520833,0,idle,685.762281958861,96.40258193813793,690.8196296518079,84.12337912242727
1791246280.221778,693.1872175441243,80.19370938268789,-249.18548777383995,-65.32804309557703,-1.4467658234424008,-0.6645802088591508,0.17499593098958333,1.0101765950520833,0.17499593098958333,1.0101765950520833,0,idle,686.7906480177428,72.09207740269535,689.2437530378343,82.89046283802448
1791246280.238821,691.7508616284751,79.56583419805844,-249.7721951034717,-66.38838739476105,-1.4363559156491499,-0.6278751846294525,0.17499593098958333,1.0101765950520833,0.17499593098958333,1.0101765950520833,0,idle,688.2616445193735,67.7072597106922,687.8301094920445,81.53482125625989
1791246280.255753,690.3218364835692,78.96852184177278,-250.23386104757793,-67.31576033486421,-1.4290251449059217,-0.597312356285655,0.17499593098958333,1.0101765950520833,0.17499593098958333,1.0101765950520833,0,idle,710.7890838033647,78.90877696278352,687.6204843199498,80.83607230311469
1791246280.2726521,688.8957543615905,78.39579043032815,-250.60377692792454,-68.11902316925799,-1.4260821219786959,-0.5727314114446295,0.17499593098958333,1.0101765950520833,0.17499593098958333,1.0101765950520833,0,idle,686.5594243107006,76.24362485411052,686.2126533036077,80.06235508979208
1791246280.289675,687.4672898209852,77.84199976990877,-250.9055862711643,-68.80956123171318,-1.4284645406052796,-0.5537906604193764,0.17499593098958333,1.0101765950520833,0.17499593098958333,1.0101765950520833,0,idle,695.1357918473939,59.540897792837,685.3017689172219,78.51018109754591
1791246280.30632,686.0305447714409,77.30195422863409,-251.15625620180154,-69.39970017125333,-1.4367450495443108,-0.5400455412746786,0.17499593098958333,1.0101765950520833,0.17499593098958333,1.0101765950520833,0,idle,690.5318766564452,84.79162838364415,684.1983665071159,78.31121019763988
1791246280.324044,684.5793687932959,76.77095238389498,-251.36810073675335,-69.90185068379154,-1.4511759781450138,-0.5310018447391086,0.17499593098958333,1.0101765950520833,0.17499593098958333,1.0101765950520833,0,idle,662.2732356439702,78.27493936804571,681.7234927847209,77.80494490365803
1791246280.3406131,683.1076196292202,76.24480125522659,-251.55016438260432,-70.32800230916249,-1.4717491640756781,-0.5261511286683817,0.17499593098958333,1.0101765950520833,0.17499593098958333,1.0101765950520833,0,idle,672.5997676588049,58.60175681376915,679.8691448225532,76.34494192692861
1791246280.357121,681.6093620754185,75.7198075246917,-251.70917284394164,-70.68939322251804,-1.4982575538016405,-0.524993730534894,0.17499593098958333,1.0101765950520833,0.17499593098958333,1.0101765950520833,0,idle,669.2627843720846,52.10811522723028,677.9154821239182,74.63435654793555
1791246280.374558,680.0790104067016,75.19275433477254,-251.85019026506697,-70.99628971998673,-1.5303516687169079,-0.5270531899191592,0.17499593098958333,1.0101765950520833,0.17499593098958333,1.0101765950520833,0,idle,670.6730670047247,82.91524011244834,676.0995272826775,74.54770019573799
1791246280.392019,678.5114225227857,74.66086959215026,-251.9770769962794,-71.25785429879076,-1.5675878839159099,-0.5318847426222763,0.17499593098958333,1.0101765950520833,0.17499593098958333,1.0101765950520833,0,idle,698.7001526614449,84.51533703685338,675.7403500618957,74.54079153230259
1791246280.408519,676.9019548303165,74.12178984744783,-252.0928111990446,-71.48209306807662,-1.609467692469113,-0.5390797447024294,0.17499593098958333,1.0101765950520833,0.17499593098958333,1.0101765950520833,0,idle,686.7191560710004,73.75169565135452,674.7602960545053,73.98921098078787
1791246280.426046,675.246486492307,73.57352251803619,-252.19971695841107,-71.67587119044308,-1.6554683380095931,-0.5482673294116465,0.17499593098958333,1.0101765950520833,0.17499593098958333,1.0101765950520833,0,idle,664.5095374655169,66.1309791267657,672.6750632039468,73.0754454251457
1791246280.442644,673.5414207044065,73.01440830266661,-252.2996277256894,-71.84498053218311,-1.7050657879005047,-0.5591142153695707,0.17499593098958333,1.0101765950520833,0.17499593098958333,1.0101765950520833,0,idle,664.5506567557269,71.55432181617445,670.6490303830303,72.46823074009605
1791246280.459316,671.7836694632815,72.44308498704736,-252.3940046476215,-71.99424159541834,-1.757751241124951,-0.5713233156192472,0.17499593098958333,1.0101765950520833,0.17499593098958333,1.0101765950520833,0,idle,653.6470175768306,70.98499384795534,668.1290660636516,71.85131174565072
1791246280.4768379,669.970627084298,71.85845337965813,-252.48402313363903,-72.12762292205461,-1.8130423789834957,-0.5846316073892295,0.17499593098958333,1.0101765950520833,0.17499593098958333,1.0101765950520833,0,idle,676.4010206950278,78.49039507711524,666.8202735351862,71.62786588520417
1791246280.493441,668.1001352739194,71.25965005678194,-252.57111520728853,-72.24849482322601,-1.8704918103786652,-0.5988033228761991,0.17902425130208333,1.0101765950520833,0.17902425130208333,1.0101765950520833,0,idle,665.1490131231144,73.70946644252203,664.9597432947229,71.16308275633769
1791246280.510931,666.1704251959305,70.64608402512638,-252.66325040127916,-72.36154100183555,-1.929710077988866,-0.6135660316555446,0.23868611653645833,1.0101765950520833,0.23868611653645833,1.0101765950520833,0,idle,670.3080110027106,70.37848401083542,663.3939321060329,70.5409650889898
1791246280.5279481,664.1800534057691,70.01749249175171,-252.77085175129287,-72.47304238371485,-1.9903717901614373,-0.6285915333746724,0.3185811360677083,1.0101765950520833,0.3185811360677083,1.0101765950520833,0,idle,658.6493021566648,40.42157450373656,661.2658474079111,68.43783360302119
1791246280.5448909,662.127767835479,69.3742301698564,-252.9288247466927,-72.59707634373973,-2.0522855702901275,-0.6432623218953017,0.5438313802083333,1.0101765950520833,0.5438313802083333,1.0101765950520833,0,idle,657.1515509547903,58.22392194780194,659.1104612934795,67.31603881445969
1791246280.5618172,660.0123972606948,68.71750523315386,-253.1702644535568,-72.7528430851508,-2.115370574784185,-0.6567249367025514,0.6961140950520833,1.0101765950520833,0.6961140950520833,1.0101765950520833,0,idle,658.6357693216576,67.06161653738997,657.0771246488434,66.67942901073879
1791246280.5786638,657.8327058519526,68.04977329106825,-253.5457248713899,-72.9679515420756,-2.1796914087422072,-0.6677319420856026,0.8738789876302083,1.0101765950520833,0.8738789876302083,1.0101765950520833,0,idle,667.4369216911584,60.758832714934705,655.5244076626541,65.74905385096726
1791246280.594817,655.5872996277598,67.37503980401925,-254.10088391961878,-73.27473630586346,-2.245406224192863,-0.6747334870489964,0.9891133626302083,1.0101765950520833,0.9891133626302083,1.0101765950520833,0,idle,656.0248458374721,58.83900268391071,653.4162936584117,64.76255447991788
1791246280.611746,653.2746876586076,66.6987276745114,-254.84357571193445,-73.69869759184543,-2.3126119691521647,-0.6763121295078482,0.9891133626302083,1.0101765950520833,0.9891133626302083,1.0101765950520833,0,idle,687.1977087836324,73.34320350843508,652.9083830439782,64.54909040831129
1791246280.628355,650.8933726734056,66.02750909612517,-255.77463390514708,-74.25850774456315,-2.3813149852020503,-0.6712185783862359,0.9891133626302083,1.0101765950520833,0.9891133626302083,1.0101765950520833,0,idle,646.4609376400688,65.06733411380222,650.3237615378408,63.937344944118905
1791246280.6452649,648.4419589862734,65.36912531363731,-256.890196212314,-74.96665234823847,-2.451413687132084,-0.6583837824878648,0.9891133626302083,1.0101765950520833,0.9891133626302083,1.0101765950520833,0,idle,631.8663966295314,60.863320204426934,647.0720502896498,63.158179113770835
1791246280.663233,645.9192681087754,64.73220778052502,-258.18336048976556,-75.83034435363977,-2.522690877497954,-0.6369175331123001,0.9891133626302083,1.0101765950520833,0.9891133626302083,1.0101765950520833,0,idle,633.0474906872845,66.20960792861014,643.9742659759085,62.705678898056114
1791246280.680057,643.3244545886214,64.1261077545546,-259.64537274509536,-76.85250224947569,-2.594813520154097,-0.6061000259704241,0.9891133626302083,1.0101765950520833,0.9891133626302083,1.0101765950520833,0,idle,651.61368091479,64.19638162520003,641.8911638787062,62.2044190097414
1791246280.6969678,640.657116533229,63.560737432747395,-261.26647527566826,-78.03267919989379,-2.6673380553923844,-0.5653703218072001,0.9891133626302083,1.0101765950520833,0.9891133626302083,1.0101765950520833,0,idle,639.0666325525453,59.767852868267184,639.2159661597753,61.54548889695085
1791246280.71371,637.917396922523,63.0464234280182,-263.03650617513495,-79.3678886629111,-2.7397196107058934,-0.5143140047291926,0.9891133626302083,1.0101765950520833,0.9891133626302083,1.0101765950520833,0,idle,637.9702464974206,69.75991035585331,636.550946546487,61.46761166540324
1791246280.730471,635.1060731817091,62.59377213515677,-264.94531584394525,-80.85330657138894,-2.811323740813952,-0.452651292861435,0.9891133626302083,1.0101765950520833,0.9891133626302083,1.0101765950520833,0,idle,637.5378906222492,71.02491402553531,633.9295361965019,61.51545805519148
1791246280.747342,632.2246335768095,62.21354592418165,-266.983048443022,-82.48284955230812,-2.881439604899625,-0.380226210975115,0.9891133626302083,1.0101765950520833,0.9891133626302083,1.0101765950520833,0,idle,628.6968101864587,61.95358354948356,630.9305322713451,61.17614942947972
1791246280.765158,629.2753398322959,61.91654887329546,-269.1403238294529,-84.24963869379036,-2.949293744513666,-0.2969970508861911,0.9891133626302083,1.0101765950520833,0.9891133626302083,1.0101765950520833,0,idle,634.0739347538711,30.677453232429205,628.2858733381835,59.369067421285315
1791246280.7819421,626.2612759800156,61.71352074520122,-271.40834662745294,-86.14636279976921,-3.0140638522802816,-0.2030281280942397,0.9891133626302083,1.0101765950520833,0.9891133626302083,1.0101765950520833,0,idle,637.5681573475686,55.22200792565878,625.8866268789865,58.96883772481446
1791246280.7979882,623.1863838662767,61.61503801620392,-273.7789625615672,-88.16555628412156,-3.074892113738909,-0.09848272899730384,0.9891133626302083,1.0101765950520833,0.9891133626302083,1.0101765950520833,0,idle,608.7912897171333,61.17701425426811,622.1107125128419,58.9856879587397
1791246280.814962,620.0554860056187,61.63142092553478,-276.24467728002384,-90.29980632890778,-3.1308978606579867,0.016382909330865253,0.9891133626302083,1.0101765950520833,0.9891133626302083,1.0101765950520833,0,idle,633.9188109951292,69.64085893803195,619.7267644693312,59.53401027156864
1791246280.831619,616.8742966103414,61.77264568733679,-278.79864915961497,-92.54190255731008,-3.1811893952773618,0.14122476180200422,0.9891133626302083,1.0101765950520833,0.9891133626302083,1.0101765950520833,0,idle,633.7663417346922,58.54968111018406,617.4066134070858,59.61895733721132
1791246280.848619,613.6494216758391,62.04826118074432,-281.43466470720125,-94.88494076977092,-3.2248749345023207,0.27561549340752955,0.9891133626302083,1.0101765950520833,0.9891133626302083,1.0101765950520833,0,idle,621.8922173422483,59.33455904202833,614.5672624160668,59.86657214118932
1791246280.864775,610.3883489903293,62.467309595258975,-284.14710295176513,-97.32239054893536,-3.2610726855098324,0.4190484145146528,0.9891133626302083,1.0101765950520833,0.9891133626302083,1.0101765950520833,0,idle,595.631857309193,57.194114200771345,610.5224731094888,60.131045237957345
1791246280.8818529,607.0994288859818,63.038250655505124,-286.93089350840074,-99.84813490280362,-3.288920104347582,0.5709410602461513,0.9891133626302083,1.0101765950520833,0.9891133626302083,1.0101765950520833,0,idle,599.989368199337,60.46265636081421,606.8713437648511,60.69001980133403
1791246280.898602,603.7918464743761,63.768889180726184,-289.7814716820502,-102.45648865203502,-3.307582411605558,0.7306385252210597,0.9891133626302083,1.0101765950520833,0.9891133626302083,1.0101765950520833,0,idle,604.1880821629492,60.333107114944966,603.5949773937307,61.36628076597459
1791246280.915694,600.4755860259846,64.66630585072424,-292.69473297905665,-105.14220099709672,-3.316260448391505,0.8974166699980552,0.9891133626302083,1.0101765950520833,0.9891133626302083,1.0101765950520833,0,idle,605.5048219233546,76.59351165216412,600.5400221942399,62.98018814678222
1791246280.932918,597.1613880706492,65.7367911525269,-295.6669886411965,-107.9004466204115,-3.314197955335465,1.0704853018026617,0.9891133626302083,1.0101765950520833,0.9891133626302083,1.0101765950520833,0,idle,580.7767080614419,70.81885872735307,596.4033684300314,64.38908271252329
1791246280.949868,593.8606997204091,66.98578257210629,-298.6949232557207,-110.7268087727855,-3.3006883502401094,1.2489914195793779,0.9891133626302083,1.0101765950520833,0.9891133626302083,1.0101765950520833,0,idle,598.7959179818112,83.69226478052819,593.3873419748923,66.54078366452394
1791246280.966636,590.5856186516875,68.41780517403376,-301.7755550827427,-113.61725704259902,-3.2750810687215908,1.4320226019274758,0.9891133626302083,1.0101765950520833,0.9891133626302083,1.0101765950520833,0,idle,571.9128246489504,53.493346941294156,589.2022890933096,67.24883330019355
1791246280.983422,587.3488311330551,70.03641577985796,-304.90619944347753,-116.56812189004673,-3.2367875186323545,1.6186106058241978,0.9891133626302083,1.0101765950520833,0.9891133626302083,1.0101765950520833,0,idle,592.6298715488582,65.42863589678895,586.2987200733862,68.69550350555632
1791246281.0001228,584.1635444484283,71.8441510138457,-308.084435301955,-119.57606752759882,-3.1852866846268255,1.8077352339877384,0.9891133626302083,1.0101765950520833,0.9891133626302083,1.0101765950520833,0,idle,583.6816717898681,62.883576895075095,583.1418453088148,70.12225564732061
1791246281.016907,581.0407218810541,73.83940297399371,-311.0674322649535,-122.57555963417501,-3.122822567374217,1.9952519601480039,0.7497945149739583,1.0101765950520833,0.7497945149739583,1.0101765950520833,0,idle,582.2720816894605,75.98052655841197,580.1316756888416,72.31065855501579
1791246281.033178,577.9816982504433,76.00969050691359,-313.2266743240462,-125.35458285548027,-3.059023630610785,2.170287532919879,0.003029378255208333,1.0101765950520833,0.003029378255208333,1.0101765950520833,0,idle,573.8053588821502,59.09827142344055,576.9092873994268,73.71181235471091
1791246281.050078,574.9819299571136,78.33789704013788,-314.7958503254291,-127.81606822790125,-2.9997682933296352,2.328206533224295,-0.010642496744791667,1.0101765950520833,-0.010642496744791667,1.0101765950520833,0,idle,589.6798599120433,74.79186919138189,574.6980361463944,75.97761140310755
1791246281.066943,572.0336836615088,80.8057321059521,-315.9383744938931,-129.93107949505648,-2.9482462956047812,2.467835065814234,-0.010642496744791667,1.0101765950520833,-0.010642496744791667,1.0101765950520833,0,idle,567.0185676107708,74.49278520907072,571.5132287387887,78.24781340592922
1791246281.0838609,569.1278553193596,83.39557766480033,-316.77095452590925,-131.7093081990197,-2.9058283421492614,2.589845558848224,-0.010642496744791667,1.0101765950520833,-0.010642496744791667,1.0101765950520833,0,idle,569.8555117311581,93.28321860145263,568.6698059633654,81.45993694661121
1791246281.1007218,566.255132799568,86.09139109950291,-317.3778585798076,-133.1803590819941,-2.872722519791647,2.6958134347025897,-0.010642496744791667,1.0101765950520833,-0.010642496744791667,1.0101765950520833,0,idle,554.5199215811447,101.96724131390908,565.2332253504524,85.04632492794356
1791246281.117306,563.4066887384092,88.87906298800358,-317.82027225697635,-134.3822245495013,-2.848444061158771,2.7876718885006646,-0.010642496744791667,1.0101765950520833,-0.010642496744791667,1.0101765950520833,0,idle,552.8209756688478,86.92387765044678,561.9065910082713,87.78849085814436
1791246281.134938,560.5745514336072,91.74646826103563,-318.14274395732264,-135.35453370404832,-2.832137304802011,2.8674052730320434,-0.010642496744791667,1.0101765950520833,-0.010642496744791667,1.0101765950520833,0,idle,551.2638845087369,65.56146966328136,558.6839252437327,89.40117480778166
1791246281.151715,557.751764162364,94.6833540272761,-318.3777504885272,-136.13487470810605,-2.8227872712432514,2.9368857662404624,-0.010642496744791667,1.0101765950520833,-0.010642496744791667,1.0101765950520833,0,idle,547.7583366204702,93.70958665858846,555.4559979048885,92.40663687825044
1791246281.1686049,554.9324119919886,97.68114947405027,-318.5489805731523,-136.75701945851466,-2.8193521703753843,2.997795446774177,-0.010642496744791667,1.0101765950520833,-0.010642496744791667,1.0101765950520833,0,idle,572.4934450822847,96.49922344379395,553.6294857019017,95.45917188096308
1791246281.185784,552.1115707895156,100.73274781115123,-318.6737151203755,-137.2502762422562,-2.8208412024730323,3.0515983371009496,-0.010642496744791667,1.0101765950520833,-0.010642496744791667,1.0101765950520833,0,idle,566.5456285775988,97.668958270233,551.5954937033372,98.46867962067249
1791246281.2029529,549.2852150498132,103.83228847475347,-318.7645596746199,-137.6394772972441,-2.8263557397022674,3.099540663602247,-0.010642496744791667,1.0101765950520833,-0.010642496744791667,1.0101765950520833,0,idle,536.5514652182926,94.15696003824625,548.1582543263678,101.19765727197331
1791246281.2200909,546.4501081902891,106.97495451931013,-318.83070779755735,-137.94529734796964,-2.8351068595240667,3.1426660445566577,-0.010642496744791667,1.0101765950520833,-0.010642496744791667,1.0101765950520833,0,idle,551.3782791723613,108.29906686349335,545.6259040521196,104.53826049387814
1791246281.237052,543.6036899222752,110.15679210758177,-318.8788631634595,-138.18472140472988,-2.8464182680139904,3.1818375882716308,-0.010642496744791667,1.0101765950520833,-0.010642496744791667,1.0101765950520833,0,idle,558.1199814771802,106.95341198952785,543.5465105687593,107.68176377751868
1791246281.2540429,540.7439691794583,113.37455428532073,-318.9139127506241,-138.37155687958273,-2.859720742816903,3.2177621777389684,-0.010642496744791667,1.0101765950520833,-0.010642496744791667,1.0101765950520833,0,idle,535.9120836306304,129.84638473494266,540.4480545161769,111.8468688942419
1791246281.271119,537.8694270419849,116.62556855765459,-318.93941831204154,-138.51693228940132,-2.8745421374734867,3.251014272333858,-0.010642496744791667,1.0101765950520833,-0.010642496744791667,1.0101765950520833,0,idle,551.6185669858019,131.3159601389658,538.2757651090583,115.90878701519526
1791246281.288067,534.9789315158455,119.90762638504643,-318.95797512397,-138.62975333497548,-2.8904955261393703,3.282057827391834,-0.010642496744791667,1.0101765950520833,-0.010642496744791667,1.0101765950520833,0,idle,519.0329789148695,112.36220262880296,534.5676550495165,118.84941273189789
1791246281.304888,532.0716644499535,123.21889209039239,-318.97147379587557,-138.71710401507968,-2.9072670658919932,3.3112657053459538,-0.010642496744791667,1.0101765950520833,-0.010642496744791667,1.0101765950520833,0,idle,523.923438100427,121.16791795777955,531.2735404894646,122.11104041327063
1791246281.321729,529.147059966764,126.55782849973409,-318.98129128746206,-138.78459011735163,-2.924604483189495,3.338936409341702,-0.010642496744791667,1.0101765950520833,-0.010642496744791667,1.0101765950520833,0,idle,521.5018459113492,132.82952570819847,528.0065815015289,125.81895426689164
1791246281.338627,526.2047533133316,129.92313672804192,-318.9884302382589,-138.8366277117807,-2.9423066534323556,3.3653082283078306,-0.010642496744791667,1.0101765950520833,-0.010642496744791667,1.0101765950520833,0,idle,525.5503212873821,138.43301672420392,525.0885771700607,129.6467002066497
1791246281.3555782,523.2445388475425,133.3137077442953,-318.9936205690036,-138.87668189260287,-2.9602144657891634,3.390571016253365,-0.010642496744791667,1.0101765950520833,-0.010642496744791667,1.0101765950520833,0,idle,526.0642418208821,130.65210958667492,522.3251566601022,132.91801314109168
1791246281.372331,520.2663358499804,136.72858363061263,-318.99739355171334,-138.90746204977094,-2.9782029975620965,3.4148758863173323,-0.010642496744791667,1.0101765950520833,-0.010642496744791667,1.0101765950520833,0,idle,543.0148355984578,152.30423586348883,520.5303477593359,137.131456369213
1791246281.3892,517.2701609232544,140.16692674338884,-319.000135795009,-138.9310800731833,-2.9961749267259954,3.438343112776212,-0.010642496744791667,1.0101765950520833,-0.010642496744791667,1.0101765950520833,0,idle,524.6986739123014,150.202781051577,517.8923978865945,141.0514485604686
1791246281.407016,514.2561058608362,143.62799526491443,-319.00212858116925,-138.94917751745953,-3.014055062418124,3.461068521525595,-0.010642496744791667,1.0101765950520833,-0.010642496744791667,1.0101765950520833,0,idle,527.4532055632105,138.04555363924857,515.507085961128,144.1891689098569
1791246281.423166,511.2243200071495,147.1111238887862,-319.00357652272925,-138.96302713738316,-3.0317858536866806,3.483128623871786,-0.010642496744791667,1.0101765950520833,-0.010642496744791667,1.0101765950520833,0,idle,514.1588531547802,134.77526033433398,512.5594777598084,147.02744567375893
1791246281.4397812,508.1749962721128,150.61570860618068,-319.0046284336915,-138.97361349751603,-3.0493237350367104,3.504584717394475,-0.010642496744791667,1.0101765950520833,-0.010642496744791667,1.0101765950520833,0,idle,498.28971333493104,129.53758626569712,508.9491319902796,149.4823081848806
1791246281.456655,505.1083600965732,154.14119475185987,-319.0053925271005,-138.98169665277916,-3.066636175539587,3.525486145679203,-0.010642496744791667,1.0101765950520833,-0.010642496744791667,1.0101765950520833,0,idle,509.328108349893,146.6620830653316,506.05477644149767,152.69050876729838
1791246281.472634,502.0246607850355,157.68706763025284,-319.00594747893336,-138.98786223821023,-3.0836993115377265,3.5458728783929665,-0.010642496744791667,1.0101765950520833,-0.010642496744791667,1.0101765950520833,0,idle,522.3828660880089,180.3262987559964,503.9416665778624,157.44087750120661
1791246281.489277,498.9241647268531,161.25284517601682,-319.00635048098655,-138.9925607186653,-3.1004960581823813,3.5657775457639818,-0.010642496744791667,1.0101765950520833,-0.010642496744791667,1.0101765950520833,0,idle,498.08563733304504,168.67954875309275,500.7033938603483,161.3902997322767
1791246281.506581,495.8071501165172,164.83807221355192,-319.0066431010231,-138.99613804066146,-3.1170146103359135,3.5852270375351196,-0.010642496744791667,1.0101765950520833,-0.010642496744791667,1.0101765950520833,0,idle,494.7437491371147,171.75986323280688,497.4442477443675,165.31474359296158
1791246281.5240571,492.67390285880435,168.4423159694947,-319.0068555464225,-138.99885949774017,-3.1332472577128847,3.6042437559427625,-0.010642496744791667,1.0101765950520833,-0.010642496744791667,1.0101765950520833,0,idle,486.43213008427523,148.83181910658618,493.91705696653565,167.91462893678843
1791246281.54051,489.52471340679307,172.06516256452267,-319.0070097656935,-139.00092826177163,-3.1491894520112895,3.622846595027976,-0.010642496744791667,1.0101765950520833,-0.010642496744791667,1.0101765950520833,0,idle,491.439422695864,161.30251221488143,490.80144527359136,171.02572736596966
1791246281.5579789,486.3598743317874,175.7062142688106,-319.00712170420377,-139.00249973741202,-3.16483907500568,3.641051704287955,-0.010642496744791667,1.0101765950520833,-0.010642496744791667,1.0101765950520833,0,idle,474.1860647313943,194.55820037026962,486.96407912522614,175.6613501352582
1791246281.574472,483.1796784656472,179.36508735175832,-319.00720294448587,-139.00369265669227,-3.1801958661401724,3.6588730829476996,-0.010642496744791667,1.0101765950520833,-0.010642496744791667,1.0101765950520833,0,idle,494.3055839586447,165.1263311374977,484.3099682940639,178.6105286141705
1791246281.5910761,479.984417489466,183.04141039335627,-319.0072618988222,-139.004597636918,-3.1952609761811948,3.6763230415979544,-0.010642496744791667,1.0101765950520833,-0.010642496744791667,1.0101765950520833,0,idle,472.5041988635238,183.81981433418315,480.6841818951647,182.3634997896892
1791246281.6087291,476.7743808693367,186.73482295360915,-319.00730467617217,-139.00528376985534,-3.2100366201292894,3.693412560252882,-0.010642496744791667,1.0101765950520833,-0.010642496744791667,1.0101765950520833,0,idle,458.6027282799383,204.8424825558343,476.5305744252806,186.99619086023668
1791246281.626058,473.54985506130976,190.4449745193224,-319.007335712269,-139.00580368665254,-3.2245258080269568,3.710151565713229,-0.010642496744791667,1.0101765950520833,-0.010642496744791667,1.0101765950520833,0,idle,471.98908431625296,173.2433603042852,473.2402004022036,189.83319331986667
1791246281.642275,470.3111229245955,194.171523665525,-319.0073582275144,-139.00619744515888,-3.2387321367142454,3.7265491462026166,-0.010642496744791667,1.0101765950520833,-0.010642496744791667,1.0101765950520833,0,idle,466.04371656409944,193.4685754067386,469.8035806804198,193.55518411310274
1791246281.65987,467.0584632954535,197.91413738286636,-319.00737455968294,-139.00649550924754,-3.252659629141971,3.7426137173413574,-0.010642496744791667,1.0101765950520833,-0.010642496744791667,1.0101765950520833,0,idle,438.9859791266759,199.0004347749587,465.17267395504774,197.38292967766984
1791246281.676909,463.79215068475105,201.67249053330374,-319.0073864056299,-139.00672102927484,-3.2663126107024487,3.758353150437379,-0.010642496744791667,1.0101765950520833,-0.010642496744791667,1.0101765950520833,0,idle,456.132560019803,209.91979858352028,461.61767127811817,201.58020861587786
1791246281.6938329,460.5124550704429,205.44626540494852,-319.0073949968652,-139.00689158552197,-3.2796956143081557,3.7737748716447674,-0.010642496744791667,1.0101765950520833,-0.010642496744791667,1.0101765950520833,0,idle,461.46190456548527,207.90655018603655,458.4941721088938,205.48161182244834
1791246281.710757,457.21964176269364,209.23515134358252,-319.0074012270716,-139.00702051960258,-3.2928133077492605,3.7888859386340026,-0.010642496744791667,1.0101765950520833,-0.010642496744791667,1.0101765950520833,0,idle,468.6622707299724,238.94551331359366,455.8744043975859,210.7542485387079
1791246281.7276511,453.9139713244108,213.03884444350868,-319.00740574470854,-139.00711795016798,-3.3056704382828372,3.8036930999261624,-0.010642496744791667,1.0101765950520833,-0.010642496744791667,1.0101765950520833,0,idle,440.86615847049677,235.28693746872818,451.98360518486277,215.59439143013878
1791246281.7446542,450.59569953388535,216.85704728438776,-319.0074090202515,-139.0071915470284,-3.318271790525432,3.8182028408790742,-0.010642496744791667,1.0101765950520833,-0.010642496744791667,1.0101765950520833,0,idle,460.30954545891683,219.99356927675055,449.2475439975663,219.44164302130451
1791246281.761631,447.26507737928716,220.68946870379472,-319.00741139500946,-139.0072471206249,-3.3306221545981605,3.832421419406959,-0.010642496744791667,1.0101765950520833,-0.010642496744791667,1.0101765950520833,0,idle,438.1940266815091,220.37320549513942,445.5307770848952,223.12902149343287
1791246281.778534,443.92235107712736,224.53582359760566,-319.00741311656265,-139.00728907052235,-3.342726302159779,3.8463548938109304,-0.010642496744791667,1.0101765950520833,-0.010642496744791667,1.0101765950520833,0,idle,433.51195605092937,239.7447277523691,441.7542460461451,227.61384395550007
1791246281.7954931,440.5677621086289,228.39583274215744,-319.0074143644848,-139.0073207263756,-3.354588968498445,3.860009144551788,-0.010642496744791667,1.0101765950520833,-0.010642496744791667,1.0101765950520833,0,idle,449.6359119875969,233.69433743436775,438.96146982314417,231.58487731676766
1791246281.812686,437.20154726935954,232.26922263353154,-319.0074152690116,-139.00734460695938,-3.3662148392693814,3.8733898913740967,-0.010642496744791667,1.0101765950520833,-0.010642496744791667,1.0101765950520833,0,idle,449.181302259709,255.8352217203799,436.2745573476665,236.47711493375368
1791246281.829748,433.82393872857045,236.1557253403957,-319.00741592458763,-139.00736261681777,-3.377608540789084,3.8865027068641633,-0.010642496744791667,1.0101765950520833,-0.010642496744791667,1.0101765950520833,0,idle,444.314789465457,240.57248390507408,433.4678408398064,240.37406095384065
1791246281.846729,430.43516409552313,240.0550783676685,-319.00741639969675,-139.00737619546035,-3.3887746330473165,3.8993530272728134,-0.010642496744791667,1.0101765950520833,-0.010642496744791667,1.0101765950520833,0,idle,425.64041550522575,238.725989460441,429.8571336716824,243.99604275507983
1791246281.863585,427.03544649073115,243.9670245289085,-319.00741674399353,-139.00738643048774,-3.3997176047919684,3.9119461612400044,-0.010642496744791667,1.0101765950520833,-0.010642496744791667,1.0101765950520833,0,idle,441.56038607773644,216.40647199996522,427.2125645674327,246.3329130705021
1791246281.880237,423.6250046205396,247.8913118258177,-319.0074169934776,-139.00739414331863,-3.410441870191573,3.924287296909198,-0.010642496744791667,1.0101765950520833,-0.010642496744791667,1.0101765950520833,0,idle,428.3179887561846,264.3024241015793,424.0279160001883,250.95946155411968
1791246281.897265,420.2040528538439,251.82769333362256,-319.0074171742464,-139.00739995411953,-3.4209517666956915,3.9363815078048674,-0.010642496744791667,1.0101765950520833,-0.010642496744791667,1.0101765950520833,0,idle,448.2035002130152,246.96738607997526,421.9867910324688,254.4994202128271
1791246281.9150238,416.7728013000417,255.77592709138122,-319.0074173052177,-139.00740433095808,-3.4312515538022206,3.9482337577586457,-0.010642496744791667,1.0101765950520833,-0.010642496744791667,1.0101765950520833,0,idle,412.4609518077087,258.986807732606,418.25081009511865,258.47461165868674
1791246281.931835,413.3314558875326,259.7357759964835,-319.00741740010346,-139.00740762699505,-3.4413454125090377,3.959848905102276,-0.010642496744791667,1.0101765950520833,-0.010642496744791667,1.0101765950520833,0,idle,435.8135328666639,258.92068042658354,415.8596680918123,262.2587715569287
1791246281.948815,409.8802184422528,263.70700770277745,-319.0074174688418,-139.00741010861384,-3.4512374452798364,3.9712317062939366,-0.010642496744791667,1.0101765950520833,-0.010642496744791667,1.0101765950520833,0,idle,382.39963540930853,266.2056867582836,410.9079908846713,266.2287874379757
1791246281.965048,406.4192867658585,267.68939452188255,-319.0074175186351,-139.00741197668623,-3.4609316763942823,3.9823868191051055,-0.010642496744791667,1.0101765950520833,-0.010642496744791667,1.0101765950520833,0,idle,425.4856293860975,255.2537360601645,408.34898771716803,269.463302347235
1791246281.98211,402.94885471327507,271.6827133273475,-319.0074175547027,-139.0074133826429,-3.470432052583446,3.9933188054649715,-0.010642496744791667,1.0101765950520833,-0.010642496744791667,1.0101765950520833,0,idle,404.9510312790186,277.77460143827597,404.8821794453063,273.6725201669788
1791246281.999083,399.4691122694,275.6867454613839,-319.00741758082665,-139.00741444061342,-3.4797424438750824,4.00403213403639,-0.010642496744791667,1.0101765950520833,-0.010642496744791667,1.0101765950520833,0,idle,394.95976071024745,269.7552078356798,401.080303186872,277.28048507774844
1791246282.0160398,395.9802456248086,279.70127664396375,-319.00741759974727,-139.00741523659332,-3.4888666445913885,4.014531182579836,-0.010642496744791667,1.0101765950520833,-0.010642496744791667,1.0101765950520833,0,idle,418.87953046052723,282.4557048463078,398.655841238193,281.35305068962725
1791246282.033002,392.482437250353,283.72609688411217,-319.00741761345006,-139.00741583536464,-3.49780837445563,4.02482024014842,-0.010642496744791667,1.0101765950520833,-0.010642496744791667,1.0101765950520833,0,idle,406.8129338885216,263.99327328717743,395.74077791497655,284.3086410476458
1791246282.0499682,388.97586597057835,287.761000393259,-319.00741762337344,-139.00741628571802,-3.506571279774615,4.034903509146824,-0.010642496744791667,1.0101765950520833,-0.010642496744791667,1.0101765950520833,0,idle,397.2992129635391,284.28410930850305,392.4874569516188,288.14057279437816
1791246282.0666518,385.4607070359064,291.80578550053826,-319.0074176305594,-139.0074166243925,-3.5151589346719687,4.044785107279278,-0.010642496744791667,1.0101765950520833,-0.010642496744791667,1.0101765950520833,0,idle,366.0082484957994,307.3723354675936,387.8240955408895,292.94470677995423
1791246282.0836391,381.9371321935531,295.86025456994406,-319.00741763576286,-139.00741687904681,-3.5235748423533124,4.054469069405775,-0.010642496744791667,1.0101765950520833,-0.010642496744791667,1.0101765950520833,0,idle,395.0064079290715,253.0642156541576,384.835815060063,294.8024278395999
1791246282.100559,378.405309757164,299.9242139192653,-319.00741763953056,-139.00741707049966,-3.5318224363891115,4.06395934932123,-0.010642496744791667,1.0101765950520833,-0.010642496744791667,1.0101765950520833,0,idle,376.5346694238035,289.58711872939074,381.0655264636804,298.4024237659446
1791246282.1174731,374.8654046751595,303.99747374073416,-319.00741764225853,-139.00741721441852,-3.5399050820044917,4.073259821468887,-0.010642496744791667,1.0101765950520833,-0.010642496744791667,1.0101765950520833,0,idle,380.20079427248766,320.39325449471147,377.65938002621647,303.37156213277837
1791246282.133522,371.31757859779145,308.07984802333084,-319.0074176442336,-139.007417322592,-3.5478260773680326,4.082374282596662,-0.010642496744791667,1.0101765950520833,-0.010642496744791667,1.0101765950520833,0,idle,373.88665635397876,308.2073067760097,374.100309069105,307.4916049334068
1791246282.150475,367.76198994291786,312.171154476694,-319.0074176456635,-139.0074174038889,-3.555588654873581,4.0913064533631776,-0.010642496744791667,1.0101765950520833,-0.010642496744791667,1.0101765950520833,0,idle,378.5291265819137,314.47996007002786,370.9439407226155,311.72776382093286
1791246282.167478,364.19879396050715,316.2712144565927,-319.0074176466987,-139.0074174649801,-3.563195982410706,4.100059979898691,-0.010642496744791667,1.0101765950520833,-0.010642496744791667,1.0101765950520833,0,idle,357.30474037056746,311.9616492098145,366.8769445217229,315.6345150712807
1791246282.1839511,360.62814279588656,320.3798528919177,-319.00741764744805,-139.00741751088282,-3.570651164620565,4.108638435325046,-0.010642496744791667,1.0101765950520833,-0.010642496744791667,1.0101765950520833,0,idle,363.17823835288374,325.17999927536044,363.2998906068914,320.01499579504343
1791246282.200902,357.05018555175167,324.4968982131556,-319.0074176479905,-139.00741754536972,-3.5779572441348786,4.117045321237858,-0.010642496744791667,1.0101765950520833,-0.010642496744791667,1.0101765950520833,0,idle,332.7683677405079,320.927010943808,358.37425508164404,323.9717896076576
1791246282.21775,353.4650683489553,328.6221822823091,-319.0074176483832,-139.0074175712774,-3.585117202796357,4.125284069153515,-0.010642496744791667,1.0101765950520833,-0.010642496744791667,1.0101765950520833,0,idle,359.94827926246313,336.40579801897303,355.0470949480284,328.51250989391923
1791246282.234587,349.87293438609584,332.7555403242322,-319.0074176486674,-139.00741759073827,-3.592133962859454,4.133358041923089,-0.010642496744791667,1.0101765950520833,-0.010642496744791667,1.0101765950520833,0,idle,344.5065479941582,323.9404189185869,351.1075403356184,332.21059548497954
1791246282.251414,346.2739239979251,336.896810859347,-319.0074176488731,-139.00741760535527,-3.5990103881706963,4.141270535114833,-0.010642496744791667,1.0101765950520833,-0.010642496744791667,1.0101765950520833,0,idle,354.1802558966621,328.5309536223661,347.8421162449084,335.9608204002079
1791246282.2683961,342.66817471259697,341.0458356377137,-319.007417649022,-139.00741761633319,-3.605749285328136,4.149024778366685,-0.010642496744791667,1.0101765950520833,-0.010642496744791667,1.0101765950520833,0,idle,350.7195936815263,329.7082845550925,344.56052829567756,339.58976714740055
1791246282.2859762,339.05582130777725,345.2024595744237,-319.00741764912976,-139.0074176245773,-3.6123534048196886,4.156623936709964,-0.010642496744791667,1.0101765950520833,-0.010642496744791667,1.0101765950520833,0,idle,324.7170114426479,361.2392923535771,340.1366167184473,344.6210361475839
1791246282.303025,335.43699586563696,349.36653068628897,-319.00741764920775,-139.00741763076792,-3.618825442140274,4.164071111865283,-0.010642496744791667,1.0101765950520833,-0.010642496744791667,1.0101765950520833,0,idle,323.37516596798025,364.9664920563649,335.8606600108907,349.5941764992949
1791246282.320008,331.81182782674915,353.53790002980054,-319.0074176492642,-139.00741763541626,-3.625168038887812,4.171369343511552,-0.010642496744791667,1.0101765950520833,-0.010642496744791667,1.0101765950520833,0,idle,333.64695446615985,338.5679904567852,332.3060650967107,353.00566807350543
1791246282.336896,328.18044404291095,357.71642164032943,-319.007417649305,-139.0074176389063,-3.631383783838214,4.178521610528871,-0.010642496744791667,1.0101765950520833,-0.010642496744791667,1.0101765950520833,0,idle,348.70582134585334,349.80867523113056,329.6762383145215,356.81541396138914
1791246282.3538182,324.5429688289114,361.9019524725455,-319.00741764933457,-139.00741764152647,-3.637475213999557,4.185530832216023,-0.010642496744791667,1.0101765950520833,-0.010642496744791667,1.0101765950520833,0,idle,339.83457445597037,366.63461282908156,326.7285536682944,361.282628195379
1791246282.370751,320.8995240132657,366.0943523420287,-319.00741764935594,-139.00741764349345,-3.6434448156457115,4.192399869483205,-0.010642496744791667,1.0101765950520833,-0.010642496744791667,1.0101765950520833,0,idle,314.13995930187207,375.78962756885824,322.6378513751099,365.990758040062
1791246282.387241,317.250228987936,370.2934838680493,-319.0074176493714,-139.00741764497,-3.6492950253296947,4.199131526020608,-0.010642496744791667,1.0101765950520833,-0.010642496744791667,1.0101765950520833,0,idle,318.19707209526496,371.3416773061855,318.94898213705443,370.24747895308775
1791246282.40509,313.59520075705893,374.4992124174927,-319.0074176493826,-139.00741764607832,-3.655028230877064,4.2057285494433945,-0.010642496744791667,1.0101765950520833,-0.010642496744791667,1.0101765950520833,0,idle,322.9004465660438,363.8097744358961,315.6742785391707,373.92103584919937
1791246282.4220831,309.9345539846993,378.7114060499063,-319.00741764939073,-139.00741764691026,-3.6606467723596765,4.212193632413622,-0.010642496744791667,1.0101765950520833,-0.010642496744791667,1.0101765950520833,0,idle,327.9508426133146,371.62836026684556,312.81049230913624,377.80798602087464
1791246282.439003,306.2684010416491,382.9299354636459,-319.0074176493966,-139.00741764753465,-3.6661529430501583,4.218529413739601,-0.010642496744791667,1.0101765950520833,-0.010642496744791667,1.0101765950520833,0,idle,319.20601241182663,387.82900574071977,309.6474230183731,382.3166399499195
1791246282.455814,302.5968520512917,387.1546739430991,-319.00741764940085,-139.00741764800324,-3.6715489903574112,4.224738479453181,-0.010642496744791667,1.0101765950520833,-0.010642496744791667,1.0101765950520833,0,idle,328.9416810190098,386.1491340893329,307.1241643775654,386.5217662123707
1791246282.471858,298.9200149345482,391.3854973069645,-319.0074176494039,-139.00741764835493,-3.676837116743527,4.230823363865422,-0.010642496744791667,1.0101765950520833,-0.010642496744791667,1.0101765950520833,0,idle,286.5469429877616,389.04117505249485,302.6023080471689,390.66701885004903
1791246282.48876,295.23799545392575,395.6222838575656,-319.00741764940614,-139.00741764861883,-3.6820194806224342,4.236786550601112,-0.010642496744791667,1.0101765950520833,-0.010642496744791667,1.0101765950520833,0,idle,277.54641224148236,399.44347656153974,297.85159475029326,395.1307889586946
1791246282.505575,291.5508972566851,399.86491433117817,-319.0074176494077,-139.00741764881687,-3.6870981972406414,4.242630473612554,-0.010642496744791667,1.0101765950520833,-0.010642496744791667,1.0101765950520833,0,idle,298.380023728714,397.5827919806499,294.3752729118357,399.2838880597243
1791246282.5227451,287.8588219171447,404.11327184935124,-319.00741764940886,-139.00741764896546,-3.692075339540411,4.2483575181730595,-0.010642496744791667,1.0101765950520833,-0.010642496744791667,1.0101765950520833,0,idle,297.5665045577855,416.80419885039095,291.0273629215698,404.195843241522
1791246282.539731,284.161868978139,408.36724187120177,-319.0074176494097,-139.00741764907696,-3.6969529390057048,4.253970021850552,-0.010642496744791667,1.0101765950520833,-0.010642496744791667,1.0101765950520833,0,idle,278.43245055491604,415.57700727383855,286.88551201118173,408.80617296389585
1791246282.556687,280.46013599164775,412.62671214666346,-319.00741764941034,-139.00741764916063,-3.701732986491247,4.259470275461687,-0.010642496744791667,1.0101765950520833,-0.010642496744791667,1.0101765950520833,0,idle,268.8376689139719,396.1715290707392,282.46647351915453,412.2209375309266
1791246282.573301,276.7537185586127,416.89157267067037,-319.0074176494108,-139.0074176492234,-3.706417433035021,4.26486052400688,-0.010642496744791667,1.0101765950520833,-0.010642496744791667,1.0101765950520833,0,idle,248.75877378946836,407.63670106410507,277.2599919712869,416.0433432053921
1791246282.591032,273.0427103679582,421.161715638257,-319.00741764941114,-139.0074176492705,-3.711008190654535,4.2701429675866365,-0.010642496744791667,1.0101765950520833,-0.010642496744791667,1.0101765950520833,0,idle,278.8711116834925,446.98033752215855,273.8150901757754,421.64682874043774
1791246282.607764,269.327203234831,425.43703540055657,-319.00741764941137,-139.00741764930586,-3.7155071331271823,4.275319762299538,-0.010642496744791667,1.0101765950520833,-0.010642496744791667,1.0101765950520833,0,idle,269.4350755455491,413.9750879936561,270.0663576677933,425.3247954772832
1791246282.624311,265.607287138076,429.71742842167885,-319.00741764941154,-139.00741764933238,-3.7199160967549942,4.280393021122283,-0.010642496744791667,1.0101765950520833,-0.010642496744791667,1.0101765950520833,0,idle,267.56049298708353,459.0842643418508,266.40714414184055,431.07914229057775
1791246282.6418428,261.8830502569619,434.00279323645094,-319.00741764941165,-139.00741764935228,-3.724236881114119,4.285364814772113,-0.010642496744791667,1.0101765950520833,-0.010642496744791667,1.0101765950520833,0,idle,288.0853168537389,429.49498143065244,263.9530277403771,435.07103082161495
1791246282.657708,258.1545790071726,438.29303040900294,-319.00741764941176,-139.00741764936717,-3.728471249789306,4.290237172551997,-0.010642496744791667,1.0101765950520833,-0.010642496744791667,1.0101765950520833,0,idle,256.80190131587244,444.0277691871397,260.053423731852,439.5945930538156
1791246282.6742,254.42195807607885,442.58804249218184,-319.0074176494118,-139.00741764937837,-3.7326209310937157,4.295012083178905,-0.010642496744791667,1.0101765950520833,-0.010642496744791667,1.0101765950520833,0,idle,239.50689770117427,446.78650237429997,255.48010754577905,444.03444999885977
1791246282.691683,250.6852704573045,446.8877339877774,-319.0074176494119,-139.00741764938678,-3.7366876187743294,4.299691495595528,-0.010642496744791667,1.0101765950520833,-0.010642496744791667,1.0101765950520833,0,idle,248.2153513178286,434.82167077190275,251.5670164965459,447.6585179583277
1791246282.708191,246.94459748460125,451.1920113075431,-319.00741764941193,-139.00741764939312,-3.740672972703261,4.304277319765751,-0.010642496744791667,1.0101765950520833,-0.010642496744791667,1.0101765950520833,0,idle,265.72233122879936,452.6165215325584,248.72114290909047,451.99548159081667
1791246282.725787,243.200018865046,455.50078273499736,-319.00741764941193,-139.0074176493978,-3.7445786195552424,4.308771427454222,-0.010642496744791667,1.0101765950520833,-0.010642496744791667,1.0101765950520833,0,idle,222.52551124180258,462.3359617930467,243.85401163714857,456.6058384570097
1791246282.742211,239.45161271157443,459.8139583879877,-319.00741764941193,-139.00741764940136,-3.7484061534715574,4.31317565299034,-0.010642496744791667,1.0101765950520833,-0.010642496744791667,1.0101765950520833,0,idle,237.50196574625417,465.84753625300624,239.97542349680586,461.1654402171504
1791246282.7599611,235.69945557486372,464.1314501820047,-319.00741764941193,-139.00741764940403,-3.752157136710706,4.317491794016947,-0.010642496744791667,1.0101765950520833,-0.010642496744791667,1.0101765950520833,0,idle,238.50581647510245,472.89033729386495,236.3373938658455,465.8533022753022
1791246282.7759418,231.94362247457767,468.45317179422875,-319.00741764941193,-139.007417649406,-3.755833100286051,4.3217216122240565,-0.010642496744791667,1.0101765950520833,-0.010642496744791667,1.0101765950520833,0,idle,219.09295097422435,479.2731698407028,231.9071302759927,470.6299311851851
1791246282.7924962,228.18418692998694,472.77903862829663,-319.00741764941193,-139.0074176494075,-3.7594355445907173,4.325866834067908,-0.010642496744791667,1.0101765950520833,-0.010642496744791667,1.0101765950520833,0,idle,233.13968743940416,473.6979489383281,228.39729436680207,474.8929055652068
1791246282.8092,224.42122098997694,477.1089677797723,-319.00741764941193,-139.00741764940864,-3.762965940009991,4.3299291514756355,-0.010642496744791667,1.0101765950520833,-0.010642496744791667,1.0101765950520833,0,steering,243.23406121632402,472.2407294041624,225.56431506626868,478.8737294510564
1791246282.826922,220.66230341598376,481.4383696180868,-319.11590796057317,-139.03449692229228,-3.7589175739931924,4.3294018383145545,-0.010642496744791667,1.0101765950520833,1.0,0.0,1,steering,214.61246693235447,479.3050074451899,221.44575096427943,483.0082250971619
1791246282.843932,216.92181059560593,485.763516502893,-319.4838987749106,-139.1459481511934,-3.7404928203778356,4.325146884806225,-0.010642496744791667,0.7542561848958333,1.0,0.0,1,steering,221.47761619885725,493.43322438972365,217.89387604664938,487.6383646023559
1791246282.8607419,213.21935333613024,490.08360396498654,-320.1871542451825,-139.40233603598512,-3.7024572594756853,4.3200874620934835,-0.010642496744791667,0.18330281575520832,1.0,0.0,1,steering,229.15290652351,489.5643052444747,214.9394931739905,491.8387447234507
1791246282.877679,209.57799461998528,494.4008995911114,-321.25170592107315,-139.85454097680673,-3.641358716144975,4.317295626124881,-0.010642496744791667,0.010420735677083333,1.0,0.0,1,steering,212.34712725973944,503.4917959112389,211.35058409794024,496.5228281276587
1791246282.89455,206.02260177325385,498.71993358924476,-322.6723406285092,-140.5390726781131,-3.555392846731409,4.319033998133343,-0.010642496744791667,0.010420735677083333,1.0,0.0,1,steering,212.3641150913716,480.9500752107496,208.02363744321696,499.84727278004
1791246282.911424,202.57847686242818,503.04634019802273,-324.4254148410327,-141.4777359847096,-3.444124910825676,4.32640660877798,-0.010642496744791667,0.010420735677083333,1.0,0.0,1,steering,194.34204751834451,506.10753652667245,204.06763928168894,504.2703722457107
1791246282.928234,199.27028891016525,507.38570687780935,-326.47745023819436,-142.67931528143245,-3.308187952262937,4.3393666797866075,-0.010642496744791667,0.010420735677083333,1.0,0.0,1,steering,206.39873000201786,497.72264624640684,201.0414152630556,508.0653842915428
1791246282.945405,196.12127710995028,511.742615473149,-328.79073731489285,-144.14199392637968,-3.1490118002149625,4.356908595339627,-0.010642496744791667,0.010420735677083333,1.0,0.0,1,steering,185.87618934174398,497.5932428042992,197.2915927567858,511.6808403827532
1791246282.9625118,193.1526780333018,516.1199486623519,-331.32687617822575,-145.85585051515707,-2.968599076648481,4.377333189202902,-0.010642496744791667,0.010420735677083333,1.0,0.0,1,steering,218.27655522116336,533.9571401050121,195.52067175718864,516.9531218986089
1791246282.9794822,190.38333171524192,520.5184687732216,-334.0489210250383,-147.80512678485863,-2.769346318059881,4.398520110869634,-0.010642496744791667,0.010420735677083333,1.0,0.0,1,steering,199.23517941842618,534.7976998813364,193.07551813809363,522.0239449030714
1791246282.996512,187.8294296255287,524.9366401349247,-336.9225931948654,-149.97015293689125,-2.553902089713239,4.418171361703062,-0.010642496744791667,0.010420735677083333,1.0,0.0,1,steering,172.1942502982349,530.2060789888196,189.6052477608731,526.6303144009768
1791246283.013495,185.50437607846175,529.3706497965876,-339.9168824735651,-152.32891359968042,-2.325053547066933,4.434009661662923,-0.010642496744791667,0.010420735677083333,1.0,0.0,1,steering,184.89561500397443,548.5157535710578,187.16096525331457,531.9368955380606
1791246283.030057,183.41874141069607,533.8145770871901,-343.00425477953536,-154.85828246093243,-2.085634667765685,4.443927290602438,-0.010642496744791667,0.010420735677083333,1.0,0.0,1,steering,193.63382259628165,532.5570505308441,185.50325518608554,536.1896342137721
1791246283.046742,181.58028991312264,538.2606650006329,-346.1606142364397,-157.53497000542043,-1.8384514975734443,4.446087913442852,-0.010642496744791667,0.010420735677083333,1.0,0.0,1,steering,211.17891389437443,555.5480798445054,185.04050919880524,541.3813400130795
1791246283.063662,179.99406844678748,542.6996524279505,-349.36511938053985,-160.3362309998368,-1.5862214663351621,4.438987427317532,-0.010642496744791667,0.010420735677083333,1.0,0.0,1,steering,185.62771873737378,550.6809436357935,183.56295928271527,546.0633582501669
1791246283.080288,178.6625434952919,547.1211337208604,-352.59992004743054,-163.2403744256199,-1.331524951495561,4.42148129290988,-0.010642496744791667,0.010420735677083333,1.0,0.0,1,steering,165.31114888660701,540.0911185460616,181.38542005898907,549.965153493226
1791246283.098012,177.58577562487585,551.5139196832564,-355.8498586322747,-166.22711274466212,-1.0767678704160744,4.392785962396038,-0.010642496744791667,0.010420735677083333,1.0,0.0,1,steering,174.30575365322568,545.502779759622,180.00850726180565,553.9151814708221
1791246283.1144168,176.76162130046427,555.8663811268865,-359.10216371746674,-169.27778168929842,-0.8241543244115911,4.35246144363011,-0.010642496744791667,0.010420735677083333,1.0,0.0,1,steering,160.7835967665126,562.2156466851399,178.26431512885,558.4650431029866
1791246283.1313112,176.1859529502953,560,-362.34615332638714,-172.37545690932527,0.0,0.0,-0.010642496744791667,0.010420735677083333,1.0,0.0,1,steering,177.74776835704012,567.2270459342311,178.2384877902595,558.9031432445488
1791246283.148196,176.18595479543828,560,-362.34625426599865,177.65374573400138,0.0,0.0,-0.010642496744791667,0.010420735677083333,-0.010642496744791667,0.010420735677083333,0,idle,175.39133634354968,548.3847369210771,178.096130217924,558.3772229283752
1791246283.165801,176.18595612858385,560,-362.34630670583954,177.6536932941605,0.0,0.0,-0.010642496744791667,0.010420735677083333,-0.010642496744791667,0.010420735677083333,0,idle,177.34252137663066,566.1976535387186,178.05844977585934,558.7682444588924
1791246283.182573,176.18595709179274,560,-362.3463340118898,177.65366598811022,0.0,0.0,-0.010642496744791667,0.010420735677083333,-0.010642496744791667,0.010420735677083333,0,idle,176.70068489606243,559.5365263394607,177.9905615318695,558.8066585529208
1791246283.199408,176.18595778771538,560,-362.3463482474071,177.6536517525929,0.0,0.0,-0.010642496744791667,0.010420735677083333,-0.010642496744791667,0.010420735677083333,0,idle,184.50391402755918,556.493793054579,178.31622915665397,558.6910152780038
1791246283.216301,176.18595829052109,560,-362.34635567343093,177.6536443265691,0.0,0.0,-0.010642496744791667,0.010420735677083333,-0.010642496744791667,0.010420735677083333,0,idle,189.70986771978747,561.7062996967196,178.88591108481066,558.8417794989396
1791246283.233978,176.1859586537988,560,-362.3463595484996,177.6536404515004,0.0,0.0,-0.010642496744791667,0.010420735677083333,-0.010642496744791667,0.010420735677083333,0,idle,176.93540513862015,554.2130124047403,178.78838578750114,558.6103411442296
1791246283.250744,176.18595891626717,560,-362.3463615709387,177.65363842906132,0.0,0.0,-0.010642496744791667,0.010420735677083333,-0.010642496744791667,0.010420735677083333,0,idle,164.1482401289349,555.8931368837586,178.05637850457282,558.474480931206
1791246283.267498,176.18595910590065,560,-362.3463626265635,177.65363737343648,0.0,0.0,-0.010642496744791667,0.010420735677083333,-0.010642496744791667,0.010420735677083333,0,idle,174.29615360217394,565.7838677663465,177.86836725945287,558.839950272963
1791246283.28429,176.18595924291088,560,-362.3463631775787,177.6536368224213,0.0,0.0,-0.010642496744791667,0.010420735677083333,-0.010642496744791667,0.010420735677083333,0,idle,180.94803915679537,536.2371591211484,178.02235085432,557.7098107153723
1791246283.302113,176.18595934190077,560,-362.3463634652046,177.6536365347954,0.0,0.0,-0.010642496744791667,0.010420735677083333,-0.010642496744791667,0.010420735677083333,0,idle,192.12070968526086,575.5238834426286,178.72726879586705,558.6005143517351
1791246283.318165,176.185959413421,560,-362.34636361534507,177.65363638465496,0.0,0.0,-0.010642496744791667,0.010420735677083333,-0.010642496744791667,0.010420735677083333,0,idle,183.85698952908277,584.1947305261481,178.98375483252784,559.8802251604558
1791246283.335992,176.18595946509433,560,-362.3463636937188,177.65363630628124,0.0,0.0,-0.010642496744791667,0.010420735677083333,-0.010642496744791667,0.010420735677083333,0,idle,150.0876251945105,567.5293406733387,177.53894835062698,560.2626809361
1791246283.353076,176.18595950242832,560,-362.3463637346302,177.65363626536984,0.0,0.0,-0.010642496744791667,0.010420735677083333,-0.010642496744791667,0.010420735677083333,0,idle,179.23353195113023,568.7510279473264,177.62367753065215,560.6870982866612
1791246283.3699899,176.18595952940214,560,-362.34636375598615,177.65363624401388,0.0,0.0,-0.010642496744791667,0.010420735677083333,-0.010642496744791667,0.010420735677083333,0,idle,203.7876632287139,528.4922882270807,178.93187681555523,559.0773577836823
1791246283.386956,176.1859595488907,560,-362.3463637671341,177.65363623286592,0.0,0.0,-0.010642496744791667,0.010420735677083333,-0.010642496744791667,0.010420735677083333,0,idle,148.48994220787984,564.0590830552999,177.40978008517146,559.3264440472632
1791246283.4039218,176.18595956297122,560,-362.3463637729534,177.6536362270466,0.0,0.0,-0.010642496744791667,0.010420735677083333,-0.010642496744791667,0.010420735677083333,0,idle,170.28170621683566,578.2502160177369,177.05337639175468,560.2726326457869
1791246283.420823,176.18595957314437,560,-362.3463637759911,177.6536362240089,0.0,0.0,-0.010642496744791667,0.010420735677083333,-0.010642496744791667,0.010420735677083333,0,idle,171.53309254502216,569.7566543399147,176.77736219941806,560.7468337304932
1791246283.4376588,176.18595958049448,560,-362.3463637775768,177.65363622242322,0.0,0.0,-0.010642496744791667,0.010420735677083333,-0.010642496744791667,0.010420735677083333,0,idle,153.84263637905343,564.368356022121,175.63062590839982,560.9279098450746
1791246283.454419,176.18595958580494,560,-362.34636377840457,177.65363622159543,0.0,0.0,-0.010642496744791667,0.010420735677083333,-0.010642496744791667,0.010420735677083333,0,idle,191.71602975128116,552.1913626949687,176.43489610054388,560.4910824875693
1791246283.471219,176.18595958964173,560,-362.34636377883663,177.6536362211634,0.0,0.0,-0.010642496744791667,0.010420735677083333,-0.010642496744791667,0.010420735677083333,0,idle,179.02733721575692,553.8868351982823,176.56451815630453,560.1608701231049
1791246283.488218,176.1859595924138,560,-362.3463637790622,177.6536362209378,0.0,0.0,-0.010642496744791667,0.010420735677083333,-0.010642496744791667,0.010420735677083333,0,idle,168.18523709228978,572.0573680194864,176.1455541031038,560.755695017924
1791246283.506083,176.18595959441663,560,-362.3463637791799,177.6536362208201,0.0,0.0,-0.010642496744791667,0.010420735677083333,-0.010642496744791667,0.010420735677083333,0,idle,167.91005856510208,572.0803035114877,175.73377932620372,561.3219254426023
1791246283.522996,176.18595959586366,560,-362.34636377924136,177.65363622075867,0.0,0.0,-0.010642496744791667,0.010420735677083333,-0.010642496744791667,0.010420735677083333,0,idle,175.60806915400823,551.2471813405576,175.72749381759394,560.8181882375001
1791246283.539789,176.18595959690916,560,-362.3463637792734,177.6536362207266,0.0,0.0,-0.010642496744791667,0.010420735677083333,-0.010642496744791667,0.010420735677083333,0,idle,158.03464516416688,574.3789476317837,174.8428513849226,561.4962262072142
1791246283.5564952,176.18595959766452,560,-362.3463637792902,177.6536362207098,0.0,0.0,-0.010642496744791667,0.010420735677083333,-0.010642496744791667,0.010420735677083333,0,idle,191.0510157837323,584.869060729922,175.65325960486308,562.6648679333497
1791246283.573287,176.18595959821027,560,-362.34636377929894,177.6536362207011,0.0,0.0,-0.010642496744791667,0.010420735677083333,-0.010642496744791667,0.010420735677083333,0,idle,176.96610870919514,558.7753932881965,175.71890206007967,562.4703942010921
1791246283.5911832,176.18595959860457,560,-362.3463637793035,177.65363622069654,0.0,0.0,-0.010642496744791667,0.010420735677083333,-0.010642496744791667,0.010420735677083333,0,idle,178.1942366693542,579.1888563086688,175.8426687905434,563.3063173064709
1791246283.6072478,176.18595959888947,560,-362.3463637793059,177.65363622069415,0.0,0.0,-0.010642496744791667,0.010420735677083333,-0.010642496744791667,0.010420735677083333,0,idle,188.44269635607642,563.7608083404074,176.47267016882006,563.3290418581677
1791246283.624876,176.1859595990953,560,-362.3463637793071,177.65363622069287,0.0,0.0,-0.010642496744791667,0.010420735677083333,-0.010642496744791667,0.010420735677083333,0,idle,181.51843660170576,561.1340854363522,176.72495849046433,563.2192940370769
1791246283.641858,176.185959599244,560,-362.34636377930775,177.65363622069228,0.0,0.0,-0.010642496744791667,0.010420735677083333,-0.010642496744791667,0.010420735677083333,0,idle,167.57497047914384,573.6606802584051,176.2674590898983,563.7413633481433
1791246283.6587882,176.18595959935143,560,-362.3463637793081,177.6536362206919,0.0,0.0,-0.010642496744791667,0.010420735677083333,-0.010642496744791667,0.010420735677083333,0,idle,179.9180407776343,553.8722808316562,176.4499881742851,563.247909222319
1791246283.6756961,176.18595959942905,560,-362.34636377930826,177.65363622069177,0.0,0.0,-0.010642496744791667,0.010420735677083333,-0.010642496744791667,0.010420735677083333,0,idle,191.6763016048956,569.2994725982948,177.21130384581562,563.5504873911177
1791246283.692641,176.18595959948513,560,-362.3463637793084,177.65363622069165,0.0,0.0,-0.010642496744791667,0.010420735677083333,-0.010642496744791667,0.010420735677083333,0,idle,191.7853838352979,568.7515905056853,177.94000784528973,563.8105425468461
1791246283.70969,176.18595959952566,560,-362.34636377930843,177.65363622069157,0.0,0.0,-0.010642496744791667,0.010420735677083333,-0.010642496744791667,0.010420735677083333,0,idle,171.06644096692804,566.6194314100253,177.59632950137166,563.950986990005
1791246283.726451,176.18595959955493,560,-362.34636377930843,177.65363622069157,0.0,0.0,-0.010642496744791667,0.010420735677083333,-0.010642496744791667,0.010420735677083333,0,idle,174.24590458976633,540.8543051142096,177.42880825579138,562.7961528962153
1791246283.743386,176.18595959957608,560,-362.34636377930843,177.65363622069157,0.0,0.0,-0.010642496744791667,0.010420735677083333,-0.010642496744791667,0.010420735677083333,0,idle,167.95158079989778,572.2937808100809,176.9549468829967,563.2710342919086
1791246283.7609239,176.18595959959137,560,-362.34636377930843,177.65363622069157,0.0,0.0,-0.010642496744791667,0.010420735677083333,-0.010642496744791667,0.010420735677083333,0,idle,174.5563399300907,551.1683588978217,176.8350165353514,562.6659005222042
1791246283.7775009,176.18595959960243,560,-362.34636377930843,177.65363622069157,0.0,0.0,-0.010642496744791667,0.010420735677083333,-0.010642496744791667,0.010420735677083333,0,idle,181.99162309390508,549.2129739332072,177.09284686327908,561.9932541927543
1791246283.794506,176.1859595996104,560,-362.34636377930843,177.65363622069157,0.0,0.0,-0.010642496744791667,0.010420735677083333,-0.010642496744791667,0.010420735677083333,0,idle,177.11174207323603,571.4308537995548,177.09379162377692,562.4651341730944
1791246283.8119638,176.18595959961618,560,-362.34636377930843,177.65363622069157,0.0,0.0,-0.010642496744791667,0.010420735677083333,-0.010642496744791667,0.010420735677083333,0,idle,188.30721623734044,561.7244256074799,177.6544628544551,562.4280987448136
1791246283.8284512,176.18595959962036,560,-362.34636377930843,177.65363622069157,0.0,0.0,-0.010642496744791667,0.010420735677083333,-0.010642496744791667,0.010420735677083333,0,idle,177.6870186762151,577.9683565085545,177.6560906455431,563.2051116330007
1791246283.8459818,176.18595959962337,560,-362.34636377930843,177.65363622069157,0.0,0.0,-0.010642496744791667,0.010420735677083333,-0.010642496744791667,0.010420735677083333,0,idle,182.3443387304334,554.7233192760076,177.8905030497876,562.781022015151
1791246283.862638,176.18595959962553,560,-362.34636377930843,177.65363622069157,0.0,0.0,-0.010642496744791667,0.010420735677083333,-0.010642496744791667,0.010420735677083333,0,idle,173.26376833804974,554.8388247631091,177.65916631420072,562.383912152549
1791246283.879369,176.1859595996271,560,-362.34636377930843,177.65363622069157,0.0,0.0,-0.010642496744791667,0.010420735677083333,-0.010642496744791667,0.010420735677083333,0,idle,178.45222089918497,575.9123382739086,177.69881904344993,563.0603334586169
1791246283.896791,176.18595959962823,560,-362.34636377930843,177.65363622069157,0.0,0.0,-0.010642496744791667,0.010420735677083333,-0.010642496744791667,0.010420735677083333,0,idle,181.03824506347792,563.377236126953,177.86579034445134,563.0761785920338
1791246283.9134212,176.18595959962906,560,-362.34636377930843,177.65363622069157,0.0,0.0,-0.010642496744791667,0.010420735677083333,-0.010642496744791667,0.010420735677083333,0,idle,188.72390514438047,561.5332848890936,178.4086960844478,562.9990339068868
1791246283.930298,176.18595959962965,560,-362.34636377930843,177.65363622069157,0.0,0.0,-0.010642496744791667,0.010420735677083333,-0.010642496744791667,0.010420735677083333,0,idle,165.86577980558485,588.9486097979325,177.78155027050465,564.296512701439
1791246283.9480362,176.18595959963008,560,-362.34636377930843,177.65363622069157,0.0,0.0,-0.010642496744791667,0.010420735677083333,-0.010642496744791667,0.010420735677083333,0,idle,165.35753752802367,562.4544197598823,177.1603496333806,564.2044080543612
1791246283.9646862,176.1859595996304,560,-362.34636377930843,177.65363622069157,0.0,0.0,-0.010642496744791667,0.010420735677083333,-0.010642496744791667,0.010420735677083333,0,idle,191.22139695838374,554.3952922164307,177.86340199963075,563.7139522624647
1791246283.981268,176.18595959963062,560,-362.34636377930843,177.65363622069157,0.0,0.0,-0.010642496744791667,0.010420735677083333,-0.010642496744791667,0.010420735677083333,0,idle,171.35196892531152,579.9932454970829,177.53783034591478,564.5279169241956
1791246283.9979,176.1859595996308,560,-362.34636377930843,177.65363622069157,0.0,0.0,-0.010642496744791667,0.010420735677083333,-0.010642496744791667,0.010420735677083333,0,idle,184.274201067819,565.1823266232446,177.87464888201,564.5606374091481
1791246284.014775,176.1859595996309,560,-362.34636377930843,177.65363622069157,0.0,0.0,-0.010642496744791667,0.010420735677083333,-0.010642496744791667,0.010420735677083333,0,idle,167.83228876089458,557.9538352299099,177.37253087595423,564.2302973001862
1791246284.031549,176.185959599631,560,-362.34636377930843,177.65363622069157,0.0,0.0,-0.010642496744791667,0.010420735677083333,-0.010642496744791667,0.010420735677083333,0,idle,177.00379770942072,565.6503892521025,177.35409421762756,564.301301897782
1791246284.048115,176.18595959963105,560,-362.34636377930843,177.65363622069157,0.0,0.0,-0.010642496744791667,0.010420735677083333,-0.010642496744791667,0.010420735677083333,0,idle,157.3487176577426,560.0929644191282,176.3538253896333,564.0908850238493
1791246284.065964,176.1859595996311,560,-362.34636377930843,177.65363622069157,0.0,0.0,-0.010642496744791667,0.010420735677083333,-0.010642496744791667,0.010420735677083333,0,idle,181.24437172912306,546.488401286913,176.59835270660778,563.2107608370025
1791246284.082573,176.18595959963113,560,-362.34636377930843,177.65363622069157,0.0,0.0,-0.010642496744791667,0.010420735677083333,-0.010642496744791667,0.010420735677083333,0,idle,172.54108094559123,540.9924236105712,176.39548911855695,562.0998439756809
1791246284.099537,176.18595959963116,560,-362.34636377930843,177.65363622069157,0.0,0.0,-0.010642496744791667,0.010420735677083333,-0.010642496744791667,0.010420735677083333,0,idle,180.8558916914628,557.761080239374,176.61850924720224,561.8829057888655
1791246284.1164072,176.1859595996312,560,-362.34636377930843,177.65363622069157,0.0,0.0,-0.010642496744791667,0.010420735677083333,-0.010642496744791667,0.010420735677083333,0,idle,188.19100847523163,547.1339654967252,177.1971342086037,561.1454587742585
1791246284.13347,176.1859595996312,560,-362.34636377930843,177.65363622069157,0.0,0.0,-0.010642496744791667,0.010420735677083333,-0.010642496744791667,0.010420735677083333,0,idle,174.25383009930243,540.7041759840993,177.04996900313864,560.1233946347505
1791246284.150729,176.1859595996312,560,-362.34636377930843,177.65363622069157,0.0,0.0,-0.010642496744791667,0.010420735677083333,-0.010642496744791667,0.010420735677083333,0,idle,180.40635879037518,584.7403937089663,177.21778849250046,561.3542445884614
1791246284.1676009,176.1859595996312,560,-362.34636377930843,177.65363622069157,0.0,0.0,-0.010642496744791667,0.010420735677083333,-0.010642496744791667,0.010420735677083333,0,idle,180.22653759330214,563.5531094922769,177.36822594754054,561.4641878336522
1791246284.184482,176.1859595996312,560,-362.34636377930843,177.65363622069157,0.0,0.0,-0.010642496744791667,0.010420735677083333,-0.010642496744791667,0.010420735677083333,0,idle,172.61474379402105,552.6989371863187,177.13055183986455,561.0259253012855
1791246284.2012632,176.1859595996312,560,-362.34636377930843,177.65363622069157,0.0,0.0,-0.010642496744791667,0.010420735677083333,-0.010642496744791667,0.010420735677083333,0,idle,178.33336803672984,570.1751649389049,177.1906926497078,561.4833872831665
1791246284.218116,176.1859595996312,560,-362.34636377930843,177.65363622069157,0.0,0.0,-0.010642496744791667,0.010420735677083333,-0.010642496744791667,0.010420735677083333,0,idle,191.1879758453401,581.734209502536,177.89055680948942,562.495928394135
1791246284.23588,176.1859595996312,560.0,-362.34636377930843,177.65363622069157,1.7047973922751722e-15,4.160611703566769e-14,-0.010642496744791667,0.010420735677083333,-0.010642496744791667,0.010420735677083333,0,idle,179.0833632178978,571.2871597877341,177.95019712990984,562.935489963815
1791246284.252696,176.1859595996312,560,-362.34636377930843,177.65363622069157,0.0,0.0,-0.010642496744791667,0.010420735677083333,-0.010642496744791667,0.010420735677083333,0,idle,180.92137150964376,545.122546915655,178.09875584889653,562.0448428114071
1791246284.2695072,176.1859595996312,560.0,-362.34636377930843,177.65363622069157,8.899148937513417e-16,2.171865313085001e-14,-0.010642496744791667,0.010420735677083333,-0.010642496744791667,0.010420735677083333,0,idle,170.88607344126044,563.6559225536838,177.73812172851473,562.1253967985209
1791246284.286304,176.1859595996312,560.0,-362.34636377930843,177.65363622069157,2.182516276925166e-15,5.326499680340965e-14,-0.010642496744791667,0.010420735677083333,-0.010642496744791667,0.010420735677083333,0,idle,175.75872524159314,557.0231662198471,177.63915190416864,561.8702852695873
1791246284.303262,176.1859595996312,560,-362.34636377930843,177.65363622069157,0.0,0.0,-0.010642496744791667,0.010420735677083333,-0.010642496744791667,0.010420735677083333,0,idle,171.13431250198244,566.0754557508158,177.31390993405932,562.0805437936486
1791246284.321116,176.1859595996312,560.0,-362.34636377930843,177.65363622069157,3.3563097112579184e-16,8.19117950832747e-15,-0.010642496744791667,0.010420735677083333,-0.010642496744791667,0.010420735677083333,0,idle,169.66687241020082,561.1371523996228,176.9315580578664,562.0333742239474
1791246284.3388789,176.1859595996312,560.0,-362.34636377930843,177.65363622069157,8.231349566860045e-16,2.0088867744173117e-14,-0.010642496744791667,0.010420735677083333,-0.010642496744791667,0.010420735677083333,0,idle,196.5837138772409,566.1440625816284,177.91416584883513,562.2389086418314
1791246284.35572,176.1859595996312,560.0,-362.34636377930843,177.65363622069157,1.3525361759105636e-15,3.300907115701767e-14,-0.010642496744791667,0.010420735677083333,-0.010642496744791667,0.010420735677083333,0,idle,169.45395390645774,553.8034476117721,177.49115525171626,561.8171355903283
1791246284.3727622,176.1859595996312,560.0,-362.34636377930843,177.65363622069157,1.8614664493499026e-15,4.5429674693636455e-14,-0.010642496744791667,0.010420735677083333,-0.010642496744791667,0.010420735677083333,0,idle,195.83155964797209,551.1098137724687,178.40817547152906,561.2817694994353
1791246284.389675,176.1859595996312,560.0,-362.34636377930843,177.65363622069157,2.3176791276225046e-15,5.6563688724496443e-14,-0.010642496744791667,0.010420735677083333,-0.010642496744791667,0.010420735677083333,0,idle,165.96749332037095,556.0785330663899,177.78614136397115,561.0216076777831
1791246284.4066849,176.1859595996312,560,-362.34636377930843,177.65363622069157,0.0,0.0,-0.010642496744791667,0.010420735677083333,-0.010642496744791667,0.010420735677083333,0,idle,173.23359752356373,567.1919927322804,177.55851417195078,561.330126930508
1791246284.423581,176.1859595996312,560.0,-362.34636377930843,177.65363622069157,4.7740739082252476e-17,1.1651277662823055e-15,-0.010642496744791667,0.010420735677083333,-0.010642496744791667,0.010420735677083333,0,idle,177.6026931801745,571.2410876659693,177.56072312236196,561.825674967281
1791246284.440471,176.1859595996312,560.0,-362.34636377930843,177.65363622069157,1.170841625992242e-16,2.857475846807354e-15,-0.010642496744791667,0.010420735677083333,-0.010642496744791667,0.010420735677083333,0,idle,175.15302735904538,552.6202437064052,177.44033833419613,561.3654034042372
1791246284.457356,176.1859595996312,560.0,-362.34636377930843,177.65363622069157,1.9238712225175734e-16,4.695268282807131e-15,-0.010642496744791667,0.010420735677083333,-0.010642496744791667,0.010420735677083333,0,idle,176.39591085656343,553.4469388039035,177.3881169603145,560.9694801742205
1791246284.474269,176.1859595996312,560.0,-362.34636377930843,177.65363622069157,2.6477825860556144e-16,6.461996754547541e-15,-0.010642496744791667,0.010420735677083333,-0.010642496744791667,0.010420735677083333,0,idle,164.19696830018765,546.6348232188616,176.72855952730816,560.2527473264525
1791246284.491292,176.1859595996312,560.0,-362.34636377930843,177.65363622069157,3.296707515908555e-16,8.04571847427586e-15,-0.010642496744791667,0.010420735677083333,-0.010642496744791667,0.010420735677083333,0,idle,171.43729451268635,554.018320585282,176.46399627657706,559.941025989394
1791246284.508141,176.1859595996312,560.0,-362.34636377930843,177.65363622069157,3.851173097466967e-16,9.39890918087246e-15,-0.010642496744791667,0.010420735677083333,-0.010642496744791667,0.010420735677083333,0,idle,183.25912247107982,557.482802388212,176.8037525863022,559.8181148093349
1791246284.526054,176.1859595996312,560.0,-362.34636377930843,177.65363622069157,4.3073567005654556e-16,1.0512239625080737e-14,-0.010642496744791667,0.010420735677083333,-0.010642496744791667,0.010420735677083333,0,idle,184.352899572371,554.8870910635005,177.18120993560564,559.5715636220432
1791246284.542868,176.1859595996312,560.0,-362.34636377930843,177.65363622069157,4.670177865126451e-16,1.1397716098950507e-14,-0.010642496744791667,0.010420735677083333,-0.010642496744791667,0.010420735677083333,0,idle,169.28749488780082,566.9010827785798,176.7865241832154,559.9380395798701
1791246284.5598972,176.1859595996312,560.0,-362.34636377930843,177.65363622069157,4.948948549098847e-16,1.2078064729000296e-14,-0.010642496744791667,0.010420735677083333,-0.010642496744791667,0.010420735677083333,0,idle,176.50569469103738,568.8487551895212,176.7724827086065,560.3835753603527
1791246284.576782,176.1859595996312,560.0,-362.34636377930843,177.65363622069157,5.154711451605331e-16,1.2580235570067702e-14,-0.010642496744791667,0.010420735677083333,-0.010642496744791667,0.010420735677083333,0,idle,190.5018814573476,574.7513663970539,177.45895264604357,561.1019649121877
1791246284.59302,176.1859595996312,560.0,-362.34636377930843,177.65363622069157,5.298677714294132e-16,1.2931589766276557e-14,-0.010642496744791667,0.010420735677083333,-0.010642496744791667,0.010420735677083333,0,idle,160.76556102461456,579.3039673742614,176.62428306497213,562.0120650352914
1791246284.609809,176.1859595996312,560.0,-362.34636377930843,177.65363622069157,5.391368731370727e-16,1.3157805111403117e-14,-0.010642496744791667,0.010420735677083333,-0.010642496744791667,0.010420735677083333,0,idle,181.6059322846032,549.8769304226499,176.8733655259537,561.4053083046592
1791246284.6264,176.1859595996312,560.0,-362.34636377930843,177.65363622069157,5.442199034123294e-16,1.3281858065429477e-14,-0.010642496744791667,0.010420735677083333,-0.010642496744791667,0.010420735677083333,0,idle,166.95115647196147,552.0344214993154,176.37725507325408,560.9367639643921
1791246284.6433349,176.1859595996312,560.0,-362.34636377930843,177.65363622069157,5.459327118775807e-16,1.3323659695223047e-14,-0.010642496744791667,0.010420735677083333,-0.010642496744791667,0.010420735677083333,0,idle,162.0526234613235,552.6633319712386,175.66102349265753,560.5230923647343
1791246284.660188,176.1859595996312,560.0,-362.34636377930843,177.65363622069157,5.449661813675771e-16,1.3300071213858652e-14,-0.010642496744791667,0.010420735677083333,-0.010642496744791667,0.010420735677083333,0,idle,188.15953310667646,553.4782196113738,176.28594897335847,560.1708487270663
1791246284.6777458,176.1859595996312,560.0,-362.34636377930843,177.65363622069157,5.418952486387009e-16,1.3225124133868242e-14,-0.010642496744791667,0.010420735677083333,-0.010642496744791667,0.010420735677083333,0,idle,176.04775153354228,554.8423341752377,176.27403910136766,559.9044229994748
1791246284.6946392,176.1859595996312,560.0,-362.34636377930843,177.65363622069157,5.371918422190665e-16,1.311033601954549e-14,-0.010642496744791667,0.010420735677083333,-0.010642496744791667,0.010420735677083333,0,idle,166.91939987971935,555.5977761295212,175.80630714028524,559.6890906559771
1791246284.71119,176.1859595996312,560.0,-362.34636377930843,177.65363622069157,5.312390451760722e-16,1.2965056133746355e-14,-0.010642496744791667,0.010420735677083333,-0.010642496744791667,0.010420735677083333,0,idle,183.01416744119405,576.0899336278266,176.1667001553307,560.5091328045696
1791246284.729103,176.1859595996312,560.0,-362.34636377930843,177.65363622069157,5.243449389766104e-16,1.2796803301655662e-14,-0.010642496744791667,0.010420735677083333,-0.010642496744791667,0.010420735677083333,0,idle,190.0251133684055,553.8598599734688,176.85962081598444,560.1766691630146
1791246284.74696,176.1859595996312,560.0,-362.34636377930843,177.65363622069157,5.167553140064296e-16,1.2611576115013414e-14,-0.010642496744791667,0.010420735677083333,-0.010642496744791667,0.010420735677083333,0,idle,172.00497974926407,559.1672045353072,176.61688876264841,560.1261959316292
1791246284.763618,176.1859595996312,560.0,-362.34636377930843,177.65363622069157,5.086648840553086e-16,1.2414126625155865e-14,-0.010642496744791667,0.010420735677083333,-0.010642496744791667,0.010420735677083333,0,idle,189.5002414104153,554.8844597809241,177.26105639503675,559.8641091240939
1791246284.780139,176.1859595996312,560.0,-362.34636377930843,177.65363622069157,5.002269120232237e-16,1.2208195261404725e-14,-0.010642496744791667,0.010420735677083333,-0.010642496744791667,0.010420735677083333,0,idle,176.4143810939351,566.5493576758435,177.21872262998167,560.1983715516815
1791246284.7968168,176.1859595996312,560.0,-362.34636377930843,177.65363622069157,4.915613068151622e-16,1.199670843833402e-14,-0.010642496744791667,0.010420735677083333,-0.010642496744791667,0.010420735677083333,0,idle,168.96361662777096,567.3639795425546,176.80596732987112,560.5566519512251
1791246284.8135948,176.1859595996312,560.0,-362.34636377930843,177.65363622069157,4.827613299830089e-16,1.1781942233476618e-14,-0.010642496744791667,0.010420735677083333,-0.010642496744791667,0.010420735677083333,0,idle,177.5571384258356,578.2335681328453,176.84352588466936,561.4404977603061
1791246284.8302941,176.1859595996312,560.0,-362.34636377930843,177.65363622069157,4.738990836467761e-16,1.156565632176946e-14,-0.010642496744791667,0.010420735677083333,-0.010642496744791667,0.010420735677083333,0,idle,168.5435797463147,558.6273494918762,176.42852857775162,561.2998403468846
1791246284.848089,176.1859595996312,560.0,-362.34636377930843,177.65363622069157,4.650299571950512e-16,1.134920249867783e-14,-0.010642496744791667,0.010420735677083333,-0.010642496744791667,0.010420735677083333,0,idle,176.22695640690037,560.724495164641,176.41844996920906,561.2710730877724
1791246284.86494,176.1859595996312,560.0,-362.34636377930843,177.65363622069157,4.561962011841381e-16,1.113361190232897e-14,-0.010642496744791667,0.010420735677083333,-0.010642496744791667,0.010420735677083333,0,idle,202.48693513431678,556.5664029669285,177.72187422746444,561.0358395817302
1791246284.8811572,176.1859595996312,560.0,-362.34636377930843,177.65363622069157,4.474297802507865e-16,1.0919664639745358e-14,-0.010642496744791667,0.010420735677083333,-0.010642496744791667,0.010420735677083333,0,idle,166.98437721695785,571.5929021451577,177.18499937693912,561.5636927099016
1791246284.8985422,176.1859595996312,560.0,-362.34636377930843,177.65363622069157,4.3875463732359555e-16,1.0707945045636787e-14,-0.010642496744791667,0.010420735677083333,-0.010642496744791667,0.010420735677083333,0,idle,169.83698130605865,563.3322619127256,176.8175984733951,561.6521211700428
1791246284.9150999,176.1859595996312,560.0,-362.34636377930843,177.65363622069157,4.3018848165814753e-16,1.0498885319960686e-14,-0.010642496744791667,0.010420735677083333,-0.010642496744791667,0.010420735677083333,0,idle,156.26301210900328,537.8232104489656,175.7898691551755,560.460675633989
1791246284.9325938,176.1859595996312,560.0,-362.34636377930843,177.65363622069157,4.217441947069959e-16,1.029279983862176e-14,-0.010642496744791667,0.010420735677083333,-0.010642496744791667,0.010420735677083333,0,idle,178.23740532775892,552.0679262729038,175.91224596380468,560.0410381659348
1791246284.949104,176.1859595996312,560.0,-362.34636377930843,177.65363622069157,4.134309312813378e-16,1.0089912027669245e-14,-0.010642496744791667,0.010420735677083333,-0.010642496744791667,0.010420735677083333,0,idle,173.00598606548766,568.3139185250284,175.76693296888882,560.4546821838894
1791246284.966563,176.1859595996312,560.0,-362.34636377930843,177.65363622069157,4.0525497911723567e-16,9.89037534128115e-15,-0.010642496744791667,0.010420735677083333,-0.010642496744791667,0.010420735677083333,0,idle,184.44024419647144,557.0566219362553,176.20059853026797,560.2847791715077
1791246284.9821289,176.1859595996312,560.0,-362.34636377930843,177.65363622069157,3.972204278081274e-16,9.694289587272749e-15,-0.010642496744791667,0.010420735677083333,-0.010642496744791667,0.010420735677083333,0,idle,186.4978874896365,558.4081333464632,176.7154629782364,560.1909468802555
1791246284.999657,176.1859595996312,560.0,-362.34636377930843,177.65363622069157,3.893296879454668e-16,9.501713596887333e-15,-0.010642496744791667,0.010420735677083333,-0.010642496744791667,0.010420735677083333,0,idle,169.64925884613214,554.0389647085876,176.36215277163117,559.8833477716721
1791246285.016232,176.1859595996312,560.0,-362.34636377930843,177.65363622069157,3.8158389299217916e-16,9.312675032644415e-15,-0.010642496744791667,0.010420735677083333,-0.010642496744791667,0.010420735677083333,0,idle,186.82518375882813,566.4289925074122,176.88530432099103,560.2106300084591
1791246285.033942,176.1859595996312,560.0,-362.34636377930843,177.65363622069157,3.739832096503221e-16,9.12717796296019e-15,-0.010642496744791667,0.010420735677083333,-0.010642496744791667,0.010420735677083333,0,idle,187.72832696716117,570.2089933999724,177.42745545329953,560.7105481780347
1791246285.050328,176.1859595996312,560.0,-362.34636377930843,177.65363622069157,3.665270770322546e-16,8.945208699195206e-15,-0.010642496744791667,0.010420735677083333,-0.010642496744791667,0.010420735677083333,0,idle,179.1816007327784,559.489469444071,177.51516271727348,560.6494942413366
1791246285.0666711,176.1859595996312,560.0,-362.34636377930843,177.65363622069157,3.592143905812731e-16,8.766740284295397e-15,-0.010642496744791667,0.010420735677083333,-0.010642496744791667,0.010420735677083333,0,idle,175.48026573317102,578.9781357397062,177.41341786806836,561.5659263162551
1791246285.083741,176.1859595996312,560.0,-362.34636377930843,177.65363622069157,3.520436432170073e-16,8.591735937489888e-15,-0.010642496744791667,0.010420735677083333,-0.010642496744791667,0.010420735677083333,0,idle,171.07083272460514,571.5588812255316,177.09628861089521,562.0655740617188
1791246285.100669,176.1859595996312,560.0,-362.34636377930843,177.65363622069157,3.4501303343469275e-16,8.420151692487785e-15,-0.010642496744791667,0.010420735677083333,-0.010642496744791667,0.010420735677083333,0,idle,169.5119177278762,547.0189985927677,176.71707006674427,561.3132452882713
1791246285.1176739,176.1859595996312,560.0,-362.34636377930843,177.65363622069157,3.3812054792436857e-16,8.251938413825694e-15,-0.010642496744791667,0.010420735677083333,-0.010642496744791667,0.010420735677083333,0,idle,166.22676243787984,553.2540222413235,176.19255468530105,560.9102841359239
1791246285.1345952,176.1859595996312,560.0,-362.34636377930843,177.65363622069157,3.3136402457900795e-16,8.087043334600983e-15,-0.010642496744791667,0.010420735677083333,-0.010642496744791667,0.010420735677083333,0,idle,178.66458256924298,539.5468583814308,176.31615607949814,559.8421128481992
1791246285.151531,176.1859595996312,560.0,-362.34636377930843,177.65363622069157,3.2474120043381533e-16,7.925411226445428e-15,-0.010642496744791667,0.010420735677083333,-0.010642496744791667,0.010420735677083333,0,idle,171.694083683146,569.7687255158033,176.08505245968053,560.3384434815795
1791246285.168355,176.1859595996312,560.0,-362.34636377930843,177.65363622069157,3.1824974804483166e-16,7.766985287356517e-15,-0.010642496744791667,0.010420735677083333,-0.010642496744791667,0.010420735677083333,0,idle,175.62236436985788,584.8391810305565,176.06191805518938,561.5634803590283
1791246285.185323,176.1859595996312,560.0,-362.34636377930843,177.65363622069157,3.1188730301123365e-16,7.611707813387838e-15,-0.010642496744791667,0.010420735677083333,-0.010642496744791667,0.010420735677083333,0,idle,207.02313362694795,553.0557589210222,177.60997883377732,561.138094287128
1791246285.202934,176.1859595996312,560.0,-362.34636377930843,177.65363622069157,3.056514847225353e-16,7.45952070499105e-15,-0.010642496744791667,0.010420735677083333,-0.010642496744791667,0.010420735677083333,0,idle,170.16427578223917,591.6845832744254,177.23769368120043,562.6654187364928
1791246285.218623,176.1859595996312,560.0,-362.34636377930843,177.65363622069157,2.995399119298021e-16,7.310365847036284e-15,-0.010642496744791667,0.010420735677083333,-0.010642496744791667,0.010420735677083333,0,idle,152.1717825635432,542.9182623926454,175.98439812531757,561.6780609193005
1791246285.235479,176.1859595996312,560.0,-362.34636377930843,177.65363622069157,2.935502143677893e-16,7.16418539245407e-15,-0.010642496744791667,0.010420735677083333,-0.010642496744791667,0.010420735677083333,0,idle,195.137897505945,553.7350332295096,176.94207309434893,561.2809095348109
1791246285.252534,176.1859595996312,560.0,-362.34636377930843,177.65363622069157,2.8768004136808416e-16,7.020921972441795e-15,-0.010642496744791667,0.010420735677083333,-0.010642496744791667,0.010420735677083333,0,idle,174.7570594710641,560.2048163018682,176.8328224131847,561.2271048731637
1791246285.26956,176.1859595996312,560.0,-362.34636377930843,177.65363622069157,2.819270681826645e-16,6.880518850792139e-15,-0.010642496744791667,0.010420735677083333,-0.010642496744791667,0.010420735677083333,0,idle,186.96783593560042,575.9648256057397,177.33957308930547,561.9639909097925
1791246285.2865012,176.1859595996312,560.0,-362.34636377930843,177.65363622069157,2.762890005677751e-16,6.742920035764018e-15,-0.010642496744791667,0.010420735677083333,-0.010642496744791667,0.010420735677083333,0,idle,166.7536830032436,558.2745082140657,176.81027858500238,561.7795167750062
1791246285.3033469,176.1859595996312,560.0,-362.34636377930843,177.65363622069157,2.707635780479972e-16,6.6080703597432274e-15,-0.010642496744791667,0.010420735677083333,-0.010642496744791667,0.010420735677083333,0,idle,192.98288155866,550.6367752686076,177.61890873368526,561.2223796996863
1791246285.320268,176.1859595996312,560.0,-362.34636377930843,177.65363622069157,2.653485761807738e-16,6.475915534508903e-15,-0.010642496744791667,0.010420735677083333,-0.010642496744791667,0.010420735677083333,0,idle,162.68026704694046,579.9001581357812,176.87197664934803,562.156268621491
1791246285.33713,176.1859595996312,560.0,-362.34636377930843,177.65363622069157,2.600418080654367e-16,6.3464021880617935e-15,-0.010642496744791667,0.010420735677083333,-0.010642496744791667,0.010420735677083333,0,idle,168.89814955779818,564.7932149465795,176.47328529477053,562.2881159377454
1791246285.354947,176.1859595996312,560.0,-362.34636377930843,177.65363622069157,2.548411252825245e-16,6.219477887548609e-15,-0.010642496744791667,0.010420735677083333,-0.010642496744791667,0.010420735677083333,0,idle,173.94956712590783,564.3551075273868,176.3470993863274,562.3914655172274
1791246285.371768,176.1859595996312,560.0,-362.34636377930843,177.65363622069157,2.4974441840470196e-16,6.095091151731178e-15,-0.010642496744791667,0.010420735677083333,-0.010642496744791667,0.010420735677083333,0,idle,183.43587705526843,558.0254481423805,176.70153826977443,562.173164648485
1791246285.388754,176.1859595996312,560.0,-362.34636377930843,177.65363622069157,2.4474961718666603e-16,5.973191455621158e-15,-0.010642496744791667,0.010420735677083333,-0.010642496744791667,0.010420735677083333,0,idle,178.02139372514213,562.0554439054871,176.76753104254283,562.1672786113351
1791246285.405518,176.1859595996312,560.0,-362.34636377930843,177.65363622069157,2.3985469051556398e-16,5.853729229269975e-15,-0.010642496744791667,0.010420735677083333,-0.010642496744791667,0.010420735677083333,0,idle,199.56524317836298,568.4414017690547,177.90741664933384,562.4809847692211
1791246285.422335,176.1859595996312,560.0,-362.34636377930843,177.65363622069157,2.3505764618376447e-16,5.736655852223231e-15,-0.010642496744791667,0.010420735677083333,-0.010642496744791667,0.010420735677083333,0,idle,192.54011665515716,565.7336547269821,178.639051649625,562.6436182671091
1791246285.43925,176.1859595996312,560.0,-362.34636377930843,177.65363622069157,2.3035653053084077e-16,5.621923644783192e-15,-0.010642496744791667,0.010420735677083333,-0.010642496744791667,0.010420735677083333,0,idle,173.54134401368282,563.299940186333,178.38416626782788,562.6764343630703
1791246285.45632,176.1859595996312,560.0,-362.34636377930843,177.65363622069157,2.2574942799023704e-16,5.509485856945034e-15,-0.010642496744791667,0.010420735677083333,-0.010642496744791667,0.010420735677083333,0,idle,178.02706117291,563.575748734179,178.366311013082,562.7214000816257
1791246285.473254,176.1859595996312,560.0,-362.34636377930843,177.65363622069157,2.2123446056743809e-16,5.399296655661413e-15,-0.010642496744791667,0.010420735677083333,-0.010642496744791667,0.010420735677083333,0,idle,173.6220933247484,576.7343472443627,178.12910012866533,563.4220474397625
1791246285.491064,176.1859595996312,560.0,-362.34636377930843,177.65363622069157,2.16809787269892e-16,5.291311110929549e-15,-0.010642496744791667,0.010420735677083333,-0.010642496744791667,0.010420735677083333,0,idle,171.9741935367908,549.1424535391116,177.8213547990716,562.70806774473
1791246285.50784,176.1859595996312,560.0,-362.34636377930843,177.65363622069157,2.1247360350395357e-16,5.185485181073436e-15,-0.010642496744791667,0.010420735677083333,-0.010642496744791667,0.010420735677083333,0,idle,171.2812008739793,538.5383855705268,177.494347102817,561.4995836360198
1791246285.523686,176.1859595996312,560.0,-362.34636377930843,177.65363622069157,2.0822414045033666e-16,5.081775697501565e-15,-0.010642496744791667,0.010420735677083333,-0.010642496744791667,0.010420735677083333,0,idle,167.25252261129774,574.8079002476927,176.98225587824103,562.1649994666035
1791246285.540541,176.1859595996312,560.0,-362.34636377930843,177.65363622069157,2.040596644267009e-16,4.980140349150649e-15,-0.010642496744791667,0.010420735677083333,-0.010642496744791667,0.010420735677083333,0,idle,158.9687079361409,554.9160977726851,176.08157848113603,561.8025543819076
1791246285.55741,176.1859595996312,560.0,-362.34636377930843,177.65363622069157,1.999784762438302e-16,4.880537666772956e-15,-0.010642496744791667,0.010420735677083333,-0.010642496744791667,0.010420735677083333,0,idle,191.15808343276885,578.9572693904852,176.83540372871767,562.6602901323365
1791246285.574333,176.1859595996312,560.0,-362.34636377930843,177.65363622069157,1.9597891056021996e-16,4.782927007184811e-15,-0.010642496744791667,0.010420735677083333,-0.010642496744791667,0.010420735677083333,0,idle,166.23592350162733,560.8506042189641,176.30542971736315,562.5698058366679
1791246285.5912719,176.1859595996312,560.0,-362.34636377930843,177.65363622069157,1.9205933523864894e-16,4.687268537563528e-15,-0.010642496744791667,0.010420735677083333,-0.010642496744791667,0.010420735677083333,0,idle,155.54047562395633,557.0480568036631,175.2671820126928,562.2937183850177
1791246285.608254,176.1859595996312,560.0,-362.34636377930843,177.65363622069157,1.8821815070737492e-16,4.593523219857184e-15,-0.010642496744791667,0.010420735677083333,-0.010642496744791667,0.010420735677083333,0,idle,173.27265099941582,559.9817749410116,175.16745546202895,562.1781212128174
1791246285.625094,176.1859595996312,560.0,-362.34636377930843,177.65363622069157,1.8445378932788455e-16,4.501652795354362e-15,-0.010642496744791667,0.010420735677083333,-0.010642496744791667,0.010420735677083333,0,idle,170.60156969909616,562.4228545882207,174.93916117388233,562.1903578815875
1791246285.642477,176.1859595996312,560.0,-362.34636377930843,177.65363622069157,1.8076471477059473e-16,4.411619769447945e-15,-0.010642496744791667,0.010420735677083333,-0.010642496744791667,0.010420735677083333,0,idle,173.53945876282998,566.5900616673596,174.8691760533297,562.4103430708761
1791246285.6593962,176.1859595996312,560.0,-362.34636377930843,177.65363622069157,1.7714942139949995e-16,4.323387396617236e-15,-0.010642496744791667,0.010420735677083333,-0.010642496744791667,0.010420735677083333,0,idle,183.74726521471325,576.1760453756167,175.31308051139888,563.0986281861132
1791246285.676268,176.1859595996312,560.0,-362.34636377930843,177.65363622069157,1.7360643366645736e-16,4.236919665645301e-15,-0.010642496744791667,0.010420735677083333,-0.010642496744791667,0.010420735677083333,0,idle,185.85476710197037,569.9518693267769,175.84016484092746,563.4412902431463
1791246285.694098,176.1859595996312,560.0,-362.34636377930843,177.65363622069157,1.7013430551557395e-16,4.152181285082848e-15,-0.010642496744791667,0.010420735677083333,-0.010642496744791667,0.010420735677083333,0,idle,186.13247351314294,562.7934359061536,176.35478027453823,563.4088975262968
1791246285.712024,176.1859595996312,560.0,-362.34636377930843,177.65363622069157,1.667316197979892e-16,4.06913766896581e-15,-0.010642496744791667,0.010420735677083333,-0.010642496744791667,0.010420735677083333,0,idle,186.03264551564294,540.7563559989987,176.83867353659346,562.2762704499319
1791246285.728083,176.1859595996312,560.0,-362.34636377930843,177.65363622069157,1.6339698769721922e-16,3.987754922790694e-15,-0.010642496744791667,0.010420735677083333,-0.010642496744791667,0.010420735677083333,0,idle,176.50669891672584,562.5132736824527,176.82207480560007,562.2881206115579
1791246285.745037,176.1859595996312,560.0,-362.34636377930843,177.65363622069157,1.6012904816513303e-16,3.907999829749399e-15,-0.010642496744791667,0.010420735677083333,-0.010642496744791667,0.010420735677083333,0,idle,188.77917416450288,548.5024926910584,177.41992977354522,561.598839215533
1791246285.761927,176.1859595996312,560.0,-362.34636377930843,177.65363622069157,1.569264673685606e-16,3.829839837223515e-15,-0.010642496744791667,0.010420735677083333,-0.010642496744791667,0.010420735677083333,0,idle,192.152304406658,541.7990794767635,178.15654850520087,560.6088512285945
1791246285.77894,176.1859595996312,560.0,-362.34636377930843,177.65363622069157,1.5378793814648025e-16,3.753243043536807e-15,-0.010642496744791667,0.010420735677083333,-0.010642496744791667,0.010420735677083333,0,idle,166.64876297741802,559.0590314417024,177.58115922881174,560.5313602392499
1791246285.7960231,176.1859595996312,560.0,-362.34636377930843,177.65363622069157,1.5071217947769447e-16,3.6781781849636805e-15,-0.010642496744791667,0.010420735677083333,-0.010642496744791667,0.010420735677083333,0,idle,174.1897201950184,574.803018855954,177.41158727712207,561.2449431700851
1791246285.813021,176.1859595996312,560.0,-362.34636377930843,177.65363622069157,1.4769793595887539e-16,3.604614622990712e-15,-0.010642496744791667,0.010420735677083333,-0.010642496744791667,0.010420735677083333,0,idle,175.3729198519461,557.746410192126,177.30965390586326,561.0700165211871
1791246285.829831,176.1859595996312,560.0,-362.34636377930843,177.65363622069157,1.447439772928407e-16,3.5325223318278653e-15,-0.010642496744791667,0.010420735677083333,-0.010642496744791667,0.010420735677083333,0,idle,180.26198475124508,543.2478808852187,177.45727044813236,560.1789097393887
1791246285.846549,176.1859595996312,560.0,-362.34636377930843,177.65363622069157,1.4184909778690727e-16,3.461871886165651e-15,-0.010642496744791667,0.010420735677083333,-0.010642496744791667,0.010420735677083333,0,idle,188.83272396985043,552.1676010683906,178.02604312421826,559.7783443058388
1791246285.863321,176.1859595996312,560.0,-362.34636377930843,177.65363622069157,1.3901211586115954e-16,3.392634449174263e-15,-0.010642496744791667,0.010420735677083333,-0.010642496744791667,0.010420735677083333,0,idle,168.6786375790553,562.8684058450579,177.55867284696012,559.9328473827998
1791246285.881092,176.1859595996312,560.0,-362.34636377930843,177.65363622069157,1.3623187356646375e-16,3.324781760740566e-15,-0.010642496744791667,0.010420735677083333,-0.010642496744791667,0.010420735677083333,0,idle,158.90944363254744,560.955403990179,176.62621138623948,559.9839752131687
1791246285.897847,176.1859595996312,560.0,-362.34636377930843,177.65363622069157,1.33507236112055e-16,3.258286125938706e-15,-0.010642496744791667,0.010420735677083333,-0.010642496744791667,0.010420735677083333,0,idle,164.33234946043768,564.5051669677985,176.01151828994938,560.2100348009002
1791246285.914527,176.1859595996312,560.0,-362.34636377930843,177.65363622069157,1.3083709140252236e-16,3.193120403730086e-15,-0.010642496744791667,0.010420735677083333,-0.010642496744791667,0.010420735677083333,0,idle,178.21796992202886,557.8394701706633,176.12184087155336,560.0915065693883
1791246285.9313369,176.1859595996312,560.0,-362.34636377930843,177.65363622069157,1.2822034958401632e-16,3.1292579958884178e-15,-0.010642496744791667,0.010420735677083333,-0.010642496744791667,0.010420735677083333,0,idle,164.64227216559658,547.2695478697259,175.5478624362555,559.4504086344052
1791246285.948973,176.1859595996312,560.0,-362.34636377930843,177.65363622069157,1.256559425995037e-16,3.06667283614558e-15,-0.010642496744791667,0.010420735677083333,-0.010642496744791667,0.010420735677083333,0,idle,177.96061354952255,558.8481309811763,175.66849999191888,559.4202947517438
1791246285.965844,176.1859595996312,560.0,-362.34636377930843,177.65363622069157,1.2314282375289623e-16,3.0053393795540326e-15,-0.010642496744791667,0.010420735677083333,-0.010642496744791667,0.010420735677083333,0,idle,203.1360545636581,560.2550480020611,177.04187772050585,559.4620324142596
1791246285.982815,176.1859595996312,560.0,-362.34636377930843,177.65363622069157,1.2067996728188018e-16,2.945232592061595e-15,-0.010642496744791667,0.010420735677083333,-0.010642496744791667,0.010420735677083333,0,idle,175.4212966651129,558.522607740856,176.9608486677362,559.4150611805894
1791246285.9995651,176.1859595996312,560.0,-362.34636377930843,177.65363622069157,1.1826636793927755e-16,2.886327940294432e-15,-0.010642496744791667,0.010420735677083333,-0.010642496744791667,0.010420735677083333,0,idle,177.0439081057227,545.6568427963583,176.96500163963552,558.7271502613779
1791246286.0166101,176.1859595996312,560.0,-362.34636377930843,177.65363622069157,1.1590104058277078e-16,2.828601381544158e-15,-0.010642496744791667,0.010420735677083333,-0.010642496744791667,0.010420735677083333,0,idle,184.9103522122249,568.2535343930589,177.362269168265,559.203469467962
1791246286.033246,176.1859595996312,560.0,-362.34636377930843,177.65363622069157,1.1358301977282631e-16,2.772029353955031e-15,-0.010642496744791667,0.010420735677083333,-0.010642496744791667,0.010420735677083333,0,idle,151.4120084326988,570.3608957360693,176.0647561314867,559.7613407813674
1791246286.050753,176.1859595996312,560.0,-362.34636377930843,177.65363622069157,1.1131135937865433e-16,2.7165887669072803e-15,-0.010642496744791667,0.010420735677083333,-0.010642496744791667,0.010420735677083333,0,idle,161.4728304784301,547.7197135845731,175.33515984883385,559.1592594215276
1791246286.067206,176.1859595996312,560.0,-362.34636377930843,177.65363622069157,1.0908513219204562e-16,2.662256991592671e-15,-0.010642496744791667,0.010420735677083333,-0.010642496744791667,0.010420735677083333,0,idle,162.6875229531371,572.8213962329122,174.702778004049,559.8423662620969
1791246286.084718,176.1859595996312,560.0,-362.34636377930843,177.65363622069157,1.0690342954892869e-16,2.6090118517784867e-15,-0.010642496744791667,0.010420735677083333,-0.010642496744791667,0.010420735677083333,0,idle,185.1929429990167,548.9253791264774,175.2272862537974,559.2965169053159
1791246286.101179,176.1859595996312,560.0,-362.34636377930843,177.65363622069157,1.0476536095849361e-16,2.556831614756181e-15,-0.010642496744791667,0.010420735677083333,-0.010642496744791667,0.010420735677083333,0,idle,158.43122425386605,552.3623238940644,174.38748315380082,558.9498072547533
1791246286.1186738,176.1859595996312,560.0,-362.34636377930843,177.65363622069157,1.0267005373973172e-16,2.5056949824710143e-15,-0.010642496744791667,0.010420735677083333,-0.010642496744791667,0.010420735677083333,0,idle,194.62491043437998,573.2965381781562,175.39935451782978,559.6671438009234
1791246286.1351838,176.1859595996312,560.0,-362.34636377930843,177.65363622069157,1.0061665266524334e-16,2.4555810828290684e-15,-0.010642496744791667,0.010420735677083333,-0.010642496744791667,0.010420735677083333,0,idle,194.7990018952024,563.2730972139678,176.36933688669842,559.8474414715756
1791246286.152787,176.1859595996312,560.0,-362.34636377930843,177.65363622069157,9.860431961216835e-17,2.4064694611780974e-15,-0.010642496744791667,0.010420735677083333,-0.010642496744791667,0.010420735677083333,0,idle,176.10268082109403,566.9604588374077,176.3560040834182,560.2030923398672
1791246286.169576,176.1859595996312,560.0,-362.34636377930843,177.65363622069157,9.663223322009752e-17,2.3583400719587463e-15,-0.010642496744791667,0.010420735677083333,-0.010642496744791667,0.010420735677083333,0,idle,172.71282052142368,565.7041769189515,176.17384490531848,560.4781465688214
1791246286.186736,176.1859595996312,560.0,-362.34636377930843,177.65363622069157,9.469958855582508e-17,2.3111732705227322e-15,-0.010642496744791667,0.010420735677083333,-0.010642496744791667,0.010420735677083333,0,idle,178.70697737151772,565.2295269641006,176.30050152862844,560.7157155885855
1791246286.203234,176.1859595996312,560.0,-362.34636377930843,177.65363622069157,9.280559678480579e-17,2.2649498051146498e-15,-0.010642496744791667,0.010420735677083333,-0.010642496744791667,0.010420735677083333,0,idle,177.68725060625425,557.9742072442699,176.36983898250975,560.5786401713697
1791246286.220767,176.1859595996312,560.0,-362.34636377930843,177.65363622069157,9.094948484918262e-17,2.219650809014137e-15,-0.010642496744791667,0.010420735677083333,-0.010642496744791667,0.010420735677083333,0,idle,174.12382735008998,573.6237946131953,176.25753840088876,561.2308978934609
1791246286.237248,176.1859595996312,560.0,-362.34636377930843,177.65363622069157,8.913049515225372e-17,2.1752577928351907e-15,-0.010642496744791667,0.010420735677083333,-0.010642496744791667,0.010420735677083333,0,idle,166.0200247633652,555.0840300889325,175.74566271901259,560.9235545032345
1791246286.2540932,176.1859595996312,560.0,-362.34636377930843,177.65363622069157,8.734788524924974e-17,2.1317526369794898e-15,-0.010642496744791667,0.010420735677083333,-0.010642496744791667,0.010420735677083333,0,idle,189.46071885428634,563.7640958033962,176.4314155257763,561.0655815682426
1791246286.2718961,176.1859595996312,560.0,-362.34636377930843,177.65363622069157,8.560092754429558e-17,2.0891175842406523e-15,-0.010642496744791667,0.010420735677083333,-0.010642496744791667,0.010420735677083333,0,idle,199.6000478103412,574.2626988728313,177.58984714000454,561.725437433472
1791246286.2887738,176.1859595996312,560.0,-362.34636377930843,177.65363622069157,8.38889089934328e-17,2.047335232556404e-15,-0.010642496744791667,0.010420735677083333,-0.010642496744791667,0.010420735677083333,0,idle,170.82716134473714,562.5216343108159,177.25171285024118,561.7652472773392
1791246286.305737,176.1859595996312,560.0,-362.34636377930843,177.65363622069157,8.221113081358152e-17,2.0063885279057e-15,-0.010642496744791667,0.010420735677083333,-0.010642496744791667,0.010420735677083333,0,idle,185.37564921439784,561.9799591701836,177.657909668449,561.7759828719815
1791246286.322687,176.1859595996312,560.0,-362.34636377930843,177.65363622069157,8.056690819732293e-17,1.966260757347904e-15,-0.010642496744791667,0.010420735677083333,-0.010642496744791667,0.010420735677083333,0,idle,182.9213119872894,580.6529319646833,177.92107978439103,562.7198303266166
1791246286.33969,176.1859595996312,560.0,-362.34636377930843,177.65363622069157,7.895557003338625e-17,1.9269355422011847e-15,-0.010642496744791667,0.010420735677083333,-0.010642496744791667,0.010420735677083333,0,idle,178.10643731111645,554.4442630869071,177.9303476607273,562.3060519646311
1791246286.3565629,176.1859595996312,560.0,-362.34636377930843,177.65363622069157,7.737645863272586e-17,1.88839683135734e-15,-0.010642496744791667,0.010420735677083333,-0.010642496744791667,0.010420735677083333,0,idle,182.38459149786007,569.6065823814397,178.15305985258394,562.6710784854715
1791246286.372648,176.1859595996312,560.0,-362.34636377930843,177.65363622069157,7.582892946007685e-17,1.8506288947303276e-15,-0.010642496744791667,0.010420735677083333,-0.010642496744791667,0.010420735677083333,0,idle,176.74373654696595,567.3687926139274,178.08259368730305,562.9059641918943
1791246286.389602,176.1859595996312,560.0,-362.34636377930843,177.65363622069157,7.431235087087944e-17,1.813616316835822e-15,-0.010642496744791667,0.010420735677083333,-0.010642496744791667,0.010420735677083333,0,idle,163.4708153961316,549.9557252148545,177.35200477274446,562.2584522430424
1791246286.4064121,176.1859595996312,560.0,-362.34636377930843,177.65363622069157,7.282610385346495e-17,1.7773439904991812e-15,-0.010642496744791667,0.010420735677083333,-0.010642496744791667,0.010420735677083333,0,idle,171.06402955709353,575.0317950543418,177.0376060119619,562.8971193836073
1791246286.423263,176.1859595996312,560.0,-362.34636377930843,177.65363622069157,7.136958177639799e-17,1.7417971106892543e-15,-0.010642496744791667,0.010420735677083333,-0.010642496744791667,0.010420735677083333,0,idle,189.25373993494694,568.4549232116185,177.64841270811115,563.1750095750078
1791246286.4408178,176.1859595996312,560.0,-362.34636377930843,177.65363622069157,6.994219014087177e-17,1.706961168475512e-15,-0.010642496744791667,0.010420735677083333,-0.010642496744791667,0.010420735677083333,0,idle,187.48581136744266,568.4382998933322,178.14028264107773,563.438174090924
1791246286.457628,176.1859595996312,560.0,-362.34636377930843,177.65363622069157,6.854334633805565e-17,1.6728219451060336e-15,-0.010642496744791667,0.010420735677083333,-0.010642496744791667,0.010420735677083333,0,idle,161.42023970888422,564.742926853901,177.30428049446806,563.5034117290728
1791246286.474446,176.1859595996312,560.0,-362.34636377930843,177.65363622069157,6.717247941129553e-17,1.639365506203937e-15,-0.010642496744791667,0.010420735677083333,-0.010642496744791667,0.010420735677083333,0,idle,180.81551910693366,564.9636244698621,177.47984242509133,563.5764223661123
1791246286.491384,176.1859595996312,560.0,-362.34636377930843,177.65363622069157,6.582902982307035e-17,1.6065781960798761e-15,-0.010642496744791667,0.010420735677083333,-0.010642496744791667,0.010420735677083333,0,idle,163.14336785883214,564.3703535010918,176.76301869677837,563.6161189228612
1791246286.508319,176.1859595996312,560.0,-362.34636377930843,177.65363622069157,6.45124492266095e-17,1.574446632158292e-15,-0.010642496744791667,0.010420735677083333,-0.010642496744791667,0.010420735677083333,0,idle,174.8075089535996,553.1150056105638,176.66524320961943,563.0910632572463
1791246286.525281,176.1859595996312,560.0,-362.34636377930843,177.65363622069157,6.322220024207771e-17,1.5429576995151365e-15,-0.010642496744791667,0.010420735677083333,-0.010642496744791667,0.010420735677083333,0,idle,173.51251165861203,565.7800132157058,176.50760663206907,563.2255107551694
1791246286.5421708,176.1859595996312,560.0,-362.34636377930843,177.65363622069157,6.195775623723647e-17,1.5120985455248413e-15,-0.010642496744791667,0.010420735677083333,-0.010642496744791667,0.010420735677083333,0,idle,180.81955509942202,539.6155423149044,176.72320405543672,562.0450123331561
1791246286.5591831,176.1859595996312,560.0,-362.34636377930843,177.65363622069157,6.071860111249198e-17,1.4818565746143502e-15,-0.010642496744791667,0.010420735677083333,-0.010642496744791667,0.010420735677083333,0,idle,184.41896210747515,544.4145811659865,177.10799195803864,561.1634907747977
1791246286.576202,176.1859595996312,560.0,-362.34636377930843,177.65363622069157,5.950422909024231e-17,1.4522194431220676e-15,-0.010642496744791667,0.010420735677083333,-0.010642496744791667,0.010420735677083333,0,idle,175.95675352194775,562.1723272856145,177.0504300362341,561.2139326003385
1791246286.593119,176.1859595996312,560.0,-362.34636377930843,177.65363622069157,5.83141445084376e-17,1.4231750542596295e-15,-0.010642496744791667,0.010420735677083333,-0.010642496744791667,0.010420735677083333,0,idle,159.4844849187448,537.6961148943076,176.17213278035965,560.0380417150369
1791246286.610879,176.1859595996312,560.0,-362.34636377930843,177.65363622069157,5.714786161826895e-17,1.3947115531744392e-15,-0.010642496744791667,0.010420735677083333,-0.010642496744791667,0.010420735677083333,0,idle,181.62122834125645,562.5220040728525,176.4445875584045,560.1622398329276
1791246286.6275358,176.1859595996312,560.0,-362.34636377930843,177.65363622069157,5.600490438590364e-17,1.3668173221109522e-15,-0.010642496744791667,0.010420735677083333,-0.010642496744791667,0.010420735677083333,0,idle,185.14188228254608,551.7226846713944,176.87945229461158,559.740262074851
1791246286.644303,176.1859595996312,560.0,-362.34636377930843,177.65363622069157,5.488480629818562e-17,1.3394809756687346e-15,-0.010642496744791667,0.010420735677083333,-0.010642496744791667,0.010420735677083333,0,idle,180.55499851975887,581.6783050288892,177.06322960586894,560.8371642225529
1791246286.6611662,176.1859595996312,560.0,-362.34636377930843,177.65363622069157,5.3787110172221953e-17,1.312691356155361e-15,-0.010642496744791667,0.010420735677083333,-0.010642496744791667,0.010420735677083333,0,idle,160.20382037142673,557.5633080186242,176.22025914414684,560.6734714123565
1791246286.67903,176.1859595996312,560.0,-362.34636377930843,177.65363622069157,5.2711367968777546e-17,1.2864375290322545e-15,-0.010642496744791667,0.010420735677083333,-0.010642496744791667,0.010420735677083333,0,idle,179.55398816601289,565.0702680350731,176.38694559524015,560.8933112434923
1791246286.695893,176.1859595996312,560.0,-362.34636377930843,177.65363622069157,5.165714060940202e-17,1.26070877845161e-15,-0.010642496744791667,0.010420735677083333,-0.010642496744791667,0.010420735677083333,0,idle,178.00621239865035,567.0998584345141,176.46790893541066,561.2036386030435
1791246286.712456,176.1859595996312,560.0,-362.34636377930843,177.65363622069157,5.0623997797214e-17,1.2354946028825783e-15,-0.010642496744791667,0.010420735677083333,-0.010642496744791667,0.010420735677083333,0,idle,170.16818608450387,566.9365011476298,176.15292279286533,561.4902817302728
1791246286.729289,176.1859595996312,560.0,-362.34636377930843,177.65363622069157,4.961151784126973e-17,1.210784710824927e-15,-0.010642496744791667,0.010420735677083333,-0.010642496744791667,0.010420735677083333,0,idle,195.63903309483956,574.5086507294593,177.12722830796403,562.1412001802322
1791246286.746934,176.1859595996312,560.0,-362.34636377930843,177.65363622069157,4.861928748444435e-17,1.1865690166084287e-15,-0.010642496744791667,0.010420735677083333,-0.010642496744791667,0.010420735677083333,0,idle,172.7070208448333,565.0956916210795,176.9062179348075,562.2889247522746
1791246286.7631302,176.1859595996312,560.0,-362.34636377930843,177.65363622069157,4.764690173475547e-17,1.1628376362762602e-15,-0.010642496744791667,0.010420735677083333,-0.010642496744791667,0.010420735677083333,0,idle,190.0094270540077,555.6880899850341,177.56137839076752,561.9588830139126
1791246286.7792919,176.1859595996312,560.0,-362.34636377930843,177.65363622069157,4.669396370006037e-17,1.1395808835507352e-15,-0.010642496744791667,0.010420735677083333,-0.010642496744791667,0.010420735677083333,0,idle,178.84675655295075,578.2592218362357,177.6256472988767,562.7738999550287
1791246286.796282,176.1859595996312,560.0,-362.34636377930843,177.65363622069157,4.5760084426059164e-17,1.1167892658797206e-15,-0.010642496744791667,0.010420735677083333,-0.010642496744791667,0.010420735677083333,0,idle,178.1712042010571,552.1839745150146,177.6529251439857,562.2444036830279
1791246286.813209,176.1859595996312,560.0,-362.34636377930843,177.65363622069157,4.484488273753798e-17,1.0944534805621261e-15,-0.010642496744791667,0.010420735677083333,-0.010642496744791667,0.010420735677083333,0,idle,190.13995254213037,580.5257727650468,178.27727651389293,563.1584721371289
1791246286.830972,176.1859595996312,560.0,-362.34636377930843,177.65363622069157,4.3947985082787227e-17,1.0725644109508837e-15,-0.010642496744791667,0.010420735677083333,-0.010642496744791667,0.010420735677083333,0,idle,190.19094083714967,573.8887737489288,178.87295973005575,563.6949872177189
1791246286.8477561,176.1859595996312,560.0,-362.34636377930843,177.65363622069157,4.3069025381131484e-17,1.051113122731866e-15,-0.010642496744791667,0.010420735677083333,-0.010642496744791667,0.010420735677083333,0,idle,178.25445468413199,546.7144549767195,178.84203447775957,562.8459606056689
1791246286.864519,176.1859595996312,560.0,-362.34636377930843,177.65363622069157,4.220764487350885e-17,1.0300908602772286e-15,-0.010642496744791667,0.010420735677083333,-0.010642496744791667,0.010420735677083333,0,idle,188.43185329192755,565.2175320560754,179.32152541846796,562.9645391781892
1791246286.881527,176.1859595996312,560.0,-362.34636377930843,177.65363622069157,4.1363491976038675e-17,1.009489043071684e-15,-0.010642496744791667,0.010420735677083333,-0.010642496744791667,0.010420735677083333,0,idle,199.3652036222397,540.7222025310485,180.32370932865655,561.8524223458321
1791246286.8977559,176.1859595996312,560.0,-362.34636377930843,177.65363622069157,4.05362221365179e-17,9.892992622102505e-16,-0.010642496744791667,0.010420735677083333,-0.010642496744791667,0.010420735677083333,0,idle,185.42901049603373,532.7538841971981,180.5789743870254,560.3974954384004
1791246286.914592,176.1859595996312,560.0,-362.34636377930843,177.65363622069157,3.9725497693787543e-17,9.695132769660453e-16,-0.010642496744791667,0.010420735677083333,-0.010642496744791667,0.010420735677083333,0,idle,178.30797849772847,571.5915810884815,180.46542459256054,560.9571997209044
1791246286.9313622,176.1859595996312,560.0,-362.34636377930843,177.65363622069157,3.893098773991179e-17,9.501230114267244e-16,-0.010642496744791667,0.010420735677083333,-0.010642496744791667,0.010420735677083333,0,idle,183.53696942323242,567.435143516697,180.61900183409412,561.281096910694
1791246286.9490612,176.1859595996312,560.0,-362.34636377930843,177.65363622069157,3.815236798511356e-17,9.3112055119819e-16,-0.010642496744791667,0.010420735677083333,-0.010642496744791667,0.010420735677083333,0,idle,159.26053184514782,556.419149941789,179.5510783346468,561.0379995622487
1791246286.966868,176.1859595996312,560.0,-362.34636377930843,177.65363622069157,3.738932062541129e-17,9.124981401742261e-16,-0.010642496744791667,0.010420735677083333,-0.010642496744791667,0.010420735677083333,0,idle,167.09241510155687,554.0146815049713,178.92814517299232,560.6868336593849
1791246286.983448,176.1859595996312,560.0,-362.34636377930843,177.65363622069157,3.664153421290306e-17,8.942481773707416e-16,-0.010642496744791667,0.010420735677083333,-0.010642496744791667,0.010420735677083333,0,idle,184.44356221892272,561.387754105242,179.20391602528883,560.7218796816777
1791246287.000483,176.1859595996312,560.0,-362.34636377930843,177.65363622069157,3.5908703528644995e-17,8.763632138233268e-16,-0.010642496744791667,0.010420735677083333,-0.010642496744791667,0.010420735677083333,0,idle,175.07607258073907,576.1449724223729,178.99752385306135,561.4930343187125
1791246287.017354,176.1859595996312,560.0,-362.34636377930843,177.65363622069157,3.5190529458072096e-17,8.588359495468603e-16,-0.010642496744791667,0.010420735677083333,-0.010642496744791667,0.010420735677083333,0,idle,167.45915364727327,571.4229157009102,178.42060534277195,561.9895283878224
1791246287.0342379,176.1859595996312,560.0,-362.34636377930843,177.65363622069157,3.4486718868910655e-17,8.416592305559231e-16,-0.010642496744791667,0.010420735677083333,-0.010642496744791667,0.010420735677083333,0,idle,160.7893782117841,604.996292736883,177.53904398622257,564.1398666052754
1791246287.051135,176.1859595996312,560.0,-362.34636377930843,177.65363622069157,3.379698449153244e-17,8.248260459448047e-16,-0.010642496744791667,0.010420735677083333,-0.010642496744791667,0.010420735677083333,0,idle,175.74749954646694,560.7157965904287,177.44946676423478,563.9686631045331
1791246287.0688791,176.1859595996312,560.0,-362.34636377930843,177.65363622069157,3.312104480170179e-17,8.083295250259086e-16,-0.010642496744791667,0.010420735677083333,-0.010642496744791667,0.010420735677083333,0,idle,164.53388834452787,548.1692843170241,176.80368784324943,563.1786941651577
1791246287.0858629,176.1859595996312,560.0,-362.34636377930843,177.65363622069157,3.2458623905667755e-17,7.921629345253904e-16,-0.010642496744791667,0.010420735677083333,-0.010642496744791667,0.010420735677083333,0,idle,181.60144871267795,572.2974917318897,177.04357588672087,563.6346340434943
1791246287.102655,176.1859595996312,560.0,-362.34636377930843,177.65363622069157,3.18094514275544e-17,7.763196758348826e-16,-0.010642496744791667,0.010420735677083333,-0.010642496744791667,0.010420735677083333,0,idle,173.81046036236836,590.805355225981,176.88192011050324,564.9931701026187
1791246287.119422,176.1859595996312,560.0,-362.34636377930843,177.65363622069157,3.117326239900331e-17,7.607932823181849e-16,-0.010642496744791667,0.010420735677083333,-0.010642496744791667,0.010420735677083333,0,idle,167.4737582404757,568.9644983129201,176.41151201700185,565.1917365131337
1791246287.136087,176.1859595996312,560.0,-362.34636377930843,177.65363622069157,3.054979715102324e-17,7.455774166718212e-16,-0.010642496744791667,0.010420735677083333,-0.010642496744791667,0.010420735677083333,0,idle,175.87041175384158,558.0544174476547,176.38445700384383,564.8348705598597
1791246287.152469,176.1859595996312,560.0,-362.34636377930843,177.65363622069157,2.9938801208002777e-17,7.306658683383849e-16,-0.010642496744791667,0.010420735677083333,-0.010642496744791667,0.010420735677083333,0,idle,165.7299884370771,568.560241181922,175.8517335755055,565.0211390909628
1791246287.169125,176.1859595996312,560.0,-362.34636377930843,177.65363622069157,2.934002518384272e-17,7.160525509716171e-16,-0.010642496744791667,0.010420735677083333,-0.010642496744791667,0.010420735677083333,0,idle,185.49788588816364,567.7063298505436,176.33404119113843,565.1553986289418
1791246287.186638,176.1859595996312,560.0,-362.34636377930843,177.65363622069157,2.875322468016587e-17,7.017314999521848e-16,-0.010642496744791667,0.010420735677083333,-0.010642496744791667,0.010420735677083333,0,idle,175.62090482193702,553.6962526185564,176.29838437267836,564.5824413284225
1791246287.203124,176.1859595996312,560.0,-362.34636377930843,177.65363622069157,2.8178160186562554e-17,6.876968699531411e-16,-0.010642496744791667,0.010420735677083333,-0.010642496744791667,0.010420735677083333,0,idle,196.74981904921495,579.0170239864477,177.32095610650518,565.3041704613238
1791246287.220584,176.1859595996312,560.0,-362.34636377930843,177.65363622069157,2.7614596982831303e-17,6.739429325540782e-16,-0.010642496744791667,0.010420735677083333,-0.010642496744791667,0.010420735677083333,0,idle,160.88803743314233,554.7740459976562,176.49931017283703,564.7776642381405
1791246287.237045,176.1859595996312,560.0,-362.34636377930843,177.65363622069157,2.7062305043174675e-17,6.604640739029967e-16,-0.010642496744791667,0.010420735677083333,-0.010642496744791667,0.010420735677083333,0,idle,171.75063973754547,559.3190426627308,176.26187665107244,564.50473315937
1791246287.2545412,176.1859595996312,560.0,-362.34636377930843,177.65363622069157,2.652105894231118e-17,6.472547924249367e-16,-0.010642496744791667,0.010420735677083333,-0.010642496744791667,0.010420735677083333,0,idle,165.00985833152993,569.8275753915595,175.6992757350953,564.7708752709794
1791246287.27104,176.1859595996312,560.0,-362.34636377930843,177.65363622069157,2.5990637763464958e-17,6.343096965764379e-16,-0.010642496744791667,0.010420735677083333,-0.010642496744791667,0.010420735677083333,0,idle,167.78049223801133,563.2643283930952,175.30333656024112,564.6955479270853
1791246287.288668,176.1859595996312,560.0,-362.34636377930843,177.65363622069157,2.5470825008195658e-17,6.216235026449092e-16,-0.010642496744791667,0.010420735677083333,-0.010642496744791667,0.010420735677083333,0,idle,169.90811142262106,558.7133778355313,175.03357530336012,564.3964394225076
1791246287.305482,176.1859595996312,560.0,-362.34636377930843,177.65363622069157,2.4961408508031744e-17,6.09191032592011e-16,-0.010642496744791667,0.010420735677083333,-0.010642496744791667,0.010420735677083333,0,idle,158.43930749603518,547.032116957717,174.2038619129939,563.528223299268
1791246287.32287,176.1859595996312,560.0,-362.34636377930843,177.65363622069157,2.446218033787111e-17,5.970072119401708e-16,-0.010642496744791667,0.010420735677083333,-0.010642496744791667,0.010420735677083333,0,idle,183.5370911916166,560.4343541893561,174.67052337692502,563.3735298437724
1791246287.3393972,176.1859595996312,560.0,-362.34636377930843,177.65363622069157,2.3972936731113687e-17,5.850670677013674e-16,-0.010642496744791667,0.010420735677083333,-0.010642496744791667,0.010420735677083333,0,idle,159.77814867256038,552.7452331854488,173.92590464170678,562.8421150108562
1791246287.356856,176.1859595996312,560.0,-362.34636377930843,177.65363622069157,2.3493477996491412e-17,5.7336572634734e-16,-0.010642496744791667,0.010420735677083333,-0.010642496744791667,0.010420735677083333,0,idle,183.85820846413424,568.5152466621029,174.42251983282816,563.1257715934186
1791246287.373734,176.1859595996312,560.0,-362.34636377930843,177.65363622069157,2.3023608436561582e-17,5.618984118203932e-16,-0.010642496744791667,0.010420735677083333,-0.010642496744791667,0.010420735677083333,0,idle,169.9435241570518,574.9169834814932,174.19857004903935,563.7153321878222
1791246287.390611,176.1859595996312,560.0,-362.34636377930843,177.65363622069157,2.256313626783035e-17,5.506604435839853e-16,-0.010642496744791667,0.010420735677083333,-0.010642496744791667,0.010420735677083333,0,idle,171.66935689172237,575.1301421598357,174.0721093911735,564.2860726864229
1791246287.4074082,176.1859595996312,560.0,-362.34636377930843,177.65363622069157,2.2111873542473744e-17,5.396472347123056e-16,-0.010642496744791667,0.010420735677083333,-0.010642496744791667,0.010420735677083333,0,idle,177.76219153861734,550.4340851274702,174.2566134985457,563.5934733084753
1791246287.4242299,176.1859595996312,560.0,-362.34636377930843,177.65363622069157,2.166963607162427e-17,5.288542900180595e-16,-0.010642496744791667,0.010420735677083333,-0.010642496744791667,0.010420735677083333,0,idle,185.942562592201,563.4231753205813,174.84091095322847,563.5849584090806
1791246287.4420521,176.1859595996312,560.0,-362.34636377930843,177.65363622069157,2.1236243350191783e-17,5.182772042176983e-16,-0.010642496744791667,0.010420735677083333,-0.010642496744791667,0.010420735677083333,0,idle,185.95896072353227,543.1241760553777,175.39681344174366,562.5619192913955
1791246287.458873,176.1859595996312,560.0,-362.34636377930843,177.65363622069157,2.0811518483187946e-17,5.079116601333443e-16,-0.010642496744791667,0.010420735677083333,-0.010642496744791667,0.010420735677083333,0,idle,154.17490154478025,566.2654705394831,174.33571784689548,562.7470968537999
1791246287.4756758,176.1859595996312,560.0,-362.34636377930843,177.65363622069157,2.0395288113524188e-17,4.977534269306774e-16,-0.010642496744791667,0.010420735677083333,-0.010642496744791667,0.010420735677083333,0,idle,175.4514376434469,572.0404180017347,174.39150383672305,563.2117629111966
1791246287.492502,176.1859595996312,560.0,-362.34636377930843,177.65363622069157,1.9987382351253702e-17,4.877983583920639e-16,-0.010642496744791667,0.010420735677083333,-0.010642496744791667,0.010420735677083333,0,idle,171.26081130265328,552.5729044454662,174.23496921001956,562.6798199879102
1791246287.509495,176.1859595996312,560.0,-362.34636377930843,177.65363622069157,1.958763470422863e-17,4.780423912242226e-16,-0.010642496744791667,0.010420735677083333,-0.010642496744791667,0.010420735677083333,0,idle,186.29996083769785,555.739121590267,174.83821879140348,562.332785068028
1791246287.526339,176.1859595996312,560.0,-362.34636377930843,177.65363622069157,1.9195882010144056e-17,4.684815433997382e-16,-0.010642496744791667,0.010420735677083333,-0.010642496744791667,0.010420735677083333,0,idle,189.80802961634214,556.6202829092632,175.5867093326504,562.0471599600897
1791246287.54351,176.1859595996312,560.0,-362.34636377930843,177.65363622069157,1.8811964369941175e-17,4.591119125317434e-16,-0.010642496744791667,0.010420735677083333,-0.010642496744791667,0.010420735677083333,0,idle,177.32992124170732,570.8001478243492,175.67386992810324,562.4848093533027
1791246287.559832,176.1859595996312,560.0,-362.34636377930843,177.65363622069157,1.8435725082542353e-17,4.499296742811085e-16,-0.010642496744791667,0.010420735677083333,-0.010642496744791667,0.010420735677083333,0,idle,162.37552319589895,535.4705342970415,175.00895259149303,561.1340956004897
1791246287.576768,176.1859595996312,560.0,-362.34636377930843,177.65363622069157,1.8067010580891504e-17,4.4093108079548635e-16,-0.010642496744791667,0.010420735677083333,-0.010642496744791667,0.010420735677083333,0,idle,151.47324236100582,567.0812911294064,173.83216707996866,561.4314553769356
1791246287.59367,176.1859595996312,560.0,-362.34636377930843,177.65363622069157,1.7705670369273674e-17,4.321124591795766e-16,-0.010642496744791667,0.010420735677083333,-0.010642496744791667,0.010420735677083333,0,idle,177.35007591709368,558.2347162348407,174.0080625218249,561.2716184198308
1791246287.610212,176.1859595996312,560.0,-362.34636377930843,177.65363622069157,1.73515569618882e-17,4.2347020999598506e-16,-0.010642496744791667,0.010420735677083333,-0.010642496744791667,0.010420735677083333,0,idle,189.21845305096454,578.0151611447681,174.7685820482819,562.1087955560777
1791246287.62717,176.1859595996312,560.0,-362.34636377930843,177.65363622069157,1.7004525822650438e-17,4.1500080579606537e-16,-0.010642496744791667,0.010420735677083333,-0.010642496744791667,0.010420735677083333,0,idle,167.79837669033117,569.2846189319878,174.42007178038438,562.4675867248732
1791246287.644562,176.1859595996312,560.0,-362.34636377930843,177.65363622069157,1.6664435306197428e-17,4.0670078968014406e-16,-0.010642496744791667,0.010420735677083333,-0.010642496744791667,0.010420735677083333,0,idle,186.24580824489743,566.6924314483952,175.01135860361003,562.6788289610492
1791246287.662069,176.1859595996312,560.0,-362.34636377930843,177.65363622069157,1.633114660007348e-17,3.9856677388654115e-16,-0.010642496744791667,0.010420735677083333,-0.010642496744791667,0.010420735677083333,0,idle,167.339128642366,582.4992046814551,174.62774710554783,563.6698477470695
1791246287.680058,176.1859595996312,560.0,-362.34636377930843,177.65363622069157,1.600452366807201e-17,3.905954384088103e-16,-0.010642496744791667,0.010420735677083333,-0.010642496744791667,0.010420735677083333,0,idle,170.04348154687924,564.7781487035675,174.3985338276144,563.7252627948944
1791246287.6962519,176.1859595996312,560.0,-362.34636377930843,177.65363622069157,1.568443319471057e-17,3.827835296406341e-16,-0.010642496744791667,0.010420735677083333,-0.010642496744791667,0.010420735677083333,0,idle,185.06887571301036,533.7669955921127,174.93205092188418,562.2273494347553
1791246287.713156,176.1859595996312,560.0,-362.34636377930843,177.65363622069157,1.5370744530816357e-17,3.7512785904782145e-16,-0.010642496744791667,0.010420735677083333,-0.010642496744791667,0.010420735677083333,0,idle,171.34801059446056,559.8736206155176,174.752848905513,562.1096629937934
1791246287.731025,176.1859595996312,560.0,-362.34636377930843,177.65363622069157,1.506332964020003e-17,3.6762530186686505e-16,-0.010642496744791667,0.010420735677083333,-0.010642496744791667,0.010420735677083333,0,idle,170.8344108533751,554.9133325100997,174.5569270029061,561.7498464696088
1791246287.7468338,176.1859595996312,560.0,-362.34636377930843,177.65363622069157,1.476206304739603e-17,3.6027279582952774e-16,-0.010642496744791667,0.010420735677083333,-0.010642496744791667,0.010420735677083333,0,idle,182.1338847680875,550.8882747189652,174.93577489116515,561.2067678820766
1791246287.76352,176.1859595996312,560.0,-362.34636377930843,177.65363622069157,1.446682178644811e-17,3.530673399129372e-16,-0.010642496744791667,0.010420735677083333,-0.010642496744791667,0.010420735677083333,0,idle,162.1056761549065,550.6755486668582,174.29426995435222,560.6802069213157
1791246287.780266,176.1859595996312,560.0,-362.34636377930843,177.65363622069157,1.417748535071915e-17,3.4600599311467845e-16,-0.010642496744791667,0.010420735677083333,-0.010642496744791667,0.010420735677083333,0,idle,161.32947818067245,557.8670275295383,173.64603036566822,560.5395479517268
1791246287.797626,176.1859595996312,560.0,-362.34636377930843,177.65363622069157,1.3893935643704767e-17,3.3908587325238487e-16,-0.010642496744791667,0.010420735677083333,-0.010642496744791667,0.010420735677083333,0,idle,179.85873010525486,573.6827623045638,173.95666535264755,561.1967086693687
