timestamp,x,y,heading,direction_of_travel,velocity_x,velocity_y,steering_input_raw,throttle_input_raw,steering_input_applied,throttle_input_applied,safety_active,safety_phase,sensor_x,sensor_y,estimated_x,estimated_y,steering_deadzone,throttle_deadzone
1791317177.116887,400.0,300.0,0.0,0.0,0.0,0.0,-0.08397623697916667,-0.0003519694010416675,-0.08397623697916667,-0.0003519694010416675,0,idle,394.4894588385257,303.92369959831905,399.7244729419263,300.1961849799159,0.04,0.045
1791317177.131045,400.0,300.0,0.0,0.0,0.0,0.0,-0.18032023111979167,-0.0003519694010416675,-0.18032023111979167,-0.0003519694010416675,0,idle,422.7311336421191,304.3822425922278,400.87480597693593,300.40548786053154,0.04,0.045
1791317177.145041,400.0,300.0,0.0,0.0,0.0,0.0,-0.5178751627604167,-0.0003519694010416675,-0.5178751627604167,-0.0003519694010416675,0,idle,380.91348042501556,292.1583237047818,399.8767396993399,299.9931296527441,0.04,0.045
1791317177.161068,400.0,300.0,0.0,0.0,0.0,0.0,-0.7112650553385417,-0.0003519694010416675,-0.7112650553385417,-0.0003519694010416675,0,idle,403.30532338769797,297.8273315355746,400.0481688837578,299.8848397468856,0.04,0.045
1791317177.177792,400.0,300.0,0.0,0.0,0.0,0.0,-0.9377054850260417,-0.0003519694010416675,-0.9377054850260417,-0.0003519694010416675,0,idle,401.60260866644325,321.75429684844113,400.12589087289206,300.97831260196335,0.04,0.045
1791317177.194247,400.0,300.0,0.0,0.0,0.0,0.0,-1.0108561197916666,-0.0003519694010416675,-1.0108561197916666,-0.0003519694010416675,0,idle,412.78343142526506,286.99319430366864,400.7587679005107,300.27905668704864,0.04,0.045
1791317177.2147799,400.0,300.0,0.0,0.0,0.0,0.0,-1.0108561197916666,-0.0003519694010416675,-1.0108561197916666,-0.0003519694010416675,0,idle,406.9571858362444,302.93322276653305,401.0686887972974,300.41176499102284,0.04,0.045
1791317177.228256,400.0,300.0,0.0,0.0,0.0,0.0,-1.0108561197916666,-0.0003519694010416675,-1.0108561197916666,-0.0003519694010416675,0,idle,413.9688983630711,298.54271230316664,401.71369927558607,300.31831235663003,0.04,0.045
1791317177.245558,400.0,300.0,0.0,0.0,0.0,0.0,-1.0108561197916666,-0.0003519694010416675,-1.0108561197916666,-0.0003519694010416675,0,idle,394.3506298051038,300.4137944834598,401.34554580206196,300.3230864629715,0.04,0.045
1791317177.262862,400.0,300.0,0.0,0.0,0.0,0.0,-1.0108561197916666,-0.0003519694010416675,-1.0108561197916666,-0.0003519694010416675,0,idle,389.1725485398778,302.137223894773,400.7368959389528,300.4137933345616,0.04,0.045
1791317177.279465,400.0,300.0,0.0,0.0,0.0,0.0,-1.0004191080729166,-0.0003519694010416675,-1.0004191080729166,-0.0003519694010416675,0,idle,409.74735699289454,302.2727421822768,401.18741899164985,300.50674077694737,0.04,0.045
1791317177.296455,400.0,300.0,0.0,0.0,0.0,0.0,-0.9986796061197917,-0.0003519694010416675,-0.9986796061197917,-0.0003519694010416675,0,idle,404.8672545265395,303.7077135073614,401.37141076839436,300.66678941346805,0.04,0.045
1791317177.3132532,400.0,300.0,0.0,0.0,0.0,0.0,-1.0027384440104166,-0.0003519694010416675,-1.0027384440104166,-0.0003519694010416675,0,idle,389.3206597657016,294.4300906398803,400.7688732182597,300.35495447478866,0.04,0.045
1791317177.3308978,400.0,300.0,0.0,0.0,0.0,0.0,-1.0056376139322916,-0.0003519694010416675,-1.0056376139322916,-0.0003519694010416675,0,idle,393.2230524031854,318.16634695079676,400.391582177506,301.24552409858904,0.04,0.045
1791317177.3468769,400.0,300.0,0.0,0.0,0.0,0.0,-0.16893717447916667,-0.0003519694010416675,-0.16893717447916667,-0.0003519694010416675,0,idle,408.72638335529786,290.055374404078,400.8083222363956,300.6860166138635,0.04,0.045
1791317177.3628511,400.0,300.0,0.0,0.0,0.0,0.0,0.17499593098958333,-0.0003519694010416675,0.17499593098958333,-0.0003519694010416675,0,idle,402.213106856842,293.0221613457696,400.8785614674179,300.3028238504588,0.04,0.045
1791317177.379693,400.0,300.0,0.0,0.0,0.0,0.0,0.17499593098958333,-0.0003519694010416675,0.17499593098958333,-0.0003519694010416675,0,idle,401.2538231783981,282.1495364725748,400.8973245529669,299.39515948156463,0.04,0.045
1791317177.3962398,400.0,300.0,0.0,0.0,0.0,0.0,0.17499593098958333,-0.0003519694010416675,0.17499593098958333,-0.0003519694010416675,0,idle,388.7017365237403,278.7178031901375,400.2875451515056,298.3612916669933,0.04,0.045
1791317177.413026,400.0,300.0,0.0,0.0,0.0,0.0,0.17499593098958333,-0.0003519694010416675,0.17499593098958333,-0.0003519694010416675,0,idle,394.8250444831826,298.33484026032653,400.01442011808945,298.35996909665994,0.04,0.045
1791317177.430916,400.0,300.0,0.0,0.0,0.0,0.0,0.17499593098958333,-0.0003519694010416675,0.17499593098958333,-0.0003519694010416675,0,idle,401.5875965778531,301.8193570586682,400.09307894107764,298.53293849476034,0.04,0.045
1791317177.447405,400.0,300.0,0.0,0.0,0.0,0.0,0.17499593098958333,-0.0003519694010416675,0.17499593098958333,-0.0003519694010416675,0,idle,405.10553317470146,316.9479720615774,400.34370165275885,299.4536901731012,0.04,0.045
1791317177.4648929,400.0,300.0,0.0,0.0,0.0,0.0,0.17499593098958333,-0.0003519694010416675,0.17499593098958333,-0.0003519694010416675,0,idle,394.86309866251827,283.61863896243716,400.0696715032468,298.661937612568,0.04,0.045
1791317177.481451,400.0,300.0,0.0,0.0,0.0,0.0,0.17499593098958333,-0.0003519694010416675,0.17499593098958333,-0.0003519694010416675,0,idle,411.170379501615,292.69241803162305,400.62470690316525,298.3634616335208,0.04,0.045
1791317177.4981608,400.0,299.99998495025324,-7.199731305262474e-08,-7.199731305262474e-08,-1.8911363784410135e-14,-1.5049746771678328e-05,0.17499593098958333,-0.15083414713541668,0.17499593098958333,-0.15083414713541668,0,idle,383.9030107202166,299.3683495826297,399.7886220940178,298.4136917337168,0.04,0.045
1791317177.5156832,399.9999999999998,299.999849319126,-8.59921829410397e-08,-8.482752082280385e-08,-2.0080453337734216e-13,-0.0001356311272334469,0.17499593098958333,-0.27882486979166665,0.17499593098958333,-0.27882486979166665,0,idle,407.6194069270925,303.7705609968204,400.1801613356713,298.6814063473011,0.04,0.045
1791317177.5319612,400.0000000000057,299.9992431380896,6.877808117438008e-07,5.581292727236094e-07,5.904926747672587e-12,-0.0006061810363834717,0.17499593098958333,-0.41453653971354165,0.17499593098958333,-0.41453653971354165,0,idle,403.5864180405545,300.03074112104855,400.3504741709211,298.7482972140039,0.04,0.045
1791317177.5493891,400.0000000002792,299.9973153582318,1.0466107134441903e-05,8.129470407850742e-06,2.735250212143679e-10,-0.0019277798577967615,0.17499593098958333,-0.5699625651041667,0.17499593098958333,-0.5699625651041667,0,idle,414.6538476549111,296.2816203711631,401.0656428453804,298.62313198099696,0.04,0.045
1791317177.5660439,400.00000000417964,299.99231239809944,5.952125537363485e-05,4.466924097222657e-05,3.900434440797568e-09,-0.005002960132321794,0.17499593098958333,-0.7534952799479167,0.17499593098958333,-0.7534952799479167,0,idle,406.54750777335187,301.8779398145304,401.3397360954844,298.7811195605479,0.04,0.045
1791317177.583709,400.0000000366198,299.98102790550627,0.00022451029646553797,0.000164711132478871,3.244011287177713e-08,-0.011284492593201956,0.17499593098958333,-0.9539042154947917,0.17499593098958333,-0.9539042154947917,0,idle,392.12319392344443,280.92780842312845,400.87890901770055,297.8777337357134,0.04,0.045
1791317177.600576,400.0000002139001,299.9588586485045,0.0006393895632267757,0.0004581755998325729,1.772802937871424e-07,-0.022169257001764812,0.17499593098958333,-0.9897623697916667,0.17499593098958333,-0.9897623697916667,0,idle,399.506778879775,284.70373087054406,400.81030267922057,297.1979727983032,0.04,0.045
1791317177.6173,400.0000009208057,299.92014097176923,0.0014886173245277194,0.0010461038008168614,7.069056244677212e-07,-0.03871767673526545,0.17499593098958333,-0.9897928873697917,0.17499593098958333,-0.9897928873697917,0,idle,405.61452903185693,326.3282177315865,401.0505146684127,298.6177032520689,0.04,0.045
1791317177.634049,400.00000315255767,299.8585225401772,0.002992400763652395,0.0020751902637724307,2.2317519798357894e-06,-0.061618431591998424,0.17499593098958333,-0.9897928873697917,0.17499593098958333,-0.9897928873697917,0,idle,420.34507365365454,298.65063145284563,402.01524473783917,298.5608121520953,0.04,0.045
1791317177.650951,400.0000090591075,299.76730951424713,0.005389382196790662,0.0037102198202033877,5.906549836924272e-06,-0.09121302593005479,0.17499593098958333,-0.9897928873697917,0.17499593098958333,-0.9897928873697917,0,idle,403.89577800906727,290.3405184688433,402.10927701262295,298.0631450932991,0.04,0.045
1791317177.6688309,400.0000226965796,299.63976119533146,0.0089206500809964,0.0061260673357789105,1.3637472076665622e-05,-0.12754831891569302,0.17499593098958333,-0.9897928873697917,0.17499593098958333,-0.9897928873697917,0,idle,402.8409525308866,327.24985050605756,402.14587374413463,299.4013094609671,0.04,0.045
1791317177.685537,400.0000509572938,299.46932291157765,0.013816973409530375,0.009500328217743504,2.826071422939103e-05,-0.17043828375380127,0.17499593098958333,-0.9897928873697917,0.17499593098958333,-0.9897928873697917,0,idle,400.4423185166346,306.8103647651908,402.0607228304381,299.6098458566122,0.04,0.045
1791317177.7021172,400.00010310555706,299.2497983645018,0.019340688736047378,0.013610666225295179,5.214826327702182e-05,-0.21952454707581576,0.10144856770833333,-0.9897928873697917,0.10144856770833333,-0.9897928873697917,0,idle,417.1720864489373,285.6791670029654,402.81634055221315,298.7047635942078,0.04,0.045
1791317177.719578,400.0001864341769,298.97546794156335,0.023097279123906952,0.017403749946185442,8.332861985409469e-05,-0.2743304229384744,-0.08556315104166667,-0.9897928873697917,-0.08556315104166667,-0.9897928873697917,0,idle,380.42429359445,312.6939493598511,401.6968173665138,299.14360898069845,0.04,0.045
1791317177.7358809,400.0003019578134,298.6411616688315,0.02363308543061054,0.01979925919363412,0.00011552363653296609,-0.3343062727318745,-0.3368448893229167,-0.9897928873697917,-0.3368448893229167,-0.9897928873697917,0,idle,397.63337581587774,305.5334327686052,401.4937550364367,299.1455092109985,0.04,0.045
1791317177.752175,400.00044492554537,298.2422958426415,0.021785266492018947,0.02053684913424297,0.00014296773196358794,-0.39886582619001043,-0.6049418131510417,-0.9897928873697917,-0.6049418131510417,-0.9897928873697917,0,idle,393.3663684213695,311.91466702525616,401.0875215250287,299.4050445668309,0.04,0.045
1791317177.769639,400.00056188387924,297.77488175707686,0.0033140232099874954,0.014336792530992059,0.00011695833388798104,-0.4674140855646632,-0.8585428873697917,-0.9897928873697917,-0.8585428873697917,-0.9897928873697917,0,idle,393.02048990886897,302.66451302902965,400.6842810546379,299.1239746086544,0.04,0.045
1791317177.786135,400.0004667422045,297.23551401344605,-0.055491148992673364,-0.010106678470915445,-9.514167475028843e-05,-0.5393677436307833,-1.0038981119791666,-0.9897928873697917,-1.0038981119791666,-0.9897928873697917,0,idle,408.42488706678995,299.76731680453963,401.07122097065445,298.6437423619994,0.04,0.045
1791317177.8035939,399.9999931751147,296.6213444093925,-0.10992433534654389,-0.04417898574536483,-0.0004735670897693627,-0.6141696040535308,-0.12782999674479167,-0.9897928873697917,-0.12782999674479167,-0.9897928873697917,0,idle,383.8144500997628,287.7297194014614,400.20793253837456,297.5145800901216,0.04,0.045
1791317177.8196611,399.9990578517577,295.9300460872238,-0.14410110899241008,-0.07752087111405002,-0.0009353233569765497,-0.6912983221687289,0.17499593098958333,-0.9897928873697917,0.17499593098958333,-0.9897928873697917,0,idle,396.42245559593687,292.6705751319936,400.01777013406354,296.6156464361549,0.04,0.045
1791317177.835904,399.9976369359011,295.1597722215977,-0.16370051048598372,-0.10569278397420948,-0.0014209158565930324,-0.770273865626123,0.17499593098958333,-0.9897928873697917,0.17499593098958333,-0.9897928873697917,0,idle,405.3477545627047,283.6916909185704,400.2829194854318,295.2376884879309,0.04,0.045
1791317177.853434,399.9957449538853,294.30911213594567,-0.17344665958874295,-0.12743328093086287,-0.0018919820157766718,-0.850660085652002,0.17499593098958333,-0.9897928873697917,0.17499593098958333,-0.9897928873697917,0,idle,395.1460055990857,277.90316748443036,400.0242764081995,293.5628353563865,0.04,0.045
1791317177.869925,399.9934166711054,293.3770469530526,-0.17716411543846086,-0.1431235730954506,-0.0023282827799208077,-0.9320651828930568,0.17499593098958333,-0.9897928873697917,0.17499593098958333,-0.9897928873697917,0,idle,400.4633201289014,292.4051920293208,400.0440167255937,292.6194912662848,0.04,0.045
1791317177.8874922,399.9906922704667,292.36290627507515,-0.17787164656077167,-0.15391975313163342,-0.0027244006387006003,-1.0141406779774849,0.17499593098958333,-0.9897928873697917,0.17499593098958333,-0.9897928873697917,0,idle,392.3757438659908,271.8218688779123,399.65801490200676,290.61617650278754,0.04,0.045
1791317177.903736,399.98760607705174,291.26632690761966,-0.17785065772900313,-0.16125179428245287,-0.0030861934149445215,-1.0965793674554893,0.17499593098958333,-0.9897928873697917,0.17499593098958333,-0.9897928873697917,0,idle,403.69794368544433,303.33182710652034,399.85707945743445,290.21020863389145,0.04,0.045
1791317177.920324,399.98419096361795,290.0872142341954,-0.1767755988211124,-0.16594770252177082,-0.003415113433814489,-1.1791126734242472,0.17499593098958333,-0.9897928873697917,0.17499593098958333,-0.9897928873697917,0,idle,414.83678354825173,283.28628258457843,400.6028203042132,288.7438552916728,0.04,0.045
1791317177.936973,399.98049096347114,288.8266167022389,-0.17339068431047894,-0.16816928358903005,-0.0037000001468225525,-1.2605975319565192,0.17499593098958333,-0.8824625651041667,0.17499593098958333,-0.8824625651041667,0,idle,387.2732731206215,276.3041664775129,399.93282794489414,286.92430319560606,0.04,0.045
1791317177.954679,399.9765852529424,287.4931266286637,-0.16695296918222002,-0.16781533947507385,-0.0039057105287098213,-1.3334900735751896,0.17499593098958333,0.019637044270833334,0.17499593098958333,0.019637044270833334,0,idle,425.25947354162145,293.01608415099815,401.19544979972824,285.9620766734792,0.04,0.045
1791317177.970811,399.9725775021225,286.0998847588079,-0.15718057376687444,-0.16481458025023066,-0.004007750819962684,-1.3932418698557758,0.17499593098958333,0.18550008138020832,0.17499593098958333,0.18550008138020832,0,idle,396.46558874377604,282.0096002571037,400.9551493836517,284.4408730762974,0.04,0.045
1791317177.9874182,399.9685815724445,284.6613085896302,-0.144113133054777,-0.15914994413009248,-0.00399592967795248,-1.4385761691776733,0.17499593098958333,0.18550008138020832,0.17499593098958333,0.18550008138020832,0,idle,401.2617050774152,281.53528153409707,400.9666810351458,282.9289461384686,0.04,0.045
1791317178.004055,399.9647109608429,283.1912676520625,-0.1279879024596988,-0.15085919769735096,-0.0038706116016124087,-1.4700409375677075,0.17499593098958333,0.18550008138020832,0.17499593098958333,0.18550008138020832,0,idle,420.5738365917242,300.9931971612814,401.94336173195325,282.4356197989199,0.04,0.045
1791317178.0217118,399.9610715988733,281.7021640430658,-0.10914564272284098,-0.14003032734088022,-0.0036393619696625254,-1.489103608996665,0.17499593098958333,0.18550008138020832,0.17499593098958333,0.18550008138020832,0,idle,402.765844021415,273.8021196538339,401.98102845255517,280.58929636311876,0.04,0.045
1791317178.038358,399.9577574730721,280.20456267632585,-0.08796652091938434,-0.12679282713850548,-0.003314125801159456,-1.4976013667399828,0.17499593098958333,0.18550008138020832,0.17499593098958333,0.18550008138020832,0,idle,397.06756156362536,275.0022894985527,401.73220668859756,278.8872247214875,0.04,0.045
1791317178.0539641,399.95484844896725,278.7071411500438,-0.06483003306466742,-0.11130773206070303,-0.0029090241048195446,-1.4974215262820663,0.17499593098958333,0.18550008138020832,0.17499593098958333,0.18550008138020832,0,idle,395.614670450077,278.1078619865042,401.42356630377196,277.4257061347704,0.04,0.045
1791317178.071693,399.9524096928881,277.21681295760953,-0.04009215083171383,-0.09375807730398455,-0.0024387560791337883,-1.4903281924342924,0.17499593098958333,0.18550008138020832,0.17499593098958333,0.18550008138020832,0,idle,386.9324155226605,270.45011343419293,400.6966919464412,275.661114716929,0.04,0.045
1791317178.0882812,399.9504921636787,275.73893325085425,-0.014073966645733172,-0.07434046806404368,-0.0019175292094538437,-1.4778797067553007,0.17499593098958333,0.18550008138020832,0.17499593098958333,0.18550008138020832,0,idle,390.9783119766213,261.5540950808952,400.20895129520125,273.55177801370974,0.04,0.045
1791317178.1058528,399.9491337531408,274.2775326548127,0.012942425538745382,-0.05325792836111782,-0.001358410537882266,-1.4614005960415122,0.17499593098958333,0.18550008138020832,0.17499593098958333,0.18550008138020832,0,idle,408.5867117504322,251.09829036180847,400.6265488279518,271.0407730648752,0.04,0.045
1791317178.1223738,399.9483607624174,272.83554801467005,0.040713768268406864,-0.030713989996693076,-0.0007729907234254294,-1.4419846401426597,0.17499593098958333,0.18550008138020832,0.17499593098958333,0.18550008138020832,0,idle,391.51763579603715,262.1953133946608,400.1703688351688,269.22861467322895,0.04,0.045
1791317178.139843,399.9481894345523,271.4150703240134,0.06903008682854984,-0.006910607324395138,-0.00017132786505769223,-1.4204776906566308,0.17499593098958333,0.18550008138020832,0.17499593098958333,0.18550008138020832,0,idle,392.28534106794086,248.43739608954212,399.7759546853356,266.8395999379208,0.04,0.045
1791317178.1563158,399.9486271949654,270.01764422639826,0.09770312704835223,0.01794858656966306,0.0004377604130942443,-1.3974260976151416,0.17499593098958333,0.18550008138020832,0.17499593098958333,0.18550008138020832,0,idle,375.12984614893867,262.75612365308166,398.54406513090817,265.30787133094447,0.04,0.045
1791317178.1729379,399.9496736910132,268.6444600049485,0.12656572696838125,0.043664786027028266,0.0010464960477512598,-1.3731842214497585,0.17499593098958333,0.18550008138020832,0.17499593098958333,0.18550008138020832,0,idle,402.8474595649688,266.86457464658895,398.7602290238566,264.0811814863494,0.04,0.045
1791317178.190494,399.95132173519073,267.29646818494876,0.15547133371602972,0.07004933366626993,0.0016480441775666688,-1.347991819999696,0.17499593098958333,0.18550008138020832,0.17499593098958333,0.18550008138020832,0,idle,398.25344420689004,288.8283480554013,398.73645542497695,264.03794758580227,0.04,0.045
1791317178.2070808,399.9535581987296,265.97444648737763,0.18429296757242392,0.09692715316794556,0.002236463538842764,-1.3220216975711234,0.17499593098958333,0.18550008138020832,0.17499593098958333,0.18550008138020832,0,idle,403.5717114928887,280.74123157954097,398.98034286873445,263.61719117279665,0.04,0.045
1791317178.2247171,399.95636487101774,264.67903821538016,0.21292181966086776,0.12413864295584186,0.002806672288183912,-1.295408271997478,0.17499593098958333,0.18550008138020832,0.17499593098958333,0.18550008138020832,0,idle,411.72146558604436,272.7901088393453,399.6200653432737,262.84519919772646,0.04,0.045
1791317178.2413828,399.959719283938,263.4107741083961,0.24126564140529644,0.15154040381639744,0.00335441292025435,-1.2682641069840723,0.17499593098958333,0.18550008138020832,0.17499593098958333,0.18550008138020832,0,idle,413.17780785983945,250.64217398298496,400.3011391613762,261.0301970353545,0.04,0.045
1791317178.25844,399.96359549322403,262.17008508811824,0.269247049770226,0.17900513857698655,0.0038762092860522178,-1.2406890202778396,0.17499593098958333,0.18550008138020832,0.17499593098958333,0.18550008138020832,0,idle,401.47027246965223,262.088602815194,400.36327822561174,259.90446275508253,0.04,0.045
1791317178.274836,399.96796480739175,260.9573103437148,0.2968018392840002,0.20642100209434136,0.004369314167715823,-1.2127747444034167,0.17499593098958333,0.18550008138020832,0.17499593098958333,0.18550008138020832,0,idle,397.87726267877906,264.9819150533354,400.2431282967294,259.0061993628119,0.04,0.045
1791317178.291681,399.972796456139,259.7727033133385,0.3238773632816468,0.23369061563611676,0.004831648747262409,-1.184607030376277,0.17499593098958333,0.18550008138020832,0.17499593098958333,0.18550008138020832,0,idle,387.1288400155831,239.77480902270617,399.592003948982,256.91925316694915,0.04,0.045
1791317178.308209,399.9780581927041,258.6164369436658,0.3504310237891628,0.26072990187975986,0.005261736565096061,-1.1562663696727205,0.17499593098958333,0.18550008138020832,0.17499593098958333,0.18550008138020832,0,idle,399.07569193579513,249.99681454084944,399.5711869980595,255.4746781844551,0.04,0.045
1791317178.325645,399.98371682756033,257.4886088990047,0.37642889190819234,0.2874668493394264,0.005658634856202995,-1.127828044661074,0.17499593098958333,0.18550008138020832,0.17499593098958333,0.18550008138020832,0,idle,429.0162705981146,250.19982896986588,401.04881688117564,254.1394990812976,0.04,0.045
1791317178.3426402,399.98973869347714,256.38924697921374,0.4018444677789267,0.31384027855663477,0.00602186591682265,-1.0993619197909794,0.17499593098958333,0.18550008138020832,0.17499593098958333,0.18550008138020832,0,idle,401.4945922562494,250.03121844506043,401.0768264225503,252.8896912256843,0.04,0.045
1791317178.358965,399.9960900441508,255.31831478053817,0.42665758033223716,0.33979865560971045,0.00635135067365291,-1.0709321986755675,0.17499593098958333,0.18550008138020832,0.17499593098958333,0.18550008138020832,0,idle,390.74951152915924,256.9197419400795,400.56649446102074,252.07380817266227,0.04,0.045
1791317178.376083,400.00273739022344,254.2757175229346,0.4508534212254421,0.3652989795632622,0.006647346072643971,-1.0425972576035716,0.17499593098958333,0.18550008138020832,0.17499593098958333,0.18550008138020832,0,idle,376.0087363444267,244.76246984580874,399.3449215339601,250.71777386159619,0.04,0.045
1791317178.393228,400.00964783453924,253.2613013731595,0.4744223680492309,0.390306453010385,0.006910444315793422,-1.0144161497750812,0.17499593098958333,0.18376057942708332,0.17499593098958333,0.18376057942708332,0,idle,378.20575696740735,260.06223871438254,398.2945282277324,250.22130176194918,0.04,0.045
1791317178.410322,400.01678928552786,252.27486184692148,0.4973585001269433,0.4147926375704313,0.007141450988628222,-0.9864395262380229,0.17499593098958333,0.18376057942708332,0.17499593098958333,0.18376057942708332,0,idle,392.9944537688614,237.45021301607153,398.03630888322806,248.64562977472917,0.04,0.045
1791317178.4271948,400.02413062578574,251.31615126917103,0.5196589819212577,0.43873469352726413,0.00734134025789361,-0.9587105777504604,0.17499593098958333,0.18376057942708332,0.17499593098958333,0.18376057942708332,0,idle,410.6145373854778,229.67484325098982,398.67219458158553,246.78631539967927,0.04,0.045
1791317178.444844,400.03164184156145,250.38488539756364,0.5413235374719831,0.46211468092177527,0.00751121577573247,-0.9312658716073975,0.17499593098958333,0.18376057942708332,0.17499593098958333,0.18376057942708332,0,idle,400.9209674545867,236.71979597277715,398.7917688802225,245.39828685030713,0.04,0.045
1791317178.461594,400.03929430005485,249.48073146985365,0.5623558265297198,0.48492086605853235,0.007652458493420415,-0.9041539277099832,0.17499593098958333,0.17918294270833332,0.17499593098958333,0.17918294270833332,0,idle,416.33212733652016,234.7077496994117,399.6760566386061,244.00481376143787,0.04,0.045
1791317178.477676,400.0470607655434,248.60332074360633,0.5827609558461275,0.5071445559844788,0.007766465488546965,-0.877410726247319,0.17499593098958333,0.17918294270833332,0.17499593098958333,0.17918294270833332,0,idle,395.82871127754345,245.24938392858797,399.4910675127671,243.23350207986041,0.04,0.045
1791317178.494037,400.0549154017313,247.75225818149497,0.6025451979476193,0.5287798406967473,0.007854636187930284,-0.8510625621113656,0.17499593098958333,0.17918294270833332,0.17499593098958333,0.17918294270833332,0,idle,404.1313594123961,227.6605323398706,399.73054401212704,241.64634415885513,0.04,0.045
1791317178.511183,400.0628337625599,246.92712994928516,0.6217157566573136,0.5498233025865877,0.00791836082856853,-0.8251282322098002,0.17499593098958333,0.17918294270833332,0.17499593098958333,0.17918294270833332,0,idle,414.36086115625847,247.8317293659874,400.46958231212074,241.1717415986124,0.04,0.045
1791317178.5287302,400.07079267033384,246.12751820703727,0.640279650356502,0.5702727242882569,0.00795890777399569,-0.7996117422478807,0.17499593098958333,0.18147176106770832,0.17499593098958333,0.18147176106770832,0,idle,408.40366448521684,275.8492390027131,400.8738473831608,242.14598531368196,0.04,0.045
1791317178.545221,400.0787703280293,245.35299289744825,0.6582455475356154,0.5901291377295415,0.0079776576954231,-0.7745253095890269,0.17499593098958333,0.17918294270833332,0.17499593098958333,0.17918294270833332,0,idle,419.22263590438047,239.7477951416297,401.79886558403246,241.2902767609698,0.04,0.045
1791317178.562735,400.086747251657,244.60303591054077,0.6756308139653142,0.6094040465977014,0.00797692362770273,-0.7499569869074905,0.17499593098958333,0.15852254231770832,0.17499593098958333,0.15852254231770832,0,idle,401.99126768087615,244.5193675361419,401.81606376632095,240.7392721621663,0.04,0.045
1791317178.578857,400.09470583819603,243.87708391408734,0.6924511706495814,0.6281064795176988,0.00795858653900755,-0.7259519964534421,0.17499593098958333,0.15968221028645832,0.17499593098958333,0.15968221028645832,0,idle,398.37548745088594,228.87261141445094,401.6515956077613,239.45628472814977,0.04,0.045
1791317178.596512,400.1026300118035,243.1745591747117,0.7087207368315349,0.6462440751370555,0.007924173607456963,-0.702524739375632,0.17499593098958333,0.16139119466145832,0.17499593098958333,0.16139119466145832,0,idle,405.33466425653705,245.74679239184448,401.84327700512716,239.10341160892764,0.04,0.045
1791317178.613141,400.11050498401204,242.49488749263077,0.7244524892753809,0.663824158355563,0.007874972208515187,-0.6796716820809292,0.17499593098958333,0.16255086263020832,0.17499593098958333,0.16255086263020832,0,idle,403.31356827537894,250.31531985524308,401.92427279223784,239.01831892326652,0.04,0.045
1791317178.630931,400.1183171271339,241.83750518942432,0.7396588679428708,0.680854593868363,0.00781214312184128,-0.6573823032064353,0.17499593098958333,0.16255086263020832,0.17499593098958333,0.16255086263020832,0,idle,407.74256156299504,234.1816503492302,402.2226087667415,238.1519723065186,0.04,0.045
1791317178.646667,400.1260535283832,241.20188886797084,0.7543492011366396,0.6973408927220671,0.007736401249276742,-0.6356163214534853,0.17499593098958333,0.16941731770833332,0.17499593098958333,0.16941731770833332,0,idle,394.66431447433865,230.1457138484546,401.8520436333082,237.1478238782346,0.04,0.045
1791317178.6632051,400.13370123080267,240.58760514589852,0.7685268379660248,0.7132834861460603,0.007647702419488584,-0.6142837220723072,0.17499593098958333,0.18492024739583332,0.17499593098958333,0.18492024739583332,0,idle,406.62933167816846,243.6653804634807,402.0981733528497,236.8901321715282,0.04,0.045
1791317178.6808882,400.14124749109845,239.9942828279453,0.7821958248293072,0.7286858109224033,0.007546260295796123,-0.5933223179532198,0.17499593098958333,0.18550008138020832,0.17499593098958333,0.18550008138020832,0,idle,421.6671427154213,247.05670061661465,403.0837907682593,236.83480439172698,0.04,0.045
1791317178.697867,400.1486799946314,239.4215907027979,0.7953610178884882,0.743553400175129,0.007432503532903567,-0.5726921251474242,0.17499593098958333,0.18550008138020832,0.17499593098958333,0.18550008138020832,0,idle,396.98405465265927,238.59307769420832,402.7858648408356,236.378660537961,0.04,0.045
1791317178.714672,400.1559870040268,238.8692220150839,0.8080279464407758,0.7578930344203682,0.007307009395431843,-0.5523686877139982,0.17499593098958333,0.18550008138020832,0.17499593098958333,0.18550008138020832,0,idle,396.11904182873474,237.72141670962787,402.45946534915623,235.92104809321606,0.04,0.045
1791317178.731646,400.16315745761176,238.33688381304856,0.8202026931143039,0.7717121976219075,0.007170453584927232,-0.5323382020353261,0.17499593098958333,0.18550008138020832,0.17499593098958333,0.18550008138020832,0,idle,410.1428513828944,241.21077471388395,402.8504465817488,235.67981313231587,0.04,0.045
1791317178.748524,400.1701810301414,237.82428982991942,0.8318917895909145,0.7850187378502747,0.0070235725296637075,-0.5125939831291434,0.17499593098958333,0.18550008138020832,0.17499593098958333,0.18550008138020832,0,idle,390.23432787289954,252.46588846821624,402.2263130402095,236.03215261513822,0.04,0.045
1791317178.7654982,400.1770481653864,237.3311559022838,0.8431021264015309,0.7978206623894825,0.006867135244971186,-0.4931339276356351,0.17499593098958333,0.18550008138020832,0.17499593098958333,0.18550008138020832,0,idle,390.79899967564614,251.64930791755793,401.6614711504641,236.34453314900537,0.04,0.045
1791317178.782353,400.18375008791685,236.85719718874788,0.853840875304649,0.8101260191581338,0.00670192253042695,-0.4739587135359178,0.17499593098958333,0.18550008138020832,0.17499593098958333,0.18550008138020832,0,idle,403.6568936519786,223.16137748673196,401.7676091019437,235.2351145880326,0.04,0.045
1791317178.799236,400.1902787996959,236.4021266472396,0.8641154228000212,0.8219428319899378,0.006528711779037003,-0.45507054150826515,0.17499593098958333,0.18550008138020832,0.17499593098958333,0.18550008138020832,0,idle,379.7112610047405,219.71732125843207,400.67099397327365,234.02690790711972,0.04,0.045
1791317178.8160892,400.19662706576275,235.9656543752665,0.8739333134163871,0.8332790682799142,0.006348266066907471,-0.43647227197311933,0.17499593098958333,0.18550008138020832,0.17499593098958333,0.18550008138020832,0,idle,408.93522788997507,243.85390222976423,401.09023652187227,234.10360896487748,0.04,0.045
1791317178.8339798,400.202788392259,235.54748752623408,0.8833022015229438,0.8441426250447314,0.006161326496226738,-0.41816684903242585,0.17499593098958333,0.18550008138020832,0.17499593098958333,0.18550008138020832,0,idle,396.5429500600348,232.3623073702033,400.8687254589518,233.61928537856298,0.04,0.045
1791317178.850896,400.20875699925887,235.1473305957054,0.8922298105351567,0.8545413245556163,0.005968606999896335,-0.40015693052869317,0.17499593098958333,0.18550008138020832,0.17499593098958333,0.18550008138020832,0,idle,394.3093920733182,241.56013180203112,400.54642896632004,233.63617861573414,0.04,0.045
1791317178.866925,400.2145277902573,234.76488593118094,0.9007238985074679,0.8644829141073407,0.005770790998447897,-0.382444664524448,0.17499593098958333,0.18550008138020832,0.17499593098958333,0.18550008138020832,0,idle,382.90395613538556,228.99766090150644,399.66978757622184,233.04093029872453,0.04,0.045
1791317178.8830662,400.22009589745795,234.39985435617461,0.9084828534690568,0.873908790768956,0.005568107200668981,-0.36503157500632955,0.15241292317708333,0.18550008138020832,0.15241292317708333,0.18550008138020832,0,idle,420.4694300890748,246.03453498608744,400.7150594037051,233.34383053683666,0.04,0.045
1791317178.9009438,400.2254566787847,234.05193585183665,0.9154056157649104,0.8827522468384532,0.005360781326770478,-0.3479185043379604,0.13733723958333333,0.18550008138020832,0.13733723958333333,0.18550008138020832,0,idle,418.8637998697178,236.8246633643609,401.6275891692662,233.18734959909182,0.04,0.045
1791317178.91773,400.2306060123406,233.72083024675618,0.9216176456848703,0.8909885335221811,0.005149333555913216,-0.33110560508046194,0.13733723958333333,0.18550008138020832,0.13733723958333333,0.18550008138020832,0,idle,391.1180526918342,250.27063884694536,401.10700421227267,233.72696373665806,0.04,0.045
1791317178.933855,400.23554044388413,233.40623787744127,0.9272184195069998,0.8986197608089517,0.0049344315435271725,-0.3145923693149122,0.13733723958333333,0.18550008138020832,0.13733723958333333,0.18550008138020832,0,idle,391.6389781578413,245.82697429277198,400.6382906195174,234.0331015136146,0.04,0.045
1791317178.950402,400.24025723498806,233.10786020159202,0.9322816076033641,0.9056633140748417,0.004716791103920029,-0.29837767584924957,0.13675740559895833,0.18550008138020832,0.13675740559895833,0.18550008138020832,0,idle,400.54252529364203,245.49714388805123,400.6379833047724,234.32284484027966,0.04,0.045
1791317178.9661021,400.2447561666248,232.8252939925186,0.9369335155682454,0.9121685770347323,0.0044989316367327345,-0.2825662090734307,0.14255574544270833,0.15910237630208332,0.14255574544270833,0.15910237630208332,0,idle,380.37649705305637,238.809143708573,399.6291829772415,234.27872188507456,0.04,0.045
1791317178.9836092,400.2490448977565,232.5577038637229,0.9412321762353526,0.9182145752765277,0.004288731131677178,-0.2675901287956915,0.14081624348958333,0.059248860677083334,0.14081624348958333,0.059248860677083334,0,idle,396.69420235265545,212.25594338977643,399.4865082405873,232.92337233795374,0.04,0.045
1791317179.000129,400.2531414542523,232.30367525152832,0.9452558019935418,0.9238922034733921,0.004096556495748633,-0.2540286121945811,0.13965657552083333,-0.06352335611979167,0.13965657552083333,-0.06352335611979167,0,idle,379.96921402808294,247.8543258603988,398.51453525863303,233.42859283249112,0.04,0.045
1791317179.017708,400.25707181312913,232.06135705981345,0.9489388653984795,0.9292460834687073,0.003930358876877212,-0.24231819171488345,0.12055257161458333,-0.19438273111979168,0.12055257161458333,-0.19438273111979168,0,idle,410.15483338560335,239.7796648859228,399.10028400591455,233.5159441530336,0.04,0.045
1791317179.034333,400.26086283696503,231.82887196554228,0.9519973791264894,0.9342122227944039,0.0037910238358790024,-0.23248509427115618,0.06842854817708333,-0.36137491861979165,0.06842854817708333,-0.36137491861979165,0,idle,402.9280916811578,260.94688713215703,399.2952758623208,234.66663046243215,0.04,0.045
1791317179.0511281,400.264537325532,231.60459984544278,0.9541706514219194,0.9386536828751406,0.0036744885669456806,-0.22427212009948577,-0.013755289713541667,-0.5960856119791667,-0.013755289713541667,-0.5960856119791667,0,idle,386.832340923566,218.15699385768875,398.67561987952166,233.62809011810046,0.04,0.045
1791317179.068491,400.268127091875,231.38638334130653,0.9552532039376315,0.9424580934691555,0.003589766343002886,-0.2182165041362591,-0.10985514322916667,-0.8514872233072917,-0.10985514322916667,-0.8514872233072917,0,idle,377.94179344841876,250.31726554583355,397.64233883599235,234.25524321055767,0.04,0.045
1791317179.085547,400.2716848716275,231.17082768043372,0.9554670528523597,0.9455899042064083,0.0035577797525202393,-0.21555566087281391,-0.22103068033854167,-0.9897928873697917,-0.22103068033854167,-0.9897928873697917,0,idle,407.64968458288456,228.83454057080525,398.14608601410185,233.77943020074088,0.04,0.045
1791317179.102658,400.27528551218916,230.95325314884894,0.9553630684695823,0.948101214328387,0.003600640561682412,-0.2175745315847684,-0.3547892252604167,-0.9897928873697917,-0.3547892252604167,-0.9897928873697917,0,idle,413.69899566188434,242.0922622034593,398.92715210502456,233.98837599587125,0.04,0.045
1791317179.119235,400.2790188643496,230.72790832431974,0.9518984798680281,0.9491487339317078,0.003733352160446227,-0.22534482452919405,-0.7242350260416667,-0.9897928873697917,-0.7242350260416667,-0.9897928873697917,0,idle,414.1943902442237,236.9263666190009,399.69406069653695,233.921197943725,0.04,0.045
1791317179.136138,400.2829738363436,230.4882867974514,0.9370568777583242,0.9455854520749728,0.003954971993994693,-0.23962152686835334,-0.9361490885416667,-0.9897928873697917,-0.9361490885416667,-0.9897928873697917,0,idle,389.49236463277,245.24743445982216,399.1877331167429,234.2598693190049,0.04,0.045
1791317179.1530979,400.2872154769402,230.22745847323986,0.9008472103249691,0.9316729112123383,0.0042416405966017225,-0.26082832421154395,-1.0108561197916666,-0.9897928873697917,-1.0108561197916666,-0.9897928873697917,0,idle,403.7484269876335,225.99897361203676,399.4197973688542,233.59903762565554,0.04,0.045
1791317179.1710231,400.291757098318,229.93836925288335,0.8338594455207691,0.9000485463391539,0.0045416213777556905,-0.2890892203565282,-1.0108561197916666,-0.9897928873697917,-1.0108561197916666,-0.9897928873697917,0,idle,397.05794735319,240.3753720958062,399.3060194083798,233.6632195898244,0.04,0.045
1791317179.188082,400.2965263985865,229.61408879798591,0.7267095991826094,0.8426072938825293,0.004769300268514732,-0.3242804548974398,-1.0108561197916666,-0.9897928873697917,-1.0108561197916666,-0.9897928873697917,0,idle,405.00855374702013,253.65135196221306,399.5956769605669,234.35455977629127,0.04,0.045
1791317179.205964,400.30132658636415,229.24800126685275,0.5703467271390461,0.7512267339242398,0.004800187777679092,-0.3660875311331666,-1.0108561197916666,-0.9897928873697917,-1.0108561197916666,-0.9897928873697917,0,idle,410.51804889911733,244.85575067569508,400.1463557358832,234.53183616668497,0.04,0.045
1791317179.223031,400.30579437488797,228.83394223448383,0.35637467710828163,0.6182101395093272,0.004467788523788866,-0.4140590323689115,-1.0108561197916666,-0.9897928873697917,-1.0108561197916666,-0.9897928873697917,0,idle,394.15185416532717,246.46130265722513,399.85087505645305,234.7349534104615,0.04,0.045
1791317179.24,400.3093571968687,228.36628907403323,0.07730680261891842,0.4365002326671541,0.003562821980708393,-0.4676531604505838,-1.0108561197916666,-0.9897928873697917,-1.0108561197916666,-0.9897928873697917,0,idle,382.1335375725602,238.75624751211254,398.9683928631401,234.49174761311596,0.04,0.045
1791317179.256055,400.3116358517675,227.84001201756175,-0.12842663746095248,0.24807559293544254,0.0022786548988214137,-0.5262770564714816,0.17499593098958333,-0.9897928873697917,0.17499593098958333,-0.9897928873697917,0,idle,399.2290695639473,246.7657112499524,398.98359142033433,234.60548259130988,0.04,0.045
1791317179.2721941,400.312406817713,227.25069055356508,-0.276159788951653,0.07495581329028558,0.0007709659454635961,-0.5893214639966764,0.17499593098958333,-0.9897928873697917,0.17499593098958333,-0.9897928873697917,0,idle,400.7647528845356,231.57962769262195,399.0733819111926,233.89433445557864,0.04,0.045
1791317179.289356,400.3115690543766,226.59450746341153,-0.3787673939551136,-0.07315073802797342,-0.0008377633364022828,-0.656183090153547,0.17499593098958333,-0.9897928873697917,0.17499593098958333,-0.9897928873697917,0,idle,382.92796518684264,233.38837253367282,398.2653151998055,233.24566242383747,0.04,0.045
1791317179.306348,400.30911377572465,225.86822673400522,-0.44705401565101727,-0.19369448022039837,-0.002455278651966916,-0.7262807294063119,0.17499593098958333,-0.9897928873697917,0.17499593098958333,-0.9897928873697917,0,idle,392.4847150718162,231.65305411869315,397.9739526786867,232.47606531564426,0.04,0.045
1791317179.3233202,400.3050970577602,225.0691604911175,-0.4899836031794348,-0.28800997477839024,-0.004016717964489854,-0.7990662428877384,0.17499593098958333,-0.9897928873697917,0.17499593098958333,-0.9897928873697917,0,idle,378.6402810798152,212.44258856042418,397.0034532166769,230.71527854713992,0.04,0.045
1791317179.340853,400.2996156334698,224.19512905453055,-0.5148765201514415,-0.35932158394992425,-0.005481424290421994,-0.8740314365869433,0.17499593098958333,-0.9897928873697917,0.17499593098958333,-0.9897928873697917,0,idle,416.2373687747349,224.5260764340796,397.9599416415039,229.57548857672933,0.04,0.045
1791317179.357742,400.29278625054593,223.24441729119067,-0.5276076929036547,-0.4115738365729236,-0.006829382923851105,-0.9507117633398778,0.17499593098958333,-0.9897928873697917,0.17499593098958333,-0.9897928873697917,0,idle,402.7771710714139,205.46565910814343,398.19431519922176,227.46682092812713,0.04,0.045
1791317179.374277,400.2847290171539,222.21575386764076,-0.5328065112026031,-0.4487726663669974,-0.008057233392046746,-1.0286634235499192,0.17499593098958333,-0.9868937174479167,0.17499593098958333,-0.9868937174479167,0,idle,400.67339503461994,237.5367203982481,398.31061481926923,226.99308564926076,0.04,0.045
1791317179.391831,400.2755541566396,221.10825684749275,-0.534052915796518,-0.4746457554325392,-0.009174860514307914,-1.1074970201480092,0.17499593098958333,-0.9868937174479167,0.17499593098958333,-0.9868937174479167,0,idle,408.171256783642,239.083592536022,398.7949307999993,226.54548882445823,0.04,0.045
1791317179.4083588,400.2653520568106,219.9213594055708,-0.5340574993206707,-0.49247967541381715,-0.010202099828962164,-1.1868974419219558,0.17499593098958333,-0.9897928873697917,0.17499593098958333,-0.9897928873697917,0,idle,393.3459295545406,215.91465097797882,398.51278874288886,224.8863943623084,0.04,0.045
1791317179.424884,400.2541968618433,218.6547746465666,-0.5332907012604168,-0.5046082085129044,-0.011155194967315188,-1.2665847590041965,0.17499593098958333,-0.9897928873697917,0.17499593098958333,-0.9897928873697917,0,idle,404.7616173735589,223.42852459682,398.8146327392034,223.61024535298,0.04,0.045
1791317179.442452,400.2421615764656,217.30846180830773,-0.5303216613921763,-0.512178648197307,-0.012035285377673132,-1.3463128382588865,0.17499593098958333,-0.9897928873697917,0.17499593098958333,-0.9897928873697917,0,idle,390.59790561657167,192.6329779107955,398.39236286196297,220.78238478452485,0.04,0.045
1791317179.459042,400.22932814117405,215.88259463234098,-0.5241534274014753,-0.5156734351708948,-0.01283343529155011,-1.4258671759667476,0.17499593098958333,-0.9897928873697917,0.17499593098958333,-0.9897928873697917,0,idle,412.15582756596496,198.97076686508268,399.0683443336361,218.33723007138434,0.04,0.045
1791317179.4768472,400.2157936386581,214.37753224611578,-0.5141315942778786,-0.5152271271743738,-0.013534502515915429,-1.5050623862252086,0.17499593098958333,-0.9897928873697917,0.17499593098958333,-0.9897928873697917,0,idle,410.41115820023566,204.00941041567643,399.62262724957594,216.191029821685,0.04,0.045
1791317179.4936142,400.2016736307647,212.79379270472583,-0.49986220119465574,-0.5108134280391787,-0.014120007893447915,-1.5837395413899449,0.17499593098958333,-0.9897928873697917,0.17499593098958333,-0.9897928873697917,0,idle,403.6267963633894,191.36804410534725,399.80942169776785,213.44532797154767,0.04,0.045
1791317179.5102038,400.1871034253723,211.13202920277385,-0.48114572122778904,-0.502351798679928,-0.014570205392378412,-1.6617635019519694,0.17499593098958333,-0.9897928873697917,0.17499593098958333,-0.9897928873697917,0,idle,391.556254184372,206.79307254953056,399.3829216269753,211.53403987359243,0.04,0.045
1791317179.527761,400.1721911497124,209.3930092498514,-0.4633616057403823,-0.4913051833906695,-0.014912275659925058,-1.7390199529224688,0.07654622395833333,-0.9897928873697917,0.07654622395833333,-0.9897928873697917,0,idle,412.31021454987456,246.9404528818738,400.01511961124334,211.65229156873016,0.04,0.045
1791317179.5440981,400.15695629742146,207.57759633228883,-0.4540369079155876,-0.48081196244397556,-0.015234852290901539,-1.8154129175625604,-0.09596964518229167,-0.9897928873697917,-0.09596964518229167,-0.9897928873697917,0,idle,407.1520199589921,208.2997324428732,400.3574915189544,209.7600213407529,0.04,0.045
1791317179.561874,400.1413445205008,205.68673320757608,-0.4530754187971167,-0.47304778015658183,-0.015611776920632944,-1.8908631247127492,-0.2621683756510417,-0.9897928873697917,-0.2621683756510417,-0.9897928873697917,0,idle,404.15590623043335,192.436079957681,400.53258106645376,207.09750430312218,0.04,0.045
1791317179.578666,400.1252724489798,203.72142706796632,-0.45688723803767767,-0.4685485482308551,-0.016072071521021476,-1.9653061396097793,-0.4347147623697917,-0.9897928873697917,-0.4347147623697917,-0.9897928873697917,0,idle,410.73712410819456,190.21202798140845,401.02753975059585,204.38618965440722,0.04,0.045
1791317179.594696,400.1083982512134,201.68273886163206,-0.4890437430459426,-0.47422564868331846,-0.016874197766401366,-2.0386882063342435,-0.6090006510416667,-0.9897928873697917,-0.6090006510416667,-0.9897928873697917,0,idle,419.4519288164994,222.8846485303368,401.93272871601295,203.37435880218615,0.04,0.045
1791317179.611516,400.0897689007833,199.571776420434,-0.588122831468205,-0.5056250293079972,-0.018629350430032932,-2.1109624411980605,-0.7618631998697917,-0.9897928873697917,-0.7618631998697917,-0.9897928873697917,0,idle,375.6900930780758,202.34337931732182,400.60289905120754,201.31739550880476,0.04,0.045
1791317179.628206,400.06746986282417,197.38969371227316,-0.7966335249940604,-0.5854939801901267,-0.02229903795913611,-2.182082708160838,-0.8689798990885417,-0.9897928873697917,-0.8689798990885417,-0.9897928873697917,0,idle,396.87727208605196,190.90337781060353,400.39543361688857,198.7237160511419,0.04,0.045
1791317179.645094,400.038374882014,195.13770107337476,-1.1515410297400803,-0.7402008489177905,-0.02909498081016599,-2.251992638898389,-0.9355692545572917,-0.9897928873697917,-0.9355692545572917,-0.9897928873697917,0,idle,380.8975055843851,201.64127333024186,399.39289698349376,196.73020090814342,0.04,0.045
1791317179.662691,399.99816900124534,192.8170875246958,-1.6672473937222057,-0.9925809602778343,-0.040205880768643946,-2.3206135486789625,-0.9355692545572917,-0.9897928873697917,-0.9355692545572917,-0.9897928873697917,0,idle,401.924598094377,195.7253367372522,399.4812864523077,194.47537482835386,0.04,0.045
1791317179.679252,399.9414539147196,190.42925642316763,-2.349443711197535,-1.360617268417732,-0.05671508652576534,-2.3878311015281657,-0.9355692545572917,-0.9897928873697917,-0.9355692545572917,-0.9897928873697917,0,idle,409.804419187733,210.0945630146577,399.9435637568795,192.9878946912173,0.04,0.045
1791317179.696137,399.86196074266314,187.97576850507397,-3.192323859560994,-1.8557378938491134,-0.0794931720564703,-2.453487918093658,-0.9222635904947917,-0.9897928873697917,-0.9222635904947917,-0.9897928873697917,0,idle,378.8339455825763,206.23904086682606,398.8125643347107,191.31963847780875,0.04,0.045
1791317179.714015,399.75283661180123,185.45838337369358,-4.1805378462033955,-2.482115381019029,-0.10912413086191583,-2.5173851313804056,-0.8985209147135417,-0.9897928873697917,-0.8985209147135417,-0.9897928873697917,0,idle,418.87160710644963,154.47616681726018,399.7118485489788,187.08594901996995,0.04,0.045
1791317179.7309802,399.606908759654,182.8790950439808,-5.296669918873441,-3.2381591409123134,-0.14592785214724832,-2.579288329712758,-0.8770975748697917,-0.9897928873697917,-0.8770975748697917,-0.9897928873697917,0,idle,399.59659656521916,188.63462067516846,399.56745449025095,184.71305868950273,0.04,0.045
1791317179.7477162,399.4170444485265,180.24014266817514,-6.512232844402479,-4.115160135429924,-0.1898643111274855,-2.638952375805675,-0.8371195475260417,-0.9897928873697917,-0.8371195475260417,-0.9897928873697917,0,idle,396.68727971721955,173.29448798016742,399.2430746560282,181.63512539702057,0.04,0.045
1791317179.764317,399.1823278914509,177.54321899817293,-7.329658101012165,-4.973988472898607,-0.23471655707563593,-2.6969236700022154,0.17499593098958333,-0.9897928873697917,0.17499593098958333,-0.9897928873697917,0,idle,407.2088969274723,162.73287105695948,399.4183850403786,178.1279351935154,0.04,0.045
1791317179.7804039,398.9052718484392,174.78957217668236,-7.86849507380334,-5.745435118047662,-0.27705604301168224,-2.7536468214905843,0.17499593098958333,-0.9897928873697917,0.17499593098958333,-0.9897928873697917,0,idle,390.65064849489823,173.77251962783,398.7167949722435,175.29419993481508,0.04,0.045
1791317179.797133,398.5900541434914,171.98014800730166,-8.21405804963312,-6.40181856406475,-0.31521770494782037,-2.809424169380704,0.17499593098958333,-0.9897928873697917,0.17499593098958333,-0.9897928873697917,0,idle,398.1433368684952,173.15709415763573,398.3886652473557,172.51839168504446,0.04,0.045
1791317179.814659,398.24143196755443,169.11571667433242,-8.42748282621669,-6.939185761624086,-0.34862217593692973,-2.8644313329692594,0.17499593098958333,-0.9897928873697917,0.17499593098958333,-0.9897928873697917,0,steering,398.2631820058225,172.898318598119,398.0512000181389,169.8161782643774,0.04,0.045
1791317179.8311522,397.8615724244575,166.20543523549523,-8.831985020053772,-7.436394857085797,-0.3798595430969432,-2.9102814388371976,0.17499593098958333,-0.9897928873697917,-1.0,0.0,1,steering,386.9417366908174,165.61721623131197,397.13486028583077,166.84146279582882,0.04,0.045
1791317179.848734,397.4502150995298,163.26247562660038,-9.444325141869864,-7.95706452931768,-0.4113573249277013,-2.9429596088948404,0.17499593098958333,-0.9897928873697917,-1.0,0.0,1,steering,390.15567043873534,159.88674822192723,396.3951113347947,163.69791543868362,0.04,0.045
1791317179.8652139,397.00519874124404,160.30138367209426,-10.262956319322674,-8.546898665243692,-0.44501635828578845,-2.9610919545061294,0.17499593098958333,-0.9897928873697917,-1.0,0.0,1,steering,404.0791070144372,140.229909954708,396.35654557840536,159.71147780770403,0.04,0.045
1791317179.8827882,396.5231066525195,157.33656087521027,-11.275055545973798,-9.2356924119227,-0.48209208872451825,-2.964822796883982,0.17499593098958333,-0.9897928873697917,-1.0,0.0,1,steering,397.2293851760555,146.94342048692016,395.9422000739996,156.25649328462504,0.04,0.045
1791317179.899364,395.9998854123222,154.38145659729003,-12.461572817461555,-10.040548346004744,-0.5232212401973165,-2.955104277920255,0.17499593098958333,-0.9897928873697917,-1.0,0.0,1,steering,390.25133641648813,152.12697064120115,395.1605967129366,153.2426680884296,0.04,0.045
1791317179.9161758,395.4313651133149,151.4481952979196,-13.800656618975822,-10.968979280711077,-0.5685202990073106,-2.9332612993704243,0.17499593098958333,-0.9897928873697917,-1.0,0.0,1,steering,411.78796687296443,138.2060686001318,395.451870936881,149.7042398796128,0.04,0.045
1791317179.933569,394.81365640750045,148.5474589652306,-15.269868495219706,-12.021507680472492,-0.6177087058144134,-2.900736332688996,0.17499593098958333,-0.9897928873697917,-1.0,0.0,1,steering,408.8173436048779,148.53092368571077,395.5333212997571,146.88987455386314,0.04,0.045
1791317179.950169,394.14342646162453,145.68851034329208,-16.84754076909787,-13.193723620297439,-0.670229945875902,-2.8589486219385094,0.17499593098958333,-0.9897928873697917,-1.0,0.0,1,steering,406.02729461628013,136.88837518059233,395.42130151700115,143.67379839435802,0.04,0.045
1791317179.9671512,393.41806911051555,142.87928654492373,-18.51354899202236,-14.477873289006137,-0.7253573511090059,-2.8092237983683486,0.17499593098958333,-0.9897928873697917,-1.0,0.0,1,steering,388.763114864467,156.81294741118467,394.3993027008209,141.66199323674942,0.04,0.045
1791317179.985013,392.63578936568206,140.1265214636236,-20.24969610149085,-15.864069529302542,-0.7822797448334837,-2.752765081300131,0.17499593098958333,-0.9897928873697917,-1.0,0.0,1,steering,381.96262492279686,144.6640278350732,393.0343030543279,139.19696813943048,0.04,0.045
1791317180.00195,391.79562266653255,137.4358737693959,-22.039846577101272,-17.34120612512462,-0.8401666991495169,-2.690647694227695,0.17499593098958333,-0.9897928873697917,-1.0,0.0,1,steering,405.83741223800337,146.04289302352092,392.87630014931966,136.9831490741187,0.04,0.045
1791317180.0182998,390.89740719209243,134.81204860493767,-23.86990557666211,-18.897641412631977,-0.8982154744401036,-2.6238251644582133,0.17499593098958333,-0.9897928873697917,-1.0,0.0,1,steering,372.3661219369888,118.60182746662764,390.997486537985,133.57144908750882,0.04,0.045
1791317180.034678,389.9417245710488,132.2589078104249,-25.72770712823546,-20.521701922000837,-0.9556826210436711,-2.553140794512783,0.17499593098958333,-0.9897928873697917,-1.0,0.0,1,steering,401.7700319461898,148.01642751477425,390.6282153184038,131.86821425408496,0.04,0.045
1791317180.0514739,388.9298212055427,129.77956726862945,-27.60285383038552,-22.202045012777788,-1.0119033655060816,-2.4793405417954406,0.17499593098958333,-0.9897928873697917,-1.0,0.0,1,steering,394.98133339551237,134.78825889367974,389.88456302502846,129.65884297135904,0.04,0.045
1791317180.0679512,387.86351954558796,127.3764819036131,-29.486535584103844,-23.92791073219935,-1.0663016599547421,-2.4030853650163566,0.17499593098958333,-0.9897928873697917,-1.0,0.0,1,steering,391.06144592313547,126.37114666237477,388.9304205929768,127.21152705914429,0.04,0.045
1791317180.085382,386.74512617939297,125.05151972559722,-31.371344685923948,-25.68928675349558,-1.118393366194987,-2.3249621780158742,0.17499593098958333,-0.9897928873697917,-1.0,0.0,1,steering,384.16563691496515,136.33259387520923,387.629707711191,125.45886633083245,0.04,0.045
1791317180.102695,385.57734158001415,122.80602656468739,-33.25109772872594,-27.477005565046372,-1.1677845993787939,-2.2454931609098274,0.17499593098958333,-0.9897928873697917,-1.0,0.0,1,steering,386.922416182837,146.187250392118,386.4849477653634,124.36206703103238,0.04,0.045
1791317180.119105,384.3631747473936,120.64088306995369,-35.12067017125731,-29.282789538160962,-1.2141668326205206,-2.1651434947336985,0.17499593098958333,-0.9897928873697917,-1.0,0.0,1,steering,382.2743116804421,135.65629762110518,385.1209574701279,122.869892240539,0.04,0.045
1791317180.136014,383.1058647554414,118.5565553426806,-36.97584643571654,-31.099256713528273,-1.2573099919521975,-2.0843277272730902,0.17499593098958333,-0.9897928873697917,-1.0,0.0,1,steering,380.1126345202786,140.6503800984193,383.67609683028087,121.77880529252359,0.04,0.045
1791317180.153506,381.80881029602625,116.55314032238296,-38.81318647507739,-32.919897860378796,-1.297054459415179,-2.0034150202976377,0.17499593098958333,-0.9897928873697917,-1.0,0.0,1,steering,388.8428036753629,122.12188394322285,382.7022304360906,119.89271495577579,0.04,0.045
1791317180.170005,380.475507646342,114.63040680329672,-40.62990856961485,-34.739033425018064,-1.3333026496842684,-1.9227335190862427,0.17499593098958333,-0.9897928873697917,-1.0,0.0,1,steering,391.02105215833274,124.1713385249864,381.8515340050027,118.28004929110439,0.04,0.045
1791317180.1876202,379.10949701986937,112.78783275109492,-42.42378742317561,-36.551757311710446,-1.3660106264726648,-1.8425740522018033,0.17499593098958333,-0.9897928873697917,-1.0,0.0,1,steering,363.7201867258897,109.16799323753047,379.647256545898,116.07400113883399,0.04,0.045
1791317180.204332,377.71431694851486,111.02463942201238,-44.19306626666943,-38.35387298555124,-1.39518007135452,-1.7631933290825437,0.17499593098958333,-0.9897928873697917,-1.0,0.0,1,steering,386.32372305414725,125.25738592088933,378.6556588035237,114.85813671530835,0.04,0.045
1791317180.221396,376.2934661468546,109.33982265828055,-45.93638152395396,-40.14182613265404,-1.4208508016602415,-1.6848167637318274,0.17499593098958333,-0.9897928873697917,-1.0,0.0,1,steering,394.9778413597381,106.38394842330574,378.1219596697572,112.83385137516298,0.04,0.045
1791317180.238512,374.8503721984203,107.73218163967594,-47.65269857526762,-41.912637045525344,-1.4430939484343237,-1.6076410186046048,0.17499593098958333,-0.9897928873697917,-1.0,0.0,1,steering,388.24632040667916,85.91145459770848,377.2572384555907,109.96047256861587,0.04,0.045
1791317180.254791,373.3883663547145,106.20034530461112,-49.34125721267889,-43.66383501038574,-1.4620058437057897,-1.5318363350648228,0.17499593098958333,-0.9897928873697917,-1.0,0.0,1,steering,362.94829006738235,110.82914710048016,375.15288548465975,108.5486617768975,0.04,0.045
1791317180.271273,371.91066373159015,104.74279660915087,-51.00152548542154,-45.3933962460355,-1.4777026231243222,-1.457548695460245,0.17499593098958333,-0.9897928873697917,-1.0,0.0,1,steering,383.77813371152996,95.8950705791092,374.18033040403515,106.53131095632085,0.04,0.045
1791317180.28795,370.4203482106465,103.357894762969,-52.6331607574486,-47.099686365435765,-1.4903155209436454,-1.3849018461818743,0.17499593098958333,-0.9897928873697917,-1.0,0.0,1,steering,369.4713856339175,88.30163984118641,372.52908342063284,104.30417064669135,0.04,0.045
1791317180.3055968,368.9203613948106,102.04389556292405,-54.23597693040296,-48.781407883924594,-1.499986815835936,-1.3139992000449447,0.17499593098958333,-0.9897928873697917,-1.0,0.0,1,steering,350.38903420058625,94.47737367450571,369.99709348458634,102.56453155803936,0.04,0.045
1791317180.321578,367.41349501952146,100.79896993399208,-55.80991691348079,-50.4375529631141,-1.5068663752891207,-1.244925628931965,0.17499593098958333,-0.9897928873697917,-1.0,0.0,1,steering,364.1571682291522,77.55729096405608,368.27357416529,100.13149018085483,0.04,0.045
1791317180.3381062,365.90238627833475,99.62122078103016,-57.3550295421649,-52.06736133819387,-1.5111087411867128,-1.1777491529619186,0.17499593098958333,-0.9897928873697917,-1.0,0.0,1,steering,354.0208824802871,114.52100274153929,366.1253862769124,99.73210411357522,0.04,0.045
1791317180.355708,364.38951558041504,98.50869825130175,-58.87145025783887,-53.67028321074828,-1.512870697919733,-1.112522529728402,0.17499593098958333,-0.9897928873697917,-1.0,0.0,1,steering,362.9865332378568,88.26798768799102,364.5312164619359,98.10200188905402,0.04,0.045
1791317180.372399,362.87720631465135,97.45941350552734,-60.35938495878005,-55.24594678313109,-1.5123092657636943,-1.0492847457744143,0.17499593098958333,-0.9897928873697917,-1.0,0.0,1,steering,350.4154895361374,108.5750822267445,362.38873631317045,97.62883539745285,0.04,0.045
1791317180.389558,361.3676262493252,96.47135109354969,-61.81909651989762,-56.794130049872855,-1.5095800653261464,-0.9880624119776505,0.17499593098958333,-0.9897928873697917,-1.0,0.0,1,steering,366.9050632210261,112.96387179395019,361.1804515965034,97.45692792589894,0.04,0.045
1791317180.406809,359.86279024638424,95.54248002898463,-63.250893554353574,-58.31473643470623,-1.5048360029409706,-0.9288710645650592,0.17499593098958333,-0.9897928873697917,-1.0,0.0,1,steering,400.77267440213603,112.2309144964583,361.73046853399114,97.3131997430901,0.04,0.045
1791317180.424034,358.364564014925,94.67076365516864,-64.65512105573119,-59.80777385894139,-1.4982262314592292,-0.8717163738159793,0.17499593098958333,-0.9897928873697917,-1.0,0.0,1,steering,366.88525614046273,90.20065527843968,360.5648929944285,96.1294419647324,0.04,0.045
1791317180.440313,356.87466866930805,93.85416839218506,-66.03215261570035,-61.273336840468446,-1.4898953456169366,-0.8165952629835789,0.17499593098958333,-0.9897928873697917,-1.0,0.0,1,steering,338.86130263883064,76.28226352336961,358.0643128983125,94.36131754282985,0.04,0.045
1791317180.4573948,355.3946858934943,93.09067145172813,-67.38238396021416,-62.711591246713525,-1.479982775813787,-0.7634969404569254,0.17499593098958333,-0.9897928873697917,-1.0,0.0,1,idle,357.9649142023274,66.45865931582233,356.65335932649015,92.24086253804539,0.04,0.045
1791317180.474463,353.92652066112413,92.37529889015082,-68.27052840699697,-64.02205551549179,-1.4681652323701528,-0.7153725615773124,0.17499593098958333,-0.9897928873697917,0.17499593098958333,-0.9897928873697917,0,idle,364.3420798925113,106.24062031137628,355.6430383840396,92.26124649321349,0.04,0.045
1791317180.491591,352.4708868350531,91.70164191923915,-68.85309108821588,-65.16563640451011,-1.4556338260710728,-0.6736569709116693,0.17499593098958333,-0.9897928873697917,0.17499593098958333,-0.9897928873697917,0,idle,359.47202019064673,91.08782614011444,354.45163533960243,91.56260135319246,0.04,0.045
1791317180.5088809,351.0268241980875,91.062783386425,-69.2319201434791,-66.13522822014747,-1.4440626369655298,-0.6388585328141602,0.17499593098958333,-0.9897928873697917,0.17499593098958333,-0.9897928873697917,0,idle,363.18606093708155,92.19817302911953,353.51649711435914,90.98746433081537,0.04,0.045
1791317180.525366,349.5917440411057,90.45184200780173,-69.47463422123505,-66.93960738809452,-1.4350801569818101,-0.6109413786232606,0.17499593098958333,-0.9897928873697917,0.17499593098958333,-0.9897928873697917,0,idle,327.9598229005666,92.03499587180984,350.87533725453676,90.45944659817299,0.04,0.045
1791317180.542591,348.16171643640877,89.86227661142513,-69.6266136377227,-67.59484412221923,-1.4300276046969376,-0.5895653963765994,0.17499593098958333,-0.9897928873697917,0.17499593098958333,-0.9897928873697917,0,idle,354.0148792681466,72.06064921503383,349.67378813075516,88.97941960245826,0.04,0.045
1791317180.5596778,346.73183900674314,89.28804373929927,-69.71854000924135,-68.11980918705427,-1.4298774296655983,-0.5742328721258667,0.17499593098958333,-0.9897928873697917,0.17499593098958333,-0.9897928873697917,0,idle,340.5247908347972,89.77435387634836,347.8579547077749,88.4736450876332,0.04,0.045
1791317180.576751,345.29660210827353,88.72366758011347,-69.77128546154066,-68.53382992166277,-1.435236898469614,-0.5643761591858004,0.17499593098958333,-0.9897928873697917,0.17499593098958333,-0.9897928873697917,0,idle,367.42769394644495,82.46604236269387,347.4729666161623,87.63710760015972,0.04,0.045
1791317180.593722,343.850209502299,88.16425845583933,-69.79912510906398,-68.85544332428351,-1.4463926059745749,-0.5594091242741397,0.17499593098958333,-0.9897928873697917,0.17499593098958333,-0.9897928873697917,0,idle,348.2351480518661,91.46819816230142,346.1370027122717,87.29722346020637,0.04,0.045
1791317180.6104262,342.38683892911047,87.60550170280818,-69.81186207750176,-69.10171299502043,-1.4633705731885178,-0.5587567530311512,0.17499593098958333,-0.9897928873697917,0.17499593098958333,-0.9897928873697917,0,idle,311.80786248221517,74.60364439562066,343.0303436562398,86.13172559159749,0.04,0.045
1791317180.627506,340.90084090810296,87.04362998560862,-69.81624132294739,-69.28785955549218,-1.485998021007506,-0.5618717171995592,0.17499593098958333,-0.9897928873697917,0.17499593098958333,-0.9897928873697917,0,idle,329.62958737471325,85.7114625958275,340.9486077222063,85.5769343104694,0.04,0.045
1791317180.6440809,339.386881138678,86.47538681107024,-69.81689701987932,-69.42709296784841,-1.51395976942493,-0.5682431745383747,0.17499593098958333,-0.9897928873697917,0.17499593098958333,-0.9897928873697917,0,idle,344.6159003832491,91.66839474422696,339.69371057430476,85.34167631634581,0.04,0.045
1791317180.66158,337.84003540734597,85.89798451022145,-69.81680077393791,-69.530541436727,-1.5468457313320485,-0.5774023008487947,0.17499593098958333,-0.9897928873697917,0.17499593098958333,-0.9897928873697917,0,idle,327.82571608602404,95.49370371687208,337.63080740512527,85.30074550056578,0.04,0.045
1791317180.6780748,336.2558530802073,85.30904062810458,-69.81513184724217,-69.60661682505433,-1.5841823271386597,-0.5889438821168673,0.17499593098958333,-0.9897928873697917,0.17499593098958333,-0.9897928873697917,0,idle,339.96695640880995,85.89425762381401,336.2426416445278,84.77092441871717,0.04,0.045
1791317180.695595,334.63038902448125,84.70651846966402,-69.81048682322627,-69.66141480175997,-1.6254640557260913,-0.602522158440559,0.17499593098958333,-0.9897928873697917,0.17499593098958333,-0.9897928873697917,0,idle,326.6633281790676,90.87054475140172,334.219485118315,84.50350938483287,0.04,0.045
1791317180.7121658,332.96020940459795,84.08867883012609,-69.80197848220814,-69.69935308370376,-1.670179619883295,-0.617839639537931,0.17499593098958333,-0.9897928873697917,0.17499593098958333,-0.9897928873697917,0,idle,348.77413424620977,83.52889750354935,333.3605469358206,83.86783113320766,0.04,0.045
1791317180.730029,331.242379124656,83.45403983542077,-69.78908512989858,-69.72364265112799,-1.7178302799419432,-0.6346389947053133,0.17499593098958333,-0.9897928873697917,0.17499593098958333,-0.9897928873697917,0,idle,349.3205561589843,84.97716888371188,332.5266086310339,83.32039097576282,0.04,0.045
1791317180.747348,329.4744369616652,82.8013429039943,-69.77154270422055,-69.73663302971693,-1.7679421629907528,-0.6526969314264781,0.17499593098958333,-0.9897928873697917,0.17499593098958333,-0.9897928873697917,0,idle,331.2454648777604,91.2421395642037,330.78300638852903,83.09641632032971,0.04,0.045
1791317180.765047,327.6543630009727,82.12952351276144,-69.74926692087476,-69.74006270054285,-1.8200739606925413,-0.6718193912328518,0.17499593098958333,-0.9897928873697917,0.17499593098958333,-0.9897928873697917,0,idle,333.8306809336617,83.38881327865082,329.20631985312775,82.47280774657455,0.04,0.045
1791317180.7816472,325.780541820499,81.43768586538508,-69.72229681901517,-69.73523864082081,-1.8738211804736773,-0.6918376473763624,0.17499593098958333,-0.9897928873697917,0.17499593098958333,-0.9897928873697917,0,idle,324.1549605324997,82.64007577316089,327.1736217656464,81.82392538289632,0.04,0.045
1791317180.798528,323.85172394052023,80.7250808195002,-69.69075375025753,-69.72316359016868,-1.9288178799787912,-0.7126050458848769,0.17499593098958333,-0.9897928873697917,0.17499593098958333,-0.9897928873697917,0,idle,316.413368214053,82.29097538223817,324.80323210208684,81.17030308927278,0.04,0.045
1791317180.815569,321.8669873255554,79.99108659228088,-69.65481163124535,-69.70462530612697,-1.9847366149648387,-0.7339942272193325,0.17499593098958333,-0.9897928873697917,0.17499593098958333,-0.9897928873697917,0,idle,326.4083299638711,73.63603715530894,322.9979872109594,80.09629527671622,0.04,0.045
1791317180.8327181,319.82570016072475,79.23519186861348,-69.61467547690772,-69.68025857836628,-2.041287164830631,-0.7558947236673899,0.17499593098958333,-0.9897928873697917,0.17499593098958333,-0.9897928873697917,0,idle,317.05592956916,72.70606030092038,320.76166152228035,79.0086835404424,0.04,0.045
1791317180.849684,317.72748569609917,78.45698100607663,-69.57056605291106,-69.65058798920171,-2.098214464625611,-0.7782108625368562,0.17499593098958333,-0.9897928873697917,0.17499593098958333,-0.9897928873697917,0,idle,313.6539606592867,97.71259954787004,318.41297273773637,79.20457902140377,0.04,0.045
1791317180.866836,315.57218963230065,77.65612107979463,-69.52270906062544,-69.6160572413369,-2.155296063798489,-0.8008599262819989,0.17499593098958333,-0.9897928873697917,0.17499593098958333,-0.9897928873697917,0,idle,326.4395406415498,52.2516556082431,316.76676987231843,77.09611592077783,0.04,0.045
1791317180.8836339,313.3598502861786,76.83235054629031,-69.47132767798608,-69.57704922543634,-2.2123393461220386,-0.8237705335043152,0.17499593098958333,-0.9897928873697917,0.17499593098958333,-0.9897928873697917,0,idle,314.19248044414223,79.82154857856885,314.5363330220937,76.44980554683829,0.04,0.045
1791317180.89999,311.0906716078376,75.9854693335805,-69.41663757732304,-69.53389977373163,-2.26917867834099,-0.8468812127098136,0.17499593098958333,-0.9897928873697917,0.17499593098958333,-0.9897928873697917,0,idle,311.23292830281054,73.11420878266043,312.21544304170556,75.47848855655508,0.04,0.045
1791317180.9163048,308.7649990041608,75.11533018777227,-69.35884376060804,-69.48690715138217,-2.3256726036767414,-0.870139145808224,0.17499593098958333,-0.9897928873697917,0.17499593098958333,-0.9897928873697917,0,idle,310.6555525309411,70.06136882884063,309.9280595426744,74.38100038165155,0.04,0.045
1791317180.9333298,306.38329784679365,74.22183112596925,-69.29813871617856,-69.43633869620089,-2.381701157367171,-0.8934990618030203,0.17499593098958333,-0.9897928873697917,0.17499593098958333,-0.9897928873697917,0,idle,306.5862982148207,56.51486848035599,307.4983553767829,72.6388696778739,0.04,0.045
1791317180.9505122,303.94613449443654,73.30490886233095,-69.23470152411615,-69.38243556484602,-2.437163352357124,-0.9169222636382984,0.17499593098958333,-0.9897928873697917,0.17499593098958333,-0.9897928873697917,0,idle,312.90546169047843,83.27222780860022,305.4534055077284,72.29946143395384,0.04,0.045
1791317180.9676092,301.4541596324869,72.36453308919774,-69.16869763066268,-69.32541622852479,-2.491974861949666,-0.9403757731332154,0.17499593098958333,-0.9897928873697917,0.17499593098958333,-0.9897928873697917,0,idle,305.03336766680553,52.35020900235624,303.0650274968301,70.40864182789741,0.04,0.045
1791317180.984703,298.9128553234862,71.40252623318216,-69.10076045459621,-69.26591664774168,-2.5413043090006715,-0.9620068560155766,0.17499593098958333,-0.37284952799479165,0.17499593098958333,-0.37284952799479165,0,idle,299.9349411050844,66.61689896634556,300.4942840836922,69.30514817160503,0.04,0.045
1791317181.0016608,296.3336983543447,70.42304021960119,-69.03177387167253,-69.20473341770273,-2.5791569691415104,-0.979486013580972,0.17499593098958333,0.18550008138020832,0.17499593098958333,0.18550008138020832,0,idle,283.9105391311291,71.61349338514057,297.2148977153796,68.49005371937989,0.04,0.045
1791317181.018635,293.730300095883,69.43110492335785,-68.96238819782235,-69.14237991471194,-2.6033982584616684,-0.9919352962433419,0.17499593098958333,0.18550008138020832,0.17499593098958333,0.18550008138020832,0,idle,286.37447625113657,54.53049473690502,294.1996482966289,66.84973723882497,0.04,0.045
1791317181.035218,291.11620537502705,68.43179224403217,-68.89307698070455,-69.07921050389758,-2.6140947208559884,-0.9993126793256881,0.17499593098958333,0.18550008138020832,0.17499593098958333,0.18550008138020832,0,idle,279.1352846478976,70.21384899325899,290.9630401293791,66.06859578118727,0.04,0.045
1791317181.052168,288.5037374235585,67.42977005413557,-68.82418115948691,-69.01549050899807,-2.612467951468564,-1.002022189896589,0.17499593098958333,0.18550008138020832,0.17499593098958333,0.18550008138020832,0,idle,286.39824258191413,66.98311730444642,288.2529556981108,65.16240077694846,0.04,0.045
1791317181.069373,285.9034849989656,66.42909699097436,-68.75594293214863,-68.9514338195763,-2.60025242459288,-1.0006730631612109,0.17499593098958333,0.18550008138020832,0.17499593098958333,0.18550008138020832,0,idle,282.9905666961616,41.28940101904763,285.51959644465006,63.01811137905026,0.04,0.045
1791317181.086806,283.3241689676987,65.43316085592177,-68.68853145015964,-68.88722256400209,-2.579316031266912,-0.9959361350525858,0.17499593098958333,0.18550008138020832,0.17499593098958333,0.18550008138020832,0,idle,285.2741293919893,63.853257812978995,283.05697286231344,62.11372937244674,0.04,0.045
1791317181.103253,280.77272028169466,64.44469813292443,-68.62206214494358,-68.82301713333854,-2.5514486860040715,-0.9884627229973437,0.17499593098958333,0.18550008138020832,0.17499593098958333,0.18550008138020832,0,idle,278.79725171553224,56.81992793189102,280.42011055327055,60.90999971357148,0.04,0.045
1791317181.120645,278.25446413463214,63.46585526714545,-68.556611162253,-68.75896110069498,-2.5182561470625267,-0.9788428657789823,0.17499593098958333,0.18550008138020832,0.17499593098958333,0.18550008138020832,0,idle,293.7997289836067,64.24135332659648,278.69674813507794,60.1466666717327,0.04,0.045
1791317181.137276,275.7733463657705,62.498267587007504,-68.49222607961231,-68.69518350740728,-2.4811177688616093,-0.967587680137943,0.17499593098958333,0.18550008138020832,0.17499593098958333,0.18550008138020832,0,idle,266.2547034355817,60.76084439558489,275.7175840196846,59.25816726179426,0.04,0.045
1791317181.1540549,273.33216491646283,61.543141670958065,-68.4289338241805,-68.63179986667774,-2.441181449307717,-0.9551259160494372,0.17499593098958333,0.18550008138020832,0.17499593098958333,0.18550008138020832,0,idle,277.2707543905922,65.13340514537892,273.47612016138766,58.64455953572653,0.04,0.045
1791317181.1709151,270.93278892376645,60.60133440993192,-68.36674679966538,-68.56891292986408,-2.3993759926963967,-0.9418072610261394,0.17499593098958333,0.18550008138020832,0.17499593098958333,0.18550008138020832,0,idle,263.7084856088576,67.18676114363927,270.7083312406996,58.176952718147334,0.04,0.045
1791317181.187397,268.5764443320469,59.673460227210526,-68.3056772461845,-68.50662320167474,-2.356344591719579,-0.9278741827213985,0.17499593098958333,0.18550008138020832,0.17499593098958333,0.18550008138020832,0,idle,282.49911402691936,69.1703272009173,269.059343017877,57.845140968700505,0.04,0.045
1791317181.2040908,266.26394618322746,58.75997901472539,-68.24574025460491,-68.44502754355678,-2.3124981488194534,-0.9134812124851349,0.17499593098958333,0.18550008138020832,0.17499593098958333,0.18550008138020832,0,idle,269.54531570398507,60.898893041346234,266.88676841080394,57.13002142047191,0.04,0.045
1791317181.2218199,263.99583937840407,57.86124904230544,-68.18695095121771,-68.38421356753969,-2.2681068048234057,-0.8987299724199469,0.17499593098958333,0.18550008138020832,0.17499593098958333,0.18550008138020832,0,idle,254.7220531422099,62.469940988095544,264.123831182792,56.54322392505414,0.04,0.045
1791317181.238098,261.77247837415626,56.97756791997742,-68.13041018696367,-68.32451308087249,-2.2233610042478156,-0.8836811223280231,0.16397908528645833,0.18550008138020832,0.16397908528645833,0.18550008138020832,0,idle,260.52423720497177,50.707043999685126,261.8316585298656,55.41191786257407,0.04,0.045
1791317181.255929,259.59407096150784,56.109202873926534,-68.07788595911545,-68.26659716217198,-2.178407412648412,-0.8683650460508796,0.14313557942708333,0.18550008138020832,0.14313557942708333,0.18550008138020832,0,idle,285.49466829756085,62.21378978102894,260.94532197623437,54.92706466474848,0.04,0.045
1791317181.272306,257.4607114901304,55.2563880777481,-68.0287838925725,-68.21083913309984,-2.1333594713774184,-0.8528147961784364,0.14313557942708333,0.18550008138020832,0.14313557942708333,0.18550008138020832,0,idle,250.75164666289106,55.75553041077789,258.4089467127586,54.158313895680436,0.04,0.045
1791317181.289578,255.3723935692758,54.41933936891191,-67.98464037715415,-68.15788420132236,-2.0883179208545894,-0.8370487088361878,0.11939290364583333,0.18550008138020832,0.11939290364583333,0.18550008138020832,0,idle,244.19270467689014,43.04042396613078,255.71423258615334,52.80722312580858,0.04,0.045
1791317181.306654,253.32902592572069,53.598243095284744,-67.9445823946539,-68.1080206811005,-2.0433676435551282,-0.8210962736271699,0.11939290364583333,0.18550008138020832,0.11939290364583333,0.18550008138020832,0,idle,243.78737122474678,51.56382930406979,253.17669025670565,51.96501197477583,0.04,0.045
1791317181.322983,251.33044266151046,52.79325000579421,-67.9079636443381,-68.06131816407684,-1.9985832642102301,-0.8049930894905394,0.11881306966145833,0.18550008138020832,0.11881306966145833,0.18550008138020832,0,idle,258.1734141084339,44.848265574868215,251.52787234829236,50.84443121976444,0.04,0.045
1791317181.339508,249.37642408882536,52.004439432392054,-67.87012459904678,-68.0167440276108,-1.9540185726850952,-0.7888105734021527,0.17499593098958333,0.18550008138020832,0.17499593098958333,0.18550008138020832,0,idle,263.33669239407607,39.239143780083666,250.2619957065307,49.514796803048355,0.04,0.045
1791317181.3567622,247.46669616847424,51.231835177009245,-67.83141357902258,-67.9735916880552,-1.909727920351122,-0.772604255382813,0.17499593098958333,0.18550008138020832,0.17499593098958333,0.18550008138020832,0,idle,252.35793860505203,76.87381485664712,248.5525513271232,50.14877366311462,0.04,0.045
1791317181.3737931,245.60093162763408,50.4754172848371,-67.79213208262844,-67.93139197203111,-1.8657645408401493,-0.7564178921721476,0.17499593098958333,0.18550008138020832,0.17499593098958333,0.18550008138020832,0,idle,237.571190377253,39.34329429307269,246.23100696583154,48.88990269704898,0.04,0.045
1791317181.3907762,243.77875245077087,49.73513086907149,-67.75253813518248,-67.88984656076022,-1.8221791768632023,-0.7402864157656084,0.17499593098958333,0.18550008138020832,0.17499593098958333,0.18550008138020832,0,idle,245.93966700239895,62.031698381751866,244.48536974963986,48.8437203863068,0.04,0.045
1791317181.4077692,241.99973339542788,49.01089281496487,-67.71285040289821,-67.84877833245199,-1.7790190553429868,-0.7242380541066236,0.17499593098958333,0.18550008138020832,0.17499593098958333,0.18550008138020832,0,idle,215.48188427925956,55.683035663359256,241.345127373545,48.49765999875813,0.04,0.045
1791317181.4248462,240.26340619941493,48.3025969508572,-67.67325256395961,-67.8080945785342,-1.7363271960129614,-0.7082958641076689,0.17499593098958333,0.18550008138020832,0.17499593098958333,0.18550008138020832,0,idle,249.6449047832932,73.870210161873,240.11060540782012,49.09340643601159,0.04,0.045
1791317181.441966,238.56926418857893,47.610118103164204,-67.63389762117902,-67.76775997839957,-1.6941420108360163,-0.6924788476929958,0.17499593098958333,0.18550008138020832,0.17499593098958333,0.18550008138020832,0,idle,241.5215828108267,51.60373416913466,238.57171936767625,48.561067917359395,0.04,0.045
1791317181.458643,236.91676704730546,46.933315331240145,-67.59491197091498,-67.7277769321706,-1.6524971412734704,-0.6768027719240608,0.17499593098958333,0.18550008138020832,0.17499593098958333,0.18550008138020832,0,idle,236.6495492819255,71.62423298008693,236.90573857917892,49.071263537167916,0.04,0.045
1791317181.475712,235.305345567283,46.27203455235734,-67.5563991296381,-67.68817141037238,-1.6114214800224522,-0.6612807788828069,0.17499593098958333,0.18550008138020832,0.17499593098958333,0.18550008138020832,0,idle,244.03635439211916,34.128888138448545,235.7314189638046,47.695928027293284,0.04,0.045
1791317181.4923148,233.73440623869215,45.626110706542434,-67.51844307602595,-67.64898291490731,-1.5709393285908635,-0.6459238458149029,0.17499593098958333,0.18550008138020832,0.17499593098958333,0.18550008138020832,0,idle,229.6241120959081,9.657958042117812,233.93366125824846,45.18040187451035,0.04,0.045
1791317181.508929,232.20333558959183,44.99536956836983,-67.4811112021723,-67.61025748310709,-1.531070649100326,-0.630741138172604,0.17499593098958333,0.18550008138020832,0.17499593098958333,0.18550008138020832,0,idle,242.53915734042218,49.53316399635318,232.90941894571185,44.79883589933852,0.04,0.045
1791317181.526485,230.71150421328758,44.37962928281224,-67.44445688906426,-67.57204292679565,-1.4918313763042392,-0.6157402855575913,0.17499593098958333,0.18550008138020832,0.17499593098958333,0.18550008138020832,0,idle,265.9378454191962,38.52246674315755,233.14360046189702,43.900064170249756,0.04,0.045
1791317181.543051,229.25827045023928,43.77870168116423,-67.40852173357598,-67.53438569803653,-1.4532337630483063,-0.6009276016480107,0.17499593098958333,0.18550008138020832,0.17499593098958333,0.18550008138020832,0,idle,220.67209907227152,43.191224693631085,231.13945331751987,43.293740974853215,0.04,0.045
1791317181.5604422,227.84298371141276,43.1923934182396,-67.37333746009391,-67.49732892596084,-1.415286738826537,-0.5863082629246302,0.17499593098958333,0.18550008138020832,0.17499593098958333,0.18550008138020832,0,idle,252.3086547200172,34.59424117669032,230.85339098575955,42.30177313516667,0.04,0.045
1791317181.577157,226.464987444889,42.62050696162194,-67.33892755176298,-67.4609112853771,-1.3779962665237586,-0.571886456617652,0.17499593098958333,0.18550008138020832,0.17499593098958333,0.18550008138020832,0,idle,229.57599617455287,47.687997501469894,229.48042479200166,42.02779221969506,0.04,0.045
1791317181.594486,225.1236217580124,42.06284145639465,-67.30530863575521,-67.42516644608519,-1.3413656868766108,-0.5576655052272885,0.17499593098958333,0.18550008138020832,0.17499593098958333,0.18550008138020832,0,idle,219.04788670635116,46.514614061419266,227.68450048518636,41.72235108181534,0.04,0.045
1791317181.610958,223.81822571430624,41.5191934835596,-67.27249165493791,-67.39012291845896,-1.3053960437061662,-0.5436479728350518,0.17499593098958333,0.18550008138020832,0.17499593098958333,0.18550008138020832,0,idle,234.09941503427862,57.70796056251224,226.76511997112013,42.00516598165689,0.04,0.045
1791317181.626812,222.54813932861265,40.989357726619836,-67.24048285554221,-67.35580416098593,-1.2700863856935904,-0.5298357569397621,0.17499593098958333,0.18550008138020832,0.17499593098958333,0.18550008138020832,0,idle,218.52983498395844,66.91684096525623,225.14677365535314,42.74740576174408,0.04,0.045
1791317181.64372,221.31270528609855,40.47312755809488,-67.20928461734445,-67.32222885297412,-1.2354340425140926,-0.5162301685249584,0.17499593098958333,0.18550008138020832,0.17499593098958333,0.18550008138020832,0,idle,230.47377289244415,50.94623728214903,224.2394612768193,42.666928677665624,0.04,0.045
1791317181.660203,220.11127041146042,40,-67.1788961497503,-67.28941126357559,0.0,0.0,0.17499593098958333,0.18550008138020832,0.17499593098958333,0.18550008138020832,0,idle,208.34316803062765,27.134712266419832,223.4446466145097,41.890317857103334,0.04,0.045
1791317181.677408,220.112186512971,40.0003854888215,-67.17899762363656,112.82100237636345,0.0009161015105787316,0.0003854888215020002,0.17499593098958333,0.18376057942708332,0.17499593098958333,0.18376057942708332,0,idle,199.4985877776414,64.19147821027005,222.24821396910133,43.005742089142096,0.04,0.045
1791317181.694297,220.11460766507972,40.001404285083446,-67.17919000740063,112.82086458744533,0.0024211521087220407,0.0010187962619447773,0.17499593098958333,0.12925618489583332,0.17499593098958333,0.12925618489583332,0,idle,196.97549055051817,52.44083833439783,220.98687789267547,43.47846475785373,0.04,0.045
1791317181.713297,220.1188848159851,40.00320405023689,-67.17946343849664,112.82067582508436,0.0042771509053693875,0.0017997651534396172,0.17499593098958333,0.12235921223958333,0.17499593098958333,0.12235921223958333,0,idle,228.8413205630517,43.44166263874615,221.3836633195544,43.47833442879412,0.04,0.045
1791317181.727815,220.12520611562334,40.00586393347125,-67.17980971464853,112.82043668211412,0.006321299638247733,0.0026598832343569375,0.17499593098958333,0.12235921223958333,0.17499593098958333,0.12235921223958333,0,idle,222.90800309631527,52.11328858225956,221.46588554304876,43.912609025540036,0.04,0.045
1791317181.744011,220.1336764754939,40.00942804988601,-67.18022489956437,112.8201453974214,0.008470359870544203,0.003564116414761313,0.17499593098958333,0.14301961263020832,0.17499593098958333,0.14301961263020832,0,idle,221.1429868046493,32.117177642260145,221.4577874480058,43.32622336697007,0.04,0.045
1791317181.760215,220.1443978320665,40.01393925271923,-67.1807116464589,112.81979618261052,0.010721356572576862,0.004511202833220951,0.17499593098958333,0.18550008138020832,0.17499593098958333,0.18550008138020832,0,idle,245.51394425753512,39.70471545926883,222.67078057722622,43.14943361427657,0.04,0.045
1791317181.777635,220.1574648066609,40.01943730606116,-67.1812720290678,112.81938531778616,0.013066974594414842,0.00549805334192705,0.17499593098958333,0.18550008138020832,0.17499593098958333,0.18550008138020832,0,idle,222.35476793483895,34.20489152153149,222.66739357097154,42.70742966031414,0.04,0.045
1791317181.793997,220.17296204680346,40.02595776533799,-67.18190760915468,112.8189100220316,0.01549724014257455,0.006520459276833398,0.17499593098958333,0.18550008138020832,0.17499593098958333,0.18550008138020832,0,idle,235.76119381588893,53.287566155229506,223.33680596135284,43.2426309213729,0.04,0.045
1791317181.810838,220.19141150549862,40.03372014819307,-67.18266958530468,112.8183255519927,0.018449458695161985,0.007762382855073549,0.17499593098958333,0.47187703450520835,0.17499593098958333,0.47187703450520835,0,idle,224.87849626833412,45.806354831440196,223.4314174624623,43.37819138058859,0.04,0.045
1791317181.8272011,220.21428102580447,40.0433418458162,-67.18367821112912,112.81753416322171,0.022869520305854395,0.00962169762313248,0.17499593098958333,0.7461690266927083,0.17499593098958333,0.7461690266927083,0,idle,218.33346240135725,35.51384837403154,223.1982457536976,42.99411484300271,0.04,0.045
1791317181.844247,220.24465199715473,40.056118834574924,-67.1851548465073,112.81636379666584,0.030370971350279687,0.012776988758724787,0.17499593098958333,1.0101765950520833,0.17499593098958333,1.0101765950520833,0,idle,215.81239936087775,30.941112541332874,222.85780585683935,42.40360286724001,0.04,0.045
1791317181.861933,220.2869646107769,40.07391815595219,-67.18733761840629,112.81465499629869,0.042312613622148276,0.01779932137726488,0.17499593098958333,1.0101765950520833,0.17499593098958333,1.0101765950520833,0,idle,192.23914545466025,17.521551086719924,221.36706981967146,41.17640963352241,0.04,0.045
1791317181.878918,220.34665924799612,40.0990265001451,-67.19046264412661,112.81225800921595,0.05969463721922446,0.025108344192908492,0.17499593098958333,1.0101765950520833,0.17499593098958333,1.0101765950520833,0,idle,221.9948762799065,35.985570178859874,221.45517004804148,40.940720587772546,0.04,0.045
1791317181.895977,220.42980591698773,40.133993549224456,-67.19475261142638,112.80902240205354,0.0831466689916094,0.034967049079355196,0.17499593098958333,1.0101765950520833,0.17499593098958333,1.0101765950520833,0,idle,218.71806381135636,46.91185102651225,221.39730407174926,41.272495806334916,0.04,0.045
1791317181.9136052,220.54276944927705,40.18149017509832,-67.2004103601344,112.80479703108588,0.11296353228930199,0.0474966258738587,0.17499593098958333,1.0101765950520833,0.17499593098958333,1.0101765950520833,0,idle,210.02636439172898,23.567296334649086,220.9360724434231,40.432357627330795,0.04,0.045
1791317181.9302049,220.69193133858968,40.244190328513426,-67.20761580691891,112.79943485392309,0.1491618893126262,0.06270015341510779,0.17499593098958333,1.0101765950520833,0.17499593098958333,1.0101765950520833,0,idle,245.61868146649638,56.528806589459336,222.31190668942375,41.296745221181574,0.04,0.045
1791317181.947734,220.8834734892388,40.324678900755316,-67.21652505342533,112.792796886249,0.19154215064912494,0.0804885722418911,0.17499593098958333,1.0101765950520833,0.17499593098958333,1.0101765950520833,0,idle,205.27708926083614,46.25506761815055,221.64213086111104,41.62112548465982,0.04,0.045
1791317181.964364,221.12322063098006,40.42538426204887,-67.22727087332207,112.7847544477157,0.23974714174125727,0.10070536129355578,0.17499593098958333,1.0101765950520833,0.17499593098958333,1.0101765950520833,0,idle,206.40681275001165,7.2258989456222835,221.10812474021026,39.99703425093682,0.04,0.045
1791317181.9806871,221.41653404085525,40.54853244244676,-67.23996402603031,112.77519023872624,0.2933134098751944,0.12314818039789274,0.17499593098958333,1.0101765950520833,0.17499593098958333,1.0101765950520833,0,idle,221.60894633315803,31.062424787108,221.41181355923908,39.667294549123376,0.04,0.045
1791317181.9973178,221.76824772261864,40.69611928235142,-67.25469502313163,112.76399873327492,0.3517136817633805,0.14758683990465804,0.17499593098958333,1.0101765950520833,0.17499593098958333,1.0101765950520833,0,idle,213.4906380983436,18.322077864722026,221.34988278386953,38.740241212812734,0.04,0.045
1791317182.014838,222.18263819675752,40.86989686677075,-67.27153609866087,112.75108616552126,0.41439047413888114,0.17377758441933525,0.17499593098958333,1.0101765950520833,0.17499593098958333,1.0101765950520833,0,idle,231.4060331349076,39.06936339946337,222.2463612518534,38.921786027343636,0.04,0.045
1791317182.031362,222.66341983577706,41.071370872257084,-67.29054322186369,112.73637026147804,0.48078163901952664,0.20147400548633002,0.17499593098958333,1.0101765950520833,0.17499593098958333,1.0101765950520833,0,idle,232.3778439131307,43.42027295087008,223.2096779419858,39.33811067873197,0.04,0.045
1791317182.048862,223.2137588041424,41.30180591616732,-67.31175805144612,112.71977980391466,0.5503389683653311,0.23043504391023156,0.17499593098958333,1.0101765950520833,0.17499593098958333,1.0101765950520833,0,idle,220.16028227212945,36.95963844555523,223.58003017844007,39.43810035878786,0.04,0.045
1791317182.065335,223.83629987360266,41.56223649725497,-67.33520977171075,112.70125408677724,0.6225410694602426,0.26043058108765454,0.17499593098958333,1.0101765950520833,0.17499593098958333,1.0101765950520833,0,idle,218.84694895593097,34.43857696702295,223.93479013330185,39.43553324123288,0.04,0.045
1791317182.0828469,224.5332015407482,41.85348159522451,-67.36091677888435,112.68074229811673,0.6969016671455383,0.2912450979695363,0.17499593098958333,1.0101765950520833,0.17499593098958333,1.0101765950520833,0,idle,229.1637044219637,41.6494386769897,224.8582924315232,39.82291135609178,0.04,0.045
1791317182.09937,225.3061759042677,42.17616142505862,-67.38888820441554,112.65820286005115,0.7729743635194903,0.32267982983411625,0.17499593098958333,1.0101765950520833,0.17499593098958333,1.0101765950520833,0,idle,225.681114839634,19.986515269805068,225.63375919727227,39.137637390119856,0.04,0.045
1791317182.1168609,226.15653063738955,42.530715207981494,-67.41912527392373,112.6336027473119,0.8503547331218606,0.3545537829228685,0.17499593098958333,1.0101765950520833,0.17499593098958333,1.0101765950520833,0,idle,219.00046083044774,36.25429659086789,226.1099312753968,39.33029644393398,0.04,0.045
1791317182.13414,227.08521111429178,42.91741912357624,-67.45162250784898,112.60691680090636,0.9286804769022339,0.3867039155947406,0.17499593098958333,1.0101765950520833,0.17499593098958333,1.0101765950520833,0,idle,252.11486056102748,24.62267368735284,228.29242419273547,38.96228402591993,0.04,0.045
1791317182.151001,228.0928413290994,43.33640385118115,-67.48636877412753,112.57812704962477,1.0076302148076142,0.41898472760491445,0.17499593098958333,1.0101765950520833,0.17499593098958333,1.0101765950520833,0,idle,218.06053614635974,60.41422172365065,228.73807849448391,40.43291640203113,0.04,0.045
1791317182.168608,229.1797626999352,43.78767130023951,-67.52334820541324,112.54722204912542,1.0869213708357934,0.451267449058359,0.17499593098958333,1.0101765950520833,0.17499593098958333,1.0101765950520833,0,idle,215.7727489860822,25.680045135097046,229.12238732135785,40.123976915289866,0.04,0.045
1791317182.185418,230.34607019776584,44.2711102766331,-67.5625409941926,112.51419624592288,1.1663074978306487,0.4834389763935909,0.17499593098958333,1.0101765950520833,0.17499593098958333,1.0101765950520833,0,idle,249.83077635977102,44.47955951474632,231.26579889621763,40.8010230728366,0.04,0.045
1791317182.202313,231.5916454994339,44.7865109429087,-67.60392407909214,112.4790493716318,1.2455753016680526,0.5154006662755933,0.17499593098958333,1.0101765950520833,0.17499593098958333,1.0101765950520833,0,idle,220.91413594861837,40.488412814474735,231.93151228542231,41.275023192880326,0.04,0.045
1791317182.219559,232.91618705350373,45.333578011757446,-67.64747173509346,112.44178587119632,1.3245415540698438,0.5470670688487502,0.17499593098958333,1.0101765950520833,0.17499593098958333,1.0101765950520833,0,idle,237.79420972999964,64.3650683047304,233.48296163401753,42.94923916387914,0.04,0.045
1791317182.236762,234.31923708133056,45.91194267027764,-67.69315607948185,112.40241436749321,1.4030500278268132,0.5783646585201947,0.17499593098958333,1.0101765950520833,0.17499593098958333,1.0101765950520833,0,idle,244.41288416592306,54.42948536529245,235.36235528704827,44.07269789954399,0.04,0.045
1791317182.253591,235.8002056266658,46.5211732726327,-67.74094750431566,112.3609471635941,1.4809685453352306,0.6092306023550622,0.17499593098958333,1.0101765950520833,0.17499593098958333,1.0101765950520833,0,idle,228.77905257440707,57.40395203033604,236.44011026948468,45.3180296783209,0.04,0.045
1791317182.27025,237.3583918254664,47.160784864986745,-67.79081504511583,112.31739978307151,1.5581861988006347,0.6396115923540405,0.17499593098958333,1.0101765950520833,0.17499593098958333,1.0101765950520833,0,idle,227.00814053581263,34.807197052285815,237.44878867166167,45.40011905975548,0.04,0.045
1791317182.286725,238.99300260168533,47.830247622514804,-67.84272669440232,112.27179054800787,1.634610776218925,0.6694627575280576,0.17499593098958333,1.0101765950520833,0.17499593098958333,1.0101765950520833,0,idle,223.69457308943026,29.577033916352995,238.31395812995808,45.244954422237015,0.04,0.045
1791317182.303487,240.703169011255,48.528994286588464,-67.89664966768567,112.22414019379434,1.7101664095696596,0.6987466640736567,0.17499593098958333,1.0101765950520833,0.17499593098958333,1.0101765950520833,0,idle,232.30281887051618,46.68605018223544,239.63805925607716,45.98081854110691,0.04,0.045
1791317182.320106,242.48796046034906,49.25642669307596,-67.95255062857954,112.17447151936487,1.7847914490940493,0.7274324064874977,0.17499593098958333,1.0101765950520833,0.17499593098958333,1.0101765950520833,0,idle,238.05599007662312,49.82853455228501,241.2545076737438,46.864265127828936,0.04,0.045
1791317182.337883,244.34639701923658,50.01192148172343,-68.01039587884277,112.12280907118463,1.8584365588875247,0.7554947886474697,0.17499593098958333,1.0101765950520833,0.17499593098958333,1.0101765950520833,0,idle,237.11892476689772,78.85142009321635,242.81324325934463,49.1813429253134,0.04,0.045
1791317182.354512,246.2774600425903,50.79483507305684,-68.07015151839093,112.06917885908227,1.931063023353707,0.782913591333408,0.17499593098958333,1.0101765950520833,0.17499593098958333,1.0101765950520833,0,idle,247.07508843025988,39.24329536487009,244.86084539007643,49.42820845905798,0.04,0.045
1791317182.3708942,248.28010129317224,51.60450799410258,-68.13178357963552,112.01360810186964,2.002641250581953,0.8096729210457474,0.17499593098958333,1.0101765950520833,0.17499593098958333,1.0101765950520833,0,idle,251.10859028171103,53.6338801507444,247.07574182271102,50.40768131863576,0.04,0.045
1791317182.388484,250.35325075000142,52.44026862815947,-68.19525813990766,111.9561250006133,2.073149456829176,0.8357606340568876,0.17499593098958333,1.0101765950520833,0.17499593098958333,1.0101765950520833,0,idle,265.347527342106,44.16138071893588,249.9588230826685,50.88933889100481,0.04,0.045
1791317182.405063,252.4958232655504,53.30143645736415,-68.26054141519776,111.89675853740154,2.14257251554899,0.8611678292046719,0.17499593098958333,1.0101765950520833,0.17499593098958333,1.0101765950520833,0,idle,238.8795877186585,68.09389886989386,251.4403052042395,52.567676327693704,0.04,0.045
1791317182.422632,254.70672422001778,54.187324860226475,-68.32759983798482,111.83553829747261,2.2109009544673652,0.8858884028623277,0.17499593098958333,1.0101765950520833,0.17499593098958333,1.0101765950520833,0,idle,244.42873789744195,60.32180525886067,253.19008274564365,53.79697675697126,0.04,0.045
1791317182.439283,256.98485430480844,55.097243519909085,-68.39640012153207,111.77249431262845,2.278130084790649,0.9099186596826134,0.17499593098958333,1.0101765950520833,0.17499593098958333,1.0101765950520833,0,idle,268.93848395723876,57.98218034587298,256.1417263867745,54.87065966311483,0.04,0.045
1791317182.45603,259.3262826836215,56.02938750127267,-68.4665954573321,111.70795234797014,2.341428378813064,0.9321439813635884,0.17499593098958333,0.6590108235677083,0.17499593098958333,0.6590108235677083,0,idle,273.6731445559744,69.1131826079962,259.2426542551069,56.4683225926543,0.04,0.045
1791317182.473668,261.72088777793715,56.979539430882745,-68.5373889878478,111.64261212762912,2.3946050943156303,0.9501519296100754,0.17499593098958333,0.010420735677083333,0.17499593098958333,0.010420735677083333,0,idle,275.1838414761829,57.68702748163374,262.31458845576054,57.431902170232846,0.04,0.045
1791317182.490231,264.1559614041453,57.94251601048963,-68.60821317544529,111.57686329048168,2.435073626208101,0.9629765796068867,0.17499593098958333,0.010420735677083333,0.17499593098958333,0.010420735677083333,0,idle,255.0397839789962,57.46546155524467,264.26416817682,58.34840789010998,0.04,0.045
1791317182.507725,266.6183406114567,58.91301621291233,-68.6786660029819,111.5109415978431,2.4623792073114386,0.970500202422697,0.17499593098958333,0.010420735677083333,0.17499593098958333,0.010420735677083333,0,idle,267.17487764421867,41.4508702771929,266.7489638971358,58.42550620176569,0.04,0.045
1791317182.524131,269.0955937382097,59.88608668832771,-68.74846488177916,111.4450091195739,2.477253126752987,0.9730704754153752,0.17499593098958333,0.010420735677083333,0.17499593098958333,0.010420735677083333,0,idle,285.33338854122474,64.73931818556629,270.0315755997556,59.66561375260033,0.04,0.045
1791317182.540857,271.5766115989913,60.85734774993768,-68.817413353194,111.37919308911975,2.4810178607816114,0.9712610616099742,0.17499593098958333,0.010420735677083333,0.17499593098958333,0.010420735677083333,0,idle,293.2772684901496,50.34574684018679,273.55082721201785,60.12231841550913,0.04,0.045
1791317182.557337,274.05183523459567,61.82307420938901,-68.88537703355024,111.3136037501622,2.475223635604399,0.9657264594513334,0.17499593098958333,0.010420735677083333,0.17499593098958333,0.010420735677083333,0,idle,272.13081477528306,66.46946366685083,275.83128904400525,61.35711581455498,0.04,0.045
1791317182.574807,276.51327086348016,62.78019217175201,-68.9522662373669,111.2483418997989,2.461435628884512,0.9571179623629967,0.17499593098958333,0.010420735677083333,0.17499593098958333,0.010420735677083333,0,idle,266.325342277461,82.80315639771894,277.69435555311827,63.33867990795803,0.04,0.045
1791317182.5913699,278.9543884424533,63.72623069165908,-69.01802342561508,111.1835015411931,2.4411175789731634,0.9460385199070667,0.17499593098958333,0.010420735677083333,0.17499593098958333,0.010420735677083333,0,idle,298.05085958042565,66.42924854708188,281.0312424545081,64.39194493382594,0.04,0.045
1791317182.6079419,281.36996416699935,64.65925246519457,-69.08261414001156,111.11917034365774,2.415575724546045,0.9330217735354899,0.17499593098958333,0.010420735677083333,0.17499593098958333,0.010420735677083333,0,idle,287.85755003182794,59.26031900542666,283.6673547716928,65.02173432226469,0.04,0.045
1791317182.6254878,283.75590350372914,65.57777808197123,-69.14602045592368,111.05542924555262,2.3859393367298085,0.9185256167766631,0.17499593098958333,0.010420735677083333,0.17499593098958333,0.010420735677083333,0,idle,282.9965167045204,39.14859405279513,285.9004552382275,64.60067664472905,0.04,0.045
1791317182.6422222,286.10906594304953,66.48071213165909,-69.2082362549196,110.99235185057788,2.3531624393203985,0.902934049687859,0.17499593098958333,0.010420735677083333,0.17499593098958333,0.010420735677083333,0,idle,267.9116437371567,62.99946626349315,287.23651898052833,65.37840347287072,0.04,0.045
1791317182.659132,288.427102840647,67.36727551337599,-69.26926381195972,110.93000391944382,2.3180368975975068,0.8865633817169023,0.17499593098958333,0.010420735677083333,0.17499593098958333,0.010420735677083333,0,idle,267.9041849875409,73.21444705701524,288.4720373335966,66.61244086470899,0.04,0.045
1791317182.676089,290.7083136049419,68.23694586087142,-69.32911133236391,110.8684430788425,2.281210764294856,0.8696703474954232,0.17499593098958333,0.010420735677083333,0.17499593098958333,0.010420735677083333,0,idle,277.46584945427395,89.79696828030497,290.0888781657106,68.59785406560944,0.04,0.045
1791317182.693384,292.9515218099525,69.08940654731737,-69.38779117493961,110.80771877628567,2.24320820501059,0.852460686445946,0.17499593098958333,0.010420735677083333,0.17499593098958333,0.010420735677083333,0,idle,276.35045553174785,54.741817811630824,291.5330048287725,68.71488990503417,0.04,0.045
1791317182.710305,295.15597070956426,69.92450391857672,-69.44531857080928,110.7478724621865,2.2044488996117524,0.8350973712593488,0.17499593098958333,-0.015915934244791666,0.17499593098958333,-0.015915934244791666,0,idle,287.91382234437583,95.39320711871821,293.4462721591838,70.84214826841476,0.04,0.045
1791317182.7278779,297.3211850113774,70.74219278775992,-69.50170502787496,110.68894382667098,2.1652143018131618,0.8176888691831997,0.17499593098958333,-0.09797770182291667,0.17499593098958333,-0.09797770182291667,0,idle,290.6581905514496,65.17726487615107,295.3638216655196,71.33570852452561,0.04,0.045
1791317182.744898,299.4469258601336,71.5425175686074,-69.55696479532543,110.63096288433316,2.1257408487562035,0.8003247808474716,0.17499593098958333,-0.19566446940104168,0.17499593098958333,-0.19566446940104168,0,idle,289.3383964927303,88.8338932099912,297.0820042131985,72.97092630060399,0.04,0.045
1791317182.7609842,301.5331330735211,72.32558912216479,-69.61111221903066,110.57395358287704,2.0862072133875484,0.7830715535573926,0.17499593098958333,-0.30943400065104165,0.17499593098958333,-0.30943400065104165,0,idle,301.39441000820875,73.68854816498543,299.27952135566716,73.7507253697026,0.04,0.045
1791317182.778038,303.57888088031973,73.09119749691466,-69.66405163729235,110.51804897159853,2.0457478067985755,0.7656083747498718,0.17499593098958333,-0.6820841471354167,0.17499593098958333,-0.6820841471354167,0,idle,290.5723094002028,63.22786216109756,300.78762117435264,73.95191016528472,0.04,0.045
1791317182.795635,305.580565468892,73.8381547276569,-69.71465017266851,110.46377894716632,2.0016845885722723,0.7469572307422351,0.16571858723958333,-0.9277506510416667,0.16571858723958333,-0.9277506510416667,0,idle,313.38066542043975,74.59032042522936,303.31887374580066,74.69344004748707,0.04,0.045
1791317182.812129,307.531073226465,74.5640228053283,-69.75952283280066,110.41240495632387,1.9505077575730303,0.7258680776714098,0.12809041341145833,-0.9897928873697917,0.12809041341145833,-0.9897928873697917,0,idle,295.61308628406215,97.89646506928877,304.78656674240807,76.54316597236499,0.04,0.045
1791317182.8297799,309.4200897479948,75.26526025457507,-69.79419979985312,110.36584600607158,1.8890165215297319,0.701237449246756,0.05860188802083333,-0.9897928873697917,0.05860188802083333,-0.9897928873697917,0,idle,301.6015747566639,63.398198679435666,306.4218828385741,76.55209318450295,0.04,0.045
1791317182.8453372,311.2348181349884,75.93749035348435,-69.81534047612696,110.32614845945713,1.8147283869936497,0.6722300989092804,-0.04213663736979167,-0.9897928873697917,-0.04213663736979167,-0.9897928873697917,0,idle,301.1768730221606,61.41479978152309,307.88362431539736,76.43384710831778,0.04,0.045
1791317182.8619351,312.96082841631835,76.57577280406002,-69.82361028499142,110.29450613941854,1.7260102813299598,0.6382824505756682,-0.15965983072916667,-0.9897928873697917,-0.15965983072916667,-0.9897928873697917,0,idle,333.28524255320815,61.31675790716402,310.7934149945513,76.28436097630698,0.04,0.045
1791317182.8795881,314.58287793074635,77.17483883381396,-69.82430476010857,110.27052919662269,1.6220495144279838,0.59906602975394,-0.2881998697916667,-0.9897928873697917,-0.2881998697916667,-0.9897928873697917,0,idle,312.3883345616043,80.75279321083377,312.41410801161055,77.07689531629957,0.04,0.045
1791317182.8962471,316.0856035883939,77.7293295295993,-69.81864059925749,110.25355502529585,1.5027256576475732,0.5544906957853338,-0.6327433268229167,-0.9897928873697917,-0.6327433268229167,-0.9897928873697917,0,idle,334.9269577983695,45.94205585306861,314.96733987571366,76.04691950413408,0.04,0.045
1791317182.913833,317.45404188262853,78.23407361884509,-69.78738461391058,110.2463347936437,1.3684382942346645,0.5047440892457855,-0.8452372233072917,-0.9897928873697917,-0.8452372233072917,-0.9897928873697917,0,idle,322.1715299539628,63.45325660185336,316.62756575914904,75.89674324380354,0.04,0.045
1791317182.930474,318.67405043746794,78.68420227862788,-69.71919447309668,110.25180814317163,1.2200085548394044,0.4501286597827959,-1.0108561197916666,-0.9897928873697917,-1.0108561197916666,-0.9897928873697917,0,idle,314.30748169884725,77.25376419908368,317.6705696832314,76.3922165183612,0.04,0.045
1791317182.947318,319.73264166003383,79.07511452305454,-69.62908787489467,110.26797386495205,1.0585912225659082,0.3909122444266656,-1.0108561197916666,-0.9897928873697917,-1.0108561197916666,-0.9897928873697917,0,idle,302.9466110632383,82.54221046173595,317.94003341366937,77.07108284773525,0.04,0.045
1791317182.964867,320.61818706426584,79.40246641612751,-69.54439209681689,110.28740411336167,0.8855454042320058,0.3273518930729735,-1.0108561197916666,-0.9897928873697917,-1.0108561197916666,-0.9897928873697917,0,idle,331.98687609606293,90.25197128894258,319.48364368180944,78.04111156821494,0.04,0.045
1791317182.980706,321.32049289474736,79.66224454629081,-69.49774038297559,110.29908968039152,0.7023058304814962,0.2597781301633021,-1.0108561197916666,-0.9897928873697917,-1.0108561197916666,-0.9897928873697917,0,idle,299.4042057114837,56.42850600444963,319.1468623222506,77.2072705136818,0.04,0.045
1791317182.997616,321.8307651663548,79.850932478878,-69.52258545118822,110.29333155529865,0.510272271607424,0.18868793258719202,-1.0108561197916666,-0.9897928873697917,-1.0108561197916666,-0.9897928873697917,0,idle,321.69393067271983,73.49385152293237,319.7589743978012,77.20085310010217,0.04,0.045
1791317183.014656,322.17500796431256,79.97813784631539,-69.59095297900507,110.28039218908138,0.3442427979577485,0.12720536743740368,-1.0108561197916666,-0.9897928873697917,-1.0108561197916666,-0.9897928873697917,0,idle,334.4252888869042,88.4452921328738,320.8193207803162,77.88392015080628,0.04,0.045
1791317183.031939,322.3724512875406,80.05109054330227,-69.71379754230408,110.27860470957471,0.19744332322806396,0.07295269698687216,-1.0108561197916666,-0.9897928873697917,-1.0108561197916666,-0.9897928873697917,0,idle,327.7775792428137,89.21724045862099,321.3548048605078,78.51989122833454,0.04,0.045
1791317183.048224,322.4373139837614,80.07535166546474,-69.90043727021776,110.50771380865659,0.06486269622074675,0.024261122162472136,-1.0108561197916666,-0.9897928873697917,-1.0108561197916666,-0.9897928873697917,0,idle,319.9429203181092,88.21227428177244,321.3458301947976,79.02755844706078,0.04,0.045
1791317183.066022,322.38010918662127,80.05535187815067,-70.158500424598,-70.7294897441188,-0.057204797140107955,-0.019999787314063683,-1.0108561197916666,-0.9897928873697917,-1.0108561197916666,-0.9897928873697917,0,idle,322.65189785144753,64.37212171811818,321.356789020347,78.27578681266529,0.04,0.045
1791317183.0827909,322.2086102003392,79.99479885639303,-70.49399598074416,-70.55284510222826,-0.17149898628208107,-0.06055302175764838,-1.0108561197916666,-0.9897928873697917,-1.0108561197916666,-0.9897928873697917,0,idle,317.79149416294183,80.40841799781988,321.0156002405088,78.32489300125326,0.04,0.045
1791317183.0997162,321.9285652211775,79.89698385878064,-70.91145502038854,-70.74655119946972,-0.2800449791617048,-0.09781499761238377,-1.0108561197916666,-0.9897928873697917,-1.0108561197916666,-0.9897928873697917,0,idle,313.98207494307866,89.15848052349307,320.39788124543367,78.77364812963349,0.04,0.045
1791317183.116477,321.54422695364383,79.76501042618115,-71.41410674785071,-71.04863906941024,-0.384338267533654,-0.1319734325994979,-1.0108561197916666,-0.9897928873697917,-1.0108561197916666,-0.9897928873697917,0,idle,328.7903581815663,96.15126427747484,320.4523837380833,79.51715417605604,0.04,0.045
1791317183.133323,321.0587463325562,79.60196291112965,-72.00406520794719,-71.4354964920271,-0.4854806210876189,-0.16304751505149984,-1.0108561197916666,-0.9897928873697917,-1.0108561197916666,-0.9897928873697917,0,idle,315.9435997678367,59.438896237698934,319.76573794953777,78.35834613983926,0.04,0.045
1791317183.149554,320.4744668791877,79.41102854289909,-72.68251157312936,-71.903330798703,-0.5842794533685234,-0.1909343682305592,-1.0108561197916666,-0.9897928873697917,-1.0108561197916666,-0.9897928873697917,0,idle,326.3758081651831,77.78050497695749,319.54117597961994,78.14806643187613,0.04,0.045
1791317183.166283,319.793146696196,79.19558366738602,-73.44986307586281,-72.45217153349299,-0.6813201829916913,-0.21544487551306507,-1.0108561197916666,-0.9897928873697917,-1.0108561197916666,-0.9897928873697917,0,idle,324.04656221750736,71.92491257105989,319.11919111767224,77.6322361070979,0.04,0.045
1791317183.183021,319.01612797671186,78.9592524263957,-74.30592395320029,-73.08279389283143,-0.7770187194841629,-0.23633124099032954,-1.0108561197916666,-0.9897928873697917,-1.0108561197916666,-0.9897928873697917,0,idle,310.95250618917805,73.44819105606229,317.9726890877376,77.19851917560531,0.04,0.045
1791317183.2006369,318.1444685842565,78.7059442864793,-75.25001664554067,-73.7958978387537,-0.8716593924553444,-0.2533081399163957,-1.0108561197916666,-0.9897928873697917,-1.0108561197916666,-0.9897928873697917,0,idle,349.65360947732705,68.25654516276663,318.72865868438447,76.5107777420428,0.04,0.045
1791317183.217224,317.17904630705266,78.43987537109365,-76.28109333566796,-74.59187396187383,-0.9654222772038559,-0.26606891538564864,-1.0108561197916666,-0.9897928873697917,-1.0108561197916666,-0.9897928873697917,0,idle,320.81797242636173,88.62471175259122,317.9159732081397,76.86370897295386,0.04,0.045
1791317183.234663,316.1206434637237,78.16557740279724,-77.39782902272394,-75.47075796309835,-1.058402843328976,-0.2742979682964094,-1.0108561197916666,-0.9897928873697917,-1.0108561197916666,-0.9897928873697917,0,idle,312.42717459022,99.40641891813706,316.6360505760812,77.73026140033143,0.04,0.045
1791317183.2511868,314.9700173795383,77.88789715853727,-78.59869792312078,-76.43225177571065,-1.1506260841853766,-0.2776802442599668,-1.0108561197916666,-0.9897928873697917,-1.0108561197916666,-0.9897928873697917,0,idle,321.8252258987025,49.97331401242765,315.80241456223615,76.07861779888927,0.04,0.045
1791317183.2683148,313.7279606677785,77.61198863070702,-79.88203524400836,-77.47576739009112,-1.2420567117598056,-0.27590852783024705,-1.0108561197916666,-0.9897928873697917,-1.0108561197916666,-0.9897928873697917,0,idle,317.3165371041438,84.80358092901423,314.69816681315973,76.25275285395678,0.04,0.045
1791317183.285882,312.3953540918189,77.34329953068058,-81.24608640709991,-78.60047592014067,-1.3326065759596049,-0.26868910002643365,-1.0108561197916666,-0.9897928873697917,-1.0108561197916666,-0.9897928873697917,0,idle,308.38910578471035,101.27230039648495,313.1167375145756,77.24847558605808,0.04,0.045
1791317183.303545,310.97321393901257,77.08755333928363,-82.68904569858577,-79.80535470641831,-1.4221401528063256,-0.25574619139694926,-1.0108561197916666,-0.9897928873697917,-1.0108561197916666,-0.9897928873697917,0,idle,304.044649688626,108.12809028097142,311.31209997811214,78.54949743897664,0.04,0.045
1791317183.320231,309.46273522429965,76.85072777562719,-84.20908614489171,-81.08922961274935,-1.5104787147128969,-0.23682556365643692,-1.0108561197916666,-0.9897928873697917,-1.0108561197916666,-0.9897928873697917,0,idle,311.9585778467021,91.57848175045982,309.9094690925644,78.97596236907718,0.04,0.045
1791317183.336948,307.86533159762564,76.63903030218388,-85.80438220460803,-82.45081163832934,-1.597403626674028,-0.2116974734433041,-1.0108561197916666,-0.9897928873697917,-1.0108561197916666,-0.9897928873697917,0,idle,293.1716664369578,61.49117822399971,307.55504551444375,77.90061056205217,0.04,0.045
1791317183.354851,306.18267250886515,76.45887109396782,-87.47312665003238,-83.8887278706937,-1.6826590887604655,-0.18015920821606596,-1.0108561197916666,-0.9897928873697917,-1.0108561197916666,-0.9897928873697917,0,idle,285.595995565025,99.81404162832533,304.85856688265034,78.82513086756056,0.04,0.045
1791317183.371373,304.41671824179593,76.31681276689008,-89.21115604222513,-85.40086971474129,-1.7659542670692165,-0.1420583270777278,-1.0108561197916666,-0.9897928873697917,-1.0108561197916666,-0.9897928873697917,0,idle,300.2327972519654,59.76034278836438,302.94962184740035,77.7369360528769,0.04,0.045
1791317183.3881989,302.56974973264016,76.21951017507158,-91.01324602682112,-86.98431310735502,-1.846968509155751,-0.09730259181849818,-1.0108561197916666,-0.9897928873697917,-1.0108561197916666,-0.9897928873697917,0,idle,324.7211925565484,82.1634176348345,302.2835802991598,77.8658226697472,0.04,0.045
1791317183.4059489,300.6443939040795,76.17368888874947,-92.87819079232243,-88.63668274165116,-1.925355828560697,-0.0458212863221093,-1.0108561197916666,-0.9897928873697917,-1.0108561197916666,-0.9897928873697917,0,idle,308.8500664007349,66.03447674579185,300.7828165671059,77.23072515154342,0.04,0.045
1791317183.422946,298.6436475225385,76.18611975095337,-94.80479735601651,-90.35598053907103,-2.0007463815409894,0.012430862203901001,-1.0108561197916666,-0.9897928873697917,-1.0108561197916666,-0.9897928873697917,0,idle,282.25148833790325,76.14822542501128,297.95554109318186,77.18840948431053,0.04,0.045
1791317183.4391649,296.57089937342135,76.26359005733254,-96.7918869942435,-92.14047058783439,-2.072748149117149,0.07747030637917032,-1.0108561197916666,-0.9897928873697917,-1.0108561197916666,-0.9897928873697917,0,idle,294.1708469406105,66.65756446713642,295.797195643892,76.73546402451203,0.04,0.045
1791317183.456372,294.4299505269675,76.4128717797133,-98.83829639277266,-93.98860136662199,-2.1409488464538358,0.1492817223807703,-1.0108561197916666,-0.9897928873697917,-1.0108561197916666,-0.9897928873697917,0,idle,303.14577864009146,92.6766820773172,294.1307233895708,77.67434256341402,0.04,0.045
1791317183.473671,292.22503245405966,76.64068716955751,-100.94287856009545,-95.89895285050575,-2.20491807290787,0.2278153898442059,-1.0108561197916666,-0.9897928873697917,-1.0108561197916666,-0.9897928873697917,0,idle,296.2475860702169,75.79937373245926,292.14189435434065,77.79701874221827,0.04,0.045
1791317183.491123,289.96082274467284,76.95367202261092,-103.10450354013935,-97.87020037051796,-2.264209709386832,0.31298485305340373,-1.0108561197916666,-0.9897928873697917,-1.0108561197916666,-0.9897928873697917,0,idle,298.86182782713155,83.39406419965032,290.3268918040627,78.37420662549061,0.04,0.045
1791317183.50684,287.6424581803123,77.35833685320985,-105.3220589555087,-99.90108983738293,-2.318364564360558,0.40466483059893876,-1.0108561197916666,-0.9897928873697917,-1.0108561197916666,-0.9897928873697917,0,idle,293.95411960106514,53.07066995030041,288.30580685777034,77.49346138080008,0.04,0.045
1791317183.523833,285.2755449147897,77.86102621029077,-107.59445040774274,-101.99042072004384,-2.3669132655226313,0.5026893570809273,-1.0108561197916666,-0.9897928873697917,-1.0108561197916666,-0.9897928873697917,0,idle,274.5584011528002,88.4292617095058,285.3698689702753,78.51780628646225,0.04,0.045
1791317183.540142,282.8661655243908,78.46787636280871,-109.9206017571365,-104.13703434079092,-2.4093793903988945,0.6068501525179301,-1.0108561197916666,-0.9897928873697917,-1.0108561197916666,-0.9897928873697917,0,idle,287.1856303133506,78.98721279919161,283.17174661655014,79.11778425699076,0.04,0.045
1791317183.5573592,280.42088269846346,79.18477158671763,-112.29945530130288,-106.33980582771085,-2.4452828259273405,0.7168952239089164,-1.0108561197916666,-0.9897928873697917,-1.0108561197916666,-0.9897928873697917,0,idle,298.83247110162057,71.37265049416528,281.63176415617266,79.41157803156295,0.04,0.045
1791317183.574487,277.9467393544241,80.01729929635827,-114.72997186878202,-108.59763858816547,-2.47414334403939,0.8325277096406383,-1.0108561197916666,-0.9897928873697917,-1.0108561197916666,-0.9897928873697917,0,idle,262.98771808963056,75.16642864977959,278.34912567600816,79.9902218866324,0.04,0.045
1791317183.591237,275.4512549769656,80.97070427806402,-117.21113084155412,-110.90946052111082,-2.4954843774585065,0.9534049817057505,-1.0108561197916666,-0.9897928873697917,-1.0108561197916666,-0.9897928873697917,0,idle,266.002702790637,77.1831284272312,275.361094373154,80.7556019462828,0.04,0.045
1791317183.6082392,272.9424179997277,82.04984230148695,-119.74193011822595,-113.27422142759323,-2.5088369772378876,1.0791380234229317,-1.0108561197916666,-0.9897928873697917,-1.0108561197916666,-0.9897928873697917,0,idle,280.7308145759752,83.95196626889788,273.24618525491906,81.94060128466533,0.04,0.045
1791317183.625917,270.42867406877576,83.25913340333462,-122.32138602788268,-115.69089124455546,-2.513743930951944,1.2092911018476697,-1.0108561197916666,-0.9897928873697917,-1.0108561197916666,-0.9897928873697917,0,idle,274.5755661273469,79.7841597503076,270.9245975641361,82.98160575470273,0.04,0.045
1791317183.642563,267.91891005085176,84.60251515790493,-124.94853320308377,-118.15845884152992,-2.509764017923991,1.3433817545703222,-1.0108561197916666,-0.9897928873697917,-1.0108561197916666,-0.9897928873697917,0,idle,294.2176887275206,79.17750737917493,269.7049763052775,84.06761350276814,0.04,0.045
1791317183.659122,265.4224336754344,86.08339626820167,-127.62242441919338,-120.67593119916205,-2.4964763754173944,1.4808811102967387,-1.0108561197916666,-0.9897928873697917,-1.0108561197916666,-0.9897928873697917,0,idle,259.4222454990846,89.35281977153842,266.81918720832135,85.73871087098856,0.04,0.045
1791317183.676675,262.9489487280822,87.70461082983452,-130.3421304061397,-123.24233284375804,-2.473484947352188,1.6212145616328482,-1.0108561197916666,-0.9897928873697917,-1.0108561197916666,-0.9897928873697917,0,idle,261.10318186228983,93.96111392021223,264.1835762410352,87.68998485700095,0.04,0.045
1791317183.693279,260.508525743228,89.46837363678777,-133.10673963776497,-125.85670545062958,-2.4404229848542207,1.7637628069532512,-1.0108561197916666,-0.9897928873697917,-1.0108561197916666,-0.9897928873697917,0,idle,260.5173009644213,94.52543458810653,261.681860641593,89.70733201016182,0.04,0.045
1791317183.709867,258.1115681774035,91.37623691299493,-135.91535810313587,-128.51810755599968,-2.3969575658245126,1.9078632762071592,-1.0108561197916666,-0.9897928873697917,-1.0108561197916666,-0.9897928873697917,0,idle,240.97896524734384,98.40636604914862,258.3696061843473,91.95475382450797,0.04,0.045
1791317183.727676,255.76877407864237,93.42904886606381,-138.7671090635087,-131.22561433614104,-2.3427940987611495,2.0528119530688893,-1.0108561197916666,-0.9897928873697917,-1.0108561197916666,-0.9897928873697917,0,idle,274.0683571588792,110.21883304906066,256.92888933925076,94.81812914115105,0.04,0.045
1791317183.7443788,253.49109330433734,95.62691446909301,-141.66113279807203,-133.97831742566092,-2.277680774305029,2.1978656030291943,-1.0108561197916666,-0.9897928873697917,-1.0108561197916666,-0.9897928873697917,0,idle,265.4443233588101,91.93161186284362,255.19086430463895,96.76177560011341,0.04,0.045
1791317183.761162,251.28968037789247,97.96915888298808,-144.59658634110127,-136.77532475611147,-2.201412926444872,2.3422444138950747,-1.0108561197916666,-0.9897928873697917,-1.0108561197916666,-0.9897928873697917,0,idle,258.3374364070688,116.11189020909644,253.25685062963782,99.95441352376288,0.04,0.045
1791317183.778251,249.1758431138557,100.45429393474974,-147.572643212747,-139.61576040256932,-2.113837264036765,2.4851350517616564,-1.0108561197916666,-0.9897928873697917,-1.0108561197916666,-0.9897928873697917,0,idle,229.9171497286822,97.3218340845834,250.08172018375512,102.18366285097748,0.04,0.045
1791317183.795132,247.16098718155715,103.07998806662955,-150.58849314532657,-142.4987644303166,-2.0148559322985546,2.6256941318798086,-1.0108561197916666,-0.9897928873697917,-1.0108561197916666,-0.9897928873697917,0,idle,237.9630168418731,110.77516407377287,247.5616718809774,105.10764733740308,0.04,0.045
1791317183.812174,245.25655681829957,105.84304016663519,-153.64334180669027,-145.42349273685477,-1.9044303632575663,2.763052100005636,-1.0108561197916666,-0.9897928873697917,-1.0108561197916666,-0.9897928873697917,0,idle,230.39637959057714,105.00135385109208,244.8941984213627,107.72723215809289,0.04,0.045
1791317183.829679,243.47397194451258,108.73935768245602,-156.73641052198036,-148.38911688659527,-1.7825848737869887,2.8963175158208245,-1.0108561197916666,-0.9897928873697917,-1.0108561197916666,-0.9897928873697917,0,idle,243.42417348755433,96.71759232914631,243.12724154457464,109.92825180667535,0.04,0.045
1791317183.8469918,241.82456197462787,111.76393940835051,-159.8669359948852,-151.39482393699825,-1.6494099698847258,3.0245817258944894,-1.0108561197916666,-0.9897928873697917,-1.0108561197916666,-0.9897928873697917,0,idle,236.36057566944473,134.01619881720916,241.22196877942767,114.00600179680181,0.04,0.045
1791317183.863322,240.31949665837936,114.91086331780741,-163.03417002930925,-154.4398162558678,-1.5050653162485108,3.1469239094569086,-1.0108561197916666,-0.9897928873697917,-1.0108561197916666,-0.9897928873697917,0,idle,223.10400995975954,109.08691040221541,238.88625878800818,116.74962494105655,0.04,0.045
1791317183.880345,238.96971432738047,118.17327979382115,-166.23737925222377,-157.52331133011455,-1.3497823309988874,3.26241647601374,-1.0108561197916666,-0.9897928873697917,-1.0108561197916666,-0.9897928873697917,0,idle,246.529121114464,133.41689376455253,237.98610868988203,120.68228403444441,0.04,0.045
1791317183.89759,237.78584796077052,121.54341058340863,-169.47584483833293,-160.64454156666125,-1.1838663666099358,3.3701307895874724,-1.0108561197916666,-0.9897928873697917,-1.0108561197916666,-0.9897928873697917,0,idle,234.4841233982681,118.16464949455553,236.6863363770219,123.75802655755807,0.04,0.045
1791317183.9142652,236.77814952103563,125.01255377358213,-172.7488622370775,-163.80275408637314,-1.007698439734907,3.469143190173497,-1.0108561197916666,-0.9897928873697917,-1.0108561197916666,-0.9897928873697917,0,idle,235.99070344542932,128.55823100901256,235.69424121269412,127.29372281079561,0.04,0.045
1791317183.931535,235.95641304637118,128.5710950524669,-176.0557409024051,-166.9972105119893,-0.8217364746644619,3.558541278884751,-1.0108561197916666,-0.9897928873697917,-1.0108561197916666,-0.9897928873697917,0,idle,229.18385986941416,116.47678247088562,234.5880724945989,130.13349000874064,0.04,0.045
1791317183.9486458,235.32989701874234,132.20852548174227,-179.39580402565525,-170.22718675105466,-0.6265160276288474,3.6374304292753727,-1.0108561197916666,-0.9897928873697917,-1.0108561197916666,-0.9897928873697917,0,idle,234.90509092064943,130.62836125065283,234.008733189654,133.61379247864787,0.04,0.045
1791317183.9656188,234.90724655669516,135.91346596526682,-182.76838827184073,-173.49197277482966,-0.4226504620471881,3.704940483524554,-1.0108561197916666,-0.9897928873697917,-1.0108561197916666,-0.9897928873697917,0,idle,239.54132863096302,149.4840360280179,233.88384502277464,137.9269981154647,0.04,0.045
1791317183.9826272,234.69641600856744,139.67369855383777,-186.17284351954888,-176.79087239410018,-0.21083054812770385,3.7602325885709456,-1.0108561197916666,-0.9897928873697917,-1.0108561197916666,-0.9897928873697917,0,idle,252.1521471237022,133.41109524117442,234.59697110709968,141.2734239308926,0.04,0.045
1791317183.999448,234.7045925446497,143.47620467779709,-189.6085326046387,179.87679696725618,0.008176536082272756,3.8025061239593185,-1.0108561197916666,-0.9897928873697917,-1.0108561197916666,-0.9897928873697917,0,idle,219.87049172949202,171.29538862765364,233.86841484749743,146.386902983492,0.04,0.045
1791317184.0163682,234.9381213656768,147.30721034793442,-193.07483106786887,176.51170450016897,0.2335288210271017,3.8310056701373223,-1.0108561197916666,-0.9897928873697917,-1.0108561197916666,-0.9897928873697917,0,idle,240.68815097423783,162.6804353934299,234.4312540338102,150.84103499061936,0.04,0.045
1791317184.032895,235.3978468707924,151.15359126271014,-196.30090792802267,173.1842507206519,0.45972550511558874,3.8463809147757084,-0.6865763346354167,-0.9897928873697917,-0.6865763346354167,-0.9897928873697917,0,idle,235.27070376479855,143.3858546425823,234.90996575021944,154.12233784225444,0.04,0.045
1791317184.0505989,236.0667037749712,155.00806929822292,-198.4791810256919,170.1556508596861,0.6688569041787853,3.8544780355127894,0.17499593098958333,-0.9897928873697917,0.17499593098958333,-0.9897928873697917,0,idle,207.27517919911423,159.6744237879673,234.16364048163405,158.06169627327722,0.04,0.045
1791317184.066605,236.91982511331483,158.86791486731408,-199.9371222620818,167.53659113999956,0.8531213383436548,3.85984556909117,0.17499593098958333,-0.9897928873697917,0.17499593098958333,-0.9897928873697917,0,idle,246.47945393967032,162.14773037099425,235.5898964259623,161.93285126879968,0.04,0.045
1791317184.082728,237.9302597041845,162.73340667428778,-200.89765970283838,165.35074340658846,1.0104345908696613,3.865491806973687,0.17499593098958333,-0.9897928873697917,0.17499593098958333,-0.9897928873697917,0,idle,220.61713416421168,164.46237890336104,235.80117117420096,165.73154486715276,0.04,0.045
1791317184.0991292,239.07207996364824,166.6065399050002,-201.51628588412174,163.5742029656067,1.1418202594637459,3.873133230712412,0.17499593098958333,-0.9897928873697917,0.17499593098958333,-0.9897928873697917,0,idle,226.317446937724,185.90678326079924,236.41171420886766,170.4197833560119,0.04,0.045
1791317184.116708,240.32192852832495,170.4900897677231,-201.90244512736828,162.16019076636,1.249848564676698,3.883549862722903,0.17499593098958333,-0.9897928873697917,0.17499593098958333,-0.9897928873697917,0,idle,227.00903574602356,162.86401082901665,237.12893642216832,173.73136709924887,0.04,0.045
1791317184.133376,241.65964085464955,174.38699729658853,-202.13324426757265,161.05391685217913,1.3377123263246011,3.8969075288654382,0.17499593098958333,-0.9897928873697917,0.17499593098958333,-0.9897928873697917,0,idle,246.83926994456317,160.00045043932346,238.88527980829645,176.74688341867477,0.04,0.045
1791317184.1493812,243.0683366938173,178.30000427936727,-202.2628049185509,160.200950916162,1.4086958391677273,3.913006982778732,0.17499593098958333,-0.9897928873697917,0.17499593098958333,-0.9897928873697917,0,idle,250.16275938537737,161.0546460375572,240.78741483435985,179.6796281832587,0.04,0.045
1791317184.166906,244.53422320567645,182.2314638359919,-202.32884967713218,159.5514946310715,1.4658865118591555,3.931459556624624,0.17499593098958333,-0.9897928873697917,0.17499593098958333,-0.9897928873697917,0,idle,252.85873375321535,195.34258480162114,242.78357296656884,184.1976625929702,0.04,0.045
1791317184.183889,246.04625834847144,186.18326632928924,-202.35740857251096,159.06219435292724,1.512035142794978,3.9518024932973495,0.17499593098958333,-0.9897928873697917,0.17499593098958333,-0.9897928873697917,0,idle,250.12152007776564,177.8049879551758,244.5869037077839,187.63224122971297,0.04,0.045
1791317184.200345,247.59576361691146,190.156835811833,-202.36620098309294,158.6965547056684,1.5495052684400152,3.9735694825437626,0.17499593098958333,-0.9897928873697917,0.17499593098958333,-0.9897928873697917,0,idle,247.55326830840232,180.98490197979717,246.20725194283284,191.07476527563375,0.04,0.045
1791317184.217484,249.17603747873625,194.1531658708009,-202.36706825949145,158.4246084103865,1.5802738618247858,3.996330058967914,0.17499593098958333,-0.9897928873697917,0.17499593098958333,-0.9897928873697917,0,idle,230.04497356211616,190.21182455575828,246.90039819253056,194.8281317956595,0.04,0.045
1791317184.2346618,250.78197383643135,198.17288395543002,-202.366415261094,158.22256621995112,1.6059363576950911,4.019718084629111,0.17499593098958333,-0.9897928873697917,0.17499593098958333,-0.9897928873697917,0,idle,259.24732229671145,202.42574738805962,249.04338393754995,199.02674475567716,0.04,0.045
1791317184.251851,252.40960810980965,202.21636857355193,-202.36114406456966,158.0736086248875,1.6276342733783085,4.043484618121898,0.17499593098958333,-0.9897928873697917,0.17499593098958333,-0.9897928873697917,0,idle,242.08403765739448,217.20212159557514,250.24166918325156,203.77682398488787,0.04,0.045
1791317184.268212,254.0557799840019,206.28383577883375,-202.34840660924445,157.9659989067282,1.646171874192239,4.06746720528181,0.17499593098958333,-0.9897928873697917,0.17499593098958333,-0.9897928873697917,0,idle,248.12957675078857,205.0614600600844,251.69992784211104,207.70514963366543,0.04,0.045
1791317184.285155,255.71790379906903,210.37539429412618,-202.32670382399013,157.8914150573686,1.6621238150671462,4.091558515292421,0.17499593098958333,-0.9897928873697917,0.17499593098958333,-0.9897928873697917,0,idle,259.6966651956582,202.05783805774774,253.67878233410218,211.30976464439735,0.04,0.045
1791317184.302146,257.39381220115877,214.49108016247328,-202.2954364397062,157.8438334920944,1.6759084020897195,4.115685868347098,0.17499593098958333,-0.9897928873697917,0.17499593098958333,-0.9897928873697917,0,idle,238.29480155620683,226.59165767733842,254.50169627719265,215.98376087097415,0.04,0.045
1791317184.3194282,259.081649424439,218.63087823306955,-202.25458960788256,157.81878468143427,1.6878372232802152,4.139798070596276,0.17499593098958333,-0.9897928873697917,0.17499593098958333,-0.9897928873697917,0,idle,232.8268603555527,230.5254646470048,255.02139984322685,220.64365422684213,0.04,0.045
1791317184.336918,260.77979804339805,222.794735336784,-202.20451335336531,157.81285847667152,1.6981486189590709,4.163857103714447,0.17499593098958333,-0.9897928873697917,0.17499593098958333,-0.9897928873697917,0,idle,264.85026364914745,250.73517621985062,257.126084221534,226.10389457502126,0.04,0.045
1791317184.353271,262.4868282035123,226.98256833589758,-202.145771407932,157.8233763346373,1.7070301601142464,4.18783299911359,0.17499593098958333,-0.9897928873697917,0.17499593098958333,-0.9897928873697917,0,idle,257.9963135470017,220.4367848212944,258.7912743399159,229.79898043649283,0.04,0.045
1791317184.3708181,264.20146189715507,231.19426910397146,-202.07903861470643,157.8481745428034,1.7146336936427555,4.211700768073892,0.17499593098958333,-0.9897928873697917,0.17499593098958333,-0.9897928873697917,0,idle,247.34686958179,232.47950964563154,259.84795611097024,233.93412262661994,0.04,0.045
1791317184.387261,265.92254728966714,235.42970773624185,-202.00503264105987,157.88546085293294,1.7210853925120464,4.23543863227039,0.17499593098958333,-0.9897928873697917,0.17499593098958333,-0.9897928873697917,0,idle,237.8420198710855,209.3109234350939,260.3826904218625,236.7266293677005,0.04,0.045
1791317184.404507,267.64903976135133,239.68873479143954,-201.9244697588235,157.93371936388564,1.7264924716842192,4.259027055197679,0.17499593098958333,-0.9897928873697917,0.17499593098958333,-0.9897928873697917,0,idle,256.7660181830515,239.31602395803816,261.84202465802196,240.9021747996552,0.04,0.045
1791317184.421213,269.3799874555103,243.97118304080735,-201.83803736112964,157.99164691140348,1.7309476941589244,4.282448249367807,0.17499593098958333,-0.9897928873697917,0.17499593098958333,-0.9897928873697917,0,idle,259.3647576698529,232.21566269891656,263.3625616180645,244.53617503151767,0.04,0.045
1791317184.437984,271.1145198785055,248.27686899262767,-201.74637798830972,158.05810989934687,1.7345324229952628,4.305685951820323,0.17499593098958333,-0.9897928873697917,0.17499593098958333,-0.9897928873697917,0,idle,276.6109848713035,257.35866642944717,265.6727885825719,249.26770125564346,0.04,0.045
1791317184.455164,272.8518386019602,252.60559433159202,-201.65008115208633,158.13211431655128,1.7373187234546894,4.328725338964356,0.17499593098958333,-0.9897928873697917,0.17499593098958333,-0.9897928873697917,0,idle,265.2574242079231,247.52062379695607,267.30247315112143,253.29263645472523,0.04,0.045
1791317184.472071,274.5912094504814,256.9571473349603,-201.54968033881542,158.21278422500154,1.7393708485212245,4.351553003368328,0.17499593098958333,-0.9897928873697917,0.17499593098958333,-0.9897928873697917,0,idle,296.716864677508,256.84239376957356,270.4255950335359,257.6040996736675,0.04,0.045
1791317184.489642,276.33195577634285,261.33130428338234,-201.44565335593543,158.29934568835236,1.74074632586145,4.374156948421992,0.17499593098958333,-0.9897928873697917,0.17499593098958333,-0.9897928873697917,0,idle,271.0706753723944,267.8156956867538,272.1115580600472,262.27012857532276,0.04,0.045
1791317184.5061939,278.0734525636072,265.72783086118113,-201.3384247462645,158.39111421518757,1.7414967872643623,4.396526577798807,0.17499593098958333,-0.9897928873697917,0.17499593098958333,-0.9897928873697917,0,idle,264.6394535515775,247.44257743630067,273.3923747825248,265.7054512672805,0.04,0.045
1791317184.52378,279.8151211941949,270.1464835306579,-201.22836939425775,158.487484509803,1.7416686305877085,4.418652669476772,0.17499593098958333,-0.9897928873697917,0.17499593098958333,-0.9897928873697917,0,idle,266.7648995990525,291.2519799764871,274.7155862224095,271.1804977387438,0.04,0.045
1791317184.540364,281.55642476502123,274.5870108622224,-201.11581673172662,158.58792178445665,1.7413035708263667,4.440527331564528,0.17499593098958333,-0.9897928873697917,0.17499593098958333,-0.9897928873697917,0,idle,281.7769002310775,285.15822282403,276.7228903151279,276.0978849579944,0.04,0.045
1791317184.55703,283.29686388034816,279.049154803471,-201.00105515041278,158.69195417864637,1.7404391153269372,4.462143941248607,0.17499593098958333,-0.9897928873697917,0.17499593098958333,-0.9897928873697917,0,idle,274.5121852339497,292.4002088889444,278.2657722206296,281.15203789872805,0.04,0.045
1791317184.574774,285.03597286479305,283.5326518735871,-200.88433636879637,158.79916601201865,1.7391089844448986,4.483497070116056,0.17499593098958333,-0.9897928873697917,0.17499593098958333,-0.9897928873697917,0,idle,292.12293268941687,281.4041740151692,280.6107837792916,285.4239669211604,0.04,0.045
1791317184.591656,286.77331635518004,288.03723427335353,-200.76587959766835,158.90919170734264,1.7373434903869858,4.504582399766447,0.17499593098958333,-0.9897928873697917,0.17499593098958333,-0.9897928873697917,0,idle,291.7870942837345,276.0765776352757,282.8200756203814,289.23595073664427,0.04,0.045
1791317184.608169,288.50848623696686,292.5626309049155,-200.64587541563165,159.02171028468237,1.7351698817868013,4.525396631562014,0.17499593098958333,-0.9897928873697917,0.17499593098958333,-0.9897928873697917,0,idle,291.09220447600717,310.08950324769086,284.8820934508601,294.5777551621805,0.04,0.045
1791317184.6258402,290.2410988954785,297.1085682988413,-200.5244893106954,159.13644036454878,1.7326126585116337,4.545937393925802,0.17499593098958333,-0.9897928873697917,0.17499593098958333,-0.9897928873697917,0,idle,279.43744741404583,296.8433987876182,286.25584317460545,299.0096778676819,0.04,0.045
1791317184.642666,291.97079275496736,301.67477144884293,-200.40186487387695,159.25313563749881,1.7296938594888398,4.566203150001607,0.17499593098958333,-0.9897928873697917,0.17499593098958333,-0.9897928873697917,0,idle,272.802472791822,285.5691639169398,287.2263838219807,302.6755451626463,0.04,0.045
1791317184.659165,293.6972260804124,306.2609645567067,-200.27812664980596,159.37158076742136,1.7264333254450341,4.586193107863784,0.17499593098958333,-0.9897928873697917,0.17499593098958333,-0.9897928873697917,0,idle,294.03562200694734,310.1290501159309,289.2069573904018,307.4051038627811,0.04,0.045
1791317184.676477,295.4200750184446,310.86687169158637,-200.15338266100608,159.49158770003612,1.7228489380322025,4.605907134879661,0.17499593098958333,-0.9897928873697917,0.17499593098958333,-0.9897928873697917,0,idle,295.3549489913359,324.0620247162308,291.1510634615791,312.6135616835893,0.04,0.045
1791317184.6934881,297.13903185510264,315.4922173689029,-200.0277266291442,159.61299234962158,1.7189568366580334,4.625345677316556,0.17499593098958333,-0.9897928873697917,0.17499593098958333,-0.9897928873697917,0,idle,293.45744012982834,315.1889657012192,292.8993912898167,317.1364102779215,0.04,0.045
1791317184.710756,298.8538034694147,320.13672705476404,-199.90123991973414,159.73565163726548,1.7147716143120482,4.644509685861124,0.17499593098958333,-0.9897928873697917,0.17499593098958333,-0.9897928873697917,0,idle,275.25479476511515,342.6964880632225,293.6461944971781,322.82669836875465,0.04,0.045
1791317184.727422,300.56410996312144,324.8001276021444,-199.7739932377259,159.85944085388167,1.7103064937067465,4.663400547380391,0.17499593098958333,-0.9897928873697917,0.17499593098958333,-0.9897928873697917,0,idle,330.41002080299546,331.6093692757516,297.1091769814904,327.69606243411585,0.04,0.045
1791317184.744607,302.26968344821194,329.4821476251383,-199.646048100915,159.98425132130998,1.7055734850904916,4.682020022993843,0.17499593098958333,-0.9897928873697917,0.17499593098958333,-0.9897928873697917,0,idle,320.6111601787949,331.5666795231758,299.9045709521916,332.337512310413,0.04,0.045
1791317184.76179,303.970266975326,334.1825178174721,-199.51745811673257,160.1099883252042,1.7005835271140486,4.700370192333841,0.17499593098958333,-0.9897928873697917,0.17499593098958333,-0.9897928873697917,0,idle,293.8525784375005,318.8610116921257,301.2175256772154,336.12903896221576,0.04,0.045
1791317184.7790122,305.6656135874623,338.9009712212082,-199.388270086111,160.23656929416302,1.6953466121362741,4.718453403736061,0.17499593098958333,-0.9897928873697917,0.17499593098958333,-0.9897928873697917,0,idle,290.47422397973133,340.6368464921751,302.2909398738707,340.836960072263,0.04,0.045
1791317184.7952268,307.3554854847969,343.6372434512199,-199.25852495602211,160.36392220063962,1.6898718973345581,4.736272230011705,0.17499593098958333,-0.9897928873697917,0.17499593098958333,-0.9897928873697917,0,idle,281.5910310552258,334.054770070165,302.8613227354063,344.9973091906692,0.04,0.045
1791317184.812296,309.03965328774126,348.391072880619,-199.12825864012387,160.49198416050842,1.684167802944361,4.753829429399087,0.17499593098958333,-0.9897928873697917,0.17499593098958333,-0.9897928873697917,0,idle,306.7074899376077,348.055062715713,304.6535905083135,349.66633482485054,0.04,0.045
1791317184.8295722,310.7178953866347,353.16220079188435,-198.99750272483843,160.620700209696,1.678242098893466,4.771127911265352,0.17499593098958333,-0.9897928873697917,0.17499593098958333,-0.9897928873697917,0,idle,319.1805797514167,342.43587262284996,306.9742699644175,353.8373832304526,0.04,0.045
1791317184.846556,312.3899973676596,357.950371498007,-198.86628507618298,160.750022237923,1.6721019810248858,4.7881707061226,0.17499593098958333,-0.9897928873697917,0.17499593098958333,-0.9897928873697917,0,idle,326.1125612758947,372.4245024287312,309.519681411965,359.315501361183,0.04,0.045
1791317184.863706,314.05575150568166,362.7553324375376,-198.73463036082308,160.87990806129017,1.6657541380220433,4.804960939530664,0.17499593098958333,-0.9897928873697917,0.17499593098958333,-0.9897928873697917,0,idle,295.7525883507731,331.8480231557554,310.41379319002635,362.50684034346574,0.04,0.045
1791317184.880414,315.7149563157464,367.57683424701446,-198.60256049313224,161.0103206171194,1.6592048100647474,4.821501809476857,0.17499593098958333,-0.9897928873697917,0.17499593098958333,-0.9897928873697917,0,idle,321.6250284391255,366.21404053239604,312.55059952204283,367.2726270719153,0.04,0.045
1791317184.897629,317.36741615590415,372.41463081386195,-198.47009501852523,161.1412272660933,1.6524598401577306,4.837796566847505,0.17499593098958333,-0.9897928873697917,0.17499593098958333,-0.9897928873697917,0,idle,313.01467272050974,367.55901040327365,314.14364003011605,371.8828529769883,0.04,0.045
1791317184.914282,319.0129408748918,377.2684793124963,-198.33725144198263,161.27259918829182,1.6455247189876583,4.853848498634385,0.17499593098958333,-0.9897928873697917,0.17499593098958333,-0.9897928873697917,0,idle,327.5499998521485,385.4654986183871,316.3772065042559,377.1731413327609,0.04,0.045
1791317184.931796,320.6513454989732,382.13814022604555,-198.2040455094906,161.4044108611841,1.638404624081405,4.869660913549266,0.17499593098958333,-0.9897928873697917,0.17499593098958333,-0.9897928873697917,0,idle,316.9359430651253,372.9057597075993,317.96162772517675,381.5859501193746,0.04,0.045
1791317184.948381,322.2824499529326,387.02337735579573,-198.07049144907035,161.5366396089838,1.631104453959353,4.885237129750189,0.17499593098958333,-0.9897928873697917,0.17499593098958333,-0.9897928873697917,0,idle,328.92849894375,383.1197806568689,320.0595205173668,386.303616919512,0.04,0.045
1791317184.9649549,323.906078810836,391.9239578202086,-197.93660217715433,161.66926521401746,1.6236288579033828,4.900580464412859,0.17499593098958333,-0.9897928873697917,0.17499593098958333,-0.9897928873697917,0,idle,323.8585188180116,375.0310095899229,321.79191784740726,390.3955379942248,0.04,0.045
1791317184.982698,325.5220610727266,396.83965204511753,-197.8023894752678,161.8022695818769,1.6159822618906023,4.915694224908902,0.17499593098958333,-0.9897928873697917,0.17499593098958333,-0.9897928873697917,0,idle,312.6797443886151,395.4364319623949,322.87149232326374,395.3174922062968,0.04,0.045
1791317184.999551,327.13022996390754,401.7702337464969,-197.66786414127884,161.93563645314237,1.6081688911809116,4.930581701379358,0.17499593098958333,-0.9897928873697917,0.17499593098958333,-0.9897928873697917,0,idle,328.53548600415536,392.6478446607679,324.6824524539302,399.86806244533074,0.04,0.045
1791317185.016227,328.7304227538968,406.7154799070132,-197.53303611888006,162.06935115536882,1.600192789989261,4.945246160516305,0.17499593098958333,-0.9897928873697917,0.17499593098958333,-0.9897928873697917,0,idle,353.9615023126988,408.58843743123197,327.6665880973584,405.0020650471163,0.04,0.045
1791317185.033487,330.3224805925185,411.6751707474012,-197.39791460844506,162.20340038983605,1.5920578386217352,4.959690840387962,0.17499593098958333,-0.9897928873697917,0.17499593098958333,-0.9897928873697917,0,idle,328.64791347389325,412.5126582441069,329.22810931287574,410.0893010053344,0.04,0.045
1791317185.049786,331.9062483609267,416.64908969356406,-197.26250816195497,162.33777204827766,1.5837677684082079,4.973918946162904,0.17499593098958333,-0.9897928873697917,0.17499593098958333,-0.9897928873697917,0,idle,317.02273980705576,429.6339450250603,330.12242021757254,415.79175620517543,0.04,0.045
1791317185.066742,333.4815745356496,421.63702334017125,-197.12682476430453,162.47245505543543,1.5753261747228513,4.9879336466072175,0.17499593098958333,-0.9897928873697917,0.17499593098958333,-0.9897928873697917,0,idle,329.1088267829165,424.74634468472954,331.56830041182644,420.97802259343,0.04,0.045
1791317185.083518,335.04831106399655,426.63876141141594,-196.99087190296524,162.60743923383896,1.5667365283469588,5.001738071244673,0.17499593098958333,-0.9897928873697917,0.17499593098958333,-0.9897928873697917,0,idle,329.25299755813546,435.8368529639036,332.9409349710715,426.47261527963616,0.04,0.045
1791317185.1009128,336.6063132493925,431.65409671950033,-196.85465662769815,162.74271518769672,1.5580021853959274,5.015335308084397,0.17499593098958333,-0.9897928873697917,0.17499593098958333,-0.9897928873697917,0,steering,325.7507824114138,424.52694287400743,334.06152941921476,431.1399002020349,0.04,0.045
1791317185.117897,338.15613962085683,436.6742654238301,-196.85466397898844,162.84349783899768,1.54982637146437,5.020168704329777,0.17499593098958333,-0.9897928873697917,-1.0,0.0,1,steering,339.69326331806155,433.1930939835873,335.81545116704825,436.01172016022576,0.04,0.045
1791317185.134911,339.69875087300335,441.68661155208326,-196.95495979404694,162.8936068445795,1.5426112521465363,5.012346128253147,0.17499593098958333,-0.9897928873697917,-1.0,0.0,1,steering,342.9997703826972,427.3056199226137,337.6401478173699,440.3381439701857,0.04,0.045
1791317185.151102,341.2387499398531,446.6763078425697,-197.29160663453482,162.8478996236919,1.5399990668497425,4.989696290486476,0.17499593098958333,-0.9897928873697917,-1.0,0.0,1,steering,351.7672854199787,441.4999417096774,339.80950381100763,445.1364453331224,0.04,0.045
1791317185.168898,342.78500068927065,451.6276039825084,-197.93206596622082,162.6568271853891,1.546250749417534,4.9512961399386715,0.17499593098958333,-0.9897928873697917,-1.0,0.0,1,steering,338.79988406416055,450.7314383257193,341.22796103561194,450.119926315694,0.04,0.045
1791317185.186073,344.34989133854424,456.5246454106997,-198.89897022644092,162.27828367938432,1.5648906492735735,4.897041428191288,0.17499593098958333,-0.9897928873697917,-1.0,0.0,1,steering,347.53577505851564,437.3050346503011,343.029997853567,454.1313710892061,0.04,0.045
1791317185.202393,345.94804424683974,461.3519504095688,-200.18700939888603,161.68208739020784,1.598152908295486,4.827304998869138,0.17499593098958333,-0.9897928873697917,-1.0,0.0,1,steering,357.6187181279812,462.0015389266693,345.27767913016845,459.1108192300049,0.04,0.045
1791317185.219521,347.5949369470449,466.0946527893004,-201.77449315573998,160.85055760993063,1.6468927002051656,4.742702379731599,0.17499593098958333,-0.9897928873697917,-1.0,0.0,1,steering,361.7070479998957,469.9740243032661,347.66369563884973,464.159546744413,0.04,0.045
1791317185.236614,349.30567545832116,470.73860820047986,-203.63104627093037,159.77723099985488,1.7107385112762399,4.643955411179443,0.17499593098958333,-0.9897928873697917,-1.0,0.0,1,steering,371.0269275931295,491.6548715278949,350.45705882227617,469.94607062420755,0.04,0.045
1791317185.253509,351.09402267699306,475.2704377983259,-205.72260015919434,158.46485331502052,1.788347218671926,4.531829597846034,0.17499593098958333,-0.9897928873697917,-1.0,0.0,1,steering,362.58486672938636,495.76598796603423,352.76237907537,475.5423046092526,0.04,0.045
1791317185.270753,352.97170513868616,479.67755595430697,-208.01453638718695,156.92324312963908,1.8776824616930734,4.407118155981107,0.17499593098958333,-0.9897928873697917,-1.0,0.0,1,steering,327.965831748624,503.86199885379415,353.30635004764116,481.1450515696617,0.04,0.045
1791317185.287884,354.94797950596853,483.9482058360259,-210.47358591493122,155.16731587689097,1.9762743672823928,4.270649881718938,0.17499593098958333,-0.9897928873697917,-1.0,0.0,1,steering,379.3771206521763,480.2326165750878,356.4873492267862,485.156547207566,0.04,0.045
1791317185.3047528,357.0294209031075,488.07151036827076,-213.0689009058858,153.21538596513224,2.0814413971389496,4.123304532244837,0.17499593098958333,-0.9897928873697917,-1.0,0.0,1,steering,376.25402402275586,481.34149059526504,359.4530522938667,488.88293368258354,0.04,0.045
1791317185.321616,359.21988901576805,492.03753617790215,-215.77258394993885,151.08777476097097,2.1904681126605534,3.966025809631371,0.17499593098958333,-0.9897928873697917,-1.0,0.0,1,steering,371.06963815200993,488.8968561254993,362.11482629380134,492.65135432387916,0.04,0.045
1791317185.338272,361.5206287183085,495.8373633122947,-218.55986837677432,148.8057084879466,2.3007397025404455,3.799827134392566,0.17499593098958333,-0.9897928873697917,-1.0,0.0,1,steering,361.9054128172348,490.87994157219,364.2900583373864,496.17261946396764,0.04,0.045
1791317185.355911,363.93046633079774,499.463152242604,-221.40908085372237,146.39047197104378,2.4098376124892407,3.6257889303092607,0.17499593098958333,-0.9897928873697917,-1.0,0.0,1,steering,378.05784330957147,515.4341805598644,367.2677933178605,500.5801970025563,0.04,0.045
1791317185.373429,366.44606839619786,502.908200521782,-224.30147465626524,143.86277940387689,2.5156020654001088,3.4450482791780184,0.17499593098958333,-0.9897928873697917,-1.0,0.0,1,steering,390.345793382487,507.0160429933769,370.8115152832219,504.1747851673165,0.04,0.045
1791317185.3899908,369.06223596395057,506.16698338821703,-227.22099260843916,141.2423248458826,2.616167567752689,3.2587828664350167,0.17499593098958333,-0.9897928873697917,-1.0,0.0,1,steering,379.3236737526487,504.98693853891314,373.72248239605835,507.31123655900956,0.04,0.045
1791317185.4076722,371.7722131587485,509.23517485075155,-230.15399847340137,138.54747910851125,2.709977194797922,3.0681914625345104,0.17499593098958333,-0.9897928873697917,-1.0,0.0,1,steering,362.1827999265104,505.8062313518899,375.719976607639,510.15076818806136,0.04,0.045
1791317185.424361,374.5679939998594,512.1096479074125,-233.08900167531868,135.79510414951386,2.7957808411109153,2.8744730566610044,0.17499593098958333,-0.9897928873697917,-1.0,0.0,1,steering,390.24854738914945,515.1932559051646,379.1023969457699,513.1336419777444,0.04,0.045
1791317185.4412138,377.44061589251436,514.7884543023415,-236.01639071737824,133.00046026588703,2.8726218926549545,2.678806394928971,0.17499593098958333,-0.9897928873697917,-1.0,0.0,1,steering,390.76897797977546,519.6055571438894,382.4147167954924,516.0021038112342,0.04,0.045
1791317185.4587169,380.380431916856,517.2707855255243,-238.9281842008259,130.17718504011418,2.9398160243416642,2.482331223182804,0.17499593098958333,-0.9897928873697917,-1.0,0.0,1,steering,380.1996633031111,514.2706287355699,385.0967893439979,518.2737447194746,0.04,0.045
1791317185.474862,383.37735702839785,519.5569176130175,-241.8178040260235,127.33732618362608,2.996925111541815,2.286132087493252,0.17499593098958333,-0.9897928873697917,-1.0,0.0,1,steering,367.4381455853389,510.2548756040282,387.0609360120297,520.0446267468209,0.04,0.045
1791317185.491689,386.4210856249704,521.6481427672817,-244.67987252294927,124.4914132392972,3.0437285965725245,2.091225154264206,0.17499593098958333,-0.9897928873697917,-1.0,0.0,1,steering,383.61623077228603,528.7408847876973,389.7802429167864,522.4661035454156,0.04,0.045
1791317185.5088441,389.5012797115771,523.5466909657339,-247.51003345926912,121.648555641353,3.0801940866067756,1.8985481984521675,0.17499593098958333,-0.9897928873697917,-1.0,0.0,1,steering,400.8502813075792,530.386980706207,393.25992921860245,524.6657681919849,0.04,0.045
1791317185.525876,392.6077281934343,525.2556446420915,-250.30479578588472,118.81655693674544,3.106448481857171,1.70895367635759,0.17499593098958333,-0.9897928873697917,-1.0,0.0,1,steering,388.14253032664215,520.0909479767046,395.95518533176875,526.0605331737606,0.04,0.045
1791317185.542867,395.7304787331521,526.7788492839798,-253.06139837383262,116.0020370612214,3.1227505397177766,1.523204641888209,0.17499593098958333,-0.9897928873697917,-1.0,0.0,1,idle,385.8545433314602,527.806066719284,398.41676624448525,527.5948542608306,0.04,0.045
1791317185.559979,398.85742325075887,528.1334308759291,-254.8727310524425,113.42209458284962,3.1269445176067467,1.3545815919493647,0.17499593098958333,-0.9897928873697917,0.17499593098958333,-0.9897928873697917,0,idle,398.49168355600557,513.2757092424847,401.3911094017877,528.1657495222652,0.04,0.045
1791317185.576951,401.9782661087646,529.3419453839538,-256.05628219593603,111.16838543604041,3.120842858005745,1.2085145080246475,0.17499593098958333,-0.9897928873697917,0.17499593098958333,-0.9897928873697917,0,idle,399.5810397816369,527.2395142055053,404.2654066358856,529.2675265390507,0.04,0.045
1791317185.593436,405.085841419154,530.4279290050164,-256.8203355254303,109.26264846407102,3.1075753103894184,1.085983621062637,0.17499593098958333,-0.9897928873697917,0.17499593098958333,-0.9897928873697917,0,idle,412.7957543890549,511.1783049974814,407.644120568414,529.3947499019816,0.04,0.045
1791317185.6101398,408.1762141271283,531.413558172936,-257.30447591063256,107.68932188521522,3.0903727079742516,0.9856291679195303,0.17499593098958333,-0.9897928873697917,0.17499593098958333,-0.9897928873697917,0,idle,399.37056654719606,529.2145579582136,410.16629693992866,530.3220880143168,0.04,0.045
1791317185.627298,411.24826497251144,532.3185742309794,-257.60312460559055,106.41479972877424,3.0720508453831643,0.9050160580434718,0.17499593098958333,-0.9897928873697917,0.17499593098958333,-0.9897928873697917,0,idle,406.2511894807871,558.4669502642921,412.8889898700856,532.5890963819569,0.04,0.045
1791317185.644044,414.3031029935823,533.1599341714652,-257.7803742988523,105.39855932540777,3.0548380210708252,0.8413599404858741,0.17499593098958333,-0.9897928873697917,0.17499593098958333,-0.9897928873697917,0,idle,423.5293324081391,534.4535747018045,416.3231031170056,533.4816122414109,0.04,0.045
1791317185.661472,417.34347006995995,533.9518540532839,-257.8797424855106,104.59935723733831,3.0403670763776516,0.7919198818186681,0.17499593098958333,-0.9897928873697917,0.17499593098958333,-0.9897928873697917,0,idle,430.17979358438214,540.6836361650971,419.9042863629332,534.5940373253229,0.04,0.045
1791317185.678344,420.3732103826138,534.7060451352295,-257.93071618095183,103.97849002128358,3.0297403126538693,0.7541910819455923,0.17499593098958333,-0.9897928873697917,0.17499593098958333,-0.9897928873697917,0,idle,420.99444260820013,542.5384728599319,422.8370474722177,535.7077406299017,0.04,0.045
1791317185.694592,423.396830825155,535.4320271188272,-257.9531874579641,103.50134266791771,3.023620442541209,0.7259819835977731,0.17499593098958333,-0.9897928873697917,0.17499593098958333,-0.9897928873697917,0,idle,409.24714842751865,527.3436030281597,425.0299919403969,535.9792166342324,0.04,0.045
1791317185.711493,426.41915501796086,536.1374548178466,-257.9604759389733,103.1379545535755,3.0223241928058497,0.7054276990193487,0.17499593098958333,-0.9897928873697917,0.17499593098958333,-0.9897928873697917,0,idle,433.73367352796225,544.8338667866562,428.3363840029407,537.092105455922,0.04,0.045
1791317185.728092,429.4450626569584,536.8284256712512,-257.9613961308031,102.86303115074796,3.0259076389975244,0.6909708534046219,0.17499593098958333,-0.9897928873697917,0.17499593098958333,-0.9897928873697917,0,idle,433.67931826859626,538.6848476063562,431.47814297327113,537.8281648741781,0.04,0.045
1791317185.745068,432.47930003557843,537.5097610464213,-257.9611163050328,102.65579315532494,3.0342373786200616,0.6813353751700737,0.17499593098958333,-0.9897928873697917,0.17499593098958333,-0.9897928873697917,0,idle,441.29119033777727,550.3095403949669,434.8513208511855,539.0995022566292,0.04,0.045
1791317185.762709,435.52633637157203,538.1853129005287,-257.95785930486926,102.50071980881002,3.047036335993581,0.6755518541074409,0.17499593098958333,-0.9897928873697917,0.17499593098958333,-0.9897928873697917,0,idle,431.1089693651571,539.4668924558105,437.558887796078,539.7596460279904,0.04,0.045
1791317185.779284,438.59027307788267,538.8582042026632,-257.94944443227564,102.38646270035169,3.063936706310665,0.6728913021344494,0.17499593098958333,-0.9897928873697917,0.17499593098958333,-0.9897928873697917,0,idle,447.96282431933986,551.797863068276,440.9898244932362,541.0008036170324,0.04,0.045
1791317185.796799,441.6747961268792,539.5310011310437,-257.9346621913889,102.30464829118536,3.084523048996499,0.6727969283804902,0.17499593098958333,-0.9897928873697917,0.17499593098958333,-0.9897928873697917,0,idle,430.91444087104526,533.9467189877015,443.41635220867335,541.2872564675273,0.04,0.045
1791317185.813332,444.7831588208842,540.2058377576925,-257.91295204046327,102.24903058072611,3.1083626940049927,0.6748366266488249,0.17499593098958333,-0.9897928873697917,0.17499593098958333,-0.9897928873697917,0,idle,466.32184279637534,530.9990705462893,447.5145712973632,541.4139419667817,0.04,0.045
1791317185.829927,447.91818544125044,540.8845074305788,-257.8841794435431,102.21489110116755,3.1350266203662422,0.6786696728862514,0.17499593098958333,-0.9897928873697917,0.17499593098958333,-0.9897928873697917,0,idle,429.47609368989333,545.6123144472245,449.59092270633766,542.2685967800459,0.04,0.045
1791317185.847662,451.0822886938199,541.5685306478177,-257.8484819416657,102.19861395394877,3.1641032525694976,0.6840232172390188,0.17499593098958333,-0.9897928873697917,0.17499593098958333,-0.9897928873697917,0,idle,467.0786815684252,532.0597511504931,453.47120873938303,542.4079765549452,0.04,0.045
1791317185.864067,454.2774957498174,542.2592062066644,-257.80616334284946,102.1973847676876,3.1952070559974346,0.6906755588467133,0.17499593098958333,-0.9897928873697917,0.17499593098958333,-0.9897928873697917,0,idle,470.42010857633545,550.6892006339637,457.35410043442823,543.4781795398005,0.04,0.045
1791317185.881524,457.50547911858035,542.9576503466953,-257.75762152958106,102.20897729941822,3.2279833687629997,0.6984441400309487,0.17499593098958333,-0.9897928873697917,0.17499593098958333,-0.9897928873697917,0,idle,447.8965838508967,549.5638972703769,459.94780880557647,544.4459873593587,0.04,0.045
1791317185.898925,460.7675896785553,543.6648271872277,-257.7032997728355,102.2316019078967,3.2621105599749374,0.7071768405323484,0.17499593098958333,-0.9897928873697917,0.17499593098958333,-0.9897928873697917,0,idle,447.3987218554717,543.1452362283082,462.41935949004744,545.0527678013119,0.04,0.045
1791317185.915355,464.06489001264885,544.3815727788923,-257.6436544715819,102.26379761160041,3.2973003340935696,0.7167455916645663,0.17499593098958333,-0.9897928873697917,0.17499593098958333,-0.9897928873697917,0,idle,461.6760384880887,553.0094146723369,465.5146287573384,546.1315084569445,0.04,0.045
1791317185.931574,467.3981868044081,545.1086144099587,-257.5791343404954,102.30435478855279,3.333296791759281,0.7270416310663825,0.17499593098958333,-0.9897928873697917,0.17499593098958333,-0.9897928873697917,0,idle,453.2752562966472,546.9617160587259,468.0692920864752,546.8637083865467,0.04,0.045
1791317185.948574,470.7680615008752,545.846586335509,-257.51016753792334,102.35225939017644,3.3698746964671105,0.7379719255502204,0.17499593098958333,-0.9897928873697917,0.17499593098958333,-0.9897928873697917,0,idle,465.19829957212534,553.5567666302513,471.12712342240144,547.8994346280047,0.04,0.045
1791317185.965012,474.1748987742897,546.5960427677421,-257.4371542579461,102.406652257405,3.4068372734145242,0.749456432233184,0.17499593098958333,-0.9897928873697917,0.17499593098958333,-0.9897928873697917,0,idle,465.28489673643304,528.5334735811145,474.0715074978468,547.6431201862816,0.04,0.045
1791317185.981152,477.61891254779727,547.3574687346269,-257.36046303838026,102.46679905286577,3.4440137735075296,0.7614259668847485,0.17499593098958333,-0.9897928873697917,0.17499593098958333,-0.9897928873697917,0,idle,491.8927121159866,532.3369912795002,478.234380813586,547.6011684094831,0.04,0.045
1791317185.998255,481.1001695130813,548.1312892515784,-257.2804295522508,102.53206768134467,3.4812569652840297,0.7738205169515133,0.17499593098958333,-0.9897928873697917,0.17499593098958333,-0.9897928873697917,0,idle,475.19217303109707,547.6020476748763,481.38946454148135,548.3363418638568,0.04,0.045
1791317186.016007,484.618610178252,548.9178771359676,-257.1973570166077,102.60191102394249,3.5184406651707416,0.786587884389213,0.17499593098958333,-0.9897928873697917,0.17499593098958333,-0.9897928873697917,0,idle,506.7495397725192,542.7783413954943,485.9999869349454,548.8057003306084,0.04,0.045
1791317186.0333078,488.1740675561493,549.7175597126349,-257.11151761331337,102.67585347665927,3.5554573778972496,0.7996825766672913,0.17499593098958333,-0.9897928873697917,0.17499593098958333,-0.9897928873697917,0,idle,490.03973994902833,545.7936652760397,489.57965909465196,549.4147970257138,0.04,0.045
1791317186.050493,491.7662836469483,550.5306246001676,-257.02315450213246,102.75348024620949,3.5922160907990266,0.8130648875326998,0.17499593098958333,-0.9897928873697917,0.17499593098958333,-0.9897928873697917,0,idle,489.34962483878815,537.029249518313,492.98076266811785,549.5679312934999,0.04,0.045
1791317186.067455,495.3949238925596,551.3573247255488,-256.93248413863336,102.8344286753142,3.628640245611266,0.8267001253811692,0.17499593098958333,-0.9897928873697917,0.17499593098958333,-0.9897928873697917,0,idle,505.15777470569327,543.1055954514009,497.03682150332736,550.030179620507,0.04,0.045
1791317186.084907,499.0595897897735,552.1978826840503,-256.8396987032828,102.91838108970342,3.6646658972139052,0.8405579585016,0.17499593098958333,-0.9897928873697917,0.17499593098958333,-0.9897928873697917,0,idle,513.0354698258496,538.4309399217049,501.3181865218067,550.2487476961435,0.04,0.045
1791317186.101163,502.7598298488844,553.0524945385519,-256.744968514535,103.0050588101022,3.70024005911092,0.854611854501466,0.17499593098958333,-0.9897928873697917,0.17499593098958333,-0.9897928873697917,0,idle,505.688916858983,578.6910521213437,505.0519510948209,552.4827441791799,0.04,0.045
1791317186.117431,506.495149077928,553.9213331354617,-256.64844434543176,103.09421707598389,3.735319229043581,0.868838596909893,0.17499593098958333,-0.9897928873697917,0.17499593098958333,-0.9897928873697917,0,idle,516.5085760444983,544.8676783548166,509.1733356098961,552.9273875550261,0.04,0.045
1791317186.135037,510.2650171620833,554.8045510014634,-256.55025959581764,103.18564069878718,3.769868084155354,0.8832178660017003,0.17499593098958333,-0.9897928873697917,0.17499593098958333,-0.9897928873697917,0,idle,505.5409584341291,553.2949763662011,512.5730914310553,553.7848239682866,0.04,0.045
1791317186.151593,514.0688754949529,555.7022828752492,-256.45053229473467,103.279140310955,3.8038583328694884,0.8977318737857991,0.17499593098958333,-0.9897928873697917,0.17499593098958333,-0.9897928873697917,0,idle,539.7659501490949,556.7975693018368,517.5463997831833,554.7883065150606,0.04,0.045
1791317186.16827,517.9041595143193,556.6141624560305,-256.34957087645824,103.37435378628277,3.8352840193664544,0.9118795807812576,0.17499593098958333,-0.7509623209635417,0.17499593098958333,-0.7509623209635417,0,idle,522.4270001729964,548.0497567575997,521.4339496210721,555.3176646289298,0.04,0.045
1791317186.185925,521.76476707601,557.5389292774801,-256.2478853717241,103.47076634475765,3.8606075616906605,0.9247668214495564,0.17499593098958333,-0.43495279947916665,0.17499593098958333,-0.43495279947916665,0,idle,515.4415666762394,577.3519842880402,524.8019076574366,557.2979090922624,0.04,0.045
1791317186.2024992,525.6400209229579,558.4741420106141,-256.1461804966103,103.56773280608476,3.875253846947901,0.9352127331340343,0.17499593098958333,-0.034470621744791666,0.17499593098958333,-0.034470621744791666,0,idle,528.4550757194787,530.632780521851,528.6660572151392,556.8531047602191,0.04,0.045
1791317186.218991,529.5176231922826,559.4168799531053,-256.0449696717241,103.66485324651933,3.8776022693247363,0.9427379424912644,0.17499593098958333,0.010420735677083333,0.17499593098958333,0.010420735677083333,0,idle,534.9233352530076,563.250706928103,532.662643272891,558.06858591398,0.04,0.045
1791317186.236577,533.3853659649268,560,-255.94462467900252,103.76185941677561,0.0,0.0,0.17499593098958333,0.010420735677083333,0.17499593098958333,0.010420735677083333,0,idle,526.6374698922126,553.4750578146613,532.3613846038571,557.838909509014,0.04,0.045
1791317186.2531881,533.3913035124417,560,-255.94400216389056,104.05599783610943,0.0,0.0,0.17499593098958333,0.010420735677083333,0.17499593098958333,0.010420735677083333,0,idle,537.0869968177208,555.1579470066577,532.5976652145503,557.7048613838962,0.04,0.045
1791317186.270795,533.3955933820718,560,-255.94355142015786,104.05644857984214,0.0,0.0,0.17499593098958333,0.010420735677083333,0.17499593098958333,0.010420735677083333,0,idle,538.3750936300569,568.1580347837166,532.8865366353256,558.2275200538872,0.04,0.045
1791317186.2878878,533.3986928084604,560,-255.9432251574767,104.05677484252331,0.0,0.0,0.17499593098958333,0.010420735677083333,0.17499593098958333,0.010420735677083333,0,idle,513.2053106449392,568.0295991133387,531.9024753358062,558.7176240068599,0.04,0.045
1791317186.304487,533.4009321417159,560,-255.94298906369514,104.05701093630485,0.0,0.0,0.17499593098958333,0.010420735677083333,0.17499593098958333,0.010420735677083333,0,idle,528.0319909559336,583.8439028001807,531.7089511168126,559.9739379465259,0.04,0.045
1791317186.321105,533.4025500587853,560,-255.9428182591653,104.05718174083472,0.0,0.0,0.17499593098958333,0.010420735677083333,0.17499593098958333,0.010420735677083333,0,idle,513.1070166395269,566.3937256528435,530.7788543929483,560.2949273318418,0.04,0.045
1791317186.338084,533.4037190032368,560,-255.94269471354016,104.05730528645985,0.0,0.0,0.17499593098958333,0.010420735677083333,0.17499593098958333,0.010420735677083333,0,idle,538.4012784231974,562.9833355432854,531.1599755944608,560.4293477424139,0.04,0.045
1791317186.355173,533.4045635652733,560,-255.94260536620155,104.05739463379847,0.0,0.0,0.17499593098958333,0.010420735677083333,0.17499593098958333,0.010420735677083333,0,idle,541.9348862752303,560.8600543827862,531.6987211284993,560.4508830744326,0.04,0.045
1791317186.3722072,533.4051737611724,560,-255.94254076014198,104.057459239858,0.0,0.0,0.17499593098958333,0.010420735677083333,0.17499593098958333,0.010420735677083333,0,idle,526.4555328781557,559.9946987105236,531.4365617159822,560.4280738562371,0.04,0.045
1791317186.3890922,533.4056146276195,560,-255.94249404994423,104.05750595005578,0.0,0.0,0.17499593098958333,0.010420735677083333,0.17499593098958333,0.010420735677083333,0,idle,520.7207951010681,569.7638418805467,530.9007733852364,560.8948622574526,0.04,0.045
1791317186.407007,533.4059331535805,560,-255.94246028197165,104.05753971802835,0.0,0.0,0.17499593098958333,0.010420735677083333,0.17499593098958333,0.010420735677083333,0,idle,523.2884227403908,555.9037809480692,530.5201558529942,560.6453081919834,0.04,0.045
1791317186.424791,533.4061632885628,560,-255.94243587241488,104.05756412758511,0.0,0.0,0.17499593098958333,0.010420735677083333,0.17499593098958333,0.010420735677083333,0,idle,527.6400791653068,562.4535178021418,530.3761520186098,560.7357186724913,0.04,0.045
1791317186.441629,533.4063295610746,560,-255.94241822901816,104.05758177098186,0.0,0.0,0.17499593098958333,0.010420735677083333,0.17499593098958333,0.010420735677083333,0,idle,523.2015580764795,562.4174492138364,530.0174223215033,560.8198051995586,0.04,0.045
1791317186.4584901,533.4064496929577,560,-255.94240547706212,104.0575945229379,0.0,0.0,0.17499593098958333,0.011397298177083333,0.17499593098958333,0.011397298177083333,0,idle,519.5871960763843,568.5499484366431,529.4959110092474,561.2063123614128,0.04,0.045
1791317186.475532,533.4065364882398,560,-255.94239626094728,104.05760373905274,0.0,0.0,0.17499593098958333,0.011397298177083333,0.17499593098958333,0.011397298177083333,0,idle,522.8104894860751,558.5211521696065,529.1616399330887,561.0720543518224,0.04,0.045
1791317186.492532,533.4065991978292,560,-255.94238960056816,104.05761039943184,0.0,0.0,0.17499593098958333,0.020186360677083334,0.17499593098958333,0.020186360677083334,0,idle,541.184850816725,572.7708531571456,529.7628004772705,561.6569942920886,0.04,0.045
1791317186.50959,533.4066445055066,560,-255.9423847873779,104.05761521262208,0.0,0.0,0.17499593098958333,0.024580891927083334,0.17499593098958333,0.024580891927083334,0,idle,509.1468542263731,590.7756085447861,528.7320031647256,563.1129250047235,0.04,0.045
1791317186.525603,533.4066772403031,560,-255.94238130919302,104.05761869080696,0.0,0.0,0.17499593098958333,0.024580891927083334,0.17499593098958333,0.024580891927083334,0,idle,520.8715281162631,556.421953625301,528.3389794123025,562.7783764357523,0.04,0.045
1791317186.542434,533.4067008911933,560,-255.9423787958022,104.0576212041978,0.0,0.0,0.17499593098958333,0.024580891927083334,0.17499593098958333,0.024580891927083334,0,idle,526.7236306088203,550.6663703845284,528.2582119721284,562.1727761331911,0.04,0.045
1791317186.559357,533.4067179789613,560,-255.94237697963027,104.05762302036975,0.0,0.0,0.17499593098958333,0.024580891927083334,0.17499593098958333,0.024580891927083334,0,idle,537.8977122833529,541.7821508588129,528.7401869876896,561.1532448694721,0.04,0.045
1791317186.5753841,533.4067303248736,560,-255.94237566729433,104.05762433270569,0.0,0.0,0.17499593098958333,0.024580891927083334,0.17499593098958333,0.024580891927083334,0,idle,532.6155171085281,549.1090174316712,528.9339534937316,560.5510334975821,0.04,0.045
1791317186.592264,533.4067392447952,560,-255.94237471903844,104.05762528096155,0.0,0.0,0.17499593098958333,0.024580891927083334,0.17499593098958333,0.024580891927083334,0,idle,534.7248550173433,547.5999357787986,529.2234985699122,559.903478611643,0.04,0.045
1791317186.6098728,533.4067456894385,560,-255.94237403386632,104.05762596613368,0.0,0.0,0.17499593098958333,0.024580891927083334,0.17499593098958333,0.024580891927083334,0,idle,528.1923302535322,568.4534009386173,529.1719401540931,560.3309747279917,0.04,0.045
1791317186.626438,533.4067503456932,560,-255.9423735387943,104.0576264612057,0.0,0.0,0.17499593098958333,0.024580891927083334,0.17499593098958333,0.024580891927083334,0,idle,537.4288721498848,554.5470428194488,529.5847867538827,560.0417781325646,0.04,0.045
1791317186.642891,533.4067537098373,560,-255.94237318108318,104.05762681891683,0.0,0.0,0.17499593098958333,0.024580891927083334,0.17499593098958333,0.024580891927083334,0,idle,552.2339196313058,533.0858355867,530.7172433977538,558.6939810052713,0.04,0.045
1791317186.660479,533.4067561404314,560,-255.94237292262366,104.05762707737634,0.0,0.0,0.17499593098958333,0.030928548177083334,0.17499593098958333,0.030928548177083334,0,idle,522.5619569600765,563.4179799026498,530.30947907587,558.9301809501402,0.04,0.045
1791317186.6766121,533.4067578965356,560,-255.9423727358785,104.0576272641215,0.0,0.0,0.17499593098958333,0.038741048177083334,0.17499593098958333,0.038741048177083334,0,idle,545.6876258996962,563.6715952264602,531.0783864170612,559.1672516639562,0.04,0.045
1791317186.693245,533.4067577654228,559.9999999671697,-255.94237274982163,-75.94237274982164,-1.3111283960468342e-07,-3.283020669873621e-08,0.17499593098958333,0.058760579427083334,0.17499593098958333,0.058760579427083334,0,idle,516.1754643152218,560.2173742766323,530.333240187412,559.2197577634013,0.04,0.045
1791317186.71004,533.4067485575489,559.9999976615497,-255.94237371860177,-75.94237370825576,-9.207873821737133e-06,-2.3056199550993583e-06,0.17499593098958333,0.10615437825520833,0.17499593098958333,0.10615437825520833,0,idle,516.9894393858891,571.4966421612154,529.6660413998557,559.833599792953,0.04,0.045
1791317186.727445,533.406656811098,559.9999746885679,-255.94238274145476,-75.9423820615111,-9.17464509929086e-05,-2.297298175761856e-05,0.17499593098958333,0.24339192708333332,0.17499593098958333,0.24339192708333332,0,idle,542.6996435015792,583.2019285871077,530.3176343458134,561.0019944083281,0.04,0.045
1791317186.744958,533.4062706741105,559.999878001456,-255.94241649018812,-75.9424103549769,-0.00038613698740983643,-9.668711193344849e-05,0.17499593098958333,0.31175130208333335,0.17499593098958333,0.31175130208333335,0,idle,540.2413289021788,544.7829953890407,530.8134522434937,560.1909526046073,0.04,0.045
1791317186.762048,533.4051570885974,559.9995991656612,-255.94250412499088,-75.94247973884276,-0.0011135855130341298,-0.00027883579479086036,0.17499593098958333,0.38062947591145835,0.17499593098958333,0.38062947591145835,0,idle,539.1867248275538,569.4193971940601,531.2310579664593,560.6521099400749,0.04,0.045
1791317186.780071,533.4025772176683,559.9989531867155,-255.94268968376693,-75.94262171764258,-0.0025798709291252352,-0.0006459789456332976,0.17499593098958333,0.44850056966145835,0.17499593098958333,0.44850056966145835,0,idle,543.3990691284381,553.531369586917,531.8370076471755,560.2954592424186,0.04,0.045
1791317186.7969742,533.3974073706273,559.9976587232895,-255.9430337463396,-75.94287953741717,-0.00516984704099629,-0.0012944634260193292,0.17499593098958333,0.5144490559895833,0.17499593098958333,0.5144490559895833,0,idle,544.1375446850643,553.859311133917,532.447123144381,559.9724220967388,0.04,0.045
1791317186.813619,533.3880679857763,559.9953203355202,-255.94361467981707,-75.94330947388313,-0.009339384851100006,-0.0023383877693006153,0.17499593098958333,0.5793904622395833,0.17499593098958333,0.5793904622395833,0,idle,540.0280906120354,556.2947042665464,532.8172991021552,559.7863147368483,0.04,0.045
1791317186.8305979,533.3724473361633,559.9914094448843,-255.94453108739663,-75.94398329556573,-0.015620649612956929,-0.003910890635866417,0.17499593098958333,0.6487569173177083,0.17499593098958333,0.6487569173177083,0,idle,510.03649536361075,564.2285108999241,531.6634192980956,560.004709198898,0.04,0.045
1791317186.847434,533.3473218023834,559.9851193386713,-255.9459573802147,-75.94503690345474,-0.02512553377989516,-0.006290106212973606,0.17499593098958333,0.8650960286458333,0.17499593098958333,0.8650960286458333,0,idle,526.78393978613,568.1073338752367,531.3955760654064,560.4038648318126,0.04,0.045
1791317186.8640351,533.3080862686344,559.9752980022972,-255.94812620342915,-75.9466424555115,-0.03923553374899434,-0.009821336374122426,0.17499593098958333,0.9964742024739583,0.17499593098958333,0.9964742024739583,0,idle,538.0133966425145,579.6396637967356,531.6891933372003,561.3563245105033,0.04,0.045
1791317186.881872,533.2490791688438,559.9605300391568,-255.95127235003486,-75.94896341316337,-0.059007099790589546,-0.014767963140406725,0.17499593098958333,1.0101765950520833,0.17499593098958333,1.0101765950520833,0,idle,533.369768016038,562.842978780467,531.7171653263412,561.4166276590181,0.04,0.045
1791317186.898713,533.1639841953333,559.9392379892671,-255.95561595415444,-75.95215612033134,-0.0850949735104613,-0.02129204988971005,0.17499593098958333,1.0101765950520833,0.17499593098958333,1.0101765950520833,0,idle,557.729048671204,546.8767958560796,532.9369192687494,560.669408621476,0.04,0.045
1791317186.9151201,533.0461863811312,559.9097724036512,-255.96135665212728,-75.956371839225,-0.1177978142021775,-0.029465585615836568,0.17499593098958333,1.0101765950520833,0.17499593098958333,1.0101765950520833,0,idle,531.4570924129723,565.3448771042856,532.7510200024685,560.8751897392814,0.04,0.045
1791317186.932092,532.8890643244987,559.870486057834,-255.96867089641592,-75.96175508147472,-0.157122056632483,-0.0392863458172307,0.17499593098958333,1.0101765950520833,0.17499593098958333,1.0101765950520833,0,idle,539.2304547922171,565.5607295766456,532.9257257881551,561.0721447026232,0.04,0.045
1791317186.950072,532.6862152834088,559.8197914206547,-255.9777113166828,-75.96844155530472,-0.2028490410898569,-0.05069463717929777,0.17499593098958333,1.0101765950520833,0.17499593098958333,1.0101765950520833,0,idle,547.0249576866336,583.1556930740925,533.4379807940437,562.1281622158763,0.04,0.045
1791317186.967208,532.4316178747434,559.7562024983287,-255.98860736380718,-75.97655669240282,-0.25459740866538444,-0.06358892232600531,0.17499593098958333,1.0101765950520833,0.17499593098958333,1.0101765950520833,0,idle,526.4922730564583,560.1764848564204,532.8488278689323,561.9701688716938,0.04,0.045
1791317186.984082,532.119740845729,559.6783631154597,-256.0014667141073,-75.98621480426961,-0.3118770290144132,-0.0778393828690386,0.17499593098958333,1.0101765950520833,0.17499593098958333,1.0101765950520833,0,idle,527.8333083201202,549.4888583348206,532.3017687139279,561.2721559311245,0.04,0.045
1791317187.000992,531.7456075841416,559.5850640067865,-256.0163770811066,-75.99751872565969,-0.3741332615874612,-0.09329910867319299,0.17499593098958333,1.0101765950520833,0.17499593098958333,1.0101765950520833,0,idle,544.4763364557613,563.9639398883196,532.5550705025115,561.3181109757448,0.04,0.045
1791317187.017819,531.3048258119529,559.4752510515394,-256.03340820131353,-76.01055980665144,-0.44078177218861503,-0.10981295524704801,0.17499593098958333,1.0101765950520833,0.17499593098958333,1.0101765950520833,0,idle,529.0087272831505,549.8464149315305,531.9590106579642,560.6402038660494,0.04,0.045
1791317187.034435,530.7935909607683,559.3480267586572,-256.0526138433687,-76.02541814927199,-0.5112348511846111,-0.12722429288223025,0.17499593098958333,1.0101765950520833,0.17499593098958333,1.0101765950520833,0,idle,541.3894063700292,535.5075650996089,531.9448573349421,559.2627088494893,0.04,0.045
1791317187.050932,530.2086704797799,559.2026468104553,-256.0740337470851,-76.04216301392293,-0.5849204809882844,-0.1453799482018708,0.17499593098958333,1.0101765950520833,0.17499593098958333,1.0101765950520833,0,idle,520.8045281568204,566.8143481106575,530.8321664190971,559.502179861756,0.04,0.045
1791317187.068487,529.5473750244302,559.0385131557097,-256.097695437911,-76.06085334159336,-0.6612954553497546,-0.16413365474563466,0.17499593098958333,1.0101765950520833,0.17499593098958333,1.0101765950520833,0,idle,529.1942204768288,539.8475346503012,530.1220384394014,558.3635206291748,0.04,0.045
1791317187.084961,528.8075212505975,558.8551648439358,-256.12361588856487,-76.08153835211553,-0.7398537738326515,-0.1833483117739117,0.17499593098958333,1.0101765950520833,0.17499593098958333,1.0101765950520833,0,idle,514.7984860566023,552.207315089535,528.6529997351204,557.8815294560076,0.04,0.045
1791317187.101423,527.9873898592795,558.6522675271648,-256.15180301686985,-76.10425818869989,-0.8201313913179925,-0.20289731677095965,0.17499593098958333,1.0101765950520833,0.17499593098958333,1.0101765950520833,0,idle,520.5842450519119,542.9051695075729,527.4704371792078,556.9399590076534,0.04,0.045
1791317187.118411,527.0856816229982,558.4296023296897,-256.1822570198834,-76.1290445861624,-0.9017082362812939,-0.22266519747505312,0.17499593098958333,1.0101765950520833,0.17499593098958333,1.0101765950520833,0,idle,537.9281442446735,553.2453529314521,527.1366997080139,556.5436967662421,0.04,0.045
1791317187.135854,526.1014733761969,558.1870546001154,-256.2149715512103,-76.1559215455839,-0.9842082468013065,-0.24254772957436865,0.17499593098958333,1.0101765950520833,0.17499593098958333,1.0101765950520833,0,idle,521.2483726377357,540.0507769195757,525.9072855200387,555.4886304308131,0.04,0.045
1791317187.152354,525.0341753538714,557.924602910498,-256.2499347522714,-76.18490600220163,-1.0672980223254447,-0.2624516896173119,0.17499593098958333,1.0101765950520833,0.17499593098958333,1.0101765950520833,0,idle,515.2697093442515,553.3983818439729,524.3614735900402,555.1347888963346,0.04,0.045
1791317187.168878,523.8834907961542,557.6423085498736,-256.2871301502384,-76.21600847650929,-1.1506845577171978,-0.28229436062444496,0.17499593098958333,1.0101765950520833,0.17499593098958333,1.0101765950520833,0,idle,524.3250847400775,566.7428242649464,523.2665038177107,555.447011022172,0.04,0.045
1791317187.186445,522.6493783806528,557.340305669103,-256.3265374360039,-76.24923370107277,-1.2341124155014196,-0.3020028807706372,0.17499593098958333,1.0101765950520833,0.17499593098958333,1.0101765950520833,0,idle,517.0714524539476,543.1513179600438,521.7843444547963,554.5453236323335,0.04,0.045
1791317187.20302,521.3320177789941,557.018792165929,-256.3681331354055,-76.28458121761544,-1.3173606016586685,-0.3215135031740771,0.17499593098958333,1.0101765950520833,0.17499593098958333,1.0101765950520833,0,idle,526.3143167202065,569.0257592276612,520.759350496491,554.9639075840845,0.04,0.045
1791317187.220692,519.9317784412013,556.6780213490947,-256.4118911862791,-76.3220459405972,-1.4002393377927878,-0.3407708168342367,0.17499593098958333,1.0101765950520833,0.17499593098958333,1.0101765950520833,0,idle,511.2155247036632,553.5452889776069,518.9519318359465,554.5692443777681,0.04,0.045
1791317187.237476,518.4491915756679,556.3182943845627,-256.4577834329969,-76.36161868487827,-1.4825868655334353,-0.3597269645320245,0.17499593098958333,1.0101765950520833,0.17499593098958333,1.0101765950520833,0,idle,517.8474015610431,543.2624394560668,517.4882477999446,553.6621635153776,0.04,0.045
1791317187.254067,516.8849252005648,555.939953502115,-256.5057800490972,-76.40328665617574,-1.564266375103153,-0.3783408824476581,0.17499593098958333,1.0101765950520833,0.17499593098958333,1.0101765950520833,0,idle,528.6982988097204,538.6214886303701,516.5626972940854,552.550705932802,0.04,0.045
1791317187.271138,515.2397620838622,555.5433759243122,-256.55584989752515,-76.44703390392755,-1.6451631167026424,-0.39657757780283664,0.17499593098958333,1.0101765950520833,0.17499593098958333,1.0101765950520833,0,idle,518.1718281188683,547.7932735177342,515.0802488744571,551.9360856131359,0.04,0.045
1791317187.288051,513.5145803552222,555.1289684698216,-256.60796083694083,-76.4928417369042,-1.7251817286399984,-0.41440745449053595,0.17499593098958333,1.0101765950520833,0.17499593098958333,1.0101765950520833,0,idle,523.5905450533855,581.3254684427408,513.8668410411955,553.0118676728501,0.04,0.045
1791317187.3053381,511.7103365570778,554.6971627778371,-256.6620799815453,-76.54068910248012,-1.8042437981443504,-0.431805691984521,0.17499593098958333,1.0101765950520833,0.17499593098958333,1.0101765950520833,0,idle,516.6434282517134,558.4109160634359,512.2916387934841,552.871604684994,0.04,0.045
1791317187.3216588,509.82805089902166,554.2484110983795,-256.71817392094675,-76.59055293091397,-1.8822856580561511,-0.448751679457626,0.17499593098958333,1.0101765950520833,0.17499593098958333,1.0101765950520833,0,idle,488.99609603697843,556.7944339186968,509.3386902805055,552.6414320511944,0.04,0.045
1791317187.3383539,507.86879448517607,553.7831825936955,-256.7762089057488,-76.64240844631007,-1.9592564138456057,-0.46522850468394406,0.17499593098958333,1.0101765950520833,0.17499593098958333,1.0101765950520833,0,idle,503.9331782613075,550.7114156071419,507.20712108639225,552.102964149542,0.04,0.045
1791317187.355032,505.83367829548587,553.3019600979818,-256.8361510037869,-76.69622944615891,-2.035116189690198,-0.48122249571376896,0.17499593098958333,1.0101765950520833,0.17499593098958333,1.0101765950520833,0,idle,508.11786790100433,550.0842663938611,505.31929804691714,551.5448678908299,0.04,0.045
1791317187.371546,503.7238437166248,552.8052372856828,-256.8979662312738,-76.75198855149755,-2.109834578861041,-0.4967228122990036,0.17499593098958333,1.0101765950520833,0.17499593098958333,1.0101765950520833,0,idle,491.07660345485857,567.3854629118414,502.6028204673962,551.8650109701964,0.04,0.045
1791317187.388234,501.54045443480845,552.2935162022231,-256.9616206625244,-76.80965742980652,-2.183389281816364,-0.5117210834596463,0.17499593098958333,1.0101765950520833,0.17499593098958333,1.0101765950520833,0,idle,500.94676042879473,550.9545721405962,500.4457976477406,551.3333539994297,0.04,0.045
1791317187.405917,499.2846895200992,551.7673051149217,-257.0270805214178,-76.86920699277881,-2.2557649147092382,-0.5262110873014446,0.17499593098958333,1.0101765950520833,0.17499593098958333,1.0101765950520833,0,idle,488.7063038047641,539.3186152866223,497.71584628661805,550.2327165308529,0.04,0.045
1791317187.423481,496.9577375489709,551.2271166457909,-257.0943122573067,-76.93060757107257,-2.3269519711283104,-0.540188469130778,0.17499593098958333,1.0101765950520833,0.17499593098958333,1.0101765950520833,0,idle,495.81912404271935,556.2241828562186,495.4104058018512,550.019110801447,0.04,0.045
1791317187.4408221,494.56079162843434,550.673466151794,-257.1632826076962,-76.99382906809991,-2.396945920536572,-0.553650493996996,0.17499593098958333,1.0101765950520833,0.17499593098958333,1.0101765950520833,0,idle,505.6824579844856,549.6741011117622,493.6469097864732,549.4758923476656,0.04,0.045
1791317187.457355,492.0950452005789,550.1068703218202,-257.23395864968,-77.05884109481943,-2.46574642785545,-0.5665958299736646,0.17499593098958333,1.0101765950520833,0.17499593098958333,1.0101765950520833,0,idle,504.2947181830896,553.0785603935909,491.83684109984137,549.1177597114869,0.04,0.045
1791317187.474018,489.56168852076377,549.5278459630895,-257.30630784183137,-77.12561308739717,-2.5333566798151352,-0.579024358730766,0.17499593098958333,1.0101765950520833,0.17499593098958333,1.0101765950520833,0,idle,496.9515481147348,536.1846077210173,489.68588760476166,547.9210289711692,0.04,0.045
1791317187.491904,486.96190571581,548.936908952867,-257.3802980580006,-77.1941144094851,-2.599782804953766,-0.5909370102224506,0.17499593098958333,1.0101765950520833,0.17499593098958333,1.0101765950520833,0,idle,485.73863525642383,553.2650855865613,487.0187313226387,547.6268416422275,0.04,0.045
1791317187.50969,484.2968723403841,548.334573334267,-257.4558976142558,-77.26431444074382,-2.6650333754259403,-0.602335618600065,0.17499593098958333,1.0101765950520833,0.17499593098958333,1.0101765950520833,0,idle,473.32353500267817,551.5528672443538,483.802189799986,547.2509240846638,0.04,0.045
1791317187.526175,481.56775336035764,547.7213505375227,-257.5330752900217,-77.33618265311078,-2.72911898002645,-0.613222796744334,0.17499593098958333,1.0101765950520833,0.17499593098958333,1.0101765950520833,0,idle,491.1030051900462,567.1029032900068,481.5745675384639,547.6609613880238,0.04,0.045
1791317187.543298,478.7757015013406,547.0977487104378,-257.6118003443162,-77.4096886761899,-2.792051859017007,-0.6236018270848396,0.17499593098958333,1.0101765950520833,0.17499593098958333,1.0101765950520833,0,idle,475.4756851445048,551.9140248003168,478.61717415269976,547.2811928229079,0.04,0.045
1791317187.5603242,475.92185590889716,546.4642721438042,-257.6920425278485,-77.48480235301618,-2.853845592443458,-0.6334765666335577,0.17499593098958333,1.0101765950520833,0.17499593098958333,1.0101765950520833,0,idle,469.13903807885407,530.5972907317276,475.4321140361862,545.8451949800469,0.04,0.045
1791317187.5771499,473.0073410742581,545.8214207794052,-257.7737720916315,-77.56149378733086,-2.914514834639057,-0.6428513643989642,0.17499593098958333,1.0101765950520833,0.17499593098958333,1.0101765950520833,0,idle,469.8940286918779,541.6257748953652,472.38642067606366,545.0235151796338,0.04,0.045
1791317187.593739,470.0332659857354,545.1696897898388,-257.8569597926609,-77.63973338339133,-2.974075088522662,-0.651730989566464,0.17499593098958333,1.0101765950520833,0.17499593098958333,1.0101765950520833,0,idle,465.5703753788104,561.7864376920328,469.22024707710443,545.2425168651656,0.04,0.045
1791317187.609944,467.0007234716151,544.5095692208095,-257.94157689713325,-77.71949187923462,-3.0325425141202897,-0.660120569029347,0.17499593098958333,1.0101765950520833,0.17499593098958333,1.0101765950520833,0,idle,462.4161914544393,556.2977484786954,465.9991289075569,545.1681639052642,0.04,0.045
1791317187.6261828,463.9107897051468,543.841543687777,-258.02759518160184,-77.80074037421623,-3.089933766468328,-0.668025533032488,0.17499593098958333,1.0101765950520833,0.17499593098958333,1.0101765950520833,0,idle,486.913507667177,541.1830695545857,464.109410767393,544.3342849313494,0.04,0.045
1791317187.643251,460.76452384644426,543.1660921199273,-258.11498693241145,-77.88345035155565,-3.1462658587025123,-0.6754515678496442,0.17499593098958333,1.0101765950520833,0.17499593098958333,1.0101765950520833,0,idle,474.458071956068,540.3490867625306,461.63789126105934,543.4933460334513,0.04,0.045
1791317187.66017,457.5629677997391,542.4836875453716,-258.2037249436995,-77.96759369653797,-3.201556046705141,-0.682404574555676,0.17499593098958333,1.0101765950520833,0.17499593098958333,1.0101765950520833,0,idle,458.15214559580113,525.4090376199549,458.4221257334265,541.9408462669486,0.04,0.045
1791317187.676748,454.3071460675581,541.7947969122928,-258.29378251420906,-78.05314271094635,-3.2558217321809884,-0.6888906330788372,0.17499593098958333,1.0101765950520833,0.17499593098958333,1.0101765950520833,0,idle,456.7028962402624,521.0092520556677,455.2431336131964,540.2398204549597,0.04,0.045
1791317187.693418,450.99806568609114,541.0998809414658,-258.3851334431211,-78.14007012423161,-3.309080381466952,-0.6949159708269379,0.17499593098958333,1.0101765950520833,0.17499593098958333,1.0101765950520833,0,idle,429.5699498842637,550.5350746983801,450.81584806435615,540.0944129948451,0.04,0.045
1791317187.71011,447.6367162283326,540.3993940061896,-258.4777520250823,-78.22834910186549,-3.361349457758531,-0.700486935276226,0.17499593098958333,1.0101765950520833,0.17499593098958333,1.0101765950520833,0,idle,432.3800698326562,535.3627865096047,446.7007771679005,539.1923690820707,0.04,0.045
1791317187.727851,444.2240698635685,539.693784036195,-258.571613044577,-78.31795325126846,-3.4126463647641083,-0.7056099699946629,0.17499593098958333,1.0101765950520833,0.17499593098958333,1.0101765950520833,0,idle,446.95627036571716,543.9487967484225,443.47153778126545,538.7598609938934,0.04,0.045
1791317187.744668,440.7610814634868,538.9834924425517,-258.6666917697702,-78.40885662565518,-3.4629884000817386,-0.7102915936433327,0.17499593098958333,1.0101765950520833,0.17499593098958333,1.0101765950520833,0,idle,442.26231958862576,537.2749961484562,440.12123789155584,538.0108407376604,0.04,0.045
1791317187.761966,437.2486887466487,538.2689540609895,-258.7629639459275,-78.5010337260968,-3.512392716838056,-0.7145383815622058,0.17499593098958333,1.0101765950520833,0.17499593098958333,1.0101765950520833,0,idle,431.9531120491706,549.1559388785482,436.3760585184404,537.8892841822206,0.04,0.045
1791317187.778103,433.6878124543087,537.5505971113888,-258.8604057885034,-78.59445950206151,-3.5608762923400157,-0.718356949600607,0.17499593098958333,1.0101765950520833,0.17499593098958333,1.0101765950520833,0,idle,451.67863880187275,529.5807021175058,433.75835505488897,536.7914159768643,0.04,0.045
1791317187.796052,430.079356551637,536.8288431714893,-258.9589939759728,-78.68910935066052,-3.6084559026717447,-0.7217539398995225,0.17499593098958333,1.0101765950520833,0.17499593098958333,1.0101765950520833,0,idle,431.1626232859463,537.5976931966372,430.2005353589037,536.1460635949485,0.04,0.045
1791317187.812265,426.4242084493122,536.104107163116,-259.0587056424712,-78.78495911479699,-3.6551481023247914,-0.7247360083732444,0.17499593098958333,1.0101765950520833,0.17499593098958333,1.0101765950520833,0,idle,403.7552847341179,542.9493941289352,425.4058821304559,535.7977309136932,0.04,0.045
1791317187.829546,422.72323924122827,535.3767973494433,-259.1595183702966,-78.8819850803896,-3.70096920808389,-0.7273098136726807,0.17499593098958333,1.0101765950520833,0.17499593098958333,1.0101765950520833,0,idle,427.19603295322355,542.0555872037501,421.97946892391457,535.4196794052069,0.04,0.045
1791317187.846771,418.9773039547232,534.6473153420008,-259.26141018231954,-78.98016397281856,-3.7459352865050524,-0.729482007442635,0.17499593098958333,1.0101765950520833,0.17499593098958333,1.0101765950520833,0,idle,418.28370716703364,523.8116463552243,418.2360423138907,534.1462698456373,0.04,0.045
1791317187.8638551,415.18724181030217,533.9160561162896,-259.3643595343387,-79.07947295272282,-3.790062144421004,-0.7312592257111519,0.17499593098958333,1.0101765950520833,0.17499593098958333,1.0101765950520833,0,idle,411.39933780292216,558.145199332397,414.2936480511423,534.6515200555498,0.04,0.045
1791317187.880411,411.3538764883092,533.1834080350184,-259.4683453074145,-79.17988961125927,-3.8333653219929635,-0.7326480812712072,0.17499593098958333,1.0101765950520833,0.17499593098958333,1.0101765950520833,0,idle,411.7983141106421,558.0504233876899,410.527184298224,535.1254495449491,0.04,0.045
1791317187.8969312,407.4780164004096,532.4497528780843,-259.5733468002071,-79.28139196491918,-3.87586008789956,-0.7336551569340958,0.17499593098958333,1.0101765950520833,0.17499593098958333,1.0101765950520833,0,idle,425.8216783163256,549.3383483724195,407.60984191562443,535.1391220872353,0.04,0.045
1791317187.9144971,403.5604549640946,531.715465878534,-259.6793437213414,-79.3839584499844,-3.9175614363149878,-0.7342869995502246,0.17499593098958333,1.0101765950520833,0.17499593098958333,1.0101765950520833,0,idle,395.12675890060723,512.7023398374439,403.26400440037435,533.319710325173,0.04,0.045
1791317187.931083,399.6019708787138,530.9809157638269,-259.78631618181686,-79.48756791669365,-3.9584840853808303,-0.734550114707104,0.17499593098958333,1.0101765950520833,0.17499593098958333,1.0101765950520833,0,idle,389.93525657701144,536.8419376070063,398.83700712809446,532.7979990802929,0.04,0.045
1791317187.948729,395.6033284017932,530.2464648018006,-259.89424468747796,-79.59219962317991,-3.9986424769206224,-0.73445096202638,0.17499593098958333,1.0101765950520833,0.17499593098958333,1.0101765950520833,0,idle,393.43862384085025,533.5165710373296,394.76837761065764,532.1361992642197,0.04,0.045
1791317187.965469,391.56527762460894,529.5124688508084,-260.0031101315577,-79.6978332292308,-4.038050777184272,-0.7339959509921367,0.17499593098958333,1.0101765950520833,0.17499593098958333,1.0101765950520833,0,idle,378.6680882266497,519.7018504945263,390.1272149031322,530.8171856722925,0.04,0.045
1791317187.9815302,387.48855474616704,528.7792774135569,-260.1128937873039,-79.80444878991607,-4.076722878441893,-0.7331914372515864,0.17499593098958333,1.0101765950520833,0.17499593098958333,1.0101765950520833,0,idle,378.0538372640498,511.8256755653687,385.65065928665825,529.1710783015573,0.04,0.045
1791317187.998061,383.3738823448928,528.0472336942199,-260.2235773006969,-79.91202674912066,-4.114672401274222,-0.7320437193369216,0.17499593098958333,1.0101765950520833,0.17499593098958333,1.0101765950520833,0,idle,396.01631706689903,529.8801381839442,382.2600033944598,528.5110897623065,0.04,0.045
1791317188.015641,379.2219696474625,527.3166746584562,-260.3351426832654,-80.02054793301535,-4.1519126974303,-0.7305590357636564,0.17499593098958333,1.0101765950520833,0.17499593098958333,1.0101765950520833,0,idle,386.52388214510563,523.8361690702847,378.5288802694333,527.5833126437299,0.04,0.045
1791317188.032253,375.0335127943194,526.5879310959898,-260.4475723050054,-80.12999354349266,-4.188456853143105,-0.7287435624664426,0.17499593098958333,1.0101765950520833,0.17499593098958333,1.0101765950520833,0,idle,397.23475137405006,524.0279655924586,375.4851398141781,526.7132389068232,0.04,0.045
1791317188.049561,370.8091951015085,525.8613276854516,-260.5608488874059,-80.24034515159119,-4.224317692810872,-0.7266034105382062,0.17499593098958333,1.0101765950520833,0.17499593098958333,1.0101765950520833,0,idle,370.4880713022818,536.3846176342522,371.222184580413,526.5065346031834,0.04,0.045
1791317188.066835,366.5496873185423,525.1371830612089,-260.67495549658526,-80.35158469092829,-4.2595077829662555,-0.7241446242426048,0.17499593098958333,1.0101765950520833,0.17499593098958333,1.0101765950520833,0,idle,357.8315591100314,527.2129813329852,366.506120913076,525.8539195466429,0.04,0.045
1791317188.082912,362.2556478820744,524.4158098819355,-260.78987553653985,-80.46369445115776,-4.294039436467848,-0.7213731792734424,0.17499593098958333,1.0101765950520833,0.17499593098958333,1.0101765950520833,0,idle,373.2828364374092,548.5252475277445,362.7656192246482,526.3021814253883,0.04,0.045
1791317188.10006,357.92772316521547,523.6975149006977,-260.9055927425062,-80.57665707146616,-4.32792471685897,-0.7182949812377627,0.17499593098958333,1.0101765950520833,0.17499593098958333,1.0101765950520833,0,idle,355.7755360721863,511.8853484266185,358.3045865860091,524.8989595432739,0.04,0.045
1791317188.118019,353.5665477223679,522.9825990363556,-261.0220911744383,-80.69045553412012,-4.361175442847561,-0.7149158643420178,0.17499593098958333,1.0101765950520833,0.17499593098958333,1.0101765950520833,0,idle,343.3667946105452,501.20658436177695,353.4145803165307,523.0351707130741,0.04,0.045
1791317188.1348422,349.17274452949937,522.2713574460926,-261.1393552106,-80.80507315807375,-4.393803192868498,-0.711241590263048,0.17499593098958333,1.0101765950520833,0.17499593098958333,1.0101765950520833,0,idle,347.5850132819154,511.24929977661185,348.94898893157483,521.7701976555011,0.04,0.045
1791317188.151804,344.7469252198033,521.564079598905,-261.25736954127234,-80.92049359264459,-4.425819309696087,-0.7072778471876088,0.17499593098958333,1.0101765950520833,0.17499593098958333,1.0101765950520833,0,idle,346.42018118874495,530.3598854697366,344.6180202002221,521.5277680913847,0.04,0.045
1791317188.168482,340.28969031472343,520.8610493498991,-261.3761191625759,-81.03670081126448,-4.4572349050798685,-0.7030302490059134,0.17499593098958333,1.0101765950520833,0.17499593098958333,1.0101765950520833,0,idle,339.4233228718882,552.670288055227,340.12391217397953,522.4170153530212,0.04,0.045
1791317188.1854222,335.8016294503419,520.1625450152529,-261.4955893704072,-81.153679105311,-4.4880608643814845,-0.6985043346461889,0.17499593098958333,1.0101765950520833,0.17499593098958333,1.0101765950520833,0,idle,338.77887027873413,536.1691397386717,335.79300225805486,522.4410424543898,0.04,0.045
1791317188.202385,331.28332159914765,519.4688394477143,-261.6157657544885,-81.27141307802356,-4.51830785119424,-0.6937055675385517,0.17499593098958333,1.0101765950520833,0.17499593098958333,1.0101765950520833,0,idle,335.5801186159437,531.7758584380022,331.48996561731474,522.2487629644088,0.04,0.045
1791317188.219554,326.73533528721737,518.7802001125167,-261.7366341925297,-81.38988763850767,-4.547986311930272,-0.6886393351976648,0.17499593098958333,1.0101765950520833,0.17499593098958333,1.0101765950520833,0,idle,312.2651911543571,507.4263551620979,326.20813989783306,520.8534352058555,0.04,0.045
1791317188.235981,322.1582288068543,518.0968891636021,-261.85818084450125,-81.50908799583009,-4.577106480363033,-0.683310948914648,0.17499593098958333,1.0101765950520833,0.17499593098958333,1.0101765950520833,0,idle,318.89889142863524,515.173136677842,321.4944263180283,519.9202748779859,0.04,0.045
1791317188.251723,317.5525504247392,517.4191635200525,-261.9803921470167,-81.62899965320663,-4.605678382115138,-0.6777256435495881,0.17499593098958333,1.0101765950520833,0.17499593098958333,1.0101765950520833,0,idle,303.9716515187714,536.5785224429699,316.24289311505606,520.1093478948629,0.04,0.045
1791317188.2683258,312.9188385856556,516.7472749426357,-262.10325480782353,-81.74960840228448,-4.633711839083613,-0.6718885774167845,0.17499593098958333,1.0101765950520833,0.17499593098958333,1.0101765950520833,0,idle,317.9876076475394,529.5507574052865,311.9281025945508,519.9431242218382,0.04,0.045
1791317188.28496,308.25762211185935,516.0814701103802,-262.2267558004005,-81.87090031751934,-4.661216473796237,-0.6658048322555481,0.17499593098958333,1.0101765950520833,0.17499593098958333,1.0101765950520833,0,idle,289.0862031534388,511.7450291803686,306.3578519723888,518.9007048791219,0.04,0.045
1791317188.3016782,303.5694203981652,515.4219906971002,-262.35088235866016,-81.99286175064874,-4.688201713694105,-0.659479413279966,0.17499593098958333,1.0101765950520833,0.17499593098958333,1.0101765950520833,0,idle,304.25369362227974,512.68455925456,301.7988524268739,517.9633921552778,0.04,0.045
1791317188.318254,298.85474360282853,514.7690734477986,-262.4756219717546,-82.11547932526095,-4.714676795336683,-0.6529172493016079,0.17499593098958333,1.0101765950520833,0.17499593098958333,1.0101765950520833,0,idle,311.09861089766326,527.290937182006,297.78489739484354,517.8094980197777,0.04,0.045
1791317188.3358028,294.11409283430186,514.122950254879,-262.60096237898296,-82.23873993145997,-4.740650768526651,-0.6461231929196141,0.17499593098958333,1.0101765950520833,0.17499593098958333,1.0101765950520833,0,idle,309.3558733380679,513.603436850529,293.85982796190444,516.9853779280417,0.04,0.045
1791317188.352351,289.34796033394923,513.483848234106,-262.7268915647991,-82.362630720626,-4.766132500352635,-0.6391020207730336,0.17499593098958333,1.0101765950520833,0.17499593098958333,1.0101765950520833,0,idle,274.1973536437834,502.35428888177876,288.3488783706634,515.6466765559941,0.04,0.045
1791317188.368861,284.5568296548006,512.8519898002553,-262.8533977539172,-82.48713910027091,-4.7911306791486235,-0.6318584338506695,0.17499593098958333,1.0101765950520833,0.17499593098958333,1.0101765950520833,0,idle,290.4685089601349,512.7219388236948,283.9032857549457,514.900174157221,0.04,0.045
1791317188.38551,279.7411758364311,512.2275927424013,-262.9804694065144,-82.61225272898803,-4.815653818369452,-0.6243970578540443,0.17499593098958333,1.0101765950520833,0.17499593098958333,1.0101765950520833,0,idle,300.7499147246452,514.1098021725045,280.1707460759797,514.2674783530239,0.04,0.045
1791317188.402272,274.9014655760489,511.6108702987919,-263.1080952135277,-82.73795951149543,-4.839710260382196,-0.6167224436093918,0.17499593098958333,1.0101765950520833,0.17499593098958333,1.0101765950520833,0,idle,265.9633652268689,501.6690234909635,274.86265228616105,513.0516692884919,0.04,0.045
1791317188.419682,270.0381573958752,511.00203123126704,-263.23626409204445,-82.86424759377172,-4.863308180173719,-0.6088390675248804,0.17499593098958333,1.0101765950520833,0.17499593098958333,1.0101765950520833,0,idle,267.28319354207184,514.1187545928533,269.8635365777916,512.5266264395614,0.04,0.045
1791317188.436247,265.1517018069003,510.4012798991775,-263.3649651807839,-82.99110535828315,-4.886455588974938,-0.6007513320895322,0.17499593098958333,1.0101765950520833,0.17499593098958333,1.0101765950520833,0,idle,265.27511588505064,512.4404563439685,264.9919827336284,511.9516041692967,0.04,0.045
1791317188.453941,260.24254146909766,509.808816332767,-263.49418783566847,-83.1185214193011,-4.909160337802639,-0.5924635664105209,0.17499593098958333,1.0101765950520833,0.17499593098958333,1.0101765950520833,0,idle,258.5047787242233,520.1831887562287,260.00392021224565,511.80034301055326,0.04,0.045
1791317188.470098,255.31111134817777,509.2248363059812,-263.62392162548315,-83.24648461830864,-4.931430120919871,-0.5839800267857715,0.17499593098958333,1.0101765950520833,0.17499593098958333,1.0101765950520833,0,idle,255.31031825076732,501.0111648034483,255.08438149929785,510.7061030747515,0.04,0.045
1791317188.48716,250.35783886896164,508.64953140867226,-263.75415632762105,-83.37498401949485,-4.953272479216134,-0.5753048973089511,0.17499593098958333,1.0101765950520833,0.17499593098958333,1.0101765950520833,0,idle,246.22996774762376,510.64058644624293,249.9360519564588,510.1562875908826,0.04,0.045
1791317188.504182,245.38314406545294,508.0830891181681,-263.8848819239136,-83.50400890533565,-4.974694803508701,-0.5664422905041582,0.17499593098958333,1.0101765950520833,0.17499593098958333,1.0101765950520833,0,idle,246.30182314108282,522.0930024274735,245.02838045235674,510.2150031567332,0.04,0.045
1791317188.521363,240.3874397276864,507.52569287018036,-264.01608859654397,-83.63354877225991,-4.995704337766526,-0.5573962479877632,0.17499593098958333,1.0101765950520833,0.17499593098958333,1.0101765950520833,0,idle,248.826668360672,494.45581843807565,240.4723757268943,508.89751748521195,0.04,0.045
1791317188.5384939,235.37113154542814,506.9775221290254,-264.1477667240417,-83.76359332639922,-5.016308182258253,-0.548170741155001,0.17499593098958333,1.0101765950520833,0.17499593098958333,1.0101765950520833,0,idle,236.68436043877222,493.53907402085474,235.51748218934287,507.6088331078968,0.04,0.045
1791317188.555546,230.33461824880223,506.4387524571363,-264.2799068773573,-83.89413247942016,-5.0365132966259125,-0.5387696718890904,0.17499593098958333,1.0101765950520833,0.17499593098958333,1.0101765950520833,0,idle,224.57702727820018,524.8257859277195,230.18577181199112,507.95784956059333,0.04,0.045
1791317188.572816,225.2782917459163,505.90955558384553,-264.4124998160151,-84.02515634443783,-5.056326502885929,-0.5291968732907688,0.17499593098958333,1.0101765950520833,0.17499593098958333,1.0101765950520833,0,idle,222.63320177915438,501.7613122227112,225.00463313260767,507.145285664073,0.04,0.045
1791317188.5898361,220.20253725755722,505.3900994734193,-264.54553648434285,-84.15665523200875,-5.075754488359083,-0.5194561104262516,0.17499593098958333,1.0101765950520833,0.17499593098958333,1.0101765950520833,0,idle,223.7160099904356,494.43043896339316,220.11823521155793,506.0160600241341,0.04,0.045
1791317188.606949,215.10773344902614,504.8805483923275,-264.67900800777653,-84.28861964620225,-5.094803808531093,-0.5095510810917657,0.17499593098958333,1.0101765950520833,0.17499593098958333,1.0101765950520833,0,idle,207.8230297727177,517.6906915232487,214.66341132151138,506.11571807205263,0.04,0.045
1791317188.623775,209.99425255918067,504.3810629757346,-264.812905689239,-84.42104028074877,-5.11348088984547,-0.4994854165928947,0.17499593098958333,1.0101765950520833,0.17499593098958333,1.0101765950520833,0,idle,213.05564504630235,506.8802888629154,209.72521616239771,505.6794354658325,0.04,0.045
1791317188.640459,204.86246052675037,503.89180029319755,-264.94722100559096,-84.55390801526367,-5.131792032430306,-0.48926268253708105,0.17499593098958333,1.0101765950520833,0.17499593098958333,1.0101765950520833,0,idle,189.00399156399425,486.5033357867522,203.81395250166875,504.2558309334683,0.04,0.045
1791317188.657658,199.71271711398973,503.4129139135598,-265.0819456041526,-84.6872139115452,-5.149743412760643,-0.47888637963774283,0.17499593098958333,1.0101765950520833,0.17499593098958333,1.0101765950520833,0,idle,184.5111584426743,508.7848465979537,197.9565565565964,504.0273396560367,0.04,0.045
1791317188.6737862,194.5453760277317,502.9445539690313,-265.2170712992952,-84.82094920994531,-5.16734108625804,-0.4683599445285352,0.17499593098958333,1.0101765950520833,0.17499593098958333,1.0101765950520833,0,idle,191.94150818961893,510.1607309779937,192.7468301063024,503.8890672748325,0.04,0.045
1791317188.6905699,189.36078503790276,502.4868672184449,-265.3525900691,-84.95510532581193,-5.184590989828947,-0.4576867505863718,0.17499593098958333,1.0101765950520833,0.17499593098958333,1.0101765950520833,0,steering,221.62659291206046,499.3150315309229,189.2654568062528,503.22556307457995,0.04,0.045
1791317188.706961,184.16783357209613,502.0375572693302,-265.35258314069614,-85.05491045635334,-5.192951465806617,-0.44930994911467914,0.17499593098958333,1.0101765950520833,-1.0,0.0,1,steering,193.94752648202913,484.4414086664792,184.56625639752534,501.8595109025159,0.04,0.045
1791317188.7236412,178.97927771292387,501.5931274888838,-265.2527567758401,-85.10423545048647,-5.188555859172254,-0.44442978044638176,0.17499593098958333,1.0101765950520833,-1.0,0.0,1,steering,169.14572812200345,490.21776803496664,178.8661019175356,500.8552154677144,0.04,0.045
1791317188.7402549,173.8092627368556,501.1460866075782,-264.9174852103842,-85.05804032691778,-5.170014976068282,-0.44704088130559777,0.17499593098958333,1.0101765950520833,-1.0,0.0,1,steering,188.30948997811697,510.14755640727276,174.42675709329978,500.895143677452,0.04,0.045
1791317188.756992,168.67190975049613,500.6845999298495,-264.27941790597873,-84.86691687078492,-5.137352986359481,-0.46148667772863794,0.17499593098958333,1.0101765950520833,-1.0,0.0,1,steering,168.4899715868091,490.8271944499672,169.24943248093376,499.95333387223553,0.04,0.045
1791317188.7745678,163.5806381198117,500.1933713832537,-263.31589357028287,-84.48890731747672,-5.091271630684425,-0.49122854659583814,0.17499593098958333,1.0101765950520833,-1.0,0.0,1,steering,161.51366757972252,498.4938220808569,164.02593618672302,499.4136911634006,0.04,0.045
1791317188.7911801,158.54795705667954,499.6549959181749,-262.0321377215157,-83.89395533642633,-5.032681063132159,-0.5383754650787946,0.17499593098958333,1.0101765950520833,-1.0,0.0,1,steering,170.10767910720242,502.3468401477503,159.54897632277144,499.0488919207932,0.04,0.045
1791317188.8088078,153.58551609812227,499.05135154288376,-260.4497376633109,-83.06446488874627,-4.962440958557265,-0.603644375291115,0.17499593098958333,1.0101765950520833,-1.0,0.0,1,steering,149.3047566409165,502.71585651737985,154.3224464280493,498.65877799409594,0.04,0.045
1791317188.82573,148.70426321964518,498.3648159093518,-258.59896304909626,-81.99401137263902,-4.881252878477078,-0.6865356335319645,0.17499593098958333,1.0101765950520833,-1.0,0.0,1,steering,153.9656983295643,505.329210573343,149.6674187885718,498.34009077120294,0.04,0.045
1791317188.842239,143.91461394630122,497.5792220945272,-256.51378106482474,-80.68533713487498,-4.789649273343972,-0.7855938148245888,0.17499593098958333,1.0101765950520833,-1.0,0.0,1,steering,123.51906396269614,487.83260028058527,143.80983423760125,497.0684021225887,0.04,0.045
1791317188.85986,139.2265790785016,496.680540266224,-254.22871567445645,-79.14822360974053,-4.688034867799621,-0.8986818283032172,0.17499593098958333,1.0101765950520833,-1.0,0.0,1,steering,135.95930629553285,490.9872001360299,138.9636747160882,495.9105942863727,0.04,0.045
1791317188.8767638,134.64983053095256,495.657308186306,-251.77694944372655,-77.39752508747769,-4.576748547549032,-1.0232320799179904,0.17499593098958333,1.0101765950520833,-1.0,0.0,1,steering,139.41026318973064,492.86054680210765,134.63809301959873,494.7860214362374,0.04,0.045
1791317188.8936589,130.19370521364047,494.5008489431911,-249.18925204521534,-75.45147990303862,-4.456125317312086,-1.156459243114934,0.17499593098958333,1.0101765950520833,-1.0,0.0,1,steering,116.43450236522274,495.22425043021155,129.49459443543344,493.70929660497694,0.04,0.045
1791317188.9105752,125.86715816070371,493.2053183298988,-246.49345097923086,-73.33032592866347,-4.326547052936756,-1.2955306132923226,0.17499593098958333,1.0101765950520833,-1.0,0.0,1,steering,130.46100571587763,469.70942782601145,125.43269529916573,491.27854908340095,0.04,0.045
1791317188.927571,121.67868082506224,491.76762247039966,-243.71425098832313,-71.05520419005433,-4.188477335641465,-1.437695859499138,0.17499593098958333,1.0101765950520833,-1.0,0.0,1,steering,116.05623016840642,501.7387640252876,120.98481857376837,490.4357487639711,0.04,0.045
1791317188.94399,117.63620091558158,490.1872418001074,-240.8732710444257,-68.64731666629108,-4.042479909480663,-1.5803806702922227,0.17499593098958333,1.0101765950520833,-1.0,0.0,1,steering,127.86669175704866,488.39239454456936,117.48855631892575,488.8322194162234,0.04,0.045
1791317188.960873,113.74697817785112,488.4659920388659,-237.98921056576035,-66.12729972767653,-3.889222737730462,-1.7212497612415198,0.17499593098958333,1.0101765950520833,-1.0,0.0,1,steering,101.71367762183885,494.50987466526226,113.00505078322746,487.4809149054959,0.04,0.045
1791317188.977568,110.01750741353803,486.6077472504397,-235.0780859019424,-63.514776224456675,-3.7294707643130924,-1.8582447884262605,0.17499593098958333,1.0101765950520833,-1.0,0.0,1,steering,88.25709558774957,461.22218804376666,108.22465579735614,484.40264601340454,0.04,0.045
1791317188.994516,106.45343665525672,484.6181449046706,-232.15349833757935,-60.82805316291773,-3.564070758281309,-1.9896023457690861,0.17499593098958333,1.0101765950520833,-1.0,0.0,1,steering,114.04284166150843,500.65540113804155,105.12969787019651,483.32516154115575,0.04,0.045
1791317189.011319,103.05950527501035,482.50428824797046,-229.22690875891462,-58.08393631763999,-3.3939313802463724,-2.1138566567001633,0.17499593098958333,1.0101765950520833,-1.0,0.0,1,steering,108.79401839849146,471.8527857257691,102.08867908537721,480.7433789265213,0.04,0.045
1791317189.028116,99.8395041651373,480.2744573159767,-226.3079036391257,-55.29763725098304,-3.2200011098730466,-2.229830931993747,0.17499593098958333,1.0101765950520833,-1.0,0.0,1,steering,90.81397547275114,469.50171851267316,98.4659428503665,478.0629565204348,0.04,0.045
1791317189.0451682,96.79625808419904,477.93783659080196,-223.40444345240263,-52.482751831931026,-3.043246080938265,-2.336620725174721,0.17499593098958333,1.0101765950520833,-1.0,0.0,1,steering,111.14657507622233,477.21381097168756,96.20889068476795,475.80070955408144,0.04,0.045
1791317189.0620859,93.93162879581934,475.5042645786601,-220.52308894587168,-49.651292500711214,-2.8646292883797058,-2.4335720121418545,0.17499593098958333,1.0101765950520833,-1.0,0.0,1,steering,99.0039250706205,449.79051236710615,93.62724458009986,472.1883062831979,0.04,0.045
1791317189.079634,91.24653667887645,472.98400840619826,-217.66920352775298,-46.81375931594063,-2.6850921169428767,-2.520256172461843,0.17499593098958333,1.0101765950520833,-1.0,0.0,1,steering,103.75613219361058,462.32255323544683,91.58285144967965,469.3007752669716,0.04,0.045
1791317189.09668,88.74099796054018,470.3875648405078,-214.84713182605933,-43.97923733620947,-2.5055387183362634,-2.596443565690421,0.17499593098958333,1.0101765950520833,-1.0,0.0,1,steering,79.79529073935163,478.26088131685464,88.6132116317438,467.28215918205984,0.04,0.045
1791317189.113148,86.41417452265607,467.7254878603956,-212.06035555784058,-41.155510177143434,-2.3268234378841215,-2.662076980112223,0.17499593098958333,1.0101765950520833,-1.0,0.0,1,steering,72.82043113774805,474.0250253599134,85.6130903410541,465.09032935984595,0.04,0.045
1791317189.1308029,84.26443326715714,465.00824197819145,-209.31162845324366,-38.349181661419195,-2.149741255498928,-2.717245882204149,0.17499593098958333,1.0101765950520833,-1.0,0.0,1,steering,101.88965540211991,449.5219201493042,84.38466440138342,461.7305253112249,0.04,0.045
1791317189.1474938,82.28941222060233,462.24607986937383,-206.60309226279458,-35.56579933506625,-1.97502104655481,-2.762162108817607,0.17499593098958333,1.0101765950520833,-1.0,0.0,1,steering,85.26677853244487,473.1429800534972,82.55250011370941,459.67709404496173,0.04,0.045
1791317189.164108,80.48609084947046,459.44894245471113,-203.93637595323216,-32.80997524469478,-1.8033213711318785,-2.797137414662716,0.17499593098958333,1.0101765950520833,-1.0,0.0,1,steering,92.94069637048786,425.3936211838336,81.35875462397306,455.30563985797573,0.04,0.045
1791317189.1816351,78.85086239881808,456.6263793463858,-201.31268014517417,-30.0855007477135,-1.6352284506523835,-2.822563108325318,0.17499593098958333,1.0101765950520833,-1.0,0.0,1,steering,74.99107545512257,453.19313443759387,79.48690363741078,452.51857963404757,0.04,0.045
1791317189.1982038,77.37960642257413,453.7874874727909,-198.73284871836856,-27.395453261863747,-1.4712559762439494,-2.8388918735949304,0.17499593098958333,1.0101765950520833,-1.0,0.0,1,steering,42.88273208810055,456.5930343350657,76.25900188251352,450.0253550891833,0.04,0.045
1791317189.215915,76.06776002013112,450.94086570047926,-196.19742934320973,-24.742293763251972,-1.311846402443004,-2.8466217723115994,0.17499593098958333,1.0101765950520833,-1.0,0.0,1,idle,70.02772191134427,446.5475169304547,74.7011838016342,447.1471724975508,0.04,0.045
1791317189.232259,74.89998899815363,448.0964514872377,-194.53107141012242,-22.320545939635323,-1.1677710219774888,-2.8444142132415844,0.17499593098958333,1.0101765950520833,0.17499593098958333,1.0101765950520833,0,idle,62.094961352351184,446.74976491758764,72.96149020829144,444.42510861597316,0.04,0.045
1791317189.249745,73.85665294125927,445.2622566529351,-193.44127295112116,-20.209888544592932,-1.0433360568943606,-2.834194834302593,0.17499593098958333,1.0101765950520833,0.17499593098958333,1.0101765950520833,0,idle,87.84754333499733,452.62611459534133,72.71462361057709,442.1426738223541,0.04,0.045
1791317189.266231,72.91744786477726,442.44332937296525,-192.7365966904784,-18.42694807135635,-0.9392050764820152,-2.8189272799698317,0.17499593098958333,1.0101765950520833,0.17499593098958333,1.0101765950520833,0,idle,74.94244929568129,445.14245861130973,71.9337700721744,439.6146821458305,0.04,0.045
1791317189.2832582,72.06330778444276,439.6417465830657,-192.28898681440936,-16.95529407537238,-0.8541400803345015,-2.8015827898995482,0.17499593098958333,1.0101765950520833,0.17499593098958333,1.0101765950520833,0,idle,80.01784978069323,431.9235192211368,71.52654098128257,436.56862034919124,0.04,0.045
1791317189.300264,71.27726797793693,436.85704295114056,-192.01193511796342,-15.762809972869048,-0.7860398065058285,-2.784703631925138,0.17499593098958333,1.0101765950520833,0.17499593098958333,1.0101765950520833,0,idle,67.43282522701591,451.5881447049234,70.5751173773887,434.67412811664894,0.04,0.045
1791317189.317211,70.5447355821402,434.0867803278548,-191.84675549574175,-14.811549579676631,-0.7325323957967289,-2.7702626232857823,0.17499593098958333,1.0101765950520833,0.17499593098958333,1.0101765950520833,0,idle,54.48464858967904,427.7094433841955,69.07468816199632,431.69414438790477,0.04,0.045
1791317189.334185,69.85344195520827,431.3271142975644,-191.7535885015,-14.063150000096293,-0.6912936269319336,-2.7596660302904326,0.17499593098958333,1.0101765950520833,0.17499593098958333,1.0101765950520833,0,idle,62.39606422132164,437.2408857587461,68.08402801937724,429.34979872767093,0.04,0.045
1791317189.351264,69.19324042936972,428.57329406843974,-191.70538668701678,-13.48165994271924,-0.6602015258385505,-2.75382022912466,0.17499593098958333,1.0101765950520833,0.17499593098958333,1.0101765950520833,0,idle,67.87334271185432,419.6395755056122,67.44630230445448,426.2481583488996,0.04,0.045
1791317189.3681989,68.55584339932007,425.82007335555716,-191.68385325022217,-13.034885533143237,-0.6373970300496586,-2.753220712882573,0.17499593098958333,1.0101765950520833,0.17499593098958333,1.0101765950520833,0,idle,72.8316853613731,411.10513470590257,67.11004427875324,422.8754474895113,0.04,0.045
1791317189.38528,67.93455006856114,423.06203086848427,-191.67668403295545,-12.694891568397049,-0.6212933307589377,-2.7580424870728617,0.17499593098958333,1.0101765950520833,0.17499593098958333,1.0101765950520833,0,idle,70.2280756812018,427.88813592474446,66.67571718465467,420.5059415485537,0.04,0.045
1791317189.4021928,67.32399083265693,420.293808883541,-191.67568651261112,-12.438023159787894,-0.6105592359042055,-2.7682219849433096,0.17499593098958333,1.0101765950520833,0.17499593098958333,1.0101765950520833,0,idle,46.35681271705414,422.56924408844105,65.07974068716565,417.97929578985196,0.04,0.045
1791317189.419049,66.71989487500748,417.5102832488394,-191.6758813008824,-12.244757298312472,-0.6040959576494487,-2.783525634701567,0.17499593098958333,1.0101765950520833,0.17499593098958333,1.0101765950520833,0,idle,75.45324158147302,410.59981274587545,65.02452457211405,414.96597228468664,0.04,0.045
1791317189.436975,66.11883412457367,414.7066882528025,-191.6787043737552,-12.100431062198076,-0.6010607504338142,-2.803594996036926,0.17499593098958333,1.0101765950520833,0.17499593098958333,1.0101765950520833,0,idle,53.72953393783861,399.8584088606473,63.88876732748815,411.5471788672496,0.04,0.045
1791317189.453053,65.51801774940319,411.87869304216287,-191.686260055788,-11.994328713108583,-0.6008163751704871,-2.8279952106396298,0.17499593098958333,1.0101765950520833,0.17499593098958333,1.0101765950520833,0,idle,55.36821721537962,413.3595305060912,62.891964265470754,408.95120099908405,0.04,0.045
1791317189.4710028,64.91514412272402,409.0224382072661,-191.69974930946833,-11.918558783374113,-0.6028736266791719,-2.8562548348967955,0.17499593098958333,1.0101765950520833,0.17499593098958333,1.0101765950520833,0,idle,61.2683038926411,404.37660109900395,62.23805130148406,406.0090289109281,0.04,0.045
1791317189.4876301,64.30829299576531,406.1345442473483,-191.7197636607864,-11.867254214698121,-0.6068511269586988,-2.887893959917786,0.17499593098958333,1.0101765950520833,0.17499593098958333,1.0101765950520833,0,idle,85.75343721003702,404.4950135262219,62.83731202630094,403.1898288797709,0.04,0.045
1791317189.504513,63.69584600097345,403.21210079886333,-191.74648953606084,-11.836002489225699,-0.6124469947918638,-2.9224434484849775,0.17499593098958333,1.0101765950520833,0.17499593098958333,1.0101765950520833,0,idle,54.17828977271808,421.42009676213075,61.82253626856953,401.3250209978282,0.04,0.045
1791317189.5215402,63.07642727057321,400.2526432800845,-191.779850254386,-11.821439917378347,-0.6194187304002319,-2.9594575187788386,0.17499593098958333,1.0101765950520833,0.17499593098958333,1.0101765950520833,0,idle,51.868623876645266,391.62852522679606,60.736392855093094,398.0287115664367,0.04,0.045
1791317189.538215,62.44885845624236,397.25412186449506,-191.81960443668888,-11.820963115476221,-0.6275688143308489,-2.998521415589409,0.17499593098958333,1.0101765950520833,0.17499593098958333,1.0101765950520833,0,idle,59.585043298943674,413.4791531847689,60.082635003671314,395.95263830254333,0.04,0.045
1791317189.5551438,61.81212415293108,394.21486634935644,-191.86541383611086,-11.832524005124649,-0.6367343033112883,-3.039255515138617,0.17499593098958333,1.0101765950520833,0.17499593098958333,1.0101765950520833,0,idle,54.746175256237294,375.1775989692067,59.21091442815389,392.0265935964948,0.04,0.045
1791317189.572674,61.16534491510543,391.13354945498696,-191.91688966281725,-11.854484168018466,-0.6467792378256454,-3.0813168943694604,0.17499593098958333,1.0101765950520833,0.17499593098958333,1.0101765950520833,0,idle,53.64859865668737,386.10364947260274,58.3183583636462,388.8031953406492,0.04,0.045
1791317189.589216,60.507755875735,388.0091503090739,-191.97362377136767,-11.885511236720257,-0.6575890393704266,-3.124399145913071,0.17499593098958333,1.0101765950520833,0.17499593098958333,1.0101765950520833,0,idle,59.59505162755005,386.97165204573525,57.75748343943948,385.7434389872861,0.04,0.045
1791317189.606736,59.83868955112113,384.840919285101,-192.03520920358585,-11.924504952883085,-0.6690663246138748,-3.1682310239729334,0.17499593098958333,1.0101765950520833,0.17499593098958333,1.0101765950520833,0,idle,60.30671820061272,395.67892037669503,57.249332169114965,383.2303935839823,0.04,0.045
1791317189.623277,59.157561815524204,381.6283449312497,-192.10125327013444,-11.970544101815666,-0.6811277355969247,-3.2125743538512577,0.17499593098958333,1.0101765950520833,0.17499593098958333,1.0101765950520833,0,idle,58.514095694551585,355.3787189029954,56.66549899656972,378.78586421377423,0.04,0.045
1791317189.640786,58.46386031130031,378.37112341106075,-192.17138543273114,-12.022848107913573,-0.6937015042238931,-3.2572215201889696,0.17499593098958333,1.0101765950520833,0.17499593098958333,1.0101765950520833,0,idle,63.50562273017685,380.4271983436118,56.34848875423737,375.7735704760866,0.04,0.045
1791317189.65737,57.75713475914123,375.06913065200234,-192.24526159679513,-12.080748919826988,-0.7067255521590803,-3.3019927590583973,0.17499593098958333,1.0101765950520833,0.17499593098958333,1.0101765950520833,0,idle,64.84556752667018,374.71768074245335,56.101953418307886,372.58388286829944,0.04,0.045
1791317189.6739671,57.036988774026334,371.7223972410278,-192.32256596016182,-12.143670126582725,-0.7201459851148956,-3.3467334109745592,0.17499593098958333,1.0101765950520833,0.17499593098958333,1.0101765950520833,0,idle,41.2044466803865,383.49675446759164,54.67293939555267,369.95012970783824,0.04,0.045
1791317189.691673,56.30307289296168,368.33108600011406,-192.4030112317225,-12.21111117348236,-0.7339158810646551,-3.391311240913757,0.17499593098958333,1.0101765950520833,0.17499593098958333,1.0101765950520833,0,idle,46.69278953827233,356.92829758671667,53.57671181567723,366.0772924229141,0.04,0.045
1791317189.708093,55.555078592551986,364.8954721064013,-192.48633779593905,-12.28263519795266,-0.7479943004096904,-3.435613893712763,0.17499593098958333,1.0101765950520833,0.17499593098958333,1.0101765950520833,0,idle,74.02029641744932,354.51238304316865,53.88829646037662,362.23521375489975,0.04,0.045
1791317189.7248142,54.79273312633845,361.41592558069226,-192.57231222827562,-12.357859460042905,-0.7623454662135383,-3.479546525709029,0.17499593098958333,1.0101765950520833,0.17499593098958333,1.0101765950520833,0,idle,52.62576514875374,365.1207327177841,53.100941701892616,359.07392050362034,0.04,0.045
1791317189.741442,54.015795049530155,357.8928959469411,-192.66072544375174,-12.436447657601502,-0.7769380768082893,-3.5230296337511566,0.17499593098958333,1.0101765950520833,0.17499593098958333,1.0101765950520833,0,idle,59.06490971645161,354.6954289641477,52.66104892965269,355.5081177745831,0.04,0.045
1791317189.75843,53.22405032639422,354.3268988580822,-192.75139067261662,-12.518103633808984,-0.7917447231359314,-3.565997088858926,0.17499593098958333,1.0101765950520833,0.17499593098958333,1.0101765950520833,0,idle,51.16684802930331,363.34983603070276,51.83418139765608,352.5125064529731,0.04,0.045
1791317189.775384,52.417308936056216,350.7185044857193,-192.84414139397194,-12.602566134294845,-0.8067413903380041,-3.6083943723628846,0.17499593098958333,1.0101765950520833,0.17499593098958333,1.0101765950520833,0,idle,52.610724926820666,351.2761988589844,51.106604253293206,349.02271641952893,0.04,0.045
1791317189.792288,51.59540190784624,347.0683274795589,-192.93882931312012,-12.689604373460286,-0.8219070282099749,-3.650177006160364,0.17499593098958333,1.0101765950520833,0.17499593098958333,1.0101765950520833,0,idle,33.24532667895366,342.31774237778393,49.43272869777675,345.2197995615893,0.04,0.045
1791317189.808596,50.75817872904989,343.37701831464915,-193.03532243649786,-12.77901423956764,-0.8372231787963492,-3.691309164909758,0.17499593098958333,1.0101765950520833,0.17499593098958333,1.0101765950520833,0,idle,66.54397020332408,335.3666868190274,49.49292875319759,341.22040021779696,0.04,0.045
1791317189.825378,49.905505077006545,339.64525585876925,-193.13350327564837,-12.870615015883713,-0.8526736520433454,-3.7317624558799194,0.17499593098958333,1.0101765950520833,0.17499593098958333,1.0101765950520833,0,idle,57.58360477389686,342.7545758994128,49.087422584791376,337.7519346687919,0.04,0.045
1791317189.84284,49.03726083465956,335.8737410074968,-193.23326719615545,-12.964246527770188,-0.8682442423469837,-3.7715148512724626,0.17499593098958333,1.0101765950520833,0.17499593098958333,1.0101765950520833,0,idle,73.55391120627208,332.5983958242624,49.48591498563578,333.9113186178566,0.04,0.045
1791317189.859157,48.15333835441339,332.063191249732,-193.334520916889,-13.059766647975591,-0.8839224802461705,-3.8105497577648295,0.17499593098958333,1.0101765950520833,0.17499593098958333,1.0101765950520833,0,idle,54.66242387406295,347.25060308852466,48.905014073823274,330.9582605715134,0.04,0.045
1791317189.876715,47.25364093985233,328.21433604122956,-193.4371811578929,-13.157049107834384,-0.8996974145610627,-3.8488552085024215,0.17499593098958333,1.0101765950520833,0.17499593098958333,1.0101765950520833,0,idle,52.69232167958927,316.3594297411866,48.239666910278565,326.57190658191973,0.04,0.045
1791317189.8933609,46.338851605825745,324.3310851723062,-193.5408433207763,-13.25566339740713,-0.9147893340265849,-3.8832508689233514,0.17499593098958333,0.6326436360677083,0.17499593098958333,0.6326436360677083,0,idle,58.711925496387984,324.7534313354702,47.89422997225878,322.7918944941201,0.04,0.045
1791317189.9095318,45.41047364417998,320.42058866096073,-193.64501750312823,-13.355156540728808,-0.9283779616457625,-3.9104965113454733,0.17499593098958333,0.42994588216145835,0.17499593098958333,0.42994588216145835,0,idle,63.09254823053405,322.1156724089606,47.77218682160906,319.0431117040839,0.04,0.045
1791317189.92626,44.470986992294605,316.49375758849544,-193.7490774127805,-13.454988887543605,-0.939486651885373,-3.9268310724652995,0.17499593098958333,0.08467000325520833,0.17499593098958333,0.08467000325520833,0,idle,39.08085824972703,327.3827961760344,46.44510807372385,315.7296064088394,0.04,0.045
1791317189.94315,43.52337295052918,312.56321918916836,-193.85251459546933,-13.554777142211577,-0.9476140417654265,-3.9305383993271024,0.17499593098958333,0.010420735677083333,0.17499593098958333,0.010420735677083333,0,idle,44.91473065658046,310.73251508275655,45.46835586318953,311.74574036317455,0.04,0.045
1791317189.960323,42.57068519254855,308.6415377415388,-193.95496554765793,-13.654273847345296,-0.9526877579806251,-3.9216814476295925,0.17499593098958333,0.010420735677083333,0.17499593098958333,0.010420735677083333,0,idle,43.71876680470959,322.1605307582339,44.47582304018394,308.54088250767944,0.04,0.045
1791317189.977181,41.61580979859629,304.7402576729099,-194.05617295407967,-13.75330109891886,-0.954875393952262,-3.901280068628906,0.17499593098958333,0.010420735677083333,0.17499593098958333,0.010420735677083333,0,idle,34.178674311139304,295.77755322319075,43.053833979477055,304.1964999782575,0.04,0.045
1791317189.9948401,40.661344829299225,300.8694584464936,-194.15595725055874,-13.851716567632979,-0.954464969297065,-3.87079922641628,0.17499593098958333,0.010420735677083333,0.17499593098958333,0.010420735677083333,0,idle,44.07861348094969,281.5418662877337,42.19833123371848,299.3865090286358,0.04,0.045
1791317190.011372,40,297.03761752917615,-194.2541957783028,-13.949397065802934,0.0,0.0,0.17499593098958333,0.010420735677083333,0.17499593098958333,0.010420735677083333,0,idle,28.041317275819985,285.1381566587851,41.49048053582355,298.6740914101433,0.04,0.045
1791317190.028884,40,297.03530488495306,-194.25444063733937,-14.254440637339366,0.0,0.0,0.17499593098958333,0.010420735677083333,0.17499593098958333,0.010420735677083333,0,idle,40.92047573926089,307.70094191807556,41.46198029599542,299.12543393553995,0.04,0.045
1791317190.046431,40,297.03363400081366,-194.25461769335877,-14.254617693358767,0.0,0.0,0.17499593098958333,0.010420735677083333,0.17499593098958333,0.010420735677083333,0,idle,55.72843390348226,292.97171482761314,42.17530297636976,298.8177479801436,0.04,0.045
1791317190.063027,40,297.0324267877082,-194.25474570563927,-14.254745705639268,0.0,0.0,0.17499593098958333,0.010420735677083333,0.17499593098958333,0.010420735677083333,0,idle,69.65354434807392,266.98525702024324,43.54921504495496,297.2261234321486,0.04,0.045
1791317190.0806432,40,297.0315545765974,-194.25483824937496,-14.254838249374943,0.0,0.0,0.17499593098958333,0.010420735677083333,0.17499593098958333,0.010420735677083333,0,idle,55.284470898231845,293.59130475605406,44.13597783761881,297.04438249834385,0.04,0.045
1791317190.0973718,40,297.0309244042568,-194.25490514592602,-14.254905145926013,0.0,0.0,0.17499593098958333,0.010420735677083333,0.17499593098958333,0.010420735677083333,0,idle,34.647363285572325,321.4685006508188,43.661547110016485,298.2655884059676,0.04,0.045
1791317190.114327,40,297.0304691048383,-194.25495349938623,-14.254953499386234,0.0,0.0,0.17499593098958333,0.010420735677083333,0.17499593098958333,0.010420735677083333,0,idle,21.017915611549533,282.59727204809155,42.529365535093135,297.4821725880738,0.04,0.045
1791317190.1314628,40,297.0301401510594,-194.25498844747742,-14.254988447477404,0.0,0.0,0.17499593098958333,0.010420735677083333,0.17499593098958333,0.010420735677083333,0,idle,40.11787970352449,316.0616086385976,42.4087912435147,298.4111443906,0.04,0.045
1791317190.148399,40,297.02986062883315,-194.25501815314416,-14.25501815314416,0.0,0.0,0.17499593098958333,0.051436360677083334,0.17499593098958333,0.051436360677083334,0,idle,29.144957728309834,302.4470490261874,41.745599567754454,298.6129396223794,0.04,0.045
1791317190.165317,40,297.02944955337995,-194.25506185086067,-14.255061850860676,0.0,0.0,0.17499593098958333,0.23948567708333332,0.17499593098958333,0.23948567708333332,0,idle,38.19276242478645,298.7090927782281,41.56795771060605,298.6177472801718,0.04,0.045
1791317190.182146,40,297.02881318336114,-194.2551295127406,-14.255129512740602,0.0,0.0,0.17499593098958333,0.31565755208333335,0.17499593098958333,0.31565755208333335,0,idle,37.778635341261364,313.37180705769134,41.378491592138815,299.35545026904776,0.04,0.045
1791317190.199574,40,297.0278286737783,-194.2552342103965,-14.2552342103965,0.0,0.0,0.17499593098958333,0.39234822591145835,0.17499593098958333,0.39234822591145835,0,idle,31.11044443440301,310.13352028701394,40.865089234252025,299.89435376994606,0.04,0.045
1791317190.2164538,40,297.02625482492937,-194.25540160846316,-14.255401608463169,0.0,0.0,0.17499593098958333,0.5134724934895833,0.17499593098958333,0.5134724934895833,0,idle,39.22960371740223,298.728876018166,40.783314958409534,299.83607988235707,0.04,0.045
1791317190.232666,40,297.02367135417984,-194.25567643018877,-14.255676430188771,0.0,0.0,0.17499593098958333,0.6756123860677083,0.17499593098958333,0.6756123860677083,0,idle,21.01393454536786,302.7781171910404,39.79484593775745,299.98318174779126,0.04,0.045
1791317190.249711,40,297.0193967688589,-194.25613120144592,-14.256131201445918,0.0,0.0,0.17499593098958333,0.8758382161458333,0.17499593098958333,0.8758382161458333,0,idle,38.572039182224714,283.8211618377966,39.733705599980816,299.17508075229154,0.04,0.045
1791317190.266602,40,297.0128112291501,-194.25683190572985,-14.25683190572985,0.0,0.0,0.17499593098958333,1.0101765950520833,0.17499593098958333,1.0101765950520833,0,idle,54.50814915718729,295.6445460429759,40.47242777784114,298.9985540168258,0.04,0.045
1791317190.282584,40,297.00387027916724,-194.2577833108262,-14.257783310826202,0.0,0.0,0.17499593098958333,1.0101765950520833,0.17499593098958333,1.0101765950520833,0,idle,58.06680276746589,269.7535249258047,41.352146527322375,297.5363025622747,0.04,0.045
1791317190.299432,40,296.99264467934375,-194.25897791699614,-14.258977916996148,0.0,0.0,0.17499593098958333,1.0101765950520833,0.17499593098958333,1.0101765950520833,0,idle,38.26687656591723,288.800434812149,41.19788302925212,297.09950917476846,0.04,0.045
1791317190.316304,40,296.9792730032947,-194.26040099992625,-14.26040099992624,0.0,0.0,0.17499593098958333,1.0101765950520833,0.17499593098958333,1.0101765950520833,0,idle,45.58498787705673,287.5685685004284,41.41723827164235,296.62296214105146,0.04,0.045
1791317190.333197,40,296.9639297029256,-194.26203400959406,-14.262034009594052,0.0,0.0,0.17499593098958333,1.0101765950520833,0.17499593098958333,1.0101765950520833,0,idle,39.36483657458275,319.15147439679197,41.31461818678937,297.7493877538385,0.04,0.045
1791317190.3501298,40,296.9468040025203,-194.2638568175426,-14.2638568175426,0.0,0.0,0.17499593098958333,1.0101765950520833,0.17499593098958333,1.0101765950520833,0,idle,24.22921012552559,300.9532691516398,40.46034778372618,297.90958182372856,0.04,0.045
1791317190.367794,40,296.9280863218945,-194.2658491631205,-14.26584916312049,0.0,0.0,0.17499593098958333,1.0101765950520833,0.17499593098958333,1.0101765950520833,0,idle,52.110095097134305,303.50725869333274,41.04283514939658,298.18946566720876,0.04,0.045
1791317190.3838909,40,296.9079598886011,-194.26799154742125,-14.267991547421236,0.0,0.0,0.17499593098958333,1.0101765950520833,0.17499593098958333,1.0101765950520833,0,idle,35.15365245238624,295.96231841375794,40.74837601454606,298.0781083045362,0.04,0.045
1791317190.401747,40,296.88659588608556,-194.27026575072847,-14.270265750728457,0.0,0.0,0.17499593098958333,1.0101765950520833,0.17499593098958333,1.0101765950520833,0,idle,55.64797964575649,293.2061165169666,41.49335619610658,297.8345087151577,0.04,0.045
1791317190.418397,40,296.86415097536434,-194.27265509714536,-14.272655097145346,0.0,0.0,0.17499593098958333,1.0101765950520833,0.17499593098958333,1.0101765950520833,0,idle,24.82808778626599,268.7818450467973,40.66009277561455,296.3818755317397,0.04,0.045
1791317190.434898,40,296.84076637753196,-194.27514455291,-14.275144552909996,0.0,0.0,0.17499593098958333,1.0101765950520833,0.17499593098958333,1.0101765950520833,0,idle,36.53760709819381,283.1365035170706,40.45396849174352,295.71960693100624,0.04,0.045
1791317190.452384,40,296.81656795301683,-194.27772071845706,-14.277720718457063,0.0,0.0,0.17499593098958333,1.0101765950520833,0.17499593098958333,1.0101765950520833,0,idle,34.9486141917703,286.74148025942407,40.178700776744854,295.27070059742715,0.04,0.045
1791317190.468961,40,296.79166688967314,-194.28037175554232,-14.28037175554233,0.0,0.0,0.17499593098958333,1.0101765950520833,0.17499593098958333,1.0101765950520833,0,idle,59.91114405927234,305.59271490875534,41.16532294087123,295.7868013129936,0.04,0.045
1791317190.48649,40,296.76616073613354,-194.28308727751218,-14.283087277512188,0.0,0.0,0.17499593098958333,1.0101765950520833,0.17499593098958333,1.0101765950520833,0,idle,33.69695411082657,288.1727332574222,40.791904499369,295.406097910215,0.04,0.045
1791317190.503082,40,296.7401346041807,-194.2858582215018,-14.285858221501794,0.0,0.0,0.17499593098958333,1.0101765950520833,0.17499593098958333,1.0101765950520833,0,idle,43.332647349298334,294.68341316548316,40.918941641865466,295.36996367297843,0.04,0.045
1791317190.52092,40,296.713662424866,-194.28867671485125,-14.28867671485124,0.0,0.0,0.17499593098958333,1.0101765950520833,0.17499593098958333,1.0101765950520833,0,idle,61.686546112274215,278.8114603478125,41.9573218653859,294.54203850672013,0.04,0.045
1791317190.5373561,40,296.6868081853472,-194.29153594352948,-14.291535943529466,0.0,0.0,0.17499593098958333,1.0101765950520833,0.17499593098958333,1.0101765950520833,0,idle,30.64041129418348,298.8505792500963,41.39147633682578,294.75746554388894,0.04,0.045
1791317190.55482,40,296.6596271023978,-194.29443002726674,-14.294430027266747,0.0,0.0,0.17499593098958333,1.0101765950520833,0.17499593098958333,1.0101765950520833,0,idle,43.49631208728672,308.6136834111565,41.49671812434883,295.45027643725234,0.04,0.045
1791317190.571794,40,296.63216670817513,-194.29735390400367,-14.297353904003673,0.0,0.0,0.17499593098958333,1.0101765950520833,0.17499593098958333,1.0101765950520833,0,idle,37.78178410620761,296.27595910735624,41.31097142344177,295.49156057075754,0.04,0.045
1791317190.588743,40,296.6055558633381,-194.3001873725148,-14.300187372514802,0.0,0.0,0.17499593098958333,0.8797749837239583,0.17499593098958333,0.8797749837239583,0,idle,39.11483867183508,308.1290700865109,41.20116478586144,296.12343604654524,0.04,0.045
1791317190.605689,40,296.58305925467613,-194.30258280027178,-14.30258280027178,0.0,0.0,0.17499593098958333,0.44752400716145835,0.17499593098958333,0.44752400716145835,0,idle,22.154939414433436,281.63154096547726,40.24885351729004,295.39884129249185,0.04,0.045
1791317190.622661,40,296.56641128123357,-194.30435548801353,-14.304355488013535,0.0,0.0,0.17499593098958333,0.060713704427083334,0.17499593098958333,0.060713704427083334,0,idle,24.517141520954528,286.94248813428555,39.46226791747326,294.97602363458157,0.04,0.045
1791317190.6395829,40,296.5543831889811,-194.3056362584597,-14.305636258459701,0.0,0.0,0.17499593098958333,0.010420735677083333,0.17499593098958333,0.010420735677083333,0,idle,33.06154274312928,284.81355470376826,39.14223165875606,294.4679001880409,0.04,0.045
1791317190.656448,40,296.54569292812005,-194.30656161728893,-14.306561617288931,0.0,0.0,0.17499593098958333,0.010420735677083333,0.17499593098958333,0.010420735677083333,0,idle,32.70890513389167,308.8566480174546,38.82056533251284,295.1873375795116,0.04,0.045
1791317190.673402,40,296.53941423333237,-194.30723019038297,-14.307230190382974,0.0,0.0,0.17499593098958333,0.010420735677083333,0.17499593098958333,0.010420735677083333,0,idle,14.926966164994688,302.98270411313297,37.625885374136935,295.5771059061927,0.04,0.045
1791317190.6905391,40,296.53487788610204,-194.3077132352663,-14.3077132352663,0.0,0.0,0.17499593098958333,-0.0061503092447916675,0.17499593098958333,-0.0061503092447916675,0,idle,38.32995103280801,291.94708439874285,37.661088657070486,295.3956048308202,0.04,0.045
1791317190.707488,40,296.5316003803198,-194.30806223569985,-14.308062235699852,0.0,0.0,0.17499593098958333,-0.038865152994791666,0.17499593098958333,-0.038865152994791666,0,idle,39.82798166189804,300.1632826203686,37.769433307311864,295.6339887202976,0.04,0.045
1791317190.724374,40,296.5294447526925,-194.30829177508778,-14.30829177508777,0.0,0.0,0.17499593098958333,-0.08821207682291667,0.17499593098958333,-0.08821207682291667,0,idle,18.194864538864827,314.7236321374885,36.79070486888951,296.58847089115716,0.04,0.045
1791317190.74122,40,296.52810966731346,-194.3084339402704,-14.30843394027039,0.0,0.0,0.17499593098958333,-0.11555582682291667,0.17499593098958333,-0.11555582682291667,0,idle,47.97433106671973,303.40477665484934,37.34988617878103,296.9292861793418,0.04,0.045
1791317190.758167,40,296.52731823549664,-194.30851821517354,-14.308518215173544,0.0,0.0,0.17499593098958333,-0.11555582682291667,0.17499593098958333,-0.11555582682291667,0,idle,47.24036197576969,300.74966130451423,37.84440996863046,297.1203049356004,0.04,0.045
1791317190.77508,40,296.52687726469145,-194.30856517159728,-14.308565171597278,0.0,0.0,0.17499593098958333,-0.11506754557291667,0.17499593098958333,-0.11506754557291667,0,idle,28.329985257819597,314.7752893267534,37.36868873308992,298.00305415515805,0.04,0.045
1791317190.792924,40,296.5265586633328,-194.30859909763524,-14.308599097635245,0.0,0.0,0.17499593098958333,0.010420735677083333,0.17499593098958333,0.010420735677083333,0,idle,50.71753016753516,313.89054750734897,38.03613080481218,298.7974288227676,0.04,0.045
1791317190.8095381,40,296.52632847387633,-194.30862360921105,-14.308623609211045,0.0,0.0,0.17499593098958333,0.010420735677083333,0.17499593098958333,0.010420735677083333,0,idle,56.42429227445766,302.87788787652397,38.955538878294455,299.0014517754554,0.04,0.045
1791317190.826421,40,296.5261621620071,-194.3086413188328,-14.308641318832784,0.0,0.0,0.17499593098958333,0.010420735677083333,0.17499593098958333,0.010420735677083333,0,idle,51.06508654883028,315.07771472099495,39.561016261821244,299.80526492273236,0.04,0.045
1791317190.843057,40,296.52604200168844,-194.30865411403957,-14.308654114039566,0.0,0.0,0.17499593098958333,0.010420735677083333,0.17499593098958333,0.010420735677083333,0,idle,55.45120960975957,280.93011066279996,40.35552592921816,298.86150720973575,0.04,0.045
1791317190.859885,40,296.5259551858618,-194.30866335857957,-14.30866335857955,0.0,0.0,0.17499593098958333,-0.010056559244791667,0.17499593098958333,-0.010056559244791667,0,idle,51.853571541808996,316.12922388381264,40.930428209847705,299.7248930434396,0.04,0.045
1791317190.8765461,40,296.52592113973554,-194.30866698396542,-14.308666983965413,0.0,0.0,0.17499593098958333,-0.08235270182291667,0.17499593098958333,-0.08235270182291667,0,idle,37.082809490409275,290.55777803654297,40.738047273875786,299.26653729309476,0.04,0.045
1791317190.893106,40,296.52592057960317,-194.30866704361088,-14.308667043610887,0.0,0.0,0.17499593098958333,-0.16633707682291668,0.17499593098958333,-0.16633707682291668,0,idle,34.23637630694884,326.2557549797865,40.41296372552944,300.61599817742933,0.04,0.045
1791317190.9099588,40.000009445234426,296.5259576113395,-194.30866310030203,165.691336899698,9.445234428386005e-06,3.7031736304893485e-05,0.17499593098958333,-0.26548868815104165,0.17499593098958333,-0.26548868815104165,0,idle,42.146640196200664,294.66948626552517,40.4996565220357,300.31870776198366,0.04,0.045
1791317190.926595,40.00010664063211,296.5263386843043,-194.30862547938915,165.69137177867938,9.719539768371186e-05,0.0003810729647650144,0.17499593098958333,-0.49894816080729165,0.17499593098958333,-0.49894816080729165,0,idle,62.2180310735797,308.17766710291903,41.5856675852407,300.71201774834697,0.04,0.045
1791317190.9433842,40.00052013428589,296.5279598785929,-194.30848328106129,165.69149116701502,0.00041349365377762987,0.0016211942886570595,0.17499593098958333,-0.6444864908854167,0.17499593098958333,-0.6444864908854167,0,idle,48.148407684155934,339.8312090578413,41.91419740915755,302.6695174483959,0.04,0.045
1791317190.9608488,40.0017308580591,296.53270689509424,-194.30810727191212,165.69178987252852,0.0012107237732069441,0.0047470165012857045,0.17499593098958333,-0.8061381022135417,0.17499593098958333,-0.8061381022135417,0,idle,54.23578011502747,294.6375520955217,42.53142673203559,302.2724288464284,0.04,0.045
1791317190.97739,40.00460328892745,296.5439696656801,-194.3072870781344,165.692421136906,0.002872430868353315,0.011262770585880854,0.17499593098958333,-0.9897928873697917,0.17499593098958333,-0.9897928873697917,0,idle,24.799037811355717,286.36944305428955,41.64753609532653,301.487979188878,0.04,0.045
1791317190.994921,40.01033174704177,296.5664327111293,-194.30579461182174,165.69353442910116,0.005728458114318375,0.02246304544922099,0.17499593098958333,-0.9897928873697917,0.17499593098958333,-0.9897928873697917,0,idle,33.265791696094794,295.9324473885885,41.23389091057355,301.2315424920403,0.04,0.045
1791317191.011789,40.020355150099135,296.6057425708821,-194.30340274816996,165.6952845876065,0.010023403057369087,0.039309859752789014,0.17499593098958333,-0.9897928873697917,0.17499593098958333,-0.9897928873697917,0,idle,61.35258314555965,290.89840604778664,42.249347755227355,300.7522300365928,0.04,0.045
1791317191.028783,40.03626552057171,296.6681515511692,-194.29989670857782,165.69782687968126,0.0159103704725748,0.06240898028710182,0.17499593098958333,-0.9897928873697917,0.17499593098958333,-0.9897928873697917,0,idle,38.84333624442606,290.505366211778,42.09416203163624,300.29917537662476,0.04,0.045
1791317191.0453749,40.0597236396707,296.7601902273292,-194.29508049137308,165.7013124603034,0.02345811909899103,0.09203867615994936,0.17499593098958333,-0.9897928873697917,0.17499593098958333,-0.9897928873697917,0,idle,36.25192959981338,286.679481409437,41.824335623189135,299.70562742061736,0.04,0.045
1791317191.0624819,40.09238798526653,296.88839257830637,-194.28877999440112,165.70588529904518,0.032664345595823256,0.12820235097719052,0.17499593098958333,-0.9897928873697917,0.17499593098958333,-0.9897928873697917,0,idle,43.88555773295674,315.2950103606958,41.95842785699355,300.6068888010496,0.04,0.045
1791317191.078958,40.135858832727386,297.0590808797527,-194.28084397692686,165.71168019508065,0.0434708474608598,0.170688301446344,0.17499593098958333,-0.9897928873697917,0.17499593098958333,-0.9897928873697917,0,idle,44.506173534723175,267.7807282600758,42.12711244596785,299.1277346603749,0.04,0.045
1791317191.095636,40.19163704152541,297.2782082340631,-194.27114365544912,165.71882156089674,0.05577820879802258,0.21912735431040908,0.17499593098958333,-0.9897928873697917,0.17499593098958333,-0.9897928873697917,0,idle,39.928695757442476,280.14696650693224,42.070180909899705,298.38686723929766,0.04,0.045
1791317191.1121888,40.26109587427984,297.55125202709445,-194.25957147825665,165.72742275924958,0.0694588327544302,0.2730437930313758,0.17499593098958333,-0.9897928873697917,0.17499593098958333,-0.9897928873697917,0,idle,48.66692713466803,308.04412406329857,42.46600411225483,299.1291216838775,0.04,0.045
1791317191.1299992,40.3454637284048,297.88314981491874,-194.24603944748628,165.7375858431529,0.08436785412496464,0.3318977878243158,0.17499593098958333,-0.9897928873697917,0.17499593098958333,-0.9897928873697917,0,idle,36.226390799469335,301.5424602098956,42.23417290803427,299.5650915086115,0.04,0.045
1791317191.146921,40.44581560190011,298.27826896491274,-194.23047723396743,165.74940159026175,0.1003518734953069,0.39511914999397757,0.17499593098958333,-0.9897928873697917,0.17499593098958333,-0.9897928873697917,0,idle,37.64910678418116,301.9033140511443,42.100253881662155,300.05736582823243,0.04,0.045
1791317191.163994,40.56307127393947,298.7404020499922,-194.21283024409587,165.76294975119825,0.1172556720393652,0.4621330850794477,0.17499593098958333,-0.9897928873697917,0.17499593098958333,-0.9897928873697917,0,idle,48.12330508436604,286.8695337889998,42.51279933023474,299.8370006570963,0.04,0.045
1791317191.180959,40.69799844094868,299.27278105960244,-194.19305773851303,165.77829945129704,0.1349271670092095,0.532379009610205,0.17499593098958333,-0.9897928873697917,0.17499593098958333,-0.9897928873697917,0,idle,34.035715247010614,302.78130616759785,42.21712593473229,300.4899759917511,0.04,0.045
1791317191.197833,40.85121934053986,299.87810467185733,-194.17113106169307,165.7955096997136,0.15322089959118576,0.6053236122549092,0.17499593098958333,-0.9897928873697917,0.17499593098958333,-0.9897928873697917,0,idle,48.88967969597647,295.08487677175464,42.69631347740612,300.7947784623934,0.04,0.045
1791317191.214832,41.02321968004456,300.5585739745181,-194.14703201410208,165.81462997053038,0.17200033950469948,0.680469302660735,0.17499593098958333,-0.9897928873697917,0.17499593098958333,-0.9897928873697917,0,idle,52.46906369852501,278.26021982919787,43.34835131099153,300.31449636826136,0.04,0.045
1791317191.231155,41.214369807781125,301.31593031716557,-194.12327146708455,165.83487907839603,0.19115012773656598,0.7573563426475021,0.11765340169270833,-0.9897928873697917,0.11765340169270833,-0.9897928873697917,0,idle,46.71024932881259,297.30640994561077,43.69803883323232,300.88358057264395,0.04,0.045
1791317191.2486799,41.42495824672099,302.1514924090733,-194.10467856610853,165.85422906943958,0.21058843893986798,0.8355620919077318,0.03775838216145833,-0.9897928873697917,0.03775838216145833,-0.9897928873697917,0,idle,24.056326236190255,290.7302912071856,42.916012220373084,301.16970009168335,0.04,0.045
1791317191.265346,41.65520585384695,303.06619853714403,-194.09195331330798,165.8711731169124,0.23024760712595826,0.9147061280707358,-0.04964396158854167,-0.9897928873697917,-0.04964396158854167,-0.9897928873697917,0,idle,58.593417735610885,312.1574203009174,43.918617722904635,302.58805692381225,0.04,0.045
1791317191.2828329,41.90528241238767,304.06064691375997,-194.08626580088813,165.88437133468162,0.25007655854072103,0.9944483766159542,-0.15331217447916667,-0.9897928873697917,-0.15331217447916667,-0.9897928873697917,0,idle,36.419425411985294,281.0212518692419,43.78123083797235,302.4544426288689,0.04,0.045
1791317191.299289,42.17530473165751,305.1351384075915,-194.08563660791114,165.89354418180022,0.2700223192698402,1.0744914938315175,-0.2563700358072917,-0.9897928873697917,-0.2563700358072917,-0.9897928873697917,0,idle,45.0640133156319,317.0120332761007,44.10189116516168,304.20308908037043,0.04,0.045
1791317191.316757,42.465326873723285,306.2897183753032,-194.08688770640714,165.89945387564148,0.29002214206577376,1.1545799677116821,-0.3472819010416667,-0.9897928873697917,-0.3472819010416667,-0.9897928873697917,0,idle,55.900057780217594,309.36996724654915,44.96732053087696,305.55828395800546,0.04,0.045
1791317191.3332732,42.77540295582823,307.5241970738582,-194.09819991474086,165.9001543126676,0.31007608210494464,1.2344786985549834,-0.4445414225260417,-0.9897928873697917,-0.4445414225260417,-0.9897928873697917,0,idle,60.410906166514806,332.35083757281603,46.03407209065855,308.07066640237326,0.04,0.045
1791317191.35085,43.10576853502842,308.83813680446946,-194.14573427735368,165.88659889281703,0.33036557920019394,1.313939730611238,-0.7190165201822917,-0.9897928873697917,-0.7190165201822917,-0.9897928873697917,0,idle,50.60556036534864,323.0056410210889,46.57649380463323,310.06565787738975,0.04,0.045
1791317191.367641,43.45706378531321,310.23082408957384,-194.2628448663745,165.8428800087001,0.3512952502847911,1.3926872851043632,-0.8533548990885417,-0.9897928873697917,-0.8533548990885417,-0.9897928873697917,0,idle,63.370587459872425,312.02854291666733,47.749928975165744,311.4868550502028,0.04,0.045
1791317191.3839612,43.83057406967502,311.7012304773671,-194.48688060248523,165.74726803425293,0.37351028436181044,1.4704063877932827,-0.9616312662760417,-0.9897928873697917,-0.9616312662760417,-0.9897928873697917,0,idle,56.21588651919905,304.942296226335,48.52806162251113,312.556513177413,0.04,0.045
1791317191.400623,44.22839129931383,313.2479826639981,-194.84686447639606,165.57641417722874,0.39781722963880356,1.5467521866309282,-1.0108561197916666,-0.9897928873697917,-1.0108561197916666,-0.9897928873697917,0,idle,39.25593321164873,294.6812717950674,48.44238157012487,313.13216568559517,0.04,0.045
1791317191.4172359,44.653437848078305,314.8693547827179,-195.35591866205658,165.31033126894684,0.4250465487644799,1.6213721187198231,-1.0108561197916666,-0.9897928873697917,-1.0108561197916666,-0.9897928873697917,0,idle,45.15508244573686,317.0328238499111,48.68181083523172,314.86750210659477,0.04,0.045
1791317191.434956,45.10943762567945,316.563261193518,-196.02057649281124,164.9331502305188,0.4559997776011444,1.6939064108001087,-1.0108561197916666,-0.9897928873697917,-1.0108561197916666,-0.9897928873697917,0,idle,36.830994461080806,333.03909070486014,48.522469805245265,317.3852926267681,0.04,0.045
1791317191.451943,45.600851046234204,318.3272466558169,-196.84258360917354,164.433155588859,0.4914134205547577,1.763985462298956,-1.0108561197916666,-0.9897928873697917,-1.0108561197916666,-0.9897928873697917,0,idle,57.61314942208444,313.8322408900179,49.44384653561424,318.88342622911455,0.04,0.045
1791317191.46888,46.13278657527776,320.1584727925872,-197.8202742191164,163.80244803468395,0.5319355290435546,1.8312261367702747,-1.0108561197916666,-0.9897928873697917,-1.0108561197916666,-0.9897928873697917,0,idle,59.29503330141755,316.0734455249052,50.44174462649578,320.4825920238359,0.04,0.045
1791317191.485491,46.71089829517259,322.0537011148058,-198.9496190777671,163.03643874470714,0.5781117198948297,1.895228322218617,-1.0108561197916666,-0.9897928873697917,-1.0108561197916666,-0.9897928873697917,0,idle,38.66277723404414,316.5847564101474,50.40200239077329,322.0881671492591,0.04,0.045
1791317191.502538,47.34127637926314,324.009273670868,-200.2250204280784,162.13329304015525,0.6303780840905536,1.955572556062212,-1.0108561197916666,-0.9897928873697917,-1.0108561197916666,-0.9897928873697917,0,idle,33.539677164343175,335.58999047669863,50.15774530933781,324.62105224389023,0.04,0.045
1791317191.519371,48.0303353858887,326.0210927521589,-201.63991114108114,161.0933883127457,0.6890590066255571,2.011819081290879,-1.0108561197916666,-0.9897928873697917,-1.0108561197916666,-0.9897928873697917,0,idle,61.24668262458006,316.76378358010044,51.3667982313942,326.1394169379271,0.04,0.045
1791317191.5362718,48.78470376468448,328.0846011555929,-203.18720162545537,159.91881957948718,0.7543683787957851,2.063508403433986,-1.0108561197916666,-0.9897928873697917,-1.0108561197916666,-0.9897928873697917,0,idle,64.99252174713143,336.3996220783827,52.76473436703705,328.61276017821217,0.04,0.045
1791317191.553115,49.61111681787965,330.19476438864194,-204.85960808647982,158.61296730212817,0.826413053195165,2.1101632330490183,-1.0108561197916666,-0.9897928873697917,-1.0108561197916666,-0.9897928873697917,0,idle,55.30035422739334,344.76480022463005,53.67660776059027,331.42501725192966,0.04,0.045
1791317191.570118,50.516314503754124,332.3460559886044,-206.6498884131084,157.18013122108883,0.9051976858744755,2.151291599962436,-1.0108561197916666,-0.9897928873697917,-1.0108561197916666,-0.9897928873697917,0,idle,28.98847257891368,312.81432984716946,53.302138803087196,332.538209901656,0.04,0.045
1791317191.587958,51.50694484714421,334.53244687707894,-208.55100651388406,155.6252278591201,0.9906303433900902,2.186390888474529,-1.0108561197916666,-0.9897928873697917,-1.0108561197916666,-0.9897928873697917,0,idle,48.34717704487192,348.29104199578046,53.99548954139701,335.402922850413,0.04,0.045
1791317191.604846,52.58947328314574,336.7473994228098,-210.55624171227828,153.95354617864876,1.0825284360015295,2.2149525457308665,-1.0108561197916666,-0.9897928873697917,-1.0108561197916666,-0.9897928873697917,0,idle,40.6317743639231,309.53113594319274,54.35570579672477,336.2135384234963,0.04,0.045
1791317191.62174,53.770097964242005,338.98386666438523,-212.65925646904847,152.17055447438062,1.1806246810962633,2.236467241575463,-1.0108561197916666,-0.9897928873697917,-1.0108561197916666,-0.9897928873697917,0,idle,44.72676010948235,332.79033607325323,54.9958519594041,338.1670221854808,0.04,0.045
1791317191.6385431,55.05467087471678,341.2342969594809,-214.8541329907064,150.281751230538,1.2845729104747743,2.2504302950956676,-1.0108561197916666,-0.9897928873697917,-1.0108561197916666,-0.9897928873697917,0,idle,44.43749986057192,339.9255680467979,55.68827861941352,340.39285825888754,0.04,0.045
1791317191.654977,56.44862449236886,343.490644181879,-217.13538706689386,148.29255292085867,1.393953617652082,2.256347222398138,-1.0108561197916666,-0.9897928873697917,-1.0108561197916666,-0.9897928873697917,0,idle,72.37667243705737,353.9794105259338,57.84695424706519,343.2157157335181,0.04,0.045
1791317191.671494,57.956903694446076,345.74438347865737,-219.4979656635006,146.20821229881045,1.5082792020772184,2.2537392967783676,-1.0108561197916666,-0.9897928873697917,-1.0108561197916666,-0.9897928873697917,0,idle,65.77370215453327,341.02591036767575,59.67615688441195,345.2472777971654,0.04,0.045
1791317191.68848,59.58390260500629,347.9865325222762,-221.93723331734986,144.03376144201667,1.6269989105602076,2.242149043618852,-1.0108561197916666,-0.9897928873697917,-1.0108561197916666,-0.9897928873697917,0,idle,67.13984405765966,341.70261386846363,61.59499020810654,347.2000861921682,0.04,0.045
1791317191.7049658,61.3334061109253,350.20767813927574,-224.44895118050692,141.77397457351748,1.7495035059190154,2.221145616999512,-1.0108561197916666,-0.9897928873697917,-1.0108561197916666,-0.9897928873697917,0,idle,63.07675064084014,350.4647776667798,63.33110656036628,349.4734091020484,0.04,0.045
1791317191.72244,63.20853582289192,352.3980081624087,-227.02925160363532,139.43334642166775,1.8751297119666117,2.190330023132982,-1.0108561197916666,-0.9897928873697917,-1.0108561197916666,-0.9897928873697917,0,idle,45.32233052219287,336.14624062507005,64.21204098482589,350.8878642001758,0.04,0.045
1791317191.738917,65.21170031783026,354.54734833038833,-229.67461038938362,137.0160825663517,2.0031644949383525,2.1493401679796107,-1.0108561197916666,-0.9897928873697917,-1.0108561197916666,-0.9897928873697917,0,idle,57.42476153695593,368.3397760706581,65.77568328262382,353.80233295328054,0.04,0.045
1791317191.7564611,67.34454956414524,356.645204044082,-232.38181825395478,134.52609883534663,2.132849246314973,2.0978557136936664,-1.0108561197916666,-0.9897928873697917,-1.0108561197916666,-0.9897928873697917,0,idle,86.55291522870226,366.0355815613668,68.84075166392697,356.4069583116938,0.04,0.045
1791317191.7730272,69.60793349646292,358.68080677602177,-235.14795257740923,131.967027355416,2.263383932317679,2.035602731939788,-1.0108561197916666,-0.9897928873697917,-1.0108561197916666,-0.9897928873697917,0,idle,76.58862335386347,343.5735664778074,71.37835998412558,357.6991113153423,0.04,0.045
1791317191.790736,72.00186476885042,360.64316491862,-237.97035017463935,129.3422273287951,2.3939312723874986,1.9623581425982197,-1.0108561197916666,-0.9897928873697917,-1.0108561197916666,-0.9897928873697917,0,idle,98.99068074018567,343.28642880737334,75.03321073069671,358.84271742541216,0.04,0.045
1791317191.807096,74.52547909674992,362.5211308109691,-240.84563989736867,126.65504646268245,2.5236143278994985,1.877965892349083,-1.0108561197916666,-0.9897928873697917,-1.0108561197916666,-0.9897928873697917,0,idle,97.57084391897051,371.4590555532095,78.55752600161492,361.2576019295337,0.04,0.045
1791317191.824054,77.17695192614646,364.3035760142728,-243.762712373535,123.91085718322962,2.6514728293965417,1.7824452033036895,-1.0108561197916666,-0.9897928873697917,-1.0108561197916666,-0.9897928873697917,0,idle,75.03231945375076,370.9046379639743,80.90016486214842,363.43327667439416,0.04,0.045
1791317191.841623,79.95351509840303,365.979420448603,-246.72073732433086,121.11383337928908,2.7765631722565667,1.6758444343302012,-1.0108561197916666,-0.9897928873697917,-1.0108561197916666,-0.9897928873697917,0,idle,86.45819007545086,367.560410804254,83.81580113645728,365.23168559350086,0.04,0.045
1791317191.858594,82.85146699095394,367.5376715074091,-249.7189002702001,118.26726189122387,2.8979518925509042,1.5582510588061096,-1.0108561197916666,-0.9897928873697917,-1.0108561197916666,-0.9897928873697917,0,idle,67.53077508156441,379.3068104931717,85.754604131636,367.4157803443502,0.04,0.045
1791317191.875607,85.86617913319236,368.9674712555656,-252.75640233576996,115.37377186509426,3.014712142238425,1.429799748156546,-1.0108561197916666,-0.9897928873697917,-1.0108561197916666,-0.9897928873697917,0,idle,82.80060636822964,369.2282938442769,88.47088077859219,368.86471578009525,0.04,0.045
1791317191.892599,88.99210162555924,370.25815018538066,-255.8324600405556,112.43550385145826,3.125922492366889,1.2906789298150176,-1.0108561197916666,-0.9897928873697917,-1.0108561197916666,-0.9897928873697917,0,idle,91.81925044492169,371.90289190288433,91.6079256296572,370.242769569559,0.04,0.045
1791317191.9093828,92.222769178856,371.3992862721399,-258.94630507843857,109.45423458081507,3.2306675532967586,1.14113608675923,-1.0108561197916666,-0.9897928873697917,-1.0108561197916666,-0.9897928873697917,0,idle,98.93039768737701,385.401299602255,95.04318340817511,372.0847753536151,0.04,0.045
1791317191.9263191,95.55080919903423,372.3807682623473,-262.0971840884542,106.43146907547023,3.328040020178241,0.9814819902074157,-1.0108561197916666,-0.9897928873697917,-1.0108561197916666,-0.9897928873697917,0,idle,87.68788377084137,380.97241239367725,97.83705644547774,373.46156509631527,0.04,0.045
1791317191.9434738,98.96795303935141,373.19286226338306,-265.28435841902495,103.36850866185094,3.4171438403171757,0.8120940010357434,-1.0108561197916666,-0.9897928873697917,-1.0108561197916666,-0.9897928873697917,0,idle,92.86853295829313,367.9494648542366,100.83491691941984,373.9574493851953,0.04,0.045
1791317191.960421,102.46505130376025,373.8262807975964,-268.5071038874414,100.26650118953134,3.497098264408834,0.6334185342132934,-1.0108561197916666,-0.9897928873697917,-1.0108561197916666,-0.9897928873697917,0,idle,110.51714503994118,348.96796213014136,104.6412716766343,373.3097226299452,0.04,0.045
1791317191.977202,106.03209389548401,374.2722535480557,-271.7647105361048,97.12647810881691,3.567042591723768,0.4459727504593323,-1.0108561197916666,-0.9897928873697917,-1.0108561197916666,-0.9897928873697917,0,idle,115.39036849122161,395.57579355374065,108.56741697950125,374.84670028907135,0.04,0.045
1791317191.994891,109.65823535005869,374.5225990657692,-275.0564823868032,93.94938184230956,3.626141454574676,0.25034551771350266,-1.0108561197916666,-0.9897928873697917,-1.0108561197916666,-0.9897928873697917,0,idle,118.6701402512013,368.570868756767,112.51738752493219,374.77073695428396,0.04,0.045
1791317192.011512,113.33182586313097,374.5697967356164,-278.38173719408604,90.7360859893153,3.6735905130722775,0.04719766984722659,-1.0108561197916666,-0.9897928873697917,-1.0108561197916666,-0.9897928873697917,0,idle,97.96337296529126,355.9572067825145,115.27959778436882,373.8748982320503,0.04,0.045
1791317192.028219,117.04044831290348,374.4070583154253,-281.73980619862766,87.48741024003726,3.7086224497725078,-0.1627384201911585,-1.0108561197916666,-0.9897928873697917,-1.0108561197916666,-0.9897928873697917,0,idle,121.63559636369624,359.49334716833437,119.12058904061907,373.00121917968295,0.04,0.045
1791317192.0460758,120.77096148010133,374.02839837335983,-285.1300338813213,84.2041313872546,3.730513167197849,-0.3786599420654167,-1.0108561197916666,-0.9897928873697917,-1.0108561197916666,-0.9897928873697917,0,idle,116.35612258606562,369.44725419300454,122.52635322672936,372.46379398538687,0.04,0.045
1791317192.0638201,124.50954958089598,373.42870295596066,-288.5517777187188,80.88699146131158,3.738588100794647,-0.5996954173991538,-1.0108561197916666,-0.9897928873697917,-1.0108561197916666,-0.9897928873697917,0,idle,135.24150130736882,370.9928221704066,126.71376932651624,371.8205347481086,0.04,0.045
1791317192.080245,128.24177814762982,372.60379582503754,-292.00440794032545,77.53670374646548,3.7322285667338257,-0.8249071309231072,-1.0108561197916666,-0.9897928873697917,-1.0108561197916666,-0.9897928873697917,0,idle,114.45176393820682,365.82990265456095,129.6462861954979,370.73734136905426,0.04,0.045
1791317192.097138,131.95265621651296,371.5505016078911,-295.4873072881677,74.15395723846706,3.7108780688831566,-1.053294217146456,-1.0108561197916666,-0.9897928873697917,-1.0108561197916666,-0.9897928873697917,0,idle,123.96009287936981,362.28083300088224,132.88731069513048,369.3138864443565,0.04,0.045
1791317192.114773,135.62670470940145,370.26670521337104,-298.9998707789758,70.73941995659203,3.674048492888492,-1.2837963945200208,-1.0108561197916666,-0.9897928873697917,-1.0108561197916666,-0.9897928873697917,0,idle,126.7492663067858,374.2721724147222,136.07075454395732,368.34219416808077,0.04,0.045
1791317192.13079,139.24816520941087,368.75161753419,-302.5275657969423,67.2973348305505,3.6214605000094298,-1.515087679181001,-0.9291910807291667,-0.9897928873697917,-0.9291910807291667,-0.9897928873697917,0,idle,147.45981697033463,371.55204854834403,140.08059514028514,367.063353591872,0.04,0.045
1791317192.1473012,142.8123109719431,367.02146421129237,-305.00119180202114,64.10654194791967,3.564145762532223,-1.7301533228976653,0.07364705403645833,-0.9897928873697917,0.07364705403645833,-0.9897928873697917,0,idle,127.60978255117112,373.1720843473059,142.84299298523507,365.7251444728909,0.04,0.045
1791317192.164874,146.32240345409085,365.10085483951025,-306.6615353445452,61.31394374533028,3.5100924821477477,-1.920609371782125,0.17499593098958333,-0.9897928873697917,0.17499593098958333,-0.9897928873697917,0,idle,137.17659037401734,360.89887595295374,145.89426071271453,363.65925214370105,0.04,0.045
1791317192.181387,149.7861247640682,363.01660415848755,-307.76064594580487,58.96310389930895,3.4637213099773665,-2.0842506810226666,0.17499593098958333,-0.9897928873697917,0.17499593098958333,-0.9897928873697917,0,idle,171.9737593800926,374.40207525304226,150.4887708905619,362.2163551521966,0.04,0.045
1791317192.198797,153.21308299365165,360.79449552979037,-308.47337827249396,57.039813601522816,3.426958229583435,-2.222108628697196,0.17499593098958333,-0.9897928873697917,0.17499593098958333,-0.9897928873697917,0,idle,137.90943746362174,368.0579277517132,153.11541453731917,360.3974305849101,0.04,0.045
1791317192.215318,156.6132066422181,358.4577256383019,-308.9225525833451,55.50080515196869,3.400123648566448,-2.336769891488469,0.17499593098958333,-0.9897928873697917,0.17499593098958333,-0.9897928873697917,0,idle,156.32341670261147,359.3161024303674,156.5059321117219,358.12343278026896,0.04,0.045
1791317192.2328389,159.9957998407167,356.02630610479673,-309.194680494359,54.29129078403842,3.382593198498592,-2.431419533505162,0.17499593098958333,-0.9897928873697917,0.17499593098958333,-0.9897928873697917,0,idle,156.29217956737898,364.11009509827915,159.70870802307843,356.11291733933956,0.04,0.045
1791317192.249452,163.3690550756018,353.51699658749385,-309.35053969321604,53.35504276003541,3.3732552348850935,-2.5093095173028725,0.17499593098958333,-0.9897928873697917,0.17499593098958333,-0.9897928873697917,0,idle,161.99429758181003,354.3064612893889,163.02757997415586,353.6387504954043,0.04,0.045
1791317192.265952,166.73986412807378,350.94351719563593,-309.43256679983085,52.639697701036184,3.370809052471961,-2.5734793918579015,0.17499593098958333,-0.9897928873697917,0.17499593098958333,-0.9897928873697917,0,idle,170.80333248405668,340.22263602843793,166.61863619949926,350.52313934979094,0.04,0.045
1791317192.283343,170.113811295807,348.316891143529,-309.47012186577876,52.09915575759124,3.3739471677332302,-2.6266260521069196,0.17499593098958333,-0.9897928873697917,0.17499593098958333,-0.9897928873697917,0,idle,156.462758272256,338.52331420013087,169.31609211248366,347.4278533428064,0.04,0.045
1791317192.300742,173.4952689147155,345.6458309635293,-309.48326551374254,51.69430407605293,3.381457618908491,-2.671060179999707,0.17499593098958333,-0.9897928873697917,0.17499593098958333,-0.9897928873697917,0,idle,182.9467463995173,333.0333173229771,173.2100095647984,344.1706193708152,0.04,0.045
1791317192.317127,176.88754252478248,342.9371196563474,-309.48547436708316,51.39283250351778,3.3922736100669724,-2.7087113071819,0.17499593098958333,-0.9897928873697917,0.17499593098958333,-0.9897928873697917,0,idle,200.55608156363877,337.8903913749986,177.79997309430405,341.28333222920156,0.04,0.045
1791317192.3462842,180.29303557020796,340.1959648887268,-309.48535703958305,51.16866229378309,3.405493045425496,-2.7411547676206167,0.17499593098958333,-0.9897928873697917,0.17499593098958333,-0.9897928873697917,0,idle,184.8542902279773,363.6398995643587,181.38790734414192,339.7970635667198,0.04,0.045
1791317192.351192,183.71349234366352,337.4264097300265,-309.4817232690909,51.00279359173991,3.420456773455544,-2.7695551587002982,0.17499593098958333,-0.9897928873697917,0.17499593098958333,-0.9897928873697917,0,idle,192.454080858198,367.7336118542699,185.1906499546275,338.56281358033203,0.04,0.045
1791317192.368584,187.1502077726169,334.6316743025135,-309.47120168043824,50.88200644014603,3.4367154289533817,-2.7947354275129848,0.17499593098958333,-0.9897928873697917,0.17499593098958333,-0.9897928873697917,0,idle,201.1873288857059,325.70633402130466,189.25536355868715,335.2649909462433,0.04,0.045
1791317192.3849778,190.6041663430329,331.81438985781205,-309.451947045056,50.79696597791701,3.453958570415992,-2.8172844447014636,0.17499593098958333,-0.9897928873697917,0.17499593098958333,-0.9897928873697917,0,idle,169.2915559656712,321.87334710295164,191.53843382093157,331.91898853161234,0.04,0.045
1791317192.402408,194.0761336588084,328.9767592370721,-309.42313750213424,50.74095265726819,3.4719673157755193,-2.837630620739952,0.17499593098958333,-0.9897928873697917,0.17499593098958333,-0.9897928873697917,0,idle,183.62056061871618,342.005705654387,194.44090911080755,329.7275752980481,0.04,0.045
1791317192.4198568,197.56671661282604,326.1206671441066,-309.3846210186948,50.70901423899645,3.490582954017641,-2.856092092965469,0.17499593098958333,-0.9897928873697917,0.17499593098958333,-0.9897928873697917,0,idle,213.28188923592165,319.0583506848869,198.69901192338003,326.48082657907287,0.04,0.045
1791317192.436376,201.0764029571053,323.2477563239856,-309.3366687795266,50.69740133976144,3.5096863442792645,-2.8729108201210143,0.17499593098958333,-0.9897928873697917,0.17499593098958333,-0.9897928873697917,0,idle,210.78337063080517,324.2284722924329,202.63743188581657,323.6389435856259,0.04,0.045
1791317192.452907,204.60558749626153,320.3594806493842,-309.279804919439,50.70319281748049,3.529184539156226,-2.8882756746013767,0.17499593098958333,-0.9897928873697917,0.17499593098958333,-0.9897928873697917,0,idle,199.9149658479058,311.91028934839306,205.85403389611946,320.3086489828929,0.04,0.045
1791317192.470015,208.15458969502416,317.45714260092484,-309.21469052559155,50.724047656632855,3.549002198762614,-2.902338048459339,0.17499593098958333,-0.9897928873697917,0.17499593098958333,-0.9897928873697917,0,idle,206.81805962045826,337.71986077655407,209.2737872711609,318.4219884265396,0.04,0.045
1791317192.4874501,211.72366584019485,314.5419202099975,-309.1420460167397,50.758040701070854,3.5690761451707007,-2.9152223909273243,0.17499593098958333,-0.9897928873697917,0.17499593098958333,-0.9897928873697917,0,idle,218.91297467748274,322.3716418466247,213.14636897938917,315.8500098261629,0.04,0.045
1791317192.504,215.31301778748082,311.6148868779572,-309.0626004843734,50.80355363904957,3.5893519472859565,-2.9270333320403092,0.17499593098958333,-0.9897928873697917,0.17499593098958333,-0.9897928873697917,0,idle,217.99496759962483,303.75539596427035,216.7986832603226,312.46459746762997,0.04,0.045
1791317192.5216482,218.92279958459082,308.6770263591143,-308.9770598215777,50.85920217180956,3.6097817971099984,-2.93786051884289,0.17499593098958333,-0.9897928873697917,0.17499593098958333,-0.9897928873697917,0,idle,232.3115284422054,313.9652198513075,221.00361822667125,309.7486610939131,0.04,0.045
1791317192.538228,222.55312277576957,305.729244432307,-308.886087807154,50.92378673041767,3.6303231911787597,-2.9477819268073073,0.17499593098958333,-0.9897928873697917,0.17499593098958333,-0.9897928873697917,0,idle,221.6337250732453,330.89443759802344,224.48393060061977,308.0055570886517,0.04,0.045
1791317192.5557199,226.20406087769527,302.77237827273973,-308.7902960014833,50.99625843050792,3.650938101925706,-2.95686615956728,0.17499593098958333,-0.9897928873697917,0.17499593098958333,-0.9897928873697917,0,idle,241.89471601460895,290.99335725598814,228.82286106814865,304.3459242454296,0.04,0.045
1791317192.5722282,229.87565331590667,299.80720419290395,-308.6902395261599,51.07569484594722,3.6715924382114014,-2.9651740798358044,0.17499593098958333,-0.9897928873697917,0.17499593098958333,-0.9897928873697917,0,idle,241.95269842271205,312.5091295151624,232.96736575217767,301.93716913307225,0.04,0.045
1791317192.589699,233.56790898595827,296.8344441940076,-308.58641667205904,51.161282102489444,3.6922556700515994,-2.9727599988963833,0.17499593098958333,-0.9897928873697917,0.17499593098958333,-0.9897928873697917,0,idle,229.21082764643944,283.39969118173383,236.28718173343978,298.18617323655377,0.04,0.045
1791317192.605406,237.28080952800448,293.8547716197771,-308.47927090507966,51.25230105726068,3.7129005420462082,-2.97967257423044,0.17499593098958333,-0.9897928873697917,0.17499593098958333,-0.9897928873697917,0,idle,216.69025613859668,293.0093023757189,238.83459096864152,295.0966407479931,0.04,0.045
1791317192.622186,241.01431235974604,290.8688161069972,-308.36919428421794,51.348116155088604,3.733502831741558,-2.9859555127799076,0.17499593098958333,-0.9897928873697917,0.17499593098958333,-0.9897928873697917,0,idle,233.65437366981763,301.10736677489035,242.12240779385482,292.560519312197,0.04,0.045
1791317192.639799,244.7683534888056,287.8771679641864,-308.25653162286534,51.44816608488877,3.754041129059531,-2.991648142810777,0.17499593098958333,-0.9897928873697917,0.17499593098958333,-0.9897928873697917,0,idle,239.57256286802146,285.0085091622629,245.5612546201697,289.34085306903006,0.04,0.045
1791317192.656611,248.5428501138483,284.88038206952285,-308.1415849475388,51.55195569784117,3.7744966250427083,-2.9967858946635655,0.17499593098958333,-0.9897928873697917,0.17499593098958333,-0.9897928873697917,0,idle,285.39428043387346,299.337179428302,251.13867770464546,286.9937227870633,0.04,0.045
1791317192.6730921,252.33770301908592,281.87898135357005,-308.024617964876,51.65904886081268,3.79485290523764,-3.0014007159528022,0.17499593098958333,-0.9897928873697917,0.17499593098958333,-0.9897928873697917,0,idle,252.86112222166514,275.1711383770031,254.8299101904722,283.55126288640514,0.04,0.045
1791317192.690655,256.1527987659972,278.8734599162219,-307.90586035665035,51.76906204816539,3.8150957469112727,-3.0055214373481207,0.17499593098958333,-0.9897928873697917,0.17499593098958333,-0.9897928873697917,0,idle,239.98402430242822,286.0645665744995,257.7119568556357,280.8216827053291,0.04,0.045
1791317192.7074099,259.98801168718893,275.8642858170946,-307.7855117974755,51.881658552466234,3.8352129211917267,-3.0091740991273483,0.17499593098958333,-0.9897928873697917,0.17499593098958333,-0.9897928873697917,0,idle,265.600935440944,277.44213448588613,261.74985806003326,277.79398990018603,0.04,0.045
1791317192.724291,263.84320568913364,272.8519035720757,-307.66374564065774,51.996543239240324,3.8551940019447377,-3.012382245018916,0.17499593098958333,-0.9897928873697917,0.17499593098958333,-0.9897928873697917,0,idle,289.32751344056555,264.3263930604997,266.79117513090733,274.2588469254338,0.04,0.045
1791317192.740459,267.71823587238936,269.8367363844434,-307.5407122514177,52.11345779551411,3.875030183255726,-3.015167187632281,0.17499593098958333,-0.9897928873697917,0.17499593098958333,-0.9897928873697917,0,idle,280.75246916275694,266.7118970320252,271.17051850659277,271.01709060251267,0.04,0.045
1791317192.757477,271.6129499794973,266.8191881359719,-307.4165419885331,52.232176434636955,3.8947141071079243,-3.0175482484714666,0.17499593098958333,-0.9897928873697917,0.17499593098958333,-0.9897928873697917,0,idle,274.5851129252594,268.7411982922707,275.04122662927864,268.03662515095266,0.04,0.045
1791317192.774484,275.5271896819232,263.79964516118673,-307.2913478489948,52.352502025894275,3.9142397024258804,-3.01954297478518,0.17499593098958333,-0.9897928873697917,0.17499593098958333,-0.9897928873697917,0,idle,260.7366479879027,252.77187014935177,278.04452541451445,264.4048215748267,0.04,0.045
1791317192.791318,279.46079171812835,260.77847782608706,-307.165227798117,52.47426261989744,3.93360203620517,-3.0211673350996904,0.17499593098958333,-0.9897928873697917,0.17499593098958333,-0.9897928873697917,0,idle,275.23835093966045,262.5862069703984,281.64113862516666,261.44378187626063,0.04,0.045
1791317192.8082821,283.4135888951634,257.75604193102356,-307.03826681153527,52.59730834154366,3.9527971770350296,-3.02243589506351,0.17499593098958333,-0.9897928873697917,0.17499593098958333,-0.9897928873697917,0,idle,286.0009750278499,258.1288335365513,285.6142877634841,258.40672035896483,0.04,0.045
1791317192.825259,287.3854109661332,254.73267995590658,-306.9105386569647,52.72150862255753,3.9718220709697754,-3.023361975116982,0.17499593098958333,-0.9897928873697917,0.17499593098958333,-0.9897928873697917,0,idle,289.3743835043229,255.83560037305944,289.5755235179474,255.40597048330844,0.04,0.045
1791317192.8422241,291.37608539556,251.70872216447486,-306.78210744337895,52.84674974582712,3.990674429426785,-3.0239577914317115,0.17499593098958333,-0.9897928873697917,0.17499593098958333,-0.9897928873697917,0,idle,311.78456808163526,253.63189509652068,294.47711645408725,252.44450681210893,0.04,0.045
1791317192.859188,295.3854380241417,248.68448758296057,-306.6530289640465,52.97293267419263,4.009352628581742,-3.024234581514282,0.17499593098958333,-0.9897928873697917,0.17499593098958333,-0.9897928873697917,0,idle,323.6288820265528,241.48305689462134,299.7435897298632,249.02341146379598,0.04,0.045
1791317192.876052,299.4132936437301,245.660284867141,-306.52335185804844,53.09997113712525,4.027855619588406,-3.0242027158195595,0.17499593098958333,-0.9897928873697917,0.17499593098958333,-0.9897928873697917,0,idle,291.9211352651398,244.04157791627748,303.178929845236,245.90132720639147,0.04,0.045
1791317192.893641,303.4594764925907,242.63641307047695,-306.39311861280044,53.227789949836065,4.046182848860539,-3.0238717966640554,0.17499593098958333,-0.9897928873697917,0.17499593098958333,-0.9897928873697917,0,idle,290.124399738118,252.9285813853014,306.37007704629764,243.38001170850612,0.04,0.045
1791317192.910583,307.5238106801982,239.6131623248102,-306.26236642789985,53.356323540725064,4.064334187607504,-3.0232507456667643,0.17499593098958333,-0.9897928873697917,0.17499593098958333,-0.9897928873697917,0,idle,314.2435576507538,242.33427571968429,310.6248685547476,240.4556367006816,0.04,0.045
1791317192.926452,311.6061205500009,236.59081444393587,-306.13112795844603,53.485514664644306,4.082309869802708,-3.022347880874309,0.17499593098958333,-0.9897928873697917,0.17499593098958333,-0.9897928873697917,0,idle,304.4061466611901,244.15609693913578,314.1921268363823,237.7694292257737,0.04,0.045
1791317192.943379,315.706230987778,233.5696434592852,-305.999431953907,53.61531328113426,4.100110437777069,-3.021170984650667,0.17499593098958333,-0.9897928873697917,0.17499593098958333,-0.9897928873697917,0,idle,309.1135830209995,234.99291483908985,317.83330456150134,234.7604910710214,0.04,0.045
1791317192.959981,319.8239676824387,230.54991609595353,-305.8673038066805,53.745675578529706,4.117736694660694,-3.0197273633316817,0.17499593098958333,-0.9897928873697917,0.17499593098958333,-0.9897928873697917,0,idle,316.47587629592647,252.85029209639856,321.67728300815025,232.79624012712517,0.04,0.045
1791317192.977568,323.95915734537783,227.53189219639052,-305.7347660227369,53.876563126569096,4.135189662939133,-3.018023899563033,0.17499593098958333,-0.9897928873697917,0.17499593098958333,-0.9897928873697917,0,idle,329.1474247750108,221.6050356271371,325.97922027628545,229.3695571975409,0.04,0.045
1791317192.994014,328.1116278938191,224.51582509823103,-305.60183862514475,54.00794214183372,4.152470548441297,-3.016067098159482,0.17499593098958333,-0.9897928873697917,0.17499593098958333,-0.9897928873697917,0,idle,331.0294864363306,236.37463252767714,330.1765806053069,226.8545472207962,0.04,0.045
1791317193.011472,332.28120860294985,221.50196197198656,-305.46853949986513,54.13978285196074,4.169580709130715,-3.0138631262444764,0.17499593098958333,-0.9897928873697917,0.17499593098958333,-0.9897928873697917,0,idle,331.27900526822464,196.5887014630282,334.192803512127,222.47808496297554,0.04,0.045
1791317193.028002,336.4677302310775,218.4905441236326,-305.33488469194657,54.27205894609485,4.186521628127671,-3.01141784835398,0.17499593098958333,-0.9897928873697917,0.17499593098958333,-0.9897928873697917,0,idle,342.33995286324637,214.82606226960664,338.57735652640423,219.23463687237083,0.04,0.045
1791317193.045592,340.67102512152235,215.48180726651518,-305.200888659151,54.404747100454905,4.203294890444843,-3.0087368571174116,0.17499593098958333,-0.9897928873697917,0.17499593098958333,-0.9897928873697917,0,idle,342.1546775985127,197.9108025310569,342.7493527259323,215.3101451410436,0.04,0.045
1791317193.0624058,344.89092728449447,212.4759817664527,-305.0665644890755,54.537826569186315,4.219902162972137,-3.0058255000624783,0.17499593098958333,-0.9897928873697917,0.17499593098958333,-0.9897928873697917,0,idle,331.4439830480699,221.25570550617198,346.19299129686266,212.75188893424064,0.04,0.045
1791317193.079943,349.1272724617909,209.47329286342296,-304.93192408499357,54.67127883184817,4.23634517729644,-3.0026889030297212,0.17499593098958333,-0.9897928873697917,0.17499593098958333,-0.9897928873697917,0,idle,357.6136575600191,204.61006543384627,350.7885525284521,209.4922433013427,0.04,0.045
1791317193.0955021,353.3798981767795,206.47396087279608,-304.79697832490905,54.80508728994569,4.2526257149885796,-2.9993319906268585,0.17499593098958333,-0.9897928873697917,0.17499593098958333,-0.9897928873697917,0,idle,368.229150386589,211.38163324453834,355.7005768505981,206.73734740740696,0.04,0.045
1791317193.1124392,357.64864377181203,203.47820136869368,-304.66173719768193,54.939237005870986,4.2687455950325734,-2.9957595041024194,0.17499593098958333,-0.9897928873697917,0.17499593098958333,-0.9897928873697917,0,idle,358.76981360757185,185.8200230650362,359.9093470037277,202.84550966139113,0.04,0.045
1791317193.128505,361.9333504349231,200.4862253517211,-304.52620991953904,55.073714478462236,4.284706663111101,-2.9919760169725884,0.17499593098958333,-0.9897928873697917,0.17499593098958333,-0.9897928873697917,0,idle,376.2158127391838,189.62356000485292,364.79514162045604,199.34203496244027,0.04,0.045
1791317193.145536,366.2338612174194,197.4982394030268,-304.3904050338093,55.20850745014341,4.300510782496291,-2.987985948694288,0.17499593098958333,-0.9897928873697917,0.17499593098958333,-0.9897928873697917,0,idle,363.8111951151277,210.7273315998356,368.8314295385611,197.07271314305044,0.04,0.045
1791317193.162465,370.5500210437458,194.51444582638572,-304.25433049631755,55.34360474126983,4.316159826326361,-2.9837935766410566,0.17499593098958333,-0.9897928873697917,0.17499593098958333,-0.9897928873697917,0,idle,390.75846498883226,178.5334663378667,374.0281331460847,193.31114690498225,0.04,0.045
1791317193.17856,374.88167671482245,191.53504277977981,-304.11799374852046,55.47899610788736,4.331655671076664,-2.9794030466059054,0.17499593098958333,-0.9897928873697917,0.17499593098958333,-0.9897928873697917,0,idle,364.3427966969285,196.86672158858426,377.6589392111497,190.65849274488673,0.04,0.045
1791317193.195422,379.228676905881,188.56022439775316,-303.98140178016814,55.61467211962462,4.347000191058565,-2.9748183820266423,0.17499593098958333,-0.9897928873697917,0.17499593098958333,-0.9897928873697917,0,idle,382.4221028650024,169.77772375837841,382.02674757534794,186.788376832636,0.04,0.045
1791317193.2121012,383.5908721596825,185.59018090564925,-303.8445611830167,55.75062405488297,4.362195253801483,-2.9700434921039034,0.17499593098958333,-0.9897928873697917,0.17499593098958333,-0.9897928873697917,0,idle,395.14080737069685,155.30621629223074,386.8265360562268,182.39272748811703,0.04,0.045
1791317193.229107,387.9681148758752,182.62509872668937,-303.7074781968965,55.88684381087858,4.37724271619273,-2.965082178959872,0.17499593098958333,-0.9897928873697917,0.17499593098958333,-0.9897928873697917,0,idle,399.91473245033444,189.32076467821867,391.63932645631525,179.92230127761025,0.04,0.045
1791317193.2456582,392.36025929714185,179.6651605827232,-303.5701587492503,56.02332382642854,4.392144421266682,-2.959938143966175,0.17499593098958333,-0.9897928873697917,0.17499593098958333,-0.9897928873697917,0,idle,385.1701030529389,189.59802736698535,395.48840248634974,177.59414634531112,0.04,0.045
1791317193.261816,396.7671614926914,176.7105455893708,-303.43260848909506,56.16005701566617,4.406902195549572,-2.954614993352387,0.17499593098958333,-0.9897928873697917,0.17499593098958333,-0.9897928873697917,0,idle,386.8321807139246,192.8820407787053,399.24214848350056,175.55165682329607,0.04,0.045
1791317193.2790232,401.1886793395705,173.76142934617914,-303.29483281621987,56.29703671112489,4.421517846879095,-2.949116243191662,0.17499593098958333,-0.9897928873697917,0.17499593098958333,-0.9897928873697917,0,idle,391.3044289950696,161.38815235616872,403.0457044636142,172.04182116890763,0.04,0.045
1791317193.295955,405.6246725021997,170.8179840223321,-303.1568369063164,56.43425661484931,4.435993162629188,-2.94344532384704,0.17499593098958333,-0.9897928873697917,0.17499593098958333,-0.9897928873697917,0,idle,415.2368193491995,162.73664345392206,407.8694537123912,168.78028922550365,0.04,0.045
1791317193.3129148,410.0750024104798,167.88037843838146,-303.0186257326344,56.57171075638184,4.450329908280077,-2.9376055839506554,0.17499593098958333,-0.9897928873697917,0.17499593098958333,-0.9897928873697917,0,idle,405.1052115511352,176.62060065973844,411.9590550171945,166.3815794924623,0.04,0.045
1791317193.329817,414.5395322367619,164.94877814440318,-302.88020408466923,56.70939345663678,4.464529826282117,-2.9316002939782737,0.17499593098958333,-0.9897928873697917,0.17499593098958333,-0.9897928873697917,0,idle,436.3953923056616,155.94017929044008,417.42217521658586,163.0744892030818,0.04,0.045
1791317193.346772,419.0181268719311,162.02334549493014,-302.7415765843139,56.84729929681432,4.478594635169216,-2.925432649473042,0.17499593098958333,-0.9897928873697917,0.17499593098958333,-0.9897928873697917,0,idle,420.1821945135634,160.67974934459565,421.81484108484545,160.1755911931581,0.04,0.045
1791317193.363358,423.510652900815,159.10423972096515,-302.60274769984505,56.98542309162805,4.492526028883923,-2.9191057739649793,0.17499593098958333,-0.9897928873697917,0.17499593098958333,-0.9897928873697917,0,idle,434.27654402225147,139.7787599899896,426.70582595915545,156.38259914773295,0.04,0.045
1791317193.3803039,428.0169785770967,156.19161699933883,-302.46372175805703,57.12375986622415,4.506325676281711,-2.9126227216263123,0.17499593098958333,-0.9897928873697917,0.17499593098958333,-0.9897928873697917,0,idle,432.0470090395408,149.75148845374963,431.25389450564234,153.28405202748877,0.04,0.045
1791317193.397859,432.5369737978834,153.2856305196416,-302.3245029548137,57.262304836259176,4.5199952207866465,-2.905986479697251,0.17499593098958333,-0.9897928873697917,0.17499593098958333,-0.9897928873697917,0,idle,439.9063498739104,140.30681759836247,435.98051273380304,149.87450315032007,0.04,0.045
1791317193.414334,437.070510078058,150.38643054892955,-302.185095364247,57.401053390680545,4.53353628017464,-2.899199970712025,0.17499593098958333,-0.9897928873697917,0.17499593098958333,-0.9897928873697917,0,idle,433.2386409939779,148.31520442700813,440.1502786129777,147.04229824197805,0.04,0.045
1791317193.43188,441.617460524522,147.4941644943787,-302.04550294679785,57.540001076819735,4.546950446463983,-2.892266054550844,0.17499593098958333,-0.9897928873697917,0.17499593098958333,-0.9897928873697917,0,idle,458.8932203587028,150.65727721084352,445.40702862440475,144.47539443859802,0.04,0.045
1791317193.449395,446.17769981041783,144.60897696403876,-301.90572955626635,57.67914358746431,4.560239285895799,-2.8851875303399366,0.17499593098958333,-0.9897928873697917,0.17499593098958333,-0.9897928873697917,0,idle,441.0003051958387,146.53361732740603,449.51891977457745,141.83737742921548,0.04,0.045
1791317193.465989,450.75110414940747,141.73100982582005,-301.7657789460138,57.81847674962356,4.57340433898961,-2.877967138218699,0.17499593098958333,-0.9897928873697917,0.17499593098958333,-0.9897928873697917,0,idle,453.4557900475953,161.1472273521037,454.0604974102685,140.06880114405212,0.04,0.045
1791317193.4837592,455.3375512700689,138.86040226482967,-301.625654774438,57.95799651474369,4.5864471206614095,-2.870607560990389,0.17499593098958333,-0.9897928873697917,0.17499593098958333,-0.9897928873697917,0,idle,438.9278784188311,147.50048525002413,457.660991225325,137.71330816640986,0.04,0.045
1791317193.500245,459.9369203904624,135.9972908391592,-301.4853606098251,58.09769895016423,4.599369120393498,-2.863111425670478,0.17499593098958333,-0.9897928873697917,0.17499593098958333,-0.9897928873697917,0,idle,468.0008082286105,133.68285642063367,462.5473827398631,134.7918297247341,0.04,0.045
1791317193.517791,464.5490921929093,133.14180953421436,-301.3448999346675,58.23758023163733,4.612171802446939,-2.8554813049448535,0.17499593098958333,-0.9897928873697917,0.17499593098958333,-0.9897928873697917,0,idle,466.2998919055896,144.37372077479324,467.116571410474,132.55821703753946,0.04,0.045
1791317193.533783,469.1739487990182,130.294089815666,-301.20427614952195,58.377636636757806,4.624856606108882,-2.847719718548352,0.17499593098958333,-0.9897928873697917,0.17499593098958333,-0.9897928873697917,0,idle,457.2125479933901,126.58231400308304,471.0149840154233,129.55408815319572,0.04,0.045
1791317193.5508611,473.8113737449864,127.45426068109336,-301.0634925764726,58.517864539173964,4.637424945968165,-2.8398291345726494,0.17499593098958333,-0.9897928873697917,0.17499593098958333,-0.9897928873697917,0,idle,456.20024544570816,146.67520676879843,474.6798007856073,127.71230640613183,0.04,0.045
1791317193.5677052,478.4612519572,124.62244871038205,-300.9225524622548,58.65826040346789,4.649878212213604,-2.831811970711313,0.17499593098958333,-0.9897928873697917,0.17499593098958333,-0.9897928873697917,0,idle,477.0846287593524,123.09939738895184,479.2174264858975,124.79143958309709,0.04,0.045
1791317193.584617,483.1234697281502,121.79877811493333,-300.7814589810856,58.79882078061058,4.662217770950239,-2.823670595448725,0.17499593098958333,-0.9897928873697917,0.17499593098958333,-0.9897928873697917,0,idle,487.8467603820672,147.6947617919426,484.0780000631087,123.25411862786306,0.04,0.045
1791317193.601543,487.7979146926798,118.98337078573466,-300.6402152372409,58.939542303910635,4.6744449645295605,-2.8154073291986608,0.17499593098958333,-0.9897928873697917,0.17499593098958333,-0.9897928873697917,0,idle,478.1723449051606,122.89178989520501,488.22344002151436,120.56136522849143,0.04,0.045
1791317193.618321,492.48447580457014,116.17634634033712,-300.4988242674142,59.080421685387535,4.686561111890323,-2.8070244453975457,0.17499593098958333,-0.9897928873697917,0.17499593098958333,-0.9897928873697917,0,idle,477.6970100722599,113.67373115555095,492.14935158034746,117.55031030171673,0.04,0.045
1791317193.634419,497.18304331347724,113.37782216878043,-300.35728904288544,59.22145571251011,4.698567508907114,-2.7985241715567,0.17499593098958333,-0.9897928873697917,0.17499593098958333,-0.9897928873697917,0,idle,489.6273046354789,102.55919504569998,496.4868883665658,114.14215657593704,0.04,0.045
1791317193.651221,501.89350874222157,110.58791347850313,-300.2156124715251,59.362641245250046,4.7104654287443,-2.7899086902773043,0.17499593098958333,-0.9897928873697917,0.17499593098958333,-0.9897928873697917,0,idle,501.6416472929801,114.95731265046206,501.21956847019356,111.53250112389985,0.04,0.045
1791317193.668972,506.6157648644349,107.80673333827177,-300.07379739965506,59.50397521340692,4.722256122213329,-2.781180140231351,0.17499593098958333,-0.9897928873697917,0.17499593098958333,-0.9897928873697917,0,idle,489.81183451446645,101.0145387374876,505.13532508850983,108.36448187135944,0.04,0.045
1791317193.68588,511.3497056825666,105.0343927211604,-299.93184661378393,59.64545461416808,4.733940818131735,-2.772340617111367,0.17499593098958333,-0.9897928873697917,0.17499593098958333,-0.9897928873697917,0,idle,523.5704426015673,121.42307818344977,510.55432474138786,106.38368810070816,0.04,0.045
1791317193.70265,516.095226406249,102.27100054660906,-299.7897628422328,59.787076509872115,4.745520723682447,-2.763392174551348,0.17499593098958333,-0.9897928873697917,0.17499593098958333,-0.9897928873697917,0,idle,509.68159529690735,81.16970601110555,515.0189329566622,102.49776643040425,0.04,0.045
1791317193.719518,520.8522234310212,99.51666372158802,-299.64754875666483,59.92883802594849,4.756997024772234,-2.754336825021043,0.17499593098958333,-0.9897928873697917,0.17499593098958333,-0.9897928873697917,0,idle,524.2709506684517,96.10456870465522,520.0006810157853,99.56148656034681,0.04,0.045
1791317193.735602,525.6205943174095,96.77148718089259,-299.50520697352954,60.07073634901084,4.768370886388345,-2.745176540695421,0.17499593098958333,-0.9897928873697917,0.17499593098958333,-0.9897928873697917,0,idle,518.1283880555995,95.2258333982498,524.4370187098449,96.7367861885813,0.04,0.045
1791317193.752355,530.4002377703621,94.03557392659164,-299.3627400554322,60.212768725083926,4.779643452952551,-2.735913254300956,0.17499593098958333,-0.9897928873697917,0.17499593098958333,-0.9897928873697917,0,idle,540.1895509428412,103.2533672618529,529.7653066017996,94.46349765065898,0.04,0.045
1791317193.768302,535.191053619034,91.30902506665151,-299.2201505124363,60.354932457947555,4.790815848671951,-2.7265488599401255,0.17499593098958333,-0.9897928873697917,0.17499593098958333,-0.9897928873697917,0,idle,536.6872300463306,97.29227680833637,534.6626778302646,92.01471519159973,0.04,0.045
1791317193.7852008,539.99294279692,88.59193985275613,-299.07744080330644,60.49722490758315,4.801889177886019,-2.7170852138953845,0.17499593098958333,-0.9897928873697917,0.17499593098958333,-0.9897928873697917,0,idle,528.9215848110009,92.74778716087819,538.937417898293,89.47013783686305,0.04,0.045
1791317193.8021262,544.8058073223295,85.88441571734242,-298.93461333669774,60.63964348871039,4.812864525409486,-2.707524135413704,0.17499593098958333,-0.9897928873697917,0.17499593098958333,-0.9897928873697917,0,idle,531.8401534424994,75.36439601131643,543.1547759746423,86.1927028169427,0.04,0.045
1791317193.8198102,549.6295502792002,83.18654830986976,-298.79167047229726,60.78218566940353,4.823742956870714,-2.697867407472652,0.17499593098958333,-0.9897928873697917,0.17499593098958333,-0.9897928873697917,0,idle,553.3880278164535,71.82181351724287,548.24899437576,82.91118431485869,0.04,0.045
1791317193.836389,554.4640757982455,80.4984315323409,-298.6486145219217,60.924848969778445,4.834525519045323,-2.6881167775288577,0.17499593098958333,-0.9897928873697917,0.17499593098958333,-0.9897928873697917,0,steering,546.8925170031132,86.01047917851778,552.7739697502208,80.51243811938923,0.04,0.045
1791317193.8538492,559.3053740704629,77.82972913312848,-298.23370536188105,61.13482324089146,4.841298272217347,-2.668702399212421,0.17499593098958333,-0.9897928873697917,1.0,0.0,1,idle,548.687861734431,68.90042800895277,557.1688977080378,77.3965703346156,0.04,0.045
1791317193.8704,564.1508597886093,75.18595800704587,-297.870268457972,61.3824423926131,4.845485718146394,-2.6437711260826147,0.17499593098958333,-0.9897928873697917,0.17499593098958333,-0.9897928873697917,0,steering,557.8370810923042,66.48603746001825,561.8055183094901,74.33946112110725,0.04,0.045
1791317193.886932,568.9968018705324,72.58091229452555,-297.17839548198407,61.73874293583869,4.845942081923169,-2.6050457125203277,0.17499593098958333,-0.9897928873697917,1.0,0.0,1,idle,565.4150622335602,73.42831786796437,566.5896404835206,71.8191105315558,0.04,0.045
1791317193.904595,573.8406283143897,70.02151936279596,-296.60005009193316,62.148812690947906,4.8438264438573,-2.5593929317295956,0.17499593098958333,-0.9897928873697917,0.17499593098958333,-0.9897928873697917,0,steering,584.2546907607256,52.5185433543521,572.0745281190453,68.4226588875525,0.04,0.045
1791317193.921365,578.6795302415926,67.52219969963117,-295.67495731715655,62.68339580840162,4.838901927202905,-2.499319663164783,0.17499593098958333,-0.9897928873697917,1.0,0.0,1,idle,572.7813963253841,68.85718571692969,576.706828360205,66.07003154901481,0.04,0.045
1791317193.938772,583.5113176715977,65.08898121362776,-294.91941149789807,63.27083367003968,4.831787430005126,-2.4332184860034176,0.17499593098958333,-0.9897928873697917,0.17499593098958333,-0.9897928873697917,0,steering,575.7392533025638,59.97226036514345,581.2486476658278,63.453585428118,0.04,0.045
1791317193.9552908,588.3337360104903,62.73501149730285,-293.8168083510054,63.98158312504674,4.822418338892628,-2.3539697163249143,0.17499593098958333,-0.9897928873697917,1.0,0.0,1,idle,573.3065772519448,59.314084669669164,585.4328415670816,61.010339159686886,0.04,0.045
1791317193.9727402,593.1448121413891,60.46436393810004,-292.928251670002,64.73444625902498,4.8110761308989005,-2.2706475592028097,0.17499593098958333,-0.9897928873697917,0.17499593098958333,-0.9897928873697917,0,steering,597.2649523278011,60.19607810668094,590.5949694294715,58.81251092579392,0.04,0.045
1791317193.989538,597.9424079940362,58.2880998995236,-291.7001203110071,65.60021749406765,4.797595852647028,-2.176264038576441,0.17499593098958333,-0.9897928873697917,1.0,0.0,1,idle,598.3824849927672,80.79181621450147,595.542061267651,57.84402535358168,0.04,0.045
1791317194.00659,602.7246081929095,56.20806457695975,-290.7186180125595,66.49319401237757,4.782200198873237,-2.080035322563854,0.17499593098958333,-0.9897928873697917,0.17499593098958333,-0.9897928873697917,0,steering,574.4378907745947,50.351631978229555,599.0299429319277,55.49337212837841,0.04,0.045
1791317194.023476,607.4891319473575,54.23306077287463,-289.4078992011623,67.48487759799652,4.76452375444791,-1.975003804085121,0.17499593098958333,-0.9897928873697917,1.0,0.0,1,idle,585.3896923353922,75.23504405533747,602.8742279688265,54.6042021108455,0.04,0.045
1791317194.04022,612.2340796477519,52.36285398997335,-288.3660654513294,68.48827066140852,4.744947700394358,-1.870206782901279,0.17499593098958333,-0.9897928873697917,0.17499593098958333,-0.9897928873697917,0,steering,590.257821727722,56.35204114623238,606.751107972146,52.91489761885863,0.04,0.045
1791317194.0572228,616.9569435933497,50.60414821320233,-287.0060017259312,69.57561489316856,4.7228639455978625,-1.7587057767710224,0.17499593098958333,-0.9897928873697917,1.0,0.0,1,idle,627.2891473335917,47.186797352571816,612.2647306885362,50.957722117611816,0.04,0.045
1791317194.0740669,621.6558876466015,48.95496681763984,-285.92885887411063,70.66053302267427,4.6989440532517825,-1.6491813955624892,0.17499593098958333,-0.9897928873697917,0.17499593098958333,-0.9897928873697917,0,steering,602.5507242356547,31.582651765090347,616.2430272164814,48.42224627420138,0.04,0.045
1791317194.0906172,626.328202143866,47.420216084066354,-284.54415566497244,71.8158056853417,4.67231449726444,-1.5347507335734891,0.17499593098958333,-0.9897928873697917,1.0,0.0,1,idle,611.7249568538399,30.074788697328138,620.4558224707506,46.0468601984629,0.04,0.045
1791317194.107552,630.972201106726,45.996567977999085,-283.4501848188163,72.95673827337832,4.643998962860003,-1.423648106067266,0.17499593098958333,-0.9897928873697917,0.17499593098958333,-0.9897928873697917,0,steering,634.9656068325306,31.899331207036454,625.5931107035566,43.98701804812767,0.04,0.045
1791317194.12445,635.5850463178748,44.687466211257004,-282.0586713964651,74.15633049532418,4.6128452111488745,-1.3091017667420783,0.17499593098958333,-0.9897928873697917,1.0,0.0,1,idle,633.0876388888731,36.549401833484964,630.3500400634139,42.37149055899056,0.04,0.045
1791317194.141139,640.165289773062,43.48860398934607,-280.96114573735974,75.33209838528965,4.580243455187193,-1.198862221910938,0.17499593098958333,-0.9897928873697917,0.17499593098958333,-0.9897928873697917,0,steering,629.6006908452473,45.84794399341311,634.6638038849334,41.4063941198963,0.04,0.045
1791317194.158178,644.7100472401527,42.40227719392426,-279.57537872570526,76.55690679284555,4.544757467090678,-1.086326795421806,0.17499593098958333,-0.9897928873697917,1.0,0.0,1,idle,665.3106934830979,30.884481173934113,640.5136679585778,39.84828801694747,0.04,0.045
1791317194.175912,649.2181776401576,41.42352303585835,-278.4836062623344,77.75069062144479,4.508130400004885,-0.9787541580659116,0.17499593098958333,-0.9897928873697917,0.17499593098958333,-0.9897928873697917,0,steering,662.8733812402778,50.21289246365983,645.9143775026674,39.43670178912048,0.04,0.045
1791317194.192918,653.6868222518948,40.553760739319166,-277.11222030085133,78.98584471466152,4.468644611737188,-0.8697622965391836,0.17499593098958333,-0.9897928873697917,1.0,0.0,1,idle,612.3985960187366,24.119731563017794,648.4838008096212,37.84457909610312,0.04,0.045
1791317194.20943,658.1151903786172,40,-276.03257344662114,80.18474996241059,0.0,0.0,0.17499593098958333,-0.9897928873697917,0.17499593098958333,-0.9897928873697917,0,steering,659.3986168612606,41.30600642623202,649.0295416122032,38.017650462609566,0.04,0.045
1791317194.225169,658.1262151480712,40,-276.0236605756723,83.9763394243277,0.0,0.0,0.17499593098958333,-0.9897928873697917,0.17499593098958333,-0.9897928873697917,0,idle,665.7421510613283,38.966583514014836,649.8651720846594,38.06509711517983,0.04,0.045
1791317194.242775,658.1393567267116,40,-276.01498661194427,83.98501338805575,0.0,0.0,0.17499593098958333,-0.9897928873697917,0.17499593098958333,-0.9897928873697917,0,idle,650.8704396444335,15.62368129322428,649.9154354626481,36.943026324082055,0.04,0.045
1791317194.2593238,658.1544437122683,40,-276.0067518907963,83.9932481092037,0.0,0.0,0.17499593098958333,-0.9897928873697917,0.17499593098958333,-0.9897928873697917,0,idle,655.7745117378399,46.99271613435826,650.2083892764077,37.44551081459586,0.04,0.045
1791317194.276787,658.1712898786136,40,-275.9990481383117,84.00095186168829,0.0,0.0,0.17499593098958333,-0.9897928873697917,0.17499593098958333,-0.9897928873697917,0,idle,671.390391493717,42.157849638595955,651.2674893872731,37.68112775579587,0.04,0.045
1791317194.2932858,658.189707644939,40,-275.99189764437136,84.00810235562867,0.0,0.0,0.17499593098958333,-0.9897928873697917,0.17499593098958333,-0.9897928873697917,0,idle,651.8232933388163,32.83104055529161,651.2952795848503,37.438623395770655,0.04,0.045
1791317194.310901,658.2095164049043,40,-275.98528167162243,84.01471832837757,0.0,0.0,0.17499593098958333,-0.9897928873697917,0.17499593098958333,-0.9897928873697917,0,idle,653.9542787065578,39.67310112252107,651.4282295409356,37.55034728210818,0.04,0.045
1791317194.328506,658.2305473520986,40,-275.97915961284065,84.02084038715934,0.0,0.0,0.17499593098958333,-0.9897928873697917,0.17499593098958333,-0.9897928873697917,0,idle,667.0808625310482,35.73645486219194,652.2108611904413,37.459652661112365,0.04,0.045
1791317194.3452458,658.2526459526875,40,-275.9734811990858,84.0265188009142,0.0,0.0,0.17499593098958333,-0.9897928873697917,0.17499593098958333,-0.9897928873697917,0,idle,634.4471949841148,42.696831562589054,651.322677880125,37.7215116061862,0.04,0.045
1791317194.362678,658.2756728700598,40,-275.96819386658314,84.03180613341688,0.0,0.0,0.17499593098958333,-0.9897928873697917,0.17499593098958333,-0.9897928873697917,0,idle,679.8445228735321,42.97699435323963,652.7487701297953,37.98428574353887,0.04,0.045
1791317194.379104,658.2995039002255,40,-275.9632469207159,84.0367530792841,0.0,0.0,0.17499593098958333,-0.9897928873697917,0.17499593098958333,-0.9897928873697917,0,idle,641.8419613068746,42.63538111629495,652.2034296886493,38.216840512176674,0.04,0.045
1791317194.395338,658.3240293023272,40,-275.95859366828626,84.04140633171377,0.0,0.0,0.17499593098958333,-0.9897928873697917,0.17499593098958333,-0.9897928873697917,0,idle,666.566148000074,18.492147655739963,652.9215656042205,37.23060586935484,0.04,0.045
1791317194.412304,658.3491527855097,40,-275.9541923120651,84.04580768793491,0.0,0.0,0.17499593098958333,-0.9897928873697917,0.17499593098958333,-0.9897928873697917,0,idle,660.9278762050801,28.996630793972578,653.3218811342635,36.81890711558572,0.04,0.045
1791317194.429395,658.3747903269074,40,-275.95000612545437,84.04999387454565,0.0,0.0,0.17499593098958333,-0.9897928873697917,0.17499593098958333,-0.9897928873697917,0,idle,650.894815903225,48.784589449181496,653.2005278727116,37.41719123226551,0.04,0.045
1791317194.44626,658.4008689351052,40,-275.94600323412476,84.05399676587523,0.0,0.0,0.17499593098958333,-0.9897928873697917,0.17499593098958333,-0.9897928873697917,0,idle,657.6641947104378,37.87152718392758,653.4237112145979,37.43990802984861,0.04,0.045
1791317194.463101,658.4273254315801,40,-275.9421562045688,84.0578437954312,0.0,0.0,0.17499593098958333,-0.9897928873697917,0.17499593098958333,-0.9897928873697917,0,idle,662.8576638081915,41.01646270281408,653.8954088442777,37.618735763496886,0.04,0.045
1791317194.480884,658.4541052939029,40,-275.9384415576662,84.06155844233382,0.0,0.0,0.17499593098958333,-0.9897928873697917,0.17499593098958333,-0.9897928873697917,0,idle,659.7333337872828,7.369720874570781,654.1873050914279,36.10628501905058,0.04,0.045
1791317194.497747,658.4811615850183,40,-275.93483927394936,84.06516072605064,0.0,0.0,0.17499593098958333,-0.9897928873697917,0.17499593098958333,-0.9897928873697917,0,idle,643.233737976872,53.25757870132901,653.6396267357001,36.963849703164506,0.04,0.045
1791317194.5145972,658.5084539799547,40,-275.9313323257686,84.0686676742314,0.0,0.0,0.17499593098958333,-0.9897928873697917,0.17499593098958333,-0.9897928873697917,0,idle,660.3758803337417,41.490410783618785,653.9764394156022,37.19017775718722,0.04,0.045
1791317194.531316,658.5359478928796,40,-275.9279062527942,84.07209374720581,0.0,0.0,0.17499593098958333,-0.9897928873697917,0.17499593098958333,-0.9897928873697917,0,idle,656.8936048146904,64.18588311905206,654.1222976855565,38.539963025280464,0.04,0.045
1791317194.548151,658.5636137021163,40,-275.9245487864913,84.07545121350873,0.0,0.0,0.17499593098958333,-0.9897928873697917,0.17499593098958333,-0.9897928873697917,0,idle,667.3030129132349,41.788376387254814,654.7813334469405,38.70238369337918,0.04,0.045
1791317194.565965,658.5914260675776,40,-275.9212495232737,84.07875047672634,0.0,0.0,0.17499593098958333,-0.9897928873697917,0.17499593098958333,-0.9897928873697917,0,idle,635.242886330959,31.842403104113387,653.8044110911414,38.35938466391589,0.04,0.045
1791317194.582838,658.6193633333669,40,-275.91799964303095,84.08200035696906,0.0,0.0,0.17499593098958333,-0.9897928873697917,0.17499593098958333,-0.9897928873697917,0,idle,661.9384581462639,33.447572281313505,654.2111134438976,38.11379404478577,0.04,0.045
1791317194.598953,658.6474070075493,40,-275.9147916684135,84.08520833158651,0.0,0.0,0.17499593098958333,-0.9897928873697917,0.17499593098958333,-0.9897928873697917,0,idle,659.7997098118129,12.139808936079874,654.4905432622934,36.815094789350475,0.04,0.045
1791317194.6158102,658.6755413109682,40,-275.9116192599027,84.08838074009729,0.0,0.0,0.17499593098958333,-0.9897928873697917,0.17499593098958333,-0.9897928873697917,0,idle,677.8368716634718,22.09544703436058,655.6578596823523,36.07911240160098,0.04,0.045
1791317194.632252,658.7037527872453,40,-275.90847704184705,84.09152295815298,0.0,0.0,0.17499593098958333,-0.9897928873697917,0.17499593098958333,-0.9897928873697917,0,idle,640.8914036459561,48.50164172387115,654.9195368805325,36.70023886771449,0.04,0.045
1791317194.649129,658.7241356615477,40,-275.90623052722356,84.09376947277647,0.0,0.0,0.17499593098958333,0.010420735677083333,0.17499593098958333,0.010420735677083333,0,idle,672.8495169128171,43.65144539744682,655.8160358821467,37.047799194201104,0.04,0.045
1791317194.6667352,658.7388623309973,40,-275.90462192757275,84.09537807242725,0.0,0.0,0.17499593098958333,0.010420735677083333,0.17499593098958333,0.010420735677083333,0,idle,654.0741387214937,37.66567824688035,655.7289410241141,37.078693146835064,0.04,0.045
1791317194.68329,658.7495023718233,40,-275.90346858653453,84.09653141346547,0.0,0.0,0.17499593098958333,0.010420735677083333,0.17499593098958333,0.010420735677083333,0,idle,666.7189289545532,29.474160289483827,656.278440420636,36.6984665039675,0.04,0.045
1791317194.700748,658.7571898128044,40,-275.90264072696436,84.09735927303565,0.0,0.0,0.17499593098958333,0.010420735677083333,0.17499593098958333,0.010420735677083333,0,idle,664.6888741547933,30.800490131548564,656.6989621073438,36.40356768534656,0.04,0.045
1791317194.717247,658.7627439948742,40,-275.9020459226293,84.09795407737066,0.0,0.0,0.17499593098958333,0.010420735677083333,0.17499593098958333,0.010420735677083333,0,idle,656.2342559961966,44.237381249813126,656.6757268017865,36.795258363569886,0.04,0.045
1791317194.734751,658.7667568945162,40,-275.901618212711,84.09838178728897,0.0,0.0,0.17499593098958333,0.010420735677083333,0.17499593098958333,0.010420735677083333,0,idle,686.1625707220118,52.87622785786692,658.1500689977977,37.59930683828474,0.04,0.045
1791317194.751343,658.7696562161175,40,-275.9013104400373,84.09868955996266,0.0,0.0,0.17499593098958333,0.010420735677083333,0.17499593098958333,0.010420735677083333,0,idle,668.7895497939584,26.714998815593813,658.6820430376057,37.055091437150196,0.04,0.045
1791317194.768113,658.7717509768117,40,-275.90108883911614,84.09891116088387,0.0,0.0,0.17499593098958333,0.010420735677083333,0.17499593098958333,0.010420735677083333,0,idle,703.4058194157132,58.0406455076466,660.918231856511,38.10436914067502,0.04,0.045
1791317194.785276,658.7732644418492,40,-275.90092920140654,84.09907079859347,0.0,0.0,0.17499593098958333,0.010420735677083333,0.17499593098958333,0.010420735677083333,0,idle,654.2311238097932,43.82566186249618,660.5838764541752,38.39043377676607,0.04,0.045
1791317194.8022091,658.7743579205656,40,-275.90081415076816,84.09918584923184,0.0,0.0,0.17499593098958333,0.010420735677083333,0.17499593098958333,0.010420735677083333,0,idle,651.6838175369425,24.942873542706867,660.1388735083135,37.71805576506311,0.04,0.045
1791317194.819637,658.7751479590565,40,-275.90073120310444,84.09926879689559,0.0,0.0,0.17499593098958333,0.010420735677083333,0.17499593098958333,0.010420735677083333,0,idle,650.5709808928746,49.18997460644708,659.6604788775415,38.29165170713231,0.04,0.045
1791317194.836417,658.7757187619278,40,-275.9006713816564,84.0993286183436,0.0,0.0,0.17499593098958333,0.010420735677083333,0.17499593098958333,0.010420735677083333,0,idle,662.546956891944,37.008530662464665,659.8048027782617,38.22749565489893,0.04,0.045
1791317194.8532531,658.7761311670344,40,-275.9006282270769,84.09937177292313,0.0,0.0,0.17499593098958333,0.010420735677083333,0.17499593098958333,0.010420735677083333,0,idle,662.0408779933463,48.70834387844473,659.9166065390159,38.75153806607622,0.04,0.045
1791317194.870035,658.7764291297406,40,-275.9005970886523,84.0994029113477,0.0,0.0,0.17499593098958333,0.010420735677083333,0.17499593098958333,0.010420735677083333,0,idle,666.6727858433392,40.25228440694309,660.254415504232,38.82657538311957,0.04,0.045
1791317194.887769,658.7766444078045,40,-275.90057461615663,84.0994253838434,0.0,0.0,0.17499593098958333,0.010420735677083333,0.17499593098958333,0.010420735677083333,0,idle,672.4480057221109,32.964396406485854,660.8640950151259,38.53346643428788,0.04,0.045
1791317194.904605,658.7767999462103,40,-275.90055839513354,84.09944160486647,0.0,0.0,0.17499593098958333,0.010420735677083333,0.17499593098958333,0.010420735677083333,0,idle,664.8937734457314,42.124977571760276,661.0655789366563,38.713041991161504,0.04,0.045
1791317194.921345,658.7769123227108,40,-275.90054668487016,84.09945331512984,0.0,0.0,0.17499593098958333,0.010420735677083333,0.17499593098958333,0.010420735677083333,0,idle,650.9526120372565,44.173411691790115,660.5599305916862,38.98606047619293,0.04,0.045
1791317194.938279,658.7769935147337,40,-275.90053822999135,84.09946177000863,0.0,0.0,0.17499593098958333,0.010420735677083333,0.17499593098958333,0.010420735677083333,0,idle,668.6145372429054,-0.18454704584856074,660.9626609242472,37.02753010009086,0.04,0.045
1791317194.9551418,658.7770521759709,40,-275.9005321248939,84.09946787510609,0.0,0.0,0.17499593098958333,0.010420735677083333,0.17499593098958333,0.010420735677083333,0,idle,663.8070335770861,44.93438487280549,661.1048795568892,37.42287283872659,0.04,0.045
1791317194.971392,658.7770945587151,40,-275.9005277161421,84.0994722838579,0.0,0.0,0.17499593098958333,0.010420735677083333,0.17499593098958333,0.010420735677083333,0,idle,661.4869038074953,27.627733397478295,661.1239807694195,36.933115866664174,0.04,0.045
1791317194.988578,658.777125180248,40,-275.90052453215804,84.09947546784194,0.0,0.0,0.17499593098958333,0.010420735677083333,0.17499593098958333,0.010420735677083333,0,idle,661.833238798546,52.823148869678604,661.1594436708758,37.727617516814895,0.04,0.045
1791317195.004768,658.7771473043057,40,-275.90052223255185,84.09947776744816,0.0,0.0,0.17499593098958333,0.010420735677083333,0.17499593098958333,0.010420735677083333,0,idle,650.8882276110008,27.39323960467835,660.645882867882,37.21089862120807,0.04,0.045
1791317195.021695,658.7771632889373,40,-275.90052057159124,84.09947942840878,0.0,0.0,0.17499593098958333,0.010420735677083333,0.17499593098958333,0.010420735677083333,0,idle,660.2205211828583,51.29448336531037,660.6246147836308,37.915077858413184,0.04,0.045
1791317195.038547,658.7771748378337,40,-275.90051937185723,84.09948062814276,0.0,0.0,0.17499593098958333,0.010420735677083333,0.17499593098958333,0.010420735677083333,0,idle,668.5210022136735,30.290181141442595,661.0194341551329,37.53383302256466,0.04,0.045
1791317195.055625,658.7771831819114,40,-275.90051850523975,84.09948149476025,0.0,0.0,0.17499593098958333,0.010420735677083333,0.17499593098958333,0.010420735677083333,0,idle,650.0796515959519,42.21814110797724,660.4724450271739,37.768048426835286,0.04,0.045
1791317195.071999,658.7771892105075,40,-275.9005178792255,84.09948212077452,0.0,0.0,0.17499593098958333,0.010420735677083333,0.17499593098958333,0.010420735677083333,0,idle,646.2018983784778,59.72971413396009,659.7589176947391,38.866131712191525,0.04,0.045
1791317195.089874,658.7771935661682,40,-275.900517427002,84.099482572998,0.0,0.0,0.17499593098958333,0.010420735677083333,0.17499593098958333,0.010420735677083333,0,idle,654.8375975202893,36.32899962832822,659.5128516860166,38.73927510799836,0.04,0.045
1791317195.105897,658.7771967131331,40,-275.90051710031463,84.0994828996854,0.0,0.0,0.17499593098958333,0.010420735677083333,0.17499593098958333,0.010420735677083333,0,idle,654.7298040531824,34.557885790966566,659.2736993043749,38.53020564214677,0.04,0.045
1791317195.122744,658.7771989868152,40,-275.9005168643101,84.09948313568994,0.0,0.0,0.17499593098958333,0.010420735677083333,0.17499593098958333,0.010420735677083333,0,idle,654.5425968451186,45.4158986208514,659.037144181412,38.874490291082,0.04,0.045
1791317195.139227,658.7772006295505,40,-275.9005166938134,84.0994833061866,0.0,0.0,0.17499593098958333,0.010420735677083333,0.17499593098958333,0.010420735677083333,0,idle,658.1872866506296,29.925127869964236,658.994651304873,38.427022170026106,0.04,0.045
1791317195.1567638,658.7772018164268,40,-275.90051657063975,84.09948342936026,0.0,0.0,0.17499593098958333,0.010420735677083333,0.17499593098958333,0.010420735677083333,0,idle,664.116057666598,19.42554448154263,659.2507216229592,37.476948285601935,0.04,0.045
1791317195.1732638,658.7772026739449,40,-275.9005164816531,84.09948351834694,0.0,0.0,0.17499593098958333,0.010420735677083333,0.17499593098958333,0.010420735677083333,0,idle,648.7061639862968,54.29775265629332,658.723493741126,38.3179885041365,0.04,0.045
1791317195.190829,658.7772032935018,40,-275.90051641736403,84.09948358263598,0.0,0.0,0.17499593098958333,0.010420735677083333,0.17499593098958333,0.010420735677083333,0,idle,673.6806262116455,45.82933360355836,659.471350364652,38.693555759107596,0.04,0.045
1791317195.207664,658.7772037411315,40,-275.90051637091756,84.09948362908246,0.0,0.0,0.17499593098958333,0.010420735677083333,0.17499593098958333,0.010420735677083333,0,idle,663.8498941468713,39.94818272542823,659.690277553763,38.75628710742363,0.04,0.045
1791317195.2240891,658.7772040645441,40,-275.90051633736147,84.09948366263853,0.0,0.0,0.17499593098958333,0.010420735677083333,0.17499593098958333,0.010420735677083333,0,idle,664.2453275205078,47.58313403475617,659.9180300521003,39.197629453790256,0.04,0.045
1791317195.2416399,658.7772042982097,40,-275.9005163131181,84.09948368688194,0.0,0.0,0.17499593098958333,0.010420735677083333,0.17499593098958333,0.010420735677083333,0,idle,644.7621425908666,45.05988450240034,659.1602356790387,39.49074220622076,0.04,0.045
1791317195.25821,658.777204467033,40,-275.90051629560276,84.09948370439723,0.0,0.0,0.17499593098958333,0.010420735677083333,0.17499593098958333,0.010420735677083333,0,idle,651.8916196489521,23.879073766670743,658.7968048775343,38.710158784243255,0.04,0.045
1791317195.275761,658.7772045890079,40,-275.9005162829483,84.09948371705171,0.0,0.0,0.17499593098958333,0.010420735677083333,0.17499593098958333,0.010420735677083333,0,idle,657.6126281229346,50.27775413869722,658.7375960398043,39.28853855196596,0.04,0.045
1791317195.292763,658.7772046771347,40,-275.90051627380564,84.09948372619436,0.0,0.0,0.17499593098958333,0.010420735677083333,0.17499593098958333,0.010420735677083333,0,idle,641.7813013798933,44.520609365607235,657.8897813068088,39.550142092648024,0.04,0.045
1791317195.309613,658.7772047408064,40,-275.9005162672002,84.09948373279978,0.0,0.0,0.17499593098958333,0.010420735677083333,0.17499593098958333,0.010420735677083333,0,idle,673.4860785488161,30.271705403059514,658.6695961689092,39.086220258168595,0.04,0.045
1791317195.326648,658.7772047868092,40,-275.90051626242786,84.09948373757214,0.0,0.0,0.17499593098958333,0.010420735677083333,0.17499593098958333,0.010420735677083333,0,idle,655.0252272401568,31.310121508007963,658.4873777224716,38.69741532066056,0.04,0.045
1791317195.34348,658.7772048200462,40,-275.9005162589799,84.09948374102012,0.0,0.0,0.17499593098958333,0.010420735677083333,0.17499593098958333,0.010420735677083333,0,idle,663.9913176262095,18.261586162875446,658.7625747176585,37.6756238627713,0.04,0.045
1791317195.3603299,658.77720484406,40,-275.9005162564888,84.09948374351119,0.0,0.0,0.17499593098958333,0.010420735677083333,0.17499593098958333,0.010420735677083333,0,idle,655.7285648973448,16.439018673870308,658.6108742266427,36.61379360332625,0.04,0.045
1791317195.37728,658.7772048614099,40,-275.90051625468897,84.09948374531102,0.0,0.0,0.17499593098958333,0.010420735677083333,0.17499593098958333,0.010420735677083333,0,idle,652.7801347437663,44.77406252776379,658.3193372524989,37.02180704954813,0.04,0.045
1791317195.394877,658.7772048739453,40,-275.9005162533886,84.09948374661138,0.0,0.0,0.17499593098958333,0.010420735677083333,0.17499593098958333,0.010420735677083333,0,idle,630.2699523863322,24.40024297777654,656.9168680091906,36.39072884595955,0.04,0.045
1791317195.411656,658.777204883002,40,-275.9005162524491,84.09948374755089,0.0,0.0,0.17499593098958333,0.010420735677083333,0.17499593098958333,0.010420735677083333,0,idle,643.6691595438864,47.67224871589196,656.2544825859254,36.95480483945617,0.04,0.045
1791317195.427579,658.7772048895455,40,-275.90051625177034,84.09948374822964,0.0,0.0,0.17499593098958333,0.010420735677083333,0.17499593098958333,0.010420735677083333,0,idle,643.5492788557983,62.151648667361215,655.6192223994191,38.214647030851424,0.04,0.045
1791317195.444305,658.7772048942732,40,-275.9005162512799,84.09948374872012,0.0,0.0,0.17499593098958333,0.010420735677083333,0.17499593098958333,0.010420735677083333,0,idle,668.3755666100195,46.357692159960195,656.2570396099491,38.621799287306864,0.04,0.045
1791317195.4608362,658.7772048976889,40,-275.9005162509256,84.09948374907441,0.0,0.0,0.17499593098958333,0.010420735677083333,0.17499593098958333,0.010420735677083333,0,idle,647.3810342648931,21.72929401374016,655.8132393426963,37.777174023628525,0.04,0.045
1791317195.476726,658.7772049001568,40,-275.90051625066957,84.09948374933043,0.0,0.0,0.17499593098958333,0.010420735677083333,0.17499593098958333,0.010420735677083333,0,idle,644.7705699078188,42.51156640653751,655.2611058709524,38.01389364277397,0.04,0.045
1791317195.4933388,658.7772049019399,40,-275.9005162504846,84.09948374951541,0.0,0.0,0.17499593098958333,0.010420735677083333,0.17499593098958333,0.010420735677083333,0,idle,684.6578065119605,41.337214060552235,656.7309409030028,38.18005966366289,0.04,0.045
1791317195.5099552,658.7772049032282,40,-275.90051625035096,84.09948374964904,0.0,0.0,0.17499593098958333,0.010420735677083333,0.17499593098958333,0.010420735677083333,0,idle,655.393404654622,43.00577921078687,656.6640640905837,38.42134564101909,0.04,0.045
1791317195.526619,658.7772049041589,40,-275.9005162502544,84.09948374974563,0.0,0.0,0.17499593098958333,0.010420735677083333,0.17499593098958333,0.010420735677083333,0,idle,685.5315704062127,37.2892050439449,658.1074394063651,38.36473861116538,0.04,0.045
1791317195.543215,658.7772049048314,40,-275.90051625018464,84.09948374981535,0.0,0.0,0.17499593098958333,0.010420735677083333,0.17499593098958333,0.010420735677083333,0,idle,636.9359324313158,43.98647051593163,657.0488640576126,38.64582520640369,0.04,0.045
1791317195.56069,658.7772049053173,40,-275.9005162501342,84.09948374986578,0.0,0.0,0.17499593098958333,0.010420735677083333,0.17499593098958333,0.010420735677083333,0,idle,660.4500709073375,51.295401000594865,657.2189244000989,39.27830399611325,0.04,0.045
1791317195.576216,658.7772049056683,40,-275.9005162500978,84.09948374990222,0.0,0.0,0.17499593098958333,0.010420735677083333,0.17499593098958333,0.010420735677083333,0,idle,649.6103241545258,41.5336464021505,656.8384943878202,39.39107111641511,0.04,0.045
1791317195.593786,658.777204905922,40,-275.90051625007146,84.09948374992852,0.0,0.0,0.17499593098958333,0.010420735677083333,0.17499593098958333,0.010420735677083333,0,idle,654.5902435664391,50.90898587612398,656.7260818467512,39.96696685440055,0.04,0.045
1791317195.609905,658.7772049061052,40,-275.9005162500525,84.09948374994751,0.0,0.0,0.17499593098958333,0.010420735677083333,0.17499593098958333,0.010420735677083333,0,idle,655.5369955090891,53.18942094870988,656.666627529868,40.62808955911602,0.04,0.045
1791317195.626532,658.7772049062377,40,-275.9005162500387,84.0994837499613,0.0,0.0,0.17499593098958333,0.010420735677083333,0.17499593098958333,0.010420735677083333,0,idle,664.1507039109747,43.35627782250268,657.0408313489233,40.76449897228535,0.04,0.045
1791317195.643264,658.7772049063333,40,-275.9005162500288,84.09948374997123,0.0,0.0,0.17499593098958333,0.010420735677083333,0.17499593098958333,0.010420735677083333,0,idle,641.8379136881227,38.128551326316185,656.2806854658833,40.632701589986894,0.04,0.045
1791317195.660057,658.7772049064024,40,-275.9005162500216,84.09948374997839,0.0,0.0,0.17499593098958333,0.010420735677083333,0.17499593098958333,0.010420735677083333,0,idle,674.0105625724239,44.8004002432664,657.1671793212103,40.84108652265087,0.04,0.045
1791317195.6767092,658.7772049064523,40,-275.90051625001644,84.09948374998359,0.0,0.0,0.17499593098958333,0.010420735677083333,0.17499593098958333,0.010420735677083333,0,idle,662.5930060307252,28.68398571009471,657.438470656686,40.23323148202306,0.04,0.045
1791317195.693378,658.7772049064884,40,-275.9005162500127,84.0994837499873,0.0,0.0,0.17499593098958333,0.010420735677083333,0.17499593098958333,0.010420735677083333,0,idle,625.5190877267173,15.409482939443258,655.8425015101876,38.992044054894066,0.04,0.045
1791317195.710081,658.7772049065144,40,-275.90051625000996,84.09948374999004,0.0,0.0,0.17499593098958333,0.010420735677083333,0.17499593098958333,0.010420735677083333,0,idle,651.4903638171268,42.941900623490675,655.6248946255346,39.189536883323896,0.04,0.045
1791317195.727138,658.7772049065333,40,-275.900516250008,84.09948374999199,0.0,0.0,0.17499593098958333,0.010420735677083333,0.17499593098958333,0.010420735677083333,0,idle,660.9562357869568,35.591848960231786,655.8914616836057,39.00965248716929,0.04,0.045
1791317195.744915,658.7772049065469,40,-275.9005162500066,84.09948374999341,0.0,0.0,0.17499593098958333,0.010420735677083333,0.17499593098958333,0.010420735677083333,0,idle,648.0666999557756,47.356373633724175,655.5002235972142,39.426988544497036,0.04,0.045
1791317195.761686,658.7772049065567,40,-275.9005162500056,84.09948374999442,0.0,0.0,0.17499593098958333,0.010420735677083333,0.17499593098958333,0.010420735677083333,0,idle,660.5516541740568,41.43181766660656,655.7527951260564,39.527230000602515,0.04,0.045
1791317195.778616,658.7772049065637,40,-275.90051625000484,84.09948374999519,0.0,0.0,0.17499593098958333,0.010420735677083333,0.17499593098958333,0.010420735677083333,0,idle,670.454174666476,42.44514168701027,656.4878641030774,39.6731255849229,0.04,0.045
1791317195.794888,658.7772049065688,40,-275.90051625000433,84.0994837499957,0.0,0.0,0.17499593098958333,0.010420735677083333,0.17499593098958333,0.010420735677083333,0,idle,649.9398131306598,5.603679832656866,656.1604615544566,37.9696532973096,0.04,0.045
1791317195.812004,658.7772049065726,40,-275.90051625000393,84.09948374999605,0.0,0.0,0.17499593098958333,0.010420735677083333,0.17499593098958333,0.010420735677083333,0,idle,669.5141438612395,28.666240079111056,656.8281456697957,37.50448263639967,0.04,0.045
1791317195.8290172,658.7772049065753,40,-275.90051625000365,84.09948374999637,0.0,0.0,0.17499593098958333,0.010420735677083333,0.17499593098958333,0.010420735677083333,0,idle,654.1395943272802,50.69308801634911,656.69371810267,38.16391290539714,0.04,0.045
1791317195.845966,658.7772049065773,40,-275.9005162500034,84.09948374999657,0.0,0.0,0.17499593098958333,0.010420735677083333,0.17499593098958333,0.010420735677083333,0,idle,666.411999051235,48.57316311811053,657.1796321500982,38.68437541603281,0.04,0.045
1791317195.86274,658.7772049065786,40,-275.90051625000325,84.09948374999676,0.0,0.0,0.17499593098958333,0.010420735677083333,0.17499593098958333,0.010420735677083333,0,idle,641.5555841377088,29.6148800449484,656.3984297494787,38.230900647478585,0.04,0.045
1791317195.879542,658.7772049065796,40,-275.90051625000314,84.09948374999686,0.0,0.0,0.17499593098958333,0.010420735677083333,0.17499593098958333,0.010420735677083333,0,idle,679.8353757317288,32.583958601221305,657.5702770485913,37.94855354516572,0.04,0.045
1791317195.896319,658.7772049065803,40,-275.9005162500031,84.09948374999692,0.0,0.0,0.17499593098958333,0.010420735677083333,0.17499593098958333,0.010420735677083333,0,idle,684.0927684846749,45.61805232825077,658.8964016203954,38.33202848431998,0.04,0.045
1791317195.9137988,658.7772049065809,40,-275.900516250003,84.09948374999696,0.0,0.0,0.17499593098958333,0.010420735677083333,0.17499593098958333,0.010420735677083333,0,idle,648.493402226046,48.875296585200545,658.3762516506779,38.859191889364006,0.04,0.045
1791317195.930634,658.7772049065812,40,-275.90051625000297,84.09948374999702,0.0,0.0,0.17499593098958333,0.010420735677083333,0.17499593098958333,0.010420735677083333,0,idle,655.6816804364279,45.86236597899741,658.2415230899654,39.20935059384568,0.04,0.045
1791317195.947274,658.7772049065815,40,-275.9005162500029,84.09948374999708,0.0,0.0,0.17499593098958333,0.010420735677083333,0.17499593098958333,0.010420735677083333,0,idle,674.6300148231235,41.191527114321495,659.0609476766233,39.308459419869465,0.04,0.045
1791317195.964757,658.7772049065817,40,-275.9005162500029,84.09948374999708,0.0,0.0,0.17499593098958333,0.010420735677083333,0.17499593098958333,0.010420735677083333,0,idle,653.5920264353206,21.364283452865305,658.7875016145582,38.41125062151926,0.04,0.045
1791317195.981236,658.7772049065818,40,-275.9005162500029,84.09948374999708,0.0,0.0,0.17499593098958333,0.010420735677083333,0.17499593098958333,0.010420735677083333,0,idle,631.8996899157133,37.05983928308839,657.4431110296159,38.34368005459771,0.04,0.045
1791317195.998734,658.7772049065819,40,-275.9005162500029,84.09948374999708,0.0,0.0,0.17499593098958333,0.010420735677083333,0.17499593098958333,0.010420735677083333,0,idle,641.0518369701745,28.893186079852423,656.6235473266438,37.871155355860445,0.04,0.045
1791317196.0143712,658.777204906582,40,-275.9005162500029,84.09948374999708,0.0,0.0,0.17499593098958333,0.010420735677083333,0.17499593098958333,0.010420735677083333,0,idle,623.5736506469207,37.726060946976034,654.9710524926577,37.86390063541622,0.04,0.045
1791317196.0310342,658.777204906582,40,-275.9005162500029,84.09948374999708,0.0,0.0,0.17499593098958333,0.010420735677083333,0.17499593098958333,0.010420735677083333,0,idle,645.1555844695536,56.862850445667085,654.4802790915024,38.813848125928764,0.04,0.045
1791317196.048896,658.777204906582,40,-275.9005162500029,84.09948374999708,0.0,0.0,0.17499593098958333,0.010420735677083333,0.17499593098958333,0.010420735677083333,0,idle,644.3309607375456,44.075755991525014,653.9728131738046,39.07694351920858,0.04,0.045
1791317196.0653398,658.777204906582,40.0,-275.9005162500029,84.09948374999708,2.829107336038973e-14,-2.9238556650558574e-15,0.17499593098958333,0.010420735677083333,0.17499593098958333,0.010420735677083333,0,idle,674.5899295036509,61.83000767511568,655.003668990297,40.21459672700393,0.04,0.045
1791317196.082786,658.7772049065821,40,-275.9005162500029,84.09948374999708,0.0,0.0,0.17499593098958333,0.010420735677083333,0.17499593098958333,0.010420735677083333,0,idle,666.5761550903477,19.299123437568717,655.5822932952996,39.16882306253217,0.04,0.045
1791317196.099224,658.7772049065821,40.0,-275.9005162500029,84.09948374999708,1.476811711333194e-14,-1.5262709312570641e-15,0.17499593098958333,0.010420735677083333,0.17499593098958333,0.010420735677083333,0,idle,663.3352871872248,11.077419913382034,655.9699429898958,37.76425290507466,0.04,0.045
1791317196.116714,658.7772049065821,40,-275.9005162500029,84.09948374999708,0.0,0.0,0.17499593098958333,0.010420735677083333,0.17499593098958333,0.010420735677083333,0,idle,669.9701440339644,25.632034376783416,656.6699530420992,37.1576419786601,0.04,0.045
1791317196.133573,658.7772049065821,40.0,-275.9005162500029,84.09948374999708,7.709049433891229e-15,-7.967229653095076e-16,0.17499593098958333,0.010420735677083333,0.17499593098958333,0.010420735677083333,0,idle,635.4098497858406,36.859152730145496,655.6069478792863,37.14271751623437,0.04,0.045
1791317196.1504462,658.7772049065821,40.0,-275.9005162500029,84.09948374999708,1.890644373661824e-14,-1.9539630724215673e-15,0.17499593098958333,0.010420735677083333,0.17499593098958333,0.010420735677083333,0,idle,678.4520371946967,20.546800160279567,656.7492023450568,36.31292164843663,0.04,0.045
1791317196.167339,658.7772049065821,40.0,-275.9005162500029,84.09948374999708,3.1066168316489685e-14,-3.2106591031969197e-15,0.17499593098958333,0.010420735677083333,0.17499593098958333,0.010420735677083333,0,idle,671.7665262214242,31.143382761689985,657.5000685388752,36.054444704099296,0.04,0.045
1791317196.1842408,658.7772049065821,40,-275.9005162500029,84.09948374999708,0.0,0.0,0.17499593098958333,0.010420735677083333,0.17499593098958333,0.010420735677083333,0,idle,655.8779190054996,36.49538535601428,657.4189610622064,36.07649173669505,0.04,0.045
1791317196.201005,658.7772049065821,40.0,-275.9005162500029,84.09948374999708,2.1006429277931088e-15,-2.170994591278665e-16,0.17499593098958333,0.010420735677083333,0.17499593098958333,0.010420735677083333,0,idle,634.690064366474,51.767300950084575,656.2825162274198,36.86103219736452,0.04,0.045
1791317196.218876,658.7772049065821,40.0,-275.9005162500029,84.09948374999708,5.151826780412599e-15,-5.324364235110926e-16,0.17499593098958333,0.010420735677083333,0.17499593098958333,0.010420735677083333,0,idle,632.5949438548071,23.96980680620638,655.0981376087892,36.21647092780662,0.04,0.045
1791317196.235013,658.7772049065821,40.0,-275.9005162500029,84.09948374999708,8.465236515512163e-15,-8.748741847515741e-16,0.17499593098958333,0.010420735677083333,0.17499593098958333,0.010420735677083333,0,idle,654.9768206781987,49.15069349696838,655.0920717622597,36.863182056264705,0.04,0.045
1791317196.251822,658.7772049065821,40.0,-275.9005162500029,84.09948374999708,1.1650522950951033e-14,-1.2040705241920946e-15,0.17499593098958333,0.010420735677083333,0.17499593098958333,0.010420735677083333,0,idle,660.5861091866907,50.15257691236646,655.3667736334812,37.527651799069794,0.04,0.045
1791317196.267968,658.7772049065821,40.0,-275.9005162500029,84.09948374999708,1.4505861160557788e-14,-1.4991670266633653e-15,0.17499593098958333,0.010420735677083333,0.17499593098958333,0.010420735677083333,0,idle,670.0677712575651,62.111512564449306,656.1018235146854,38.75684483733877,0.04,0.045
1791317196.283914,658.7772049065821,40.0,-275.9005162500029,84.09948374999708,1.694556826395778e-14,-1.7513084475449244e-15,0.17499593098958333,0.010420735677083333,0.17499593098958333,0.010420735677083333,0,idle,664.6993572360612,52.042830896494536,656.5317002007542,39.421144140296555,0.04,0.045
1791317196.300837,658.7772049065821,40.0,-275.9005162500029,84.09948374999708,1.8952824284801954e-14,-1.958756458194806e-15,0.17499593098958333,0.010420735677083333,0.17499593098958333,0.010420735677083333,0,idle,627.4319553902425,46.488151338538465,655.0767129602286,39.77449450020865,0.04,0.045
1791317196.3176908,658.7772049065821,40.0,-275.9005162500029,84.09948374999708,2.0549275718190097e-14,-2.1237482034013996e-15,0.17499593098958333,0.010420735677083333,0.17499593098958333,0.010420735677083333,0,idle,656.6618280981479,37.24983349052477,655.1559687171246,39.64826144972445,0.04,0.045
1791317196.33361,658.7772049065821,40.0,-275.9005162500029,84.09948374999708,2.1775896162322176e-14,-2.250518265772745e-15,0.17499593098958333,0.010420735677083333,0.17499593098958333,0.010420735677083333,0,idle,619.4969851165762,35.68782826380965,653.3730195370971,39.45023979042871,0.04,0.045
1791317196.3502789,658.7772049065821,40.0,-275.9005162500029,84.09948374999708,2.2681274659307177e-14,-2.344088276839758e-15,0.17499593098958333,0.010420735677083333,0.17499593098958333,0.010420735677083333,0,idle,660.0263466830468,41.105506438678574,653.7056858943946,39.5330031228412,0.04,0.045
1791317196.367201,658.7772049065821,40.0,-275.9005162500029,84.09948374999708,2.331474141615188e-14,-2.4095564668243113e-15,0.17499593098958333,0.010420735677083333,0.17499593098958333,0.010420735677083333,0,idle,676.2029478675291,41.616237309456295,654.8305489930514,39.637164832171955,0.04,0.045
1791317196.38478,658.7772049065821,40.0,-275.9005162500029,84.09948374999708,2.3722591678286347e-14,-2.4517074055407616e-15,0.17499593098958333,0.010420735677083333,0.17499593098958333,0.010420735677083333,0,idle,644.8297764154435,61.24163445487382,654.330510364171,40.71738831330705,0.04,0.045
1791317196.40128,658.7772049065821,40.0,-275.9005162500029,84.09948374999708,2.3946250377433834e-14,-2.474822320489764e-15,0.17499593098958333,0.010420735677083333,0.17499593098958333,0.010420735677083333,0,idle,684.785236176985,36.841077942489875,655.8532466548118,40.52357279476619,0.04,0.045
1791317196.418782,658.7772049065821,40.0,-275.9005162500029,84.09948374999708,2.4021615758413702e-14,-2.4826112613093656e-15,0.17499593098958333,0.010420735677083333,0.17499593098958333,0.010420735677083333,0,idle,657.4244539185869,52.554545540447165,655.9318070180005,41.125121432050236,0.04,0.045
1791317196.4352472,658.7772049065821,40.0,-275.9005162500029,84.09948374999708,2.3979087395439736e-14,-2.4782159952329264e-15,0.17499593098958333,0.010420735677083333,0.17499593098958333,0.010420735677083333,0,idle,667.47347321862,41.14760897908725,656.5088903280315,41.126245809402086,0.04,0.045
1791317196.452885,658.7772049065821,40.0,-275.9005162500029,84.09948374999708,2.384396311285316e-14,-2.4642510284713425e-15,0.17499593098958333,0.010420735677083333,0.17499593098958333,0.010420735677083333,0,idle,660.3947848479991,45.48863519976075,656.7031850540299,41.344365278920016,0.04,0.045
1791317196.469533,658.7772049065821,40.0,-275.9005162500029,84.09948374999708,2.3637008264187766e-14,-2.4428624406658234e-15,0.17499593098958333,0.010420735677083333,0.17499593098958333,0.010420735677083333,0,idle,663.7566046253735,47.86423965026179,657.055856032597,41.67035899748711,0.04,0.045
1791317196.4863281,658.7772049065821,40.0,-275.9005162500029,84.09948374999708,2.337507890889627e-14,-2.4157922896129574e-15,0.17499593098958333,0.010420735677083333,0.17499593098958333,0.010420735677083333,0,idle,657.1249539574303,49.24480777064442,657.0593109288387,42.049081436144974,0.04,0.045
1791317196.5038452,658.7772049065821,40.0,-275.9005162500029,84.09948374999708,2.3071730956816963e-14,-2.384441565769019e-15,0.17499593098958333,0.010420735677083333,0.17499593098958333,0.010420735677083333,0,idle,666.6422175538612,32.636655997856664,657.5384562600899,41.578460164230556,0.04,0.045
1791317196.520396,658.7772049065821,40.0,-275.9005162500029,84.09948374999708,2.273777944444628e-14,-2.349927992923597e-15,0.17499593098958333,0.010420735677083333,0.17499593098958333,0.010420735677083333,0,idle,670.6572206240018,44.80200677522589,658.1943944782855,41.739637494780325,0.04,0.045
1791317196.538063,658.7772049065821,40.0,-275.9005162500029,84.09948374999708,2.2381791984127596e-14,-2.3131370257063923e-15,0.17499593098958333,0.010420735677083333,0.17499593098958333,0.010420735677083333,0,idle,659.9465853760776,68.15743165818722,658.2820040231751,43.06052720295067,0.04,0.045
1791317196.555081,658.7772049065821,40.0,-275.9005162500029,84.09948374999708,2.2010512305286086e-14,-2.274765622173122e-15,0.17499593098958333,0.010420735677083333,0.17499593098958333,0.010420735677083333,0,idle,682.6629738654507,37.438317248707456,659.5010525152888,42.7794167052385,0.04,0.045
1791317196.573026,658.7772049065821,40.0,-275.9005162500029,84.09948374999708,2.1629216526349798e-14,-2.2353590641714857e-15,0.17499593098958333,0.010420735677083333,0.17499593098958333,0.010420735677083333,0,idle,655.146692828917,35.91111737894724,659.2833345309703,42.43600173892394,0.04,0.045
1791317196.590985,658.7772049065821,40.0,-275.9005162500029,84.09948374999708,2.1242008254074053e-14,-2.1953414555771425e-15,0.17499593098958333,0.010420735677083333,0.17499593098958333,0.010420735677083333,0,idle,652.8484889323252,35.744677484986475,658.961592251038,42.10143552622707,0.04,0.045
1791317196.607913,658.7772049065821,40.0,-275.9005162500029,84.09948374999708,2.0852060057870103e-14,-2.155040678437115e-15,0.17499593098958333,0.010420735677083333,0.17499593098958333,0.010420735677083333,0,idle,655.6578259341713,46.521240187631676,658.7964039351947,42.3224257592973,0.04,0.045
1791317196.624776,658.7772049065821,40.0,-275.9005162500029,84.09948374999708,2.0461809129319967e-14,-2.11470861419553e-15,0.17499593098958333,0.010420735677083333,0.17499593098958333,0.010420735677083333,0,idle,637.8167550670886,34.064689034172126,657.7474214917894,41.90953892304105,0.04,0.045
1791317196.641403,658.7772049065821,40.0,-275.9005162500029,84.09948374999708,2.0073114537512255e-14,-2.0745373958837945e-15,0.17499593098958333,0.010420735677083333,0.17499593098958333,0.010420735677083333,0,idle,636.9812061874259,34.70684722034662,656.7091107265712,41.549404337906324,0.04,0.045
1791317196.658474,658.7772049065821,40.0,-275.9005162500029,84.09948374999708,1.9687382760214567e-14,-2.0346723816484924e-15,0.17499593098958333,0.010420735677083333,0.17499593098958333,0.010420735677083333,0,idle,672.5729992561481,37.77226767072663,657.5023051530501,41.36054750454734,0.04,0.045
1791317196.675364,658.7772049065821,40.0,-275.9005162500029,84.09948374999708,1.9305667311565965e-14,-1.995222451179146e-15,0.17499593098958333,0.010420735677083333,0.17499593098958333,0.010420735677083333,0,idle,670.8748950343373,49.69828965162408,658.1709346471144,41.77743461190118,0.04,0.045
1791317196.692519,658.7772049065821,40.0,-275.9005162500029,84.09948374999708,1.8928747417510793e-14,-1.956268136739862e-15,0.17499593098958333,0.010420735677083333,0.17499593098958333,0.010420735677083333,0,idle,646.4604931401337,46.46655319150251,657.5854125717655,42.01189054088125,0.04,0.045
1791317196.709603,658.7772049065821,40.0,-275.9005162500029,84.09948374999708,1.8557189875562588e-14,-1.9178680163174065e-15,0.17499593098958333,0.010420735677083333,0.17499593098958333,0.010420735677083333,0,idle,660.1581330917422,44.03058048450618,657.7140485977643,42.112825038062496,0.04,0.045
1791317196.7266839,658.7772049065821,40.0,-275.9005162500029,84.09948374999708,1.819139750708035e-14,-1.8800637211181146e-15,0.17499593098958333,0.010420735677083333,0.17499593098958333,0.010420735677083333,0,idle,641.9966152032077,50.71855912477639,656.9281769280365,42.54311174239819,0.04,0.045
1791317196.743383,658.7772049065821,40.0,-275.9005162500029,84.09948374999708,1.7831646979089874e-14,-1.8428838444173428e-15,0.17499593098958333,0.010420735677083333,0.17499593098958333,0.010420735677083333,0,idle,652.7533091896946,61.477774020521636,656.7194335411193,43.48984485630436,0.04,0.045
1791317196.760364,658.7772049065821,40.0,-275.9005162500029,84.09948374999708,1.7478118238020524e-14,-1.806346983508314e-15,0.17499593098958333,0.010420735677083333,0.17499593098958333,0.010420735677083333,0,idle,650.4448569718583,40.41750294426947,656.4057047126563,43.33622776070261,0.04,0.045
1791317196.77697,658.7772049065821,40.0,-275.9005162500029,84.09948374999708,1.7130917352441543e-14,-1.7704641004773068e-15,0.17499593098958333,0.010420735677083333,0.17499593098958333,0.010420735677083333,0,idle,646.4591941685761,54.356487040638925,655.9083791854523,43.88724072469943,0.04,0.045
1791317196.7939,658.7772049065821,40.0,-275.9005162500029,84.09948374999708,1.679009419591844e-14,-1.7352403497101294e-15,0.17499593098958333,0.010420735677083333,0.17499593098958333,0.010420735677083333,0,idle,637.2476992008998,41.86601234855554,654.9753451862247,43.78617930589224,0.04,0.045
1791317196.8115,658.7772049065821,40.0,-275.9005162500029,84.09948374999708,1.6455656103517764e-14,-1.7006764892789704e-15,0.17499593098958333,0.010420735677083333,0.17499593098958333,0.010420735677083333,0,idle,652.2689381201051,32.04217437294219,654.8400248329187,43.198979059244735,0.04,0.045
1791317196.828002,658.7772049065821,40.0,-275.9005162500029,84.09948374999708,1.6127578395591085e-14,-1.6667699685655141e-15,0.17499593098958333,0.010420735677083333,0.17499593098958333,0.010420735677083333,0,idle,660.9522759399437,19.856232200275656,655.14563738827,42.031841716296285,0.04,0.045
1791317196.845504,658.7772049065821,40.0,-275.9005162500029,84.09948374999708,1.5805812470477175e-14,-1.633515764634056e-15,0.17499593098958333,0.010420735677083333,0.17499593098958333,0.010420735677083333,0,idle,654.3302981896533,23.91698551364181,655.1048704283392,41.12609890616356,0.04,0.045
1791317196.861978,658.7772049065821,40.0,-275.9005162500029,84.09948374999708,1.5490292015048453e-14,-1.6009070240856005e-15,0.17499593098958333,0.010420735677083333,0.17499593098958333,0.010420735677083333,0,idle,660.549237550285,34.65985750625324,655.3770887844364,40.802786836168046,0.04,0.045
1791317196.8795562,658.7772049065821,40.0,-275.9005162500029,84.09948374999708,1.5180937761193123e-14,-1.5689355546357906e-15,0.17499593098958333,0.010420735677083333,0.17499593098958333,0.010420735677083333,0,idle,644.4221843211236,15.915441255374091,654.8293435612708,39.558419557128346,0.04,0.045
1791317196.896383,658.7772049065821,40.0,-275.9005162500029,84.09948374999708,1.487766112114711e-14,-1.5375922008230235e-15,0.17499593098958333,0.010420735677083333,0.17499593098958333,0.010420735677083333,0,idle,643.5341087196003,54.034626090207524,654.2645818191872,40.28222988378231,0.04,0.045
1791317196.913887,658.7772049065821,40.0,-275.9005162500029,84.09948374999708,1.458036695991832e-14,-1.5068671305358757e-15,0.17499593098958333,0.010420735677083333,0.17499593098958333,0.010420735677083333,0,idle,647.0146744279592,34.12571781003376,653.9020864496258,39.97440428009488,0.04,0.045
1791317196.9301739,658.7772049065821,40.0,-275.9005162500029,84.09948374999708,1.4288955704666343e-14,-1.4767500530154987e-15,0.17499593098958333,0.010420735677083333,0.17499593098958333,0.010420735677083333,0,idle,646.0860660528875,54.98213385187273,653.5112854297889,40.724790758683774,0.04,0.045
1791317196.946923,658.7772049065821,40.0,-275.9005162500029,84.09948374999708,1.4003324945399495e-14,-1.447230384286144e-15,0.17499593098958333,0.010420735677083333,0.17499593098958333,0.010420735677083333,0,idle,665.3930867541102,58.66970426979606,654.105375496005,41.62203643423939,0.04,0.045
1791317196.963927,658.7772049065821,40.0,-275.9005162500029,84.09948374999708,1.3723370645985046e-14,-1.4182973723119244e-15,0.17499593098958333,0.010420735677083333,0.17499593098958333,0.010420735677083333,0,idle,657.7527070396978,14.177521743811923,654.2877420731896,40.24981069971802,0.04,0.045
1791317196.9808378,658.7772049065821,40.0,-275.9005162500029,84.09948374999708,1.3448988057047984e-14,-1.389940191344038e-15,0.17499593098958333,0.010420735677083333,0.17499593098958333,0.010420735677083333,0,idle,665.984897749831,61.818642580276915,654.8725998570217,41.32825229374596,0.04,0.045
1791317196.99729,658.7772049065821,40.0,-275.9005162500029,84.09948374999708,1.3180072401120899e-14,-1.3621480127303598e-15,0.17499593098958333,0.010420735677083333,0.17499593098958333,0.010420735677083333,0,idle,639.1262239750888,46.357337629116536,654.085281062925,41.57970656051449,0.04,0.045
1791317197.0143669,658.7772049065821,40.0,-275.9005162500029,84.09948374999708,1.2916519384030318e-14,-1.3349100577667366e-15,0.17499593098958333,0.010420735677083333,0.17499593098958333,0.010420735677083333,0,idle,656.2604168000458,22.090121419827256,654.194037849781,40.60522730348013,0.04,0.045
1791317197.0312178,658.7772049065821,40.0,-275.9005162500029,84.09948374999708,1.2658225573884074e-14,-1.3082156368649715e-15,0.17499593098958333,0.010420735677083333,0.17499593098958333,0.010420735677083333,0,idle,645.4291328121658,40.083139561581724,653.7557925979003,40.57912291638521,0.04,0.045
1791317197.048044,658.7772049065821,40.0,-275.9005162500029,84.09948374999708,1.2405088679314552e-14,-1.2820541783090015e-15,0.17499593098958333,0.010420735677083333,0.17499593098958333,0.010420735677083333,0,idle,656.7352511314085,43.57994088088162,653.9047655245756,40.72916381461003,0.04,0.045
1791317197.0655098,658.7772049065821,40.0,-275.9005162500029,84.09948374999708,1.2157007751174094e-14,-1.256415249099926e-15,0.17499593098958333,0.010420735677083333,0.17499593098958333,0.010420735677083333,0,idle,675.7346214353208,40.53643395753103,654.9962583201129,40.71952732175608,0.04,0.045
1791317197.081829,658.7772049065821,40.0,-275.9005162500029,84.09948374999708,1.1913883326157491e-14,-1.231288569799256e-15,0.17499593098958333,0.010420735677083333,0.17499593098958333,0.010420735677083333,0,idle,654.7245271747397,37.60345753453834,654.9826717628442,40.5637238323952,0.04,0.045
1791317197.098418,658.7772049065821,40.0,-275.9005162500029,84.09948374999708,1.1675617526443511e-14,-1.2066640248267711e-15,0.17499593098958333,0.010420735677083333,0.17499593098958333,0.010420735677083333,0,idle,661.7276448628029,44.818206639924696,655.3199204178421,40.77644797277167,0.04,0.045
1791317197.115294,658.7772049065821,40.0,-275.9005162500029,84.09948374999708,1.1442114126093664e-14,-1.1825316693227698e-15,0.17499593098958333,0.010420735677083333,0.17499593098958333,0.010420735677083333,0,idle,654.3187941552601,39.8384246600191,655.2698641047131,40.72954680713404,0.04,0.045
1791317197.13215,658.7772049065821,40.0,-275.9005162500029,84.09948374999708,1.1213278592383185e-14,-1.1588817334195867e-15,0.17151692708333333,0.010420735677083333,0.17151692708333333,0.010420735677083333,0,idle,661.1370049283241,55.28772572840731,655.5632211458936,41.457455753197706,0.04,0.045
1791317197.1498508,658.7772049065821,40.0,-275.9005162500029,84.09948374999708,1.098901810828204e-14,-1.135704624564984e-15,0.17383626302083333,0.010420735677083333,0.17383626302083333,0.010420735677083333,0,idle,652.9477882692863,31.230446971518553,655.4324495020633,40.94610531411375,0.04,0.045
1791317197.1667242,658.7772049065821,40.0,-275.9005162500029,84.09948374999708,1.0769241580810975e-14,-1.1129909283857407e-15,0.16165974934895833,0.010420735677083333,0.16165974934895833,0.010420735677083333,0,idle,651.0134804588164,36.06033136635993,655.2115010499009,40.70181661672606,0.04,0.045
1791317197.1836932,658.7772049065821,40.0,-275.9005162500029,84.09948374999708,1.0553859638859871e-14,-1.0907314084621818e-15,0.16165974934895833,0.010420735677083333,0.16165974934895833,0.010420735677083333,0,idle,650.9215334730369,39.67981010047028,654.9970026710577,40.65071629091327,0.04,0.045
1791317197.200246,658.7772049065821,40.0,-275.9005162500029,84.09948374999708,1.0342784623189436e-14,-1.0689170052948622e-15,0.16165974934895833,0.010420735677083333,0.16165974934895833,0.010420735677083333,0,idle,660.7713043391874,27.95714311688966,655.2857177544641,40.01603763221209,0.04,0.045
1791317197.217057,658.7772049065821,40.0,-275.9005162500029,84.09948374999708,1.0135930570678069e-14,-1.0475388346764961e-15,0.16165974934895833,0.010420735677083333,0.16165974934895833,0.010420735677083333,0,idle,660.9248087952602,54.7552157481788,655.5676723065039,40.75299653801042,0.04,0.045
1791317197.234642,658.7772049065821,40.0,-275.9005162500029,84.09948374999708,9.933213194374722e-15,-1.0265881856304382e-15,0.17499593098958333,0.010420735677083333,0.17499593098958333,0.010420735677083333,0,idle,670.1493703592195,55.67363589089861,656.2967572091397,41.499028505654834,0.04,0.045
1791317197.251167,658.7772049065821,40.0,-275.9005162500029,84.09948374999708,9.7345498605378e-15,-1.0060565180376762e-15,0.17499593098958333,0.010420735677083333,0.17499593098958333,0.010420735677083333,0,idle,650.1795245277323,35.350604742446606,655.9908955750693,41.19160731749442,0.04,0.045
1791317197.26865,658.7772049065821,40.0,-275.9005162500029,84.09948374999708,9.539859563551164e-15,-9.85935460044423e-16,0.17499593098958333,0.010420735677083333,0.17499593098958333,0.010420735677083333,0,idle,653.8656186164907,29.821401161214443,655.8846317271403,40.62309700968042,0.04,0.045
1791317197.2851331,658.7772049065821,40.0,-275.9005162500029,84.09948374999708,9.349062899389004e-15,-9.662168053197367e-16,0.17499593098958333,0.010420735677083333,0.17499593098958333,0.010420735677083333,0,idle,636.5079693900973,45.018282954408605,654.9157986102882,40.84285630691683,0.04,0.045
1791317197.302568,658.7772049065821,40.0,-275.9005162500029,84.09948374999708,9.16208203813508e-15,-9.468925102154105e-16,0.17499593098958333,0.010420735677083333,0.17499593098958333,0.010420735677083333,0,idle,671.6152449823361,45.46581969477067,655.7507709288906,41.07400447630952,0.04,0.045
1791317197.319027,658.7772049065821,40.0,-275.9005162500029,84.09948374999708,8.978840695935866e-15,-9.279546908673563e-16,0.17499593098958333,0.010420735677083333,0.17499593098958333,0.010420735677083333,0,idle,677.8802396631022,42.773732807807185,656.8572443656011,41.158990892884404,0.04,0.045
1791317197.3363972,658.7772049065821,40.0,-275.9005162500029,84.09948374999708,8.799264106671726e-15,-9.093956202678472e-16,0.17499593098958333,0.010420735677083333,0.17499593098958333,0.010420735677083333,0,idle,674.200600146719,48.14355419029546,657.724412154657,41.50821905775496,0.04,0.045
1791317197.353856,658.7772049065821,40.0,-275.9005162500029,84.09948374999708,8.623278993558066e-15,-8.912077253305242e-16,0.17499593098958333,0.010420735677083333,0.17499593098958333,0.010420735677083333,0,idle,662.0501981818643,25.654395476498472,657.9407014560173,40.715527878692136,0.04,0.045
1791317197.370305,658.7772049065821,40.0,-275.9005162500029,84.09948374999708,8.450813540833824e-15,-8.733835839644276e-16,0.17499593098958333,0.010420735677083333,0.17499593098958333,0.010420735677083333,0,idle,652.378220537112,45.61827070357271,657.6625774100721,40.960665019936165,0.04,0.045
1791317197.3877811,658.7772049065821,40.0,-275.9005162500029,84.09948374999708,8.281797365653397e-15,-8.55915922169055e-16,0.17499593098958333,0.010420735677083333,0.17499593098958333,0.010420735677083333,0,idle,667.7456178180804,22.190559756713085,658.1667294304725,40.02215975677501,0.04,0.045
1791317197.404306,658.7772049065821,40.0,-275.9005162500029,84.09948374999708,8.116161490266969e-15,-8.38797611159224e-16,0.17499593098958333,0.010420735677083333,0.17499593098958333,0.010420735677083333,0,idle,664.8399562178573,31.224136759961645,658.5003907698417,39.582258606934346,0.04,0.045
1791317197.421845,658.7772049065821,40.0,-275.9005162500029,84.09948374999708,7.953838314550713e-15,-8.220216645260952e-16,0.17499593098958333,0.010420735677083333,0.17499593098958333,0.010420735677083333,0,idle,651.838673288511,63.207050815702786,658.1673048957751,40.76349821737277,0.04,0.045
1791317197.438625,658.7772049065821,40.0,-275.9005162500029,84.09948374999708,7.794761588930627e-15,-8.055812354388752e-16,0.17499593098958333,0.010420735677083333,0.17499593098958333,0.010420735677083333,0,idle,647.3939170001709,25.610963097259372,657.628635500995,40.0058714613671,0.04,0.045
1791317197.455074,658.7772049065821,40.0,-275.9005162500029,84.09948374999708,7.638866387730435e-15,-7.894696138903485e-16,0.17499593098958333,0.010420735677083333,0.17499593098958333,0.010420735677083333,0,idle,671.986944364912,44.51117552410191,658.3465509441908,40.23113666450384,0.04,0.045
1791317197.4725919,658.7772049065821,40.0,-275.9005162500029,84.09948374999708,7.486089082963989e-15,-7.736802239883465e-16,0.17499593098958333,0.010420735677083333,0.17499593098958333,0.010420735677083333,0,idle,649.3387533707069,23.21072393698753,657.8961610655166,39.38011602812803,0.04,0.045
1791317197.488927,658.7772049065821,40.0,-275.9005162500029,84.09948374999708,7.336367318585099e-15,-7.582066212944915e-16,0.17499593098958333,0.010420735677083333,0.17499593098958333,0.010420735677083333,0,idle,652.6416277270596,46.73806153363192,657.6334343985937,39.748013303403226,0.04,0.045
1791317197.5058298,658.7772049065821,40.0,-275.9005162500029,84.09948374999708,7.189639985202059e-15,-7.430424902109677e-16,0.17499593098958333,0.010420735677083333,0.17499593098958333,0.010420735677083333,0,idle,653.0413005053091,38.986312041444954,657.4038277039296,39.70992824030531,0.04,0.045
1791317197.522707,658.7772049065821,40.0,-275.9005162500029,84.09948374999708,7.045847195260013e-15,-7.281816414156413e-16,0.17499593098958333,0.010420735677083333,0.17499593098958333,0.010420735677083333,0,idle,662.5752487377484,30.319973573812312,657.6623987556205,39.24043050698066,0.04,0.045
1791317197.5395331,658.7772049065821,40.0,-275.9005162500029,84.09948374999708,6.904930258691119e-15,-7.136180093455287e-16,0.17499593098958333,0.010420735677083333,0.17499593098958333,0.010420735677083333,0,idle,664.4099142018595,20.788382391101994,657.9997745279325,38.31782810118673,0.04,0.045
1791317197.556376,658.7772049065821,40.0,-275.9005162500029,84.09948374999708,6.766831659030225e-15,-6.993456497283741e-16,0.17499593098958333,0.010420735677083333,0.17499593098958333,0.010420735677083333,0,idle,665.9954666353136,37.37555251022876,658.3995591333015,38.27071432163883,0.04,0.045
1791317197.573107,658.7772049065821,40.0,-275.9005162500029,84.09948374999708,6.631495029992048e-15,-6.853587371619226e-16,0.17499593098958333,0.010420735677083333,0.17499593098958333,0.010420735677083333,0,idle,661.6707717146727,58.49895950946629,658.5631197623701,39.2821265810302,0.04,0.045
1791317197.590991,658.7772049065821,40.0,-275.9005162500029,84.09948374999708,6.498865132504613e-15,-6.716515627403484e-16,0.17499593098958333,0.010420735677083333,0.17499593098958333,0.010420735677083333,0,idle,651.214423243941,26.285308082357915,658.1956849364486,38.632285656096585,0.04,0.045
1791317197.607737,658.7772049065821,40.0,-275.9005162500029,84.09948374999708,6.36888783219286e-15,-6.582185317272066e-16,0.17499593098958333,0.010420735677083333,0.17499593098958333,0.010420735677083333,0,idle,647.3857465047399,49.78613422327868,657.6551880148631,39.18997808445569,0.04,0.045
1791317197.624513,658.7772049065821,40.0,-275.9005162500029,84.09948374999708,6.241510077305674e-15,-6.450541612742126e-16,0.17499593098958333,0.010420735677083333,0.17499593098958333,0.010420735677083333,0,idle,672.2294551658264,40.72548623641744,658.3839013724113,39.26675349205377,0.04,0.045
1791317197.641221,658.7772049065821,40.0,-275.9005162500029,84.09948374999708,6.11667987707917e-15,-6.321530781851088e-16,0.17499593098958333,0.010420735677083333,0.17499593098958333,0.010420735677083333,0,idle,661.6233022013214,44.45755993214446,658.5458714138568,39.526293814058306,0.04,0.045
1791317197.658782,658.7772049065821,40.0,-275.9005162500029,84.09948374999708,5.994346280528815e-15,-6.195100167238492e-16,0.17499593098958333,0.010420735677083333,0.17499593098958333,0.010420735677083333,0,idle,634.2240217031047,38.79782950195566,657.3297789283192,39.48987059845317,0.04,0.045
1791317197.6752472,658.7772049065821,40.0,-275.9005162500029,84.09948374999708,5.8744593556627604e-15,-6.071198164663178e-16,0.17499593098958333,0.010420735677083333,0.17499593098958333,0.010420735677083333,0,idle,664.6673657804579,63.906696102053274,657.6966582709262,40.71071187363318,0.04,0.045
1791317197.692768,658.7772049065821,40.0,-275.9005162500029,84.09948374999708,5.756970169108691e-15,-5.949774201947827e-16,0.17499593098958333,0.010420735677083333,0.17499593098958333,0.010420735677083333,0,idle,668.2992595051941,35.5889886195677,658.2267883326396,40.4546257109299,0.04,0.045
1791317197.709287,658.7772049065821,40.0,-275.9005162500029,84.09948374999708,5.64183076614648e-15,-5.830778718342898e-16,0.17499593098958333,0.010420735677083333,0.17499593098958333,0.010420735677083333,0,idle,669.7941432086579,33.762180230889356,658.8051560764404,40.120003436927874,0.04,0.045
1791317197.726866,658.7772049065821,40.0,-275.9005162500029,84.09948374999708,5.528994151138938e-15,-5.714163144301991e-16,0.17499593098958333,0.010420735677083333,0.17499593098958333,0.010420735677083333,0,idle,647.7436027251664,40.05734200919776,658.2520784088767,40.11687036554137,0.04,0.045
1791317197.74372,658.7772049065821,40.0,-275.9005162500029,84.09948374999708,5.418414268352999e-15,-5.599879881660723e-16,0.17499593098958333,0.010420735677083333,0.17499593098958333,0.010420735677083333,0,idle,665.2610477027738,29.51065179083536,658.6025268735716,39.58655943680607,0.04,0.045
1791317197.7600389,658.7772049065821,40.0,-275.9005162500029,84.09948374999708,5.310045983163786e-15,-5.487882284211311e-16,0.17499593098958333,0.010420735677083333,0.17499593098958333,0.010420735677083333,0,idle,658.8937365358144,38.834827195033505,658.6170873566838,39.54897282471744,0.04,0.045
1791317197.777546,658.7772049065821,40.0,-275.9005162500029,84.09948374999708,5.2038450636340515e-15,-5.378124638665098e-16,0.17499593098958333,0.010420735677083333,0.17499593098958333,0.010420735677083333,0,idle,642.0074356031752,42.5570415278335,657.7866047690084,39.69937625987324,0.04,0.045
1791317197.7944279,658.7772049065821,40.0,-275.9005162500029,84.09948374999708,5.09976816246164e-15,-5.270562145995423e-16,0.17499593098958333,0.010420735677083333,0.17499593098958333,0.010420735677083333,0,idle,660.7858025482317,14.313842307352534,657.9365646579695,38.43009956224721,0.04,0.045
1791317197.811139,658.7772049065821,40.0,-275.9005162500029,84.09948374999708,4.9977727992876904e-15,-5.165150903153319e-16,0.17499593098958333,0.010420735677083333,0.17499593098958333,0.010420735677083333,0,idle,665.2232321228706,45.25882917124523,658.3008980312145,38.77153604269711,0.04,0.045
1791317197.828924,658.7772049065821,40.0,-275.9005162500029,84.09948374999708,4.897817343358458e-15,-5.061847885148668e-16,0.17499593098958333,0.010420735677083333,0.17499593098958333,0.010420735677083333,0,idle,663.8663082281897,46.6488861268815,658.5791685410633,39.165403546906326,0.04,0.045
1791317197.845619,658.7772049065821,40.0,-275.9005162500029,84.09948374999708,4.799860996533723e-15,-4.96061092748955e-16,0.17499593098958333,0.010420735677083333,0.17499593098958333,0.010420735677083333,0,idle,665.5292610241695,38.656863505286566,658.9266731652186,39.13997654482534,0.04,0.045
1791317197.86248,658.7772049065821,40.0,-275.9005162500029,84.09948374999708,4.703863776634905e-15,-4.861398708972682e-16,0.17499593098958333,0.010420735677083333,0.17499593098958333,0.010420735677083333,0,idle,665.8430832525378,21.095644378823945,659.2724936695846,38.237759936525265,0.04,0.045
1791317197.879322,658.7772049065821,40.0,-275.9005162500029,84.09948374999708,4.609786501126121e-15,-4.764170734817944e-16,0.17499593098958333,0.010420735677083333,0.17499593098958333,0.010420735677083333,0,idle,653.8162600883678,17.84919245656868,658.9996819905238,37.21833156252744,0.04,0.045
1791317197.896092,658.7772049065821,40.0,-275.9005162500029,84.09948374999708,4.517590771121551e-15,-4.668887320140138e-16,0.17499593098958333,0.010420735677083333,0.17499593098958333,0.010420735677083333,0,idle,682.3738387757502,20.676287189236028,660.168389829785,36.39122934386287,0.04,0.045
1791317197.913928,658.7772049065821,40.0,-275.9005162500029,84.09948374999708,4.427238955712595e-15,-4.575509573751262e-16,0.17499593098958333,0.010420735677083333,0.17499593098958333,0.010420735677083333,0,idle,645.141604154286,39.55721406737492,659.41705054601,36.54952858003847,0.04,0.045
1791317197.930763,658.7772049065821,40.0,-275.9005162500029,84.09948374999708,4.3386941766084585e-15,-4.48399938228669e-16,0.17499593098958333,0.010420735677083333,0.17499593098958333,0.010420735677083333,0,idle,666.2963489951534,38.85158715488318,659.7610154684672,36.6646315087807,0.04,0.045
1791317197.947669,658.7772049065821,40.0,-275.9005162500029,84.09948374999708,4.251920293083882e-15,-4.394319394648803e-16,0.17499593098958333,0.010420735677083333,0.17499593098958333,0.010420735677083333,0,idle,667.8030177866101,39.11309089300428,660.1631155843744,36.78705447799188,0.04,0.045
1791317197.96473,658.7772049065821,40.0,-275.9005162500029,84.09948374999708,4.1668818872279026e-15,-4.3064330067617166e-16,0.17499593098958333,0.010420735677083333,0.17499593098958333,0.010420735677083333,0,idle,654.1863013160379,33.29921186498351,659.8642748709576,36.61266234734146,0.04,0.045
1791317197.981662,658.7772049065821,40.0,-275.9005162500029,84.09948374999708,4.0835442494876215e-15,-4.2203043466309027e-16,0.17499593098958333,0.010420735677083333,0.17499593098958333,0.010420735677083333,0,idle,666.716537226112,59.96842879607069,660.2068879887154,37.78045066977792,0.04,0.045
1791317197.9984,658.7772049065821,40.0,-275.9005162500029,84.09948374999708,4.001873364501079e-15,-4.1358982597016024e-16,0.17499593098958333,0.010420735677083333,0.17499593098958333,0.010420735677083333,0,idle,653.0337197873716,41.11780508919205,659.8482295786482,37.94731839074863,0.04,0.045
1791317198.0151439,658.7772049065821,40.0,-275.9005162500029,84.09948374999708,3.921835897213467e-15,-4.0531802945100606e-16,0.17499593098958333,0.010420735677083333,0.17499593098958333,0.010420735677083333,0,idle,645.4753093359732,33.33901225514407,659.1295835665145,37.7169030839684,0.04,0.045
1791317198.032994,658.7772049065821,40.0,-275.9005162500029,84.09948374999708,3.843399179271006e-15,-3.972116688621728e-16,0.17499593098958333,0.010420735677083333,0.17499593098958333,0.010420735677083333,0,idle,665.6973132503699,23.520083705456187,659.4579700507072,37.007062115042785,0.04,0.045
1791317198.049259,658.7772049065821,40.0,-275.9005162500029,84.09948374999708,3.766531195686942e-15,-3.8926743548506957e-16,0.17499593098958333,0.010420735677083333,0.17499593098958333,0.010420735677083333,0,idle,669.7813965970597,49.68802471083944,659.9741413780248,37.64111024483262,0.04,0.045
1791317198.0660522,658.7772049065821,40.0,-275.9005162500029,84.09948374999708,3.691200571774222e-15,-3.814820867754734e-16,0.17499593098958333,0.010420735677083333,0.17499593098958333,0.010420735677083333,0,idle,660.8827294646629,26.70220591939718,660.0195707823567,37.094165028560845,0.04,0.045
1791317198.082659,658.7772049065821,40.0,-275.9005162500029,84.09948374999708,3.6173765603395015e-15,-3.7385244504004293e-16,0.17499593098958333,0.010420735677083333,0.17499593098958333,0.010420735677083333,0,idle,663.0783986107451,55.00170897917758,660.1725121737761,37.98954222609168,0.04,0.045
1791317198.0991418,658.7772049065821,40.0,-275.9005162500029,84.09948374999708,3.545029029133285e-15,-3.663753961393013e-16,0.17499593098958333,0.010420735677083333,0.17499593098958333,0.010420735677083333,0,idle,650.3830433145151,41.67640171400984,659.6830387308131,38.17388520048759,0.04,0.045
1791317198.116586,658.7772049065821,40.0,-275.9005162500029,84.09948374999708,3.4741284485510493e-15,-3.5904788821655975e-16,0.17499593098958333,0.010420735677083333,0.17499593098958333,0.010420735677083333,0,idle,655.0777203264385,33.36117398027376,659.4527728105944,37.9332496394769,0.04,0.045
1791317198.132993,658.7772049065821,40.0,-275.9005162500029,84.09948374999708,3.404645879580351e-15,-3.5186693045226194e-16,0.17499593098958333,0.010420735677083333,0.17499593098958333,0.010420735677083333,0,idle,672.3907665588277,37.61682182100942,660.099672498006,37.91742824855353,0.04,0.045
1791317198.150589,658.7772049065821,40.0,-275.9005162500029,84.09948374999708,3.336552961988986e-15,-3.4482959184324174e-16,0.17499593098958333,0.010420735677083333,0.17499593098958333,0.010420735677083333,0,idle,635.5585188048482,58.732615008747864,658.8726148133482,38.95818758656324,0.04,0.045
1791317198.1674209,658.7772049065821,40.0,-275.9005162500029,84.09948374999708,3.269821902749388e-15,-3.379330000063957e-16,0.17499593098958333,0.010420735677083333,0.17499593098958333,0.010420735677083333,0,idle,645.9584336524393,31.124552636158754,658.2269057553027,38.56650583904302,0.04,0.045
1791317198.184837,658.7772049065821,40.0,-275.9005162500029,84.09948374999708,3.2044254646945368e-15,-3.3117434000628187e-16,0.17499593098958333,0.010420735677083333,0.17499593098958333,0.010420735677083333,0,idle,654.0919101535482,42.489278074201486,658.020155975215,38.76264445080094,0.04,0.045
1791317198.2014232,658.7772049065821,40.0,-275.9005162500029,84.09948374999708,3.1403369554007483e-15,-3.245508532061668e-16,0.17499593098958333,0.010420735677083333,0.17499593098958333,0.010420735677083333,0,idle,665.5549372820493,36.966384555204115,658.3968950405566,38.6728314560211,0.04,0.045
1791317198.2183108,658.7772049065821,40.0,-275.9005162500029,84.09948374999708,3.0775302162928098e-15,-3.180598361420514e-16,0.17499593098958333,0.010420735677083333,0.17499593098958333,0.010420735677083333,0,idle,642.4198660486101,29.391163417902874,657.5980435909593,38.20874805411519,0.04,0.045
1791317198.2352011,658.7772049065821,40.0,-275.9005162500029,84.09948374999708,3.015979611967011e-15,-3.116986394192163e-16,0.17499593098958333,0.010420735677083333,0.17499593098958333,0.010420735677083333,0,idle,668.0095809551959,41.031453385779436,658.1186204591711,38.3498833206984,0.04,0.045
1791317198.2528892,658.7772049065821,40.0,-275.9005162500029,84.09948374999708,2.955660019727714e-15,-3.0546466663083644e-16,0.17499593098958333,0.010420735677083333,0.17499593098958333,0.010420735677083333,0,idle,679.7278867738564,53.776356676518894,659.1990837749054,39.121206988489426,0.04,0.045
1791317198.2695308,658.7772049065821,40.0,-275.9005162500029,84.09948374999708,2.8965468193331923e-15,-2.9935537329822305e-16,0.17499593098958333,0.010420735677083333,0.17499593098958333,0.010420735677083333,0,idle,650.0718148969373,46.977446783451605,658.7427203310069,39.51401897823754,0.04,0.045
1791317198.2856221,658.7772049065821,40.0,-275.9005162500029,84.09948374999708,2.8386158829465528e-15,-2.9336826583226106e-16,0.17499593098958333,0.010420735677083333,0.17499593098958333,0.010420735677083333,0,idle,644.371843699185,40.05616066915398,658.0241764994158,39.54112606278336,0.04,0.045
1791317198.301779,658.7772049065821,40.0,-275.9005162500029,84.09948374999708,2.78184356528764e-15,-2.875009005156177e-16,0.17499593098958333,0.010420735677083333,0.17499593098958333,0.010420735677083333,0,idle,661.2815349709095,29.559969179828855,658.1870444229905,39.042068218635634,0.04,0.045
1791317198.3185432,658.7772049065821,40.0,-275.9005162500029,84.09948374999708,2.726206693981901e-15,-2.8175088250530675e-16,0.17499593098958333,0.010420735677083333,0.17499593098958333,0.010420735677083333,0,idle,643.7607765121959,19.933439051516494,657.4657310274508,38.086636760279674,0.04,0.045
1791317198.335111,658.7772049065821,40.0,-275.9005162500029,84.09948374999708,2.671682560102273e-15,-2.7611586485520167e-16,0.17499593098958333,0.010420735677083333,0.17499593098958333,0.010420735677083333,0,idle,661.0111153173083,42.19651191731397,657.6430002419437,38.29213051813139,0.04,0.045
1791317198.352948,658.7772049065821,40.0,-275.9005162500029,84.09948374999708,2.6182489089002353e-15,-2.705935475580984e-16,0.17499593098958333,0.010420735677083333,0.17499593098958333,0.010420735677083333,0,idle,676.982481724608,50.02591552098702,658.6099743160769,38.87881976827417,0.04,0.045
1791317198.369754,658.7772049065821,40.0,-275.9005162500029,84.09948374999708,2.5658839307222364e-15,-2.65181676606937e-16,0.17499593098958333,0.010420735677083333,0.17499593098958333,0.010420735677083333,0,idle,651.7002395865768,49.76152063893559,658.2644875796019,39.422954811807244,0.04,0.045
1791317198.3865511,658.7772049065821,40.0,-275.9005162500029,84.09948374999708,2.514566252107796e-15,-2.598780430747987e-16,0.17499593098958333,0.010420735677083333,0.17499593098958333,0.010420735677083333,0,idle,675.7597628748196,48.95731865322408,659.1392513443628,39.899673003878085,0.04,0.045
1791317198.40331,658.7772049065821,40.0,-275.9005162500029,84.09948374999708,2.4642749270656433e-15,-2.546804822133031e-16,0.17499593098958333,0.010420735677083333,0.17499593098958333,0.010420735677083333,0,idle,653.7957656373235,45.77034124859031,658.8720770590108,40.193206416113696,0.04,0.045
1791317198.42018,658.7772049065821,40.0,-275.9005162500029,84.09948374999708,2.4149894285243327e-15,-2.495868725690373e-16,0.17499593098958333,0.010420735677083333,0.17499593098958333,0.010420735677083333,0,idle,653.3700315524378,38.09769174245795,658.5969747836822,40.08843068243091,0.04,0.045
1791317198.437876,658.7772049065821,40.0,-275.9005162500029,84.09948374999708,2.366689639953848e-15,-2.4459513511765674e-16,0.17499593098958333,0.010420735677083333,0.17499593098958333,0.010420735677083333,0,idle,657.5818886011837,48.825013739529076,658.5462204745572,40.525259835285816,0.04,0.045
1791317198.45456,658.7772049065821,40.0,-275.9005162500029,84.09948374999708,2.3193558471547722e-15,-2.3970323241530374e-16,0.17499593098958333,0.010420735677083333,0.17499593098958333,0.010420735677083333,0,idle,653.7686566722289,33.936863888255715,658.3073422844408,40.19584003793431,0.04,0.045
1791317198.471367,658.7772049065821,40.0,-275.9005162500029,84.09948374999708,2.272968730211678e-15,-2.3490916776699777e-16,0.17499593098958333,0.010420735677083333,0.17499593098958333,0.010420735677083333,0,idle,670.3706354062234,41.72227254954919,658.9105069405299,40.27216166351506,0.04,0.045
1791317198.488032,658.7772049065821,40.0,-275.9005162500029,84.09948374999708,2.227509355607445e-15,-2.302109844116579e-16,0.17499593098958333,0.010420735677083333,0.17499593098958333,0.010420735677083333,0,idle,668.0928297882031,51.85384660809687,659.3696230829136,40.85124591074415,0.04,0.045
1791317198.505595,658.7772049065821,40.0,-275.9005162500029,84.09948374999708,2.1829591684952964e-15,-2.256067647234248e-16,0.17499593098958333,0.010420735677083333,0.17499593098958333,0.010420735677083333,0,idle,649.1327352512112,45.81773410591738,658.8577786913285,41.09957032050281,0.04,0.045
1791317198.52213,658.7772049065821,40.0,-275.9005162500029,84.09948374999708,2.139299985125391e-15,-2.2109462942895632e-16,0.17499593098958333,0.010420735677083333,0.17499593098958333,0.010420735677083333,0,idle,671.4318843562952,31.935669266274566,659.4864839745768,40.641375267791396,0.04,0.045
1791317198.539594,658.7772049065821,40.0,-275.9005162500029,84.09948374999708,2.0965139854228834e-15,-2.1667273684037722e-16,0.17499593098958333,0.010420735677083333,0.17499593098958333,0.010420735677083333,0,idle,660.7181277647811,32.301015438163475,659.548066164087,40.22435727631,0.04,0.045
1791317198.556093,658.7772049065821,40.0,-275.9005162500029,84.09948374999708,2.054583705714426e-15,-2.123392821035697e-16,0.17499593098958333,0.010420735677083333,0.17499593098958333,0.010420735677083333,0,idle,657.9472086971343,34.29269324910338,659.4680232907393,39.92777407494967,0.04,0.045
1791317198.573678,658.7772049065821,40.0,-275.9005162500029,84.09948374999708,2.0134920316001376e-15,-2.0809249646149833e-16,0.17499593098958333,0.010420735677083333,0.17499593098958333,0.010420735677083333,0,idle,656.6487574504094,34.619394617545,659.3270599987228,39.66235510207943,0.04,0.045
1791317198.5904808,658.7772049065821,40.0,-275.9005162500029,84.09948374999708,1.973222190968135e-15,-2.0393064653226838e-16,0.17499593098958333,0.010420735677083333,0.17499593098958333,0.010420735677083333,0,idle,668.6731304524852,37.89626757836379,659.7943635214109,39.57405072589365,0.04,0.045
1791317198.6071281,658.7772049065821,40.0,-275.9005162500029,84.09948374999708,1.9337577471487724e-15,-1.9985203360162302e-16,0.17499593098958333,0.010420735677083333,0.17499593098958333,0.010420735677083333,0,idle,658.9559208681964,33.5717756964454,659.7524413887502,39.27393697442124,0.04,0.045
1791317198.623778,658.7772049065821,40.0,-275.9005162500029,84.09948374999708,1.895082592205797e-15,-1.9585499292959056e-16,0.17499593098958333,0.010420735677083333,0.17499593098958333,0.010420735677083333,0,idle,648.6092767641626,38.90496826292141,659.1952831575209,39.25548853884625,0.04,0.045
1791317198.640219,658.7772049065821,40.0,-275.9005162500029,84.09948374999708,1.857180940361681e-15,-1.9193789307099875e-16,0.17499593098958333,0.010420735677083333,0.17499593098958333,0.010420735677083333,0,idle,649.7178332373433,33.14720396978998,658.721410661512,38.95007431039344,0.04,0.045
1791317198.657863,658.7772049065821,40.0,-275.9005162500029,84.09948374999708,1.8200373215544472e-15,-1.8809913520957877e-16,0.17499593098958333,0.010420735677083333,0.17499593098958333,0.010420735677083333,0,idle,671.615994492983,52.75350057342479,659.3661398530855,39.640245623545006,0.04,0.045
1791317198.674795,658.7772049065821,40.0,-275.9005162500029,84.09948374999708,1.7836365751233583e-15,-1.843371525053872e-16,0.17499593098958333,0.010420735677083333,0.17499593098958333,0.010420735677083333,0,idle,650.1126426592322,59.38512440495532,658.9034649933928,40.62748956261552,0.04,0.045
1791317198.6908329,658.7772049065821,40.0,-275.9005162500029,84.09948374999708,1.747963843620891e-15,-1.8065040945527945e-16,0.17499593098958333,0.010420735677083333,0.17499593098958333,0.010420735677083333,0,idle,655.2282415803151,36.85627782794203,658.719703822739,40.43892897588185,0.04,0.045
1791317198.707665,658.7772049065821,40.0,-275.9005162500029,84.09948374999708,1.7130045667484733e-15,-1.7703740126617386e-16,0.17499593098958333,0.010420735677083333,0.17499593098958333,0.010420735677083333,0,idle,666.9232938662614,41.98703462618145,659.1298833249151,40.51633425839683,0.04,0.045
1791317198.724948,658.7772049065821,40.0,-275.9005162500029,84.09948374999708,1.6787444754135038e-15,-1.7349665324085038e-16,0.17499593098958333,0.010420735677083333,0.17499593098958333,0.010420735677083333,0,idle,666.940507894065,30.504515319735418,659.5204145533726,40.01574331146376,0.04,0.045
1791317198.742029,658.7772049065821,40.0,-275.9005162500029,84.09948374999708,1.6451695859052338e-15,-1.7002672017603337e-16,0.17499593098958333,0.010420735677083333,0.17499593098958333,0.010420735677083333,0,idle,642.8053711772632,39.11012974148682,658.6846623845671,39.97046263296491,0.04,0.045
1791317198.7599611,658.7772049065821,40.0,-275.9005162500029,84.09948374999708,1.612266194187129e-15,-1.666261857725127e-16,0.17499593098958333,0.010420735677083333,0.17499593098958333,0.010420735677083333,0,idle,651.1811679953827,34.0477006619644,658.3094876651079,39.674324534414886,0.04,0.045
1791317198.776871,658.7772049065821,40.0,-275.9005162500029,84.09948374999708,1.5800208703033865e-15,-1.6329366205706246e-16,0.17499593098958333,0.010420735677083333,0.17499593098958333,0.010420735677083333,0,idle,667.921367320177,64.21854531731171,658.7900816478614,40.90153557355973,0.04,0.045
1791317198.793719,658.7772049065821,40.0,-275.9005162500029,84.09948374999708,1.5484204528973188e-15,-1.6002778881592122e-16,0.17499593098958333,0.010420735677083333,0.17499593098958333,0.010420735677083333,0,idle,630.3899512785588,40.605802388808314,657.3700751293962,40.886748914322155,0.04,0.045
1791317198.8102689,658.7772049065821,40.0,-275.9005162500029,84.09948374999708,1.5174520438393725e-15,-1.568272330396028e-16,0.17499593098958333,0.010420735677083333,0.17499593098958333,0.010420735677083333,0,idle,669.6900842357951,42.79788602163097,657.9860755847162,40.9823057696876,0.04,0.045
1791317198.827841,658.7772049065821,40.0,-275.9005162500029,84.09948374999708,1.4871030029625852e-15,-1.5369068837881076e-16,0.17499593098958333,0.010420735677083333,0.17499593098958333,0.010420735677083333,0,idle,652.7660025790268,25.16747131178349,657.7250719344318,40.191564046792394,0.04,0.045
1791317198.844554,658.7772049065821,40.0,-275.9005162500029,84.09948374999708,1.4573609429033334e-15,-1.5061687461123455e-16,0.17499593098958333,0.010420735677083333,0.17499593098958333,0.010420735677083333,0,idle,641.2480457773745,42.448238427108706,656.9012206265788,40.30439776580821,0.04,0.045
1791317198.861223,658.7772049065821,40.0,-275.9005162500029,84.09948374999708,1.4282137240452668e-15,-1.4760453711900986e-16,0.17499593098958333,0.010420735677083333,0.17499593098958333,0.010420735677083333,0,idle,663.0478040285061,34.195955476422604,657.2085497966752,39.99897565133893,0.04,0.045
1791317198.878072,658.7772049065821,40.0,-275.9005162500029,84.09948374999708,1.3996494495643615e-15,-1.4465244637662965e-16,0.17499593098958333,0.010420735677083333,0.17499593098958333,0.010420735677083333,0,idle,674.515451331262,32.12548697333777,658.0738948734046,39.60530121743887,0.04,0.045
1791317198.895624,658.7772049065821,40.0,-275.9005162500029,84.09948374999708,1.3716564605730743e-15,-1.4175939744909704e-16,0.17499593098958333,0.010420735677083333,0.17499593098958333,0.010420735677083333,0,idle,661.6538915645122,23.921397651836223,658.25289470796,38.821106039158735,0.04,0.045
1791317198.9124951,658.7772049065821,40.0,-275.9005162500029,84.09948374999708,1.3442233313616127e-15,-1.389242095001151e-16,0.17499593098958333,0.010420735677083333,0.17499593098958333,0.010420735677083333,0,idle,671.792018173505,36.32739151758621,658.9298508812373,38.69642031308011,0.04,0.045
1791317198.929095,658.7772049065821,40.0,-275.9005162500029,84.09948374999708,1.3173388647343805e-15,-1.361457253101128e-16,0.17499593098958333,0.010420735677083333,0.17499593098958333,0.010420735677083333,0,idle,658.7232876280201,47.56898885976654,658.9195227185764,39.140048740414436,0.04,0.045
1791317198.946651,658.7772049065821,40.0,-275.9005162500029,84.09948374999708,1.2909920874396929e-15,-1.3342281080391054e-16,0.17499593098958333,0.010420735677083333,0.17499593098958333,0.010420735677083333,0,idle,648.0408325374623,53.944664105390885,658.3755882095207,39.88027950866326,0.04,0.045
1791317198.96311,658.7772049065821,40.0,-275.9005162500029,84.09948374999708,1.265172245690899e-15,-1.3075435458783232e-16,0.17499593098958333,0.010420735677083333,0.17499593098958333,0.010420735677083333,0,idle,642.3914885512471,45.5823099077238,657.576383226607,40.16538102861628,0.04,0.045
1791317198.980662,658.7772049065821,40.0,-275.9005162500029,84.09948374999708,1.239868800777081e-15,-1.2813926749607567e-16,0.17499593098958333,0.010420735677083333,0.17499593098958333,0.010420735677083333,0,idle,649.1854738674481,42.54135314299744,657.1568377586491,40.28417963433534,0.04,0.045
1791317198.9972842,658.7772049065821,40.0,-275.9005162500029,84.09948374999708,1.2150714247615394e-15,-1.2557648214615415e-16,0.17499593098958333,0.010420735677083333,0.17499593098958333,0.010420735677083333,0,idle,639.9573868398842,32.89832418360304,656.2968652127108,39.91488686179872,0.04,0.045
1791317199.0139961,658.7772049065821,40.0,-275.9005162500029,84.09948374999708,1.1907699962663085e-15,-1.2306495250323107e-16,0.17499593098958333,0.010420735677083333,0.17499593098958333,0.010420735677083333,0,idle,653.4369005135383,38.38117912737402,656.1538669777522,39.83820147507748,0.04,0.045
1791317199.031821,658.7772049065821,40.0,-275.9005162500029,84.09948374999708,1.1669545963409824e-15,-1.2060365345316644e-16,0.17499593098958333,0.010420735677083333,0.17499593098958333,0.010420735677083333,0,idle,667.5587070374148,38.540487189512135,656.7241089807353,39.773315760799214,0.04,0.045
1791317199.048311,658.7772049065821,40.0,-275.9005162500029,84.09948374999708,1.1436155044141628e-15,-1.1819158038410312e-16,0.17499593098958333,0.010420735677083333,0.17499593098958333,0.010420735677083333,0,idle,665.358229252223,28.269884124883326,657.1558149943097,39.19814417900342,0.04,0.045
1791317199.065778,658.7772049065821,40.0,-275.9005162500029,84.09948374999708,1.1207431943258795e-15,-1.1582774877642106e-16,0.17499593098958333,0.010420735677083333,0.17499593098958333,0.010420735677083333,0,idle,666.5245398919841,52.38678772628185,657.6242512391934,39.857576356367346,0.04,0.045
1791317199.0823412,658.7772049065821,40.0,-275.9005162500029,84.09948374999708,1.098328330439362e-15,-1.1351119380089265e-16,0.17499593098958333,0.010420735677083333,0.17499593098958333,0.010420735677083333,0,idle,663.4165182346934,44.82590387345541,657.9138645889684,40.10599273222175,0.04,0.045
1791317199.099196,658.7772049065821,40.0,-275.9005162500029,84.09948374999708,1.0763617638305747e-15,-1.1124096992487479e-16,0.17499593098958333,0.010420735677083333,0.17499593098958333,0.010420735677083333,0,idle,643.6283898967738,17.120855260250814,657.1995908543587,38.956735858623205,0.04,0.045
1791317199.116353,658.7772049065821,40.0,-275.9005162500029,84.09948374999708,1.0548345285539633e-15,-1.090161505263773e-16,0.17499593098958333,0.010420735677083333,0.17499593098958333,0.010420735677083333,0,idle,673.2922282390373,39.12067321057735,658.0042227235926,38.96493272622091,0.04,0.045
1791317199.1335628,658.7772049065821,40.0,-275.9005162500029,84.09948374999708,1.033737837982884e-15,-1.0683582751584976e-16,0.17499593098958333,0.010420735677083333,0.17499593098958333,0.010420735677083333,0,idle,667.4168220802679,33.460436288158,658.4748526914265,38.689707904317764,0.04,0.045
1791317199.15076,658.7772049065821,40.0,-275.9005162500029,84.09948374999708,1.0130630812232262e-15,-1.0469911096553276e-16,0.17499593098958333,0.010420735677083333,0.17499593098958333,0.010420735677083333,0,idle,657.8779217011122,25.660187390443824,658.4450061419108,38.03823187862407,0.04,0.045
1791317199.167742,658.7772049065821,40.0,-275.9005162500029,84.09948374999708,9.928018195987616e-16,-1.026051287462221e-16,0.17499593098958333,0.010420735677083333,0.17499593098958333,0.010420735677083333,0,idle,652.408570503661,32.140345876117514,658.1431843599983,37.74333757849874,0.04,0.045
1791317199.184024,658.7772049065821,40.0,-275.9005162500029,84.09948374999708,9.729457832067864e-16,-1.0055302617129766e-16,0.17499593098958333,0.010420735677083333,0.17499593098958333,0.010420735677083333,0,idle,657.56003449069,43.57157293102799,658.1140268665329,38.0347493461252,0.04,0.045
1791317199.200922,658.7772049065821,40.0,-275.9005162500029,84.09948374999708,9.534868675426506e-16,-9.85419656478717e-17,0.17499593098958333,0.010420735677083333,0.17499593098958333,0.010420735677083333,0,idle,673.884188158796,35.113464239990975,658.902534931146,37.88868509081849,0.04,0.045
1791317199.217689,658.7772049065821,40.0,-275.9005162500029,84.09948374999708,9.344171301917976e-16,-9.657112633491427e-17,0.17499593098958333,0.010420735677083333,0.17499593098958333,0.010420735677083333,0,idle,678.1730869434081,50.98717017165602,659.8660625317591,38.543609344860364,0.04,0.045
1791317199.234656,658.7772049065821,40.0,-275.9005162500029,84.09948374999708,9.157287875879616e-16,-9.463970380821599e-17,0.17499593098958333,0.010420735677083333,0.17499593098958333,0.010420735677083333,0,idle,672.5195630417267,38.05171947674682,660.4987375572575,38.519014851454685,0.04,0.045
1791317199.2514591,658.7772049065821,40.0,-275.9005162500029,84.09948374999708,8.974142118362023e-16,-9.274690973205166e-17,0.17499593098958333,0.010420735677083333,0.17499593098958333,0.010420735677083333,0,idle,648.209287271149,51.56923527468794,659.884265042952,39.17152587261635,0.04,0.045
1791317199.268229,658.7772049065821,40.0,-275.9005162500029,84.09948374999708,8.794659275994782e-16,-9.089197153741062e-17,0.17499593098958333,0.010420735677083333,0.17499593098958333,0.010420735677083333,0,idle,676.312786714296,41.71804765372905,660.7056911265192,39.298851961671986,0.04,0.045
1791317199.2859578,658.7772049065821,40.0,-275.9005162500029,84.09948374999708,8.618766090474887e-16,-8.907413210666241e-17,0.17499593098958333,0.010420735677083333,0.17499593098958333,0.010420735677083333,0,idle,660.9335677795136,43.20060306157863,660.7170849591689,39.49393951666732,0.04,0.045
1791317199.3027468,658.7772049065821,40.0,-275.9005162500029,84.09948374999708,8.446390768665389e-16,-8.729264946452916e-17,0.17499593098958333,0.010420735677083333,0.17499593098958333,0.010420735677083333,0,idle,664.621042251217,25.005377367098315,660.9122828237713,38.769511409188866,0.04,0.045
1791317199.3184361,658.7772049065821,40.0,-275.9005162500029,84.09948374999708,8.277462953292082e-16,-8.554679647523858e-17,0.17499593098958333,0.010420735677083333,0.17499593098958333,0.010420735677083333,0,idle,670.9477024758496,42.01807675288143,661.4140538063753,38.931939676373496,0.04,0.045
1791317199.335287,658.7772049065821,40.0,-275.9005162500029,84.09948374999708,8.11191369422624e-16,-8.38358605457338e-17,0.17499593098958333,0.010420735677083333,0.17499593098958333,0.010420735677083333,0,idle,650.8483502831846,54.26706754575845,660.8857686302157,39.69869606984275,0.04,0.045
1791317199.352929,658.7772049065821,40.0,-275.9005162500029,84.09948374999708,7.949675420341715e-16,-8.215914333481912e-17,0.17499593098958333,0.010420735677083333,0.17499593098958333,0.010420735677083333,0,idle,659.1604482131555,33.25663769119768,660.7995026093627,39.376593150910495,0.04,0.045
1791317199.3694668,658.7772049065821,40.0,-275.9005162500029,84.09948374999708,7.790681911934882e-16,-8.051596046812274e-17,0.17499593098958333,0.010420735677083333,0.17499593098958333,0.010420735677083333,0,idle,668.1416890688503,53.02293884569901,661.166611932337,40.05891043564992,0.04,0.045
1791317199.385965,658.7772049065821,40.0,-275.9005162500029,84.09948374999708,7.634868273696183e-16,-7.890564125876029e-17,0.17499593098958333,0.010420735677083333,0.17499593098958333,0.010420735677083333,0,idle,644.6026442936391,49.18070616607663,660.338413550402,40.51500022217125,0.04,0.045
1791317199.403475,658.7772049065821,40.0,-275.9005162500029,84.09948374999708,7.48217090822226e-16,-7.732752843358509e-17,0.17499593098958333,0.010420735677083333,0.17499593098958333,0.010420735677083333,0,idle,657.7874430843428,45.87167888915873,660.2108650270991,40.782834155520625,0.04,0.045
1791317199.420042,658.7772049065821,40.0,-275.9005162500029,84.09948374999708,7.332527490057815e-16,-7.578097786491339e-17,0.17499593098958333,0.010420735677083333,0.17499593098958333,0.010420735677083333,0,idle,662.4199000225348,38.07636202473626,660.3213167768708,40.64751054898141,0.04,0.045
1791317199.437692,658.7772049065821,40.0,-275.9005162500029,84.09948374999708,7.185876940256658e-16,-7.426535830761512e-17,0.17499593098958333,0.010420735677083333,0.17499593098958333,0.010420735677083333,0,idle,668.6956237875307,42.14808392866494,660.7400321274039,40.72253921796558,0.04,0.045
1791317199.454422,658.7772049065821,40.0,-275.9005162500029,84.09948374999708,7.042159401451525e-16,-7.278005114146281e-17,0.17499593098958333,0.010420735677083333,0.17499593098958333,0.010420735677083333,0,idle,657.3133110675749,39.812806779390584,660.5686960744124,40.67705259603683,0.04,0.045
1791317199.471842,658.7772049065821,40.0,-275.9005162500029,84.09948374999708,6.901316213422494e-16,-7.132445011863356e-17,0.17499593098958333,0.010420735677083333,0.17499593098958333,0.010420735677083333,0,idle,661.9674685014521,29.81879834585866,660.6386346957644,40.13413988352792,0.04,0.045
1791317199.4878342,658.7772049065821,40.0,-275.9005162500029,84.09948374999708,6.763289889154045e-16,-6.989796111626088e-17,0.17499593098958333,0.010420735677083333,0.17499593098958333,0.010420735677083333,0,idle,655.779822944992,44.551733122951006,660.3956941082257,40.355019545499076,0.04,0.045
1791317199.504651,658.7772049065821,40.0,-275.9005162500029,84.09948374999708,6.628024091370964e-16,-6.850000189393567e-17,0.17499593098958333,0.010420735677083333,0.17499593098958333,0.010420735677083333,0,idle,649.9100265058927,39.147993423978946,659.871410728109,40.29466823942307,0.04,0.045
1791317199.521594,658.7772049065821,40.0,-275.9005162500029,84.09948374999708,6.495463609543545e-16,-6.713000185605695e-17,0.17499593098958333,0.010420735677083333,0.17499593098958333,0.010420735677083333,0,idle,671.2077060534964,51.13192614417878,660.4382254943783,40.83653113466085,0.04,0.045
1791317199.53836,658.7772049065821,40.0,-275.9005162500029,84.09948374999708,6.365554337352674e-16,-6.578740181893581e-17,0.17499593098958333,0.010420735677083333,0.17499593098958333,0.010420735677083333,0,idle,666.7247587942129,-0.49131247166747016,660.7525521593701,38.77013895434444,0.04,0.045
1791317199.5552452,658.7772049065821,40.0,-275.9005162500029,84.09948374999708,6.23824325060562e-16,-6.447165378255709e-17,0.17499593098958333,0.010420735677083333,0.17499593098958333,0.010420735677083333,0,idle,665.7889659029062,43.075029754236056,661.0043728465469,38.98538349433902,0.04,0.045
1791317199.571985,658.7772049065821,40.0,-275.9005162500029,84.09948374999708,6.113478385593508e-16,-6.318222070690595e-17,0.17499593098958333,0.010420735677083333,0.17499593098958333,0.010420735677083333,0,idle,648.922052912446,50.027865024750724,660.4002568498419,39.5375075708596,0.04,0.045
1791317199.588875,658.7772049065821,40.0,-275.9005162500029,84.09948374999708,5.991208817881638e-16,-6.191857629276784e-17,0.17499593098958333,0.010420735677083333,0.17499593098958333,0.010420735677083333,0,idle,652.14671506845,35.81432107509717,659.9875797607723,39.35134824607148,0.04,0.045
1791317199.605859,658.7772049065821,40.0,-275.9005162500029,84.09948374999708,5.871384641524005e-16,-6.068020476691248e-17,0.17499593098958333,0.010420735677083333,0.17499593098958333,0.010420735677083333,0,idle,662.2259626215854,52.94298998703391,660.0994989038129,40.0309303331196,0.04,0.045
1791317199.622304,658.7772049065821,40.0,-275.9005162500029,84.09948374999708,5.753956948693524e-16,-5.946660067157423e-17,0.17499593098958333,0.010420735677083333,0.17499593098958333,0.010420735677083333,0,idle,671.6164674868046,28.40073967700617,660.6753473329625,39.44942080031393,0.04,0.045
1791317199.6391091,658.7772049065821,40.0,-275.9005162500029,84.09948374999708,5.638877809719654e-16,-5.827726865814275e-17,0.17499593098958333,0.010420735677083333,0.17499593098958333,0.010420735677083333,0,idle,658.5187172320966,86.47898084236553,660.5675158279191,41.80089880241651,0.04,0.045
1791317199.656638,658.7772049065821,40.0,-275.9005162500029,84.09948374999708,5.526100253525261e-16,-5.71117232849799e-17,0.17499593098958333,0.010420735677083333,0.17499593098958333,0.010420735677083333,0,idle,649.8626485519763,49.951818651767574,660.032272464122,42.208444794884066,0.04,0.045
1791317199.6739578,658.7772049065821,40.0,-275.9005162500029,84.09948374999708,5.415578248454756e-16,-5.59694888192803e-17,0.17499593098958333,0.010420735677083333,0.17499593098958333,0.010420735677083333,0,idle,648.8937735687508,48.480502118807834,659.4753475193535,42.52204766108026,0.04,0.045
1791317199.690782,658.7772049065821,40.0,-275.9005162500029,84.09948374999708,5.307266683485661e-16,-5.485009904289469e-17,0.17499593098958333,0.010420735677083333,0.17499593098958333,0.010420735677083333,0,idle,651.072048951804,27.822098561337956,659.055182590976,41.78705020609314,0.04,0.045
1791317199.707527,658.7772049065821,40.0,-275.9005162500029,84.09948374999708,5.201121349815948e-16,-5.3753097062036796e-17,0.17499593098958333,0.010420735677083333,0.17499593098958333,0.010420735677083333,0,idle,666.7564901958534,34.777461257124536,659.4402479712198,41.43657075864471,0.04,0.045
1791317199.724422,658.7772049065821,40.0,-275.9005162500029,84.09948374999708,5.097098922819629e-16,-5.267803512079606e-17,0.17499593098958333,0.010420735677083333,0.17499593098958333,0.010420735677083333,0,idle,641.1076318360762,36.30783502093181,658.5236171644626,41.18013397175907,0.04,0.045
1791317199.741123,658.7772049065821,40.0,-275.9005162500029,84.09948374999708,4.995156944363236e-16,-5.1624474418380136e-17,0.17499593098958333,0.010420735677083333,0.17499593098958333,0.010420735677083333,0,idle,647.5710939295824,51.80419649311317,657.9759910027186,41.71133709782677,0.04,0.045
1791317199.7587378,658.7772049065821,40.0,-275.9005162500029,84.09948374999708,4.895253805475972e-16,-5.059198493001253e-17,0.17499593098958333,0.010420735677083333,0.17499593098958333,0.010420735677083333,0,idle,655.8139236950875,20.826369228313126,657.867887637337,40.66708870435109,0.04,0.045
1791317199.775323,658.7772049065821,40.0,-275.9005162500029,84.09948374999708,4.797348729366452e-16,-4.958014523141228e-17,0.17499593098958333,0.010420735677083333,0.17499593098958333,0.010420735677083333,0,idle,651.7840727059134,35.32419979773172,657.5636968907659,40.39994425902012,0.04,0.045
1791317199.792008,658.7772049065821,40.0,-275.9005162500029,84.09948374999708,4.701401754779122e-16,-4.858854232678403e-17,0.17499593098958333,0.010420735677083333,0.17499593098958333,0.010420735677083333,0,idle,648.535346908057,79.58639785026364,657.1122793916304,42.359266938582294,0.04,0.045
1791317199.809504,658.7772049065821,40.0,-275.9005162500029,84.09948374999708,4.607373719683539e-16,-4.7616771480248345e-17,0.17499593098958333,0.010420735677083333,0.17499593098958333,0.010420735677083333,0,idle,667.3124739382758,31.365625308801885,657.6222891189627,41.80958485709328,0.04,0.045
1791317199.8259761,658.7772049065821,40.0,-275.9005162500029,84.09948374999708,4.515226245289868e-16,-4.666443605064338e-17,0.17499593098958333,0.010420735677083333,0.17499593098958333,0.010420735677083333,0,idle,670.254962463036,24.709273497501123,658.2539227861664,40.95456928911367,0.04,0.045
1791317199.8423848,658.7772049065821,40.0,-275.9005162500029,84.09948374999708,4.424921720384071e-16,-4.573114732963051e-17,0.17499593098958333,0.010420735677083333,0.17499593098958333,0.010420735677083333,0,idle,667.2214013052578,39.74355359563463,658.702296712121,40.89401850443972,0.04,0.045
1791317199.859833,658.7772049065821,40.0,-275.9005162500029,84.09948374999708,4.3364232859763897e-16,-4.48165243830379e-17,0.17499593098958333,0.010420735677083333,0.17499593098958333,0.010420735677083333,0,idle,676.7039351418422,21.536355128673748,659.602378633607,39.92613533565142,0.04,0.045
1791317199.876307,658.7772049065821,40.0,-275.9005162500029,84.09948374999708,4.249694820256862e-16,-4.392019389537714e-17,0.17499593098958333,0.010420735677083333,0.17499593098958333,0.010420735677083333,0,idle,653.6549126637035,36.26737402916483,659.3050053351119,39.743197270327094,0.04,0.045
1791317199.893847,658.7772049065821,40.0,-275.9005162500029,84.09948374999708,4.164700923851725e-16,-4.30417900174696e-17,0.17499593098958333,0.010420735677083333,0.17499593098958333,0.010420735677083333,0,idle,662.2513229535856,48.75571614925438,659.4523212160356,40.19382321427346,0.04,0.045
1791317199.910351,658.7772049065821,40.0,-275.9005162500029,84.09948374999708,4.08140690537469e-16,-4.2180954217120204e-17,0.17499593098958333,0.010420735677083333,0.17499593098958333,0.010420735677083333,0,idle,664.2849091413289,23.537981464718094,659.6939506123002,39.36103112679569,0.04,0.045
1791317199.92695,658.7772049065821,40.0,-275.9005162500029,84.09948374999708,3.999778767267196e-16,-4.13373351327778e-17,0.17499593098958333,0.010420735677083333,0.17499593098958333,0.010420735677083333,0,idle,662.2664546039773,54.73925338852644,659.8225758118841,40.129942239882226,0.04,0.045
1791317199.944435,658.7772049065821,40.0,-275.9005162500029,84.09948374999708,3.9197831919218525e-16,-4.051058843012224e-17,0.17499593098958333,0.010420735677083333,0.17499593098958333,0.010420735677083333,0,idle,679.1946331253379,39.14399515197836,660.7911786775568,40.08064488548703,0.04,0.045
1791317199.9619122,658.7772049065821,40.0,-275.9005162500029,84.09948374999708,3.841387528083415e-16,-3.9700376661519796e-17,0.17499593098958333,0.010420735677083333,0.17499593098958333,0.010420735677083333,0,idle,669.5258871010903,41.645486964338346,661.2279140987334,40.1588869894296,0.04,0.045
1791317199.9775949,658.7772049065821,40.0,-275.9005162500029,84.09948374999708,3.7645597775217466e-16,-3.89063691282894e-17,0.17499593098958333,0.010420735677083333,0.17499593098958333,0.010420735677083333,0,idle,682.3539862233698,34.948846126780225,662.2842177049653,39.89838494629713,0.04,0.045
1791317199.994128,658.7772049065821,40.0,-275.9005162500029,84.09948374999708,3.6892685819713116e-16,-3.812824174572361e-17,0.17499593098958333,0.010420735677083333,0.17499593098958333,0.010420735677083333,0,idle,654.3349886373477,40.05284995191247,661.8867562515844,39.9061081965779,0.04,0.045
1791317200.01107,658.7772049065821,40.0,-275.9005162500029,84.09948374999708,3.615483210331885e-16,-3.736567691080914e-17,0.17499593098958333,0.010420735677083333,0.17499593098958333,0.010420735677083333,0,idle,649.8305239047132,30.465837480377814,661.2839446342408,39.43409466076789,0.04,0.045
1791317200.0286899,658.7772049065821,40.0,-275.9005162500029,84.09948374999708,3.5431735461252473e-16,-3.661836337259296e-17,0.17499593098958333,0.010420735677083333,0.17499593098958333,0.010420735677083333,0,idle,660.4779114430725,46.506162789560975,661.2436429746824,39.78769806720754,0.04,0.045
1791317200.0455968,658.7772049065821,40.0,-275.9005162500029,84.09948374999708,3.472310075202742e-16,-3.58859961051411e-17,0.17499593098958333,0.010420735677083333,0.17499593098958333,0.010420735677083333,0,idle,675.9481390595068,37.21864350997401,661.9788677789236,39.659245339345865,0.04,0.045
1791317200.0615811,658.7772049065821,40.0,-275.9005162500029,84.09948374999708,3.4028638736986873e-16,-3.516827618303827e-17,0.17499593098958333,0.010420735677083333,0.17499593098958333,0.010420735677083333,0,idle,648.3965061954062,28.93782921481751,661.2997496997477,39.123174533119446,0.04,0.045
1791317200.077906,658.7772049065821,40.0,-275.9005162500029,84.09948374999708,3.3348065962247136e-16,-3.4464910659377505e-17,0.17499593098958333,0.010420735677083333,0.17499593098958333,0.010420735677083333,0,idle,628.6637886896071,47.199546511374514,659.6679516492406,39.5269931320322,0.04,0.045
1791317200.094473,658.7772049065821,40.0,-275.9005162500029,84.09948374999708,3.2681104643002194e-16,-3.3775612446189953e-17,0.17499593098958333,0.010420735677083333,0.17499593098958333,0.010420735677083333,0,idle,662.8446693927375,44.0473029935089,659.8267875364155,39.75300862510604,0.04,0.045
1791317200.1112802,658.7772049065821,40.0,-275.9005162500029,84.09948374999708,3.202748255014215e-16,-3.3100100197266156e-17,0.17499593098958333,0.010420735677083333,0.17499593098958333,0.010420735677083333,0,idle,651.5739137712695,17.519687051344164,659.4141438481582,38.641342546417945,0.04,0.045
1791317200.1279879,658.7772049065821,40.0,-275.9005162500029,84.09948374999708,3.1386932899139305e-16,-3.2438098193320834e-17,0.17499593098958333,0.010420735677083333,0.17499593098958333,0.010420735677083333,0,idle,668.361597899843,29.339047990449707,659.8615165507425,38.17622781861953,0.04,0.045
1791317200.145418,658.7772049065821,40.0,-275.9005162500029,84.09948374999708,3.0759194241156517e-16,-3.178933622945442e-17,0.17499593098958333,0.010420735677083333,0.17499593098958333,0.010420735677083333,0,idle,655.4521709555113,37.183733080551754,659.641049270981,38.12660308171614,0.04,0.045
1791317200.162224,658.7772049065821,40.0,-275.9005162500029,84.09948374999708,3.0144010356333387e-16,-3.115354950486533e-17,0.17499593098958333,0.010420735677083333,0.17499593098958333,0.010420735677083333,0,idle,656.6591235891278,44.77061802224567,659.4919529868882,38.45880382874262,0.04,0.045
1791317200.1789382,658.7772049065821,40.0,-275.9005162500029,84.09948374999708,2.954113014920672e-16,-3.053047851476802e-17,0.17499593098958333,0.010420735677083333,0.17499593098958333,0.010420735677083333,0,idle,657.3289350802191,38.06311243392048,659.3838020915548,38.43901925900151,0.04,0.045
1791317200.196724,658.7772049065821,40.0,-275.9005162500029,84.09948374999708,2.8950307546222586e-16,-2.991986894447266e-17,0.17499593098958333,0.010420735677083333,0.17499593098958333,0.010420735677083333,0,idle,669.7145205774599,27.41559942900839,659.90033801585,37.88784826750186,0.04,0.045
1791317200.213383,658.7772049065821,40.0,-275.9005162500029,84.09948374999708,2.8371301395298134e-16,-2.932147156558321e-17,0.17499593098958333,0.010420735677083333,0.17499593098958333,0.010420735677083333,0,idle,669.1919643274446,41.78997694726896,660.3649193314297,38.082954701490216,0.04,0.045
1791317200.229952,658.7772049065821,40.0,-275.9005162500029,84.09948374999708,2.780387536739217e-16,-2.873504213427154e-17,0.17499593098958333,0.010420735677083333,0.17499593098958333,0.010420735677083333,0,idle,646.6064377648459,27.697934428421203,659.6769952531006,37.563703687836764,0.04,0.045
1791317200.247461,658.7772049065821,40.0,-275.9005162500029,84.09948374999708,2.7247797860044327e-16,-2.816034129158611e-17,0.17499593098958333,0.010420735677083333,0.17499593098958333,0.010420735677083333,0,idle,661.9884507795971,7.574560302539858,659.7925680294254,36.06424651857192,0.04,0.045
1791317200.2637749,658.7772049065821,40.0,-275.9005162500029,84.09948374999708,2.670284190284344e-16,-2.7597134465754385e-17,0.17499593098958333,0.010420735677083333,0.17499593098958333,0.010420735677083333,0,idle,651.0817707625328,20.830648739558708,659.3570281660808,35.30256662962126,0.04,0.045
1791317200.280313,658.7772049065821,40.0,-275.9005162500029,84.09948374999708,2.616878506478657e-16,-2.70451917764393e-17,0.17499593098958333,0.010420735677083333,0.17499593098958333,0.010420735677083333,0,idle,688.2995158351927,32.97087877239345,660.8041525495364,35.18598223675987,0.04,0.045
1791317200.2970712,658.7772049065821,40.0,-275.9005162500029,84.09948374999708,2.5645409363490836e-16,-2.6504287940910514e-17,0.17499593098958333,0.010420735677083333,0.17499593098958333,0.010420735677083333,0,idle,663.3042470355351,38.20070740423865,660.9291572738364,35.33671849513381,0.04,0.045
1791317200.314425,658.7772049065821,40.0,-275.9005162500029,84.09948374999708,2.513250117622102e-16,-2.5974202182092304e-17,0.17499593098958333,0.010420735677083333,0.17499593098958333,0.010420735677083333,0,idle,653.1084773778115,64.4040356889143,660.5381232790352,36.79008435482283,0.04,0.045
1791317200.3319092,658.7772049065821,40.0,-275.9005162500029,84.09948374999708,2.46298511526966e-16,-2.5454718138450458e-17,0.17499593098958333,0.010420735677083333,0.17499593098958333,0.010420735677083333,0,idle,664.9171676196386,37.410635823389214,660.7570754960653,36.82111192825115,0.04,0.045
1791317200.3485749,658.7772049065821,40.0,-275.9005162500029,84.09948374999708,2.413725412964267e-16,-2.494562377568145e-17,0.17499593098958333,0.010420735677083333,0.17499593098958333,0.010420735677083333,0,idle,648.7248723201952,47.77865290204113,660.1554653372718,37.36898897694065,0.04,0.045
1791317200.365531,658.7772049065821,40.0,-275.9005162500029,84.09948374999708,2.3654509047049815e-16,-2.444671130016782e-17,0.17499593098958333,0.010420735677083333,0.17499593098958333,0.010420735677083333,0,idle,650.8666319563889,45.05835624110496,659.6910236682277,37.75345734014886,0.04,0.045
1791317200.381595,658.7772049065821,40.0,-275.9005162500029,84.09948374999708,2.318141886610882e-16,-2.3957777074164463e-17,0.17499593098958333,0.010420735677083333,0.17499593098958333,0.010420735677083333,0,idle,674.0482382274108,44.26215844718339,660.4088843961869,38.07889239550059,0.04,0.045
1791317200.3985019,658.7772049065821,40.0,-275.9005162500029,84.09948374999708,2.2717790488786644e-16,-2.3478621532681172e-17,0.17499593098958333,0.010420735677083333,0.17499593098958333,0.010420735677083333,0,idle,673.5406402867076,24.916286052878704,661.0654721907129,37.42076207836949,0.04,0.045
1791317200.415308,658.7772049065821,40.0,-275.9005162500029,84.09948374999708,2.2263434679010914e-16,-2.3009049102027548e-17,0.17499593098958333,0.010420735677083333,0.17499593098958333,0.010420735677083333,0,idle,661.1498136289571,32.23734851773478,661.069689262625,37.161591400337755,0.04,0.045
1791317200.43214,658.7772049065821,40.0,-275.9005162500029,84.09948374999708,2.1818165985430696e-16,-2.2548868119986997e-17,0.17499593098958333,0.010420735677083333,0.17499593098958333,0.010420735677083333,0,idle,642.4228205710425,48.747378892165415,660.1373458280459,37.74088077492914,0.04,0.045
1791317200.449922,658.7772049065821,40.0,-275.9005162500029,84.09948374999708,2.138180266572208e-16,-2.2097890757587256e-17,0.17499593098958333,0.010420735677083333,0.17499593098958333,0.010420735677083333,0,idle,672.1551623408479,24.232868431871573,660.738236653686,37.06548015777626,0.04,0.045
1791317200.466279,658.7772049065821,40.0,-275.9005162500029,84.09948374999708,2.095416661240764e-16,-2.1655932942435513e-17,0.17499593098958333,0.010420735677083333,0.17499593098958333,0.010420735677083333,0,idle,638.9822045780322,37.45902913628904,659.6504350499033,37.0851576067019,0.04,0.045
1791317200.482807,658.7772049065821,40.0,-275.9005162500029,84.09948374999708,2.0535083280159486e-16,-2.1222814283586803e-17,0.17499593098958333,0.010420735677083333,0.17499593098958333,0.010420735677083333,0,idle,662.1606784561795,26.576826302481155,659.7759472202172,36.55974104149086,0.04,0.045
1791317200.4997241,658.7772049065821,40.0,-275.9005162500029,84.09948374999708,2.0124381614556297e-16,-2.079835799791507e-17,0.17499593098958333,0.010420735677083333,0.17499593098958333,0.010420735677083333,0,idle,652.9994568858856,50.64531156743335,659.4371227035006,37.26401956778798,0.04,0.045
1791317200.516651,658.7772049065821,40.0,-275.9005162500029,84.09948374999708,1.9721893982265171e-16,-2.038239083795677e-17,0.17499593098958333,0.010420735677083333,0.17499593098958333,0.010420735677083333,0,idle,657.9618872337845,41.467143412169094,659.3633609300148,37.474175760007036,0.04,0.045
1791317200.533438,658.7772049065821,40.0,-275.9005162500029,84.09948374999708,1.9327456102619868e-16,-1.9974743021197633e-17,0.17499593098958333,0.010420735677083333,0.17499593098958333,0.010420735677083333,0,idle,663.2124073887206,35.043677333726386,659.5558132529501,37.352650838693,0.04,0.045
1791317200.550397,658.7772049065821,40.0,-275.9005162500029,84.09948374999708,1.8940906980567472e-16,-1.957524816077368e-17,0.17499593098958333,0.010420735677083333,0.17499593098958333,0.010420735677083333,0,idle,647.3526243602745,32.06787810056478,658.9456538083164,37.08841220178659,0.04,0.045
1791317200.567317,658.7772049065821,40.0,-275.9005162500029,84.09948374999708,1.8562088840956122e-16,-1.9183743197558208e-17,0.17499593098958333,0.010420735677083333,0.17499593098958333,0.010420735677083333,0,idle,645.8620455186489,59.49718192659385,658.291473393833,38.20885068802695,0.04,0.045
1791317200.584079,658.7772049065821,40.0,-275.9005162500029,84.09948374999708,1.8190847064137e-16,-1.8800068333607042e-17,0.17499593098958333,0.010420735677083333,0.17499593098958333,0.010420735677083333,0,idle,643.1497091373177,32.94964944284827,657.5343851810072,37.945890625768016,0.04,0.045
1791317200.601583,658.7772049065821,40.0,-275.9005162500029,84.09948374999708,1.782703012285426e-16,-1.84240669669349e-17,0.17499593098958333,0.010420735677083333,0.17499593098958333,0.010420735677083333,0,idle,648.0826886665956,31.008826295593536,657.0618003552867,37.59903740925929,0.04,0.045
1791317200.617203,658.7772049065821,40.0,-275.9005162500029,84.09948374999708,1.7470489520397174e-16,-1.8055585627596204e-17,0.17499593098958333,0.010420735677083333,0.17499593098958333,0.010420735677083333,0,idle,655.3436226279762,25.57900802123393,656.9758914689212,36.99803593985802,0.04,0.045
1791317200.634252,658.7772049065821,40.0,-275.9005162500029,84.09948374999708,1.712107972998923e-16,-1.769447391504428e-17,0.17499593098958333,0.010420735677083333,0.17499593098958333,0.010420735677083333,0,idle,670.1677471247347,32.59705990535389,657.6354842517119,36.777987138132815,0.04,0.045
1791317200.651786,658.7772049065821,40.0,-275.9005162500029,84.09948374999708,1.6778658135389445e-16,-1.7340584436743392e-17,0.17499593098958333,0.010420735677083333,0.17499593098958333,0.010420735677083333,0,idle,655.2448026394937,19.22825700741525,657.5159501711009,35.900500631596934,0.04,0.045
1791317200.668252,658.7772049065821,40.0,-275.9005162500029,84.09948374999708,1.6443084972681657e-16,-1.6993772748008524e-17,0.17499593098958333,0.010420735677083333,0.17499593098958333,0.010420735677083333,0,idle,640.5318577307994,44.384051397161336,656.6667455490858,36.324678169875156,0.04,0.045
1791317200.685743,658.7772049065821,40.0,-275.9005162500029,84.09948374999708,1.6114223273228023e-16,-1.6653897293048354e-17,0.17499593098958333,0.010420735677083333,0.17499593098958333,0.010420735677083333,0,idle,660.7492411452162,70.46054825461627,656.8708703288924,38.03147167411221,0.04,0.045
1791317200.702207,658.7772049065821,40.0,-275.9005162500029,84.09948374999708,1.5791938807763462e-16,-1.6320819347187387e-17,0.17499593098958333,0.010420735677083333,0.17499593098958333,0.010420735677083333,0,idle,643.3011344451489,35.91342972942639,656.1923835347052,37.92556957687792,0.04,0.045
1791317200.7197828,658.7772049065821,40.0,-275.9005162500029,84.09948374999708,1.5476100031608194e-16,-1.599440296024364e-17,0.17499593098958333,0.010420735677083333,0.17499593098958333,0.010420735677083333,0,idle,663.8959391815672,30.91874293307697,656.5775613170483,37.57522824468787,0.04,0.045
1791317200.736487,658.7772049065821,40.0,-275.9005162500029,84.09948374999708,1.5166578030976031e-16,-1.5674514901038766e-17,0.17499593098958333,0.010420735677083333,0.17499593098958333,0.010420735677083333,0,idle,647.4988783002551,50.13201043492719,656.1236271662086,38.20306735419984,0.04,0.045
1791317200.753887,658.7772049065821,40.0,-275.9005162500029,84.09948374999708,1.4863246470356511e-16,-1.536102460301799e-17,0.17499593098958333,0.010420735677083333,0.17499593098958333,0.010420735677083333,0,idle,660.6751605056352,66.4411678168709,656.35120383318,39.614972377333395,0.04,0.045
1791317200.770473,658.7772049065821,40.0,-275.9005162500029,84.09948374999708,1.4565981540949382e-16,-1.5053804110957632e-17,0.17499593098958333,0.010420735677083333,0.17499593098958333,0.010420735677083333,0,idle,647.7311308192493,33.247259146225076,655.9202001824834,39.29658671577798,0.04,0.045
1791317200.78708,658.7772049065821,40.0,-275.9005162500029,84.09948374999708,1.4274661910130394e-16,-1.475272802873848e-17,0.17499593098958333,0.010420735677083333,0.17499593098958333,0.010420735677083333,0,idle,675.2988770163457,48.09221489636113,656.8891340241765,39.736368124807136,0.04,0.045
1791317200.804644,658.7772049065821,40.0,-275.9005162500029,84.09948374999708,1.3989168671927785e-16,-1.445767346816371e-17,0.17499593098958333,0.010420735677083333,0.17499593098958333,0.010420735677083333,0,idle,652.2074107820223,48.37732542260667,656.6550478620688,40.16841598969711,0.04,0.045
1791317200.820943,658.7772049065821,40.0,-275.9005162500029,84.09948374999708,1.370938529848923e-16,-1.4168519998800435e-17,0.17499593098958333,0.010420735677083333,0.17499593098958333,0.010420735677083333,0,idle,654.0975412038969,32.60703848897145,656.5271725291602,39.790347114660825,0.04,0.045
1791317200.838036,658.7772049065821,40.0,-275.9005162500029,84.09948374999708,1.3435197592519445e-16,-1.3885149598824427e-17,0.17499593098958333,0.010420735677083333,0.17499593098958333,0.010420735677083333,0,idle,673.6550140427922,9.115450287772056,657.3835646048418,38.25660227331639,0.04,0.045
1791317200.855807,658.7772049065821,40.0,-275.9005162500029,84.09948374999708,1.3166493640669056e-16,-1.3607446606847939e-17,0.17499593098958333,0.010420735677083333,0.17499593098958333,0.010420735677083333,0,idle,670.8253739979062,22.465843377032087,658.055655074495,37.467064328502175,0.04,0.045
1791317200.872195,658.7772049065821,40.0,-275.9005162500029,84.09948374999708,1.2903163767855674e-16,-1.333529767471098e-17,0.17499593098958333,0.010420735677083333,0.17499593098958333,0.010420735677083333,0,idle,669.0483658326989,22.436336408025987,658.6052906124052,36.715527932478366,0.04,0.045
1791317200.88819,658.7772049065821,40.0,-275.9005162500029,84.09948374999708,1.2645100492498562e-16,-1.3068591721216762e-17,0.17499593098958333,0.010420735677083333,0.17499593098958333,0.010420735677083333,0,idle,641.2858298224937,62.65289678420851,657.7393175729096,38.012396375064874,0.04,0.045
1791317200.905063,658.7772049065821,40.0,-275.9005162500029,84.09948374999708,1.2392198482648591e-16,-1.2807219886792427e-17,0.17499593098958333,0.010420735677083333,0.17499593098958333,0.010420735677083333,0,idle,673.2650105730721,22.002120432561927,658.5156022229178,37.211882577939726,0.04,0.045
1791317200.922865,658.7772049065821,40.0,-275.9005162500029,84.09948374999708,1.2144354512995622e-16,-1.255107548905658e-17,0.17499593098958333,0.010420735677083333,0.17499593098958333,0.010420735677083333,0,idle,657.6216310860349,20.870786369409068,658.4709036660736,36.39482776751319,0.04,0.045
1791317200.9397702,658.7772049065821,40.0,-275.9005162500029,84.09948374999708,1.190146742273571e-16,-1.2300053979275449e-17,0.17499593098958333,0.010420735677083333,0.17499593098958333,0.010420735677083333,0,idle,664.3211227097595,53.64676476632608,658.7634146182579,37.257424617453836,0.04,0.045
1791317200.956479,658.7772049065821,40.0,-275.9005162500029,84.09948374999708,1.1663438074280995e-16,-1.205405289968994e-17,0.17499593098958333,0.010420735677083333,0.17499593098958333,0.010420735677083333,0,idle,662.2906977474846,46.546770621701704,658.9397787747192,37.72189191766623,0.04,0.045
1791317200.97346,658.7772049065821,40.0,-275.9005162500029,84.09948374999708,1.1430169312795376e-16,-1.181297184169614e-17,0.17499593098958333,0.010420735677083333,0.17499593098958333,0.010420735677083333,0,idle,642.204233809935,45.54276108800895,658.10300152648,38.112935376183366,0.04,0.045
1791317200.990352,658.7772049065821,40.0,-275.9005162500029,84.09948374999708,1.120156592653947e-16,-1.1576712404862218e-17,0.17499593098958333,0.010420735677083333,0.17499593098958333,0.010420735677083333,0,idle,653.7898798292786,45.80320978720991,657.88734544162,38.49744909673469,0.04,0.045
1791317201.0071979,658.7772049065821,40.0,-275.9005162500029,84.09948374999708,1.097753460800868e-16,-1.1345178156764974e-17,0.17499593098958333,0.010420735677083333,0.17499593098958333,0.010420735677083333,0,idle,645.6168828933727,26.86797704555607,657.2738223142077,37.91597549417576,0.04,0.045
1791317201.025024,658.7772049065821,40.0,-275.9005162500029,84.09948374999708,1.0757983915848506e-16,-1.1118274593629674e-17,0.17499593098958333,0.010420735677083333,0.17499593098958333,0.010420735677083333,0,idle,664.3091075269829,29.504739867028388,657.6255865748465,37.49541371281839,0.04,0.045
1791317201.041523,658.7772049065821,40.0,-275.9005162500029,84.09948374999708,1.0542824237531536e-16,-1.0895909101757081e-17,0.17499593098958333,0.010420735677083333,0.17499593098958333,0.010420735677083333,0,idle,649.81702026004,42.86248055965304,657.2351582591061,37.76376705516012,0.04,0.045
1791317201.058622,658.7772049065821,40.0,-275.9005162500029,84.09948374999708,1.0331967752780905e-16,-1.067799091972194e-17,0.17499593098958333,0.010420735677083333,0.17499593098958333,0.010420735677083333,0,idle,655.2716808272756,38.203466269860094,657.1369843875146,37.78575201589512,0.04,0.045
1791317201.075138,658.7772049065821,40.0,-275.9005162500029,84.09948374999708,1.0125328397725287e-16,-1.04644311013275e-17,0.17499593098958333,0.010420735677083333,0.17499593098958333,0.010420735677083333,0,idle,658.2780643539899,43.09757983109245,657.1940383858384,38.051343406654986,0.04,0.045
1791317201.0925498,658.7772049065821,40.0,-275.9005162500029,84.09948374999708,9.922821829770782e-17,-1.0255142479300951e-17,0.17499593098958333,0.010420735677083333,0.17499593098958333,0.010420735677083333,0,idle,650.6626226073696,12.106531180785211,656.867467596915,36.7541027953615,0.04,0.045
1791317201.108979,658.7772049065821,40.0,-275.9005162500029,84.09948374999708,9.724365393175366e-17,-1.0050039629714931e-17,0.17499593098958333,0.010420735677083333,0.17499593098958333,0.010420735677083333,0,idle,653.2491716803793,21.853670265590992,656.6865528010883,36.009081168872974,0.04,0.045
1791317201.126383,658.7772049065821,40.0,-275.9005162500029,84.09948374999708,9.529878085311858e-17,-9.849038837120633e-18,0.17499593098958333,0.010420735677083333,0.17499593098958333,0.010420735677083333,0,idle,662.5763531210281,47.39119979813343,656.9810428170853,36.578187100335995,0.04,0.045
1791317201.1432478,658.7772049065821,40.0,-275.9005162500029,84.09948374999708,9.339280523605621e-17,-9.652058060378221e-18,0.17499593098958333,0.010420735677083333,0.17499593098958333,0.010420735677083333,0,idle,663.2564362815696,40.19742738640516,657.2948124903095,36.759149114639456,0.04,0.045
1791317201.160898,658.7772049065821,40.0,-275.9005162500029,84.09948374999708,9.152494913133508e-17,-9.459016899170657e-18,0.17499593098958333,0.010420735677083333,0.17499593098958333,0.010420735677083333,0,idle,654.105029825306,33.44435795813587,657.1353233570593,36.59340955681428,0.04,0.045
1791317201.1787012,658.7772049065821,40.0,-275.9005162500029,84.09948374999708,8.969445014870838e-17,-9.269836561187244e-18,0.17499593098958333,0.010420735677083333,0.17499593098958333,0.010420735677083333,0,idle,671.8963407742907,54.74707596316564,657.8733742279209,37.501092877131846,0.04,0.045
1791317201.1943538,658.7772049065821,40.0,-275.9005162500029,84.09948374999708,8.790056114573421e-17,-9.0844398299635e-18,0.17499593098958333,0.010420735677083333,0.17499593098958333,0.010420735677083333,0,idle,653.8823372837045,37.86120675738492,657.67382238071,37.5190985711445,0.04,0.045
1791317201.211563,658.7772049065821,40.0,-275.9005162500029,84.09948374999708,8.614254992281953e-17,-8.90275103336423e-18,0.17499593098958333,0.010420735677083333,0.17499593098958333,0.010420735677083333,0,idle,662.3724365008497,43.48344630714497,657.908753086717,37.81731595794452,0.04,0.045
1791317201.228328,658.7772049065821,40.0,-275.9005162500029,84.09948374999708,8.441969892436314e-17,-8.724696012696946e-18,0.17499593098958333,0.010420735677083333,0.17499593098958333,0.010420735677083333,0,idle,652.6787577953983,61.698685441729054,657.6472533221511,39.01138443213375,0.04,0.045
1791317201.245343,658.7772049065821,40.0,-275.9005162500029,84.09948374999708,8.273130494587587e-17,-8.550202092443006e-18,0.17499593098958333,0.010420735677083333,0.17499593098958333,0.010420735677083333,0,idle,652.5157845508411,38.03603720632578,657.3906798835856,38.96261707084335,0.04,0.045
1791317201.262264,658.7772049065821,40.0,-275.9005162500029,84.09948374999708,8.107667884695836e-17,-8.379198050594146e-18,0.17499593098958333,0.010420735677083333,0.17499593098958333,0.010420735677083333,0,idle,664.9302586560715,58.95161151957281,657.7676588222099,39.962066793279824,0.04,0.045
1791317201.279378,658.7772049065821,40.0,-275.9005162500029,84.09948374999708,7.945514527001919e-17,-8.211614089582263e-18,0.17499593098958333,0.010420735677083333,0.17499593098958333,0.010420735677083333,0,idle,658.6094210399089,52.976214740028176,657.8097469330949,40.612774190617245,0.04,0.045
1791317201.2965078,658.7772049065821,40.0,-275.9005162500029,84.09948374999708,7.78660423646188e-17,-8.047381807790617e-18,0.17499593098958333,0.010420735677083333,0.17499593098958333,0.010420735677083333,0,idle,644.3570882568298,35.88809723987769,657.1371139992816,40.376540343080265,0.04,0.045
1791317201.313519,658.7772049065821,40.0,-275.9005162500029,84.09948374999708,7.630872151732643e-17,-7.886434171634805e-18,0.17499593098958333,0.010420735677083333,0.17499593098958333,0.010420735677083333,0,idle,654.44153760872,46.17456870647732,657.0023351797536,40.66644176125012,0.04,0.045
1791317201.330487,658.7772049065821,40.0,-275.9005162500029,84.09948374999708,7.478254708697991e-17,-7.728705488202108e-18,0.17499593098958333,0.010420735677083333,0.17499593098958333,0.010420735677083333,0,idle,662.6809113875908,36.18311848362545,657.2862639901455,40.442275597368884,0.04,0.045
1791317201.347489,658.7772049065821,40.0,-275.9005162500029,84.09948374999708,7.32868961452403e-17,-7.574131378438066e-18,0.17499593098958333,0.010420735677083333,0.17499593098958333,0.010420735677083333,0,idle,670.9104272563825,26.412309681231534,657.9674721534573,39.74077730156202,0.04,0.045
1791317201.364428,658.7772049065821,40.0,-275.9005162500029,84.09948374999708,7.182115822233549e-17,-7.422648750869304e-18,0.17499593098958333,0.010420735677083333,0.17499593098958333,0.010420735677083333,0,idle,649.01255211235,49.33012895622818,657.5197261514019,40.220244884295326,0.04,0.045
1791317201.38132,658.7772049065821,40.0,-275.9005162500029,84.09948374999708,7.038473505788878e-17,-7.274195775851919e-18,0.17499593098958333,0.010420735677083333,0.17499593098958333,0.010420735677083333,0,idle,684.7545195187001,36.23666170051506,658.8814658197667,40.02106572510631,0.04,0.045
1791317201.398231,658.7772049065821,40.0,-275.9005162500029,84.09948374999708,6.8977040356731e-17,-7.12871186033488e-18,0.17499593098958333,0.010420735677083333,0.17499593098958333,0.010420735677083333,0,idle,666.2483684606534,54.06240755068768,659.249810951811,40.72313281638538,0.04,0.045
1791317201.41518,658.7772049065821,40.0,-275.9005162500029,84.09948374999708,6.759749954959639e-17,-6.986137623128183e-18,0.17499593098958333,0.010420735677083333,0.17499593098958333,0.010420735677083333,0,idle,664.5770989809628,38.834263952645784,659.5161753532686,40.6286893731984,0.04,0.045
1791317201.433012,658.7772049065821,40.0,-275.9005162500029,84.09948374999708,6.624554955860447e-17,-6.8464148706656194e-18,0.17499593098958333,0.010420735677083333,0.17499593098958333,0.010420735677083333,0,idle,643.8900897003152,20.04162025338352,658.734871070621,39.599335917207654,0.04,0.045
1791317201.4499772,658.7772049065821,40.0,-275.9005162500029,84.09948374999708,6.492063856743238e-17,-6.709486573252307e-18,0.17499593098958333,0.010420735677083333,0.17499593098958333,0.010420735677083333,0,idle,659.1923523377527,31.861073236393942,658.7577451339776,39.21242278316697,0.04,0.045
1791317201.4664268,658.7772049065821,40.0,-275.9005162500029,84.09948374999708,6.362222579608373e-17,-6.575296841787261e-18,0.17499593098958333,0.010420735677083333,0.17499593098958333,0.010420735677083333,0,idle,681.1225554101834,18.403011478586734,659.8759856477878,38.17195221793796,0.04,0.045
1791317201.4833448,658.7772049065821,40.0,-275.9005162500029,84.09948374999708,6.234978128016205e-17,-6.443790904951516e-18,0.17499593098958333,0.010420735677083333,0.17499593098958333,0.010420735677083333,0,idle,654.6024606535733,44.20830083565379,659.6123093980771,38.47376964882375,0.04,0.045
1791317201.5008981,658.7772049065821,40.0,-275.9005162500029,84.09948374999708,6.110278565455882e-17,-6.314915086852486e-18,0.17499593098958333,0.010420735677083333,0.17499593098958333,0.010420735677083333,0,idle,642.3483493378837,53.80727038989598,658.7491113950674,39.24044468587736,0.04,0.045
1791317201.517375,658.7772049065821,40.0,-275.9005162500029,84.09948374999708,5.988072994146765e-17,-6.188616785115436e-18,0.17499593098958333,0.010420735677083333,0.17499593098958333,0.010420735677083333,0,idle,650.9272373159323,38.433118441626846,658.3580176911107,39.20007837366483,0.04,0.045
1791317201.534862,658.7772049065821,40.0,-275.9005162500029,84.09948374999708,5.868311534263829e-17,-6.0648444494131275e-18,0.17499593098958333,0.010420735677083333,0.17499593098958333,0.010420735677083333,0,idle,657.3444481234209,39.02698328034617,658.3073392127262,39.1914236189989,0.04,0.045
1791317201.55137,658.7772049065821,40.0,-275.9005162500029,84.09948374999708,5.750945303578552e-17,-5.943547560424865e-18,0.17499593098958333,0.010420735677083333,0.17499593098958333,0.010420735677083333,0,idle,653.5070662576599,41.49120574797391,658.0673255649729,39.30641272544765,0.04,0.045
1791317201.567939,658.7772049065821,40.0,-275.9005162500029,84.09948374999708,5.635926397506981e-17,-5.824676609216367e-18,0.17499593098958333,0.010420735677083333,0.17499593098958333,0.010420735677083333,0,idle,662.0339458396389,26.185425318990212,658.2656565787062,38.65036335512478,0.04,0.045
1791317201.5856562,658.7772049065821,40.0,-275.9005162500029,84.09948374999708,5.5232078695568414e-17,-5.70818307703204e-18,0.17499593098958333,0.010420735677083333,0.17499593098958333,0.010420735677083333,0,idle,655.661150663514,50.33443174048166,658.1354312829466,39.234566774392626,0.04,0.045
1791317201.6029708,658.7772049065821,40.0,-275.9005162500029,84.09948374999708,5.4127437121657044e-17,-5.594019415491399e-18,0.17499593098958333,0.010420735677083333,0.17499593098958333,0.010420735677083333,0,idle,666.2600051330859,46.36347253908514,658.5416599754535,39.59101206262725,0.04,0.045
1791317201.6194391,658.7772049065821,40.0,-275.9005162500029,84.09948374999708,5.30448883792239e-17,-5.482139027181571e-18,0.17499593098958333,0.010420735677083333,0.17499593098958333,0.010420735677083333,0,idle,635.9632471316843,37.757309476798355,657.4127393332651,39.49932693333581,0.04,0.045
1791317201.6366348,658.7772049065821,40.0,-275.9005162500029,84.09948374999708,5.1983990611639425e-17,-5.37249624663794e-18,0.17499593098958333,0.010420735677083333,0.17499593098958333,0.010420735677083333,0,idle,659.8447737567376,50.58561793349345,657.5343410544388,40.05364148334369,0.04,0.045
1791317201.653175,658.7772049065821,40.0,-275.9005162500029,84.09948374999708,5.0944310799406634e-17,-5.265046321705181e-18,0.17499593098958333,0.010420735677083333,0.17499593098958333,0.010420735677083333,0,idle,650.0325190176205,48.51558344683413,657.1592499525979,40.47673858151821,0.04,0.045
1791317201.670933,658.7772049065821,40.0,-275.9005162500029,84.09948374999708,4.99254245834185e-17,-5.159745395271077e-18,0.17499593098958333,0.010420735677083333,0.17499593098958333,0.010420735677083333,0,idle,640.615863411727,48.28736197508922,656.3320806255543,40.867269751196766,0.04,0.045
1791317201.687741,658.7772049065821,40.0,-275.9005162500029,84.09948374999708,4.8926916091750134e-17,-5.056550487365656e-18,0.17499593098958333,0.010420735677083333,0.17499593098958333,0.010420735677083333,0,idle,668.8658142699533,44.95044117596137,656.9587673077743,41.071428322435,0.04,0.045
1791317201.704494,658.7772049065821,40.0,-275.9005162500029,84.09948374999708,4.794837776991513e-17,-4.955419477618343e-18,0.17499593098958333,0.010420735677083333,0.17499593098958333,0.010420735677083333,0,idle,671.0860470801211,36.378158515359075,657.6651312963917,40.8367648320812,0.04,0.045
1791317201.721469,658.7772049065821,40.0,-275.9005162500029,84.09948374999708,4.698941021451683e-17,-4.8563110880659764e-18,0.17499593098958333,0.010420735677083333,0.17499593098958333,0.010420735677083333,0,idle,647.9913536883234,49.79607628340477,657.1814424159883,41.28473040464738,0.04,0.045
1791317201.738239,658.7772049065821,40.0,-275.9005162500029,84.09948374999708,4.604962201022649e-17,-4.759184866304656e-18,0.17499593098958333,0.010420735677083333,0.17499593098958333,0.010420735677083333,0,idle,654.851758694825,28.198933352591407,657.0649582299301,40.630440552044575,0.04,0.045
1791317201.755105,658.7772049065821,40.0,-275.9005162500029,84.09948374999708,4.512862957002196e-17,-4.664001168978563e-18,0.17499593098958333,0.010420735677083333,0.17499593098958333,0.010420735677083333,0,idle,668.696450926299,29.15066057331342,657.6465328647486,40.05645155310802,0.04,0.045
1791317201.772141,658.7772049065821,40.0,-275.9005162500029,84.09948374999708,4.422605697862152e-17,-4.5707211455989915e-18,0.17499593098958333,0.010420735677083333,0.17499593098958333,0.010420735677083333,0,idle,653.0877640794586,49.214099892005976,657.4185944254841,40.51433397005292,0.04,0.045
1791317201.789182,658.7772049065821,40.0,-275.9005162500029,84.09948374999708,4.334153583904909e-17,-4.4793067226870115e-18,0.17499593098958333,0.010420735677083333,0.17499593098958333,0.010420735677083333,0,idle,666.3998210093041,42.371504362865316,657.8676557546751,40.60719248969354,0.04,0.045
1791317201.807005,658.7772049065821,40.0,-275.9005162500029,84.09948374999708,4.247470512226811e-17,-4.389720588233272e-18,0.17499593098958333,0.010420735677083333,0.17499593098958333,0.010420735677083333,0,idle,702.1754784263778,56.11336779515153,660.0830468882602,41.382501254966435,0.04,0.045
1791317201.8238988,658.7772049065821,40.0,-275.9005162500029,84.09948374999708,4.162521101982275e-17,-4.3019261764686065e-18,0.17499593098958333,0.010420735677083333,0.17499593098958333,0.010420735677083333,0,idle,660.9075369261207,35.52654391939014,660.1242713901532,41.08970338818762,0.04,0.045
1791317201.8407009,658.7772049065821,40.0,-275.9005162500029,84.09948374999708,4.079270679942629e-17,-4.215887652939235e-18,0.17499593098958333,0.010420735677083333,0.17499593098958333,0.010420735677083333,0,idle,645.0752703859197,37.941273492496606,659.3718213399416,40.93228189340307,0.04,0.045
1791317201.8575602,658.7772049065821,40.0,-275.9005162500029,84.09948374999708,3.9976852663437766e-17,-4.13156989988045e-18,0.17499593098958333,0.010420735677083333,0.17499593098958333,0.010420735677083333,0,idle,657.9478147201337,28.46041393391576,659.3006210089511,40.308688495428704,0.04,0.045
1791317201.874569,658.7772049065821,40.0,-275.9005162500029,84.09948374999708,3.9177315610169013e-17,-4.0489385018828405e-18,0.17499593098958333,0.010420735677083333,0.17499593098958333,0.010420735677083333,0,idle,666.4087698931471,47.88562199038019,659.656028453161,40.687535170176275,0.04,0.045
1791317201.8918972,658.7772049065821,40.0,-275.9005162500029,84.09948374999708,3.8393769297965636e-17,-3.967959731845184e-18,0.17499593098958333,0.010420735677083333,0.17499593098958333,0.010420735677083333,0,idle,670.9236917078158,43.925761304860366,660.2194116158937,40.84944647691048,0.04,0.045
1791317201.908111,658.7772049065821,40.0,-275.9005162500029,84.09948374999708,3.7625893912006325e-17,-3.88860053720828e-18,0.17499593098958333,0.010420735677083333,0.17499593098958333,0.010420735677083333,0,idle,636.8467513569711,35.157450439017694,659.0507786029476,40.56484667501584,0.04,0.045
1791317201.9256809,658.7772049065821,40.0,-275.9005162500029,84.09948374999708,3.68733760337662e-17,-3.8108285264641145e-18,0.17499593098958333,0.010420735677083333,0.17499593098958333,0.010420735677083333,0,idle,666.2797397429363,49.9817962429638,659.412226659947,41.03569415341324,0.04,0.045
1791317201.942163,658.7772049065821,40.0,-275.9005162500029,84.09948374999708,3.6135908513090874e-17,-3.734611955934833e-18,0.17499593098958333,0.010420735677083333,0.17499593098958333,0.010420735677083333,0,idle,655.2417190924566,46.55082275660701,659.2037012815725,41.31145058357293,0.04,0.045
1791317201.959643,658.7772049065821,40.0,-275.9005162500029,84.09948374999708,3.5413190342829055e-17,-3.659919716816136e-18,0.17499593098958333,0.010420735677083333,0.17499593098958333,0.010420735677083333,0,idle,679.4355630987623,29.469332501833662,660.215294372432,40.719344679485964,0.04,0.045
1791317201.9759948,658.7772049065821,40.0,-275.9005162500029,84.09948374999708,3.470492653597247e-17,-3.586721322479813e-18,0.17499593098958333,0.010420735677083333,0.17499593098958333,0.010420735677083333,0,idle,680.1997581033226,42.25545958871615,661.2145175589766,40.79615042494747,0.04,0.045
1791317201.9935539,658.7772049065821,40.0,-275.9005162500029,84.09948374999708,3.401082800525302e-17,-3.514986896030217e-18,0.17499593098958333,0.010420735677083333,0.17499593098958333,0.010420735677083333,0,idle,673.7091696902407,21.29519663399418,661.8392501655397,39.821102735399805,0.04,0.045
1791317202.010258,658.7772049065821,40.0,-275.9005162500029,84.09948374999708,3.333061144514796e-17,-3.4446871581096125e-18,0.17499593098958333,0.010420735677083333,0.17499593098958333,0.010420735677083333,0,idle,660.828797210266,46.23614456191233,661.788727517776,40.14185482672543,0.04,0.045
1791317202.027184,658.7772049065821,40.0,-275.9005162500029,84.09948374999708,3.2663999216245e-17,-3.3757934149474203e-18,0.17499593098958333,0.010420735677083333,0.17499593098958333,0.010420735677083333,0,idle,657.9911098301349,37.25877679499854,661.5988466333939,39.997700925139085,0.04,0.045
1791317202.043873,658.7772049065821,40.0,-275.9005162500029,84.09948374999708,3.20107192319201e-17,-3.308277546648472e-18,0.17499593098958333,0.010420735677083333,0.17499593098958333,0.010420735677083333,0,idle,660.8761578565232,56.18452643513629,661.5627121945504,40.807042200638946,0.04,0.045
1791317202.060231,658.7772049065821,40.0,-275.9005162500029,84.09948374999708,3.13705048472817e-17,-3.2421119957155025e-18,0.17499593098958333,0.010420735677083333,0.17499593098958333,0.010420735677083333,0,idle,653.2856097631912,59.45228503799116,661.1488570729824,41.73930434250656,0.04,0.045
1791317202.077447,658.7772049065821,40.0,-275.9005162500029,84.09948374999708,3.074309475033607e-17,-3.1772697558011924e-18,0.17499593098958333,0.010420735677083333,0.17499593098958333,0.010420735677083333,0,idle,658.6552772163213,33.17566005724899,661.0241780801493,41.31112212824368,0.04,0.045
1791317202.094514,658.7772049065821,40.0,-275.9005162500029,84.09948374999708,3.012823285532935e-17,-3.1137243606851683e-18,0.17499593098958333,0.010420735677083333,0.17499593098958333,0.010420735677083333,0,idle,653.4760789104006,27.03024666333141,660.6467731216619,40.59707835499807,0.04,0.045
1791317202.11114,658.7772049065821,40.0,-275.9005162500029,84.09948374999708,2.952566819822276e-17,-3.051449873471465e-18,0.17499593098958333,0.010420735677083333,0.17499593098958333,0.010420735677083333,0,idle,669.8563809241383,63.593720855482815,661.1072535117858,41.74691048002231,0.04,0.045
1791317202.128591,658.7772049065821,40.0,-275.9005162500029,84.09948374999708,2.89351548342583e-17,-2.9904208760020355e-18,0.17499593098958333,0.010420735677083333,0.17499593098958333,0.010420735677083333,0,idle,643.2714343359487,41.58884759937751,660.2154625529939,41.73900733599007,0.04,0.045
1791317202.144483,658.7772049065821,40.0,-275.9005162500029,84.09948374999708,2.835645173757314e-17,-2.9306124584819945e-18,0.17499593098958333,0.010420735677083333,0.17499593098958333,0.010420735677083333,0,idle,672.8091182699179,30.124284161631834,660.8451453388401,41.158271177272155,0.04,0.045
1791317202.1615129,658.7772049065821,40.0,-275.9005162500029,84.09948374999708,2.7789322702821676e-17,-2.8720002093123546e-18,0.17499593098958333,0.010420735677083333,0.17499593098958333,0.010420735677083333,0,idle,671.4628531427935,42.68133918335597,661.3760307290378,41.23442457757635,0.04,0.045
1791317202.1782699,658.7772049065821,40.0,-275.9005162500029,84.09948374999708,2.723353624876524e-17,-2.8145602051261075e-18,0.17499593098958333,0.010420735677083333,0.17499593098958333,0.010420735677083333,0,idle,633.7986690954465,56.281598965802715,659.9971626473582,41.98678329698767,0.04,0.045
1791317202.1945589,658.7772049065821,40.0,-275.9005162500029,84.09948374999708,2.6688865523789935e-17,-2.7582690010235855e-18,0.17499593098958333,0.010420735677083333,0.17499593098958333,0.010420735677083333,0,idle,671.8356036033758,19.66788793466536,660.589084695159,40.87083852887155,0.04,0.045
1791317202.211304,658.7772049065821,40.0,-275.9005162500029,84.09948374999708,2.6155088213314136e-17,-2.7031036210031136e-18,0.17499593098958333,0.010420735677083333,0.17499593098958333,0.010420735677083333,0,idle,666.1781412853052,44.331870560369694,660.8685375246664,41.04389013044646,0.04,0.045
1791317202.228887,658.7772049065821,40.0,-275.9005162500029,84.09948374999708,2.5631986449047852e-17,-2.6490415485830513e-18,0.17499593098958333,0.010420735677083333,0.17499593098958333,0.010420735677083333,0,idle,655.1717322313555,14.307958938221894,660.5836972600009,39.70709357083523,0.04,0.045
1791317202.2459,658.7772049065821,40.0,-275.9005162500029,84.09948374999708,2.5119346720066895e-17,-2.5960607176113903e-18,0.17499593098958333,0.010420735677083333,0.17499593098958333,0.010420735677083333,0,idle,641.0367609319794,36.93658596074672,659.6063504435998,39.5685681903308,0.04,0.045
1791317202.262825,658.7772049065821,40.0,-275.9005162500029,84.09948374999708,2.4616959785665557e-17,-2.5441395032591624e-18,0.17499593098958333,0.010420735677083333,0.17499593098958333,0.010420735677083333,0,idle,656.968789146073,33.15647589560562,659.4744723787235,39.24796357559454,0.04,0.045
1791317202.279766,658.7772049065821,40.0,-275.9005162500029,84.09948374999708,2.4124620589952245e-17,-2.4932567131939792e-18,0.17499593098958333,0.010420735677083333,0.17499593098958333,0.010420735677083333,0,idle,661.3606704888125,47.57768774984881,659.568782284228,39.66444978430725,0.04,0.045
1791317202.296788,658.7772049065821,40.0,-275.9005162500029,84.09948374999708,2.36421281781532e-17,-2.4433915789300995e-18,0.17499593098958333,0.010420735677083333,0.17499593098958333,0.010420735677083333,0,idle,672.3191342797397,46.03990000652228,660.2062998840036,39.983222295418,0.04,0.045
1791317202.3132648,658.7772049065821,40.0,-275.9005162500029,84.09948374999708,2.3169285614590138e-17,-2.3945237473514975e-18,0.17499593098958333,0.010420735677083333,0.17499593098958333,0.010420735677083333,0,idle,652.5066436691985,35.513296791290415,659.8213170732633,39.75972602021162,0.04,0.045
1791317202.329403,658.7772049065821,40.0,-275.9005162500029,84.09948374999708,2.2705899902298334e-17,-2.3466332724044677e-18,0.17499593098958333,0.010420735677083333,0.17499593098958333,0.010420735677083333,0,idle,640.2790971214819,45.15823072624131,658.8442060756743,40.02965125551311,0.04,0.045
1791317202.346005,658.7772049065821,40.0,-275.9005162500029,84.09948374999708,2.2251781904252368e-17,-2.2997006069563784e-18,0.17499593098958333,0.010420735677083333,0.17499593098958333,0.010420735677083333,0,idle,678.3186780108705,46.04979364362537,659.817929672434,40.33065837491872,0.04,0.045
1791317202.36355,658.7772049065821,40.0,-275.9005162500029,84.09948374999708,2.180674626616732e-17,-2.253706594817251e-18,0.17499593098958333,0.010420735677083333,0.17499593098958333,0.010420735677083333,0,idle,664.8788044917889,47.288254801554295,660.0709734134018,40.6785381962505,0.04,0.045
1791317202.3800168,658.7772049065821,40.0,-275.9005162500029,84.09948374999708,2.1370611340843974e-17,-2.208632462920906e-18,0.17499593098958333,0.010420735677083333,0.17499593098958333,0.010420735677083333,0,idle,649.8738653628436,39.21413674600088,659.5611180108739,40.605318123738016,0.04,0.045
1791317202.397434,658.7772049065821,40.0,-275.9005162500029,84.09948374999708,2.0943199114027095e-17,-2.1644598136624882e-18,0.17499593098958333,0.010420735677083333,0.17499593098958333,0.010420735677083333,0,idle,651.6338258455143,44.76660654220557,659.1647534026059,40.813382544661394,0.04,0.045
1791317202.414863,658.7772049065821,40.0,-275.9005162500029,84.09948374999708,2.052433513174655e-17,-2.1211706173892385e-18,0.17499593098958333,0.010420735677083333,0.17499593098958333,0.010420735677083333,0,idle,656.4681346510423,50.56679173329933,659.0299224650278,41.30105300409329,0.04,0.045
1791317202.4312582,658.7772049065821,40.0,-275.9005162500029,84.09948374999708,2.0113848429111622e-17,-2.078747205041454e-18,0.17499593098958333,0.010420735677083333,0.17499593098958333,0.010420735677083333,0,idle,676.1546885633076,30.07965477716494,659.8861607699417,40.739983092746876,0.04,0.045
1791317202.448705,658.7772049065821,40.0,-275.9005162500029,84.09948374999708,1.971157146052939e-17,-2.0371722609406247e-18,0.17499593098958333,0.010420735677083333,0.17499593098958333,0.010420735677083333,0,idle,670.7833246035857,17.704049062091812,660.431018961624,39.58818639121412,0.04,0.045
1791317202.4651442,658.7772049065821,40.0,-275.9005162500029,84.09948374999708,1.9317340031318804e-17,-1.9964288157218122e-18,0.17499593098958333,0.010420735677083333,0.17499593098958333,0.010420735677083333,0,idle,656.6636040790629,35.80475203991392,660.2426482174959,39.39901467364911,0.04,0.045
1791317202.482573,658.7772049065821,40.0,-275.9005162500029,84.09948374999708,1.893099323069243e-17,-1.956500239407376e-18,0.17499593098958333,0.010420735677083333,0.17499593098958333,0.010420735677083333,0,idle,654.104757699883,53.39792049748753,659.9357536916152,40.098959964841036,0.04,0.045
1791317202.499028,658.7772049065821,40.0,-275.9005162500029,84.09948374999708,1.8552373366078578e-17,-1.9173702346192282e-18,0.17499593098958333,0.010420735677083333,0.17499593098958333,0.010420735677083333,0,idle,652.6107578886347,66.92180522261022,659.5695039014662,41.4401022277295,0.04,0.045
1791317202.5165539,658.7772049065821,40.0,-275.9005162500029,84.09948374999708,1.8181325898757006e-17,-1.8790228299268437e-18,0.17499593098958333,0.010420735677083333,0.17499593098958333,0.010420735677083333,0,idle,631.4552887534138,30.992703181872315,658.1637931440636,40.917732275436634,0.04,0.045
1791317202.533164,658.7772049065821,40.0,-275.9005162500029,84.09948374999708,1.7817699380781867e-17,-1.8414423733283067e-18,0.17499593098958333,0.010420735677083333,0.17499593098958333,0.010420735677083333,0,idle,659.7844465921698,19.479749034876225,658.2448258164688,39.84583311340862,0.04,0.045
1791317202.5508978,658.7772049065821,40.0,-275.9005162500029,84.09948374999708,1.746134539316623e-17,-1.8046135258617405e-18,0.17499593098958333,0.010420735677083333,0.17499593098958333,0.010420735677083333,0,idle,668.7136802223156,27.835446676300553,658.7682685367612,39.245313791553215,0.04,0.045
1791317202.5673668,658.7772049065821,40.0,-275.9005162500029,84.09948374999708,1.7112118485302906e-17,-1.768521255344506e-18,0.17499593098958333,0.010420735677083333,0.17499593098958333,0.010420735677083333,0,idle,646.9826879218625,46.55295854316835,658.1789895060163,39.61069602913397,0.04,0.045
1791317202.584265,658.7772049065821,40.0,-275.9005162500029,84.09948374999708,1.6769876115596847e-17,-1.7331508302376158e-18,0.17499593098958333,0.010420735677083333,0.17499593098958333,0.010420735677083333,0,idle,675.82749390647,12.237235315111775,659.061414726039,38.24202299343286,0.04,0.045
1791317202.601952,658.7772049065821,40.0,-275.9005162500029,84.09948374999708,1.643447859328491e-17,-1.6984878136328635e-18,0.17499593098958333,0.010420735677083333,0.17499593098958333,0.010420735677083333,0,idle,657.7142644685478,31.266520560672575,658.9940572131644,37.89324787179485,0.04,0.045
1791317202.618916,658.7772049065821,40.0,-275.9005162500029,84.09948374999708,1.610578902141921e-17,-1.6645180573602063e-18,0.17499593098958333,0.010420735677083333,0.17499593098958333,0.010420735677083333,0,idle,639.8615826872932,56.86256393630515,658.0374334868709,38.841713675020365,0.04,0.045
1791317202.6359391,658.7772049065821,40.0,-275.9005162500029,84.09948374999708,1.5783673240990828e-17,-1.6312276962130023e-18,0.17499593098958333,0.010420735677083333,0.17499593098958333,0.010420735677083333,0,idle,678.0274053968269,51.99834175209138,659.0369320823687,39.499545078873915,0.04,0.045
1791317202.6527889,658.7772049065821,40.0,-275.9005162500029,84.09948374999708,1.546799977617101e-17,-1.5986031422887424e-18,0.17499593098958333,0.010420735677083333,0.17499593098958333,0.010420735677083333,0,idle,660.9583094857715,52.98621526495221,659.1330009525389,40.17387858817783,0.04,0.045
1791317202.669503,658.7772049065821,40.0,-275.9005162500029,84.09948374999708,1.5158639780647593e-17,-1.5666310794429675e-18,0.17499593098958333,0.010420735677083333,0.17499593098958333,0.010420735677083333,0,idle,657.0792998687302,33.97917051546689,659.0303158983484,39.86414318454228,0.04,0.045
1791317202.685654,658.7772049065821,40.0,-275.9005162500029,84.09948374999708,1.485546698503464e-17,-1.5352984578541081e-18,0.17499593098958333,0.010420735677083333,0.17499593098958333,0.010420735677083333,0,idle,667.150096700704,61.72868657732633,659.4363049384662,40.95737035418148,0.04,0.045
1791317202.701822,658.7772049065821,40.0,-275.9005162500029,84.09948374999708,1.455835764533395e-17,-1.504592488697026e-18,0.17499593098958333,0.010420735677083333,0.17499593098958333,0.010420735677083333,0,idle,677.2345397736391,52.61288185382227,660.3262166802248,41.540145929163515,0.04,0.045
1791317202.718455,658.7772049065821,40.0,-275.9005162500029,84.09948374999708,1.4267190492427268e-17,-1.4745006389230855e-18,0.17499593098958333,0.010420735677083333,0.17499593098958333,0.010420735677083333,0,idle,673.0222628615269,45.73218371203334,660.9610189892899,41.74974781830701,0.04,0.045
1791317202.735435,658.7772049065821,40.0,-275.9005162500029,84.09948374999708,1.3981846682578723e-17,-1.4450106261446237e-18,0.17499593098958333,0.010420735677083333,0.17499593098958333,0.010420735677083333,0,idle,656.9097473674965,35.97976837648392,660.7584554082002,41.46124884621585,0.04,0.045
1791317202.752204,658.7772049065821,40.0,-275.9005162500029,84.09948374999708,1.3702209748927148e-17,-1.4161104136217311e-18,0.17499593098958333,0.010420735677083333,0.17499593098958333,0.010420735677083333,0,idle,667.4675342459869,60.94317281369956,661.0939093500896,42.435345044590036,0.04,0.045
1791317202.769784,658.7772049065821,40.0,-275.9005162500029,84.09948374999708,1.3428165553948606e-17,-1.3877882053492966e-18,0.17499593098958333,0.010420735677083333,0.17499593098958333,0.010420735677083333,0,idle,662.1241325118488,40.9403111780781,661.1454205081775,42.36059335126444,0.04,0.045
1791317202.786301,658.7772049065821,40.0,-275.9005162500029,84.09948374999708,1.3159602242869634e-17,-1.3600324412423106e-18,0.17499593098958333,0.010420735677083333,0.17499593098958333,0.010420735677083333,0,idle,645.4105929447195,28.062331169842075,660.3586791300046,41.64568024219332,0.04,0.045
1791317202.8038368,658.7772049065821,40.0,-275.9005162500029,84.09948374999708,1.289641019801224e-17,-1.3328317924174644e-18,0.17499593098958333,0.010420735677083333,0.17499593098958333,0.010420735677083333,0,idle,646.7180568344145,34.390449619805416,659.676648015225,41.282918711073926,0.04,0.045
1791317202.8203578,658.7772049065821,40.0,-275.9005162500029,84.09948374999708,1.2638481994051997e-17,-1.3061751565691151e-18,0.17499593098958333,0.010420735677083333,0.17499593098958333,0.010420735677083333,0,idle,665.3242683370128,43.23340020655093,659.9590290313145,41.38044278584778,0.04,0.045
1791317202.8369431,658.7772049065821,40.0,-275.9005162500029,84.09948374999708,1.2385712354170957e-17,-1.2800516534377328e-18,0.17499593098958333,0.010420735677083333,0.17499593098958333,0.010420735677083333,0,idle,646.5614606269523,44.456128954425694,659.2891506110964,41.53422709427667,0.04,0.045
1791317202.85478,658.7772049065821,40.0,-275.9005162500029,84.09948374999708,1.2137998107087537e-17,-1.2544506203689782e-18,0.17499593098958333,0.010420735677083333,0.17499593098958333,0.010420735677083333,0,idle,661.836145711663,31.958486896112362,659.4165003661248,41.055440084368456,0.04,0.045
1791317202.871277,658.7772049065821,40.0,-275.9005162500029,84.09948374999708,1.1895238144945786e-17,-1.2293616079615986e-18,0.17499593098958333,0.010420735677083333,0.17499593098958333,0.010420735677083333,0,idle,672.8490534778216,29.012203702003394,660.0881280217096,40.453278265250205,0.04,0.045
1791317202.888767,658.7772049065821,40.0,-275.9005162500029,84.09948374999708,1.165733338204687e-17,-1.2047743758023666e-18,0.17499593098958333,0.010420735677083333,0.17499593098958333,0.010420735677083333,0,idle,664.3999459156422,46.718148499483014,660.3037189164063,40.766521776961845,0.04,0.045
1791317202.905374,658.7772049065821,40.0,-275.9005162500029,84.09948374999708,1.1424186714405933e-17,-1.1806788882863192e-18,0.17499593098958333,0.010420735677083333,0.17499593098958333,0.010420735677083333,0,idle,684.4019929583853,32.254669161642376,661.5086326185052,40.34092914619587,0.04,0.045
1791317202.9222422,658.7772049065821,40.0,-275.9005162500029,84.09948374999708,1.1195702980117815e-17,-1.1570653105205928e-18,0.17499593098958333,0.010420735677083333,0.17499593098958333,0.010420735677083333,0,idle,644.2030671013684,28.582851061040344,660.6433543426483,39.75302524193809,0.04,0.045
1791317202.939103,658.7772049065821,40.0,-275.9005162500029,84.09948374999708,1.0971788920515458e-17,-1.133924004310181e-18,0.17499593098958333,0.010420735677083333,0.17499593098958333,0.010420735677083333,0,idle,647.0182837275479,39.538656386498936,659.9621008118933,39.74230679916613,0.04,0.045
1791317202.956173,658.7772049065821,40.0,-275.9005162500029,84.09948374999708,1.0752353142105149e-17,-1.1112455242239775e-18,0.17499593098958333,0.010420735677083333,0.17499593098958333,0.010420735677083333,0,idle,649.9119553504188,41.63043569251682,659.4595935388195,39.836713243833664,0.04,0.045
1791317202.9732108,658.7772049065821,40.0,-275.9005162500029,84.09948374999708,1.0537306079263046e-17,-1.089020613739498e-18,0.17499593098958333,0.010420735677083333,0.17499593098958333,0.010420735677083333,0,idle,651.6519671735552,35.62271109327427,659.0692122205563,39.626013136305694,0.04,0.045
1791317202.9895391,658.7772049065821,40.0,-275.9005162500029,84.09948374999708,1.0326559957677785e-17,-1.067240201464708e-18,0.17499593098958333,0.010420735677083333,0.17499593098958333,0.010420735677083333,0,idle,650.0341920208115,43.18475722547767,658.6174612105691,39.803950340764295,0.04,0.045
1791317203.0055208,658.7772049065821,40.0,-275.9005162500029,84.09948374999708,1.0120028758524229e-17,-1.0458953974354138e-18,0.17499593098958333,0.010420735677083333,0.17499593098958333,0.010420735677083333,0,idle,665.2620722117816,45.47978310795671,658.9496917606298,40.08774197912392,0.04,0.045
1791317203.022454,658.7772049065821,40.0,-275.9005162500029,84.09948374999708,9.917628183353744e-18,-1.0249774894867054e-18,0.17499593098958333,0.010420735677083333,0.17499593098958333,0.010420735677083333,0,idle,654.2002259981457,48.9944314474656,658.7122184725056,40.533076452541,0.04,0.045
1791317203.03844,658.7772049065821,40.0,-275.9005162500029,84.09948374999708,9.719275619686669e-18,-1.0044779396969713e-18,0.17499593098958333,0.010420735677083333,0.17499593098958333,0.010420735677083333,0,idle,651.6774051835733,49.665993092756295,658.3604778080589,40.98972228455177,0.04,0.045
1791317203.055081,658.7772049065821,40.0,-275.9005162500029,84.09948374999708,9.524890107292936e-18,-9.84388380903032e-19,0.17499593098958333,0.010420735677083333,0.17499593098958333,0.010420735677083333,0,idle,656.9332205960314,37.112317727118246,658.2891149474575,40.79585205668009,0.04,0.045
1791317203.072885,658.7772049065821,40.0,-275.9005162500029,84.09948374999708,9.334392305147076e-18,-9.647006132849713e-19,0.17499593098958333,0.010420735677083333,0.17499593098958333,0.010420735677083333,0,idle,677.7060248487899,42.25649457152209,659.2599604425242,40.86888418242219,0.04,0.045
1791317203.089092,658.7772049065821,40.0,-275.9005162500029,84.09948374999708,9.147704459044135e-18,-9.454066010192718e-19,0.17499593098958333,0.010420735677083333,0.17499593098958333,0.010420735677083333,0,idle,656.7624533341933,35.81768225115747,659.1350850871077,40.616324085858956,0.04,0.045
1791317203.1064909,658.7772049065821,40.0,-275.9005162500029,84.09948374999708,8.964750369863252e-18,-9.264984689988864e-19,0.17499593098958333,0.010420735677083333,0.17499593098958333,0.010420735677083333,0,idle,644.4541540533095,31.896520842759163,658.4010385354178,40.18033392370397,0.04,0.045
1791317203.12338,658.7772049065821,40.0,-275.9005162500029,84.09948374999708,8.785455362465986e-18,-9.079684996189086e-19,0.17499593098958333,0.010420735677083333,0.17499593098958333,0.010420735677083333,0,idle,681.6829619648157,41.06760533702291,659.5651347068876,40.22469749436992,0.04,0.045
1791317203.140325,658.7772049065821,40.0,-275.9005162500029,84.09948374999708,8.609746255216667e-18,-8.898091296265304e-19,0.17499593098958333,0.010420735677083333,0.17499593098958333,0.010420735677083333,0,idle,660.6721440076423,49.310321619845304,659.6204851719253,40.67897870064369,0.04,0.045
1791317203.156533,658.7772049065821,40.0,-275.9005162500029,84.09948374999708,8.437551330112333e-18,-8.720129470339998e-19,0.17499593098958333,0.010420735677083333,0.17499593098958333,0.010420735677083333,0,idle,645.1322960340733,48.29892283639876,658.8960757150328,41.05997590743144,0.04,0.045
1791317203.173269,658.7772049065821,40.0,-275.9005162500029,84.09948374999708,8.268800303510087e-18,-8.545726880933198e-19,0.17499593098958333,0.010420735677083333,0.17499593098958333,0.010420735677083333,0,idle,646.0176168050162,40.49391730694143,658.252152769532,41.03167297740694,0.04,0.045
1791317203.1908429,658.7772049065821,40.0,-275.9005162500029,84.09948374999708,8.103424297439886e-18,-8.374812343314534e-19,0.17499593098958333,0.010420735677083333,0.17499593098958333,0.010420735677083333,0,idle,652.4168293649499,40.75398101519198,657.9603865993029,41.01778837929619,0.04,0.045
1791317203.207362,658.7772049065821,40.0,-275.9005162500029,84.09948374999708,7.941355811491088e-18,-8.207316096448244e-19,0.17499593098958333,0.010420735677083333,0.17499593098958333,0.010420735677083333,0,idle,648.4253365204321,34.814152151074445,657.4836340953593,40.70760656788511,0.04,0.045
1791317203.224046,658.7772049065821,40.0,-275.9005162500029,84.09948374999708,7.782528695261266e-18,-8.043169774519279e-19,0.17499593098958333,0.010420735677083333,0.17499593098958333,0.010420735677083333,0,idle,647.7582209340435,50.449420711191976,656.9973634372935,41.19469727505045,0.04,0.045
1791317203.241544,658.7772049065821,40.0,-275.9005162500029,84.09948374999708,7.62687812135604e-18,-7.882306379028893e-19,0.17499593098958333,0.010420735677083333,0.17499593098958333,0.010420735677083333,0,idle,671.2429630461185,33.036545121806164,657.7096434177348,40.786789667388234,0.04,0.045
1791317203.258121,658.7772049065821,40.0,-275.9005162500029,84.09948374999708,7.47434055892892e-18,-7.724660251448315e-19,0.17499593098958333,0.010420735677083333,0.17499593098958333,0.010420735677083333,0,idle,646.203454869122,53.342642395040734,657.1343339903042,41.41458230377086,0.04,0.045
1791317203.275947,658.7772049065821,40.0,-275.9005162500029,84.09948374999708,7.324853747750342e-18,-7.570167046419349e-19,0.17499593098958333,0.010420735677083333,0.17499593098958333,0.010420735677083333,0,idle,670.3868329862788,24.60798789265572,657.796958940103,40.5742525832151,0.04,0.045
1791317203.292416,658.7772049065821,40.0,-275.9005162500029,84.09948374999708,7.178356672795335e-18,-7.418763705490962e-19,0.17499593098958333,0.010420735677083333,0.17499593098958333,0.010420735677083333,0,idle,665.6829683515765,49.04197576142104,658.1912594106766,40.997638742125396,0.04,0.045
1791317203.309079,658.7772049065821,40.0,-275.9005162500029,84.09948374999708,7.034789539339429e-18,-7.270388431381143e-19,0.17499593098958333,0.010420735677083333,0.17499593098958333,0.010420735677083333,0,idle,655.1901648013769,1.1084412854764452,658.0412046802116,39.003178869292945,0.04,0.045
1791317203.32671,658.7772049065821,40.0,-275.9005162500029,84.09948374999708,6.89409374855264e-18,-7.12498066275352e-19,0.17499593098958333,0.010420735677083333,0.17499593098958333,0.010420735677083333,0,idle,679.0099172596252,32.75943587305002,659.0896403091823,38.6909917194808,0.04,0.045
1791317203.343368,658.7772049065821,40.0,-275.9005162500029,84.09948374999708,6.756211873581587e-18,-6.982481049498449e-19,0.17499593098958333,0.010420735677083333,0.17499593098958333,0.010420735677083333,0,idle,644.8426147796873,60.510560845619395,658.3772890327075,39.78197017578773,0.04,0.045
1791317203.360062,658.7772049065821,40.0,-275.9005162500029,84.09948374999708,6.621087636109955e-18,-6.84283142850848e-19,0.17499593098958333,0.010420735677083333,0.17499593098958333,0.010420735677083333,0,idle,660.1802800378053,52.2105331394624,658.4674385829624,40.40339832397146,0.04,0.045
1791317203.3769321,658.7772049065821,40.0,-275.9005162500029,84.09948374999708,6.488665883387756e-18,-6.705974799938311e-19,0.17499593098958333,0.010420735677083333,0.17499593098958333,0.010420735677083333,0,idle,662.6837963687485,16.38658508371777,658.6782564722516,39.20255766195877,0.04,0.045
1791317203.3935921,658.7772049065821,40.0,-275.9005162500029,84.09948374999708,6.3588925657200004e-18,-6.571855303939544e-19,0.17499593098958333,0.010420735677083333,0.17499593098958333,0.010420735677083333,0,idle,651.1553076255408,27.691485084284317,658.3021090299161,38.627004033075046,0.04,0.045
1791317203.410618,658.7772049065821,40.0,-275.9005162500029,84.09948374999708,6.2317147144056005e-18,-6.440418197860753e-19,0.17499593098958333,0.010420735677083333,0.17499593098958333,0.010420735677083333,0,idle,665.0686031165544,28.979876056295588,658.6404337342481,38.14464763423607,0.04,0.045
1791317203.427352,658.7772049065821,40.0,-275.9005162500029,84.09948374999708,6.107080420117489e-18,-6.311609833903538e-19,0.17499593098958333,0.010420735677083333,0.17499593098958333,0.010420735677083333,0,idle,665.9924163557268,52.99644403240226,659.008032865322,38.88723745414438,0.04,0.045
1791317203.444428,658.7772049065821,40.0,-275.9005162500029,84.09948374999708,5.984938811715139e-18,-6.185377637225468e-19,0.17499593098958333,0.010420735677083333,0.17499593098958333,0.010420735677083333,0,idle,674.89494700414,53.93792308435818,659.8023785722629,39.639771735655074,0.04,0.045
1791317203.4611871,658.7772049065821,40.0,-275.9005162500029,84.09948374999708,5.8652400354808364e-18,-6.061670084480958e-19,0.17499593098958333,0.010420735677083333,0.17499593098958333,0.010420735677083333,0,idle,656.760874149443,46.60903500964884,659.6503033511219,39.988234899354765,0.04,0.045
1791317203.479135,658.7772049065821,40.0,-275.9005162500029,84.09948374999708,5.747935234771219e-18,-5.940436682791339e-19,0.17499593098958333,0.010420735677083333,0.17499593098958333,0.010420735677083333,0,idle,644.0539474561942,51.43969220655879,658.8704855563756,40.560807764714966,0.04,0.045
1791317203.496232,658.7772049065821,40.0,-275.9005162500029,84.09948374999708,5.632976530075795e-18,-5.821627949135512e-19,0.17499593098958333,0.010420735677083333,0.17499593098958333,0.010420735677083333,0,idle,679.9873989394744,59.70783272103177,659.9263312255305,41.51815901253081,0.04,0.045
1791317203.5140102,658.7772049065821,40.0,-275.9005162500029,84.09948374999708,5.520316999474279e-18,-5.705195390152801e-19,0.17499593098958333,0.010420735677083333,0.17499593098958333,0.010420735677083333,0,idle,650.3387773989667,33.47386547675492,659.4469535342023,41.115944335742014,0.04,0.045
1791317203.530656,658.7772049065821,40.0,-275.9005162500029,84.09948374999708,5.409910659484793e-18,-5.591091482349745e-19,0.17499593098958333,0.010420735677083333,0.17499593098958333,0.010420735677083333,0,idle,632.268397358726,40.59210714610614,658.0880257254285,41.08975247626022,0.04,0.045
1791317203.547638,658.7772049065821,40.0,-275.9005162500029,84.09948374999708,5.301712446295097e-18,-5.47926965270275e-19,0.17499593098958333,0.010420735677083333,0.17499593098958333,0.010420735677083333,0,idle,645.6119752830944,25.950291197906274,657.4642232033118,40.332779412342525,0.04,0.045
1791317203.5646,658.7772049065821,40.0,-275.9005162500029,84.09948374999708,5.195678197369195e-18,-5.369684259648695e-19,0.17499593098958333,0.010420735677083333,0.17499593098958333,0.010420735677083333,0,idle,653.8203186445846,27.822676397987077,657.2820279753754,39.707274261624754,0.04,0.045
1791317203.581195,658.7772049065821,40.0,-275.9005162500029,84.09948374999708,5.091764633421811e-18,-5.262290574455721e-19,0.17499593098958333,0.010420735677083333,0.17499593098958333,0.010420735677083333,0,idle,640.5557921365554,46.744627039494794,656.4457161834343,40.059141900518256,0.04,0.045
1791317203.598445,658.7772049065821,40.0,-275.9005162500029,84.09948374999708,4.989929340753375e-18,-5.157044762966607e-19,0.17499593098958333,0.010420735677083333,0.17499593098958333,0.010420735677083333,0,idle,675.9950277272224,39.757102724711835,657.4231817606237,40.04403994172794,0.04,0.045
1791317203.6148381,658.7772049065821,40.0,-275.9005162500029,84.09948374999708,4.890130753938307e-18,-5.053903867707275e-19,0.17499593098958333,0.010420735677083333,0.17499593098958333,0.010420735677083333,0,idle,647.1664187466514,35.2206856611576,656.9103436099251,39.802872227699424,0.04,0.045
1791317203.631338,658.7772049065821,40.0,-275.9005162500029,84.09948374999708,4.792328138859541e-18,-4.95282579035313e-19,0.17499593098958333,0.010420735677083333,0.17499593098958333,0.010420735677083333,0,idle,651.5157960612216,51.51980886054597,656.64061623249,40.38871905934175,0.04,0.045
1791317203.648849,658.7772049065821,40.0,-275.9005162500029,84.09948374999708,4.69648157608235e-18,-4.853769274546066e-19,0.17499593098958333,0.010420735677083333,0.17499593098958333,0.010420735677083333,0,idle,691.1237426195688,25.92586458351549,658.3647725518439,39.66557633555044,0.04,0.045
1791317203.664633,658.7772049065821,40.0,-275.9005162500029,84.09948374999708,4.602551944560702e-18,-4.756693889055145e-19,0.17499593098958333,0.010420735677083333,0.17499593098958333,0.010420735677083333,0,idle,670.0476425480081,33.99935078265755,658.9489160516521,39.3822650579058,0.04,0.045
1791317203.6812449,658.7772049065821,40.0,-275.9005162500029,84.09948374999708,4.5105009056694885e-18,-4.661560011274042e-19,0.17499593098958333,0.010420735677083333,0.17499593098958333,0.010420735677083333,0,idle,662.4715885908084,38.55253119369179,659.1250496786099,39.3407783646951,0.04,0.045
1791317203.6979682,658.7772049065821,40.0,-275.9005162500029,84.09948374999708,4.420290887556099e-18,-4.5683288110485615e-19,0.17499593098958333,0.010420735677083333,0.17499593098958333,0.010420735677083333,0,idle,662.543290039781,25.802393402548393,659.2959616966684,38.663859116587766,0.04,0.045
1791317203.715948,658.7772049065821,40.0,-275.9005162500029,84.09948374999708,4.331885069804977e-18,-4.476962234827591e-19,0.17499593098958333,0.010420735677083333,0.17499593098958333,0.010420735677083333,0,idle,658.0830260231708,75.97817502102075,659.2353149129935,40.52957491180941,0.04,0.045
1791317203.732245,658.7772049065821,40.0,-275.9005162500029,84.09948374999708,4.245247368408877e-18,-4.387422990131038e-19,0.17499593098958333,0.010420735677083333,0.17499593098958333,0.010420735677083333,0,idle,659.2943453997264,28.676973406453858,659.2382664373301,39.936944836541635,0.04,0.045
1791317203.749241,658.7772049065821,40.0,-275.9005162500029,84.09948374999708,4.1603424210407e-18,-4.2996745303284175e-19,0.17499593098958333,0.010420735677083333,0.17499593098958333,0.010420735677083333,0,idle,656.2486387458803,73.56446798412989,659.0887850527577,41.618320993921046,0.04,0.045
1791317203.766876,658.7772049065821,40.0,-275.9005162500029,84.09948374999708,4.077135572619886e-18,-4.2136810397218494e-19,0.17499593098958333,0.010420735677083333,0.17499593098958333,0.010420735677083333,0,idle,667.0185393980062,38.44418737637998,659.4852727700201,41.45961431304399,0.04,0.045
1791317203.78338,658.7772049065821,40.0,-275.9005162500029,84.09948374999708,3.995592861167488e-18,-4.1294074189274125e-19,0.17499593098958333,0.010420735677083333,0.17499593098958333,0.010420735677083333,0,idle,659.3692862885263,52.100895212874065,659.4794734459454,41.99167835803549,0.04,0.045
1791317203.8003871,658.7772049065821,40.0,-275.9005162500029,84.09948374999708,3.915681003944138e-18,-4.046819270548864e-19,0.17499593098958333,0.010420735677083333,0.17499593098958333,0.010420735677083333,0,idle,673.2622669526232,42.63939303943863,660.1686131212792,42.02406409210565,0.04,0.045
1791317203.817537,658.7772049065821,40.0,-275.9005162500029,84.09948374999708,3.8373673838652555e-18,-3.965882885137887e-19,0.17499593098958333,0.010420735677083333,0.17499593098958333,0.010420735677083333,0,idle,660.992150585552,51.34364871047104,660.2097899944929,42.49004332302392,0.04,0.045
1791317203.8342621,658.7772049065821,40.0,-275.9005162500029,84.09948374999708,3.76062003618795e-18,-3.8865652274351294e-19,0.17499593098958333,0.010420735677083333,0.17499593098958333,0.010420735677083333,0,idle,657.8174175435828,44.92495498648784,660.0901713719473,42.61178890619711,0.04,0.045
1791317203.851878,658.7772049065821,40.0,-275.9005162500029,84.09948374999708,3.685407635464191e-18,-3.8088339228864267e-19,0.17499593098958333,0.010420735677083333,0.17499593098958333,0.010420735677083333,0,idle,644.3738279313134,46.914089079179604,659.3043541999157,42.826903914846234,0.04,0.045
1791317203.8681579,658.7772049065821,40.0,-275.9005162500029,84.09948374999708,3.6116994827549075e-18,-3.732657244428698e-19,0.17499593098958333,0.010420735677083333,0.17499593098958333,0.010420735677083333,0,idle,666.9146439126372,36.12438559172079,659.6848686855518,42.49177799868996,0.04,0.045
1791317203.885246,658.7772049065821,40.0,-275.9005162500029,84.09948374999708,3.539465493099809e-18,-3.658004099540124e-19,0.17499593098958333,0.010420735677083333,0.17499593098958333,0.010420735677083333,0,idle,653.4044516603878,45.24166285589035,659.3708478342936,42.629272241549984,0.04,0.045
1791317203.902046,658.7772049065821,40.0,-275.9005162500029,84.09948374999708,3.4686761832378133e-18,-3.5848440175493215e-19,0.17499593098958333,0.010420735677083333,0.17499593098958333,0.010420735677083333,0,idle,649.9366746675252,40.9496471306353,658.8991391759552,42.54529098600425,0.04,0.045
1791317203.91931,658.7772049065821,40.0,-275.9005162500029,84.09948374999708,3.399302659573057e-18,-3.513147137198335e-19,0.17499593098958333,0.010420735677083333,0.17499593098958333,0.010420735677083333,0,idle,661.5855317905427,39.16052432028046,659.0334588066845,42.37605265271806,0.04,0.045
1791317203.936372,658.7772049065821,40.0,-275.9005162500029,84.09948374999708,3.331316606381596e-18,-3.4428841944543684e-19,0.17499593098958333,0.010420735677083333,0.17499593098958333,0.010420735677083333,0,idle,663.9197061318592,59.350299179645674,659.2777711729433,43.22476497906444,0.04,0.045
1791317203.9537501,658.7772049065821,40.0,-275.9005162500029,84.09948374999708,3.2646902742539644e-18,-3.374026510565281e-19,0.17499593098958333,0.010420735677083333,0.17499593098958333,0.010420735677083333,0,idle,660.4585613570084,39.76515538526472,659.3368106821465,43.051784499374456,0.04,0.045
1791317203.970192,658.7772049065821,40.0,-275.9005162500029,84.09948374999708,3.199396468768885e-18,-3.3065459803539757e-19,0.17499593098958333,0.010420735677083333,0.17499593098958333,0.010420735677083333,0,idle,647.7562975726245,44.40496028669062,658.7577850266704,43.119443288740264,0.04,0.045
1791317203.986561,658.7772049065821,40.0,-275.9005162500029,84.09948374999708,3.1354085393935072e-18,-3.2404150607468963e-19,0.17499593098958333,0.010420735677083333,0.17499593098958333,0.010420735677083333,0,idle,651.1254264880525,46.53778910869906,658.3761670997395,43.290360579738206,0.04,0.045
1791317204.0029519,658.7772049065821,40.0,-275.9005162500029,84.09948374999708,3.072700368605637e-18,-3.175606759531958e-19,0.17499593098958333,0.010420735677083333,0.17499593098958333,0.010420735677083333,0,idle,663.0870666714235,19.20781597256844,658.6117120783238,42.08623334937972,0.04,0.045
1791317204.020824,658.7772049065821,40.0,-275.9005162500029,84.09948374999708,3.0112463612335245e-18,-3.112094624341319e-19,0.17499593098958333,0.010420735677083333,0.17499593098958333,0.010420735677083333,0,idle,655.0013819172799,55.83033202004901,658.4311955702716,42.77343828291318,0.04,0.045
1791317204.0374641,658.7772049065821,40.0,-275.9005162500029,84.09948374999708,2.951021434008854e-18,-3.049852731854493e-19,0.17499593098958333,0.010420735677083333,0.17499593098958333,0.010420735677083333,0,idle,661.6842747199933,49.71642314173505,658.5938495277577,43.120587525854276,0.04,0.045
1791317204.0540211,658.7772049065821,40.0,-275.9005162500029,84.09948374999708,2.892001005328677e-18,-2.9888556772174027e-19,0.17499593098958333,0.010420735677083333,0.17499593098958333,0.010420735677083333,0,idle,664.7247394243204,28.435745669043456,658.9003940225858,42.38634543301374,0.04,0.045
1791317204.071508,658.7772049065821,40.0,-275.9005162500029,84.09948374999708,2.8341609852221035e-18,-2.929078563673055e-19,0.17499593098958333,0.010420735677083333,0.17499593098958333,0.010420735677083333,0,idle,651.6680377100329,34.50592188604056,658.5387762069582,41.99232425566508,0.04,0.045
1791317204.087496,658.7772049065821,40.0,-275.9005162500029,84.09948374999708,2.7774777655176614e-18,-2.8704969923995934e-19,0.17499593098958333,0.010420735677083333,0.17499593098958333,0.010420735677083333,0,idle,668.1975046496125,45.985976963485314,659.021712629091,42.192006891056096,0.04,0.045
1791317204.1036859,658.7772049065821,40.0,-275.9005162500029,84.09948374999708,2.721928210207308e-18,-2.8130870525516014e-19,0.17499593098958333,0.010420735677083333,0.17499593098958333,0.010420735677083333,0,idle,644.2825859209298,47.62685528225115,658.2847562936829,42.463749310615846,0.04,0.045
1791317204.120288,658.7772049065821,40.0,-275.9005162500029,84.09948374999708,2.6674896460031617e-18,-2.7568253115005696e-19,0.17499593098958333,0.010420735677083333,0.17499593098958333,0.010420735677083333,0,idle,671.1448718595668,45.22624996139155,658.9277620719771,42.601874343154634,0.04,0.045
1791317204.137084,658.7772049065821,40.0,-275.9005162500029,84.09948374999708,2.6141398530830985e-18,-2.701688805270558e-19,0.17499593098958333,0.010420735677083333,0.17499593098958333,0.010420735677083333,0,idle,665.3373946002209,50.29923075167593,659.2482436983893,42.9867421635807,0.04,0.045
1791317204.154763,658.7772049065821,40.0,-275.9005162500029,84.09948374999708,2.5618570560214364e-18,-2.647655029165147e-19,0.17499593098958333,0.010420735677083333,0.17499593098958333,0.010420735677083333,0,idle,665.4382582270224,31.198198563846972,659.557744424821,42.397314983594015,0.04,0.045
1791317204.1713438,658.7772049065821,40.0,-275.9005162500029,84.09948374999708,2.5106199149010076e-18,-2.594701928581844e-19,0.17499593098958333,0.010420735677083333,0.17499593098958333,0.010420735677083333,0,idle,656.1190422156778,42.89159430023224,659.3858093143638,42.42202894942593,0.04,0.045
1791317204.188976,658.7772049065821,40.0,-275.9005162500029,84.09948374999708,2.4604075166029874e-18,-2.542807890010207e-19,0.17499593098958333,0.010420735677083333,0.17499593098958333,0.010420735677083333,0,idle,691.61480458283,25.66533453821419,660.997259077787,41.58419422886534,0.04,0.045
1791317204.2056372,658.7772049065821,40.0,-275.9005162500029,84.09948374999708,2.4111993662709275e-18,-2.491951732210003e-19,0.17499593098958333,0.010420735677083333,0.17499593098958333,0.010420735677083333,0,idle,662.8942852045548,50.8126095467059,661.0921103841254,42.04561499475737,0.04,0.045
1791317204.2213829,658.7772049065821,40.0,-275.9005162500029,84.09948374999708,2.362975378945509e-18,-2.4421126975658025e-19,0.17499593098958333,0.010420735677083333,0.17499593098958333,0.010420735677083333,0,idle,664.32080652939,54.27210271654042,661.2535451913886,42.656939380846524,0.04,0.045
1791317204.237843,658.7772049065821,40.0,-275.9005162500029,84.09948374999708,2.315715871366599e-18,-2.393270443614486e-19,0.17499593098958333,0.010420735677083333,0.17499593098958333,0.010420735677083333,0,idle,666.3542290708206,32.81101305156464,661.5085793853602,42.16464306438243,0.04,0.045
1791317204.254519,658.7772049065821,40.0,-275.9005162500029,84.09948374999708,2.269401553939267e-18,-2.3454050347421965e-19,0.17499593098958333,0.010420735677083333,0.17499593098958333,0.010420735677083333,0,idle,662.4852088879625,41.69026205169275,661.5574108604903,42.14092401374795,0.04,0.045
1791317204.271436,658.7772049065821,40.0,-275.9005162500029,84.09948374999708,2.2240135228604817e-18,-2.2984969340473527e-19,0.17499593098958333,0.010420735677083333,0.17499593098958333,0.010420735677083333,0,idle,665.1147724149554,45.25946700849889,661.7352789382136,42.2968511634855,0.04,0.045
1791317204.2888682,658.7772049065821,40.0,-275.9005162500029,84.09948374999708,2.179533252403272e-18,-2.2525269953664057e-19,0.17499593098958333,0.010420735677083333,0.17499593098958333,0.010420735677083333,0,idle,642.9538003379125,24.597412090387227,660.7962050081985,41.41187920983059,0.04,0.045
1791317204.305186,658.7772049065821,40.0,-275.9005162500029,84.09948374999708,2.1359425873552064e-18,-2.2074764554590776e-19,0.17499593098958333,0.010420735677083333,0.17499593098958333,0.010420735677083333,0,idle,652.8491562921836,53.029371960571474,660.3988525723978,41.99275384736763,0.04,0.045
1791317204.321782,658.7772049065821,40.0,-275.9005162500029,84.09948374999708,2.0932237356081023e-18,-2.163326926349896e-19,0.17499593098958333,0.010420735677083333,0.17499593098958333,0.010420735677083333,0,idle,667.6976168964195,25.298522912184055,660.7637907885988,41.15804230060845,0.04,0.045
1791317204.338995,658.7772049065821,40.0,-275.9005162500029,84.09948374999708,2.05135926089594e-18,-2.1200603878228982e-19,0.17499593098958333,0.010420735677083333,0.17499593098958333,0.010420735677083333,0,idle,671.4209996008384,29.74080601704152,661.2966512292109,40.58718048643011,0.04,0.045
1791317204.356092,658.7772049065821,40.0,-275.9005162500029,84.09948374999708,2.0103320756780214e-18,-2.07765918006644e-19,0.17499593098958333,0.010420735677083333,0.17499593098958333,0.010420735677083333,0,idle,671.6871628539169,55.12563752436373,661.8161768104461,41.31410333832679,0.04,0.045
1791317204.3732932,658.7772049065821,40.0,-275.9005162500029,84.09948374999708,1.970125434164461e-18,-2.0361059964651113e-19,0.17499593098958333,0.010420735677083333,0.17499593098958333,0.010420735677083333,0,idle,688.2929304157301,43.99413579580205,663.1400144907103,41.44810496120055,0.04,0.045
1791317204.390574,658.7772049065821,40.0,-275.9005162500029,84.09948374999708,1.9307229254811717e-18,-1.995383876535809e-19,0.17499593098958333,0.010420735677083333,0.17499593098958333,0.010420735677083333,0,idle,650.6055511118797,55.6206243229031,662.5132913217687,42.15673092928568,0.04,0.045
1791317204.407825,658.7772049065821,40.0,-275.9005162500029,84.09948374999708,1.8921084669715485e-18,-1.9554761990050928e-19,0.17499593098958333,0.010420735677083333,0.17499593098958333,0.010420735677083333,0,idle,659.7046378123787,29.6654052751246,662.3728586462993,41.53216464657763,0.04,0.045
1791317204.424654,658.7772049065821,40.0,-275.9005162500029,84.09948374999708,1.8542662976321176e-18,-1.916366675024991e-19,0.17499593098958333,0.010420735677083333,0.17499593098958333,0.010420735677083333,0,idle,663.0205093911235,42.315637016168786,662.4052411835405,41.571338265057186,0.04,0.045
1791317204.441338,658.7772049065821,40.0,-275.9005162500029,84.09948374999708,1.817180971679475e-18,-1.8780393415244913e-19,0.17499593098958333,0.010420735677083333,0.17499593098958333,0.010420735677083333,0,idle,665.5091481106455,30.724237636101094,662.5604365298958,41.02898323360938,0.04,0.045
1791317204.458074,658.7772049065821,40.0,-275.9005162500029,84.09948374999708,1.7808373522458856e-18,-1.8404785546940015e-19,0.17499593098958333,0.010420735677083333,0.17499593098958333,0.010420735677083333,0,idle,652.9197978484509,53.17762170865231,662.0784045958236,41.636415157361526,0.04,0.045
1791317204.475717,658.7772049065821,40.0,-275.9005162500029,84.09948374999708,1.745220605200968e-18,-1.8036689836001215e-19,0.17499593098958333,0.010420735677083333,0.17499593098958333,0.010420735677083333,0,idle,668.649493220199,32.65025401162006,662.4069590270424,41.187107100074456,0.04,0.045
1791317204.4922822,658.7772049065821,40.0,-275.9005162500029,84.09948374999708,1.7103161930969484e-18,-1.767595603928119e-19,0.17499593098958333,0.010420735677083333,0.17499593098958333,0.010420735677083333,0,idle,654.5282592312599,34.053829005060635,662.0130240372532,40.83044319532377,0.04,0.045
1791317204.509799,658.7772049065821,40.0,-275.9005162500029,84.09948374999708,1.6761098692350094e-18,-1.7322436918495567e-19,0.17499593098958333,0.010420735677083333,0.17499593098958333,0.010420735677083333,0,idle,659.7077647553821,28.676121345882173,661.8977610731597,40.222727102851685,0.04,0.045
1791317204.526309,658.7772049065821,40.0,-275.9005162500029,84.09948374999708,1.6425876718503092e-18,-1.6975988180125654e-19,0.17499593098958333,0.010420735677083333,0.17499593098958333,0.010420735677083333,0,idle,667.9366325685194,81.56230555138994,662.1997046479277,42.2897060252786,0.04,0.045
1791317204.542924,658.7772049065821,40.0,-275.9005162500029,84.09948374999708,1.609735918413303e-18,-1.6636468416523142e-19,0.17499593098958333,0.010420735677083333,0.17499593098958333,0.010420735677083333,0,idle,656.1363058393048,55.65067484941902,661.8965347074965,42.95775446648562,0.04,0.045
1791317204.5606441,658.7772049065821,40.0,-275.9005162500029,84.09948374999708,1.577541200045037e-18,-1.630373904819268e-19,0.17499593098958333,0.010420735677083333,0.17499593098958333,0.010420735677083333,0,idle,670.648207171827,31.936043242784862,662.334118330713,42.40666890530058,0.04,0.045
1791317204.577184,658.7772049065821,40.0,-275.9005162500029,84.09948374999708,1.5459903760441363e-18,-1.5977664267228826e-19,0.17499593098958333,0.010420735677083333,0.17499593098958333,0.010420735677083333,0,idle,663.399818916728,56.741241255101485,662.3874033600136,43.123397522790626,0.04,0.045
1791317204.594591,658.7772049065821,40.0,-275.9005162500029,84.09948374999708,1.5150705685232536e-18,-1.565811098188425e-19,0.17499593098958333,0.010420735677083333,0.17499593098958333,0.010420735677083333,0,idle,662.6991596203246,43.4784919364558,662.4029911730292,43.14115224347388,0.04,0.045
1791317204.611827,658.7772049065821,40.0,-275.9005162500029,84.09948374999708,1.4847691571527886e-18,-1.5344948762246564e-19,0.17499593098958333,0.010420735677083333,0.17499593098958333,0.010420735677083333,0,idle,681.54900877046,53.80396899781921,663.3602920529008,43.67429308119115,0.04,0.045
1791317204.627734,658.7772049065821,40.0,-275.9005162500029,84.09948374999708,1.455073774009733e-18,-1.5038049787001633e-19,0.17499593098958333,0.010420735677083333,0.17499593098958333,0.010420735677083333,0,idle,644.5843096354583,53.17418720672627,662.4214929320287,44.149287787467905,0.04,0.045
1791317204.644325,658.7772049065821,40.0,-275.9005162500029,84.09948374999708,1.4259722985295383e-18,-1.47372887912616e-19,0.17499593098958333,0.010420735677083333,0.17499593098958333,0.010420735677083333,0,idle,662.4656933005031,29.8867586397076,662.4237029504525,43.43616133007989,0.04,0.045
1791317204.661144,658.7772049065821,40.0,-275.9005162500029,84.09948374999708,1.3974528525589475e-18,-1.444254301543637e-19,0.17499593098958333,0.010420735677083333,0.17499593098958333,0.010420735677083333,0,idle,665.6545098406447,44.79372118811789,662.5852432949621,43.50403932298179,0.04,0.045
1791317204.678041,658.7772049065821,40.0,-275.9005162500029,84.09948374999708,1.3695037955077686e-18,-1.4153692155127642e-19,0.17499593098958333,0.010420735677083333,0.17499593098958333,0.010420735677083333,0,idle,663.6895670370279,37.67416304655058,662.6404594820654,43.21254550916023,0.04,0.045
1791317204.695807,658.7772049065821,40.0,-275.9005162500029,84.09948374999708,1.3421137195976133e-18,-1.387061831202509e-19,0.17499593098958333,0.010420735677083333,0.17499593098958333,0.010420735677083333,0,idle,648.435847260026,39.75444503575396,661.9302288709633,43.03964048548992,0.04,0.045
1791317204.712501,658.7772049065821,40.0,-275.9005162500029,84.09948374999708,1.315271445205661e-18,-1.3593205945784587e-19,0.17499593098958333,0.010420735677083333,0.17499593098958333,0.010420735677083333,0,idle,651.0130177957176,56.22471468016937,661.384368317201,43.69889419522389,0.04,0.045
1791317204.729567,658.7772049065821,40.0,-275.9005162500029,84.09948374999708,1.2889660163015478e-18,-1.3321341826868894e-19,0.17499593098958333,0.010420735677083333,0.17499593098958333,0.010420735677083333,0,idle,662.7206858855245,31.096395916863194,661.4511841956172,43.06876928130586,0.04,0.045
1791317204.7464929,658.7772049065821,40.0,-275.9005162500029,84.09948374999708,1.2631866959755167e-18,-1.3054914990331516e-19,0.17499593098958333,0.010420735677083333,0.17499593098958333,0.010420735677083333,0,idle,661.0437887194051,68.69371066131181,661.4308144218066,44.35001635030616,0.04,0.045
1791317204.763107,658.7772049065821,40.0,-275.9005162500029,84.09948374999708,1.2379229620560065e-18,-1.2793816690524886e-19,0.17499593098958333,0.010420735677083333,0.17499593098958333,0.010420735677083333,0,idle,667.758134624376,54.44147630192562,661.7471804319351,44.854589347887135,0.04,0.045
1791317204.7809432,658.7772049065821,40.0,-275.9005162500029,84.09948374999708,1.2131645028148863e-18,-1.2537940356714387e-19,0.17499593098958333,0.010420735677083333,0.17499593098958333,0.010420735677083333,0,idle,650.4825303250576,36.81093289761713,661.1839479265913,44.45240652537363,0.04,0.045
1791317204.7976499,658.7772049065821,40.0,-275.9005162500029,84.09948374999708,1.1889012127585885e-18,-1.22871815495801e-19,0.17499593098958333,0.010420735677083333,0.17499593098958333,0.010420735677083333,0,idle,657.1897673004293,42.41856957620306,660.9842388952832,44.35071467791511,0.04,0.045
1791317204.8147478,658.7772049065821,40.0,-275.9005162500029,84.09948374999708,1.1651231885034166e-18,-1.2041437918588498e-19,0.17499593098958333,0.010420735677083333,0.17499593098958333,0.010420735677083333,0,idle,649.6362993750562,39.70552862036981,660.4168419192719,44.11845537503784,0.04,0.045
1791317204.831794,658.7772049065821,40.0,-275.9005162500029,84.09948374999708,1.1418207247333482e-18,-1.1800609160216728e-19,0.17499593098958333,0.010420735677083333,0.17499593098958333,0.010420735677083333,0,idle,651.8987282309861,49.93153908736157,659.9909362348576,44.409109560654024,0.04,0.045
1791317204.8482602,658.7772049065821,40.0,-275.9005162500029,84.09948374999708,1.1189843102386813e-18,-1.1564596977012393e-19,0.17499593098958333,0.010420735677083333,0.17499593098958333,0.010420735677083333,0,idle,640.9190121443984,19.6980100988123,659.0373400303347,43.17355458756194,0.04,0.045
1791317204.8651872,658.7772049065821,40.0,-275.9005162500029,84.09948374999708,1.0966046240339078e-18,-1.1333305037472146e-19,0.17499593098958333,0.010420735677083333,0.17499593098958333,0.010420735677083333,0,idle,664.6912893701177,35.0662818031733,659.3200374973238,42.76819094834251,0.04,0.045
1791317204.8827882,658.7772049065821,40.0,-275.9005162500029,84.09948374999708,1.0746725315532295e-18,-1.1106638936722703e-19,0.17499593098958333,0.010420735677083333,0.17499593098958333,0.010420735677083333,0,idle,671.6228620105287,47.972300417038426,659.9351787229841,43.0283964217773,0.04,0.045
1791317204.899285,658.7772049065821,40.0,-275.9005162500029,84.09948374999708,1.053179080922165e-18,-1.088450615798825e-19,0.17499593098958333,0.010420735677083333,0.17499593098958333,0.010420735677083333,0,idle,678.7439992286986,35.32584204848426,660.8756197482699,42.64326870311265,0.04,0.045
1791317204.916811,658.7772049065821,40.0,-275.9005162500029,84.09948374999708,1.0321154993037217e-18,-1.0666816034828484e-19,0.17499593098958333,0.010420735677083333,0.17499593098958333,0.010420735677083333,0,idle,650.1367657584631,34.948596604550886,660.3386770487796,42.258535098184566,0.04,0.045
1791317204.933323,658.7772049065821,40.0,-275.9005162500029,84.09948374999708,1.0114731893176471e-18,-1.0453479714131914e-19,0.17499593098958333,0.010420735677083333,0.17499593098958333,0.010420735677083333,0,idle,646.3345835306797,31.720683482146562,659.6384723728746,41.73164251738267,0.04,0.045
1791317204.950857,658.7772049065821,40.0,-275.9005162500029,84.09948374999708,9.912437255312942e-19,-1.0244410119849276e-19,0.17499593098958333,0.010420735677083333,0.17499593098958333,0.010420735677083333,0,idle,645.3351629969696,29.33371971034712,658.9233069040794,41.11174637703089,0.04,0.045
1791317204.9674492,658.7772049065821,40.0,-275.9005162500029,84.09948374999708,9.714188510206683e-19,-1.003952191745229e-19,0.17499593098958333,0.010420735677083333,0.17499593098958333,0.010420735677083333,0,idle,664.4790598105931,20.313726985437714,659.2010945494051,40.07184540745123,0.04,0.045
1791317204.984215,658.7772049065821,40.0,-275.9005162500029,84.09948374999708,9.51990474000255e-19,-9.838731479103244e-20,0.17499593098958333,0.010420735677083333,0.17499593098958333,0.010420735677083333,0,idle,648.9695998566133,34.89978438378517,658.6895198147655,39.81324235626793,0.04,0.045
1791317205.0016708,658.7772049065821,40.0,-275.9005162500029,84.09948374999708,9.3295066452025e-19,-9.64195684952118e-20,0.17499593098958333,0.010420735677083333,0.17499593098958333,0.010420735677083333,0,idle,649.2483633657524,34.73085507257019,658.2174619923148,39.55912299208304,0.04,0.045
1791317205.018304,658.7772049065821,40.0,-275.9005162500029,84.09948374999708,9.14291651229845e-19,-9.449117712530757e-20,0.17499593098958333,0.010420735677083333,0.17499593098958333,0.010420735677083333,0,idle,656.6233991735257,52.434113744663804,658.1377588513753,40.20287252971208,0.04,0.045
1791317205.035809,658.7772049065821,40.0,-275.9005162500029,84.09948374999708,8.96005818205248e-19,-9.260135358280142e-20,0.17499593098958333,0.010420735677083333,0.17499593098958333,0.010420735677083333,0,idle,659.3253240412765,25.587212146499784,658.1971371108704,39.47208951055147,0.04,0.045
1791317205.052897,658.7772049065821,40.0,-275.9005162500029,84.09948374999708,8.78085701841143e-19,-9.074932651114539e-20,0.17499593098958333,0.010420735677083333,0.17499593098958333,0.010420735677083333,0,idle,641.8831382164819,35.43156534204029,657.3814371661509,39.27006330212591,0.04,0.045
1791317205.06984,658.7772049065821,40.0,-275.9005162500029,84.09948374999708,8.605239878043202e-19,-8.893433998092248e-20,0.17499593098958333,0.010420735677083333,0.17499593098958333,0.010420735677083333,0,idle,648.2582874953434,19.556528810619525,656.9252796826106,38.28438657755059,0.04,0.045
1791317205.086994,658.7772049065821,40.0,-275.9005162500029,84.09948374999708,8.433135080482338e-19,-8.715565318130403e-20,0.17499593098958333,0.010420735677083333,0.17499593098958333,0.010420735677083333,0,idle,655.1583151014146,42.19297566852747,656.8369314535508,38.479816032099436,0.04,0.045
1791317205.1037529,658.7772049065821,40.0,-275.9005162500029,84.09948374999708,8.264472378872692e-19,-8.541254011767796e-20,0.17499593098958333,0.010420735677083333,0.17499593098958333,0.010420735677083333,0,idle,667.8946936927498,19.683823872102742,657.3898195655108,37.5400164240996,0.04,0.045
1791317205.12066,658.7772049065821,40.0,-275.9005162500029,84.09948374999708,8.099182931295238e-19,-8.370428931532439e-20,0.17499593098958333,0.010420735677083333,0.17499593098958333,0.010420735677083333,0,idle,652.6549005253702,32.00300653529241,657.1530736135038,37.26316592965924,0.04,0.045
1791317205.1373281,658.7772049065821,40.0,-275.9005162500029,84.09948374999708,7.937199272669334e-19,-8.20302035290179e-20,0.17499593098958333,0.010420735677083333,0.17499593098958333,0.010420735677083333,0,idle,677.955906047969,49.74754971260884,658.1932152352271,37.88738511880672,0.04,0.045
1791317205.1546838,658.7772049065821,40.0,-275.9005162500029,84.09948374999708,7.778455287215947e-19,-8.038959945843755e-20,0.17499593098958333,0.010420735677083333,0.17499593098958333,0.010420735677083333,0,idle,645.3830839825308,46.95102439467813,657.5527086725922,38.34056708260029,0.04,0.045
1791317205.1719959,658.7772049065821,40.0,-275.9005162500029,84.09948374999708,7.622886181471628e-19,-7.87818074692688e-20,0.17499593098958333,0.010420735677083333,0.17499593098958333,0.010420735677083333,0,idle,653.4427683608103,46.89950538514631,657.3472116570031,38.76851399772759,0.04,0.045
1791317205.1883361,658.7772049065821,40.0,-275.9005162500029,84.09948374999708,7.470428457842196e-19,-7.720617131988342e-20,0.17499593098958333,0.010420735677083333,0.17499593098958333,0.010420735677083333,0,idle,663.96418152324,39.58224573653043,657.6780601503149,38.80920058466773,0.04,0.045
1791317205.205291,658.7772049065821,40.0,-275.9005162500029,84.09948374999708,7.321019888685352e-19,-7.566204789348575e-20,0.17499593098958333,0.010420735677083333,0.17499593098958333,0.010420735677083333,0,idle,667.7567642473643,37.23060020828829,658.1819953551674,38.730270565848755,0.04,0.045
1791317205.2226439,658.7772049065821,40.0,-275.9005162500029,84.09948374999708,7.174599490911644e-19,-7.414880693561604e-20,0.17499593098958333,0.010420735677083333,0.17499593098958333,0.010420735677083333,0,idle,662.0255127297143,58.415583499411014,658.3741712238947,39.714536212526866,0.04,0.045
1791317205.239507,658.7772049065821,40.0,-275.9005162500029,84.09948374999708,7.031107501093412e-19,-7.266583079690372e-20,0.17499593098958333,0.010420735677083333,0.17499593098958333,0.010420735677083333,0,idle,657.9542227942063,42.6563510533786,658.3531738024103,39.86162695456945,0.04,0.045
1791317205.256541,658.7772049065821,40.0,-275.9005162500029,84.09948374999708,6.890485351071544e-19,-7.121251418096564e-20,0.17499593098958333,0.010420735677083333,0.17499593098958333,0.010420735677083333,0,idle,651.1730667250326,43.89407902041867,657.9941684485415,40.063249557861916,0.04,0.045
1791317205.273037,658.7771925633036,40.00000127566643,-275.90051753038296,-95.90051753038294,-1.234327846367008e-05,1.2756664297815448e-06,0.17499593098958333,0.08662312825520833,0.17499593098958333,0.08662312825520833,0,idle,666.682554292742,39.568441182861186,658.4285760146369,40.03851035099498,0.04,0.045
1791317205.289643,658.7770868605921,40.00001219996106,-275.9005275347411,-95.900526658558,-0.00010570271151876365,1.092429463548325e-05,0.17499593098958333,0.28440755208333335,0.17499593098958333,0.28440755208333335,0,idle,638.1912915914455,57.437692754507495,657.4166113759014,40.90847984925051,0.04,0.045
1791317205.3063731,658.7762672718161,40.000096904850395,-275.90060432799555,-95.90059681520134,-0.0008195887760694456,8.47048893339206e-05,0.17499593098958333,0.6863545735677083,0.17499593098958333,0.6863545735677083,0,idle,662.4629806314285,44.89871437063704,657.6681512293405,41.1080720449647,0.04,0.045
1791317205.3238678,658.7729784668473,40.000436817845156,-275.9008817165073,-95.90082846726845,-0.0032888049687235465,0.0003399129947633309,0.17499593098958333,0.8787984212239583,0.17499593098958333,0.8787984212239583,0,idle,673.4622443470738,36.03251509098841,658.4547315205069,40.85461711461091,0.04,0.045
1791317205.340384,658.7638673626853,40.00137857904423,-275.9015709581782,-95.90136994751872,-0.009111104161973445,0.0009417611990735,0.17499593098958333,1.0101765950520833,0.17499593098958333,1.0101765950520833,0,idle,677.8446075400421,54.25740410637738,659.4155697725298,41.52565113733835,0.04,0.045
1791317205.357842,658.7441494123626,40.00341705694529,-275.90290749807866,-95.90237465524962,-0.019717950322752892,0.002038477901058215,0.17499593098958333,1.0101765950520833,0.17499593098958333,1.0101765950520833,0,idle,656.2510944522709,29.14247451835059,659.2386139537102,40.90842886039497,0.04,0.045
1791317205.3744361,658.7079414870615,40.00716133956828,-275.90512937782904,-95.90400426524455,-0.036207925301107044,0.0037442826229862457,0.17499593098958333,1.0101765950520833,0.17499593098958333,1.0101765950520833,0,idle,654.0535625148857,55.917198928702376,658.9449638527329,41.66242443230218,0.04,0.045
1791317205.391045,658.6486399628885,40.01329627353541,-275.90846391731935,-95.90642171798339,-0.05930152417292647,0.006134933967133622,0.17499593098958333,1.0101765950520833,0.17499593098958333,1.0101765950520833,0,idle,656.8260472270429,19.22409827597897,658.7826815734842,40.5463363117548,0.04,0.045
1791317205.4088168,658.5592784054456,40.02254631858165,-275.9131200300694,-95.90978623324737,-0.08936155744287469,0.00925004504623567,0.17499593098958333,1.0101765950520833,0.17499593098958333,1.0101765950520833,0,idle,683.2377014508102,35.38683573766314,659.9205390877797,40.29714882584414,0.04,0.045
1791317205.425269,658.4328335260865,40.03564491038117,-275.9192843172587,-95.91424996908549,-0.12644487935917376,0.01309859179952835,0.17499593098958333,1.0101765950520833,0.17499593098958333,1.0101765950520833,0,idle,657.0330777728753,54.84327826399443,659.6560433866433,41.036898959961206,0.04,0.045
1791317205.442938,658.2624684105772,40.05331040556356,-275.9271196439736,-95.91995581962526,-0.17036511550931877,0.017665495182387782,0.17499593098958333,1.0101765950520833,0.17499593098958333,1.0101765950520833,0,idle,660.7089276555362,42.608669159088244,659.5468407403541,41.13226969034083,0.04,0.045
1791317205.45959,658.0417134399863,40.07622849732227,-275.936765298185,-95.92703603137085,-0.2207549705908291,0.022918091758714065,0.17499593098958333,1.0101765950520833,0.17499593098958333,1.0101765950520833,0,idle,656.7008537710697,48.35440974318634,659.1948241698286,41.51514888015388,0.04,0.045
1791317205.476737,657.7645911776973,40.10504038952825,-275.9483381141967,-95.93561141884439,-0.2771222622890595,0.028811892205982705,0.17499593098958333,1.0101765950520833,0.17499593098958333,1.0101765950520833,0,idle,669.0906781420543,27.661044026709703,659.4263507192653,40.849814935077355,0.04,0.045
1791317205.493515,657.4256939746508,40.14033577178709,-275.961934140747,-95.94579102162848,-0.33889720304651605,0.0352953822588443,0.17499593098958333,1.0101765950520833,0.17499593098958333,1.0101765950520833,0,idle,673.3331717275461,48.407251548489164,659.7997394267852,41.261217378893846,0.04,0.045
1791317205.510495,657.0202235608106,40.18264959804562,-275.97763057329047,-95.95767208612222,-0.40547041384019716,0.04231382625852737,0.17499593098958333,1.0101765950520833,0.17499593098958333,1.0101765950520833,0,idle,667.834945868308,31.50476430290621,659.8163028557132,40.81359286004007,0.04,0.045
1791317205.5275872,656.5440013406063,40.23246174208173,-275.99548776723475,-95.97134028460047,-0.47622222020424765,0.04981214403611294,0.17499593098958333,1.0101765950520833,0.17499593098958333,1.0101765950520833,0,idle,653.8342833630632,20.304284674239724,659.0647907718866,39.83544898758436,0.04,0.045
1791317205.5444758,655.99345704837,40.29019872559096,-276.0155512162568,-95.98687010544374,-0.5505442922362858,0.057736983509227804,0.17499593098958333,1.0101765950520833,0.17499593098958333,1.0101765950520833,0,idle,673.4153396545203,34.03421776571682,659.2593011383938,39.60023756082475,0.04,0.045
1791317205.56119,655.3656021783448,40.35623685346549,-276.03785342600696,-96.0043253640804,-0.6278548700252339,0.06603812787452915,0.17499593098958333,1.0101765950520833,0.17499593098958333,1.0101765950520833,0,idle,635.3169500158415,36.9125235967952,657.4657214557423,39.52858808410407,0.04,0.045
1791317205.577996,654.6579933713904,40.430906226431496,-276.06241564477153,-96.02375979585655,-0.7076088069544423,0.07466937296600944,0.17499593098958333,1.0101765950520833,0.17499593098958333,1.0101765950520833,0,idle,636.9414737703996,24.10945256764843,655.7672807048684,38.828567212599,0.04,0.045
1791317205.5948858,653.868689815623,40.51449522332406,-276.08924943346506,-96.04521770083836,-0.7893035557673204,0.0835889968925625,0.17499593098958333,1.0101765950520833,0.17499593098958333,1.0101765950520833,0,idle,645.7435665329712,32.22327798211722,654.5162566182946,38.57771229812285,0.04,0.045
1791317205.611584,652.9962077442847,40.607255149705885,-276.118358070828,-96.06873461725571,-0.8724820713383233,0.09275992638182168,0.17499593098958333,1.0101765950520833,0.17499593098958333,1.0101765950520833,0,idle,632.3709886030584,35.973719405709474,652.5801352497614,38.535634583564914,0.04,0.045
1791317205.62852,652.0394743019793,40.709404835508025,-276.1497377981732,-96.09433800548065,-0.9567334423053767,0.1021496858021399,0.17499593098958333,1.0101765950520833,0.17499593098958333,1.0101765950520833,0,idle,652.9420744902649,41.82573375361664,651.6893354415965,38.79718174357953,0.04,0.045
1791317205.6455429,650.9977823928355,40.82113503300891,-276.183378913042,-96.12204792850491,-1.041691909143872,0.11173019750088317,0.17499593098958333,1.0101765950520833,0.17499593098958333,1.0101765950520833,0,idle,666.2118325413986,39.3428993738609,651.4258529829,38.930611312719435,0.04,0.045
1791317205.662335,649.8707476049352,40.94261251980339,-276.2192667238228,-96.15187771812484,-1.127034787900215,0.12147748679448567,0.17499593098958333,1.0101765950520833,0.17499593098958333,1.0101765950520833,0,idle,656.0771533790597,30.64025604799008,650.5877349542027,38.63149716193772,0.04,0.045
1791317205.679274,648.6582679047643,41.07398385179583,-276.25738237853506,-96.18383461865999,-1.2124797001709375,0.13137133199244,0.17499593098958333,1.0101765950520833,0.17499593098958333,1.0101765950520833,0,idle,632.1728468687191,33.62856116188976,648.5151348347662,38.50615312732814,0.04,0.045
1791317205.6961,647.3604864934176,41.215378741009495,-276.29770358114126,-96.21792040216975,-1.2977814113466906,0.14139488921366772,0.17499593098958333,1.0101765950520833,0.17499593098958333,1.0101765950520833,0,idle,647.8659996180605,52.12170660860086,647.2497857331515,39.32125594614476,0.04,0.045
1791317205.713392,645.9777579941605,41.3669130542712,-276.340205208286,-96.25413195088719,-1.3827284992571762,0.15153431326170447,0.17499593098958333,1.0101765950520833,0.17499593098958333,1.0101765950520833,0,idle,639.9224958945355,42.21298016380283,645.5698291669264,39.60979975462629,0.04,0.045
1791317205.730077,644.5106179821978,41.52869144345928,-276.38485983854446,-96.29246180403531,-1.4671400119627198,0.16177838918807635,0.17499593098958333,1.0101765950520833,0.17499593098958333,1.0101765950520833,0,idle,639.9851480033182,14.195848262637298,643.8968120973815,38.49279164975551,0.04,0.045
1791317205.747643,642.9597557581121,41.70080962755352,-276.431638205254,-96.332898667381,-1.5508622240856424,0.17211818409423757,0.17499593098958333,1.0101765950520833,0.17499593098958333,1.0101765950520833,0,idle,646.8575711562066,45.62446519623523,642.5715309374414,39.01288760196902,0.04,0.045
1791317205.7641191,641.3259901947617,41.883356352470656,-276.48050958292487,-96.37542788485226,-1.6337655633504116,0.18254672491713664,0.17499593098958333,1.0101765950520833,0.17499593098958333,1.0101765950520833,0,idle,642.7715943582984,18.193713814620338,641.0294568233014,38.14534830127287,0.04,0.045
1791317205.7816288,639.6102484440579,42.0764150576273,-276.53144211614494,-96.42003187233014,-1.7157417507038313,0.19305870515664192,0.17499593098958333,1.0101765950520833,0.17499593098958333,1.0101765950520833,0,idle,647.3083881747409,41.55121069629406,639.7134487277048,38.49904719092274,0.04,0.045
1791317205.798125,637.8135472674659,42.28006527914234,-276.58440309886083,-96.46669051434964,-1.796701176592062,0.20365022151504242,0.17499593098958333,1.0101765950520833,0.17499593098958333,1.0101765950520833,0,idle,638.4318904303911,42.76084194311752,637.9425046950767,38.90560463897177,0.04,0.045
1791317205.815719,635.9369783394242,42.49439750329138,-276.6408412078543,-96.51579943424731,-1.876568928041668,0.21433222414903813,0.19062093098958333,1.0101765950520833,0.19062093098958333,1.0101765950520833,0,idle,636.6780280696057,37.77890559058455,636.0965403821635,39.052885299493994,0.04,0.045
1791317205.832402,633.9816970172111,42.71953859242124,-276.703486088119,-96.56840211532284,-1.9552813222130545,0.22514108912985561,0.21900227864583333,1.0101765950520833,0.21900227864583333,1.0101765950520833,0,idle,618.1573080160421,30.80230922261445,633.342061507755,38.85424053032338,0.04,0.045
1791317205.849141,631.9489143405979,42.95568704697296,-276.7763438339982,-96.62635119931372,-2.032782676613271,0.23614845455172226,0.2577901204427083,1.0101765950520833,0.2577901204427083,1.0101765950520833,0,idle,633.8807848940464,38.66894457100477,631.437854134287,39.069316764181586,0.04,0.045
1791317205.866563,629.8398911817353,43.20314992023439,-276.8639563435109,-96.69221778225932,-2.1090231588625845,0.24746287326142552,0.2977376302083333,1.0101765950520833,0.2977376302083333,1.0101765950520833,0,idle,627.6163462945129,55.50749727971413,629.2432067413789,40.12631551955657,0.04,0.045
1791317205.882935,627.6559307850922,43.46235129567919,-276.96852395815733,-96.76843668419099,-2.183960396643094,0.25920137544480115,0.3168416341145833,1.0101765950520833,0.3168416341145833,1.0101765950520833,0,idle,635.7685639115077,38.469601425164576,627.4947122230744,40.28972112150954,0.04,0.045
1791317205.899937,625.3983711744908,43.73382710296154,-277.090970859955,-96.85700028127631,-2.2575596106013913,0.27147580728235204,0.3266988118489583,1.0101765950520833,0.3266988118489583,1.0101765950520833,0,idle,640.6436443624581,40.78966207240957,626.0074771999722,40.572620185972774,0.04,0.045
1791317205.917068,623.0685767571674,44.0182032844181,-277.2305530594938,-96.95913445494503,-2.3297944173232876,0.28437618145656074,0.3266988118489583,1.0101765950520833,0.3266988118489583,1.0101765950520833,0,idle,591.5294080492761,34.252761296668155,622.0702690459802,40.52678461389127,0.04,0.045
1791317205.9350789,620.6679312196287,44.31617651237612,-277.38639597094664,-97.07548635882776,-2.4006455375387574,0.2979732279580167,0.3266988118489583,1.0101765950520833,0.3266988118489583,1.0101765950520833,0,idle,610.9786957650734,58.14817112853288,619.2350771212731,41.69092850618347,0.04,0.045
1791317205.952189,618.1978286976811,44.628475938606755,-277.55572004161945,-97.2057741994708,-2.4701025219476582,0.31229942623063456,0.3168416341145833,1.0101765950520833,0.3168416341145833,1.0101765950520833,0,idle,621.4985589046793,38.34785715817581,617.0016538145932,41.820459393702194,0.04,0.045
1791317205.969226,615.6596644750429,44.95581890897179,-277.73474267288947,-97.34878026628112,-2.538164222638262,0.3273429703650394,0.3017964680989583,1.0101765950520833,0.3017964680989583,1.0101765950520833,0,idle,616.3084819485347,58.930655530859134,614.555739209784,42.98694502240683,0.04,0.045
1791317205.9861279,613.0548117855132,45.298766363956275,-277.91094932396805,-97.50026145359024,-2.6048526895297615,0.342947454984481,0.24158528645833333,1.0101765950520833,0.24158528645833333,1.0101765950520833,0,idle,607.5414733026654,48.95036892031749,611.7304158593748,43.61091629953762,0.04,0.045
1791317206.0039198,610.3846013023135,45.65760730276625,-278.07234862066775,-97.6539378703927,-2.6702104831996567,0.35884093880997925,0.17499593098958333,1.0101765950520833,0.17499593098958333,1.0101765950520833,0,idle,600.9675137237809,49.76792057834693,608.6555707935555,44.25966540534756,0.04,0.045
1791317206.0207691,607.6503293596055,46.032448852198065,-278.2217604172779,-97.80602415150724,-2.7342719427079705,0.37484154943181697,0.17499593098958333,1.0101765950520833,0.17499593098958333,1.0101765950520833,0,idle,610.4639547535743,54.820084209010986,606.1484316459838,45.14378581749096,0.04,0.045
1791317206.037834,604.8532637455879,46.42328013192088,-278.3614565015361,-97.9543831336543,-2.7970656140175962,0.3908312797228208,0.17499593098958333,1.0101765950520833,0.17499593098958333,1.0101765950520833,0,idle,606.7523243658914,63.5222252172376,603.5214139486625,46.43399750321497,0.04,0.045
1791317206.054721,601.9946477240784,46.830017159264344,-278.4932769090468,-98.09795138380692,-2.8586160215095164,0.4067370273434577,0.17499593098958333,1.0101765950520833,0.17499593098958333,1.0101765950520833,0,idle,602.605831517199,19.56870016816781,600.7599496066553,45.477132812438896,0.04,0.045
1791317206.0714629,599.0757027782137,47.252534086355446,-278.6187197819372,-98.23635094299796,-2.9189449458647703,0.4225169270911007,0.17499593098958333,1.0101765950520833,0.17499593098958333,1.0101765950520833,0,idle,598.2216171274014,50.35090253445315,597.8600352841211,46.12221237927616,0.04,0.045
1791317206.088418,596.0976304437229,47.69068462761948,-278.7390110215601,-98.36962851223953,-2.9780723344907547,0.438150541264035,0.17499593098958333,1.0101765950520833,0.17499593098958333,1.0101765950520833,0,idle,590.0537223347757,44.718848566592406,594.6405509188876,46.4682872028428,0.04,0.045
1791317206.105928,593.0616135028426,48.14431648231333,-278.85515849118025,-98.4980817080396,-3.036016940880218,0.45363185469384903,0.17499593098958333,1.0101765950520833,0.17499593098958333,1.0101765950520833,0,idle,581.256577885584,35.133686477875784,591.0871361733862,46.332507428553605,0.04,0.045
1791317206.122593,589.9688167370351,48.613280785180145,-278.9679943857013,-98.62214464681117,-3.092796765807471,0.4689643028668163,0.17499593098958333,1.0101765950520833,0.17499593098958333,1.0101765950520833,0,idle,588.0435618479775,39.350214301293875,587.9968005295985,46.428908859914095,0.04,0.045
1791317206.139263,586.8203873820154,49.09743805441056,-279.0782085185323,-98.74231380302042,-3.1484293550196982,0.48415726923041746,0.17499593098958333,1.0101765950520833,0.17499593098958333,1.0101765950520833,0,idle,582.0800228456828,57.017487329852266,584.709953758134,47.4182871891799,0.04,0.045
1791317206.1568289,583.6174553879455,49.596661694930276,-279.1863746167524,-98.85910106438375,-3.202931994069946,0.4992236405197195,0.17499593098958333,1.0101765950520833,0.17499593098958333,1.0101765950520833,0,idle,584.7012937124001,62.17090904486203,581.666735361481,48.63018074045774,0.04,0.045
1791317206.173326,580.3611335576601,50.11083981595967,-279.29297121559966,-98.97300502474667,-3.2563218302853882,0.5141781210293943,0.17499593098958333,1.0101765950520833,0.17499593098958333,1.0101765950520833,0,idle,606.3384308001649,56.265617443371184,579.806814394644,49.500421790581335,0.04,0.045
1791317206.190794,577.052517613826,50.63987590479823,-279.39839836413756,-99.08449439096505,-3.308615943834121,0.5290360888385569,0.17499593098958333,1.0101765950520833,0.17499593098958333,1.0101765950520833,0,idle,580.7244722040183,38.51171052658659,576.7095121384704,49.45357051177823,0.04,0.045
1791317206.2073221,573.6926862299792,51.18368874176764,-279.50299106671025,-99.19399933222084,-3.3598313838467817,0.5438128369694077,0.17499593098958333,1.0101765950520833,0.17499593098958333,1.0101765950520833,0,idle,596.7951870795397,63.73302706946353,574.5219560708694,50.68416553478343,0.04,0.045
1791317206.224869,570.2827010488916,51.74221182795143,-279.6070301672661,-99.30190794275292,-3.409985181087621,0.5585230861837867,0.17499593098958333,1.0101765950520833,0.17499593098958333,1.0101765950520833,0,idle,575.7587323247667,49.37175050729894,571.3443089615309,51.14914171528381,0.04,0.045
1791317206.2415218,566.8236067035135,52.315392515877015,-279.71075121887895,-99.40856591088992,-3.459094345378086,0.5731806879255888,0.17499593098958333,1.0101765950520833,0.17499593098958333,1.0101765950520833,0,idle,571.4894987558306,51.07374267926626,568.0654288231368,51.68989341701224,0.04,0.045
1791317206.25828,563.3164308499498,52.90319097487455,-279.81435175593504,-99.51427811894257,-3.507175853563679,0.5877984589975357,0.17499593098958333,1.0101765950520833,0.17499593098958333,1.0101765950520833,0,idle,560.4767407028628,45.26496144062304,564.3541773562376,51.92705535424044,0.04,0.045
1791317206.2756531,559.7621842178909,53.505579081145484,-279.9179972917149,-99.6193113300358,-3.5542466320588924,0.6023881062709358,0.17499593098958333,1.0101765950520833,0.17499593098958333,1.0101765950520833,0,idle,543.629289092547,29.230899333893426,559.941398642597,51.36451625418048,0.04,0.045
1791317206.2923038,556.1618606811551,54.122539292940736,-280.0218262920873,-99.72389741159364,-3.600323536735808,0.6169602117952496,0.17499593098958333,1.0101765950520833,0.17499593098958333,1.0101765950520833,0,idle,554.3931994722914,42.748766837200805,556.2436813241827,51.519840984536984,0.04,0.045
1791317206.30963,552.5164373491434,54.75406355030801,-280.12595432116234,-99.82823674396822,-3.645423332011649,0.6315242573672777,0.17499593098958333,1.0101765950520833,0.17499593098958333,1.0101765950520833,0,idle,559.6864251379644,66.93649838960332,552.9526663494607,52.890621899289215,0.04,0.045
1791317206.32674,548.8268746788001,55.40015222417204,-280.2304775128147,-99.93250159636001,-3.6895626703433027,0.6460886738640315,0.17499593098958333,1.0101765950520833,0.17499593098958333,1.0101765950520833,0,idle,530.4873032981404,48.021028599658536,548.3243136600686,53.26092647447851,0.04,0.045
1791317206.343484,545.0941166059189,56.06081312928695,-280.3354754898159,-100.03683934124653,-3.732758072881267,0.6606609051149116,0.17499593098958333,1.0101765950520833,0.17499593098958333,1.0101765950520833,0,idle,542.6277711767054,43.132130606688946,544.4933663666633,53.382114540948194,0.04,0.045
1791317206.360399,541.3190906942002,56.73606060856686,-280.44101382752484,-100.1413754371856,-3.7750259117186973,0.6752474792799108,0.17499593098958333,1.0101765950520833,0.17499593098958333,1.0101765950520833,0,idle,525.0394594035246,63.26465374530351,539.9343964023736,54.51772660648187,0.04,0.045
1791317206.3771122,537.5027083002459,57.42591469153574,-280.5471461398843,-100.24621614784822,-3.816382393954366,0.6898540829688768,0.17499593098958333,1.0101765950520833,0.17499593098958333,1.0101765950520833,0,idle,547.7750054675081,50.39157104664542,536.7008635813737,54.966780207310485,0.04,0.045
1791317206.394776,533.6458647526031,58.13040032647743,-280.6539158505182,-100.35145098917305,-3.8568435476428053,0.7044856349416889,0.17499593098958333,1.0101765950520833,0.17499593098958333,1.0101765950520833,0,idle,553.8605933132167,43.88859950908347,533.8948486977051,55.08213252559374,0.04,0.045
1791317206.411577,529.7494395429932,58.84954668383562,-280.7613576999992,-100.45715491122375,-3.8964252096099568,0.7191463573581889,0.17499593098958333,1.0101765950520833,0.17499593098958333,1.0101765950520833,0,idle,544.5791382659654,75.9915477171702,530.7274592269887,56.81079232466285,0.04,0.045
1791317206.428116,525.81429652794,59.583386527170866,-280.86949903110656,-100.5633902298169,-3.93514301505315,0.7338398433352467,0.17499593098958333,1.0101765950520833,0.17499593098958333,1.0101765950520833,0,idle,527.1015158510933,68.55998734400993,526.8077761938933,58.095399926798684,0.04,0.045
1791317206.445645,521.8412841391306,60.33195564728499,-280.9783608865418,-100.67020832741571,-3.9730123888093907,0.7485691201141241,0.17499593098958333,1.0101765950520833,0.17499593098958333,1.0101765950520833,0,idle,507.4271902593771,64.28536240083002,522.0643851277987,59.11603871460867,0.04,0.045
1791317206.462425,517.8312356009727,61.095292354799405,-281.0879589476822,-100.77765114460365,-4.010048538157888,0.7633367075144094,0.17499593098958333,1.0101765950520833,0.17499593098958333,1.0101765950520833,0,idle,515.7361139999243,67.44375250335248,517.938425460155,60.257594276184555,0.04,0.045
1791317206.479531,513.7849691539567,61.87343702640109,-281.1983043382058,-100.88575248363962,-4.046266447016019,0.7781446716016879,0.17499593098958333,1.0101765950520833,0.17499593098958333,1.0101765950520833,0,idle,520.55989798876,62.279023806229986,514.22554596192,61.09790319070843,0.04,0.045
1791317206.496602,509.7032882825681,62.66643170006181,-281.30940431256226,-100.9945391448031,-4.08168087138856,0.7929946736607177,0.17499593098958333,1.0101765950520833,0.17499593098958333,1.0101765950520833,0,idle,494.8867669935676,76.31315470868867,509.38101018568324,62.61201070658512,0.04,0.045
1791317206.5137348,505.5869819466328,63.47431971473191,-281.4212628461082,-101.10403191489607,-4.1163063359353,0.8078880146701031,0.17499593098958333,1.0101765950520833,0.17499593098958333,1.0101765950520833,0,idle,504.17776055782,82.33501242142505,505.21035668515157,64.36565440626372,0.04,0.045
1791317206.530655,501.4368248151027,64.29714539026844,-281.5338811411247,-101.21424642565428,-4.15015713153015,0.8228256755365296,0.17499593098958333,1.0101765950520833,0.17499593098958333,1.0101765950520833,0,idle,510.11605831383264,68.73072242783422,501.51299249163196,65.36559219910195,0.04,0.045
1791317206.5467122,497.2535775014083,65.13495374364813,-281.647258060777,-101.32519389811497,-4.18324731369437,0.8378083533796916,0.17499593098958333,1.0101765950520833,0.17499593098958333,1.0101765950520833,0,idle,492.97070998337153,42.66517960458185,497.1117934182093,65.02648950508664,0.04,0.045
1791317206.563594,493.03798679961176,65.98779023782045,-281.76139050127904,-101.43688178729823,-4.215590701796555,0.8528364941723238,0.17499593098958333,1.0101765950520833,0.17499593098958333,1.0101765950520833,0,idle,489.27112643180317,46.85728113718053,492.71494890218224,64.92822375615505,0.04,0.045
1791317206.580029,488.7907859206896,66.85570055986025,-281.87627371101644,-101.54931433995137,-4.247200878922152,0.8679103220398033,0.17499593098958333,1.0101765950520833,0.17499593098958333,1.0101765950520833,0,idle,479.387967654087,69.57169804328029,488.01375900480144,65.98491227644912,0.04,0.045
1791317206.5975811,484.5126947283646,67.73873042537548,-281.9919015641115,-101.66249307661303,-4.278091192324981,0.8830298655152226,0.17499593098958333,1.0101765950520833,0.17499593098958333,1.0101765950520833,0,idle,485.51070126553697,80.97048246274966,483.82441948512945,67.57306915800362,0.04,0.045
1791317206.614068,480.2044199739821,68.63692540640733,-282.10826679483796,-101.7764172078935,-4.308274754382461,0.8981949810318439,0.17499593098958333,1.0101765950520833,0.17499593098958333,1.0101765950520833,0,idle,476.06092418076,68.26329974388588,479.34338370324764,68.46086591927799,0.04,0.045
1791317206.631582,475.86665552999733,69.5503307803251,-282.22536119838196,-101.8910839936424,-4.337764443984776,0.913405373917768,0.17499593098958333,1.0101765950520833,0.17499593098958333,1.0101765950520833,0,idle,483.7192144217706,47.824514706021304,475.44129901738825,68.29678346383704,0.04,0.045
1791317206.648015,471.5000826217013,70.478991397464,-282.3431758026675,-102.00648905258225,-4.366572908296013,0.9286606171388966,0.17499593098958333,1.0101765950520833,0.17499593098958333,1.0101765950520833,0,idle,495.4781353816543,75.92353319939218,472.29489657272035,69.56034853689675,0.04,0.045
1791317206.665597,467.1053700568689,71.42295156548104,-282.4617010153009,-102.12262662901745,-4.394712564832461,0.9439601680170457,0.17499593098958333,1.0101765950520833,0.17499593098958333,1.0101765950520833,0,idle,488.7289875304066,77.52269804725987,468.94162418401385,70.8552281720311,0.04,0.045
1791317206.682448,462.6831744530592,72.38225494861197,-282.58092674912166,-102.23948982237381,-4.422195603809627,0.9593033831309368,0.17499593098958333,1.0101765950520833,0.17499593098958333,1.0101765950520833,0,idle,462.44564804400545,63.47523812200663,464.4157395533943,71.39756688350427,0.04,0.045
1791317206.699899,458.23414046234393,73.35694448020132,-282.70084252935914,-102.35707078457388,-4.4490339907153205,0.9746895315893479,0.17499593098958333,1.0101765950520833,0.17499593098958333,1.0101765950520833,0,idle,458.6288327326934,66.93060832048846,459.8998119211797,72.10017401036336,0.04,0.045
1791317206.716394,453.7589009932727,74.34706228704947,-282.8214375849774,-102.4753608895956,-4.475239469071272,0.9901178068481447,0.17499593098958333,1.0101765950520833,0.17499593098958333,1.0101765950520833,0,idle,452.50305157936214,81.31135844444567,455.27849640847114,73.50134514857322,0.04,0.045
1791317206.733983,449.2580774299223,75.3526496242759,-282.9427009264308,-102.59435087898842,-4.500823563350364,1.005587337226424,0.17499593098958333,1.0101765950520833,0.17499593098958333,1.0101765950520833,0,idle,471.52560466475313,64.56050308059154,451.8150694361024,74.00961101553925,0.04,0.045
1791317206.751057,444.7322798479017,76.3737468195376,-283.06462141174416,-102.71403098661898,-4.525797582020608,1.0210971952617056,0.17499593098958333,1.0101765950520833,0.17499593098958333,1.0101765950520833,0,idle,456.64333349690105,86.21257575571663,447.7569749362228,75.58980158804674,0.04,0.045
1791317206.768987,440.1821072272111,77.41039322556756,-283.1871878025648,-102.83439104548351,-4.55017262069062,1.0366464060299663,0.17499593098958333,1.0101765950520833,0.17499593098958333,1.0101765950520833,0,idle,448.78534389089765,86.52459835815057,443.48572939430045,77.12135551228039,0.04,0.045
1791317206.78582,435.6081476618765,78.46262718011094,-283.3103888116051,-102.95542057904358,-4.573959565334564,1.0522339545433754,0.17499593098958333,1.0101765950520833,0.17499593098958333,1.0101765950520833,0,idle,443.98546718194416,86.54017640359928,439.1654546966148,78.59191881366255,0.04,0.045
1791317206.802709,431.0109785662992,79.53048597243773,-283.43421314269705,-103.07710887921262,-4.597169095577332,1.0678587923267817,0.17499593098958333,1.0101765950520833,0.17499593098958333,1.0101765950520833,0,idle,431.3123078646381,75.11865135518968,434.4054867142175,79.43272129344935,0.04,0.045
1791317206.818856,426.39116687827595,80.61400581570099,-283.558649524509,-103.19944507283385,-4.6198116880232405,1.0835198432632656,0.17499593098958333,1.0101765950520833,0.17499593098958333,1.0101765950520833,0,idle,424.92954416126634,87.8501698816668,429.5428684829479,80.88293757396032,0.04,0.045
1791317206.835694,421.7492692586622,81.71322182449036,-283.6836867388297,-103.3224181782417,-4.641897619613755,1.0992160087893743,0.17499593098958333,1.0101765950520833,0.17499593098958333,1.0101765950520833,0,idle,410.3862338346463,98.09438104791568,424.17523401189976,82.78776495600799,0.04,0.045
1791317206.852581,417.08583228766054,82.82816799700225,-283.80931364419735,-103.44601715328328,-4.663436971001638,1.114946172511896,0.17499593098958333,1.0101765950520833,0.17499593098958333,1.0101765950520833,0,idle,412.9006054900698,103.59127901372935,419.1812374633567,84.88713952278036,0.04,0.045
1791317206.869371,412.40139265772984,83.95887720131239,-283.935519195543,-103.5702309359893,-4.684439629930681,1.13070920431014,0.17499593098958333,1.0101765950520833,0.17499593098958333,1.0101765950520833,0,idle,417.3095121790271,101.40957963897833,414.6374335507061,86.78743527268489,0.04,0.045
1791317206.886346,407.69647736311816,85.10538116529302,-284.0622924604239,-103.69504847892212,-4.704915294611654,1.1465039639806303,0.17499593098958333,1.0101765950520833,0.17499593098958333,1.0101765950520833,0,idle,416.5812583984041,94.86160175726057,410.26495526320986,88.28032236269527,0.04,0.045
1791317206.903401,402.97160388603174,86.26771046976779,-284.18962263234084,-103.82045877808814,-4.724873477086437,1.1623293044747711,0.17499593098958333,1.0101765950520833,0.17499593098958333,1.0101765950520833,0,idle,399.8777624743955,81.53263485224876,405.25696582053706,89.04715082642397,0.04,0.045
1791317206.920318,398.227285110709,87.44591308172396,-284.31838363582415,-103.94667512624503,-4.744318775322791,1.1782026119561615,0.17902425130208333,1.0101765950520833,0.17902425130208333,1.0101765950520833,0,idle,399.0378253934977,112.5605511242308,400.43890596262844,91.34211332267267,0.04,0.045
1791317206.937262,393.4641013166712,88.64033236821882,-284.4619950849824,-104.07725702155716,-4.763183794037768,1.1944192864948624,0.23868611653645833,1.0101765950520833,0.23868611653645833,1.0101765950520833,0,idle,366.0999605420043,102.16577908257842,394.19693408726135,93.01799493283808,0.04,0.045
1791317206.954613,388.6827871690764,89.85192955632085,-284.6390944732139,-104.21957996258114,-4.781314147594787,1.2115971881020287,0.3185811360677083,1.0101765950520833,0.3185811360677083,1.0101765950520833,0,idle,370.2452379030392,69.78094369054969,388.4571008378352,93.00715969942058,0.04,0.045
1791317206.9705322,383.88457234762814,91.08353764014285,-284.9159306059432,-104.3959211901781,-4.798214821448252,1.2316080838219956,0.5438313802083333,1.0101765950520833,0.5438313802083333,1.0101765950520833,0,idle,369.6276395375342,101.64524951059659,382.9573236924443,94.60909186961028,0.04,0.045
1791317206.986908,379.0714608947133,92.34075218503516,-285.35583790605244,-104.63893121343666,-4.813111452914797,1.2572145448922998,0.6961140950520833,1.0101765950520833,0.6961140950520833,1.0101765950520833,0,idle,402.93499876912267,102.59025313602312,379.3837515660091,96.20250375057861,0.04,0.045
1791317207.003624,374.2467054551677,93.63327598550202,-286.05400595837574,-104.99705799509127,-4.824755439545577,1.2925238004668722,0.8738789876302083,1.0101765950520833,0.8738789876302083,1.0101765950520833,0,idle,393.6330987943376,80.50704275262743,375.51270125985724,96.64562831112458,0.04,0.045
1791317207.020205,369.41524090185794,94.97561862840791,-287.0919579917544,-105.52707419728632,-4.831464553309795,1.3423426429058964,0.9891133626302083,1.0101765950520833,0.9891133626302083,1.0101765950520833,0,idle,384.54698546424834,89.40685902758177,371.3745241444325,97.55891535770803,0.04,0.045
1791317207.0376341,364.5837096746819,96.38594013985981,-288.4742253341248,-106.27249800604807,-4.831531227176022,1.4103215114518965,0.9891133626302083,1.0101765950520833,0.9891133626302083,1.0101765950520833,0,idle,347.90803158316874,102.58813315962958,365.6112448505521,99.15018168368341,0.04,0.045
1791317207.054115,359.76050779702905,97.88481263950746,-290.1908127656484,-107.26330941336305,-4.823201877652875,1.4988724996476472,0.9891133626302083,1.0101765950520833,0.9891133626302083,1.0101765950520833,0,idle,349.7068007610792,100.5932970925056,360.2339808623082,100.64626632878979,0.04,0.045
1791317207.0716832,354.95584103823717,99.49403852664203,-292.22305935040964,-108.51723104765165,-4.804666758791904,1.6092258871345646,0.9891133626302083,1.0101765950520833,0.9891133626302083,1.0101765950520833,0,idle,364.4741566977309,79.43793433235481,355.88155623322706,101.11461432174589,0.04,0.045
1791317207.088245,350.18176935982314,101.23559275485044,-294.5475876932461,-110.04168225484995,-4.774071678414046,1.7415542282084158,0.9891133626302083,1.0101765950520833,0.9891133626302083,1.0101765950520833,0,idle,374.0956320545298,121.80146219100946,352.2568919297989,103.80343323200707,0.04,0.045
1791317207.105076,345.4522186899225,103.13071548528855,-297.13893642987756,-111.83589034270857,-4.729550669900593,1.8951227304381084,0.9891133626302083,1.0101765950520833,0.9891133626302083,1.0101765950520833,0,idle,335.26842795626305,90.08534805420513,346.9143955947165,104.91789556703317,0.04,0.045
1791317207.12172,340.7829452342098,105.19915870668919,-299.9712854036154,-113.89288182362874,-4.669273455712676,2.068443221400646,0.9891133626302083,1.0101765950520833,0.9891133626302083,1.0101765950520833,0,idle,344.62962063996787,115.1120798073031,342.364347064052,107.39262583937727,0.04,0.045
1791317207.138788,336.1914449303967,107.45857885560707,-303.0195548530625,-116.20122469182972,-4.59150030381313,2.259420148917882,0.9891133626302083,1.0101765950520833,0.9891133626302083,1.0101765950520833,0,idle,358.3393959982508,104.79872478221374,338.8011742221395,109.40937992799108,0.04,0.045
1791317207.155082,331.6968072656364,109.92406231928089,-306.26007290422064,-118.74648030227948,-4.4946376647603,2.4654834636738183,0.9891133626302083,1.0101765950520833,0.9891133626302083,1.0101765950520833,0,idle,327.3268851730542,116.23535413134573,333.9575539881629,112.09288792864895,0.04,0.045
1791317207.172172,327.31951769618934,112.60776904525927,-309.6709466584073,-121.51237117460758,-4.37728956944702,2.683706725978376,0.9891133626302083,1.0101765950520833,0.9891133626302083,1.0101765950520833,0,idle,337.32591386473774,103.2489365716775,329.9675468910169,114.20021175047984,0.04,0.045
1791317207.189632,323.0812162043688,115.5186796067232,-313.23223183650265,-124.48169383955947,-4.238301491820561,2.9109105614639246,0.9891133626302083,1.0101765950520833,0.9891133626302083,1.0101765950520833,0,idle,305.28684303042405,105.6875921164925,324.70712528075774,116.53994580217119,0.04,0.045
1791317207.206481,319.004421297803,118.66243202243712,-316.9259679956714,-127.63701396277862,-4.076794906565777,3.143752415713917,0.9891133626302083,1.0101765950520833,0.9891133626302083,1.0101765950520833,0,idle,304.6804318863168,140.95808339623068,319.8328354497982,120.74741747680238,0.04,0.045
1791317207.223519,315.1122293278025,122.04123589761781,-320.73612668570615,-130.96118122099568,-3.892191970000498,3.3788038751806964,0.9891133626302083,1.0101765950520833,0.9891133626302083,1.0101765950520833,0,idle,326.18368581931503,100.43172552010896,316.45279559677357,122.94149656038937,0.04,0.045
1791317207.240361,311.4279987219668,125.6538527850318,-324.64850591858476,-134.43769797962082,-3.6842306058356944,3.6126168874139912,0.9891133626302083,1.0101765950520833,0.9891133626302083,1.0101765950520833,0,idle,322.77677539992015,140.51923558502173,313.268975511387,127.25236955466428,0.04,0.045
1791317207.257161,307.9750278984015,129.49563295035446,-328.650594269384,-138.05097113029754,-3.4529708235653214,3.841780165322655,0.9891133626302083,1.0101765950520833,0.9891133626302083,1.0101765950520833,0,idle,300.95400343141563,131.99008879457858,309.3729046250014,131.13894667371653,0.04,0.045
1791317207.274963,304.77623450278975,133.55859991731117,-332.7314206693134,-141.78647171960466,-3.198793395611763,4.0629669669567186,0.9891133626302083,1.0101765950520833,0.9891133626302083,1.0101765950520833,0,idle,296.95565104847805,140.40914021569495,305.7131882203441,135.46227496942433,0.04,0.045
1791317207.291757,301.85384236977296,137.83157525295542,-336.881400714731,-145.6308227600376,-2.9223921330167584,4.27297533564424,0.9891133626302083,1.0101765950520833,0.9891133626302083,1.0101765950520833,0,idle,314.48875639934647,152.51074906877153,303.37569410292826,140.37402524325373,0.04,0.045
1791317207.308604,299.229081384179,142.30033703076845,-341.09218655399997,-149.57183200506674,-2.6247609855939666,4.468761777813018,0.9891133626302083,1.0101765950520833,0.9891133626302083,1.0101765950520833,0,idle,312.96724764536174,133.5075609820526,301.36174884373565,144.27602571911603,0.04,0.045
1791317207.325582,296.9219042858562,146.94780628223083,-345.35652473460397,-153.59848345679865,-2.307177098322791,4.647469251462369,0.9891133626302083,1.0101765950520833,0.9891133626302083,1.0101765950520833,0,idle,298.3176169057854,156.83233730809124,299.0177240034315,149.31893708745406,0.04,0.045
1791317207.341641,294.9507234679855,151.75425652004378,-349.6681245086596,-157.7008988608669,-1.971180817870704,4.806450237812942,0.9891133626302083,1.0101765950520833,0.9891133626302083,1.0101765950520833,0,idle,290.78242259417664,144.92607848956553,296.7333371559916,153.66542188348194,0.04,0.045
1791317207.3600152,293.3321699799984,156.69754209225948,-354.0215377929257,-161.87027832831365,-1.618553487987072,4.943285572215706,0.9891133626302083,1.0101765950520833,0.9891133626302083,1.0101765950520833,0,idle,297.4659517893912,151.9056267999816,295.23234207407387,158.27355342291185,0.04,0.045
1791317207.375139,292.0808762618651,161.75334171046703,-358.41205110099304,-166.09882742767132,-1.2512937181333073,5.055799618207536,0.9891133626302083,1.0101765950520833,0.9891133626302083,1.0101765950520833,0,idle,286.13413298251857,165.19739807894203,293.5887025872695,163.4227552930105,0.04,0.045
1791317207.393056,291.2092835944931,166.8954139917641,-362.83558919236344,-170.37967655536383,-0.8715926673719748,5.142072281297066,0.9891133626302083,1.0101765950520833,0.9891133626302083,1.0101765950520833,0,idle,299.1467098043511,162.67426429654776,293.03858991412017,168.27029941041957,0.04,0.045
1791317207.409815,290.72747483307427,172.09586226929775,-367.28862982778634,-174.7067970815668,-0.48180876141886614,5.20044827753367,0.9891133626302083,1.0101765950520833,0.9891133626302083,1.0101765950520833,0,idle,309.7911354024598,157.185231968389,293.41849886518924,172.656471901975,0.04,0.045
1791317207.425966,290.64303267565265,177.3254062663804,-371.7681288176786,-179.0749176571505,-0.08444215742164479,5.229543997082646,0.9891133626302083,1.0101765950520833,0.9891133626302083,1.0101765950520833,0,idle,279.09087185582655,191.98048871693527,292.62189746517055,178.59073953995156,0.04,0.045
1791317207.443551,290.953251899663,182.55587327485696,-375.9352030964275,176.60576106795585,0.3102192240103073,5.230467008476562,0.7497945149739583,1.0101765950520833,0.7497945149739583,1.0101765950520833,0,idle,291.7337238212497,183.51482868598612,292.87219704578433,183.805887655306,0.04,0.045
1791317207.4600918,291.62811250521685,187.76840332021172,-378.9254498100088,172.6230131683835,0.6748606055538676,5.212530045354762,0.003029378255208333,1.0101765950520833,0.003029378255208333,1.0101765950520833,0,idle,294.4491958877756,178.88883847778916,293.59216456316005,188.51193873951718,0.04,0.045
1791317207.477657,292.62561781727226,192.95249249106732,-381.08032966051053,169.10845032760153,0.9975053120554329,5.184089170855604,-0.010642496744791667,1.0101765950520833,-0.010642496744791667,1.0101765950520833,0,idle,289.07810757766526,181.39240314821393,294.31409176033793,193.08084667226484,0.04,0.045
1791317207.494092,293.90057490470883,198.10390910133435,-382.63657159626575,166.09884336447277,1.2749570874365497,5.151416610267042,-0.010642496744791667,1.0101765950520833,-0.010642496744791667,1.0101765950520833,0,idle,269.60970593629804,198.44828567661892,294.29008170220067,198.24306440223623,0.04,0.045
1791317207.511544,295.4093845738454,203.22263574824885,-383.7617165211652,163.57644956215302,1.508809669136528,5.118726646914509,-0.010642496744791667,1.0101765950520833,-0.010642496744791667,1.0101765950520833,0,idle,294.2507103936742,227.43372473810504,295.72148232245405,204.56538773359844,0.04,0.045
1791317207.527953,297.11242767533463,208.31120862685958,-384.5756323802474,161.4956415238837,1.703043101489267,5.088572878610719,-0.010642496744791667,1.0101765950520833,-0.010642496744791667,1.0101765950520833,0,idle,297.3757168554171,232.90343126477237,297.42208499551697,210.81643414483733,0.04,0.045
1791317207.5453959,298.9750313609138,213.37350880377423,-385.16456708008127,159.7996024284805,1.8626036855791621,5.062300176914642,-0.010642496744791667,1.0101765950520833,-0.010642496744791667,1.0101765950520833,0,idle,285.30659116462846,200.0575811333533,298.5857838052728,215.08767666233206,0.04,0.045
1791317207.562834,300.96762398019587,218.41394482949812,-385.5907612384756,158.4300484974805,1.9925926192820433,5.04043602572389,-0.010642496744791667,1.0101765950520833,-0.010642496744791667,1.0101765950520833,0,idle,298.82972493157683,221.43560312108684,300.49094384990593,220.19348720970748,0.04,0.045
1791317207.5793102,303.065452619993,223.43693672952656,-385.8991989411475,157.3323778069241,2.0978286397971098,5.0229919000284555,-0.010642496744791667,1.0101765950520833,-0.010642496744791667,1.0101765950520833,0,idle,297.13237792419585,209.8973043232517,302.3159527614277,224.4505203704117,0.04,0.045
1791317207.5967638,305.24808990302176,228.44661623805118,-386.12241732794155,156.45801279332917,2.1826372830287744,5.009679508524618,-0.010642496744791667,1.0101765950520833,-0.010642496744791667,1.0101765950520833,0,idle,332.9791477077263,224.83246066799234,305.92261792761997,229.2288129183891,0.04,0.045
1791317207.613258,307.4988641324919,233.4466740623089,-386.2839596334244,155.76512515257943,2.2507742294701343,5.000057824257717,-0.010642496744791667,1.0101765950520833,-0.010642496744791667,1.0101765950520833,0,idle,313.0239483430996,242.72918237754536,308.4159199663906,234.65388632439175,0.04,0.045
1791317207.630809,309.80428904392545,238.44030223093145,-386.40086434413854,155.2184896913097,2.305424911433562,4.993628168622568,-0.010642496744791667,1.0101765950520833,-0.010642496744791667,1.0101765950520833,0,idle,310.21162056153264,239.16940556545097,310.69585866200964,239.62360904663615,0.04,0.045
1791317207.6476831,312.1535336483084,243.43019454139636,-386.48546330955867,154.7889126721696,2.3492446043829096,4.989892310464924,-0.010642496744791667,1.0101765950520833,-0.010642496744791667,1.0101765950520833,0,idle,301.7623914112813,254.19777704214746,312.480967673637,245.0927151413534,0.04,0.045
1791317207.664257,314.5379508942203,248.41857984619986,-386.5466820596172,154.45248957987238,2.384417245911878,4.9883853048035,-0.010642496744791667,1.0101765950520833,-0.010642496744791667,1.0101765950520833,0,idle,340.6175536367842,267.7586457193898,316.1529933554107,250.96497770981856,0.04,0.045
1791317207.681729,316.95067101216836,253.40727157748287,-386.59098064934636,154.18983197617274,2.4127201179480755,4.988691731283024,-0.010642496744791667,1.0101765950520833,-0.010642496744791667,1.0101765950520833,0,idle,325.7197006642572,240.61399920668916,318.9234128329037,255.18668592938096,0.04,0.045
1791317207.698024,319.38625813893987,258.3977230478326,-386.6230345852442,153.98533551582423,2.4355871267715186,4.990451470349688,-0.010642496744791667,1.0101765950520833,-0.010642496744791667,1.0101765950520833,0,idle,311.0782075640094,259.1519116365127,320.84496033989194,260.12587611156977,0.04,0.045
1791317207.714903,321.8404250348697,263.3910822730667,-386.64622769559156,153.82652245308483,2.4541668959298844,4.993359225234068,-0.010642496744791667,1.0101765950520833,-0.010642496744791667,1.0101765950520833,0,idle,299.6628865738177,267.50380082369736,322.1173152027216,265.2384636111485,0.04,0.045
1791317207.731808,324.3097990414532,268.3882428605316,-386.6630088956885,153.70347027068894,2.469374006583476,4.997160587464901,-0.010642496744791667,1.0101765950520833,-0.010642496744791667,1.0101765950520833,0,idle,314.09930976146774,292.3050087141252,324.0623202369132,271.33909342438903,0.04,0.045
1791317207.748756,326.7917320108444,273.38988930726833,-386.6751504333611,153.60832630686497,2.4819329693912127,5.0016464467367445,-0.010642496744791667,1.0101765950520833,-0.010642496744791667,1.0101765950520833,0,idle,330.4322193783805,294.8095904021504,326.7386515149082,277.264182397677,0.04,0.045
1791317207.7653608,329.2841472219157,278.3965361675278,-386.6839348171241,153.5349022575408,2.492415211071331,5.006646860259498,-0.010642496744791667,1.0101765950520833,-0.010642496744791667,1.0101765950520833,0,idle,319.1955688520418,281.0410880729532,328.7292918322826,282.20934219868735,0.04,0.045
1791317207.782424,331.7854169366454,283.40856120429186,-386.690290118146,153.4783397438696,2.501269714729676,5.012025036764033,-0.010642496744791667,1.0101765950520833,-0.010642496744791667,1.0101765950520833,0,idle,323.1988076586983,288.83362824733354,330.8289738525966,287.3019802860455,0.04,0.045
1791317207.7985952,334.2942650369074,288.4262329939811,-386.69488790093936,153.4348373260761,2.5088481002620067,5.017671789689237,-0.010642496744791667,1.0101765950520833,-0.010642496744791667,1.0101765950520833,0,idle,332.7543610086488,294.10808799991815,333.30864890564817,292.4090738719439,0.04,0.045
1791317207.81567,336.80968999280464,293.4497336172995,-386.69821410242724,153.40142956817985,2.5154249558972293,5.023500623318423,-0.010642496744791667,1.0101765950520833,-0.010642496744791667,1.0101765950520833,0,idle,340.80964144610596,283.39576465336484,336.07335224077343,296.7307340031674,0.04,0.045
1791317207.832124,339.3309041818315,298.4791771164139,-386.70062033004973,153.37580951351373,2.521214189026848,5.029443499114416,-0.010642496744791667,1.0101765950520833,-0.010642496744791667,1.0101765950520833,0,idle,340.65917165027287,294.89937736156384,338.6977966908239,301.4171374952459,0.04,0.045
1791317207.848154,341.85728626983354,303.5146243784993,-386.7023609869732,153.3561869216553,2.5263820880020234,5.035447262085445,-0.010642496744791667,1.0101765950520833,-0.010642496744791667,1.0101765950520833,0,idle,335.8995791277289,322.7593700266648,340.95794879627107,307.26792402079803,0.04,0.045
1791317207.865716,344.3883439671245,308.55609504981226,-386.70362013919595,153.34117567036014,2.5310576972909637,5.041470671312957,-0.010642496744791667,1.0101765950520833,-0.010642496744791667,1.0101765950520833,0,idle,339.6294428411267,302.55170682410323,343.2960283109403,311.82151029871056,0.04,0.045
1791317207.882205,346.92368498546944,313.60357701278605,-386.70453095829157,153.3297047437657,2.5353410183449308,5.047481962973765,-0.010642496744791667,1.0101765950520833,-0.010642496744791667,1.0101765950520833,0,idle,346.2730904556797,324.67826469589596,345.85345538560495,317.25945588339493,0.04,0.045
1791317207.899903,349.4629944497653,318.6570338831915,-386.7051897909256,153.32094815947633,2.539309464295829,5.053456870405467,-0.010642496744791667,1.0101765950520833,-0.010642496744791667,1.0101765950520833,0,idle,358.9775498634598,326.21804486336464,348.92200410057876,322.5081693592786,0.04,0.045
1791317207.9164538,352.0060173711224,323.71641091202224,-386.705666339755,153.31427000958266,2.543022921357135,5.059377028830745,-0.010642496744791667,1.0101765950520833,-0.010642496744791667,1.0101765950520833,0,idle,346.96544607149286,319.0238981187646,351.24004797441376,327.1403639746421,0.04,0.045
1791317207.932992,354.552545075734,328.78163961098915,-386.70601103022534,153.30918149876356,2.5465277046115666,5.06522869896692,-0.010642496744791667,1.0101765950520833,-0.010642496744791667,1.0101765950520833,0,idle,357.7158370369715,328.47045421313527,353.9830387469226,332.01883575058537,0.04,0.045
1791317207.9506292,357.1024047163725,333.85264136283564,-386.70626034093965,153.3053074607558,2.549859640638545,5.071001751846497,-0.010642496744791667,1.0101765950520833,-0.010642496744791667,1.0101765950520833,0,idle,354.40582658761156,334.6642293469487,356.4265447975637,336.9685570946577,0.04,0.045
1791317207.9671302,359.65545117979076,338.9293302283704,-386.70644066041376,153.30236033224526,2.553046463418263,5.076688865534761,-0.010642496744791667,1.0101765950520833,-0.010642496744791667,1.0101765950520833,0,idle,344.55054413481184,328.1581470803941,358.2581389046734,341.3508910162025,0.04,0.045
1791317207.984478,362.21156085189864,344.0116151207329,-386.7065710775214,153.30011997253087,2.556109672107886,5.082284892362497,-0.010642496744791667,1.0101765950520833,-0.010642496744791667,1.0101765950520833,0,idle,341.65953535348876,351.68536579986,359.85651291561663,346.6957854031298,0.04,0.045
1791317208.001893,364.7706268203901,349.0994014831808,-386.70666540038013,153.29841805053556,2.5590659684914634,5.087786362447918,-0.010642496744791667,1.0101765950520833,-0.010642496744791667,1.0101765950520833,0,idle,347.1119775685294,337.49132422396997,361.65039881832917,351.0689593884973,0.04,0.045
1791317208.018317,367.3325551874508,354.19259257870607,-386.7067336169713,153.2971259897873,2.561928367060722,5.093191095525227,-0.010642496744791667,1.0101765950520833,-0.010642496744791667,1.0101765950520833,0,idle,371.1279814295991,342.05899633220474,364.55810989760033,355.45699277643166,0.04,0.045
1791317208.03574,369.89726223823357,359.2910904771217,-386.70678295183643,153.29614567769048,2.5647070507827827,5.098497898415626,-0.010642496744791667,1.0101765950520833,-0.010642496744791667,1.0101765950520833,0,idle,377.8458185335019,364.2353302726253,367.65896702763905,360.7394826547362,0.04,0.045
1791317208.052215,372.46467226799973,364.3947968070484,-386.70681863053056,153.29540231728916,2.5674100297661515,5.103706329926711,-0.010642496744791667,1.0101765950520833,-0.010642496744791667,1.0101765950520833,0,idle,387.7909328217985,344.50530394604084,371.10460484562486,364.7762947327318,0.04,0.045
1791317208.069744,375.03471591548646,369.50361332568673,-386.70684443264065,153.29483893596472,2.5700436474867105,5.108816518638311,-0.010642496744791667,1.0101765950520833,-0.010642496744791667,1.0101765950520833,0,idle,362.9485436906667,360.23359649612587,373.13834325298933,369.4025355136079,0.04,0.045
1791317208.086261,377.607328884827,374.6174423477163,-386.70686309183793,153.2944121730077,2.572612969340521,5.113829022029583,-0.010642496744791667,1.0101765950520833,-0.010642496744791667,1.0101765950520833,0,idle,365.55028620426015,351.02651439144597,375.2029227214264,373.34187202842793,0.04,0.045
1791317208.1028821,380.18245096534616,379.7361870655418,-386.70687658526714,153.29408905247223,2.575122080519166,5.1187447178254954,-0.010642496744791667,1.0101765950520833,-0.010642496744791667,1.0101765950520833,0,idle,386.445481179513,375.1656678541731,378.2114166208239,378.2958693016494,0.04,0.045
1791317208.120502,382.76002527946764,384.85975178592776,-386.70688634287905,153.29384451386147,2.577574314121495,5.123564720385967,-0.010642496744791667,1.0101765950520833,-0.010642496744791667,1.0101765950520833,0,idle,370.5287945923372,385.8519692891493,380.275981117815,383.5410607853911,0.04,0.045
1791317208.137707,385.33999770513816,389.98804210243975,-386.70689339884945,153.29365952480902,2.5799724256705066,5.128290316512011,-0.010642496744791667,1.0101765950520833,-0.010642496744791667,1.0101765950520833,0,idle,397.5504871309018,389.786221202828,383.5906802228563,388.72519460694934,0.04,0.045
1791317208.154804,387.92231643165024,395.12096501871343,-386.7068985011042,153.29351964009217,2.5823187265120744,5.132922916273671,-0.010642496744791667,1.0101765950520833,-0.010642496744791667,1.0101765950520833,0,idle,396.7826989410131,377.3146761088907,386.70348394895063,393.0309454525064,0.04,0.045
1791317208.17166,390.506931617357,400.2584290341492,-386.7069021905393,153.29341390249292,2.5846151857067614,5.1374640154357545,-0.010642496744791667,1.0101765950520833,-0.010642496744791667,1.0101765950520833,0,idle,404.8656390208558,420.48458709339724,390.0669761289673,399.2842183492149,0.04,0.045
1791317208.1878872,393.0937951251639,405.4003442009702,-386.70690485832,153.29333400516822,2.58686350780691,5.14191516682105,-0.010642496744791667,1.0101765950520833,-0.010642496744791667,1.0101765950520833,0,idle,393.5424405237211,425.2365094461334,392.6982696811216,405.4666523125408,0.04,0.045
1791317208.204855,395.6828603173602,410.5466221595191,-386.70690678732365,153.29327365384955,2.5890651921963266,5.146277958548881,-0.010642496744791667,1.0101765950520833,-0.010642496744791667,1.0101765950520833,0,idle,412.17712723504775,415.0308287455509,396.13182449140436,410.83382519481273,0.04,0.045
1791317208.2216551,398.2740818957072,415.69717615707305,-386.7069081821136,153.29322808158278,2.5912215783469543,5.15055399755396,-0.010642496744791667,1.0101765950520833,-0.010642496744791667,1.0101765950520833,0,idle,399.64158474545815,416.3201257049813,398.76897300353664,416.00116651799743,0.04,0.045
1791317208.238566,400.86741577603544,420.85192105422726,-386.7069091906174,153.2931936797981,2.5933338803282346,5.154744897154232,-0.010642496744791667,1.0101765950520833,-0.010642496744791667,1.0101765950520833,0,idle,413.5569616624831,435.3339703255749,401.9720396227958,421.8648143606728,0.04,0.045
1791317208.255548,403.462818989157,426.0107733219461,-386.7069099198053,153.29316771801666,2.5954032131215063,5.158852267718805,-0.010642496744791667,1.0101765950520833,-0.010642496744791667,1.0101765950520833,0,idle,415.00194146188505,443.0425068532783,405.0891677672157,427.824608639636,0.04,0.045
1791317208.272556,406.0602496018474,431.17365103165207,-386.70691044702863,153.29314813103693,2.59743061269038,5.16287770970598,-0.010642496744791667,1.0101765950520833,-0.010642496744791667,1.0101765950520833,0,idle,422.9497934284012,425.8602856713344,408.4497581323309,432.6311263154416,0.04,0.045
1791317208.2892191,408.65966665314426,436.34047384016264,-386.70691082822015,153.2931333574534,2.5994170512968555,5.166822808510581,-0.010642496744791667,1.0101765950520833,-0.010642496744791667,1.0101765950520833,0,idle,418.02571476047245,450.8262257552462,411.39800216247,438.44936295551685,0.04,0.045
1791317208.306794,411.26103010234397,441.51116297085304,-386.70691110382404,153.29312221719675,2.601363449199735,5.1706891306903975,-0.010642496744791667,1.0101765950520833,-0.010642496744791667,1.0101765950520833,0,steering,407.1308772705901,453.3465597123498,413.6559411946157,444.1063774675144,0.04,0.045
1791317208.323277,413.86302559733605,446.6769601359634,-386.81659608973797,153.26575073970716,2.601995494992087,5.165797165110331,-0.010642496744791667,1.0101765950520833,1.0,0.0,1,steering,404.1077123235929,462.81475053281235,415.650425471307,449.9493034276341,0.04,0.045
1791317208.340783,416.4678000412857,451.823100725626,-387.18806520355014,153.15325672906684,2.604774443949696,5.14614058966259,-0.010642496744791667,1.0101765950520833,1.0,0.0,1,steering,401.02923223227845,461.83624115519507,417.39390153110776,455.43248387419163,0.04,0.045
1791317208.3573,419.08227198517966,456.9310397309938,-387.8975806420366,152.89460007629677,2.614471943893959,5.107939005367807,-0.010642496744791667,1.0101765950520833,1.0,0.0,1,steering,407.6594737717578,454.88423974092615,419.3909284898395,460.2576137226278,0.04,0.045
1791317208.374919,421.71756983548636,461.98016148028626,-388.97130289709725,152.4385062012627,2.635297850306689,5.049121749292468,-0.010642496744791667,1.0101765950520833,1.0,0.0,1,steering,419.07409899430667,445.86623402046837,421.8786199728542,464.33471039934767,0.04,0.045
1791317208.391681,424.3876276349086,466.9490032274047,-390.40392598747167,151.74818524067754,2.6700577994222314,4.968841747118488,-0.010642496744791667,1.0101765950520833,1.0,0.0,1,steering,400.36095745832483,474.7126574687282,423.33929175657886,469.57400741257925,0.04,0.045
1791317208.408146,427.10756400502953,471.81608910582946,-392.1715881906264,150.801668369358,2.719936370120955,4.867085878424749,-0.010642496744791667,1.0101765950520833,1.0,0.0,1,steering,412.41469390901136,483.44810010282316,425.37700141581536,474.89144363159494,0.04,0.045
1791317208.4255419,429.8921872061438,476.5604879359049,-394.2405297335374,149.59011007026805,2.784623201114222,4.744398830075472,-0.010642496744791667,1.0101765950520833,1.0,0.0,1,steering,439.11169444011534,478.74744405830546,428.70912810808886,479.59142254150214,0.04,0.045
1791317208.442084,432.7547865567951,481.1621935289122,-396.57273579065725,148.1153492721828,2.8625993506513545,4.601705593007271,-0.010642496744791667,1.0101765950520833,1.0,0.0,1,steering,434.95088614566134,467.5065719897375,431.74068539308627,483.35880032727084,0.04,0.045
1791317208.4597619,435.706260443399,485.60239892434026,-399.1295016340412,146.38739296043062,2.9514738866039045,4.440205395428041,-0.010642496744791667,1.0101765950520833,1.0,0.0,1,steering,415.39312281503874,476.1796770893129,433.72720745645756,487.2180392910296,0.04,0.045
1791317208.476862,438.75456989415926,489.8637088806092,-401.8735915565018,144.42213015833232,3.0483094507602564,4.261309956268901,-0.010642496744791667,1.0101765950520833,1.0,0.0,1,steering,454.42883559311724,489.3431895805663,437.65818284151277,491.37254126396186,0.04,0.045
1791317208.493669,441.9044762158124,493.9303136109749,-404.77045987125405,142.2393915066412,3.1499063216531082,4.066604730365718,-0.010642496744791667,1.0101765950520833,1.0,0.0,1,steering,430.01006363129085,494.37693862274807,440.26818788657215,495.3860356257486,0.04,0.045
1791317208.5105212,445.157509189493,497.7881325568166,-407.78885593820615,139.86137127478855,3.2530329736806136,3.857818945841693,-0.010642496744791667,1.0101765950520833,1.0,0.0,1,steering,441.79857957632305,500.69030100854116,443.4350887960563,499.31617689343784,0.04,0.045
1791317208.5274408,448.5121108536514,501.424929065367,-410.9010328743235,137.3113833931311,3.3546016641583747,3.63679650855038,-0.010642496744791667,1.0101765950520833,1.0,0.0,1,steering,441.3210387830604,495.5463369042623,446.516257876357,502.5826415771019,0.04,0.045
1791317208.543243,451.9639040476682,504.83039354515034,-414.0827089780857,134.6129065677082,3.451793194016834,3.405464479783352,-0.010642496744791667,1.0101765950520833,1.0,0.0,1,steering,441.53628590060606,499.5277366560871,449.5464628118854,505.66508758684535,0.04,0.045
1791317208.560448,455.50604168731127,507.99619233752134,-417.3128823055492,131.788871373591,3.5421376396430477,3.16579879237099,-0.010642496744791667,1.0101765950520833,1.0,0.0,1,steering,452.6967669116895,504.9317240043786,453.06900877453654,508.63592826047443,0.04,0.045
1791317208.577014,459.12960045125647,510.915980796259,-420.57356540283513,128.8611462633549,3.6235587639451943,2.919788458737675,-0.010642496744791667,1.0101765950520833,1.0,0.0,1,steering,464.2946129799351,509.28448903294503,457.07266981055443,511.44215533489876,0.04,0.045
1791317208.593708,462.8239901822727,513.5853809293097,-423.84948419167836,125.85018534458997,3.6943897310162312,2.6694001330507224,-0.010642496744791667,1.0101765950520833,1.0,0.0,1,steering,461.1602491519368,509.1685619670585,460.786719022089,513.864405792905,0.04,0.045
1791317208.6099179,466.5773573074585,516.0019258079664,-427.1277691960521,122.77480655087302,3.753367125185784,2.4165448786566204,-0.010642496744791667,1.0101765950520833,1.0,0.0,1,steering,458.2699249045636,503.99731705955355,464.22657808513924,515.6667689909613,0.04,0.045
1791317208.626425,470.3769666964955,518.1649744534567,-430.39765648809225,119.6520737363624,3.799609389037024,2.1630486454903504,-0.010642496744791667,1.0101765950520833,1.0,0.0,1,steering,456.77166802671945,527.5591436147316,467.4634615018034,518.3162839353656,0.04,0.045
1791317208.6431339,474.2095515123079,520.0756019338156,-433.65020840616216,116.49726020689502,3.8325848158123628,1.9106274803588918,-0.010642496744791667,1.0101765950520833,1.0,0.0,1,idle,487.7265334589677,524.5529404675226,472.11757067468335,520.4432128683145,0.04,0.045
1791317208.6598558,478.0586780643665,521.7527890084938,-435.93363671001225,113.54429116722673,3.8491265520586464,1.6771870746781556,-0.010642496744791667,1.0101765950520833,-0.010642496744791667,1.0101765950520833,0,idle,483.12464631458755,539.1310793238702,476.3245946811343,522.9709339120366,0.04,0.045
1791317208.676318,481.90981128693875,523.2236261353345,-437.54705743997926,110.90301685904025,3.851133222572239,1.470837126840721,-0.010642496744791667,1.0101765950520833,-0.010642496744791667,1.0101765950520833,0,idle,478.3171967829975,506.80707510234873,480.0828013476711,523.5600362420508,0.04,0.045
1791317208.693417,485.7520840959887,524.5174972453855,-438.6924535327273,108.61076142192354,3.842272809049989,1.2938711100509483,-0.010642496744791667,1.0101765950520833,-0.010642496744791667,1.0101765950520833,0,idle,505.68243280383825,524.7972144965311,485.0129420890769,524.8510727093233,0.04,0.045
1791317208.709985,489.57852394492676,525.6628485293543,-439.5087000314505,106.66378622023947,3.826439848938055,1.1453512839688424,-0.010642496744791667,1.0101765950520833,-0.010642496744791667,1.0101765950520833,0,idle,496.03953207470505,511.2115588259775,489.19938944484943,525.2571807349264,0.04,0.045
1791317208.727357,493.38561275326146,526.6855697405539,-440.09229512848896,105.03671027107072,3.807088808334705,1.0227212111996622,-0.010642496744791667,1.0101765950520833,-0.010642496744791667,1.0101765950520833,0,idle,498.8830166181312,531.8099030986485,493.3003051714315,526.556402003752,0.04,0.045
1791317208.744319,497.17261508425173,527.6083414879402,-440.51076112311426,103.69428877507791,3.7870023309902856,0.9227717473862719,-0.010642496744791667,1.0101765950520833,-0.010642496744791667,1.0101765950520833,0,idle,490.10636836833334,524.5503794470749,496.73826054571737,527.3327340359351,0.04,0.045
1791317208.761822,500.9408836168789,528.450533487605,-440.8115954944689,102.59832288471658,3.768268532627207,0.8421919996647653,-0.010642496744791667,1.0101765950520833,-0.010642496744791667,1.0101765950520833,0,idle,491.4463662128222,523.4621861192921,500.05352093506843,527.9392890397845,0.04,0.045
1791317208.7783198,504.69323480643834,529.2283953425166,-441.0283585916058,101.71152639540627,3.752351189559441,0.7778618549115967,-0.010642496744791667,1.0101765950520833,-0.010642496744791667,1.0101765950520833,0,idle,496.0777979596446,524.3588593005386,503.41946841637866,528.4992363149883,0.04,0.045
1791317208.7949288,508.4334283945929,529.9553838813703,-441.18485784369364,100.99953580308157,3.7401935881545736,0.7269885388537306,-0.010642496744791667,1.0101765950520833,-0.010642496744791667,1.0101765950520833,0,idle,503.90620254347056,525.0490004458095,506.9969890314801,529.0173636334403,0.04,0.045
1791317208.812534,512.1657550999988,530.6425363906218,-441.2980438667933,100.4318130807754,3.7323267054058626,0.6871525092514936,-0.010642496744791667,1.0101765950520833,-0.010642496744791667,1.0101765950520833,0,idle,536.2667767011446,530.8448358400893,512.0061887850989,529.7615321275616,0.04,0.045
1791317208.829331,515.8947232730909,531.2988397230215,-441.38002591993904,99.98190282013809,3.7289681730920754,0.6563033323997065,-0.010642496744791667,1.0101765950520833,-0.010642496744791667,1.0101765950520833,0,idle,506.16475106473246,521.8777683789173,515.2566366635181,529.9908321059091,0.04,0.045
1791317208.8468769,519.6248300244197,531.9315699559213,-441.4394812133003,99.62732398259863,3.730106751328817,0.6327302328997977,-0.010642496744791667,1.0101765950520833,-0.010642496744791667,1.0101765950520833,0,idle,534.1687912109669,523.5762441029307,519.7458458046528,530.2711964270151,0.04,0.045
1791317208.8636658,523.360401292459,532.5465918370692,-441.4826448056585,99.34926571399757,3.7355712680392994,0.6150218811479229,-0.010642496744791667,1.0101765950520833,-0.010642496744791667,1.0101765950520833,0,idle,540.8582382229652,526.7571193042859,524.3502581302058,530.6797633579691,0.04,0.045
1791317208.880391,527.105486315371,533.1486155136255,-441.5140079187374,99.13219000426106,3.7450850229120194,0.602023676556318,-0.010642496744791667,1.0101765950520833,-0.010642496744791667,1.0101765950520833,0,idle,530.1229223234931,536.816908256741,528.1967221116366,531.5585430956362,0.04,0.045
1791317208.897563,530.8637938321709,533.741412445873,-441.53681260077695,98.96340367446139,3.7583075167999604,0.5927969322475511,-0.010642496744791667,1.0101765950520833,-0.010642496744791667,1.0101765950520833,0,idle,531.8095696882817,535.4656098518349,531.9477566314289,532.3170535190814,0.04,0.045
1791317208.91467,534.6386594388342,534.3279945133253,-441.55340350421363,98.83263728737326,3.7748656066632895,0.5865820674522912,-0.010642496744791667,1.0101765950520833,-0.010642496744791667,1.0101765950520833,0,idle,544.6244849110321,531.9092012601235,536.1677153717392,532.8539138702131,0.04,0.045
1791317208.931505,538.4330355497385,534.9107610959113,-441.56547896146805,98.73165273970095,3.7943761109043512,0.5827665825860032,-0.010642496744791667,1.0101765950520833,-0.010642496744791667,1.0101765950520833,0,idle,534.0666839927425,545.8260403272662,539.6673211081484,534.0561484465225,0.04,0.045
1791317208.948528,542.2494972210069,535.4916189511537,-441.5742707814596,98.65389095199312,3.816461671268424,0.5808578552423296,-0.010642496744791667,1.0101765950520833,-0.010642496744791667,1.0101765950520833,0,idle,531.1457632442388,539.1685694771297,542.8668818026579,534.863584460533,0.04,0.045
1791317208.9656498,546.090258629578,536.0720793681613,-441.58067338622294,98.59416425837945,3.8407614085710513,0.5804604170076804,-0.010642496744791667,1.0101765950520833,-0.010642496744791667,1.0101765950520833,0,idle,528.1496646545386,531.0569684958913,545.7797442833944,535.2246910584582,0.04,0.045
1791317208.982697,549.9571962689199,536.6533365717667,-441.5853368056349,98.54839368146153,3.8669376393419834,0.5812572036053524,-0.010642496744791667,1.0101765950520833,-0.010642496744791667,1.0101765950520833,0,idle,554.9223152878889,530.58802378834,549.9104635909939,535.5450520383774,0.04,0.045
1791317208.999653,553.8518759418565,537.2363307952091,-441.588733798699,98.5133885511735,3.8946796729366286,0.5829942234424543,-0.010642496744791667,1.0101765950520833,-0.010642496744791667,1.0101765950520833,0,idle,521.2681248741272,530.770379407267,552.1782923444404,535.8601629190923,0.04,0.045
1791317209.016495,557.7755814354368,537.8217989020594,-441.5912083952467,98.48666440232701,3.923705493580263,0.5854681068502221,-0.010642496744791667,1.0101765950520833,-0.010642496744791667,1.0101765950520833,0,idle,553.7117994145041,531.8118015927405,555.9824879168449,536.2139395542824,0.04,0.045
1791317209.033612,561.7293433867676,538.4103149492462,-441.5930110594842,98.46629440148553,3.9537619513308186,0.5885160471867901,-0.010642496744791667,1.0101765950520833,-0.010642496744791667,1.0101765950520833,0,idle,579.9345087166184,529.8783566537376,560.9361628105979,536.4562506540826,0.04,0.045
1791317209.050339,565.7139673250385,539.0023226555942,-441.5943241979415,98.45078943280403,3.984623938270886,0.5920077063479638,-0.010642496744791667,1.0101765950520833,-0.010642496744791667,1.0101765950520833,0,idle,551.2688930520221,532.6328125238335,564.2381920640264,536.8274860686008,0.04,0.045
1791317209.067338,569.7300602327862,539.5981613760055,-441.59528068448213,98.43900220462616,4.016092907747689,0.5958387204112237,-0.010642496744791667,1.0101765950520833,-0.010642496744791667,1.0101765950520833,0,idle,579.9231389800702,535.3124716404704,568.8377276721889,537.317782131585,0.04,0.045
1791317209.084237,573.7780552337193,540.1980868765396,-441.5959773266206,98.43005116979218,4.047995000933101,0.5999255005341316,-0.010642496744791667,1.0101765950520833,-0.010642496744791667,1.0101765950520833,0,idle,558.7603438533075,543.5484621227833,572.1794537321313,538.1992453566523,0.04,0.045
1791317209.101454,577.8582342058867,540.8022879538107,-441.59648466191663,98.42326057458912,4.080178972167394,0.6042010772711471,-0.010642496744791667,1.0101765950520833,-0.010642496744791667,1.0101765950520833,0,idle,579.6771277518951,541.6796617100529,576.4305074566785,538.9472571977299,0.04,0.045
1791317209.1182442,581.970748254515,541.4108997361332,-441.5968540888242,98.41811349239458,4.112514048628271,0.6086117823224872,-0.010642496744791667,1.0101765950520833,-0.010642496744791667,1.0101765950520833,0,idle,578.5774848353659,537.6102728919626,580.4447446718098,539.4585891756478,0.04,0.045
1791317209.1357281,586.1156360719838,542.0240143366228,-441.5971230596462,98.41421521430647,4.144887817468751,0.6131146004896122,-0.010642496744791667,1.0101765950520833,-0.010642496744791667,1.0101765950520833,0,idle,588.0649825414232,551.8061939980114,584.7633999918858,540.6584282872312,0.04,0.045
1791317209.1521358,590.2928402738356,542.6416893934866,-441.5973188635312,98.41126483629772,4.177204201851879,0.6176750568637469,-0.010642496744791667,1.0101765950520833,-0.010642496744791667,1.0101765950520833,0,idle,600.0909804799313,548.0734155074579,589.4981230080473,541.6159689522631,0.04,0.045
1791317209.169617,594.5022218377655,543.2639549242826,-441.5974613830057,98.40903329012336,4.209381563929946,0.6222655307960734,-0.010642496744791667,1.0101765950520833,-0.010642496744791667,1.0101765950520833,0,idle,597.4025970926679,559.7811843916109,593.8922591980117,543.1153819784868,0.04,0.045
1791317209.186146,598.7435727936321,543.8908188340976,-441.59756510288463,98.4073464114562,4.241350955866513,0.6268639098149651,-0.010642496744791667,1.0101765950520833,-0.010642496744791667,1.0101765950520833,0,idle,614.2440198455405,544.1804198234933,598.9391306384614,543.7641545850613,0.04,0.045
1791317209.202763,603.01662732159,544.5222713482509,-441.5976405744673,98.40607192678262,4.273054527957878,0.6314525141533145,-0.010642496744791667,1.0101765950520833,-0.010642496744791667,1.0101765950520833,0,idle,609.6051543582705,548.4904572457475,603.5318336260119,544.6003496065413,0.04,0.045
1791317209.2195761,607.3210714161632,545.1582885848871,-441.5976954827576,98.40510947637208,4.304444094573174,0.6360172366361909,-0.010642496744791667,1.0101765950520833,-0.010642496744791667,1.0101765950520833,0,idle,608.3580430751363,543.4861512627257,607.8623659883127,545.1488560641549,0.04,0.045
1791317209.236928,611.6565512692214,545.7988354388596,-441.5977354243328,98.40438298113672,4.3354798530580885,0.6405468539724344,-0.010642496744791667,1.0101765950520833,-0.010642496744791667,1.0101765950520833,0,idle,599.8782896527933,549.2368181349209,611.581868031942,545.961773678967,0.04,0.045
1791317209.2537012,616.0226805164293,546.4438679133765,-441.59776447428493,98.40383481349625,4.366129247207988,0.6450324745169841,-0.010642496744791667,1.0101765950520833,-0.010642496744791667,1.0101765950520833,0,idle,622.6637370236741,530.8447560734994,616.2837842663762,545.8187036494847,0.04,0.045
1791317209.27042,620.4168389305818,547.0930089390616,-441.59778555782725,98.40342197001266,4.394158414152422,0.64914102568517,-0.010642496744791667,0.7542561848958333,-0.010642496744791667,0.7542561848958333,0,steering,625.7705617975133,545.9610084081357,620.9325736363779,546.4425028618182,0.04,0.045
1791317209.287484,624.8296274332904,547.7431274388782,-441.6856734876288,98.38086984756985,4.41278850270858,0.6501184998165346,-0.010642496744791667,0.18330281575520832,1.0,0.0,1,steering,625.2762907230816,537.203058647212,625.3419085682863,546.5981432259136,0.04,0.045
1791317209.30431,629.2491342943166,548.3870978208049,-441.9801036117787,98.2902767756722,4.4195068610262,0.6439703819266925,-0.010642496744791667,0.010420735677083333,1.0,0.0,1,steering,597.1392440682769,559.6782988094897,628.1303068612607,547.8639228679228,0.04,0.045
1791317209.3209732,633.6632615093333,549.0140293312929,-442.540870178446,98.08356424429091,4.414127215016665,0.6269315104880684,-0.010642496744791667,0.010420735677083333,1.0,0.0,1,steering,639.5854205227116,538.8891186511352,632.8964833985991,548.010767592047,0.04,0.045
1791317209.337933,638.0608118343646,549.6102127164033,-443.3885683388194,97.7206151824135,4.397550325031226,0.5961833851103515,-0.010642496744791667,0.010420735677083333,1.0,0.0,1,steering,660.4097478967167,544.740500098528,638.4498194322847,548.413628433226,0.04,0.045
1791317209.354321,642.4318335234101,550.1602947397055,-444.5190540600941,97.1728208147403,4.371021689045477,0.5500820233021539,-0.010642496744791667,0.010420735677083333,1.0,0.0,1,steering,639.2957939122373,564.8453392652962,642.6445887608755,549.7577918969665,0.04,0.045
1791317209.371165,646.767565335518,550.648404996016,-445.913548436751,96.42322914347598,4.335731812107927,0.48811025631054317,-0.010642496744791667,0.010420735677083333,1.0,0.0,1,steering,634.5017856590572,575.8404467029891,646.3563938272872,551.5256293807627,0.04,0.045
1791317209.3880792,651.0602053933145,551.0591046165042,-447.54544917268436,95.46515576039994,4.292640057796496,0.410699620488285,-0.010642496744791667,0.010420735677083333,1.0,0.0,1,steering,678.7173262862277,544.3993455468151,652.0524485051409,551.5594798285291,0.04,0.045
1791317209.4060001,655.302639045084,551.3781137569397,-449.384784408466,94.30025451261734,4.242433651769528,0.3190091404354207,-0.010642496744791667,0.010420735677083333,1.0,0.0,1,steering,654.0543972695581,549.7600813044735,656.1828579125428,551.77256858574,0.04,0.045
1791317209.4229178,659.4881986543405,551.5928217894048,-451.4010316213002,92.93654655502361,4.185559609256523,0.21470803246507275,-0.010642496744791667,0.010420735677083333,1.0,0.0,1,steering,680.6684838905659,546.9268186337251,661.3834208402376,551.7342537189811,0.04,0.045
1791317209.439884,663.6104871480966,551.6926061266196,-453.56482600718215,91.38663394099518,4.122288493756036,0.0997843372148706,-0.010642496744791667,0.010420735677083333,1.0,0.0,1,steering,660.639280044305,549.239173654929,665.2623878695092,551.7042948361326,0.04,0.045
1791317209.4566798,667.6632720065346,551.6689933757807,-455.8489266875535,89.6661812297522,4.052784858438043,-0.02361275083884845,-0.010642496744791667,0.010420735677083333,1.0,0.0,1,steering,670.1905796982269,545.5048035034653,669.3589430764612,551.3718881562023,0.04,0.045
1791317209.4735,671.640442524194,551.5156968519944,-458.2286950936975,87.79267746868668,3.977170517659386,-0.15329652378630382,-0.010642496744791667,0.010420735677083333,1.0,0.0,1,steering,653.3419829411108,559.1215078184268,672.33640706147,551.6137374417166,0.04,0.045
1791317209.49038,675.5360168447808,551.2285613487338,-460.68225949811006,85.78445832501991,3.8955743205867717,-0.28713550326067416,-0.010642496744791667,0.010420735677083333,1.0,0.0,1,steering,670.6228027183188,553.9057414911208,675.9515224488699,551.4555589160892,0.04,0.045
1791317209.5074859,679.3441836244446,550.8054416264162,-463.190483854532,83.65995568339629,3.808166779663773,-0.423119722317648,-0.010642496744791667,0.010420735677083333,1.0,0.0,1,steering,698.70056639926,558.6902937500124,680.70673308707,551.4153319215836,0.04,0.045
1791317209.523917,683.059364191213,550.2460364386795,-465.7368205884857,81.43713953355096,3.7151805667684314,-0.5594051877365958,-0.010642496744791667,0.010420735677083333,1.0,0.0,1,steering,665.78295716685,566.4145089189867,683.489965829489,551.633855843104,0.04,0.045
1791317209.5399811,686.6762833823168,549.5516955794201,-468.30710043648156,79.13311895330486,3.616919191103793,-0.6943408592594456,-0.010642496744791667,0.010420735677083333,1.0,0.0,1,steering,692.1197187585879,537.6064042963727,687.3575267074925,550.272859449471,0.04,0.045
1791317209.557557,690.190039994998,548.7252136049166,-470.8892941585145,76.76387260997215,3.5137566126811484,-0.8264819745035004,-0.010642496744791667,0.010420735677083333,1.0,0.0,1,steering,695.2187414701666,557.222744621098,691.0886562276734,549.8351958322739,0.04,0.045
1791317209.574071,693.5961704736856,547.7706206156463,-473.4732683993439,74.34408311231137,3.406130478687609,-0.9545929892702645,-0.010642496744791667,0.010420735677083333,1.0,0.0,1,steering,707.3381415892796,539.1262014476499,695.1369544505069,548.392882773236,0.04,0.045
1791317209.5915961,696.8907018122063,546.692977753179,-476.05054940248647,71.88705320339015,3.2945313385207644,-1.0776428624673526,-0.010642496744791667,0.010420735677083333,1.0,0.0,1,steering,691.3154182510016,543.6088615137438,698.0756824121263,547.1299209909174,0.04,0.045
1791317209.608133,700.0701915650933,545.4981828312788,-478.6141024809366,69.40468504702834,3.1794897528869996,-1.1947949219002176,-0.010642496744791667,0.010420735677083333,1.0,0.0,1,steering,686.0207423346453,562.0388696969375,700.4934506734949,546.7403132504132,0.04,0.045
1791317209.625749,703.1317543229194,544.1927897197032,-481.15813128096346,66.90750674683116,3.061562757826099,-1.3053931115755675,-0.010642496744791667,0.010420735677083333,1.0,0.0,1,steering,700.919364435663,545.8705190963908,703.423230981538,545.4567000867154,0.04,0.045
1791317209.642443,706.0730750512505,542.7838436756706,-483.6778983512824,64.40473281102136,2.9413207283311533,-1.4089460440325783,-0.010642496744791667,0.010420735677083333,1.0,0.0,1,steering,697.3655009393322,547.3357443548091,705.9145991713423,544.2121535582891,0.04,0.045
1791317209.658962,708.8924103842949,541.2787337156967,-486.1695669346126,61.904347592436686,2.819335333044345,-1.5051099599738367,-0.010642496744791667,0.010420735677083333,1.0,0.0,1,steering,705.452231745792,566.7266815864552,708.5698493664569,543.9080254977222,0.04,0.045
1791317209.676577,711.5885793729122,539.6850622877972,-488.63006293919847,59.41320282054993,2.696168988617364,-1.5936714278995208,-0.010642496744791667,0.010420735677083333,1.0,0.0,1,steering,693.7983131068027,549.7060792210601,710.3926330926607,542.6839403273846,0.04,0.045
1791317209.693312,714.1609453798513,538.0105318941299,-491.05695551773533,56.937122209487924,2.5723660069390952,-1.6745303936673326,-0.010642496744791667,0.010420735677083333,1.0,0.0,1,steering,713.924085439879,535.902078366113,713.0129534166138,540.7540433553371,0.04,0.045
1791317209.71003,716.6093908524166,536.2628478853806,-493.448354435283,54.48100776995526,2.4484454725652425,-1.7476840087493892,-0.010642496744791667,0.010420735677083333,1.0,0.0,1,steering,723.1847206226357,526.7898756208286,715.8475649758518,538.3955351602998,0.04,0.045
1791317209.726634,718.9342866336925,534.4496363641452,-495.80282234508223,52.04894386938015,2.324895781275978,-1.8132115212352888,-0.010642496744791667,0.010420735677083333,1.0,0.0,1,steering,713.8618713715296,542.0429043963095,717.9569312878479,536.8553526769267,0.04,0.045
1791317209.743126,721.1364573371825,532.5783759638871,-498.1193001419474,49.64429627404227,2.202170703489939,-1.8712604002581312,-0.010642496744791667,0.010420735677083333,1.0,0.0,1,steering,738.7186086424833,537.911487903154,721.0870773238951,535.1304620579929,0.04,0.045
1791317209.760716,723.2171441360553,530.6563421862173,-500.39704367959956,47.26980437764505,2.08068679887275,-1.9220337776697143,-0.010642496744791667,0.010420735677083333,1.0,0.0,1,steering,748.8690432294695,530.8331798669514,724.4528280781029,533.0896658596546,0.04,0.045
1791317209.777924,725.177966128876,528.6905629602261,-502.63557028914386,44.9276655886354,1.960821992820848,-1.965779225991227,-0.010642496744791667,0.010420735677083333,1.0,0.0,1,steering,713.8393578202026,525.933312949496,725.7849354583876,530.864357949455,0.04,0.045
1791317209.794843,727.0208812538468,526.6877841153505,-504.8346137001273,42.61961143533259,1.8429151249707392,-2.0027788448756394,-0.010642496744791667,0.010420735677083333,1.0,0.0,1,steering,738.6059820566754,535.9410996663678,728.1767571570242,529.2155551326688,0.04,0.045
1791317209.8115919,728.7481475431329,524.6544435193816,-506.99408613010286,40.346975378858765,1.7272662892860424,-2.033340595968814,-0.010642496744791667,0.010420735677083333,1.0,0.0,1,steering,729.9642866030649,526.3739455151581,729.907036604148,527.1418010856228,0.04,0.045
1791317209.8275032,730.3622853438025,522.5966527143177,-509.1140464654804,38.11075262529622,1.6141378006695868,-2.0577908050640064,-0.010642496744791667,0.010420735677083333,1.0,0.0,1,steering,722.8339899608338,524.3625947560408,731.0868151826184,525.0479395043329,0.04,0.045
1791317209.845032,731.866040985353,520.52018497612,-511.194673601284,35.91165242588312,1.5037556415505395,-2.076467738197587,-0.010642496744791667,0.010420735677083333,1.0,0.0,1,steering,714.8041662999466,542.0821962741949,731.7012505979578,523.9270079915383,0.04,0.045
1791317209.861691,733.2623522468272,518.430468823456,-513.2362441382099,33.75014347061291,1.3963112614741793,-2.08971615266415,-0.010642496744791667,0.010420735677083333,1.0,0.0,1,steering,744.7433659322393,509.38560995530156,733.6798520630723,521.2147077446956,0.04,0.045
1791317209.8779352,734.5543158688341,516.332586100386,-515.2391137515322,31.626493036520305,1.291963622006971,-2.0978827230698607,-0.010642496744791667,0.010420735677083333,1.0,0.0,1,steering,725.9783827954988,514.9540400143791,734.5221440406002,518.9086857712633,0.04,0.045
1791317209.894711,735.7451572662319,514.2312738553054,-517.2037016482991,29.54080056410226,1.1908413973977838,-2.101312245080579,-0.010642496744791667,0.010420735677083333,1.0,0.0,1,steering,741.9532427587778,512.305699080374,736.024998304037,516.5822898038923,0.04,0.045
1791317209.9113579,736.8382025241444,512.1309293309588,-519.1304776177979,27.49302631735866,1.0930452579125214,-2.1003445243466126,-0.010642496744791667,0.010420735677083333,1.0,0.0,1,idle,734.3411213344438,507.6522714334813,736.9791974505742,514.1404615872425,0.04,0.045
1791317209.927783,737.84180251287,510.0371628454924,-520.480099675775,25.60968441680279,1.003599988725579,-2.0937664854663893,-0.010642496744791667,0.010420735677083333,0.0,0.5,1,braking,723.374971551288,538.6796640634075,737.2524061448992,513.3783435498576,0.04,0.045
1791317209.944442,738.7663662759375,507.9552318663248,-521.4312625267157,23.945506181224026,0.924563763067489,-2.0819309791675504,-0.010642496744791667,0.010420735677083333,0.0,0.5,1,braking,722.1617705168896,532.0892483003138,737.3762099384128,512.3360543571713,0.04,0.045
1791317209.961882,739.6226566174239,505.88941139472917,-522.1041430190069,22.514190389086075,0.856290341486477,-2.065820471595683,-0.010642496744791667,0.010420735677083333,0.0,0.5,1,braking,751.5653341819526,498.97611643442053,738.8991419750018,509.7055280130179,0.04,0.045
1791317209.978573,740.4208690176188,503.8428324831478,-522.5813916928245,21.306916582735617,0.7982124001948143,-2.046578911581379,-0.010642496744791667,0.010420735677083333,0.0,0.5,1,braking,735.7667359876281,521.4226630476826,739.5008234558182,508.3471347987488,0.04,0.045
1791317209.99515,741.1701883950146,501.8175443739912,-522.9205490277759,20.303547461645778,0.7493193773958395,-2.0252881091565786,-0.010642496744791667,0.010420735677083333,0.0,0.5,1,braking,749.310344733618,500.94128252956824,740.7031529282343,506.05281848159103,0.04,0.045
1791317210.012612,741.8786287723167,499.81467114987805,-523.1619566449484,19.479300264448753,0.7084403773020362,-2.0028732241131673,-0.010642496744791667,0.010420735677083333,0.0,0.5,1,braking,761.4078662905075,480.34445982997573,742.411406954785,502.86467098610274,0.04,0.045
1791317210.029131,742.5530328263263,497.83459563228445,-523.3340225202024,18.80859215678548,0.6744040540095902,-1.9800755175935973,-0.010642496744791667,0.010420735677083333,0.0,0.5,1,braking,715.1667697049862,506.95459827545426,741.6898589436042,501.1880956088564,0.04,0.045
1791317210.046628,743.199155119706,495.8771370216172,-523.4568120453267,18.267138319026163,0.6461222933796424,-1.9574586106672038,-0.010642496744791667,0.010420735677083333,0.0,0.5,1,braking,746.2482472915214,500.19667753416616,742.5315945397108,499.278939024988,0.04,0.045
1791317210.063197,743.8217830198652,493.94170723645925,-523.5445310443689,17.8329869333772,0.6226279001591467,-1.9354297851579645,-0.010642496744791667,0.010420735677083333,0.0,0.5,1,braking,746.2101593288762,486.1316340455475,743.3070192843203,496.7829154801159,0.04,0.045
1791317210.080822,744.4248685333872,492.0274408603833,-523.6072563315172,17.48692161446963,0.6030855135220516,-1.9142663760759542,-0.010642496744791667,0.010420735677083333,0.0,0.5,1,steering,744.1899531088765,478.81055198343597,743.924097213394,494.06574424800976,0.04,0.045
1791317210.097572,745.0102578259969,490.13463214475354,-523.7684801764187,17.185278888206373,0.5853892926096516,-1.8928087156297528,-0.010642496744791667,0.010420735677083333,1.0,0.0,1,idle,756.6620405460931,505.0766017845292,745.1171142080082,492.81811884498745,0.04,0.045
1791317210.114864,745.5795043643654,488.26441638580485,-523.8832287570979,16.928927267263354,0.5692465383685789,-1.8702157589487018,-0.010642496744791667,0.010420735677083333,-0.010642496744791667,0.010420735677083333,0,idle,748.573451486153,499.18752708649697,745.8307152833655,491.3598842860617,0.04,0.045
1791317210.1310441,746.1339058824905,486.41825450678516,-523.9647884575419,16.71498695786361,0.5544015181250735,-1.846161879019661,-0.010642496744791667,0.010420735677083333,-0.010642496744791667,0.010420735677083333,0,idle,734.2610141697651,482.683096910284,745.7789116699042,489.1721911322041,0.04,0.045
1791317210.148493,746.6745412236586,484.5976326159539,-524.0227003539109,16.538835221204845,0.5406353411681122,-1.820621890831285,-0.010642496744791667,0.010420735677083333,-0.010642496744791667,0.010420735677083333,0,idle,753.9617727383742,485.75814528062085,746.7016582974375,487.2718980433352,0.04,0.045
1791317210.165439,747.2023055620508,482.8038988482577,-524.0637905078032,16.3952901182028,0.5277643383922312,-1.79373376769621,-0.010642496744791667,0.010420735677083333,-0.010642496744791667,0.010420735677083333,0,idle,752.4745037088783,487.84817505296644,747.4916766894821,485.5966648145054,0.04,0.045
1791317210.182456,747.7179426182922,481.03818582265023,-524.0929291907773,16.27926506736275,0.5156370562414259,-1.7657130256074633,-0.010642496744791667,0.010420735677083333,-0.010642496744791667,0.010420735677083333,0,idle,728.2668808596039,496.34605115321153,747.0202921014176,484.45670675711364,0.04,0.045
1791317210.199389,748.2220730313234,479.3013847739436,-524.1135842569498,16.186098326530935,0.5041304130311568,-1.736801048706632,-0.010642496744791667,0.010420735677083333,-0.010642496744791667,0.010420735677083333,0,idle,738.4763857717346,483.58306363047984,747.072020677313,482.76306360451065,0.04,0.045
1791317210.2162719,748.715218590479,477.59414939309903,-524.1282213161975,16.111690621492816,0.4931455591556474,-1.7072353808445746,-0.010642496744791667,0.010420735677083333,-0.010642496744791667,0.010420735677083333,0,idle,740.3471363418123,453.2531589416366,747.2042647417359,479.6656947595646,0.04,0.045
1791317210.232301,749.1978224291983,475.91691542627217,-524.1385914801236,16.052534403188414,0.4826038387192402,-1.6772339668268617,-0.010642496744791667,0.010420735677083333,-0.010642496744791667,0.010420735677083333,0,idle,756.3726929601635,488.5445032261679,748.1211597994405,478.51626291440925,0.04,0.045
1791317210.2482839,749.6702655240198,474.2699273937782,-524.1459374142999,16.005685547172586,0.4724430948215175,-1.6469880324940165,-0.010642496744791667,0.010420735677083333,-0.010642496744791667,0.010420735677083333,0,idle,770.1138646542302,466.1234073860535,749.6696159822604,476.3319815071222,0.04,0.045
1791317210.265407,750.1328799608091,472.65326726506623,-524.1511404469687,15.968707640072912,0.46261443678931485,-1.6166601287119242,-0.010642496744791667,0.010420735677083333,-0.010642496744791667,0.010420735677083333,0,idle,735.0530249867247,453.5529880759942,749.3782701474335,473.65720471328945,0.04,0.045
1791317210.282201,750.5859594632155,471.0668821646255,-524.1548253648672,15.939606223635481,0.45307950240645356,-1.5863851004407248,-0.010642496744791667,0.010420735677083333,-0.010642496744791667,0.010420735677083333,0,idle,762.9789134026097,479.7311065345279,750.4887278374785,472.45383395893265,0.04,0.045
1791317210.299069,751.0297676592339,469.5106095977329,-524.1574349464261,15.916762605663763,0.44380819601838495,-1.5562725668925725,-0.010642496744791667,0.010420735677083333,-0.010642496744791667,0.010420735677083333,0,idle,751.9740026096798,462.49828878084134,750.984609362306,470.4775977614801,0.04,0.045
1791317210.316971,751.4645445147585,467.9841995542963,-524.1592829088662,15.898872204798453,0.4347768555245543,-1.5264100434366035,-0.010642496744791667,0.010420735677083333,-0.010642496744791667,0.010420735677083333,0,idle,765.1942368928252,464.1143206604871,752.1081287515802,468.7093443651657,0.04,0.045
1791317210.333879,751.8905113044001,466.48733336333936,-524.1605914882557,15.88488967032395,0.42596678964157786,-1.4968661909569763,-0.010642496744791667,0.010420735677083333,-0.010642496744791667,0.010420735677083333,0,idle,747.9731892859186,440.6636261761269,752.3060502284567,465.88503557430465,0.04,0.045
1791317210.350731,752.3078744295669,465.0196394572306,-524.1615180955407,15.873981459867835,0.417363125166888,-1.4676939061087577,-0.010642496744791667,0.010420735677083333,-0.010642496744791667,0.010420735677083333,0,idle,759.8864271623887,456.9617999868358,753.0815640440618,464.0445645841279,0.04,0.045
1791317210.367897,752.7168283374526,463.58070634828914,-524.1621742151434,15.865485704754917,0.40895390788572156,-1.4389331089414452,-0.010642496744791667,0.010420735677083333,-0.010642496744791667,0.010420735677083333,0,idle,757.0063586235209,478.2106260102214,753.6663099855261,463.3858812019382,0.04,0.045
1791317210.384531,753.117557744798,462.1700931766673,-524.1626387990631,15.85887876110519,0.4007294073453522,-1.410613171621832,-0.010642496744791667,0.010420735677083333,-0.010642496744791667,0.010420735677083333,0,idle,742.6692459252972,477.4604363441407,753.4971497194928,462.7495264460076,0.04,0.045
1791317210.401698,753.5102393279789,460.7873381936361,-524.1629677573309,15.853747660773479,0.39268158318083507,-1.3827549830311887,-0.010642496744791667,0.010420735677083333,-0.010642496744791667,0.010420735677083333,0,idle,753.6117571392182,457.58147154345085,753.8759275945009,461.17750646700017,0.04,0.045
1791317210.418273,753.8950430059699,459.43196552170826,-524.163200681256,15.849767633837489,0.38480367799103743,-1.3553726719278418,-0.010642496744791667,0.010420735677083333,-0.010642496744791667,0.010420735677083333,0,idle,750.9206127041384,449.4340343977597,754.0937253440743,459.3027288252067,0.04,0.045
1791317210.435738,754.2721329143741,458.10349049686477,-524.1633656056634,15.84668390909247,0.3770899084041891,-1.3284750248435062,-0.010642496744791667,0.010420735677083333,-0.010642496744791667,0.010420735677083333,0,idle,743.3284170449829,485.25479269043876,753.9136953421037,459.338280744867,0.04,0.045
1791317210.4522822,754.6416681460926,456.801423857243,-524.1634823817591,15.844297072114752,0.369535231718528,-1.3020666396218046,-0.010642496744791667,0.010420735677083333,-0.010642496744791667,0.010420735677083333,0,idle,767.84878807744,453.5206183983203,754.9615084490031,457.810434319899,0.04,0.045
1791317210.469792,755.0038033164082,455.52527500204303,-524.1635650657882,15.84245134895737,0.3621351703155482,-1.2761488551999434,-0.010642496744791667,0.010420735677083333,-0.010642496744791667,0.010420735677083333,0,idle,756.1564654145017,466.01245123222054,755.3652847090779,457.00819375307515,0.04,0.045
1791317210.485867,755.3586889963858,454.27455450681856,-524.163623610588,15.84102527426274,0.3548856799776135,-1.2507204952244806,-0.010642496744791667,0.010420735677083333,-0.010642496744791667,0.010420735677083333,0,idle,747.2373108159672,451.3670949734875,755.296027410401,455.5379543436325,0.04,0.045
1791317210.502572,755.7064720477862,453.0487760479841,-524.1636650634283,15.839924288354055,0.3477830514004148,-1.2257784588344234,-0.010642496744791667,0.010420735677083333,-0.010642496744791667,0.010420735677083333,0,idle,749.7226645951162,465.26943798681845,755.3477531684672,454.8600389898991,0.04,0.045
1791317210.520032,756.047295884477,451.847457860672,-524.1636944142135,15.839074885185383,0.3408238366907632,-1.201318187312117,-0.010642496744791667,0.010420735677083333,-0.010642496744791667,0.010420735677083333,0,idle,752.9071150811417,456.865160563577,755.5495039089571,453.8190427906365,0.04,0.045
1791317210.537419,756.3813006790732,450.6701238298803,-524.16371519609,15.838420000566654,0.3340047945962568,-1.1773340307916995,-0.010642496744791667,0.010420735677083333,-0.010642496744791667,0.010420735677083333,0,idle,748.4228515834862,436.4399216547291,755.5104758475501,451.831619404589,0.04,0.045
1791317210.555022,756.7086235288025,449.5163042947942,-524.1637299107254,15.837915387764276,0.3273228497292919,-1.1538195350860643,-0.010642496744791667,0.010420735677083333,-0.010642496744791667,0.010420735677083333,0,idle,761.9032288134359,456.0934871556997,756.1410702030872,450.94858423381277,0.04,0.045
1791317210.571357,757.0293985910159,448.38553662973453,-524.1637403294374,15.83752677603435,0.32077506221348845,-1.130767665059715,-0.010642496744791667,0.010420735677083333,-0.010642496744791667,0.010420735677083333,0,idle,756.0127229018777,474.8184158657998,756.4393891471295,451.0678465336054,0.04,0.045
1791317210.5882618,757.3437571960867,447.2773656518714,-524.1637477064139,15.83722764782198,0.3143586050707555,-1.108170977863149,-0.010642496744791667,0.010420735677083333,-0.010642496744791667,0.010420735677083333,0,idle,753.2860054044855,445.0692524017611,756.5803606348146,449.7151543980432,0.04,0.045
1791317210.605249,757.6518279434298,446.19134389513914,-524.1637529296861,15.8369975033283,0.30807074734310064,-1.0860217567322223,-0.010642496744791667,0.010420735677083333,-0.010642496744791667,0.010420735677083333,0,idle,757.8568060181994,449.6162673398152,756.9368501139597,448.67848937623614,0.04,0.045
1791317210.6215549,757.9537367848836,445.1270317812428,-524.163756628026,15.836820507969989,0.30190884145388125,-1.064312113896337,-0.010642496744791667,0.010420735677083333,-0.010642496744791667,0.010420735677083333,0,idle,764.5719247923166,461.8308492796558,757.6054172472587,448.3250108632056,0.04,0.045
1791317210.63754,758.2496070985808,444.0839977118676,-524.1637592466367,15.836684439925019,0.2958703136972055,-1.0430340693752103,-0.010642496744791667,0.010420735677083333,-0.010642496744791667,0.010420735677083333,0,idle,764.6624238153961,428.1306340505085,758.2393443736779,446.3244096566643,0.04,0.045
1791317210.653706,758.5395597556127,443.0618181008507,-524.1637611007445,15.83657987235834,0.2899526570318599,-1.0221796110169066,-0.010642496744791667,0.010420735677083333,-0.010642496744791667,0.010420735677083333,0,idle,763.0048185177294,430.6809802448499,758.7530731050608,444.57116755560753,0.04,0.045
1791317210.670613,758.8237131811836,442.0600773608661,-524.1637624135459,15.836499538821839,0.2841534255708897,-1.0017407399845966,-0.010642496744791667,0.010420735677083333,-0.010642496744791667,0.010420735677083333,0,idle,751.816757312254,452.98950132171194,758.6762030697129,444.0404305409274,0.04,0.045
1791317210.6875038,759.1021834115014,441.0783678558795,-524.1637633430751,15.836437841377943,0.2784702303177451,-0.9817095049866102,-0.010642496744791667,0.010420735677083333,-0.010642496744791667,0.010420735677083333,0,idle,771.7361925157525,439.76071344671766,759.5937492608167,442.89382065647965,0.04,0.045
1791317210.704273,759.3750841473199,440.1162898280587,-524.1637640012283,15.836390469754658,0.2729007358184724,-0.9620780278207914,-0.010642496744791667,0.010420735677083333,-0.010642496744791667,0.010420735677083333,0,idle,746.3562780935323,464.1919542031383,759.19113140148,443.0447532073828,0.04,0.045
1791317210.721157,759.6425268048071,439.17345130582527,-524.1637644672337,15.836354106754985,0.26744265748716284,-0.9428385222334643,-0.010642496744791667,0.010420735677083333,-0.010642496744791667,0.010420735677083333,0,idle,735.8628503860356,450.94616383821756,758.2787878753206,442.5441271428028,0.04,0.045
1791317210.7380438,759.9046205642337,438.24946799818014,-524.1637647971888,15.836326200586695,0.2620937594266373,-0.9239833076451078,-0.010642496744791667,0.010420735677083333,-0.010642496744791667,0.010420735677083333,0,idle,753.910259430128,430.8610436139016,758.3093505245163,441.0821888240948,0.04,0.045
1791317210.755983,760,437.343963179236,-524.1637650308136,15.836304789052226,0.0,0.0,-0.010642496744791667,0.010420735677083333,-0.010642496744791667,0.010420735677083333,0,idle,741.5562093423548,442.3403810442999,757.4716934654082,441.14509843510507,0.04,0.045
1791317210.772782,760,437.34396317178425,-524.1637650308136,15.836234969186432,0.0,0.0,-0.010642496744791667,0.010420735677083333,-0.010642496744791667,0.010420735677083333,0,idle,769.6426418196422,429.17863997624664,758.0802408831199,440.5467755121621,0.04,0.045
1791317210.789492,760,437.34396316640033,-524.1637650308136,15.836234969186428,0.0,0.0,-0.010642496744791667,0.010420735677083333,-0.010642496744791667,0.010420735677083333,0,idle,781.3139421875642,421.71140202850296,759.2419259483421,439.60500683797915,0.04,0.045
1791317210.8062348,760,437.3439631625105,-524.1637650308136,15.836234969186432,0.0,0.0,-0.010642496744791667,0.010420735677083333,-0.010642496744791667,0.010420735677083333,0,idle,767.2673955134308,432.366323815281,759.6431994265965,439.24307268684424,0.04,0.045
1791317210.8232262,760,437.3439631597,-524.1637650308136,15.836234969186428,0.0,0.0,-0.010642496744791667,0.010420735677083333,-0.010642496744791667,0.010420735677083333,0,idle,745.3839751044354,449.07145230448856,758.9302382104885,439.73449166772645,0.04,0.045
1791317210.840118,760,437.34396315766946,-524.1637650308136,15.836234969186432,0.0,0.0,-0.010642496744791667,0.010420735677083333,-0.010642496744791667,0.010420735677083333,0,idle,771.5955990024282,423.8446846507388,759.5635062500854,438.94000131687704,0.04,0.045
1791317210.8571048,760,437.3439631562024,-524.1637650308136,15.836234969186432,0.0,0.0,-0.010642496744791667,0.010420735677083333,-0.010642496744791667,0.010420735677083333,0,idle,764.7256522619666,449.3285658419471,759.8216135506794,439.45942954313057,0.04,0.045
1791317210.874605,760,437.34396315514243,-524.1637650308136,15.836234969186428,0.0,0.0,-0.010642496744791667,0.010420735677083333,-0.010642496744791667,0.010420735677083333,0,idle,756.3546091750161,439.5757135609979,759.6482633318963,439.46524374402395,0.04,0.045
1791317210.891123,760,437.34396315437664,-524.1637650308136,15.836234969186428,0.0,0.0,-0.010642496744791667,0.010420735677083333,-0.010642496744791667,0.010420735677083333,0,idle,774.1120311597975,431.0798672203705,760.3714517232913,439.04597491784125,0.04,0.045
1791317210.9087949,760,437.3439631538233,-524.1637650308136,15.836234969186428,0.0,0.0,-0.010642496744791667,0.010420735677083333,-0.010642496744791667,0.010420735677083333,0,idle,742.488570863237,444.3383736197588,759.4773076802886,439.31059485293713,0.04,0.045
1791317210.925418,760,437.34396315342354,-524.1637650308136,15.836234969186428,0.0,0.0,-0.010642496744791667,0.010420735677083333,-0.010642496744791667,0.010420735677083333,0,idle,774.5703244900193,435.9934940516257,760.2319585207752,439.14473981287153,0.04,0.045
1791317210.9421718,760,437.3439631531347,-524.1637650308136,15.836234969186432,0.0,0.0,-0.010642496744791667,0.010420735677083333,-0.010642496744791667,0.010420735677083333,0,idle,782.4465206512749,431.53282375803417,761.3426866273002,438.76414401012966,0.04,0.045
1791317210.9597492,760,437.34396315292605,-524.1637650308136,15.836234969186428,0.0,0.0,-0.010642496744791667,0.010420735677083333,-0.010642496744791667,0.010420735677083333,0,idle,769.1264227254584,451.1426877727726,761.7318734322081,439.3830711982618,0.04,0.045
1791317210.9759302,760,437.3439631527753,-524.1637650308136,15.836234969186428,0.0,0.0,-0.010642496744791667,0.010420735677083333,-0.010642496744791667,0.010420735677083333,0,idle,775.6099530730257,438.60899693225474,762.425777414249,439.3443674849614,0.04,0.045
1791317210.992535,760,437.3439631526664,-524.1637650308136,15.836234969186428,0.0,0.0,-0.010642496744791667,0.010420735677083333,-0.010642496744791667,0.010420735677083333,0,idle,773.0079923284092,442.04820704663564,762.9548881599569,439.4795594630451,0.04,0.045
1791317211.009614,760,437.34396315258766,-524.1637650308136,15.836234969186428,0.0,0.0,-0.010642496744791667,0.010420735677083333,-0.010642496744791667,0.010420735677083333,0,idle,779.7409297010282,442.35702560175537,763.7941902370105,439.62343276998064,0.04,0.045
1791317211.026623,760,437.3439631525308,-524.1637650308136,15.836234969186428,0.0,0.0,-0.010642496744791667,0.010420735677083333,-0.010642496744791667,0.010420735677083333,0,idle,763.8311448290358,439.4354296548486,763.7960379666118,439.614032614224,0.04,0.045
1791317211.0433438,760,437.3439631524897,-524.1637650308136,15.836234969186428,0.0,0.0,-0.010642496744791667,0.010420735677083333,-0.010642496744791667,0.010420735677083333,0,idle,746.3804851583907,445.43295950805924,762.9252603262008,439.90497895891576,0.04,0.045
1791317211.060524,760,437.34396315246005,-524.1637650308136,15.836234969186428,0.0,0.0,-0.010642496744791667,0.010420735677083333,-0.010642496744791667,0.010420735677083333,0,idle,757.8957617609892,436.0106892443915,762.6737853979403,439.71026447318957,0.04,0.045
1791317211.0772321,760,437.3439631524386,-524.1637650308136,15.836234969186432,0.0,0.0,-0.010642496744791667,0.010420735677083333,-0.010642496744791667,0.010420735677083333,0,idle,749.0376345093892,438.1784171547417,761.9919778535127,439.63367210726716,0.04,0.045
1791317211.094878,760,437.3439631524231,-524.1637650308136,15.836234969186428,0.0,0.0,-0.010642496744791667,0.010420735677083333,-0.010642496744791667,0.010420735677083333,0,idle,758.9949085173672,437.2288089050742,761.8421243867054,439.51342894715754,0.04,0.045
1791317211.1107662,760,437.3439631524119,-524.1637650308136,15.836234969186428,0.0,0.0,-0.010642496744791667,0.010420735677083333,-0.010642496744791667,0.010420735677083333,0,idle,757.8969398155161,447.70692448180415,761.644865158146,439.9231037238899,0.04,0.045
1791317211.1264489,760,437.34396315240383,-524.1637650308136,15.836234969186428,0.0,0.0,-0.010642496744791667,0.010420735677083333,-0.010642496744791667,0.010420735677083333,0,idle,759.7115823053533,427.511913779172,761.5482010155064,439.302544226654,0.04,0.045
1791317211.142228,760,437.343963152398,-524.1637650308136,15.836234969186428,0.0,0.0,-0.010642496744791667,0.010420735677083333,-0.010642496744791667,0.010420735677083333,0,idle,761.3950687985878,424.7312177669571,761.5405444046604,438.5739779036692,0.04,0.045
1791317211.160013,760,437.34396315239377,-524.1637650308136,15.836234969186428,0.0,0.0,-0.010642496744791667,0.010420735677083333,-0.010642496744791667,0.010420735677083333,0,idle,764.3928886970834,433.1134488484724,761.6831616192816,438.30095145090934,0.04,0.045
1791317211.176634,760,437.3439631523907,-524.1637650308136,15.836234969186428,0.0,0.0,-0.010642496744791667,0.010420735677083333,-0.010642496744791667,0.010420735677083333,0,idle,761.3781211115609,450.43622707230264,761.6679095938955,438.907715231979,0.04,0.045
1791317211.1934888,760,437.3439631523885,-524.1637650308136,15.836234969186428,0.0,0.0,-0.010642496744791667,0.010420735677083333,-0.010642496744791667,0.010420735677083333,0,idle,752.4767943850337,443.2416730103676,761.2083538334524,439.12441312089845,0.04,0.045
1791317211.2106261,760,437.3439631523869,-524.1637650308136,15.836234969186428,0.0,0.0,-0.010642496744791667,0.010420735677083333,-0.010642496744791667,0.010420735677083333,0,idle,744.4154355483984,452.5805973463223,760.3687079191997,439.79722233216967,0.04,0.045
1791317211.227207,760,437.34396315238575,-524.1637650308136,15.836234969186428,0.0,0.0,-0.010642496744791667,0.010420735677083333,-0.010642496744791667,0.010420735677083333,0,idle,747.2710087545433,433.5391546496964,759.7138229609668,439.484318948046,0.04,0.045
1791317211.244902,760,437.3439631523849,-524.1637650308136,15.836234969186428,0.0,0.0,-0.010642496744791667,0.010420735677083333,-0.010642496744791667,0.010420735677083333,0,idle,768.1830447640739,437.4225669605132,760.1372840511222,439.38123134866936,0.04,0.045
1791317211.261504,760,437.3439631523843,-524.1637650308136,15.836234969186432,0.0,0.0,-0.010642496744791667,0.010420735677083333,-0.010642496744791667,0.010420735677083333,0,idle,777.4458314582238,433.8167645956382,761.0027114214772,439.1030080110178,0.04,0.045
1791317211.278077,760,437.3439631523838,-524.1637650308136,15.836234969186428,0.0,0.0,-0.010642496744791667,0.010420735677083333,-0.010642496744791667,0.010420735677083333,0,idle,760.4437652249294,445.60328501568733,760.9747641116498,439.42802186125124,0.04,0.045
1791317211.295569,760,437.3439631523835,-524.1637650308136,15.836234969186428,0.0,0.0,-0.010642496744791667,0.010420735677083333,-0.010642496744791667,0.010420735677083333,0,idle,747.8211228911885,443.8087899566592,760.3170820506268,439.64706026602164,0.04,0.045
1791317211.312099,760,437.34396315238325,-524.1637650308136,15.836234969186428,0.0,0.0,-0.010642496744791667,0.010420735677083333,-0.010642496744791667,0.010420735677083333,0,idle,742.818628081503,438.3577034187725,759.4421593521706,439.5825924236592,0.04,0.045
1791317211.32971,760.0,437.3439631523831,-524.1637650308136,15.836234969186428,4.641932419934591e-14,-1.636473182119053e-13,-0.010642496744791667,0.010420735677083333,-0.010642496744791667,0.010420735677083333,0,idle,748.122331462761,426.87574234239014,758.8761679577001,438.9472499195956,0.04,0.045
1791317211.345578,760,437.3439631523827,-524.1637650308136,15.836234969186428,0.0,0.0,-0.010642496744791667,0.010420735677083333,-0.010642496744791667,0.010420735677083333,0,idle,765.1459570232746,445.3782987869269,759.1896574109788,439.26880236296216,0.04,0.045
1791317211.362438,760.0,437.34396315238257,-524.1637650308136,15.836234969186428,2.4231177352834815e-14,-8.542492290235342e-14,-0.010642496744791667,0.010420735677083333,-0.010642496744791667,0.010420735677083333,0,idle,772.8454016706288,440.90439560040994,759.8724446239613,439.35058202483447,0.04,0.045
1791317211.3800929,760,437.34396315238234,-524.1637650308136,15.836234969186428,0.0,0.0,-0.010642496744791667,0.010420735677083333,-0.010642496744791667,0.010420735677083333,0,idle,767.2530518875735,427.09598095879556,760.2414749871419,438.7378519715325,0.04,0.045
1791317211.397677,760.0,437.3439631523823,-524.1637650308136,15.836234969186428,1.2648826023038228e-14,-4.4592343660796623e-14,-0.010642496744791667,0.010420735677083333,-0.010642496744791667,0.010420735677083333,0,idle,742.7327639080025,433.1154980516269,759.3660394331849,438.4567342755372,0.04,0.045
1791317211.414446,760.0,437.3439631523822,-524.1637650308136,15.836234969186428,3.1021245821501256e-14,-1.0936272282810372e-13,-0.010642496744791667,0.010420735677083333,-0.010642496744791667,0.010420735677083333,0,idle,757.8195139181178,452.6084494712735,759.2887131574316,439.1643200353239,0.04,0.045
1791317211.431388,760.0,437.343963152382,-524.1637650308136,15.836234969186428,5.097263438345268e-14,-1.7969961999501765e-13,-0.010642496744791667,0.010420735677083333,-0.010642496744791667,0.010420735677083333,0,idle,747.6985680999297,429.99966260080043,758.7092059045565,438.70608716359754,0.04,0.045
1791317211.448243,760,437.3439631523818,-524.1637650308136,15.836234969186426,0.0,0.0,-0.010642496744791667,0.010420735677083333,-0.010642496744791667,0.010420735677083333,0,idle,748.6548222855147,431.7752276437773,758.2064867236044,438.35954418760656,0.04,0.045
1791317211.4642859,760.0,437.3439631523818,-524.1637650308136,15.836234969186428,3.446685244145445e-15,-1.2150991136852786e-14,-0.010642496744791667,0.010420735677083333,-0.010642496744791667,0.010420735677083333,0,idle,769.4094858080902,445.1241259221845,758.7666366778286,438.6977732743355,0.04,0.045
1791317211.480284,760.0,437.3439631523817,-524.1637650308136,15.836234969186428,8.452995561266704e-15,-2.980030576313146e-14,-0.010642496744791667,0.010420735677083333,-0.010642496744791667,0.010420735677083333,0,idle,744.5073626038786,436.23965603051397,758.0536729741311,438.57486741214433,0.04,0.045
1791317211.497217,760.0,437.34396315238166,-524.1637650308136,15.836234969186428,1.3889559905771194e-14,-4.8966443801762386e-14,-0.010642496744791667,0.010420735677083333,-0.010642496744791667,0.010420735677083333,0,idle,750.3634832954373,446.07247435791305,757.6691634901964,438.94974775943274,0.04,0.045
1791317211.5137742,760.0,437.3439631523816,-524.1637650308136,15.836234969186428,1.9115902569794428e-14,-6.739146346277501e-14,-0.010642496744791667,0.010420735677083333,-0.010642496744791667,0.010420735677083333,0,idle,755.6209223697881,417.16644891596553,757.566751434176,437.86058281725934,0.04,0.045
1791317211.530834,760.0,437.34396315238155,-524.1637650308136,15.836234969186428,2.3800873986824118e-14,-8.390792555093143e-14,-0.010642496744791667,0.010420735677083333,-0.010642496744791667,0.010420735677083333,0,idle,763.0688203722009,437.00777238349957,757.8418548810772,437.8179422955713,0.04,0.045
1791317211.547678,760.0,437.34396315238143,-524.1637650308136,15.836234969186428,2.780388771279791e-14,-9.802020470018902e-14,-0.010642496744791667,0.010420735677083333,-0.010642496744791667,0.010420735677083333,0,idle,744.5936698988901,446.4464792447842,757.1794456319678,438.24936914303186,0.04,0.045
1791317211.5645561,760.0,437.3439631523813,-524.1637650308136,15.836234969186428,3.1097345928247225e-14,-1.0963100718164441e-13,-0.010642496744791667,0.010420735677083333,-0.010642496744791667,0.010420735677083333,0,idle,756.3032384684522,451.83058169544853,757.1356352737921,438.9284297706526,0.04,0.045
1791317211.581404,760.0,437.3439631523812,-524.1637650308136,15.836234969186428,3.3716765690479035e-14,-1.1886554531321296e-13,-0.010642496744791667,0.010420735677083333,-0.010642496744791667,0.010420735677083333,0,idle,771.1863766194748,423.14210151348516,757.8381723410762,438.13911335779414,0.04,0.045
1791317211.597526,760.0,437.3439631523811,-524.1637650308136,15.836234969186432,3.5729375510558637e-14,-1.2596082740410589e-13,-0.010642496744791667,0.010420735677083333,-0.010642496744791667,0.010420735677083333,0,idle,762.3319626780157,424.58640069473734,758.0628618579232,437.4614777246412,0.04,0.045
1791317211.613452,760.0,437.343963152381,-524.1637650308136,15.836234969186432,3.721489913984254e-14,-1.3119791265396295e-13,-0.010642496744791667,0.010420735677083333,-0.010642496744791667,0.010420735677083333,0,idle,769.049717027102,438.022816052476,758.6122046163821,437.48954464103286,0.04,0.045
1791317211.6301801,760.0,437.34396315238087,-524.1637650308136,15.836234969186428,3.825427641552599e-14,-1.3486214746801458e-13,-0.010642496744791667,0.010420735677083333,-0.010642496744791667,0.010420735677083333,0,idle,751.9736577589273,432.01113408944553,758.2802772735093,437.2156241134534,0.04,0.045
1791317211.647232,760.0,437.34396315238075,-524.1637650308136,15.836234969186428,3.8923467481613814e-14,-1.3722132277324623e-13,-0.010642496744791667,0.010420735677083333,-0.010642496744791667,0.010420735677083333,0,idle,732.3757499270428,429.5206587508797,756.985050906186,436.83087584532456,0.04,0.045
1791317211.6646311,760.0,437.34396315238064,-524.1637650308136,15.836234969186428,3.929044138654409e-14,-1.385150575794164e-13,-0.010642496744791667,0.010420735677083333,-0.010642496744791667,0.010420735677083333,0,idle,769.5665378088605,450.10931796023954,757.6141252513197,437.4947979510702,0.04,0.045
1791317211.681303,760.0,437.3439631523805,-524.1637650308136,15.836234969186428,3.941409912156696e-14,-1.3895100224387872e-13,-0.010642496744791667,0.010420735677083333,-0.010642496744791667,0.010420735677083333,0,idle,756.4720975530138,426.37889659874605,757.5570238664044,436.9390028834539,0.04,0.045
1791317211.6988218,760.0,437.3439631523804,-524.1637650308136,15.836234969186428,3.934431958922444e-14,-1.3870500052948721e-13,-0.010642496744791667,0.010420735677083333,-0.010642496744791667,0.010420735677083333,0,idle,762.5607558973597,426.03249741915465,757.8072104679521,436.3936776102388,0.04,0.045
1791317211.715332,760.0,437.3439631523803,-524.1637650308136,15.836234969186426,3.912261086150355e-14,-1.3792338555896578e-13,-0.010642496744791667,0.010420735677083333,-0.010642496744791667,0.010420735677083333,0,idle,759.0816534441524,409.93014628586565,757.8709326167622,435.07050104402003,0.04,0.045
1791317211.732862,760.0,437.3439631523802,-524.1637650308136,15.836234969186428,3.8783044239465254e-14,-1.367262727614549e-13,-0.010642496744791667,0.010420735677083333,-0.010642496744791667,0.010420735677083333,0,idle,775.8572310868284,449.7986387863235,758.7702475402655,435.80690793113513,0.04,0.045
1791317211.7493901,760.0,437.34396315238007,-524.1637650308136,15.836234969186428,3.835327674688137e-14,-1.3521116458551554e-13,-0.010642496744791667,0.010420735677083333,-0.010642496744791667,0.010420735677083333,0,idle,769.2884093338578,451.93211410091385,759.2961556299451,436.613168239624,0.04,0.045
1791317211.766028,760.0,437.34396315237996,-524.1637650308136,15.836234969186432,3.785555060007168e-14,-1.334564740437153e-13,-0.010642496744791667,0.010420735677083333,-0.010642496744791667,0.010420735677083333,0,idle,761.443298924113,423.2625003663693,759.4035127946536,435.94563484596114,0.04,0.045
1791317211.783873,760.0,437.34396315237984,-524.1637650308136,15.836234969186432,3.730761085518732e-14,-1.3152475979886844e-13,-0.010642496744791667,0.010420735677083333,-0.010642496744791667,0.010420735677083333,0,idle,766.4269169431496,436.7835730572681,759.7546830020784,435.9875317565264,0.04,0.045
1791317211.8001459,760.0,437.34396315237973,-524.1637650308136,15.836234969186432,3.6723515047971646e-14,-1.2946558047908398e-13,-0.010642496744791667,0.010420735677083333,-0.010642496744791667,0.010420735677083333,0,idle,784.9316026667271,450.123141914659,761.0135289853108,436.6943122644329,0.04,0.045
1791317211.817632,760.0,437.3439631523796,-524.1637650308136,15.836234969186432,3.611432813020333e-14,-1.2731794461617398e-13,-0.010642496744791667,0.010420735677083333,-0.010642496744791667,0.010420735677083333,0,idle,765.7795631950797,444.9989836845377,761.2518306957993,437.109545835438,0.04,0.045
1791317211.833972,760.0,437.3439631523795,-524.1637650308136,15.836234969186432,3.5488707032240084e-14,-1.2511237147041252e-13,-0.010642496744791667,0.010420735677083333,-0.010642496744791667,0.010420735677083333,0,idle,755.5043934516125,425.00599698866273,760.96445883359,436.5043683930991,0.04,0.045
1791317211.8501241,760.0,437.3439631523794,-524.1637650308136,15.836234969186428,3.4853384855012207e-14,-1.2287259800758913e-13,-0.010642496744791667,0.010420735677083333,-0.010642496744791667,0.010420735677083333,0,idle,787.3800371792327,450.4422586657538,762.2852377508722,437.20126290673176,0.04,0.045
1791317211.8680892,760.0,437.3439631523793,-524.1637650308136,15.836234969186428,3.4213567075391135e-14,-1.2061697568681524e-13,-0.010642496744791667,0.010420735677083333,-0.010642496744791667,0.010420735677083333,0,idle,768.4444665065997,412.0125500449548,762.5931991886586,435.9418272636428,0.04,0.045
1791317211.8849401,760.0,437.34396315237916,-524.1637650308136,15.836234969186426,3.357325257969485e-14,-1.1835960223641974e-13,-0.010642496744791667,0.010420735677083333,-0.010642496744791667,0.010420735677083333,0,idle,758.9619687906069,443.7372262911714,762.4116376687559,436.3315972150191,0.04,0.045
1791317211.901545,760.0,437.34396315237905,-524.1637650308136,15.836234969186428,3.293549168452442e-14,-1.1611123128412277e-13,-0.010642496744791667,0.010420735677083333,-0.010642496744791667,0.010420735677083333,0,idle,755.7598140359191,411.97920160176193,762.079046487114,435.1139774343561,0.04,0.045
1791317211.918686,760.0,437.34396315237893,-524.1637650308136,15.836234969186428,3.2302592105343355e-14,-1.138799984814728e-13,-0.010642496744791667,0.010420735677083333,-0.010642496744791667,0.010420735677083333,0,idle,777.2289516165438,444.8242349684933,762.8365417435855,435.5994903110629,0.04,0.045
1791317211.9355168,760.0,437.3439631523788,-524.1637650308136,15.836234969186428,3.167628242323965e-14,-1.1167199779179737e-13,-0.010642496744791667,0.010420735677083333,-0.010642496744791667,0.010420735677083333,0,idle,772.8787890054175,433.6218803849827,763.338654106677,435.5006098147588,0.04,0.045
1791317211.9527302,760.0,437.3439631523787,-524.1637650308136,15.836234969186428,3.105784117371722e-14,-1.0949173658158802e-13,-0.010642496744791667,0.010420735677083333,-0.010642496744791667,0.010420735677083333,0,idle,750.0520840919392,425.11681474753794,762.6743256059401,434.9814200613976,0.04,0.045
1791317211.969909,760.0,437.3439631523786,-524.1637650308136,15.836234969186428,3.044819834473379e-14,-1.0734249344306634e-13,-0.010642496744791667,0.010420735677083333,-0.010642496744791667,0.010420735677083333,0,idle,767.7778719769324,426.9501473801727,762.9295029244897,434.57985642733627,0.04,0.045
1791317211.986933,760.0,437.3439631523785,-524.1637650308136,15.836234969186428,2.984801487605009e-14,-1.0522659846227319e-13,-0.010642496744791667,0.010420735677083333,-0.010642496744791667,0.010420735677083333,0,idle,759.3976015865803,411.4282657097758,762.7529078575942,433.4222768914581,0.04,0.045
1791317212.003841,760.0,437.34396315237836,-524.1637650308136,15.836234969186428,2.925774471637999e-14,-1.0314565199619158e-13,-0.010642496744791667,0.010420735677083333,-0.010642496744791667,0.010420735677083333,0,idle,768.3720878817857,453.1213304398091,763.0338668588038,434.40722956887555,0.04,0.045
1791317212.02081,760.0,437.34396315237825,-524.1637650308136,15.836234969186432,2.867768311756977e-14,-1.0110069492970459e-13,-0.010642496744791667,0.010420735677083333,-0.010642496744791667,0.010420735677083333,0,idle,763.965546167104,430.9970868331046,763.0804508242188,434.2367224320869,0.04,0.045
1791317212.037654,760.0,437.34396315237814,-524.1637650308136,15.836234969186428,2.8108004114419755e-14,-9.909234080746933e-14,-0.010642496744791667,0.010420735677083333,-0.010642496744791667,0.010420735677083333,0,idle,756.7971381395557,439.7593235141637,762.7662851899856,434.51285248619064,0.04,0.045
1791317212.054626,760.0,437.343963152378,-524.1637650308136,15.836234969186428,2.7548789538296916e-14,-9.712087811890224e-14,-0.010642496744791667,0.010420735677083333,-0.010642496744791667,0.010420735677083333,0,idle,732.2448317955959,441.3992158927243,761.2402125202661,434.8571706565172,0.04,0.045
1791317212.071072,760.0,437.3439631523779,-524.1637650308136,15.836234969186432,2.700005142440501e-14,-9.518634929307468e-14,-0.010642496744791667,0.010420735677083333,-0.010642496744791667,0.010420735677083333,0,idle,772.1001908026811,440.85291484471503,761.7832114343869,435.156957865927,0.04,0.045
1791317212.087917,760.0,437.3439631523778,-524.1637650308136,15.836234969186432,2.6461749278960463e-14,-9.328861157265011e-14,-0.010642496744791667,0.010420735677083333,-0.010642496744791667,0.010420735677083333,0,idle,748.6831017104372,464.29628822666507,761.1282059481894,436.61392438396376,0.04,0.045
1791317212.104605,760.0,437.3439631523777,-524.1637650308136,15.836234969186432,2.593380335750677e-14,-9.142738382543471e-14,-0.010642496744791667,0.010420735677083333,-0.010642496744791667,0.010420735677083333,0,idle,762.7191938862303,434.58358420453135,761.2077553450914,436.51240737499205,0.04,0.045
1791317212.12019,760.0,437.34396315237757,-524.1637650308136,15.836234969186432,2.541610485503223e-14,-8.960228246875723e-14,-0.010642496744791667,0.010420735677083333,-0.010642496744791667,0.010420735677083333,0,idle,758.498317324419,446.8461874523296,761.0722834440578,437.0290963788588,0.04,0.045
1791317212.137716,760.0,437.34396315237746,-524.1637650308136,15.836234969186432,2.4908523710293384e-14,-8.78128489829373e-14,-0.010642496744791667,0.010420735677083333,-0.010642496744791667,0.010420735677083333,0,idle,765.9037976315956,435.9297118302039,761.3138591534347,436.97412715142593,0.04,0.045
1791317212.1543849,760.0,437.34396315237734,-524.1637650308136,15.836234969186432,2.441091457058168e-14,-8.605857093955508e-14,-0.010642496744791667,0.010420735677083333,-0.010642496744791667,0.010420735677083333,0,idle,758.0500783161413,412.7171403158892,761.15067011157,435.76127780964896,0.04,0.045
1791317212.171874,760.0,437.3439631523773,-524.1637650308136,15.836234969186432,2.392312134065165e-14,-8.433889803830467e-14,-0.010642496744791667,0.010420735677083333,-0.010642496744791667,0.010420735677083333,0,idle,751.3238132697081,438.4020995253215,760.6593272694769,435.8933188954325,0.04,0.045
1791317212.188291,760.0,437.3439631523772,-524.1637650308136,15.836234969186428,2.3444980643741253e-14,-8.26532543085224e-14,-0.010642496744791667,0.010420735677083333,-0.010642496744791667,0.010420735677083333,0,idle,770.8377512343172,433.32438983124723,761.1682484677189,435.7648724422232,0.04,0.045
1791317212.205693,760.0,437.34396315237717,-524.1637650308136,15.836234969186432,2.297632444795772e-14,-8.100104736828328e-14,-0.010642496744791667,0.010420735677083333,-0.010642496744791667,0.010420735677083333,0,idle,733.4344737531741,416.9095297842173,759.7815597319916,434.8221053093228,0.04,0.045
1791317212.222075,760.0,437.3439631523771,-524.1637650308136,15.836234969186432,2.2516982053274496e-14,-7.938167542938712e-14,-0.010642496744791667,0.010420735677083333,-0.010642496744791667,0.010420735677083333,0,idle,763.2104984578428,451.19372181454366,759.9530066682842,435.6406861345838,0.04,0.045
1791317212.2395258,760.0,437.34396315237706,-524.1637650308136,15.836234969186432,2.2066781589393973e-14,-7.77945325779442e-14,-0.010642496744791667,0.010420735677083333,-0.010642496744791667,0.010420735677083333,0,idle,778.1256975138824,446.54242091239496,760.8616412105641,436.1857728734743,0.04,0.045
1791317212.256005,760.0,437.343963152377,-524.1637650308136,15.836234969186428,2.1625551139925186e-14,-7.623901273756664e-14,-0.010642496744791667,0.010420735677083333,-0.010642496744791667,0.010420735677083333,0,idle,760.6923511905728,433.1423078477979,760.8531767095645,436.0335996221904,0.04,0.045
1791317212.2731159,760.0,437.34396315237694,-524.1637650308136,15.836234969186428,2.1193119581454444e-14,-7.471451262743948e-14,-0.010642496744791667,0.010420735677083333,-0.010642496744791667,0.010420735677083333,0,idle,771.4956552522303,426.13986835330616,761.3853006366978,435.5389130587462,0.04,0.045
1791317212.2906828,760.0,437.3439631523769,-524.1637650308136,15.836234969186428,2.0769317205378825e-14,-7.322043395454089e-14,-0.010642496744791667,0.010420735677083333,-0.010642496744791667,0.010420735677083333,0,idle,745.2043691982192,444.6547218644408,760.5762540647739,435.99470349903083,0.04,0.045
1791317212.3072991,760.0,437.34396315237683,-524.1637650308136,15.836234969186432,2.0353976174441128e-14,-7.175618502311676e-14,-0.010642496744791667,0.010420735677083333,-0.010642496744791667,0.010420735677083333,0,idle,778.3273923007997,464.75344328532816,761.4638109765752,437.43264048834567,0.04,0.045
1791317212.3241751,760.0,437.3439631523768,-524.1637650308136,15.836234969186432,1.9946930853666914e-14,-7.032118190137068e-14,-0.010642496744791667,0.010420735677083333,-0.010642496744791667,0.010420735677083333,0,idle,766.7159669678944,446.1393694222148,761.7264187761411,437.86797693503905,0.04,0.045
1791317212.341418,760.0,437.3439631523767,-524.1637650308136,15.836234969186432,1.954801804601691e-14,-6.891484925223605e-14,-0.010642496744791667,0.010420735677083333,-0.010642496744791667,0.010420735677083333,0,idle,765.985278479961,422.1020379165694,761.9393617613322,437.0796799841155,0.04,0.045
1791317212.359002,760.0,437.34396315237666,-524.1637650308136,15.836234969186432,1.9157077155876453e-14,-6.75366209097441e-14,-0.010642496744791667,0.010420735677083333,-0.010642496744791667,0.010420735677083333,0,idle,757.3951816857864,428.7134526758773,761.7121527575549,436.66136861870353,0.04,0.045
1791317212.375515,760.0,437.3439631523766,-524.1637650308136,15.836234969186432,1.877395029800103e-14,-6.618594026310189e-14,-0.010642496744791667,0.010420735677083333,-0.010642496744791667,0.010420735677083333,0,idle,753.0824798898509,419.3202133677358,761.2806691141698,435.7943108561551,0.04,0.045
1791317212.392202,760.0,437.34396315237655,-524.1637650308136,15.836234969186432,1.839848236533116e-14,-6.486226049576789e-14,-0.010642496744791667,0.010420735677083333,-0.010642496744791667,0.010420735677083333,0,idle,766.4179292491565,438.5112806850995,761.5375321209191,435.9301593476023,0.04,0.045
1791317212.4093702,760.0,437.3439631523765,-524.1637650308136,15.836234969186432,1.8030521065878722e-14,-6.356504471549145e-14,-0.010642496744791667,0.010420735677083333,-0.010642496744791667,0.010420735677083333,0,idle,758.6426265432135,416.13853585751605,761.3927868420338,434.94057817309795,0.04,0.045
1791317212.4264362,760.0,437.34396315237643,-524.1637650308136,15.836234969186432,1.766991693643733e-14,-6.229376600264767e-14,-0.010642496744791667,0.010420735677083333,-0.010642496744791667,0.010420735677083333,0,idle,760.717558591054,452.6118608576245,761.3590254294849,435.8241423073242,0.04,0.045
1791317212.4431942,760.0,437.3439631523764,-524.1637650308136,15.836234969186432,1.7316523339002776e-14,-6.104790739761789e-14,-0.010642496744791667,0.010420735677083333,-0.010642496744791667,0.010420735677083333,0,idle,758.5521230687281,440.9549893219798,761.218680311447,436.08068465805695,0.04,0.045
1791317212.4600818,760.0,437.3439631523763,-524.1637650308136,15.836234969186432,1.6970196444368016e-14,-5.982696184295524e-14,-0.010642496744791667,0.010420735677083333,-0.010642496744791667,0.010420735677083333,0,idle,751.9448811449978,430.8377888833869,760.7549903531245,435.8185398693234,0.04,0.045
1791317212.476785,760.0,437.34396315237626,-524.1637650308136,15.836234969186432,1.663079520627581e-14,-5.863043209226205e-14,-0.010642496744791667,0.010420735677083333,-0.010642496744791667,0.010420735677083333,0,idle,762.0722867943198,439.33398682394056,760.8208551751843,435.9943122170542,0.04,0.045
1791317212.4936802,760.0,437.3439631523762,-524.1637650308136,15.836234969186428,1.6298181328689928e-14,-5.745783059480726e-14,-0.010642496744791667,0.010420735677083333,-0.010642496744791667,0.010420735677083333,0,idle,755.1087594417064,431.5568875858254,760.5352503885105,435.7724409854927,0.04,0.045
1791317212.51057,760.0,437.34396315237615,-524.1637650308136,15.836234969186428,1.5972219228121116e-14,-5.6308679362709895e-14,-0.010642496744791667,0.010420735677083333,-0.010642496744791667,0.010420735677083333,0,idle,759.1918930887026,428.5477594482309,760.46808252352,435.4112069086296,0.04,0.045
1791317212.5273259,760.0,437.3439631523761,-524.1637650308136,15.836234969186428,1.5652775992469872e-14,-5.5182509825842825e-14,-0.010642496744791667,0.010420735677083333,-0.010642496744791667,0.010420735677083333,0,idle,777.6177796756524,431.2399460397262,761.3255673811267,435.20264386518437,0.04,0.045
1791317212.5431092,760.0,437.34396315237603,-524.1637650308136,15.836234969186428,1.5339721337488233e-14,-5.407886267834255e-14,-0.010642496744791667,0.010420735677083333,-0.010642496744791667,0.010420735677083333,0,idle,764.4801796950857,454.10211051904236,761.4832979968246,436.1476171978772,0.04,0.045
1791317212.55982,760.0,437.343963152376,-524.1637650308136,15.836234969186428,1.5032927561689996e-14,-5.2997287719649093e-14,-0.010642496744791667,0.010420735677083333,-0.010642496744791667,0.010420735677083333,0,idle,744.6311663676354,446.29808057922315,760.6406914153652,436.65514036694447,0.04,0.045
1791317212.576289,760.0,437.3439631523759,-524.1637650308136,15.836234969186428,1.4732269500332106e-14,-5.193734369227132e-14,-0.010642496744791667,0.010420735677083333,-0.010642496744791667,0.010420735677083333,0,idle,758.684184691335,437.000614937147,760.5428660791637,436.67241409545454,0.04,0.045
1791317212.593733,760.0,437.34396315237586,-524.1637650308136,15.836234969186428,1.4437624478933382e-14,-5.089859811792127e-14,-0.010642496744791667,0.010420735677083333,-0.010642496744791667,0.010420735677083333,0,idle,767.2215190161054,449.87188335829455,760.8767987260107,437.3323875585965,0.04,0.045
1791317212.6102011,760.0,437.3439631523758,-524.1637650308136,15.836234969186428,1.4148872266678365e-14,-4.988062713324342e-14,-0.010642496744791667,0.010420735677083333,-0.010642496744791667,0.010420735677083333,0,idle,756.3245183136781,447.9456978293874,760.6491847053941,437.863053072136,0.04,0.045
1791317212.627648,760.0,437.34396315237575,-524.1637650308136,15.836234969186428,1.3865895029964456e-14,-4.888301532604914e-14,-0.010642496744791667,0.010420735677083333,-0.010642496744791667,0.010420735677083333,0,idle,766.988304764503,439.7468609735618,760.9661407083495,437.9572434672072,0.04,0.045
1791317212.644083,760.0,437.3439631523757,-524.1637650308136,15.836234969186428,1.3588577286282863e-14,-4.790535557272794e-14,-0.010642496744791667,0.010420735677083333,-0.010642496744791667,0.010420735677083333,0,idle,752.7424642594628,442.7124616459442,760.5549568859052,438.195004376144,0.04,0.045
1791317212.661514,760.0,437.34396315237564,-524.1637650308136,15.836234969186428,1.3316805858572734e-14,-4.694724887732693e-14,-0.010642496744791667,0.010420735677083333,-0.010642496744791667,0.010420735677083333,0,idle,772.650680210271,436.37498361408933,761.1597430521235,438.10400333804125,0.04,0.045
1791317212.677957,760.0,437.3439631523756,-524.1637650308136,15.836234969186428,1.3050469830149369e-14,-4.600830421265412e-14,-0.010642496744791667,0.010420735677083333,-0.010642496744791667,0.010420735677083333,0,idle,758.574326554101,464.83051901064033,761.0304722272224,439.44032912167114,0.04,0.045
1791317212.6952388,760.0,437.3439631523755,-524.1637650308136,15.836234969186428,1.2789460500278278e-14,-4.5088138363658574e-14,-0.010642496744791667,0.010420735677083333,-0.010642496744791667,0.010420735677083333,0,idle,756.9889844821571,429.02343929576244,760.8283978399692,438.9194846303757,0.04,0.045
1791317212.712783,760.0,437.34396315237547,-524.1637650308136,15.836234969186428,1.253367134044506e-14,-4.418637577326368e-14,-0.010642496744791667,0.010420735677083333,-0.010642496744791667,0.010420735677083333,0,idle,772.2075456272806,439.5926561593017,761.3973552293347,438.95314320682195,0.04,0.045
1791317212.729285,760.0,437.3439631523754,-524.1637650308136,15.836234969186428,1.2282997951354593e-14,-4.3302648390771494e-14,-0.010642496744791667,0.010420735677083333,-0.010642496744791667,0.010420735677083333,0,idle,775.285365933657,434.3962135642212,762.0917557645508,438.7252967246919,0.04,0.045
1791317212.746891,760.0,437.34396315237535,-524.1637650308136,15.836234969186428,1.2037338020680757e-14,-4.243659552291302e-14,-0.010642496744791667,0.010420735677083333,-0.010642496744791667,0.010420735677083333,0,idle,739.8237434085876,410.40923868445634,760.9783551467526,437.30949382268005,0.04,0.045
1791317212.764729,760.0,437.3439631523753,-524.1637650308136,15.836234969186428,1.1796591281578633e-14,-4.158786368758658e-14,-0.010642496744791667,0.010420735677083333,-0.010642496744791667,0.010420735677083333,0,idle,772.741162520871,456.41989859320057,761.5664955154585,438.26501406120605,0.04,0.045
1791317212.781318,760.0,437.34396315237524,-524.1637650308136,15.836234969186428,1.156065947196431e-14,-4.0756106470302276e-14,-0.010642496744791667,0.010420735677083333,-0.010642496744791667,0.010420735677083333,0,idle,744.9358694477249,434.5753485225299,760.7349642120719,438.0805307842722,0.04,0.045
1791317212.798847,760.0,437.3439631523752,-524.1637650308136,15.836234969186428,1.1329446294562261e-14,-3.994098438333247e-14,-0.010642496744791667,0.010420735677083333,-0.010642496744791667,0.010420735677083333,0,idle,750.3355295150941,445.5904612262621,760.214992477223,438.45602730637165,0.04,0.045
1791317212.8154721,760.0,437.3439631523751,-524.1637650308136,15.836234969186428,1.11028573777165e-14,-3.9142164727554895e-14,-0.010642496744791667,0.010420735677083333,-0.010642496744791667,0.010420735677083333,0,idle,777.6838645844823,441.7678088732107,761.0884360825859,438.62161638471355,0.04,0.045
1791317212.832408,760.0,437.34396315237507,-524.1637650308136,15.836234969186428,1.0880800236958968e-14,-3.835932145696532e-14,-0.010642496744791667,0.010420735677083333,-0.010642496744791667,0.010420735677083333,0,idle,765.0785252493215,441.6401947686062,761.2879405409227,438.77254530390815,0.04,0.045
1791317212.849359,760.0,437.343963152375,-524.1637650308136,15.836234969186428,1.066318423732655e-14,-3.759213504582946e-14,-0.010642496744791667,0.010420735677083333,-0.010642496744791667,0.010420735677083333,0,idle,756.3330344561873,420.16969839581253,761.0401952366859,437.8424029585033,0.04,0.045
1791317212.8663092,760.0,437.34396315237495,-524.1637650308136,15.836234969186428,1.0449920556416712e-14,-3.68402923584388e-14,-0.010642496744791667,0.010420735677083333,-0.010642496744791667,0.010420735677083333,0,idle,764.7257614301019,450.70133738287547,761.2244735463568,438.4853496797219,0.04,0.045
1791317212.8831182,760.0,437.3439631523749,-524.1637650308136,15.836234969186428,1.0240922148170681e-14,-3.6103486521431337e-14,-0.010642496744791667,0.010420735677083333,-0.010642496744791667,0.010420735677083333,0,idle,750.7909256465614,442.85243568657864,760.702796151367,438.7037039800647,0.04,0.045
1791317212.90098,760.0,437.34396315237484,-524.1637650308136,15.836234969186426,1.0036103707372451e-14,-3.538141679863588e-14,-0.010642496744791667,0.010420735677083333,-0.010642496744791667,0.010420735677083333,0,idle,774.4733136545631,444.54142624882144,761.3913220265268,438.99559009350247,0.04,0.045
1791317212.91779,760.0,437.3439631523748,-524.1637650308136,15.836234969186428,9.835381634851388e-15,-3.4673788468396845e-14,-0.010642496744791667,0.010420735677083333,-0.010642496744791667,0.010420735677083333,0,idle,751.6890709655047,442.4920959170258,760.9062094734758,439.17041538467856,0.04,0.045
1791317212.934407,760.0,437.3439631523747,-524.1637650308136,15.836234969186428,9.638674003375953e-15,-3.3980312703335526e-14,-0.010642496744791667,0.010420735677083333,-0.010642496744791667,0.010420735677083333,0,idle,754.3471975195005,448.7293125156457,760.578258875777,439.64836024122684,0.04,0.045
1791317212.9512691,760.0,437.34396315237467,-524.1637650308136,15.836234969186428,9.445900524225934e-15,-3.330070645250338e-14,-0.010642496744791667,0.010420735677083333,-0.010642496744791667,0.010420735677083333,0,idle,765.063872244206,446.74052969582385,760.8025395441985,440.00296871395665,0.04,0.045
1791317212.968947,760.0,437.3439631523746,-524.1637650308136,15.836234969186432,9.256982514430481e-15,-3.263469232588255e-14,-0.010642496744791667,0.010420735677083333,-0.010642496744791667,0.010420735677083333,0,idle,740.2649776936428,444.2799718240708,759.7756614516707,440.2168188694623,0.04,0.045
1791317212.9854982,760.0,437.34396315237456,-524.1637650308136,15.836234969186432,9.071842864659352e-15,-3.198199848118923e-14,-0.010642496744791667,0.010420735677083333,-0.010642496744791667,0.010420735677083333,0,idle,775.2009174640398,435.7260639444825,760.5469242522892,439.9922811232133,0.04,0.045
1791317213.0019689,760.0,437.3439631523745,-524.1637650308136,15.836234969186432,8.890406007754766e-15,-3.134235851293543e-14,-0.010642496744791667,0.010420735677083333,-0.010642496744791667,0.010420735677083333,0,idle,775.6799293731384,423.6850783880154,761.3035745083316,439.17692098645335,0.04,0.045
1791317213.019485,760.0,437.34396315237444,-524.1637650308136,15.836234969186428,8.712597887891477e-15,-3.071551134370546e-14,-0.010642496744791667,0.010420735677083333,-0.010642496744791667,0.010420735677083333,0,idle,751.2788700968333,446.1371600449227,760.8023392877567,439.52493293937675,0.04,0.045
1791317213.036107,760.0,437.3439631523744,-524.1637650308136,15.836234969186428,8.538345930352758e-15,-3.010120111760381e-14,-0.010642496744791667,0.010420735677083333,-0.010642496744791667,0.010420735677083333,0,idle,761.3585457398201,450.73584675554923,760.8301496103599,440.0854786301853,0.04,0.045
1791317213.053366,760.0,437.34396315237433,-524.1637650308136,15.836234969186428,8.367579011910222e-15,-2.949917709583173e-14,-0.010642496744791667,0.010420735677083333,-0.010642496744791667,0.010420735677083333,0,idle,778.9047116209314,439.96339481282683,761.7338777108885,440.07937443931735,0.04,0.045
1791317213.070098,760.0,437.3439631523743,-524.1637650308136,15.836234969186432,8.200227431795541e-15,-2.8909193554350563e-14,-0.010642496744791667,0.010420735677083333,-0.010642496744791667,0.010420735677083333,0,idle,741.0524767614875,444.54607011744224,760.6998076634184,440.30270922322353,0.04,0.045
1791317213.0868192,760.0,437.3439631523743,-524.1637650308136,15.836234969186428,8.036222883252369e-15,-2.8331009683590496e-14,-0.010642496744791667,0.010420735677083333,-0.010642496744791667,0.010420735677083333,0,idle,767.8006747238138,443.0675949958165,761.0548510164382,440.4409535118532,0.04,0.045
1791317213.103432,760.0,437.3439631523743,-524.1637650308136,15.836234969186432,7.875498425656947e-15,-2.776438949016414e-14,-0.010642496744791667,0.010420735677083333,-0.010642496744791667,0.010420735677083333,0,idle,761.7428037817476,447.0072141494587,761.0892486547036,440.76926654373347,0.04,0.045
1791317213.120947,760.0,437.3439631523743,-524.1637650308136,15.836234969186428,7.717988457196076e-15,-2.7209101700545127e-14,-0.010642496744791667,0.010420735677083333,-0.010642496744791667,0.010420735677083333,0,idle,767.2107530231086,439.46175008228283,761.3953238731239,440.7038907206609,0.04,0.045
1791317213.137849,760.0,437.3439631523743,-524.1637650308136,15.836234969186428,7.563628688091392e-15,-2.6664919666672556e-14,-0.010642496744791667,0.010420735677083333,-0.010642496744791667,0.010420735677083333,0,idle,765.7612553528501,439.19964634590775,761.6136204471102,440.6286785019233,0.04,0.045
1791317213.1546822,760.0,437.3439631523743,-524.1637650308136,15.836234969186428,7.412356114359018e-15,-2.6131621273442944e-14,-0.010642496744791667,0.010420735677083333,-0.010642496744791667,0.010420735677083333,0,idle,745.6908408539477,438.94823553723586,760.817481467452,440.5446563536889,0.04,0.045
1791317213.171496,760.0,437.3439631523743,-524.1637650308136,15.836234969186428,7.264108992093948e-15,-2.5608988848052032e-14,-0.010642496744791667,0.010420735677083333,-0.010642496744791667,0.010420735677083333,0,idle,771.40347396078,421.4414971719282,761.3467810921184,439.58949839460087,0.04,0.045
1791317213.188378,760.0,437.3439631523743,-524.1637650308136,15.836234969186428,7.118826812268665e-15,-2.50968090711495e-14,-0.010642496744791667,0.010420735677083333,-0.010642496744791667,0.010420735677083333,0,idle,746.8256582127445,417.7571062853596,760.6207249481497,438.4978787891388,0.04,0.045
1791317213.20526,760.0,437.3439631523743,-524.1637650308136,15.836234969186428,6.976450276035749e-15,-2.4594872889770426e-14,-0.010642496744791667,0.010420735677083333,-0.010642496744791667,0.010420735677083333,0,idle,782.5234239443428,459.1800129481919,761.7158598979594,439.53198549709145,0.04,0.045
1791317213.222972,760.0,437.3439631523743,-524.1637650308136,15.836234969186428,6.836921270524384e-15,-2.410297543200798e-14,-0.010642496744791667,0.010420735677083333,-0.010642496744791667,0.010420735677083333,0,idle,758.710665851648,440.3002770875223,761.5656001956438,439.570400076613,0.04,0.045
1791317213.239886,760.0,437.3439631523743,-524.1637650308136,15.836234969186428,6.7001828451209145e-15,-2.3620915923392563e-14,-0.010642496744791667,0.010420735677083333,-0.010642496744791667,0.010420735677083333,0,idle,781.1862589729556,434.5055772395517,762.5466331345094,439.31715893475996,0.04,0.045
1791317213.256916,760.0,437.3439631523743,-524.1637650308136,15.836234969186428,6.5661791882237636e-15,-2.314849760494328e-14,-0.010642496744791667,0.010420735677083333,-0.010642496744791667,0.010420735677083333,0,idle,760.4821668139978,424.3255381640363,762.4434098184838,438.5675778962238,0.04,0.045
1791317213.2737448,760.0,437.3439631523743,-524.1637650308136,15.836234969186428,6.4348556044632415e-15,-2.268552765285835e-14,-0.010642496744791667,0.010420735677083333,-0.010642496744791667,0.010420735677083333,0,idle,740.2370972610183,461.9516512920157,761.3330941906105,439.7367815660134,0.04,0.045
1791317213.290611,760.0,437.3439631523743,-524.1637650308136,15.836234969186428,6.306158492376943e-15,-2.223181709981164e-14,-0.010642496744791667,0.010420735677083333,-0.010642496744791667,0.010420735677083333,0,idle,767.8678264889405,424.07351102125665,761.659830805527,438.9536180387756,0.04,0.045
1791317213.307092,760.0,437.3439631523743,-524.1637650308136,15.836234969186432,6.180035322531631e-15,-2.1787180757823256e-14,-0.010642496744791667,0.010420735677083333,-0.010642496744791667,0.010420735677083333,0,idle,758.767672776434,440.3425091201574,761.5152229040724,439.02306259284467,0.04,0.045
1791317213.324956,760.0,437.3439631523743,-524.1637650308136,15.836234969186432,6.0564346160826694e-15,-2.135143714267268e-14,-0.010642496744791667,0.010420735677083333,-0.010642496744791667,0.010420735677083333,0,idle,736.9234869659367,430.2989857813448,760.2856361071656,438.5868587522697,0.04,0.045
1791317213.342017,760.0,437.3439631523743,-524.1637650308136,15.836234969186432,5.93530592376227e-15,-2.0924408399823648e-14,-0.010642496744791667,0.010420735677083333,-0.010642496744791667,0.010420735677083333,0,idle,764.8907134748309,407.0178177467797,760.5158899755488,437.00840670199517,0.04,0.045
1791317213.3585489,760.0,437.3439631523743,-524.1637650308136,15.836234969186432,5.816599805287966e-15,-2.0505920231830492e-14,-0.010642496744791667,0.010420735677083333,-0.010642496744791667,0.010420735677083333,0,idle,771.0710199082539,457.40701488111307,761.043646472184,438.02833711095104,0.04,0.045
1791317213.3745012,760.0,437.3439631523743,-524.1637650308136,15.836234969186432,5.700267809182912e-15,-2.0095801827196373e-14,-0.010642496744791667,0.010420735677083333,-0.010642496744791667,0.010420735677083333,0,idle,760.3272721827726,429.53767582999575,761.0078277577135,437.6038040469033,0.04,0.045
1791317213.391186,760.0,437.3439631523743,-524.1637650308136,15.836234969186428,5.586262452999784e-15,-1.9693885790654315e-14,-0.010642496744791667,0.010420735677083333,-0.010642496744791667,0.010420735677083333,0,idle,779.3748236042456,437.80326150583045,761.92617755004,437.61377691984967,0.04,0.045
1791317213.408758,760.0,437.3439631523743,-524.1637650308136,15.836234969186428,5.474537203940186e-15,-1.930000807484263e-14,-0.010642496744791667,0.010420735677083333,-0.010642496744791667,0.010420735677083333,0,idle,756.7078285764261,431.1102733313547,761.6652601013593,437.2886017404249,0.04,0.045
1791317213.425306,760.0,437.3439631523743,-524.1637650308136,15.836234969186426,5.36504645986168e-15,-1.8914007913346832e-14,-0.010642496744791667,0.010420735677083333,-0.010642496744791667,0.010420735677083333,0,idle,750.9318905445248,436.198407018606,761.1285916235175,437.23409200433395,0.04,0.045
1791317213.442671,760.0,437.3439631523743,-524.1637650308136,15.836234969186428,5.2577455306646704e-15,-1.8535727755080684e-14,-0.010642496744791667,0.010420735677083333,-0.010642496744791667,0.010420735677083333,0,idle,770.6925520784757,432.70516350309344,761.6067896462655,437.0076455792719,0.04,0.045
1791317213.4586902,760.0,437.3439631523743,-524.1637650308136,15.836234969186428,5.152590620051545e-15,-1.816501319997966e-14,-0.010642496744791667,0.010420735677083333,-0.010642496744791667,0.010420735677083333,0,idle,735.8494525369078,432.7869201323183,760.3189227907976,436.79660930692427,0.04,0.045
1791317213.475277,760.0,437.3439631523743,-524.1637650308136,15.836234969186428,5.04953880765064e-15,-1.7801712935980512e-14,-0.010642496744791667,0.010420735677083333,-0.010642496744791667,0.010420735677083333,0,idle,755.0186653065932,449.1335860458925,760.0539099165874,437.4134581438727,0.04,0.045
1791317213.492138,760.0,437.3439631523743,-524.1637650308136,15.836234969186428,4.948548031497722e-15,-1.7445678677261235e-14,-0.010642496744791667,0.010420735677083333,-0.010642496744791667,0.010420735677083333,0,idle,768.8935879595546,432.07410208128033,760.4958938187357,437.14649034074307,0.04,0.045
1791317213.50968,760.0,437.3439631523743,-524.1637650308136,15.836234969186428,4.8495770708678384e-15,-1.709676510371626e-14,-0.010642496744791667,0.010420735677083333,-0.010642496744791667,0.010420735677083333,0,idle,764.1668504284318,442.34397608525353,760.6794416492205,437.40636462796857,0.04,0.045
1791317213.5259619,760.0,437.3439631523743,-524.1637650308136,15.836234969186432,4.752585529450535e-15,-1.675482980164212e-14,-0.010642496744791667,0.010420735677083333,-0.010642496744791667,0.010420735677083333,0,idle,743.6937519537868,418.4981381585445,759.8301571644488,436.46095330449737,0.04,0.045
1791317213.5431418,760.0,437.3439631523743,-524.1637650308136,15.836234969186432,4.657533818861564e-15,-1.6419733205609418e-14,-0.010642496744791667,0.010420735677083333,-0.010642496744791667,0.010420735677083333,0,idle,773.3377179422037,417.8707660321564,760.5055352033365,435.5314439408803,0.04,0.045
1791317213.5601048,760.0,437.3439631523743,-524.1637650308136,15.836234969186432,4.5643831424843625e-15,-1.6091338541497333e-14,-0.010642496744791667,0.010420735677083333,-0.010642496744791667,0.010420735677083333,0,idle,756.8753002143543,433.08250222297505,760.3240234538874,435.40899685498505,0.04,0.045
1791317213.5777228,760.0,437.3439631523743,-524.1637650308136,15.836234969186428,4.4730954796346975e-15,-1.5769511770667468e-14,-0.010642496744791667,0.010420735677083333,-0.010642496744791667,0.010420735677083333,0,idle,775.8214737266994,447.67085441331733,761.098895967528,436.0220897329017,0.04,0.045
1791317213.5933099,760.0,437.3439631523743,-524.1637650308136,15.836234969186432,4.383633570042021e-15,-1.5454121535254177e-14,-0.010642496744791667,0.010420735677083333,-0.010642496744791667,0.010420735677083333,0,idle,750.9126703987449,427.8403296102696,760.589584689089,435.6130017267701,0.04,0.045
1791317213.610952,760.0,437.3439631523743,-524.1637650308136,15.836234969186432,4.295960898641193e-15,-1.5145039104549137e-14,-0.010642496744791667,0.010420735677083333,-0.010642496744791667,0.010420735677083333,0,idle,753.7564577409161,427.6316526981021,760.2479283416803,435.2139342753367,0.04,0.045
1791317213.627796,760.0,437.3439631523743,-524.1637650308136,15.836234969186432,4.210041680668379e-15,-1.4842138322458188e-14,-0.010642496744791667,0.010420735677083333,-0.010642496744791667,0.010420735677083333,0,idle,779.4316427085048,436.71007738583,761.2071140600216,435.28874143086136,0.04,0.045
1791317213.644639,760.0,437.3439631523743,-524.1637650308136,15.836234969186432,4.125840847055018e-15,-1.454529555600905e-14,-0.010642496744791667,0.010420735677083333,-0.010642496744791667,0.010420735677083333,0,idle,740.8956785328435,435.80920164552623,760.1915422836627,435.3147644415946,0.04,0.045
1791317213.661723,760.0,437.3439631523743,-524.1637650308136,15.836234969186432,4.043324030113923e-15,-1.4254389644888888e-14,-0.010642496744791667,0.010420735677083333,-0.010642496744791667,0.010420735677083333,0,idle,750.0701838129818,449.93127024598573,759.6854743601286,436.0455897318142,0.04,0.045
1791317213.678776,760.0,437.3439631523743,-524.1637650308136,15.836234969186432,3.962457549511648e-15,-1.3969301851991123e-14,-0.010642496744791667,0.010420735677083333,-0.010642496744791667,0.010420735677083333,0,idle,751.5813805651636,445.07315406695756,759.2802696703803,436.49696794857135,0.04,0.045
1791317213.695157,760.0,437.3439631523743,-524.1637650308136,15.836234969186432,3.883208398521418e-15,-1.3689915814951311e-14,-0.010642496744791667,0.010420735677083333,-0.010642496744791667,0.010420735677083333,0,idle,765.8184304986221,442.9317023743416,759.6071777117925,436.81870466985987,0.04,0.045
1791317213.712787,760.0,437.3439631523743,-524.1637650308136,15.836234969186428,3.805544230550992e-15,-1.3416117498652294e-14,-0.010642496744791667,0.010420735677083333,-0.010642496744791667,0.010420735677083333,0,idle,784.4838563486471,436.41207702297817,760.8510116436352,436.7983732875158,0.04,0.045
1791317213.729602,760.0,437.3439631523743,-524.1637650308136,15.836234969186428,3.729433345939974e-15,-1.3147795148679255e-14,-0.010642496744791667,0.010420735677083333,-0.010642496744791667,0.010420735677083333,0,idle,745.5853327371135,445.0130106816027,760.0877276983091,437.20910515722016,0.04,0.045
1791317213.746668,760.0,437.3439631523743,-524.1637650308136,15.836234969186428,3.654844679021176e-15,-1.2884839245705674e-14,-0.010642496744791667,0.010420735677083333,-0.010642496744791667,0.010420735677083333,0,idle,772.5296242681718,435.32246436618647,760.7098225268022,437.1147731176685,0.04,0.045
1791317213.763681,760.0,437.3439631523743,-524.1637650308136,15.836234969186428,3.581747785440753e-15,-1.2627142460791564e-14,-0.010642496744791667,0.010420735677083333,-0.010642496744791667,0.010420735677083333,0,idle,762.4967396585357,437.4445052523281,760.7991683833889,437.1312597244015,0.04,0.045
1791317213.780562,760.0,437.3439631523743,-524.1637650308136,15.836234969186428,3.5101128297319388e-15,-1.2374599611575736e-14,-0.010642496744791667,0.010420735677083333,-0.010642496744791667,0.010420735677083333,0,idle,775.9767185932118,444.1452142577948,761.55804589388,437.48195745107114,0.04,0.045
1791317213.796711,760.0,437.3439631523743,-524.1637650308136,15.836234969186428,3.4399105731373004e-15,-1.2127107619344223e-14,-0.010642496744791667,0.010420735677083333,-0.010642496744791667,0.010420735677083333,0,idle,770.5511385518722,442.63213551283116,762.0077005267797,437.73946635415916,0.04,0.045
1791317213.8138502,760.0,437.3439631523743,-524.1637650308136,15.836234969186428,3.371112361674555e-15,-1.188456546695734e-14,-0.010642496744791667,0.010420735677083333,-0.010642496744791667,0.010420735677083333,0,idle,774.6711697991857,443.5490000093076,762.6408739904,438.02994303691656,0.04,0.045
1791317213.83005,760.0,437.3439631523743,-524.1637650308136,15.836234969186428,3.3036901144410643e-15,-1.1646874157618195e-14,-0.010642496744791667,0.010420735677083333,-0.010642496744791667,0.010420735677083333,0,idle,780.8504940556031,429.34957134273054,763.5513549936602,437.59592445220727,0.04,0.045
1791317213.847462,760.0,437.3439631523743,-524.1637650308136,15.836234969186428,3.237616312152243e-15,-1.1413936674465832e-14,-0.010642496744791667,0.010420735677083333,-0.010642496744791667,0.010420735677083333,0,idle,755.9863020174023,425.55155329311555,763.1731023448473,436.9937058942527,0.04,0.045
1791317213.8639412,760.0,437.3439631523743,-524.1637650308136,15.836234969186428,3.1728639859091986e-15,-1.1185657940976515e-14,-0.010642496744791667,0.010420735677083333,-0.010642496744791667,0.010420735677083333,0,idle,770.1015848460816,426.43486140933817,763.519526469909,436.46576367000694,0.04,0.045
1791317213.881454,760.0,437.3439631523743,-524.1637650308136,15.836234969186432,3.109406706191015e-15,-1.0961944782156985e-14,-0.010642496744791667,0.010420735677083333,-0.010642496744791667,0.010420735677083333,0,idle,770.8274051922407,437.57438651353385,763.8849204060256,436.5211948121833,0.04,0.045
1791317213.898056,760.0,437.3439631523743,-524.1637650308136,15.836234969186428,3.0472185720671947e-15,-1.0742705886513846e-14,-0.010642496744791667,0.010420735677083333,-0.010642496744791667,0.010420735677083333,0,idle,765.8378451239639,433.29591081452895,763.9825666419225,436.35993061230056,0.04,0.045
1791317213.915775,760.0,437.3439631523743,-524.1637650308136,15.836234969186432,2.986274200625851e-15,-1.0527851768783569e-14,-0.010642496744791667,0.010420735677083333,-0.010642496744791667,0.010420735677083333,0,idle,765.7243616314636,441.2953472724827,764.0696563913996,436.6067014453097,0.04,0.045
1791317213.9321668,760.0,437.3439631523743,-524.1637650308136,15.836234969186432,2.926548716613334e-15,-1.0317294733407898e-14,-0.010642496744791667,0.010420735677083333,-0.010642496744791667,0.010420735677083333,0,idle,744.2445200052671,433.54810068674027,763.078399572093,436.4537714073812,0.04,0.045
1791317213.94962,760.0,437.3439631523743,-524.1637650308136,15.836234969186428,2.8680177422810675e-15,-1.0110948838739741e-14,-0.010642496744791667,0.010420735677083333,-0.010642496744791667,0.010420735677083333,0,idle,754.3930193103109,437.350104525144,762.6441305590039,436.4985880632694,0.04,0.045
1791317213.966281,760.0,437.3439631523743,-524.1637650308136,15.836234969186432,2.8106573874354462e-15,-9.908729861964946e-15,-0.010642496744791667,0.010420735677083333,-0.010642496744791667,0.010420735677083333,0,idle,777.3175152358803,437.10653029114616,763.3777997928477,436.5289851746632,0.04,0.045
1791317213.9838872,760.0,437.3439631523743,-524.1637650308136,15.836234969186428,2.7544442396867373e-15,-9.710555264725647e-15,-0.010642496744791667,0.010420735677083333,-0.010642496744791667,0.010420735677083333,0,idle,774.8245736891602,422.7443665664222,763.9501384876633,435.83975424425114,0.04,0.045
1791317214.000811,760.0,437.3439631523743,-524.1637650308136,15.836234969186432,2.6993553548930026e-15,-9.516344159431134e-15,-0.010642496744791667,0.010420735677083333,-0.010642496744791667,0.010420735677083333,0,idle,760.2553218484219,444.28174372729194,763.7653976557012,436.2618537184032,0.04,0.045
1791317214.017878,760.0,437.3439631523743,-524.1637650308136,15.836234969186432,2.6453682477951426e-15,-9.326017276242511e-15,-0.010642496744791667,0.010420735677083333,-0.010642496744791667,0.010420735677083333,0,idle,767.0856935538437,407.8472352672902,763.9314124506084,434.8411227958475,0.04,0.045
1791317214.034073,760.0,437.3439631523743,-524.1637650308136,15.836234969186428,2.5924608828392395e-15,-9.139496930717662e-15,-0.010642496744791667,0.010420735677083333,-0.010642496744791667,0.010420735677083333,0,idle,766.9225153970696,442.4240760729093,764.0809675979315,435.2202704597006,0.04,0.045
1791317214.05091,760.0,437.3439631523743,-524.1637650308136,15.836234969186428,2.5406116651824546e-15,-8.956706992103308e-15,-0.010642496744791667,0.010420735677083333,-0.010642496744791667,0.010420735677083333,0,idle,749.5662067922917,452.63497770209005,763.3552295576495,436.0910058218201,0.04,0.045
1791317214.0677068,760.0,437.3439631523743,-524.1637650308136,15.836234969186428,2.4897994318788056e-15,-8.777572852261243e-15,-0.010642496744791667,0.010420735677083333,-0.010642496744791667,0.010420735677083333,0,idle,749.1445295827809,431.8177893439208,762.644694558906,435.87734499792515,0.04,0.045
1791317214.084694,760.0,437.3439631523743,-524.1637650308136,15.836234969186428,2.4400034432412295e-15,-8.602021395216018e-15,-0.010642496744791667,0.010420735677083333,-0.010642496744791667,0.010420735677083333,0,idle,746.8797320222588,436.17601683126776,761.8564464320737,435.89227858959225,0.04,0.045
1791317214.1012821,760.0,437.3439631523743,-524.1637650308136,15.836234969186428,2.3912033743764047e-15,-8.429980967311697e-15,-0.010642496744791667,0.010420735677083333,-0.010642496744791667,0.010420735677083333,0,idle,763.8189542048178,418.6352812983495,761.9545718207108,435.02942872503013,0.04,0.045
1791317214.1183,760.0,437.3439631523743,-524.1637650308136,15.836234969186428,2.3433793068888765e-15,-8.261381347965463e-15,-0.010642496744791667,0.010420735677083333,-0.010642496744791667,0.010420735677083333,0,idle,742.6348188413217,423.77758215206734,760.9885841717414,434.466836396382,0.04,0.045
1791317214.1352031,760.0,437.3439631523743,-524.1637650308136,15.836234969186426,2.296511720751099e-15,-8.096153721006154e-15,-0.010642496744791667,0.010420735677083333,-0.010642496744791667,0.010420735677083333,0,idle,751.2925506096864,428.4257202624332,760.5037824936387,434.16478058968454,0.04,0.045
1791317214.151953,760.0,437.3439631523743,-524.1637650308136,15.836234969186428,2.250581486336077e-15,-7.93423064658603e-15,-0.010642496744791667,0.010420735677083333,-0.010642496744791667,0.010420735677083333,0,idle,762.7693748850445,454.59970965771447,760.617062113209,435.186527043086,0.04,0.045
1791317214.1682801,760.0,437.3439631523743,-524.1637650308136,15.836234969186426,2.2055698566093552e-15,-7.77554603365431e-15,-0.010642496744791667,0.010420735677083333,-0.010642496744791667,0.010420735677083333,0,idle,765.2318143585793,437.9269557075678,760.8477997254776,435.3235484763101,0.04,0.045
1791317214.185635,760.0,437.3439631523743,-524.1637650308136,15.836234969186426,2.161458459477168e-15,-7.620035112981224e-15,-0.010642496744791667,0.010420735677083333,-0.010642496744791667,0.010420735677083333,0,idle,736.505468054895,459.81196029044,759.6306831419485,436.5479690670166,0.04,0.045
1791317214.2024288,760.0,437.3439631523743,-524.1637650308136,15.836234969186426,2.1182292902876244e-15,-7.467634410721598e-15,-0.010642496744791667,0.010420735677083333,-0.010642496744791667,0.010420735677083333,0,idle,763.7465323202464,454.64102487916153,759.8364756008633,437.45262185762385,0.04,0.045
