timestamp,x,y,heading,direction_of_travel,velocity_x,velocity_y,steering_input_raw,throttle_input_raw,steering_input_applied,throttle_input_applied,safety_active,safety_phase,sensor_x,sensor_y,estimated_x,estimated_y,steering_deadzone,throttle_deadzone
1791329402.137057,400.0,300.0,0.0,0.0,0.0,0.0,-0.08397623697916667,-0.0003519694010416675,-0.08397623697916667,-0.0003519694010416675,0,idle,413.15099213069,281.9795913738484,400.6575496065345,299.0989795686924,0.04,0.045
1791329402.152072,400.0,300.0,0.0,0.0,0.0,0.0,-0.18032023111979167,-0.0003519694010416675,-0.18032023111979167,-0.0003519694010416675,0,idle,403.91221217128026,292.800439544859,400.82028273477175,298.78405256750074,0.04,0.045
1791329402.1687522,400.0,300.0,0.0,0.0,0.0,0.0,-0.5178751627604167,-0.0003519694010416675,-0.5178751627604167,-0.0003519694010416675,0,idle,375.1277820231644,291.3059990076309,399.5356576991914,298.41014988950724,0.04,0.045
1791329402.186502,400.0,300.0,0.0,0.0,0.0,0.0,-0.7112650553385417,-0.0003519694010416675,-0.7112650553385417,-0.0003519694010416675,0,idle,394.55096414498536,312.09218532673634,399.2864230214811,299.0942516613687,0.04,0.045
1791329402.202734,400.0,300.0,0.0,0.0,0.0,0.0,-0.9377054850260417,-0.0003519694010416675,-0.9377054850260417,-0.0003519694010416675,0,idle,396.61895730952193,310.8652680208655,399.15304973588314,299.68280247934354,0.04,0.045
1791329402.219548,400.0,300.0,0.0,0.0,0.0,0.0,-1.0108561197916666,-0.0003519694010416675,-1.0108561197916666,-0.0003519694010416675,0,idle,391.63032709135456,310.7097463909228,398.77691360365674,300.2341496749225,0.04,0.045
1791329402.23793,400.0,300.0,0.0,0.0,0.0,0.0,-1.0108561197916666,-0.0003519694010416675,-1.0108561197916666,-0.0003519694010416675,0,idle,410.4451715111946,281.3284449033071,399.36032649903365,299.2888644363417,0.04,0.045
1791329402.2626932,400.0,300.0,0.0,0.0,0.0,0.0,-1.0108561197916666,-0.0003519694010416675,-1.0108561197916666,-0.0003519694010416675,0,idle,391.440549723493,298.8127778775167,398.9643376602566,299.26506010840046,0.04,0.045
1791329402.270255,400.0,300.0,0.0,0.0,0.0,0.0,-1.0108561197916666,-0.0003519694010416675,-1.0108561197916666,-0.0003519694010416675,0,idle,406.1602519856737,282.15240899400254,399.32413337652747,298.40942755268054,0.04,0.045
1791329402.287754,400.0,300.0,0.0,0.0,0.0,0.0,-1.0108561197916666,-0.0003519694010416675,-1.0108561197916666,-0.0003519694010416675,0,idle,387.1971672583118,311.43491751175026,398.7177850706167,299.060702050634,0.04,0.045
1791329402.304379,400.0,300.0,0.0,0.0,0.0,0.0,-1.0004191080729166,-0.0003519694010416675,-1.0004191080729166,-0.0003519694010416675,0,idle,391.49445220173413,316.121591354891,398.3566184271726,299.91374651584687,0.04,0.045
1791329402.320291,400.0,300.0,0.0,0.0,0.0,0.0,-0.9986796061197917,-0.0003519694010416675,-0.9986796061197917,-0.0003519694010416675,0,idle,408.3985723106277,295.14461731566945,398.8587161213453,299.675290055838,0.04,0.045
1791329402.33642,400.0,300.0,0.0,0.0,0.0,0.0,-1.0027384440104166,-0.0003519694010416675,-1.0027384440104166,-0.0003519694010416675,0,idle,410.0735773720896,293.45347134244173,399.4194591838825,299.36419912016817,0.04,0.045
1791329402.352993,400.0,300.0,0.0,0.0,0.0,0.0,-1.0056376139322916,-0.0003519694010416675,-1.0056376139322916,-0.0003519694010416675,0,idle,388.54606268213325,297.62841167827213,398.87578935879503,299.27740974807335,0.04,0.045
1791329402.370589,400.0,300.0,0.0,0.0,0.0,0.0,-0.16893717447916667,-0.0003519694010416675,-0.16893717447916667,-0.0003519694010416675,0,idle,415.3681364446434,323.6858446619846,399.70040671308743,300.4978314937689,0.04,0.045
1791329402.387102,400.0,300.0,0.0,0.0,0.0,0.0,0.17499593098958333,-0.0003519694010416675,0.17499593098958333,-0.0003519694010416675,0,idle,382.60272433399797,300.4359664717562,398.84552259413294,300.4947382426683,0.04,0.045
1791329402.404703,400.0,300.0,0.0,0.0,0.0,0.0,0.17499593098958333,-0.0003519694010416675,0.17499593098958333,-0.0003519694010416675,0,idle,392.8793373141924,297.07520467748895,398.54721333013595,300.3237615644093,0.04,0.045
1791329402.421278,400.0,300.0,0.0,0.0,0.0,0.0,0.17499593098958333,-0.0003519694010416675,0.17499593098958333,-0.0003519694010416675,0,idle,407.2994028867073,295.3184869725521,398.9848228079645,300.07349783481646,0.04,0.045
1791329402.43872,400.0,300.0,0.0,0.0,0.0,0.0,0.17499593098958333,-0.0003519694010416675,0.17499593098958333,-0.0003519694010416675,0,idle,384.458064465963,301.5636025030463,398.25848489086445,300.148003068228,0.04,0.045
1791329402.454268,400.0,300.0,0.0,0.0,0.0,0.0,0.17499593098958333,-0.0003519694010416675,0.17499593098958333,-0.0003519694010416675,0,idle,426.9936750867408,293.46728653965874,399.6952444006583,299.8139672417995,0.04,0.045
1791329402.470282,400.0,300.0,0.0,0.0,0.0,0.0,0.17499593098958333,-0.0003519694010416675,0.17499593098958333,-0.0003519694010416675,0,idle,390.4274897116637,300.1532532327069,399.23185666620856,299.83093154134485,0.04,0.045
1791329402.486791,400.0,300.0,0.0,0.0,0.0,0.0,0.17499593098958333,-0.0003519694010416675,0.17499593098958333,-0.0003519694010416675,0,idle,395.0829432116318,321.0216441492953,399.0244109934797,300.8904671717424,0.04,0.045
1791329402.504341,400.0,300.0,0.0,0.0,0.0,0.0,0.17499593098958333,-0.0003519694010416675,0.17499593098958333,-0.0003519694010416675,0,idle,400.01721722393006,299.7790127030923,399.07405130500223,300.8348944483099,0.04,0.045
1791329402.520958,400.0,299.99998495025324,-7.199731305262474e-08,-7.199731305262474e-08,-1.8911363784410135e-14,-1.5049746771678328e-05,0.17499593098958333,-0.15083414713541668,0.17499593098958333,-0.15083414713541668,0,idle,416.2931799959975,322.1127249008912,399.935007739552,301.89877167367956,0.04,0.045
1791329402.5385652,399.9999999999998,299.999849319126,-8.59921829410397e-08,-8.482752082280385e-08,-2.0080453337734216e-13,-0.0001356311272334469,0.17499593098958333,-0.27882486979166665,0.17499593098958333,-0.27882486979166665,0,idle,385.5128359530418,292.4962785784785,399.21389915022627,301.42851816934865,0.04,0.045
1791329402.555178,400.0000000000057,299.9992431380896,6.877808117438008e-07,5.581292727236094e-07,5.904926747672587e-12,-0.0006061810363834717,0.17499593098958333,-0.41453653971354165,0.17499593098958333,-0.41453653971354165,0,idle,389.19785119192784,305.91438784904557,398.71309675231697,301.6522357813489,0.04,0.045
1791329402.5718,400.0000000002792,299.9973153582318,1.0466107134441903e-05,8.129470407850742e-06,2.735250212143679e-10,-0.0019277798577967615,0.17499593098958333,-0.5699625651041667,0.17499593098958333,-0.5699625651041667,0,idle,413.3586752024512,316.1746293099284,399.44537567508354,302.37652406691296,0.04,0.045
1791329402.58923,400.00000000417964,299.99231239809944,5.952125537363485e-05,4.466924097222657e-05,3.900434440797568e-09,-0.005002960132321794,0.17499593098958333,-0.7534952799479167,0.17499593098958333,-0.7534952799479167,0,idle,385.9052639666457,346.2700632859303,398.768370093367,304.5664482157381,0.04,0.045
1791329402.6060889,400.0000000366198,299.98102790550627,0.00022451029646553797,0.000164711132478871,3.244011287177713e-08,-0.011284492593201956,0.17499593098958333,-0.9539042154947917,0.17499593098958333,-0.9539042154947917,0,idle,408.8720239625371,311.63045055722637,399.2735528176437,304.90892806484896,0.04,0.045
1791329402.623102,400.0000002139001,299.9588586485045,0.0006393895632267757,0.0004581755998325729,1.772802937871424e-07,-0.022169257001764812,0.17499593098958333,-0.9897623697916667,0.17499593098958333,-0.9897623697916667,0,idle,406.11091226299345,304.0124992085554,399.6154209583275,304.8430458278826,0.04,0.045
1791329402.6407092,400.0000009208057,299.92014097176923,0.0014886173245277194,0.0010461038008168614,7.069056244677212e-07,-0.03871767673526545,0.17499593098958333,-0.9897928873697917,0.17499593098958333,-0.9897928873697917,0,idle,399.1752616317267,292.0654035114512,399.5934136635578,304.16738191916255,0.04,0.045
1791329402.6574972,400.00000315255767,299.8585225401772,0.002992400763652395,0.0020751902637724307,2.2317519798357894e-06,-0.061618431591998424,0.17499593098958333,-0.9897928873697917,0.17499593098958333,-0.9897928873697917,0,idle,422.1855923384327,287.2686420386517,400.72302471746593,303.2639074151246,0.04,0.045
1791329402.674468,400.0000090591075,299.76730951424713,0.005389382196790662,0.0037102198202033877,5.906549836924272e-06,-0.09121302593005479,0.17499593098958333,-0.9897928873697917,0.17499593098958333,-0.9897928873697917,0,idle,399.9716598839923,317.8105080799389,400.6854620870146,303.90458507373177,0.04,0.045
1791329402.691023,400.0000226965796,299.63976119533146,0.0089206500809964,0.0061260673357789105,1.3637472076665622e-05,-0.12754831891569302,0.17499593098958333,-0.9897928873697917,0.17499593098958333,-0.9897928873697917,0,idle,389.5768672365514,294.9528630516379,400.13004530008993,303.33582806965717,0.04,0.045
1791329402.708554,400.0000509572938,299.46932291157765,0.013816973409530375,0.009500328217743504,2.826071422939103e-05,-0.17043828375380127,0.17499593098958333,-0.9897928873697917,0.17499593098958333,-0.9897928873697917,0,idle,408.11721657780896,314.79788647657483,400.52943071165436,303.7470146204369,0.04,0.045
1791329402.7251992,400.00010310555706,299.2497983645018,0.019340688736047378,0.013610666225295179,5.214826327702182e-05,-0.21952454707581576,0.10144856770833333,-0.9897928873697917,0.10144856770833333,-0.9897928873697917,0,idle,404.2889192167339,296.3218159010632,400.71745467775844,303.1672063647462,0.04,0.045
1791329402.7427578,400.0001864341769,298.97546794156335,0.023097279123906952,0.017403749946185442,8.332861985409469e-05,-0.2743304229384744,-0.08556315104166667,-0.9897928873697917,-0.08556315104166667,-0.9897928873697917,0,idle,406.2762714587131,309.81608562681214,400.99547467899504,303.23903642605796,0.04,0.045
1791329402.759145,400.0003019578134,298.6411616688315,0.02363308543061054,0.01979925919363412,0.00011552363653296609,-0.3343062727318745,-0.3368448893229167,-0.9897928873697917,-0.3368448893229167,-0.9897928873697917,0,idle,408.07661260882236,307.21311932279224,401.34964132294107,303.12014961179943,0.04,0.045
1791329402.7765388,400.00044492554537,298.2422958426415,0.021785266492018947,0.02053684913424297,0.00014296773196358794,-0.39886582619001043,-0.6049418131510417,-0.9897928873697917,-0.6049418131510417,-0.9897928873697917,0,idle,399.51744432155715,297.1268165115362,401.25816729221725,302.44156042190576,0.04,0.045
1791329402.793029,400.00056188387924,297.77488175707686,0.0033140232099874954,0.014336792530992059,0.00011695833388798104,-0.4674140855646632,-0.8585428873697917,-0.9897928873697917,-0.8585428873697917,-0.9897928873697917,0,idle,395.0140232068994,294.8924990109196,400.94607119836854,301.62006397007,0.04,0.045
1791329402.810488,400.0004667422045,297.23551401344605,-0.055491148992673364,-0.010106678470915445,-9.514167475028843e-05,-0.5393677436307833,-1.0038981119791666,-0.9897928873697917,-1.0038981119791666,-0.9897928873697917,0,idle,408.1102550678836,281.8614742444812,401.3041900072533,300.1197351273413,0.04,0.045
1791329402.826932,399.9999931751147,296.6213444093925,-0.10992433534654389,-0.04417898574536483,-0.0004735670897693627,-0.6141696040535308,-0.12782999674479167,-0.9897928873697917,-0.12782999674479167,-0.9897928873697917,0,idle,400.66394329984075,304.92664261802526,401.27172778314736,299.77661937802463,0.04,0.045
1791329402.844341,399.9990578517577,295.9300460872238,-0.14410110899241008,-0.07752087111405002,-0.0009353233569765497,-0.6912983221687289,0.17499593098958333,-0.9897928873697917,0.17499593098958333,-0.9897928873697917,0,idle,395.006743907161,278.0635421813908,400.9575900321589,298.03423211213266,0.04,0.045
1791329402.860727,399.9976369359011,295.1597722215977,-0.16370051048598372,-0.10569278397420948,-0.0014209158565930324,-0.770273865626123,0.17499593098958333,-0.9897928873697917,0.17499593098958333,-0.9897928873697917,0,idle,390.0412650018875,295.1660156234199,400.4104239105816,297.1590611153522,0.04,0.045
1791329402.8782022,399.9957449538853,294.30911213594567,-0.17344665958874295,-0.12743328093086287,-0.0018919820157766718,-0.850660085652002,0.17499593098958333,-0.9897928873697917,0.17499593098958333,-0.9897928873697917,0,idle,413.44781582789926,305.6857743045959,401.0604961235325,296.77726969344496,0.04,0.045
1791329402.894794,399.9934166711054,293.3770469530526,-0.17716411543846086,-0.1431235730954506,-0.0023282827799208077,-0.9320651828930568,0.17499593098958333,-0.9897928873697917,0.17499593098958333,-0.9897928873697917,0,idle,406.02619138651,323.49615715388927,401.3065690180405,297.22775214271877,0.04,0.045
1791329402.912276,399.9906922704667,292.36290627507515,-0.17787164656077167,-0.15391975313163342,-0.0027244006387006003,-1.0141406779774849,0.17499593098958333,-0.9897928873697917,0.17499593098958333,-0.9897928873697917,0,idle,384.7288450731963,282.38423609290345,400.47509464019146,295.5221426961494,0.04,0.045
1791329402.929726,399.98760607705174,291.26632690761966,-0.17785065772900313,-0.16125179428245287,-0.0030861934149445215,-1.0965793674554893,0.17499593098958333,-0.9897928873697917,0.17499593098958333,-0.9897928873697917,0,idle,398.2956060317731,274.7940469764847,400.3631883260263,293.44398751108344,0.04,0.045
1791329402.945406,399.98419096361795,290.0872142341954,-0.1767755988211124,-0.16594770252177082,-0.003415113433814489,-1.1791126734242472,0.17499593098958333,-0.9897928873697917,0.17499593098958333,-0.9897928873697917,0,idle,395.4370700454597,271.6573676181198,400.1136380542359,291.23449947668223,0.04,0.045
1791329402.961924,399.98049096347114,288.8266167022389,-0.17339068431047894,-0.16816928358903005,-0.0037000001468225525,-1.2605975319565192,0.17499593098958333,-0.8824625651041667,0.17499593098958333,-0.8824625651041667,0,idle,429.17678287252505,305.0624249920744,401.5632802950109,290.72832809709314,0.04,0.045
1791329402.979439,399.9765852529424,287.4931266286637,-0.16695296918222002,-0.16781533947507385,-0.0039057105287098213,-1.3334900735751896,0.17499593098958333,0.019637044270833334,0.17499593098958333,0.019637044270833334,0,idle,406.8246821853421,291.9695188631166,401.82263996452514,289.5235720654979,0.04,0.045
1791329402.995904,399.9725775021225,286.0998847588079,-0.15718057376687444,-0.16481458025023066,-0.004007750819962684,-1.3932418698557758,0.17499593098958333,0.18550008138020832,0.17499593098958333,0.18550008138020832,0,idle,385.84367715942335,267.93766746344573,401.0198844609911,287.1206970590323,0.04,0.045
1791329403.013411,399.9685815724445,284.6613085896302,-0.144113133054777,-0.15914994413009248,-0.00399592967795248,-1.4385761691776733,0.17499593098958333,0.18550008138020832,0.17499593098958333,0.18550008138020832,0,idle,374.63554127741185,262.3380223609543,399.69687116861803,284.5149159634096,0.04,0.045
1791329403.0299368,399.9647109608429,283.1912676520625,-0.1279879024596988,-0.15085919769735096,-0.0038706116016124087,-1.4700409375677075,0.17499593098958333,0.18550008138020832,0.17499593098958333,0.18550008138020832,0,idle,415.0768366357167,264.2236482654491,400.46219236095146,282.10381368782225,0.04,0.045
1791329403.0474482,399.9610715988733,281.7021640430658,-0.10914564272284098,-0.14003032734088022,-0.0036393619696625254,-1.489103608996665,0.17499593098958333,0.18550008138020832,0.17499593098958333,0.18550008138020832,0,idle,426.2384247099784,290.1336606026087,401.7475465845316,281.0906576050147,0.04,0.045
1791329403.06422,399.9577574730721,280.20456267632585,-0.08796652091938434,-0.12679282713850548,-0.003314125801159456,-1.4976013667399828,0.17499593098958333,0.18550008138020832,0.17499593098958333,0.18550008138020832,0,idle,388.5921310596788,255.7247148462985,401.08662738877786,278.39963916867595,0.04,0.045
1791329403.0817542,399.95484844896725,278.7071411500438,-0.06483003306466742,-0.11130773206070303,-0.0029090241048195446,-1.4974215262820663,0.17499593098958333,0.18550008138020832,0.17499593098958333,0.18550008138020832,0,idle,400.6422595504989,276.97429036374245,401.0616454239643,276.90582127846136,0.04,0.045
1791329403.098398,399.9524096928881,277.21681295760953,-0.04009215083171383,-0.09375807730398455,-0.0024387560791337883,-1.4903281924342924,0.17499593098958333,0.18550008138020832,0.17499593098958333,0.18550008138020832,0,idle,424.8088507823739,284.4297350972463,402.2466888736096,275.86620518658805,0.04,0.045
1791329403.115055,399.9504921636787,275.73893325085425,-0.014073966645733172,-0.07434046806404368,-0.0019175292094538437,-1.4778797067553007,0.17499593098958333,0.18550008138020832,0.17499593098958333,0.18550008138020832,0,idle,403.050554261156,284.87270736955134,402.285060490238,274.9125445743187,0.04,0.045
1791329403.131837,399.9491337531408,274.2775326548127,0.012942425538745382,-0.05325792836111782,-0.001358410537882266,-1.4614005960415122,0.17499593098958333,0.18550008138020832,0.17499593098958333,0.18550008138020832,0,idle,411.03307001941124,270.0360446936723,402.72117047668564,273.28038901404693,0.04,0.045
1791329403.1485708,399.9483607624174,272.83554801467005,0.040713768268406864,-0.030713989996693076,-0.0007729907234254294,-1.4419846401426597,0.17499593098958333,0.18550008138020832,0.17499593098958333,0.18550008138020832,0,idle,419.8404255894709,280.2812632969807,403.57639889113767,272.2605473200581,0.04,0.045
1791329403.165623,399.9481894345523,271.4150703240134,0.06903008682854984,-0.006910607324395138,-0.00017132786505769223,-1.4204776906566308,0.17499593098958333,0.18550008138020832,0.17499593098958333,0.18550008138020832,0,idle,375.2763405586178,265.95742550856664,402.16123321303985,270.5959374233597,0.04,0.045
1791329403.182623,399.9486271949654,270.01764422639826,0.09770312704835223,0.01794858656966306,0.0004377604130942443,-1.3974260976151416,0.17499593098958333,0.18550008138020832,0.17499593098958333,0.18550008138020832,0,idle,400.8685572108305,272.77630520235687,402.09701528532185,269.3774010195752,0.04,0.045
1791329403.199519,399.9496736910132,268.6444600049485,0.12656572696838125,0.043664786027028266,0.0010464960477512598,-1.3731842214497585,0.17499593098958333,0.18550008138020832,0.17499593098958333,0.18550008138020832,0,idle,421.57113892296013,265.5034872521528,403.0717156384491,267.8791803208268,0.04,0.045
1791329403.2167192,399.95132173519073,267.29646818494876,0.15547133371602972,0.07004933366626993,0.0016480441775666688,-1.347991819999696,0.17499593098958333,0.18550008138020832,0.17499593098958333,0.18550008138020832,0,idle,404.66544713414504,259.041439110061,403.1529678552026,266.1567010312888,0.04,0.045
1791329403.232928,399.9535581987296,265.97444648737763,0.18429296757242392,0.09692715316794556,0.002236463538842764,-1.3220216975711234,0.17499593098958333,0.18550008138020832,0.17499593098958333,0.18550008138020832,0,idle,419.92844530891676,267.1348102780805,403.99386636825017,264.9496858809358,0.04,0.045
1791329403.2498891,399.95636487101774,264.67903821538016,0.21292181966086776,0.12413864295584186,0.002806672288183912,-1.295408271997478,0.17499593098958333,0.18550008138020832,0.17499593098958333,0.18550008138020832,0,idle,393.6861060584352,288.5526668302,403.48114469143314,264.89919707000143,0.04,0.045
1791329403.267348,399.959719283938,263.4107741083961,0.24126564140529644,0.15154040381639744,0.00335441292025435,-1.2682641069840723,0.17499593098958333,0.18550008138020832,0.17499593098958333,0.18550008138020832,0,idle,414.9470723019105,260.379027682813,404.05762776423126,263.4683376990071,0.04,0.045
1791329403.283919,399.96359549322403,262.17008508811824,0.269247049770226,0.17900513857698655,0.0038762092860522178,-1.2406890202778396,0.17499593098958333,0.18550008138020832,0.17499593098958333,0.18550008138020832,0,idle,401.15420988299417,268.72413678064265,403.9161392689911,262.55247308382496,0.04,0.045
1791329403.301541,399.96796480739175,260.9573103437148,0.2968018392840002,0.20642100209434136,0.004369314167715823,-1.2127747444034167,0.17499593098958333,0.18550008138020832,0.17499593098958333,0.18550008138020832,0,idle,397.29453952499904,249.67877572076839,403.5892101302508,260.7566522084889,0.04,0.045
1791329403.318049,399.972796456139,259.7727033133385,0.3238773632816468,0.23369061563611676,0.004831648747262409,-1.184607030376277,0.17499593098958333,0.18550008138020832,0.17499593098958333,0.18550008138020832,0,idle,387.5823036983806,273.50620315406906,402.7934548749672,260.2687530769104,0.04,0.045
1791329403.3354812,399.9780581927041,258.6164369436658,0.3504310237891628,0.26072990187975986,0.005261736565096061,-1.1562663696727205,0.17499593098958333,0.18550008138020832,0.17499593098958333,0.18550008138020832,0,idle,399.31831622905804,258.76693700780027,402.6246965924086,259.0952092222658,0.04,0.045
1791329403.351959,399.98371682756033,257.4886088990047,0.37642889190819234,0.2874668493394264,0.005658634856202995,-1.127828044661074,0.17499593098958333,0.18550008138020832,0.17499593098958333,0.18550008138020832,0,idle,410.9555672320837,237.30761242031406,403.0466158275058,256.93439273974013,0.04,0.045
1791329403.369039,399.98973869347714,256.38924697921374,0.4018444677789267,0.31384027855663477,0.00602186591682265,-1.0993619197909794,0.17499593098958333,0.18550008138020832,0.17499593098958333,0.18550008138020832,0,idle,393.6333783381616,264.1441179982163,402.5816747256595,256.2504851788625,0.04,0.045
1791329403.386652,399.9960900441508,255.31831478053817,0.42665758033223716,0.33979865560971045,0.00635135067365291,-1.0709321986755675,0.17499593098958333,0.18550008138020832,0.17499593098958333,0.18550008138020832,0,idle,364.3546544665864,257.9396611446338,400.6763574958458,255.31755838840928,0.04,0.045
1791329403.403243,400.00273739022344,254.2757175229346,0.4508534212254421,0.3652989795632622,0.006647346072643971,-1.0425972576035716,0.17499593098958333,0.18550008138020832,0.17499593098958333,0.18550008138020832,0,idle,387.73328439863735,260.6974616016737,400.03551881975443,254.5960861543491,0.04,0.045
1791329403.420044,400.00964783453924,253.2613013731595,0.4744223680492309,0.390306453010385,0.006910444315793422,-1.0144161497750812,0.17499593098958333,0.18376057942708332,0.17499593098958333,0.18376057942708332,0,idle,394.45581631637043,253.98683518078283,399.7630986166852,253.60192826338445,0.04,0.045
1791329403.4377651,400.01678928552786,252.27486184692148,0.4973585001269433,0.4147926375704313,0.007141450988628222,-0.9864395262380229,0.17499593098958333,0.18376057942708332,0.17499593098958333,0.18376057942708332,0,idle,407.3012367631695,261.9177576496064,400.14678990244863,253.0806021827694,0.04,0.045
1791329403.454745,400.02413062578574,251.31615126917103,0.5196589819212577,0.43873469352726413,0.00734134025789361,-0.9587105777504604,0.17499593098958333,0.18376057942708332,0.17499593098958333,0.18376057942708332,0,idle,398.2148526467798,256.3294385138413,400.05716731291017,252.33226895046008,0.04,0.045
1791329403.471574,400.03164184156145,250.38488539756364,0.5413235374719831,0.46211468092177527,0.00751121577573247,-0.9312658716073975,0.17499593098958333,0.18376057942708332,0.17499593098958333,0.18376057942708332,0,idle,390.63011971896094,237.67054757933874,399.59295058819964,250.714480303877,0.04,0.045
1791329403.488317,400.03929430005485,249.48073146985365,0.5623558265297198,0.48492086605853235,0.007652458493420415,-0.9041539277099832,0.17499593098958333,0.17918294270833332,0.17499593098958333,0.17918294270833332,0,idle,396.5918512358719,251.86943932598663,399.450165456152,249.91328202365798,0.04,0.045
1791329403.505003,400.0470607655434,248.60332074360633,0.5827609558461275,0.5071445559844788,0.007766465488546965,-0.877410726247319,0.17499593098958333,0.17918294270833332,0.17499593098958333,0.17918294270833332,0,idle,413.2989499669308,262.3886986504977,400.149982823905,249.703512665065,0.04,0.045
1791329403.522004,400.0549154017313,247.75225818149497,0.6025451979476193,0.5287798406967473,0.007854636187930284,-0.8510625621113656,0.17499593098958333,0.17918294270833332,0.17499593098958333,0.17918294270833332,0,idle,405.96015852523055,248.74306722500748,400.44795351334983,248.84698095905634,0.04,0.045
1791329403.5399308,400.0628337625599,246.92712994928516,0.6217157566573136,0.5498233025865877,0.00791836082856853,-0.8251282322098002,0.17499593098958333,0.17918294270833332,0.17499593098958333,0.17918294270833332,0,idle,410.30670185783947,225.89340218381054,400.94841337336146,246.91543019969473,0.04,0.045
1791329403.5558841,400.07079267033384,246.12751820703727,0.640279650356502,0.5702727242882569,0.00795890777399569,-0.7996117422478807,0.17499593098958333,0.18147176106770832,0.17499593098958333,0.18147176106770832,0,idle,404.70365778160016,273.704253116365,401.1437365561587,247.49524019039274,0.04,0.045
1791329403.573929,400.0787703280293,245.35299289744825,0.6582455475356154,0.5901291377295415,0.0079776576954231,-0.7745253095890269,0.17499593098958333,0.17918294270833332,0.17499593098958333,0.17918294270833332,0,idle,396.5406323710255,244.1033152166484,400.92116012171266,246.58984489759595,0.04,0.045
1791329403.5903091,400.086747251657,244.60303591054077,0.6756308139653142,0.6094040465977014,0.00797692362770273,-0.7499569869074905,0.17499593098958333,0.15852254231770832,0.17499593098958333,0.15852254231770832,0,idle,392.9114844272619,256.6814258265232,400.52825441443645,246.3819648064802,0.04,0.045
1791329403.607473,400.09470583819603,243.87708391408734,0.6924511706495814,0.6281064795176988,0.00795858653900755,-0.7259519964534421,0.17499593098958333,0.15968221028645832,0.17499593098958333,0.15968221028645832,0,idle,410.49227060173854,259.14124489152044,401.0340158810136,246.33027441410144,0.04,0.045
1791329403.624385,400.1026300118035,243.1745591747117,0.7087207368315349,0.6462440751370555,0.007924173607456963,-0.702524739375632,0.17499593098958333,0.16139119466145832,0.17499593098958333,0.16139119466145832,0,idle,389.82659191311416,235.30189828560708,400.48117264754575,245.11145710526986,0.04,0.045
1791329403.64143,400.11050498401204,242.49488749263077,0.7244524892753809,0.663824158355563,0.007874972208515187,-0.6796716820809292,0.17499593098958333,0.16255086263020832,0.17499593098958333,0.16255086263020832,0,idle,403.4212372526559,270.14779760668,400.6356571013994,245.71758603236347,0.04,0.045
1791329403.658463,400.1183171271339,241.83750518942432,0.7396588679428708,0.680854593868363,0.00781214312184128,-0.6573823032064353,0.17499593098958333,0.16255086263020832,0.17499593098958333,0.16255086263020832,0,idle,396.39890329416585,260.1316464888088,400.43124094700346,245.8137758671396,0.04,0.045
1791329403.6750631,400.1260535283832,241.20188886797084,0.7543492011366396,0.6973408927220671,0.007736401249276742,-0.6356163214534853,0.17499593098958333,0.16941731770833332,0.17499593098958333,0.16941731770833332,0,idle,399.6476764596277,251.99045960710714,400.3994123038215,245.51877454875716,0.04,0.045
1791329403.6927419,400.13370123080267,240.58760514589852,0.7685268379660248,0.7132834861460603,0.007647702419488584,-0.6142837220723072,0.17499593098958333,0.18492024739583332,0.17499593098958333,0.18492024739583332,0,idle,382.88467841396164,252.40812476135633,399.53094092662707,245.2796725234184,0.04,0.045
1791329403.708842,400.14124749109845,239.9942828279453,0.7821958248293072,0.7286858109224033,0.007546260295796123,-0.5933223179532198,0.17499593098958333,0.18550008138020832,0.17499593098958333,0.18550008138020832,0,idle,392.4101412967176,255.970289649919,399.1820698924126,245.2505471776879,0.04,0.045
1791329403.726345,400.1486799946314,239.4215907027979,0.7953610178884882,0.743553400175129,0.007432503532903567,-0.5726921251474242,0.17499593098958333,0.18550008138020832,0.17499593098958333,0.18550008138020832,0,idle,387.7575029026152,225.37161760652117,398.617902421279,243.71254318023952,0.04,0.045
1791329403.742806,400.1559870040268,238.8692220150839,0.8080279464407758,0.7578930344203682,0.007307009395431843,-0.5523686877139982,0.17499593098958333,0.18550008138020832,0.17499593098958333,0.18550008138020832,0,idle,406.1952051480361,237.6302939582141,399.0037092165425,242.88368046580996,0.04,0.045
1791329403.760284,400.16315745761176,238.33688381304856,0.8202026931143039,0.7717121976219075,0.007170453584927232,-0.5323382020353261,0.17499593098958333,0.18550008138020832,0.17499593098958333,0.18550008138020832,0,idle,391.24009435965985,235.34172849797469,398.6223404046041,242.00086157548463,0.04,0.045
1791329403.776265,400.1701810301414,237.82428982991942,0.8318917895909145,0.7850187378502747,0.0070235725296637075,-0.5125939831291434,0.17499593098958333,0.18550008138020832,0.17499593098958333,0.18550008138020832,0,idle,404.29484004886103,241.0135014028196,398.9126377807201,241.46452928287871,0.04,0.045
1791329403.7927659,400.1770481653864,237.3311559022838,0.8431021264015309,0.7978206623894825,0.006867135244971186,-0.4931339276356351,0.17499593098958333,0.18550008138020832,0.17499593098958333,0.18550008138020832,0,idle,400.03704253407403,239.47557722763185,398.9753817968705,240.89660444886252,0.04,0.045
1791329403.8102798,400.18375008791685,236.85719718874788,0.853840875304649,0.8101260191581338,0.00670192253042695,-0.4739587135359178,0.17499593098958333,0.18550008138020832,0.17499593098958333,0.18550008138020832,0,idle,403.5380149580027,224.02349778619316,399.20988028133104,239.60268833786992,0.04,0.045
1791329403.8268611,400.1902787996959,236.4021266472396,0.8641154228000212,0.8219428319899378,0.006528711779037003,-0.45507054150826515,0.17499593098958333,0.18550008138020832,0.17499593098958333,0.18550008138020832,0,idle,405.5335064197745,229.86717108929145,399.5322638644433,238.68359546100814,0.04,0.045
1791329403.844675,400.19662706576275,235.9656543752665,0.8739333134163871,0.8332790682799142,0.006348266066907471,-0.43647227197311933,0.17499593098958333,0.18550008138020832,0.17499593098958333,0.18550008138020832,0,idle,400.45416298708545,223.40784476805754,399.58438967333893,237.50515926798616,0.04,0.045
1791329403.861224,400.202788392259,235.54748752623408,0.8833022015229438,0.8441426250447314,0.006161326496226738,-0.41816684903242585,0.17499593098958333,0.18550008138020832,0.17499593098958333,0.18550008138020832,0,idle,385.33361421583584,227.86274277189202,398.8777041606352,236.62577993660065,0.04,0.045
1791329403.878838,400.20875699925887,235.1473305957054,0.8922298105351567,0.8545413245556163,0.005968606999896335,-0.40015693052869317,0.17499593098958333,0.18550008138020832,0.17499593098958333,0.18550008138020832,0,idle,378.08863436738045,251.5989577355458,397.8439208476223,236.99428974254567,0.04,0.045
1791329403.895445,400.2145277902573,234.76488593118094,0.9007238985074679,0.8644829141073407,0.005770790998447897,-0.382444664524448,0.17499593098958333,0.18550008138020832,0.17499593098958333,0.18550008138020832,0,idle,388.25844910116825,257.99308161063385,397.37012951174813,237.68090690465186,0.04,0.045
1791329403.912404,400.22009589745795,234.39985435617461,0.9084828534690568,0.873908790768956,0.005568107200668981,-0.36503157500632955,0.15241292317708333,0.18550008138020832,0.15241292317708333,0.18550008138020832,0,idle,381.8679680950215,241.48539507268967,396.6003111427524,237.52435131679775,0.04,0.045
1791329403.9288142,400.2254566787847,234.05193585183665,0.9154056157649104,0.8827522468384532,0.005360781326770478,-0.3479185043379604,0.13733723958333333,0.18550008138020832,0.13733723958333333,0.18550008138020832,0,idle,392.7367439957501,228.1595126311163,396.4122255276627,236.72558680339262,0.04,0.045
1791329403.945241,400.2306060123406,233.72083024675618,0.9216176456848703,0.8909885335221811,0.005149333555913216,-0.33110560508046194,0.13733723958333333,0.18550008138020832,0.13733723958333333,0.18550008138020832,0,idle,391.419549850463,219.5958090148972,396.16748361068085,235.5545475891414,0.04,0.045
1791329403.962162,400.23554044388413,233.40623787744127,0.9272184195069998,0.8986197608089517,0.0049344315435271725,-0.3145923693149122,0.13733723958333333,0.18550008138020832,0.13733723958333333,0.18550008138020832,0,idle,371.02134301816943,223.83518962053063,394.9148642910216,234.6697169398617,0.04,0.045
1791329403.97935,400.24025723498806,233.10786020159202,0.9322816076033641,0.9056633140748417,0.004716791103920029,-0.29837767584924957,0.13675740559895833,0.18550008138020832,0.13675740559895833,0.18550008138020832,0,idle,399.0256564951684,242.17195220700984,395.1248848527777,234.76136991116232,0.04,0.045
1791329403.996507,400.2447561666248,232.8252939925186,0.9369335155682454,0.9121685770347323,0.0044989316367327345,-0.2825662090734307,0.14255574544270833,0.15910237630208332,0.14255574544270833,0.15910237630208332,0,idle,391.7683343547319,227.99654145314136,394.9613313129303,234.15469058964152,0.04,0.045
1791329404.0140438,400.2490448977565,232.5577038637229,0.9412321762353526,0.9182145752765277,0.004288731131677178,-0.2675901287956915,0.14081624348958333,0.059248860677083334,0.14081624348958333,0.059248860677083334,0,idle,402.43032162242366,224.3537160409552,395.3388551229801,233.4104312398513,0.04,0.045
1791329404.031436,400.2531414542523,232.30367525152832,0.9452558019935418,0.9238922034733921,0.004096556495748633,-0.2540286121945811,0.13965657552083333,-0.06352335611979167,0.13965657552083333,-0.06352335611979167,0,idle,367.5651384311084,240.7862183571719,393.9540610170575,233.53789341413247,0.04,0.045
1791329404.048555,400.25707181312913,232.06135705981345,0.9489388653984795,0.9292460834687073,0.003930358876877212,-0.24231819171488345,0.12055257161458333,-0.19438273111979168,0.12055257161458333,-0.19438273111979168,0,idle,388.2440817151091,216.90363641989887,393.6722958928931,232.47597828229166,0.04,0.045
1791329404.0655339,400.26086283696503,231.82887196554228,0.9519973791264894,0.9342122227944039,0.0037910238358790024,-0.23248509427115618,0.06842854817708333,-0.36137491861979165,0.06842854817708333,-0.36137491861979165,0,idle,397.2128137242086,217.84737935605395,393.852923257103,231.52368749642216,0.04,0.045
1791329404.082626,400.264537325532,231.60459984544278,0.9541706514219194,0.9386536828751406,0.0036744885669456806,-0.22427212009948577,-0.013755289713541667,-0.5960856119791667,-0.013755289713541667,-0.5960856119791667,0,idle,410.87117504872157,236.23425671881455,394.7073266108225,231.54615744344724,0.04,0.045
1791329404.099176,400.268127091875,231.38638334130653,0.9552532039376315,0.9424580934691555,0.003589766343002886,-0.2182165041362591,-0.10985514322916667,-0.8514872233072917,-0.10985514322916667,-0.8514872233072917,0,idle,397.9999471562567,222.01068180718948,394.87536791612007,230.8620779827049,0.04,0.045
1791329404.116673,400.2716848716275,231.17082768043372,0.9554670528523597,0.9455899042064083,0.0035577797525202393,-0.21555566087281391,-0.22103068033854167,-0.9897928873697917,-0.22103068033854167,-0.9897928873697917,0,idle,396.0026186748357,223.0002687267502,394.9351103448207,230.264209642078,0.04,0.045
1791329404.13311,400.27528551218916,230.95325314884894,0.9553630684695823,0.948101214328387,0.003600640561682412,-0.2175745315847684,-0.3547892252604167,-0.9897928873697917,-0.3547892252604167,-0.9897928873697917,0,idle,399.86003478210995,235.66688800718512,395.18477717521876,230.3276477553278,0.04,0.045
1791329404.1505358,400.2790188643496,230.72790832431974,0.9518984798680281,0.9491487339317078,0.003733352160446227,-0.22534482452919405,-0.7242350260416667,-0.9897928873697917,-0.7242350260416667,-0.9897928873697917,0,idle,416.6274457926333,241.63442065522415,396.2604572906419,230.67890881701987,0.04,0.045
1791329404.166374,400.2829738363436,230.4882867974514,0.9370568777583242,0.9455854520749728,0.003954971993994693,-0.23962152686835334,-0.9361490885416667,-0.9897928873697917,-0.9361490885416667,-0.9897928873697917,0,idle,407.29208146362134,225.9023508342331,396.8157957226852,230.2124404673556,0.04,0.045
1791329404.18232,400.2872154769402,230.22745847323986,0.9008472103249691,0.9316729112123383,0.0042416405966017225,-0.26082832421154395,-1.0108561197916666,-0.9897928873697917,-1.0108561197916666,-0.9897928873697917,0,idle,395.92078868822534,220.1270330917661,396.775074929529,229.4603831905752,0.04,0.045
1791329404.1985018,400.291757098318,229.93836925288335,0.8338594455207691,0.9000485463391539,0.0045416213777556905,-0.2890892203565282,-1.0108561197916666,-0.9897928873697917,-1.0108561197916666,-0.9897928873697917,0,idle,396.6125261647443,255.11088809186865,396.77126203159867,230.46827367630118,0.04,0.045
1791329404.215111,400.2965263985865,229.61408879798591,0.7267095991826094,0.8426072938825293,0.004769300268514732,-0.3242804548974398,-1.0108561197916666,-0.9897928873697917,-1.0108561197916666,-0.9897928873697917,0,idle,410.16976195412826,247.1718368940589,397.4457178629802,230.9953854050365,0.04,0.045
1791329404.231891,400.30132658636415,229.24800126685275,0.5703467271390461,0.7512267339242398,0.004800187777679092,-0.3660875311331666,-1.0108561197916666,-0.9897928873697917,-1.0108561197916666,-0.9897928873697917,0,idle,401.10966508866136,235.0906223793605,397.63347540265306,230.85236409917619,0.04,0.045
1791329404.249322,400.30579437488797,228.83394223448383,0.35637467710828163,0.6182101395093272,0.004467788523788866,-0.4140590323689115,-1.0108561197916666,-0.9897928873697917,-1.0108561197916666,-0.9897928873697917,0,idle,388.8911365744653,227.80776980809853,397.2006028603413,230.30677830387182,0.04,0.045
1791329404.265973,400.3093571968687,228.36628907403323,0.07730680261891842,0.4365002326671541,0.003562821980708393,-0.4676531604505838,-1.0108561197916666,-0.9897928873697917,-1.0108561197916666,-0.9897928873697917,0,idle,404.8821591465181,232.0162073303924,397.5880653555318,229.94797925276978,0.04,0.045
1791329404.2842722,400.3116358517675,227.84001201756175,-0.12842663746095248,0.24807559293544254,0.0022786548988214137,-0.5262770564714816,0.17499593098958333,-0.9897928873697917,0.17499593098958333,-0.9897928873697917,0,idle,406.96839051853465,216.78712893647185,398.05924633583584,228.78997353330698,0.04,0.045
1791329404.3007438,400.312406817713,227.25069055356508,-0.276159788951653,0.07495581329028558,0.0007709659454635961,-0.5893214639966764,0.17499593098958333,-0.9897928873697917,0.17499593098958333,-0.9897928873697917,0,idle,404.058336915746,237.34510023088583,398.3599332824796,228.65787447738907,0.04,0.045
1791329404.317452,400.3115690543766,226.59450746341153,-0.3787673939551136,-0.07315073802797342,-0.0008377633364022828,-0.656183090153547,0.17499593098958333,-0.9897928873697917,0.17499593098958333,-0.9897928873697917,0,idle,387.90390919885175,210.5711566095591,397.8363362031286,227.1301646483517,0.04,0.045
1791329404.333693,400.30911377572465,225.86822673400522,-0.44705401565101727,-0.19369448022039837,-0.002455278651966916,-0.7262807294063119,0.17499593098958333,-0.9897928873697917,0.17499593098958333,-0.9897928873697917,0,idle,388.64413619209597,214.74396556955372,397.3743936878576,225.8208880014758,0.04,0.045
1791329404.350355,400.3050970577602,225.0691604911175,-0.4899836031794348,-0.28800997477839024,-0.004016717964489854,-0.7990662428877384,0.17499593098958333,-0.9897928873697917,0.17499593098958333,-0.9897928873697917,0,idle,405.4595958580219,225.17214285210727,397.77483791429955,225.02933781326402,0.04,0.045
1791329404.3670368,400.2996156334698,224.19512905453055,-0.5148765201514415,-0.35932158394992425,-0.005481424290421994,-0.8740314365869433,0.17499593098958333,-0.9897928873697917,0.17499593098958333,-0.9897928873697917,0,idle,377.3353476506509,209.17053127225182,396.7476560480412,223.40606762145583,0.04,0.045
1791329404.384639,400.29278625054593,223.24441729119067,-0.5276076929036547,-0.4115738365729236,-0.006829382923851105,-0.9507117633398778,0.17499593098958333,-0.9897928873697917,0.17499593098958333,-0.9897928873697917,0,idle,414.8786285087796,233.335320383105,397.6477167573005,222.9993540843654,0.04,0.045
1791329404.400888,400.2847290171539,222.21575386764076,-0.5328065112026031,-0.4487726663669974,-0.008057233392046746,-1.0286634235499192,0.17499593098958333,-0.9868937174479167,0.17499593098958333,-0.9868937174479167,0,idle,407.7175926002982,217.078426439937,398.14355617772793,221.72607744977157,0.04,0.045
1791329404.417474,400.2755541566396,221.10825684749275,-0.534052915796518,-0.4746457554325392,-0.009174860514307914,-1.1074970201480092,0.17499593098958333,-0.9868937174479167,0.17499593098958333,-0.9868937174479167,0,idle,397.81317538683663,236.85719179109017,398.1183210206948,221.4305109976969,0.04,0.045
1791329404.434517,400.2653520568106,219.9213594055708,-0.5340574993206707,-0.49247967541381715,-0.010202099828962164,-1.1868974419219558,0.17499593098958333,-0.9897928873697917,0.17499593098958333,-0.9897928873697917,0,idle,417.5967522990228,239.63272160296336,399.0825505897737,221.21306895813436,0.04,0.045
1791329404.451699,400.2541968618433,218.6547746465666,-0.5332907012604168,-0.5046082085129044,-0.011155194967315188,-1.2665847590041965,0.17499593098958333,-0.9897928873697917,0.17499593098958333,-0.9897928873697917,0,idle,415.00203908988107,225.8451929374942,399.8679275795601,220.24141963604836,0.04,0.045
1791329404.468499,400.2421615764656,217.30846180830773,-0.5303216613921763,-0.512178648197307,-0.012035285377673132,-1.3463128382588865,0.17499593098958333,-0.9897928873697917,0.17499593098958333,-0.9897928873697917,0,idle,422.7105467982422,212.10371238563337,400.9986250193854,218.55553707718167,0.04,0.045
1791329404.485014,400.22932814117405,215.88259463234098,-0.5241534274014753,-0.5156734351708948,-0.01283343529155011,-1.4258671759667476,0.17499593098958333,-0.9897928873697917,0.17499593098958333,-0.9897928873697917,0,idle,404.2165500082297,215.19356988747603,401.1473295053006,217.03286490052798,0.04,0.045
1791329404.501546,400.2157936386581,214.37753224611578,-0.5141315942778786,-0.5152271271743738,-0.013534502515915429,-1.5050623862252086,0.17499593098958333,-0.9897928873697917,0.17499593098958333,-0.9897928873697917,0,idle,384.1649210643129,227.02753880715244,400.28535130586107,216.10278932894525,0.04,0.045
1791329404.518175,400.2016736307647,212.79379270472583,-0.49986220119465574,-0.5108134280391787,-0.014120007893447915,-1.5837395413899449,0.17499593098958333,-0.9897928873697917,0.17499593098958333,-0.9897928873697917,0,idle,408.17118511960655,213.8509899895681,400.66622898904956,214.48564679765593,0.04,0.045
1791329404.5356858,400.1871034253723,211.13202920277385,-0.48114572122778904,-0.502351798679928,-0.014570205392378412,-1.6617635019519694,0.17499593098958333,-0.9897928873697917,0.17499593098958333,-0.9897928873697917,0,idle,404.4295996498635,216.52625419419934,400.8405558269675,213.0090018406287,0.04,0.045
1791329404.5522969,400.1721911497124,209.3930092498514,-0.4633616057403823,-0.4913051833906695,-0.014912275659925058,-1.7390199529224688,0.07654622395833333,-0.9897928873697917,0.07654622395833333,-0.9897928873697917,0,idle,403.93883697363765,224.62947192222398,400.98130322242406,211.93795638943214,0.04,0.045
1791329404.56888,400.15695629742146,207.57759633228883,-0.4540369079155876,-0.48081196244397556,-0.015234852290901539,-1.8154129175625604,-0.09596964518229167,-0.9897928873697917,-0.09596964518229167,-0.9897928873697917,0,idle,385.3471262823415,196.1345781512001,400.18512126574353,209.4231452058361,0.04,0.045
1791329404.586515,400.1413445205008,205.68673320757608,-0.4530754187971167,-0.47304778015658183,-0.015611776920632944,-1.8908631247127492,-0.2621683756510417,-0.9897928873697917,-0.2621683756510417,-0.9897928873697917,0,idle,397.21006487654273,207.42057797882848,400.02153725820887,207.5266968760086,0.04,0.045
1791329404.6032069,400.1252724489798,203.72142706796632,-0.45688723803767767,-0.4685485482308551,-0.016072071521021476,-1.9653061396097793,-0.4347147623697917,-0.9897928873697917,-0.4347147623697917,-0.9897928873697917,0,idle,412.7379736713441,208.42955911723973,400.64209061092066,205.70479915544087,0.04,0.045
1791329404.619881,400.1083982512134,201.68273886163206,-0.4890437430459426,-0.47422564868331846,-0.016874197766401366,-2.0386882063342435,-0.6090006510416667,-0.9897928873697917,-0.6090006510416667,-0.9897928873697917,0,idle,369.75281108774413,196.91037592873468,399.0815961468837,203.328324198088,0.04,0.045
1791329404.637661,400.0897689007833,199.571776420434,-0.588122831468205,-0.5056250293079972,-0.018629350430032932,-2.1109624411980605,-0.7618631998697917,-0.9897928873697917,-0.7618631998697917,-0.9897928873697917,0,idle,406.5837017417107,200.19742139588047,399.4390035437165,201.16636473883946,0.04,0.045
1791329404.654571,400.06746986282417,197.38969371227316,-0.7966335249940604,-0.5854939801901267,-0.02229903795913611,-2.182082708160838,-0.8689798990885417,-0.9897928873697917,-0.8689798990885417,-0.9897928873697917,0,idle,392.85227161535136,199.40226423252287,399.0884828612371,199.00518114077084,0.04,0.045
1791329404.6711879,400.038374882014,195.13770107337476,-1.1515410297400803,-0.7402008489177905,-0.02909498081016599,-2.251992638898389,-0.9355692545572917,-0.9897928873697917,-0.9355692545572917,-0.9897928873697917,0,idle,413.23005712396287,205.70759454170053,399.7679213426037,197.20090880386385,0.04,0.045
1791329404.688811,399.99816900124534,192.8170875246958,-1.6672473937222057,-0.9925809602778343,-0.040205880768643946,-2.3206135486789625,-0.9355692545572917,-0.9897928873697917,-0.9355692545572917,-0.9897928873697917,0,idle,416.22064622833614,183.1836276948645,400.5523620001601,194.2954618771689,0.04,0.045
1791329404.705193,399.9414539147196,190.42925642316763,-2.349443711197535,-1.360617268417732,-0.05671508652576534,-2.3878311015281657,-0.9355692545572917,-0.9897928873697917,-0.9355692545572917,-0.9897928873697917,0,idle,396.93857167755726,174.45398331437175,400.3177931518305,191.03494840257727,0.04,0.045
1791329404.721519,399.86196074266314,187.97576850507397,-3.192323859560994,-1.8557378938491134,-0.0794931720564703,-2.453487918093658,-0.9222635904947917,-0.9897928873697917,-0.9222635904947917,-0.9897928873697917,0,idle,386.526598253688,182.65028560169551,399.5527148934697,188.2849017403442,0.04,0.045
1791329404.73876,399.75283661180123,185.45838337369358,-4.1805378462033955,-2.482115381019029,-0.10912413086191583,-2.5173851313804056,-0.8985209147135417,-0.9897928873697917,-0.8985209147135417,-0.9897928873697917,0,idle,380.61913172859687,189.65025787156523,398.5023678109073,185.96165367209386,0.04,0.045
1791329404.755114,399.606908759654,182.8790950439808,-5.296669918873441,-3.2381591409123134,-0.14592785214724832,-2.579288329712758,-0.8770975748697917,-0.9897928873697917,-0.8770975748697917,-0.9897928873697917,0,idle,404.5282416246058,195.43142110531693,398.66503004205236,183.98481813052788,0.04,0.045
1791329404.771623,399.4170444485265,180.24014266817514,-6.512232844402479,-4.115160135429924,-0.1898643111274855,-2.638952375805675,-0.8371195475260417,-0.9897928873697917,-0.8371195475260417,-0.9897928873697917,0,idle,419.7645747609565,197.63079007938882,399.5396361824264,182.16011197095554,0.04,0.045
1791329404.788501,399.1823278914509,177.54321899817293,-7.329658101012165,-4.973988472898607,-0.23471655707563593,-2.6969236700022154,0.17499593098958333,-0.9897928873697917,0.17499593098958333,-0.9897928873697917,0,idle,397.52482190155825,186.1602760840122,399.2159147391612,179.79804269010629,0.04,0.045
1791329404.8054268,398.9052718484392,174.78957217668236,-7.86849507380334,-5.745435118047662,-0.27705604301168224,-2.7536468214905843,0.17499593098958333,-0.9897928873697917,0.17499593098958333,-0.9897928873697917,0,idle,405.7604754000188,188.74310584459806,399.27993953134296,177.62933136741484,0.04,0.045
1791329404.822169,398.5900541434914,171.98014800730166,-8.21405804963312,-6.40181856406475,-0.31521770494782037,-2.809424169380704,0.17499593098958333,-0.9897928873697917,0.17499593098958333,-0.9897928873697917,0,idle,407.7863726007406,165.8478717575143,399.40580436511243,174.37130542600815,0.04,0.045
1791329404.837551,398.24264096879693,169.12719283906802,-8.464406433216043,-6.942900907961628,-0.3474131746944617,-2.8529551682336507,0.17499593098958333,-0.9897928873697917,0.0,0.5,1,braking,394.75082548553394,177.47303053285785,398.8430129051738,171.81608427152867,0.04,0.045
1791329404.854482,397.86954554582195,166.24721386902837,-8.643984832884781,-7.381441550922665,-0.37309542297500065,-2.8799789700396525,0.17499593098958333,-0.9897928873697917,0.0,0.5,1,braking,413.93287985582106,182.95500365121555,399.2430656008799,169.63705021897536,0.04,0.045
1791329404.871914,397.47704833282194,163.35702939949437,-8.772003326745521,-7.733656996654288,-0.3924972130000192,-2.8901844695340144,0.17499593098958333,-0.9897928873697917,0.0,0.5,1,braking,390.14737027736425,162.24332373085403,398.4154084823541,166.521688648512,0.04,0.045
1791329404.887965,397.0707695503302,160.47173738715205,-8.862927186203018,-8.015138617047024,-0.40627878249170934,-2.8852920123423074,0.17499593098958333,-0.9897928873697917,0.0,0.5,1,braking,418.72931047336067,142.94254295440595,399.04513873853733,162.6017039520815,0.04,0.045
1791329404.905761,396.65548389009217,157.60384158613223,-8.927373519240668,-8.239444488979895,-0.415285660238064,-2.8678958010198023,0.17499593098958333,-0.9897928873697917,0.0,0.5,1,braking,411.10736105709907,174.72943049667307,399.2537284772393,160.48358926834226,0.04,0.045
1791329404.9223979,396.23508775329606,154.76304785056377,-8.973011674154806,-8.417847041715921,-0.42039613679613186,-2.840793735568459,0.17499593098958333,-0.9897928873697917,0.0,0.5,1,braking,383.438955629498,158.50437015043528,398.0636135048959,157.68587426365687,0.04,0.045
1791329404.938873,395.81266203974536,151.95647564645213,-9.005323857233407,-8.559511619067768,-0.4224257135507016,-2.8065722041116445,0.17499593098958333,-0.9897928873697917,0.0,0.5,1,braking,405.36556583213013,161.4407908488653,398.0274066933845,155.20737649901125,0.04,0.045
1791329404.956409,395.39069491232266,149.18977588088396,-9.028180178584059,-8.67172054135226,-0.42196712742270936,-2.766699765568182,0.17499593098958333,-0.9897928873697917,0.0,0.5,1,braking,382.295547032134,160.548872757308,396.83994493927037,152.84608653463633,0.04,0.045
1791329404.972882,394.97126998802014,146.4679913271952,-9.044319997132682,-8.760327072918269,-0.4194249243025451,-2.7217845536887655,0.17499593098958333,-0.9897928873697917,0.0,0.5,1,braking,395.3438663393231,134.52467640577274,396.36668733118563,149.3443207021888,0.04,0.045
1791329404.990509,394.556179870753,143.79595392643373,-9.05569179513206,-8.830086917720967,-0.4150901172671375,-2.6720374007614733,0.17499593098958333,-0.9897928873697917,0.0,0.5,1,steering,403.39961322624816,132.31180668443506,396.323998014535,145.95425947057774,0.04,0.045
1791329405.007162,394.14569596612597,141.17624689907672,-9.14994370940507,-8.905309745109008,-0.4104839046270309,-2.619707027357023,0.17499593098958333,-0.9897928873697917,-1.0,0.0,1,steering,391.9040180032705,161.1337261212709,395.7130393045761,144.22451112712324,0.04,0.045
1791329405.024778,393.7385621662174,138.61010494382168,-9.373669559526526,-9.015177429631493,-0.40713379990860116,-2.5661419552550253,0.17499593098958333,-0.9897928873697917,-1.0,0.0,1,steering,393.28297859989834,147.5004436686255,395.20475915942905,141.95047289670606,0.04,0.045
1791329405.041383,393.3322971037317,136.09797798253453,-9.746232540245524,-9.186426387342026,-0.4062650624856514,-2.5121269612871626,0.17499593098958333,-0.9897928873697917,-1.0,0.0,1,steering,388.6974479005802,168.38931681523542,394.4934417871252,140.88589447940973,0.04,0.045
1791329405.0580292,392.9235927307218,133.63988445340158,-10.270275004025738,-9.440143339560144,-0.4087043730099528,-2.4580935291329653,0.17499593098958333,-0.9897928873697917,-1.0,0.0,1,steering,388.0340641762801,120.55358975351298,393.78220375222355,137.5340903904386,0.04,0.045
1791329405.075812,392.5087022310337,131.23563094504382,-10.938583617097759,-9.790831643587714,-0.4148904996881111,-2.4042535083577428,0.17499593098958333,-0.9897928873697917,-1.0,0.0,1,steering,415.8503886904225,150.08632401627278,394.49146702442977,135.87766123879044,0.04,0.045
1791329405.092701,392.0837694780439,128.88494523526336,-11.738527388140573,-10.246684585089952,-0.42493275298979033,-2.3506857097804765,0.17499593098958333,-0.9897928873697917,-1.0,0.0,1,steering,398.125539061444,113.05645217063179,394.2694845109402,132.50344936109107,0.04,0.045
1791329405.109864,391.6450844627415,126.58755228088225,-12.654893138509147,-10.810440219579712,-0.43868501530238924,-2.2973929543811047,0.17499593098958333,-0.9897928873697917,-1.0,0.0,1,steering,391.1226736209338,140.69394336046085,393.6953932019026,130.7304507543975,0.04,0.045
1791329405.126802,391.18926569948985,124.34321238121086,-13.671667273717123,-11.480452169926501,-0.4558187632516869,-2.2443398996713855,0.17499593098958333,-0.9897928873697917,-1.0,0.0,1,steering,405.53959641175993,112.7946222995274,393.8545755373064,127.70153642696619,0.04,0.045
1791329405.143841,390.71337832184514,122.15173450585667,-14.773125502863234,-12.251769916946067,-0.475887377644719,-2.191477875354202,0.17499593098958333,-0.9897928873697917,-1.0,0.0,1,steering,399.1097211720649,112.31788725494856,393.66523981028183,124.85044998677881,0.04,0.045
1791329405.161278,390.21499938478644,120.01297384222858,-15.9444684158491,-13.117120603060695,-0.4983789370586921,-2.1387606636280836,0.17499593098958333,-0.9897928873697917,-1.0,0.0,1,steering,409.93460874655875,112.27444567801338,394.0052482668899,122.18982714089385,0.04,0.045
1791329405.17773,389.69224210393804,117.92681998463435,-17.172160135241313,-14.067744582773459,-0.5227572808484182,-2.086153857594229,0.17499593098958333,-0.9897928873697917,-1.0,0.0,1,steering,391.380696008667,120.47137818071057,393.37740123717276,120.12205852817017,0.04,0.045
1791329405.195149,389.14374971055594,115.89318032156726,-18.444074693976916,-15.094072491941425,-0.5484923933821113,-2.0336396630670945,0.17499593098958333,-0.9897928873697917,-1.0,0.0,1,steering,387.1014683691506,107.12067803456338,392.5425368200587,117.5400318235761,0.04,0.045
1791329405.211775,388.5686680265558,113.91196179902154,-19.749520277091484,-16.186251279973906,-0.5750816840000955,-1.9812185225457177,0.17499593098958333,-0.9897928873697917,-1.0,0.0,1,steering,387.5068717602551,109.19420841393838,391.7444259672684,115.24058305667579,0.04,0.045
1791329405.2291598,387.9666041716708,111.98305319551166,-21.079188511640417,-17.334536345172943,-0.6020638548850397,-1.9289086035098841,0.17499593098958333,-0.9897928873697917,-1.0,0.0,1,steering,376.2842132516676,115.56914804713222,390.39945466934756,113.42454813286422,0.04,0.045
1791329405.245219,387.33757721413906,110.10630925453077,-22.4250605061383,-18.52957057238971,-0.629026957531704,-1.8767439409808913,0.17499593098958333,-0.9897928873697917,-1.0,0.0,1,steering,404.75833734340847,108.49766052142145,390.5198231933955,111.39529700836023,0.04,0.045
1791329405.26232,386.6819651641362,108.28153742934835,-23.780290770023345,-19.762571274913753,-0.6556120500028229,-1.8247718251824205,0.17499593098958333,-0.9897928873697917,-1.0,0.0,1,steering,389.7650951327563,118.20171121534419,389.8592553428608,110.00208448478612,0.04,0.045
1791329405.2791958,386.0004515192583,106.50848756476763,-25.13908286846233,-21.025444426797275,-0.6815136448779222,-1.7730498645807151,0.17499593098958333,-0.9897928873697917,-1.0,0.0,1,steering,382.90205612489484,98.86167083621655,388.86395741932853,107.76066643100597,0.04,0.045
1791329405.296305,385.29397360300686,104.78684453938826,-26.496565647104003,-22.310843136875175,-0.7064779162514755,-1.721643025379374,0.17499593098958333,-0.9897928873697917,-1.0,0.0,1,steering,369.91189948277844,85.33549942621951,387.2452005020621,105.00384720665625,0.04,0.045
1791329405.313146,384.563674172027,103.11622369306613,-27.848675407107788,-23.612184643352375,-0.7302994309798856,-1.670620846322129,0.17499593098958333,-0.9897928873697917,-1.0,0.0,1,steering,395.1850507117108,111.35364366933501,386.94840855311367,103.73424722578417,0.04,0.045
1791329405.330417,383.8108571795889,101.49616874418228,-29.19204705590159,-24.923637516794013,-0.7528169924381056,-1.6200549488838514,0.17499593098958333,-0.9897928873697917,-1.0,0.0,1,steering,378.1859197435274,107.80086699482452,385.79510796981816,102.39852601279654,0.04,0.045
1791329405.347039,383.03694814310126,99.92615183996816,-30.523915679178597,-26.240088408741702,-0.7739090364876374,-1.5700169042141274,0.17499593098958333,-0.9897928873697917,-1.0,0.0,1,steering,391.6147460474253,83.92885238862533,385.3508762890353,99.98352627258456,0.04,0.045
1791329405.364741,382.24345924490876,98.40557536379174,-31.842028945243065,-27.55709563849297,-0.793488898192505,-1.5205764761764098,0.17499593098958333,-0.9897928873697917,-1.0,0.0,1,steering,376.56405324888345,83.87272557608738,384.1577206837448,97.73343858539211,0.04,0.045
1791329405.38104,381.4319590734666,96.9337751325263,-33.14457010008382,-28.87083518460815,-0.8115001714421517,-1.471800231265432,0.17499593098958333,-0.9897928873697917,-1.0,0.0,1,steering,388.4379270150255,120.87866152566517,383.60080583743877,97.4924895127036,0.04,0.045
1791329405.39807,380.60404676472007,95.51002464440832,-34.43009092292769,-30.178043225002728,-0.8279123087465269,-1.4237504881179934,0.17499593098958333,-0.9897928873697917,-1.0,0.0,1,steering,382.35155528124164,95.09996188873501,382.7518266163197,96.02030016779308,0.04,0.045
1791329405.4157498,379.76133021311244,94.13354007525236,-35.69745380325667,-31.475958220704495,-0.8427165516076343,-1.3764845691559575,0.17499593098958333,-0.9897928873697917,-1.0,0.0,1,steering,398.9414988129853,92.99366263323712,382.76072950212574,94.56130795036712,0.04,0.045
1791329405.4324548,378.90540797335484,92.80348576282238,-36.9457820113143,-32.76226462853911,-0.8559222397576012,-1.3300543124299786,0.17499593098958333,-0.9897928873697917,-1.0,0.0,1,steering,366.2521655101728,104.78459094542438,381.12217517475835,93.80892050331151,0.04,0.045
1791329405.44907,378.03785445612596,91.51897996162054,-38.174417222557004,-34.035039621263515,-0.867553517228911,-1.284505801201826,0.17499593098958333,-0.9897928873697917,-1.0,0.0,1,steering,372.01562058755087,94.15143348121418,379.84267160403056,92.6057656410649,0.04,0.045
1791329405.466645,377.160208023997,90.27910069078541,-39.38288339271759,-35.292703655792906,-0.877646432128984,-1.2398792708351358,0.17499593098958333,-0.9897928873697917,-1.0,0.0,1,steering,385.0297485420875,100.75342681994553,379.26826134041085,91.83526339271556,0.04,0.045
1791329405.4832,376.2739616110172,89.08289153466262,-40.57085614379491,-36.53397533003057,-0.8862464129797465,-1.196209156122794,0.17499593098958333,-0.9897928873697917,-1.0,0.0,1,steering,383.37979961298663,100.63856305746867,378.63190416170886,91.13902967763657,0.04,0.045
1791329405.500674,375.3805555152253,87.9293672881504,-41.73813689866284,-37.757830678989144,-0.8934060957919109,-1.1535242465122204,0.17499593098958333,-0.9897928873697917,-1.0,0.0,1,steering,398.07657438671043,94.515617711571,378.75540188195663,90.21201104514668,0.04,0.045
1791329405.517349,374.4813720439651,86.81751936687598,-42.88463108411124,-38.963466857848935,-0.8991834712601784,-1.1118479212744212,0.17499593098958333,-0.9897928873697917,-1.0,0.0,1,steering,360.3477827216626,122.83818245571511,376.98079662624474,90.78706409046441,0.04,0.045
1791329405.533997,373.5777317244879,85.74632092572325,-44.01032980330488,-40.150270023573825,-0.90364031947725,-1.0711984411527349,0.17499593098958333,-0.9897928873697917,-1.0,0.0,1,steering,353.17906985848697,88.01170594830124,374.93225198435346,89.63065766426116,0.04,0.045
1791329405.551596,372.67089082497586,84.71473164851383,-45.115294455465566,-41.317787141437705,-0.9068408995120015,-1.031589277209413,0.17499593098958333,-0.9897928873697917,-1.0,0.0,1,steering,357.3651262396198,91.03102314306527,373.19239684258037,88.72066612485241,0.04,0.045
1791329405.5682828,371.76203996254725,83.72170218716822,-46.19964385119147,-42.46570139516668,-0.9088508624285909,-0.9930294613456101,0.17499593098958333,-0.9897928873697917,-1.0,0.0,1,steering,352.7276009449834,96.41651533309657,371.3057487283933,88.16208059698629,0.04,0.045
1791329405.584793,370.85230360419365,82.76617824091498,-47.26354343539223,-43.593810858948565,-0.9097363583536209,-0.9555239462532328,0.17499593098958333,-0.9897928873697917,-1.0,0.0,1,steering,383.7320120313011,73.72848712374085,371.0628123531028,86.53265317438344,0.04,0.045
1791329405.601536,369.9427402935191,81.84710427555429,-48.307196286169024,-44.70201008817139,-0.9095633106745946,-0.9190739653606977,0.17499593098958333,-0.9897928873697917,-1.0,0.0,1,steering,374.0549676965685,82.8137984911239,370.34833497513523,85.4735901731278,0.04,0.045
1791329405.6186502,369.0343434603952,80.9634268898718,-49.33083560734007,-45.79027429719811,-0.9083968331238786,-0.8836773856824871,0.17499593098958333,-0.9897928873697917,-1.0,0.0,1,steering,365.6087551976777,85.31622733000992,369.2483789947946,84.62622851457354,0.04,0.045
1791329405.635442,368.1280426921997,80.11409784145745,-50.33471847517523,-46.85864581208183,-0.9063007681954826,-0.8493290484143448,0.17499593098958333,-0.9897928873697917,-1.0,0.0,1,steering,370.9369918902888,83.54968592275844,368.4718239097836,83.76553878898916,0.04,0.045
1791329405.652149,367.22470536425664,79.29807674777774,-51.31912063684649,-47.90722251042731,-0.9033373279430672,-0.8160210936797136,0.17499593098958333,-0.9897928873697917,-1.0,0.0,1,steering,349.4257622032051,100.20440865195303,366.66135036290876,83.81226224314163,0.04,0.045
1791329405.669672,366.3251385436108,78.51433348069924,-52.284332189757336,-48.936147987127534,-0.899566820645827,-0.7837432670785011,0.17499593098958333,-0.9897928873697917,-1.0,0.0,1,steering,367.2386599026875,68.05006798297109,365.83562736028415,82.27959642640852,0.04,0.045
1791329405.68736,365.4300910945462,77.76185027403427,-53.230653997911475,-49.94560321171529,-0.8950474490646148,-0.7524832066649659,0.17499593098958333,-0.9897928873697917,-1.0,0.0,1,steering,361.2253322785137,61.496795054430066,364.7548175295842,80.52559731147788,0.04,0.045
1791329405.7040021,364.54025592651993,77.0396235643019,-54.15839472441746,-50.93579946940141,-0.8898351680262541,-0.7222267097323697,0.17499593098958333,-0.9897928873697917,-1.0,0.0,1,steering,361.7514025044962,62.16521669481428,363.7593033687049,78.92146290639896,0.04,0.045
1791329405.720581,363.65627233565306,76.34666558495364,-55.067868378648576,-51.90697240277739,-0.8839835908668546,-0.6929579793482693,0.17499593098958333,-0.9897928873697917,-1.0,0.0,1,steering,369.2795866801998,70.48626251352536,363.1955331229561,77.84139280637443,0.04,0.045
1791329405.7374148,362.77872839981063,75.68200573395256,-55.95939229298234,-52.859376994204155,-0.8775439358424137,-0.6646598510010765,0.17499593098958333,-0.9897928873697917,-1.0,0.0,1,steering,349.04330427158516,76.43476616008188,361.65425494133723,77.13963461560878,0.04,0.045
1791329405.754077,361.9081633948201,75.04469173393676,-56.83328545786972,-53.793283349874095,-0.8705650049904904,-0.6373140000158111,0.17499593098958333,-0.9897928873697917,-1.0,0.0,1,steering,368.1456864900704,80.45079285192828,361.1517897640329,76.69974422740974,0.04,0.045
1791329405.7717388,361.04507020570304,74.43379060333665,-57.68986715561411,-54.708973165357484,-0.8630931891170877,-0.6109011306001096,0.17499593098958333,-0.9897928873697917,-1.0,0.0,1,steering,370.53999740436683,64.09171805715383,360.8012616163884,75.48898684482684,0.04,0.045
1791329405.788289,360.1899617647216,73.84705052942375,-58.253834354440194,-55.543695890219844,-0.8551084409814549,-0.5867400739128958,0.17499593098958333,-0.9897928873697917,0.17499593098958333,-0.9897928873697917,0,idle,374.44138275362,82.01921737012559,360.6709146543176,75.25809530087453,0.04,0.045
1791329405.8049312,359.3422932277469,73.28117025404794,-58.62500100747694,-56.274013111061265,-0.8476685369747371,-0.56588027537582,0.17499593098958333,-0.9897928873697917,0.17499593098958333,-0.9897928873697917,0,idle,361.44144394510073,70.09802380080954,359.90415600873075,74.46250546426425,0.04,0.045
1791329405.821567,358.5001406665764,72.73209332802502,-58.867938428697606,-56.895961999994505,-0.8421525611705172,-0.5490769260229218,0.17499593098958333,-0.9897928873697917,0.17499593098958333,-0.9897928873697917,0,idle,355.916660600609,81.45104759358881,358.9047363052127,74.29030949100871,0.04,0.045
1791329405.838363,357.6602777991376,72.1952816084876,-59.025126788910214,-57.41467261698787,-0.8398628674387958,-0.5368117195374071,0.17499593098958333,-0.9897928873697917,0.17499593098958333,-0.9897928873697917,0,idle,353.4276645703386,54.699807488595326,357.8330129944021,72.8008132573275,0.04,0.045
1791329405.8552341,356.81843543795617,71.66595096787655,-59.124834792786444,-57.839286084893004,-0.8418423611814017,-0.5293306406110448,0.17499593098958333,-0.9897928873697917,0.17499593098958333,-0.9897928873697917,0,idle,355.5278725664098,67.44552074568337,356.9180057298801,72.0301845231648,0.04,0.045
1791329405.873079,355.9696195739863,71.13926468721334,-59.18608799732972,-58.180591586895176,-0.8488158639699144,-0.5266862806632135,0.17499593098958333,-0.9897928873697917,0.17499593098958333,-0.9897928873697917,0,idle,351.7722677620826,75.29756560789008,355.85434376071885,71.69320161077101,0.04,0.045
1791329405.89016,355.10842104162265,70.61048554951589,-59.22185383314913,-58.4499185174365,-0.8611985323636442,-0.528779137697456,0.17499593098958333,-0.9897928873697917,0.17499593098958333,-0.9897928873697917,0,idle,386.56495916151545,54.90819767894874,356.57173592501323,70.35161123336732,0.04,0.045
1791329405.906214,354.229284390107,70.0750902059303,-59.241090663742526,-58.658531858190464,-0.879136651515611,-0.5353953435855932,0.17499593098958333,-0.9897928873697917,0.17499593098958333,-0.9897928873697917,0,idle,366.1094874808404,74.68140680913102,356.21344368386474,70.05947543574919,0.04,0.045
1791329405.923626,353.3267239182019,69.52885054310924,-59.25006784569042,-58.81720619491795,-0.9025604719051256,-0.5462396628210525,0.17499593098958333,-0.9897928873697917,0.17499593098958333,-0.9897928873697917,0,idle,337.44379810413585,77.38168645005229,354.4175289565684,69.90665830678435,0.04,0.045
1791329405.940199,352.3954861351925,68.9678871753366,-59.25321989480646,-58.935884653505816,-0.9312377830093459,-0.5609633677726392,0.17499593098958333,-0.9897928873697917,0.17499593098958333,-0.9897928873697917,0,idle,365.6550830135462,70.58908416175574,354.0947307655584,69.40786440014891,0.04,0.045
1791329405.9573262,351.4306636712377,68.38870011880194,-59.253704612795254,-59.023426014137286,-0.9648224639548277,-0.5791870565346657,0.17499593098958333,-0.9897928873697917,0.17499593098958333,-0.9897928873697917,0,idle,327.05026271047046,65.81084033836093,351.82592602204693,68.67778549335158,0.04,0.045
1791329405.974762,350.4277685113151,67.78818068367578,-59.253635637951774,-59.0874219147032,-1.0028951599226223,-0.6005194351261645,0.17499593098958333,-0.9897928873697917,0.17499593098958333,-0.9897928873697917,0,idle,347.32275704980833,56.80713293658686,350.6480171715085,67.51375940214349,0.04,0.045
1791329405.992094,349.38277850418336,67.16359883318358,-59.252385816814694,-59.133589590776296,-1.0449900071317477,-0.6245818504921905,0.17499593098958333,-0.9897928873697917,0.17499593098958333,-0.9897928873697917,0,idle,368.49458579494456,49.16144480479021,350.54760509590517,66.00279091430825,0.04,0.045
1791329406.008115,348.29609441887766,66.51492315865093,-59.24888445559813,-59.165703230220736,-1.0866840853056985,-0.6486756745326487,0.17499593098958333,-0.37284952799479165,0.17499593098958333,-0.37284952799479165,0,idle,350.74216990167736,58.90647453363395,349.52498345515335,65.03173320446851,0.04,0.045
1791329406.025302,347.1735974027329,65.84542864654246,-59.24256495722616,-59.18674562691444,-1.1224970161447227,-0.6694945121084707,0.17499593098958333,0.18550008138020832,0.17499593098958333,0.18550008138020832,0,idle,348.89248568170717,59.06858088254196,348.42698640114355,64.09755580186913,0.04,0.045
1791329406.042388,346.0235020357442,65.15981256266484,-59.23325022425804,-59.19920432722157,-1.1500953669887486,-0.6856160838776211,0.17499593098958333,0.18550008138020832,0.17499593098958333,0.18550008138020832,0,idle,351.1867928002543,71.34720043517737,347.4723861224598,63.80870275385081,0.04,0.045
1791329406.0597591,344.85451915919424,64.46309502716497,-59.22102357541755,-59.20492258537906,-1.16898287654996,-0.6967175354998698,0.17499593098958333,0.18550008138020832,0.17499593098958333,0.18550008138020832,0,idle,341.0600608151895,71.59913063481011,346.0412361243738,63.5363424891739,0.04,0.045
1791329406.076998,343.67485154862527,63.76001794877966,-59.20612183411933,-59.205230541275256,-1.1796676105689738,-0.7030770783853088,0.17499593098958333,0.18550008138020832,0.17499593098958333,0.18550008138020832,0,idle,352.4504803178045,63.281606864443454,345.2410141040048,62.855682483471334,0.04,0.045
1791329406.0943098,342.49170690096844,63.05475299615316,-59.188858112874556,-59.20110082153857,-1.1831446476568468,-0.7052649526265,0.17499593098958333,0.18550008138020832,0.17499593098958333,0.18550008138020832,0,idle,346.9906118015426,70.726490745363,344.2045065736077,62.57922119157074,0.04,0.045
1791329406.1215968,341.3111218045384,62.35079500346846,-59.169570782486645,-59.19326764840596,-1.180585096430058,-0.7039579926846964,0.17499593098958333,0.18550008138020832,0.17499593098958333,0.18550008138020832,0,idle,314.9369953341777,50.83746106460874,341.6195751700277,61.323373092172176,0.04,0.045
1791329406.1270819,340.13796375454746,61.65096135130788,-59.14859228531002,-59.182307082951816,-1.1731580499909677,-0.6998336521605836,0.17499593098958333,0.18550008138020832,0.17499593098958333,0.18550008138020832,0,idle,361.285352979985,62.54638381702187,341.48836391303416,60.71968165886211,0.04,0.045
1791329406.143876,338.9760272047126,60.9574472368221,-59.126231769824706,-59.168688393771575,-1.1619365498348746,-0.6935141144857824,0.17499593098958333,0.18550008138020832,0.17499593098958333,0.18550008138020832,0,idle,329.0222604961585,72.428944695981,339.76121901984726,60.646306401956565,0.04,0.045
1791329406.1610591,337.8281719351628,60.27190608122031,-59.1027667863207,-59.15280622355349,-1.1478552695497513,-0.6855411556017925,0.17499593098958333,0.18550008138020832,0.17499593098958333,0.18550008138020832,0,idle,337.2448237679007,64.66236723283755,338.54493675117766,60.19584534567891,0.04,0.045
1791329406.178653,336.6964730582424,59.59553688374417,-59.07844060985386,-59.13500055654174,-1.131698876920383,-0.676369197476143,0.17499593098958333,0.18550008138020832,0.17499593098958333,0.18550008138020832,0,idle,337.749125284725,75.63070978436436,337.43003224478065,60.32503783001085,0.04,0.045
1791329406.194758,335.5824056292224,58.92919245976259,-59.05346663385025,-59.11557225349682,-1.114067429020018,-0.6663444239815766,0.17499593098958333,0.18550008138020832,0.17499593098958333,0.18550008138020832,0,idle,347.61830281733313,77.06776809681688,336.8810817158393,60.529147140568654,0.04,0.045
1791329406.2111008,334.48706997134354,58.273512485968546,-59.02803771890127,-59.094796845099495,-1.0953356578788724,-0.655679973794047,0.17499593098958333,0.18550008138020832,0.17499593098958333,0.18550008138020832,0,idle,349.5316944787146,66.51098440424364,336.47304347899814,60.20534302864806,0.04,0.045
1791329406.243287,333.4113293303937,57.629004411237354,-59.002325975421954,-59.07292626757006,-1.0757406409498367,-0.6445080747311899,0.17499593098958333,0.18550008138020832,0.17499593098958333,0.18550008138020832,0,idle,328.5174780882627,47.69287998595749,335.053311600559,58.9674372055189,0.04,0.045
1791329406.243777,332.3558889413918,56.99608949965385,-58.97648296449905,-59.05018912996999,-1.0554403890019122,-0.6329149115835027,0.17499593098958333,0.18550008138020832,0.17499593098958333,0.18550008138020832,0,idle,337.2816972282638,63.350504435568695,334.1620625123925,58.585321401017055,0.04,0.045
1791329406.26095,331.32133846624237,56.37513005427458,-58.95115731357011,-59.02691245138499,-1.0345504751494312,-0.6209594453792673,0.16397908528645833,0.18550008138020832,0.16397908528645833,0.18550008138020832,0,idle,329.62668252657767,85.60500832348245,332.9524705617098,59.34639427403002,0.04,0.045
1791329406.27827,330.3081735177585,55.76644505005643,-58.92730972037123,-59.003569878068895,-1.0131649484838257,-0.6086850042181474,0.14313557942708333,0.18550008138020832,0.14313557942708333,0.18550008138020832,0,idle,321.4382910913456,54.75666510725277,331.4142548871319,58.53865706168392,0.04,0.045
1791329406.294941,329.31680918917544,55.17031345807124,-58.90476010604579,-58.98047873469803,-0.9913643285830913,-0.5961315919851935,0.14313557942708333,0.18550008138020832,0.14313557942708333,0.18550008138020832,0,idle,334.08473514333417,54.95781898559941,330.6059827877881,57.79329014549376,0.04,0.045
1791329406.312499,328.3475848777206,54.5869789846315,-58.88433215918717,-58.958071935213084,-0.9692243114548557,-0.583334473439741,0.11939290364583333,0.18550008138020832,0.11939290364583333,0.18550008138020832,0,idle,319.5556829039645,63.443060934272,329.1327046977148,57.52161093516492,0.04,0.045
1791329406.329031,327.4007697114164,54.01664808223275,-58.86567568082775,-58.93659697220791,-0.9468151663041815,-0.5703309023987532,0.11939290364583333,0.18550008138020832,0.11939290364583333,0.18550008138020832,0,idle,322.1367733738488,68.75845553644145,327.88343372353256,57.54163880794994,0.04,0.045
1791329406.346698,326.47656635994747,53.459488932039235,-58.84853298771771,-58.91618238687574,-0.924203351468909,-0.557159150193514,0.11881306966145833,0.18550008138020832,0.11881306966145833,0.18550008138020832,0,idle,337.16127439556493,60.51462379687308,327.4693325732387,57.16098686471226,0.04,0.045
1791329406.363363,325.57511884885395,52.91562410638028,-58.830695542729565,-58.89641549152581,-0.9014475110935217,-0.5438648256589584,0.17499593098958333,0.18550008138020832,0.17499593098958333,0.18550008138020832,0,idle,319.16438218183237,20.14317579289697,326.19770991812953,54.793424726745485,0.04,0.045
1791329406.380049,324.6965138604697,52.38513513122183,-58.81236437760876,-58.877028406414134,-0.8786049883842743,-0.5304889751584502,0.17499593098958333,0.18550008138020832,0.17499593098958333,0.18550008138020832,0,idle,315.5052155131192,49.68992523020875,324.82841045891394,54.034285225518126,0.04,0.045
1791329406.3978298,323.8407831276081,51.86806651379612,-58.793715051464524,-58.85785736021222,-0.8557307328615795,-0.5170686174257049,0.17499593098958333,0.18550008138020832,0.17499593098958333,0.18550008138020832,0,idle,310.3186418261566,60.143899158475506,323.28997783105757,53.848550735611575,0.04,0.045
1791329406.414618,323.007906699721,51.36442942642666,-58.774898758758816,-58.83881215873984,-0.8328764278871322,-0.5036370873694603,0.17499593098958333,0.18550008138020832,0.17499593098958333,0.18550008138020832,0,idle,329.82187196237476,75.55457099213642,322.82533993113066,54.45539651543683,0.04,0.045
1791329406.431308,322.19781683138103,50.87420514161134,-58.75604418721552,-58.81985348336782,-0.8100898683399849,-0.49022428481532065,0.17499593098958333,0.18550008138020832,0.17499593098958333,0.18550008138020832,0,idle,304.7705735761629,28.835409254154996,321.1530162384593,52.70868408179819,0.04,0.045
1791329406.44872,321.4104022548974,50.39734825931605,-58.737259733610955,-58.80097617544028,-0.7874145764836061,-0.47685688229529344,0.17499593098958333,0.18550008138020832,0.17499593098958333,0.18550008138020832,0,idle,314.82900884816763,52.585502157820564,320.0887720212853,52.24951094741878,0.04,0.045
1791329406.465069,320.6455126310224,49.93378973913355,-58.71863582524518,-58.78219706487328,-0.7648896238749747,-0.4635585201824932,0.17499593098958333,0.18550008138020832,0.17499593098958333,0.18550008138020832,0,idle,315.877789322275,56.69315888931841,319.15157774365355,52.03131275034039,0.04,0.045
1791329406.4826088,319.9029630111659,49.483439737084346,-58.700247191111735,-58.76354622378142,-0.7425496198564765,-0.45035000204920506,0.17499593098958333,0.18550008138020832,0.17499593098958333,0.18550008138020832,0,idle,333.37374195580236,58.48013771548071,319.1572638153973,51.92592149665066,0.04,0.045
1791329406.4998589,319.1825381840301,49.04619024275146,-58.68215499205344,-58.74506078248486,-0.7204248271358344,-0.4372494943328879,0.17499593098958333,0.18550008138020832,0.17499593098958333,0.18550008138020832,0,idle,326.1755445400476,50.10016074494193,318.8237742658508,51.419246439448976,0.04,0.045
1791329406.516319,318.4839968153432,48.62191751301288,-58.664408762676715,-58.72678064725641,-0.6985413686868833,-0.4242727297385723,0.17499593098958333,0.18550008138020832,0.17499593098958333,0.18550008138020832,0,idle,358.63357967300567,57.784216972652885,320.15065023595594,51.334435872857526,0.04,0.045
1791329406.533181,317.80707531978544,48.21048430135081,-58.647048146086796,-58.708745616982554,-0.6769214955577341,-0.4114332116620709,0.17499593098958333,0.18550008138020832,0.17499593098958333,0.18550008138020832,0,idle,321.2981555913079,52.13984682001781,319.5649500829437,50.983844869136576,0.04,0.045
1791329406.5504372,317.1514914288802,47.81174188511169,-58.63010442031233,-58.69099351833699,-0.655583890905248,-0.3987424162391208,0.17499593098958333,0.18550008138020832,0.17499593098958333,0.18550008138020832,0,idle,297.3016667301485,50.63061073322563,317.82898121894397,50.58737786691386,0.04,0.045
1791329406.567681,316.5169474378767,47.42553189636366,-58.613601825953445,-58.67355907345186,-0.634543991003534,-0.38620998874803086,0.17499593098958333,0.18550008138020832,0.17499593098958333,0.18550008138020832,0,idle,313.3171491138601,44.52542991232926,317.00057282223645,49.917380979874004,0.04,0.045
1791329406.5843399,315.9031331291089,47.05168796475577,-58.59755871046864,-58.656473286438526,-0.6138143087678147,-0.37384393160788715,0.17499593098958333,0.18550008138020832,0.17499593098958333,0.18550008138020832,0,idle,299.86741905049945,40.18525071411261,315.56079154032017,49.07562273155844,0.04,0.045
1791329406.601511,315.3097283797365,46.69003718287976,-58.58198850725578,-58.63976319030562,-0.5934047493724066,-0.36165078187600636,0.17499593098958333,0.18550008138020832,0.17499593098958333,0.18550008138020832,0,idle,321.09931246272436,57.33195803262294,315.2739830745366,49.14487125382946,0.04,0.045
1791329406.618243,314.73640546891465,46.34040140606174,-58.56690056841888,-58.62345183771195,-0.5733229108218476,-0.34963577681802294,0.17499593098958333,0.18550008138020832,0.17499593098958333,0.18550008138020832,0,idle,310.95963622558895,73.05013166939453,314.5136089668085,50.007980286630584,0.04,0.045
1791329406.634921,314.1828311039948,46.002598399332626,-58.55230086962044,-58.60755845062192,-0.5535743649198649,-0.3378030067291124,0.17499593098958333,0.18550008138020832,0.17499593098958333,0.18550008138020832,0,idle,314.4791292350621,40.1856383036461,313.98598933354725,49.1959503310887,0.04,0.045
1791329406.6526709,313.64866818793206,45.67644284463921,-58.53819260422262,-58.592098667688035,-0.5341629160627133,-0.3261555546934166,0.17499593098958333,0.18550008138020832,0.17499593098958333,0.18550008138020832,0,idle,322.93208900810004,40.23727552876652,313.9258395470153,48.43816881401385,0.04,0.045
1791329406.669406,313.1335773511721,45.36174722126654,-58.52457668236418,-58.57708484592493,-0.5150908367599698,-0.31469562337267304,0.17499593098958333,0.18550008138020832,0.17499593098958333,0.18550008138020832,0,idle,311.2973177405583,38.84278060912176,313.3050771617705,47.65943856156521,0.04,0.045
1791329406.686121,312.63721827132025,45.05832257204706,-58.511452148927546,-58.56252638640052,-0.4963590798518527,-0.30342464921948303,0.17499593098958333,0.18550008138020832,0.17499593098958333,0.18550008138020832,0,idle,320.1273924137264,55.247785095150924,313.17465179850905,47.75060247148599,0.04,0.045
1791329406.702889,312.1592447827403,44.76597547598723,-58.49881581285272,-58.54842927875284,-0.4779734885799247,-0.29234709605983134,0.17499593098958333,0.18376057942708332,0.17499593098958333,0.18376057942708332,0,idle,288.1257109530166,40.75283541504067,311.46812994208346,47.12298437740689,0.04,0.045
1791329406.7198982,311.6991241042378,44.48439713579113,-58.4866413022813,-58.53477330492163,-0.46012067850248467,-0.2815783401961023,0.17499593098958333,0.12925618489583332,0.17499593098958333,0.12925618489583332,0,idle,319.6092576283356,44.07489415419451,311.4380716818187,46.70308044305997,0.04,0.045
1791329406.737025,311.256201695283,44.21320295465337,-58.47490319775766,-58.5215427076908,-0.44292240895480073,-0.271194181137758,0.17499593098958333,0.12235921223958333,0.17499593098958333,0.12235921223958333,0,idle,311.3848690230192,43.11641465850548,311.0146352603717,46.26611268175137,0.04,0.045
1791329406.754076,310.829769124679,43.95197407185008,-58.4635795794121,-58.5087267815604,-0.4264325706040061,-0.26122888280328926,0.17499593098958333,0.12235921223958333,0.17499593098958333,0.12235921223958333,0,idle,306.69797187598203,46.12155141928636,310.3936911490784,46.010717179965,0.04,0.045
1791329406.771678,310.4191684483439,43.70032142969528,-58.4526586649807,-58.49632535905213,-0.4106006763351201,-0.25165264215480165,0.17499593098958333,0.14301961263020832,0.17499593098958333,0.14301961263020832,0,idle,306.24712231036875,62.30673443520648,309.7962920646246,46.58644803268001,0.04,0.045
1791329406.788324,310.02391799728275,43.457963142729554,-58.44214472323662,-58.48435293852078,-0.395250451061143,-0.24235828696572276,0.17499593098958333,0.18550008138020832,0.17499593098958333,0.18550008138020832,0,idle,294.3529919142303,40.27653411606831,308.6486391285968,46.04071196423199,0.04,0.045
1791329406.805008,309.6436574268484,43.224690931548444,-58.432040246799495,-58.472816353192776,-0.38026057043438294,-0.23327221118111122,0.17499593098958333,0.18550008138020832,0.17499593098958333,0.18550008138020832,0,idle,313.00040609423485,40.245980846271245,308.50497993496606,45.529366807711895,0.04,0.045
1791329406.822127,309.27810787154414,43.000345774197385,-58.42234618944416,-58.46171745460425,-0.3655495553042514,-0.2243451573510583,0.17499593098958333,0.18550008138020832,0.17499593098958333,0.18550008138020832,0,idle,301.4806662967619,51.18665142422847,307.80649217551684,45.599103139054215,0.04,0.045
1791329406.8392599,308.9280801281058,42.78543815859996,-58.413187360289754,-58.451194676945725,-0.35002774343829446,-0.21490761559742355,0.17499593098958333,0.47187703450520835,0.17499593098958333,0.47187703450520835,0,idle,303.6617254682523,44.46659147426119,307.2667274838872,45.33831532099701,0.04,0.045
1791329406.856417,308.59663008877294,42.581859961513466,-58.40486101846747,-58.44155521336126,-0.3314500393328799,-0.20357819708649216,0.17499593098958333,0.7461690266927083,0.17499593098958333,0.7461690266927083,0,idle,300.8168171205711,33.54186085134625,306.62935442835516,44.5550933102823,0.04,0.045
1791329406.873693,308.2905858140726,42.39382580876537,-58.39791703900086,-58.43335946780811,-0.3060442747003481,-0.18803415274809698,0.17499593098958333,1.0101765950520833,0.17499593098958333,1.0101765950520833,0,idle,314.39248744650035,40.48724887967257,306.7267690182971,44.17306864364112,0.04,0.045
1791329406.890902,308.01994734954525,42.22750509503461,-58.3929471746434,-58.42721928818359,-0.2706384645273645,-0.1663207137307614,0.17499593098958333,1.0101765950520833,0.17499593098958333,1.0101765950520833,0,idle,321.9679473887872,36.711946180102274,307.23172139552065,43.64200784241996,0.04,0.045
1791329406.907126,307.7970502519273,42.090506236359126,-58.39053814241824,-58.42394025865646,-0.22289709761794604,-0.13699885867548628,0.17499593098958333,1.0101765950520833,0.17499593098958333,1.0101765950520833,0,idle,307.40265814308697,43.71962356216613,307.0285159901619,43.51573971266556,0.04,0.045
1791329406.923645,307.63570454552354,41.99134318631706,-58.391243086982946,-58.42512157008522,-0.1613457064037959,-0.09916305004206463,0.17499593098958333,1.0101765950520833,0.17499593098958333,1.0101765950520833,0,idle,306.6217586625481,38.67820885953817,306.85489970269765,43.179658272469226,0.04,0.045
1791329406.9406772,307.5324107287889,41.92787234328581,-58.39338666779934,-58.43056645396387,-0.10329381673466118,-0.06347084303124398,0.17499593098958333,1.0101765950520833,0.17499593098958333,1.0101765950520833,0,idle,316.46317301862723,23.50767275644207,307.2371842425962,42.13576169578818,0.04,0.045
1791329406.957916,307.4860171543981,41.899389911433396,-58.397147531757426,-58.45296556346937,-0.046393574390783926,-0.028482431852419728,0.17499593098958333,1.0101765950520833,0.17499593098958333,1.0101765950520833,0,idle,290.53578136204237,50.94538934506157,306.35804020289726,42.54918476799206,0.04,0.045
1791329406.974135,307.49693756707086,41.90614956016082,-58.4026805166337,121.75717862511193,0.010920412672758437,0.0067596487274246,0.17499593098958333,1.0101765950520833,0.17499593098958333,1.0101765950520833,0,idle,297.72227136014266,33.93813593152096,305.9366261527986,42.125053992459556,0.04,0.045
1791329406.991333,307.56656859537344,41.94900292558617,-58.41011713931855,121.60959221099935,0.06963102830256228,0.04285336542535373,0.17499593098958333,1.0101765950520833,0.17499593098958333,1.0101765950520833,0,idle,302.40197441354945,30.701371396669224,305.8260430427236,41.594580559824124,0.04,0.045
1791329407.007932,307.6968639447527,42.02913646716189,-58.41956691092176,121.59212245760254,0.13029534937924095,0.08013354157571903,0.17499593098958333,1.0101765950520833,0.17499593098958333,1.0101765950520833,0,idle,323.9094373392952,28.357585815328214,306.8539933394625,41.00885768709626,0.04,0.045
1791329407.0248919,307.89002977512064,42.147882925133956,-58.43111910467752,121.5806401202393,0.1931658303679553,0.1187464579720669,0.17499593098958333,1.0101765950520833,0.17499593098958333,1.0101765950520833,0,idle,291.41333449042736,35.5138068034521,306.2654679358603,40.846914277987516,0.04,0.045
1791329407.042592,308.148312584267,42.306589804760726,-58.44484472776475,121.56945178865966,0.25828280914637913,0.15870687962676724,0.17499593098958333,1.0101765950520833,0.17499593098958333,1.0101765950520833,0,idle,308.160156438108,46.91462292728112,306.6055710296617,41.30107124609763,0.04,0.045
1791329407.0591948,308.47385676811774,42.506530887908966,-58.46079853554071,121.55720400824785,0.3255441838507648,0.19994108314823827,0.17499593098958333,1.0101765950520833,0.17499593098958333,1.0101765950520833,0,idle,304.1836937167103,22.778492475179522,306.7937441386723,40.56488633654255,0.04,0.045
1791329407.076731,308.86861391407103,42.74884975767242,-58.479020987154556,121.54338756659422,0.39475714595329825,0.2423188697634541,0.17499593098958333,1.0101765950520833,0.17499593098958333,1.0101765950520833,0,idle,305.1382025915382,60.05054450079882,307.0859863499712,41.76937217103064,0.04,0.045
1791329407.093256,309.334289887501,43.03452676863313,-58.49954008289656,121.5277570618047,0.4656759734299385,0.28567701096071335,0.17499593098958333,1.0101765950520833,0.17499593098958333,1.0101765950520833,0,idle,307.42412354897823,16.91562060781809,307.54528538468,40.79807775328269,0.04,0.045
1791329407.109785,309.87231900317903,43.36436287136487,-58.52237305156772,121.51017460323024,0.5380291156780825,0.3298361027317419,0.17499593098958333,1.0101765950520833,0.17499593098958333,1.0101765950520833,0,idle,302.52205389210354,40.43542649969761,307.80525146994535,41.09328948819859,0.04,0.045
1791329407.127222,310.48385714806017,43.73897527523714,-58.547527874642505,121.49055494058358,0.6115381448811437,0.3746124038722717,0.17499593098958333,1.0101765950520833,0.17499593098958333,1.0101765950520833,0,idle,294.8347571698168,47.84276719121393,307.737687992576,41.78664515702802,0.04,0.045
1791329407.144043,311.1697877497871,44.158801175720996,-58.57500464591052,121.46884252350021,0.6859306017268978,0.41982590048385593,0.17499593098958333,1.0101765950520833,0.17499593098958333,1.0101765950520833,0,idle,309.5630295939706,29.024881653263726,308.4805891442863,41.54739158729947,0.04,0.045
1791329407.161609,311.9307360658497,44.62410674180024,-58.60479677265791,121.44500059699264,0.7609483160626123,0.4653055660792479,0.17499593098958333,1.0101765950520833,0.17499593098958333,1.0101765950520833,0,idle,324.66402708022014,42.97188010648472,310.01266194134246,42.060656301034015,0.04,0.045
1791329407.178369,312.76708848808767,45.134999308377274,-58.63689202872816,121.4190054534935,0.8363524222379671,0.5108925665770355,0.17499593098958333,1.0101765950520833,0.17499593098958333,1.0101765950520833,0,idle,301.62412300638937,59.470371439536734,310.3877697957208,43.41648999620733,0.04,0.045
1791329407.194419,313.6790144893696,45.69144129226387,-58.67127347199936,121.39084311658041,0.9119260012819154,0.5564419838865929,0.17499593098958333,1.0101765950520833,0.17499593098958333,1.0101765950520833,0,idle,314.5590334501497,57.098989837683774,311.4626626796601,44.62923487297342,0.04,0.045
1791329407.211149,314.666489544584,46.29326478541073,-58.707920239642604,121.3605072613529,0.9874750552144381,0.601823493146858,0.17499593098958333,1.0101765950520833,0.17499593098958333,1.0101765950520833,0,idle,317.20854622799186,40.44476425883521,312.6880581595304,44.99174366075603,0.04,0.045
1791329407.2281861,315.72931788615165,46.94018610563578,-58.746808234477,121.32799780481697,1.0628283415676356,0.6469213202250546,0.17499593098958333,1.0101765950520833,0.17499593098958333,1.0101765950520833,0,idle,316.45934039682174,46.008966278297244,313.8863091958842,45.65718004584689,0.04,0.045
1791329407.244432,316.86715434511046,47.63181982760005,-58.78791071515161,121.293319880754,1.1378364589588228,0.6916337219642674,0.17499593098958333,1.0101765950520833,0.17499593098958333,1.0101765950520833,0,idle,309.26099694716476,43.879395093378136,314.7359882194591,46.22534283408951,0.04,0.045
1791329407.261447,318.07952481431926,48.36769199457104,-58.83119880199423,121.25648304809734,1.2123704692087862,0.7358721669709942,0.17499593098958333,1.0101765950520833,0.17499593098958333,1.0101765950520833,0,idle,333.2173687359279,38.46512637673459,316.8118091910309,46.53641056984421,0.04,0.045
1791329407.278272,319.3658450756382,49.14725233995518,-58.876641909326445,121.21750064976392,1.286320261318982,0.779560345384144,0.17499593098958333,1.0101765950520833,0.17499593098958333,1.0101765950520833,0,idle,305.1993782267047,53.3869863595241,317.4531918910676,47.61952168744314,0.04,0.045
1791329407.294399,320.7254378777785,49.969885438700494,-58.92420811395482,121.17638927464934,1.3595928021402999,0.8226330987453112,0.17499593098958333,1.0101765950520833,0.17499593098958333,1.0101765950520833,0,idle,327.8174685997293,48.88608477265615,319.26301888853396,48.46435128551184,0.04,0.045
1791329407.3112981,322.1575482511548,50.834920771821444,-58.97386446847422,121.13316829494813,1.4321103733762963,0.8650353331209473,0.17499593098958333,1.0101765950520833,0.17499593098958333,1.0101765950520833,0,idle,308.21120501304756,75.39072410557023,320.07093304946716,50.632453492979664,0.04,0.045
1791329407.327724,323.6613571123077,51.74164172969715,-59.02557726699924,121.0878594618111,1.50380886115291,0.9067209578757043,0.17499593098958333,1.0101765950520833,0.17499593098958333,1.0101765950520833,0,idle,328.41043529154075,53.21496842706331,321.9165265796661,51.62296414966577,0.04,0.045
1791329407.343621,325.2359932522877,52.68929360697176,-59.07931226999592,121.04048654852188,1.5746361399800068,0.9476518772746092,0.17499593098958333,1.0101765950520833,0.17499593098958333,1.0101765950520833,0,idle,302.8175191197949,40.50998107186021,322.4574805396535,51.96758427918637,0.04,0.045
1791329407.3608232,326.88054382764125,53.67709065804701,-59.13503489402765,120.99107503393785,1.6445505753535357,0.9877970510752483,0.17499593098958333,1.0101765950520833,0.17499593098958333,1.0101765950520833,0,idle,341.7472923784112,58.90297120606624,324.98429417817727,53.25276082405185,0.04,0.045
1791329407.377167,328.594063484451,54.70422229047486,-59.19271037146001,120.93965182102424,1.7135196568097415,1.0271316324278523,0.17499593098958333,1.0101765950520833,0.17499593098958333,1.0101765950520833,0,idle,338.77508364435977,50.50695812261017,327.30167732545567,54.091245739786224,0.04,0.045
1791329407.39325,330.37558224909,55.76985847640749,-59.25230388448584,120.88624498654939,1.7815187646389483,1.0656361859326324,0.17499593098958333,1.0101765950520833,0.17499593098958333,1.0101765950520833,0,idle,327.3936022391558,42.67136882439555,328.9987163975477,54.53260627065269,0.04,0.045
1791329407.409992,332.22411231678427,56.87315446140363,-59.313780677230675,120.83088355876099,1.848530067694273,1.103295984996138,0.17499593098958333,1.0101765950520833,0.17499593098958333,1.0101765950520833,0,idle,330.87777148539607,42.14744771924131,330.8487727162497,54.961479528828455,0.04,0.045
1791329407.426487,334.13865386281157,58.01325484661672,-59.37710614917223,120.77359732033582,1.9145415460272832,1.1401003852130867,0.17499593098958333,1.0101765950520833,0.17499593098958333,1.0101765950520833,0,idle,335.6526633860304,55.84573277155299,332.90778171846466,56.08878755691712,0.04,0.045
1791329407.442801,336.11819999268243,59.18929711563822,-59.44224593264948,120.71441663421037,1.9795461298708763,1.176042269021499,0.17499593098958333,1.0101765950520833,0.17499593098958333,1.0101765950520833,0,idle,308.9569763967025,75.0759666582566,333.5908102757539,58.15538666755452,0.04,0.045
1791329407.4587111,338.16174093801857,60.40041467170744,-59.50916595683965,120.65337229012465,2.0435409453361393,1.21111755606922,0.17499593098958333,1.0101765950520833,0.17499593098958333,1.0101765950520833,0,idle,344.74753807823095,79.18966964667938,336.0900105639471,60.35766249477652,0.04,0.045
1791329407.475307,340.26564275773103,61.64420230513121,-59.5775186451587,120.59078993497542,2.103901819712488,1.2437876334237685,0.17499593098958333,0.6590108235677083,0.17499593098958333,0.6590108235677083,0,idle,337.8689276723902,52.98651428416958,338.1776631480961,61.17070333599875,0.04,0.045
1791329407.491833,342.42052923052944,62.91491430286609,-59.646506387618814,120.5273683984494,2.1548864727984047,1.2707119977348786,0.17499593098958333,0.010420735677083333,0.17499593098958333,0.010420735677083333,0,idle,347.91309214076625,55.80838904339993,340.7115767468881,62.10976401921695,0.04,0.045
1791329407.509326,344.61461935696684,64.20545004184154,-59.71556090886649,120.46349787696592,2.1940901264373895,1.2905357389754586,0.17499593098958333,0.010420735677083333,0.17499593098958333,0.010420735677083333,0,idle,357.7337652362942,70.12776784093478,343.64707179147393,63.736673162329524,0.04,0.045
1791329407.525855,346.8357024972287,65.50852132250775,-59.78427946866671,120.39941548920223,2.221083140261814,1.3030712806662033,0.17499593098958333,0.010420735677083333,0.17499593098958333,0.010420735677083333,0,idle,356.79761218420185,71.40566110481682,346.4146277943591,65.35804027608678,0.04,0.045
1791329407.5434601,349.07223813911304,66.81729555822537,-59.85237876968882,120.33528493228235,2.2365356418843545,1.308774235717618,0.17499593098958333,0.010420735677083333,0.17499593098958333,0.010420735677083333,0,idle,343.01936971321226,69.93001990554411,348.3695737500919,66.82997478149139,0.04,0.045
1791329407.560129,351.3139049007194,68.12571058373486,-59.91966165884407,120.27123500953546,2.2416667616063983,1.3084150255094849,0.17499593098958333,0.010420735677083333,0.17499593098958333,0.010420735677083333,0,idle,352.60820325038856,65.82335921425398,350.71108864863277,68.02263827736353,0.04,0.045
1791329407.577431,353.5518128865978,69.42858992136385,-59.98599307195876,120.20737732664267,2.2379079858784134,1.3028793376289873,0.17499593098958333,0.010420735677083333,0.17499593098958333,0.010420735677083333,0,idle,380.7613534324729,69.17991605956416,354.33961447440925,69.31823753722111,0.04,0.045
1791329407.593686,355.7785188007112,70.72164212554654,-60.051282656732845,120.14381379809943,2.2267059141133965,1.293052204182685,0.17499593098958333,0.010420735677083333,0.17499593098958333,0.010420735677083333,0,idle,360.2333190311201,74.00805125647317,356.7496703206525,70.78112781715727,0.04,0.045
1791329407.610423,357.9879330619871,72.00139752192696,-60.11547222072352,120.0806393223207,2.2094142612759033,1.2797553963804211,0.17499593098958333,0.010420735677083333,0.17499593098958333,0.010420735677083333,0,idle,339.4127023352071,66.44648412219627,357.98176546959235,71.78016325897062,0.04,0.045
1791329407.627699,360.1751747944397,73.265115542262,-60.17852666536623,120.01794228760224,2.1872417324526165,1.263718020335038,0.17499593098958333,0.010420735677083333,0.17499593098958333,0.010420735677083333,0,idle,344.83355585471617,58.77802588385304,359.4022346346785,72.33058850953302,0.04,0.045
1791329407.643861,362.33640859935696,74.51068265941373,-60.240427438610574,119.95580422442033,2.1612338049172153,1.2455671171517435,0.17499593098958333,0.010420735677083333,0.17499593098958333,0.010420735677083333,0,idle,353.446332203664,92.72815137443042,361.15761162779916,74.53375541407203,0.04,0.045
1791329407.660083,364.46868275905484,75.73651239372708,-60.30116780720613,119.89429924521588,2.13227415969786,1.2258297343133526,0.17499593098958333,0.010420735677083333,0.17499593098958333,0.010420735677083333,0,idle,377.0762090215918,71.18945659647818,363.97920194920175,75.53107872079002,0.04,0.045
1791329407.676714,366.56977942943547,76.94145344738877,-60.360749443634994,119.83349357027707,2.101096670380612,1.2049410536616891,0.17499593098958333,0.010420735677083333,0.17499593098958333,0.010420735677083333,0,idle,372.8347646080087,70.41441429789505,366.4180219190037,76.41993950062387,0.04,0.045
1791329407.693568,368.6380817169241,78.12470867299946,-60.41917996282586,119.7734452614595,2.0683022874886468,1.183255225610688,0.17499593098958333,0.010420735677083333,0.17499593098958333,0.010420735677083333,0,idle,355.2300766112467,64.60363126329253,367.82351182673005,76.95321655308746,0.04,0.045
1791329407.710065,370.6724591260126,79.2857655823469,-60.47647114503461,119.71420419356305,2.03437740908851,1.1610569093474343,0.17499593098958333,0.010420735677083333,0.17499593098958333,0.010420735677083333,0,idle,390.61620128760995,67.74294545517293,370.89580483840814,77.5957070620718,0.04,0.045
1791329407.727767,372.672170911746,80.42433797073521,-60.53263765443006,119.65581224647647,1.9997117857333957,1.1385723883883185,0.17499593098958333,-0.015915934244791666,0.17499593098958333,-0.015915934244791666,0,idle,367.61077505241184,92.25319076419717,372.63127954555506,79.41022501614697,0.04,0.045
1791329407.744556,374.6367379294864,81.540290698669,-60.58769044332217,119.59830954475416,1.9645670177404129,1.115952727933783,0.17499593098958333,-0.09797770182291667,0.17499593098958333,-0.09797770182291667,0,idle,379.62424600498514,85.61638645792088,374.84726653537996,80.78068817977277,0.04,0.045
1791329407.761375,376.5659010560737,82.6336141092034,-60.64164321643792,119.54172654963148,1.9291631265872768,1.093323410534412,0.17499593098958333,-0.19566446940104168,0.17499593098958333,-0.19566446940104168,0,idle,383.23698838138154,68.73390827756229,377.099457597938,81.21700642466993,0.04,0.045
1791329407.777691,378.4595676877568,83.7043922255962,-60.69450978609288,119.48608766525173,1.893666631683116,1.0707781163927814,0.17499593098958333,-0.30943400065104165,0.17499593098958333,-0.30943400065104165,0,idle,385.2481261571073,62.11277122432219,379.30587432599543,81.2790338752257,0.04,0.045
1791329407.794574,380.31684012599663,84.75225828928356,-60.74619396772629,119.43152637667353,1.8572724382398054,1.0478660636873716,0.17499593098958333,-0.6820841471354167,0.17499593098958333,-0.6820841471354167,0,idle,387.125079731749,68.09809052595271,381.46124341261094,81.61545946826504,0.04,0.045
1791329407.8112488,382.1343271480049,85.7754641028808,-60.79558185901014,119.37856843247411,1.8174870220082824,1.0232058135972386,0.16571858723958333,-0.9277506510416667,0.16571858723958333,-0.9277506510416667,0,idle,374.6483493371483,89.17901003560323,382.84721137974566,82.96568251954933,0.04,0.045
1791329407.828017,383.90536512669746,86.77048115050388,-60.83935957082653,119.32845549563085,1.7710379786925836,0.9950170476230746,0.12809041341145833,-0.9897928873697917,0.12809041341145833,-0.9897928873697917,0,idle,371.72097345845214,92.99107505839382,383.9733855634389,84.41221834173348,0.04,0.045
1791329407.845857,385.6203012381966,87.73219209498218,-60.873162137317166,119.28306715173531,1.7149361114991315,0.9617109444782989,0.05860188802083333,-0.9897928873697917,0.05860188802083333,-0.9897928873697917,0,idle,362.55034014568486,89.25900873552897,384.5314225984754,85.56818325867764,0.04,0.045
1791329407.8624918,387.26716167498984,88.65426675515326,-60.89374334569611,119.24439823748489,1.6468604367932562,0.9220746601710729,-0.04213663736979167,-0.9897928873697917,-0.04213663736979167,-0.9897928873697917,0,idle,398.8351672979126,96.5827059455787,386.81112724840085,86.99488032018522,0.04,0.045
1791329407.879288,388.8324479732275,89.52956342914307,-60.90177927248784,119.21360198660592,1.5652862982376545,0.8752966739898074,-0.15965983072916667,-0.9897928873697917,-0.15965983072916667,-0.9897928873697917,0,idle,379.504228326247,70.2142285358236,387.93280428561894,86.98737957125745,0.04,0.045
1791329407.895724,390.30190962881574,90.35049085180638,-60.90245230041523,119.19028547030895,1.4694616555882758,0.8209274226633145,-0.2881998697916667,-0.9897928873697917,-0.2881998697916667,-0.9897928873697917,0,idle,410.3170344385985,106.60182238181915,390.44800436607676,88.74798276331569,0.04,0.045
1791329407.911328,391.6611907804045,91.1093514338926,-60.896984327425216,119.17378482394808,1.3592811515887986,0.7588605820862154,-0.6327433268229167,-0.9897928873697917,-0.6327433268229167,-0.9897928873697917,0,idle,400.6158058776556,85.96150198983867,392.2477115356651,89.32957627762374,0.04,0.045
1791329407.927854,392.8963041847376,91.79869034213672,-60.866985919102255,119.16666852704111,1.2351134043330232,0.6893389082441232,-0.8452372233072917,-0.9897928873697917,-0.8452372233072917,-0.9897928873697917,0,idle,397.5084565311776,83.16446987711107,393.6841065195571,89.67619292043003,0.04,0.045
1791329407.945456,393.9940303943284,92.41147338082769,-60.802145437548596,119.17153894162844,1.097726209590785,0.6127830386909616,-1.0108561197916666,-0.9897928873697917,-1.0108561197916666,-0.9897928873697917,0,idle,406.4227408942652,89.02162312919229,395.36387813740373,90.22560831762455,0.04,0.045
1791329407.961983,394.9422480878472,92.941112927767,-60.71788653355172,119.18612025061823,0.9482176935188351,0.52963954693931,-1.0108561197916666,-0.9897928873697917,-1.0108561197916666,-0.9897928873697917,0,idle,394.46031298421144,92.28153796389117,396.219506688587,90.83156236953022,0.04,0.045
1791329407.979441,395.73013193387027,93.38149899933136,-60.64162955321272,119.20291870968808,0.7878838460231026,0.44038607156436366,-1.0108561197916666,-0.9897928873697917,-1.0108561197916666,-0.9897928873697917,0,idle,386.21555941783265,110.63451464081909,396.4677989787712,92.2400767510808,0.04,0.045
1791329407.9958751,396.3482109540711,93.72709219023616,-60.60591305819426,119.21133607592002,0.6180790202008215,0.3455931909048127,-1.0108561197916666,-0.9897928873697917,-1.0108561197916666,-0.9897928873697917,0,idle,405.10388647102684,125.3889762736459,397.4867784225748,94.22583525856862,0.04,0.045
1791329408.0133078,396.7883047621533,93.97308870346642,-60.64398938117488,119.20361063748416,0.440093808082213,0.24599651323025873,-1.0108561197916666,-0.9897928873697917,-1.0108561197916666,-0.9897928873697917,0,idle,412.27247582451844,100.28624244200685,398.6441524103501,94.76255230530927,0.04,0.045
1791329408.03074,397.07458038346135,94.13303739318731,-60.72763109750213,119.19308378192082,0.2862756213080675,0.1599486897208915,-1.0108561197916666,-0.9897928873697917,-1.0108561197916666,-0.9897928873697917,0,idle,389.8344786408996,109.63875294454532,398.4756305621202,95.65831359250592,0.04,0.045
1791329408.047179,397.2248751923564,94.21709986275877,-60.86752057153599,119.21903511229718,0.15029480889505886,0.08406246957146107,-1.0108561197916666,-0.9897928873697917,-1.0108561197916666,-0.9897928873697917,0,idle,402.4041323054259,80.11298982250533,398.81483571773583,94.96090675009879,0.04,0.045
1791329408.06462,397.2523291707909,94.2330237194293,-61.07270537691747,120.11459076259906,0.027453978434478193,0.015923856670524733,-1.0108561197916666,-0.9897928873697917,-1.0108561197916666,-0.9897928873697917,0,idle,397.8597660207892,107.14136969686045,398.7931635124013,95.58505756127387,0.04,0.045
1791329408.0811,397.1665920921087,94.18687585741822,-61.35055716346726,-61.70870353018119,-0.08573707868220293,-0.046147862011078226,-1.0108561197916666,-0.9897928873697917,-1.0108561197916666,-0.9897928873697917,0,idle,398.30220695357514,89.92587495800619,398.6871654597119,95.25825796219996,0.04,0.045
1791329408.0986829,396.9747158778831,94.08359342922637,-61.70684895731997,-61.70747046667968,-0.19187621422560042,-0.10328242819185166,-1.0108561197916666,-0.9897928873697917,-1.0108561197916666,-0.9897928873697917,0,idle,388.16800644500375,107.03817745884113,397.97892510546217,95.74913563024977,0.04,0.045
1791329408.1152499,396.68181467081695,93.92739607700528,-62.14589965189672,-61.93004501296955,-0.2929012070661471,-0.15619735222108752,-1.0108561197916666,-0.9897928873697917,-1.0108561197916666,-0.9897928873697917,0,idle,407.48648875105687,93.83883324162078,398.176047141029,95.50523302620829,0.04,0.045
1791329408.1321468,396.29155421693287,93.72209250166279,-62.67075080865193,-62.252573680850645,-0.39026045388406017,-0.20530357534249571,-1.0108561197916666,-0.9897928873697917,-1.0108561197916666,-0.9897928873697917,0,idle,378.31370971032607,91.58532128312719,396.812182838304,95.11419904247886,0.04,0.045
1791329408.149815,395.8065163444757,93.4713065728679,-63.28335272743295,-62.65904629680705,-0.48503787245714286,-0.25078592879489003,-1.0108561197916666,-0.9897928873697917,-1.0108561197916666,-0.9897928873697917,0,idle,392.68788940628974,103.90916224106618,396.145182187869,95.31570057005308,0.04,0.045
1791329408.165708,395.2284724359117,93.17864223024336,-63.98474524679431,-63.14685024217407,-0.578043908563999,-0.29266434262455443,-1.0108561197916666,-0.9897928873697917,-1.0108561197916666,-0.9897928873697917,0,idle,416.43061504422775,98.00423970279753,396.6103121175512,95.17209640119698,0.04,0.045
1791329408.1824698,394.5585908734802,92.84780189464261,-64.77522474623369,-63.71620807599327,-0.6698815624314947,-0.33084033560074116,-1.0108561197916666,-0.9897928873697917,-1.0108561197916666,-0.9897928873697917,0,idle,401.40854574276796,109.05109566947715,396.2138363145021,95.55174804579029,0.04,0.045
1791329408.199044,393.7975967788177,92.48266963871117,-65.65449297780033,-64.36786214458509,-0.7609940946624955,-0.36513225593144105,-1.0108561197916666,-0.9897928873697917,-1.0108561197916666,-0.9897928873697917,0,idle,404.38230972588224,75.51209854251121,395.89931559514173,94.20288992749147,0.04,0.045
1791329408.216019,392.945897412837,92.08736769718665,-66.62178613612853,-65.10242099855932,-0.8516993659807243,-0.39530194152452397,-1.0108561197916666,-0.9897928873697917,-1.0108561197916666,-0.9897928873697917,0,idle,390.38559173143227,101.04056142975041,394.8145150042746,94.16923665815612,0.04,0.045
1791329408.233005,392.0036829324832,91.66629283868133,-67.67598435575333,-65.92017246240326,-0.9422144803538145,-0.4210748585053223,-1.0108561197916666,-0.9897928873697917,-1.0108561197916666,-0.9897928873697917,0,idle,392.48406079606053,84.23717041743302,393.8028885375278,93.27261223053992,0.04,0.045
1791329408.2500951,390.97100949513595,91.22413753051285,-68.81570288924405,-66.821053419964,-1.0326734373472373,-0.44215530816848525,-1.0108561197916666,-0.9897928873697917,-1.0108561197916666,-0.9897928873697917,0,idle,382.8028073899014,78.65627388578628,392.2718447146666,92.12174777054219,0.04,0.045
1791329408.267221,389.84786971509044,90.7658996002804,-70.03936678753364,-67.80467604745846,-1.1231397800455205,-0.45823793023244286,-1.0108561197916666,-0.9897928873697917,-1.0108561197916666,-0.9897928873697917,0,idle,383.36051253395794,85.11504231147117,390.7592953145879,91.33608646386782,0.04,0.045
1791329408.284575,388.6342540247405,90.29688315160257,-71.34527113802629,-68.87037303875216,-1.2136156903499165,-0.4690164486778371,-1.0108561197916666,-0.9897928873697917,-1.0108561197916666,-0.9897928873697917,0,idle,384.9602002648046,88.02568539664452,389.31640565626634,90.7250007842627,0.04,0.045
1791329408.3004642,387.33020543631415,89.82269276473305,-72.73162893592392,-70.01724660269092,-1.3040485884264068,-0.4741903868695176,-1.0108561197916666,-0.9897928873697917,-1.0108561197916666,-0.9897928873697917,0,idle,387.6180024239747,81.26887887426508,387.9926393356467,89.80171382123677,0.04,0.045
1791329408.3176079,385.93586943362754,89.34922245761105,-74.19660855470504,-71.24421489798955,-1.3943360026866183,-0.47347030712200644,-1.0108561197916666,-0.9897928873697917,-1.0108561197916666,-0.9897928873697917,0,idle,397.2693843888057,111.41352321237973,387.13185738575237,90.43250749902802,0.04,0.045
1791329408.334209,384.4515401692692,88.88264046182107,-75.73836260162574,-72.5500534336741,-1.4843292643583252,-0.4665819957899833,-1.0108561197916666,-0.9897928873697917,-1.0108561197916666,-0.9897928873697917,0,idle,361.495819086679,65.66519802807157,384.4399426696583,88.75088912947972,0.04,0.045
1791329408.351692,382.8777037429993,88.42937055160094,-77.35504973282613,-73.93343072669157,-1.5738364262699067,-0.4532699102201325,-1.0108561197916666,-0.9897928873697917,-1.0108561197916666,-0.9897928873697917,0,idle,386.00288060783055,97.19828603538949,383.0229449616105,88.74265256006608,0.04,0.045
1791329408.3682728,381.215079049292,87.99607042942502,-79.04485078533652,-75.39293832252994,-1.6626246937072913,-0.43330012217591907,-1.0108561197916666,-0.9897928873697917,-1.0108561197916666,-0.9897928873697917,0,idle,385.57387423150817,92.83306536074743,381.57099796608344,88.53553808403302,0.04,0.045
1791329408.38484,379.4646599099909,87.58958627889153,-80.80356520832254,-76.92643176475978,-1.75041913930107,-0.4064841505334843,-1.0108561197916666,-0.9897928873697917,-1.0108561197916666,-0.9897928873697917,0,idle,390.43099130422684,93.90834115220488,380.3510994506546,88.4180182944348,0.04,0.045
1791329408.4024498,377.6277533257929,87.21689660939754,-82.62592652309414,-78.5309494252573,-1.83690658419802,-0.3726896694939887,-1.0108561197916666,-0.9897928873697917,-1.0108561197916666,-0.9897928873697917,0,idle,390.5549246962125,106.41718535607664,379.11622945794437,88.9639214614976,0.04,0.045
1791329408.419221,375.70600735972533,86.88509465836795,-84.51073719216599,-80.20408834251009,-1.9217459660675795,-0.3318019510295882,-1.0108561197916666,-0.9897928873697917,-1.0108561197916666,-0.9897928873697917,0,idle,391.50111098111864,101.13458623785931,377.9098148663389,89.25724284683758,0.04,0.045
1791329408.436447,373.7014381214295,86.6013665776129,-86.45681234135789,-81.94383078706831,-2.0045692382958453,-0.2837280807550508,-1.0108561197916666,-0.9897928873697917,-1.0108561197916666,-0.9897928873697917,0,idle,342.4805676059617,99.27774504667515,374.23401172693895,89.48872628011216,0.04,0.045
1791329408.453133,371.6164555576739,86.37296593960644,-88.46298119337163,-83.74842748006945,-2.0849825637555823,-0.2284006380064505,-1.0108561197916666,-0.9897928873697917,-1.0108561197916666,-0.9897928873697917,0,idle,372.28726492088833,80.85084099883507,372.1559409510686,88.83985140994218,0.04,0.045
1791329408.470072,369.45388775374164,86.2071849686945,-90.52808822141085,-85.6163183794864,-2.16256780393224,-0.16578097091193605,-1.0108561197916666,-0.9897928873697917,-1.0108561197916666,-0.9897928873697917,0,idle,368.91966104808506,90.26547524211662,369.9396875421838,88.75364067918457,0.04,0.045
1791329408.487991,367.217003451719,86.11132281303139,-92.65099406565271,-87.54607863295584,-2.236884302022649,-0.09586215566311207,-1.0108561197916666,-0.9897928873697917,-1.0108561197916666,-0.9897928873697917,0,idle,367.98360076905806,66.94258119950825,367.71684311660596,87.5720186573208,0.04,0.045
1791329408.505122,364.9095324949193,86.0926511150104,-94.8305762490766,-89.53638153448374,-2.307470956799677,-0.018671698020988448,-1.0108561197916666,-0.9897928873697917,-1.0108561197916666,-0.9897928873697917,0,idle,362.78055543715055,94.08842734528992,365.27793132367344,87.8801009785993,0.04,0.045
1791329408.5223439,362.53568391256135,86.15837710324364,-97.06572972375776,-91.58597305185248,-2.3738485823579465,0.06572598823323315,-1.0108561197916666,-0.9897928873697917,-1.0108561197916666,-0.9897928873697917,0,idle,365.9487242589056,77.91165244451568,363.056314817195,87.4441182407167,0.04,0.045
1791329408.539575,360.10016136536814,86.31560441182046,-99.35536727411689,-93.69365427328619,-2.4355225471932043,0.15722730857681544,-1.0108561197916666,-0.9897928873697917,-1.0108561197916666,-0.9897928873697917,0,idle,366.83392253560464,97.56170351949203,360.93144878328195,88.09936344780346,0.04,0.045
1791329408.556927,357.60817568102874,86.57129182812514,-101.6984197996728,-95.85826929885134,-2.4919856843394124,0.25568741630467895,-1.0108561197916666,-0.9897928873697917,-1.0108561197916666,-0.9897928873697917,0,idle,368.2734718521302,80.05008509380207,358.93116353660196,87.93980257559284,0.04,0.045
1791329408.5737789,355.06545421858215,86.93221017548503,-104.09383649647776,-98.07869688763283,-2.542721462446584,0.3609183473598902,-1.0108561197916666,-0.9897928873697917,-1.0108561197916666,-0.9897928873697917,0,idle,375.8109528165076,66.51082496319748,357.35956761127295,87.21122612496495,0.04,0.045
1791329408.590998,352.4782468128742,87.40489754871354,-106.54058495354238,-100.35384470090683,-2.5872074057079573,0.47268737322850685,-1.0108561197916666,-0.9897928873697917,-1.0108561197916666,-0.9897928873697917,0,idle,342.80947749868875,85.846861959573,354.1742160702212,87.59206092126244,0.04,0.045
1791329408.6082492,349.85332806443915,87.99561313716714,-109.03765117810799,-102.68264534090294,-2.6249187484350545,0.5907155884536026,-1.0108561197916666,-0.9897928873697917,-1.0108561197916666,-0.9897928873697917,0,idle,339.9394606334098,76.48336426085925,350.9688054873673,87.5978058972732,0.04,0.045
1791329408.6254752,347.1979957565945,88.71028988965656,-111.58403956153725,-105.0640536305395,-2.6553323078446693,0.7146767524894293,-1.0108561197916666,-0.9897928873697917,-1.0108561197916666,-0.9897928873697917,0,idle,361.4320809899177,73.14284453120797,348.9694035700424,87.55400074383489,0.04,0.045
1791329408.642601,344.52006520031074,89.55448629717527,-114.17877279581607,-107.49704474867316,-2.6779305562837545,0.844196407518709,-1.0108561197916666,-0.9897928873697917,-1.0108561197916666,-0.9897928873697917,0,idle,349.6102300647906,106.4346439065761,346.4574108663103,89.30001948911473,0.04,0.045
1791329408.6596138,341.8278593286067,90.53333759191639,-116.82089174914665,-109.98061295244192,-2.6922058717040724,0.9788512947411163,-1.0108561197916666,-0.9897928873697917,-1.0108561197916666,-0.9897928873697917,0,idle,312.66890733441784,89.42936885389103,342.2103901115968,90.23639568735761,0.04,0.045
1791329408.676967,339.13019438586593,91.65150668361015,-119.50945530782303,-112.51377069963158,-2.697664942740749,1.118169091693756,-1.0108561197916666,-0.9897928873697917,-1.0108561197916666,-0.9897928873697917,0,idle,339.18201018080157,98.19044734387623,339.4961894194533,91.69635890729262,0.04,0.045
1791329408.6933079,336.436361083583,92.91313517613364,-122.24354019048465,-115.09554804074747,-2.6938333022829415,1.261628492523484,-1.0108561197916666,-0.9897928873697917,-1.0108561197916666,-0.9897928873697917,0,idle,335.3556965259749,70.71777127792687,336.7300231376106,91.84597659372164,0.04,0.045
1791329408.7097092,333.7561011225948,94.32179482803497,-125.02224073991084,-117.7249921901834,-2.6802599609881868,1.4086596519013366,-1.0108561197916666,-0.9897928873697917,-1.0108561197916666,-0.9897928873697917,0,idle,318.5732605079016,89.6512794902264,333.2759380431864,93.07446840785315,0.04,0.045
1791329408.726367,331.09957901277164,95.88043983956689,-127.84466869672654,-120.40116721372094,-2.65652210982316,1.5586450115319255,-1.0108561197916666,-0.9897928873697917,-1.0108561197916666,-0.9897928873697917,0,idle,323.1320498344503,90.98952708503913,330.2450476284176,94.45093410266777,0.04,0.045
1791329408.74342,328.4773491543203,97.59136036559607,-130.70995295871523,-123.12315378913452,-2.6222298584513752,1.710920526029179,-1.0108561197916666,-0.9897928873697917,-1.0108561197916666,-0.9897928873697917,0,idle,328.59593389442864,92.00419155428533,327.6714735761893,95.95397147497637,0.04,0.045
1791329408.7600179,325.9003181801489,99.4561376679521,-133.617239328862,-125.8900490103956,-2.5770309741714037,1.8647773023560337,-1.0108561197916666,-0.9897928873697917,-1.0108561197916666,-0.9897928873697917,0,idle,338.7101871661299,114.48699989420564,325.7752298302235,98.65216133317607,0.04,0.045
1791329408.777544,323.3797025959735,101.47560133205569,-136.56569025476298,-128.70096621558986,-2.5206155841753315,2.0194636641035775,-1.0108561197916666,-0.9897928873697917,-1.0108561197916666,-0.9897928873697917,0,idle,319.11761004822137,93.71897379716256,323.0477640361568,100.3239924372738,0.04,0.045
1791329408.794016,320.92698179379056,103.64978898070937,-139.55448456162298,-131.5550348253896,-2.4527208021829776,2.174187648653689,-1.0108561197916666,-0.9897928873697917,-1.0108561197916666,-0.9897928873697917,0,idle,315.97673157864614,103.84066257330535,320.36412765120747,102.56530421029638,0.04,0.045
1791329408.811546,318.5538465547427,105.977908922474,-142.58281718071248,-134.45140018361178,-2.373135239047901,2.3281199417646294,-1.0108561197916666,-0.9897928873697917,-1.0108561197916666,-0.9897928873697917,0,idle,332.2437017946285,105.76986390300216,318.703627881283,104.93724613960806,0.04,0.045
1791329408.82805,316.2721431989833,108.45830617285036,-145.64989887485592,-137.38922339463687,-2.2817033557593693,2.4803972503763583,-1.0108561197916666,-0.9897928873697917,-1.0108561197916666,-0.9897928873697917,0,idle,308.40380358626834,122.32852751392915,316.0210184785609,108.16318759618166,0.04,0.045
1791329408.845928,314.0938135825724,111.08843228333689,-148.75495596227012,-140.3676811546897,-2.1783296164108847,2.630126110486522,-1.0108561197916666,-0.9897928873697917,-1.0108561197916666,-0.9897928873697917,0,idle,304.9567159662019,121.3741825823083,313.3983902173526,111.32235715045019,0.04,0.045
1791329408.863413,312.030831184374,113.86481940617169,-151.89723003985657,-143.3859655754904,-2.06298239819841,2.776387122834808,-1.0108561197916666,-0.9897928873697917,-1.0108561197916666,-0.9897928873697917,0,idle,293.83289039324546,128.43093093445995,310.46028194785873,114.81535360634373,0.04,0.045
1791329408.880239,310.095133568999,116.7830590110612,-155.07597770686854,-146.44328399978548,-1.9356976153749872,2.9182396048895116,-1.0108561197916666,-0.9897928873697917,-1.0108561197916666,-0.9897928873697917,0,idle,315.84862894817905,124.88790057549063,308.89078656326853,118.0913085794461,0.04,0.045
1791329408.897438,308.29855155465464,119.83778565435533,-158.29047028971922,-149.53885880891656,-1.7965820143444042,3.0547266432941322,-1.0108561197916666,-0.9897928873697917,-1.0108561197916666,-0.9897928873697917,0,idle,310.3337261601381,108.3675605398953,307.25618062948485,120.50711148859799,0.04,0.045
1791329408.914824,306.65273545691184,123.0226661808988,-161.5399935685658,-152.6719272229848,-1.6458160977428142,3.1848805265434694,-1.0108561197916666,-0.9897928873697917,-1.0108561197916666,-0.9897928873697917,0,idle,287.5481772340415,112.28725307249748,304.707255166857,123.12175506800925,0.04,0.045
1791329408.931594,305.1690788204643,126.33039471415837,-164.82384750619303,-155.84174109440173,-1.4836566364475356,3.3077285332595765,-1.0108561197916666,-0.9897928873697917,-1.0108561197916666,-0.9897928873697917,0,idle,323.4824407946439,114.87268167281826,304.2365406436212,125.8516435048463,0.04,0.045
1791329408.9479082,303.8586400904878,129.7526937612292,-168.14134597962564,-159.0475666957315,-1.3104387299764264,3.4222990470708465,-1.0108561197916666,-0.9897928873697917,-1.0108561197916666,-0.9897928873697917,0,idle,292.4149857940812,118.05331297255452,302.40054610766657,128.71291107294903,0.04,0.045
1791329408.964087,302.7320627127833,133.2803217260357,-171.4918165148187,-162.2886845027689,-1.1265773777044823,3.5276279648065105,-1.0108561197916666,-0.9897928873697917,-1.0108561197916666,-0.9897928873697917,0,idle,306.93657964160553,128.55853521859171,301.55709927554426,132.05643884679733,0.04,0.045
1791329408.981003,301.7994941870559,136.9030870865845,-174.87460002470823,-165.5643889737851,-0.9325685257273992,3.622765360548777,-1.0108561197916666,-0.9897928873697917,-1.0108561197916666,-0.9897928873697917,0,idle,293.98850499242735,144.6015410678044,300.2927294619474,136.12532105036902,0.04,0.045
1791329408.998044,301.07050463001514,140.60986945066557,-178.2890505508463,-168.87398832583017,-0.7289895570407896,3.7067823640810746,-1.0108561197916666,-0.9897928873697917,-1.0108561197916666,-0.9897928873697917,0,idle,287.67732218714207,155.6526547783045,298.96941901901835,140.62313098264283,0.04,0.045
1791329409.0146391,300.5540054340454,144.38864765914437,-181.73453500879745,-172.21680430891877,-0.5164991959697288,3.7787782084787898,-1.0108561197916666,-0.9897928873697917,-1.0108561197916666,-0.9897928873697917,0,idle,298.0782866939189,139.3266994082939,298.4341881665921,144.14814870198023,0.04,0.045
1791329409.031809,300.2581686325827,148.2265350571979,-185.21043293743173,-175.5921719788552,-0.2958368014627115,3.8378873980535504,-1.0108561197916666,-0.9897928873697917,-1.0108561197916666,-0.9897928873697917,0,idle,316.04877355196516,133.31916475404932,299.0338724744712,147.25269253273456,0.04,0.045
1791329409.0489988,300.1855939626886,152.11053928166004,-188.44519019602623,-178.9295226783405,-0.0725746698940962,3.8840042244621413,-0.6865763346354167,-0.9897928873697917,-0.6865763346354167,-0.9897928873697917,0,idle,286.84007002075913,150.6937600267258,298.35523641538623,151.11454992067314,0.04,0.045
1791329409.064994,300.32024101219514,156.03103606364544,-190.6291592543595,178.03298485525352,0.1346470495065723,3.9204967819854195,0.17499593098958333,-0.9897928873697917,0.17499593098958333,-0.9897928873697917,0,idle,299.6821487181818,145.67548071455624,298.54949672755725,154.56706840325344,0.04,0.045
1791329409.081899,300.63768050721376,159.9818683613349,-192.0908063283728,175.40629566296798,0.3174394950186181,3.9508322976894528,0.17499593098958333,-0.9897928873697917,0.17499593098958333,-0.9897928873697917,0,idle,283.2985131326025,145.27110970315246,298.0885150680772,157.8555611510534,0.04,0.045
1791329409.097903,301.11100214210427,163.95959686028328,-193.05371760525435,173.2141141710557,0.4733216348905187,3.9777284989483768,0.17499593098958333,-0.9897928873697917,0.17499593098958333,-0.9897928873697917,0,idle,289.96313097944454,159.9429603907763,298.13190141679155,161.7387731870405,0.04,0.045
1791329409.114872,301.71408708564553,167.96263850753212,-193.67383057671105,171.43244117391603,0.6030849435412767,4.003041647248833,0.17499593098958333,-0.9897928873697917,0.17499593098958333,-0.9897928873697917,0,idle,300.31846448085656,159.3530037974727,298.814160266359,165.4223742824485,0.04,0.045
1791329409.131316,302.4232758681246,171.99054460490316,-194.06089256338032,170.0143446314898,0.7091887824790672,4.0279060973710585,0.17499593098958333,-0.9897928873697917,0.17499593098958333,-0.9897928873697917,0,idle,295.4092184568821,180.68699091623478,299.3176425192403,170.01211590664033,0.04,0.045
1791329409.147744,303.21807143690245,176.04347330035685,-194.29221662827078,168.90486571607394,0.7947955687778085,4.052928695453678,0.17499593098958333,-0.9897928873697917,0.17499593098958333,-0.9897928873697917,0,idle,302.77941776290874,147.7296496690355,300.24578707176266,172.74827485544108,0.04,0.045
1791329409.164022,304.0812790640822,180.12183760596534,-194.422064017892,168.0494125663452,0.8632076271797257,4.078364305608499,0.17499593098958333,-0.9897928873697917,0.17499593098958333,-0.9897928873697917,0,idle,321.60809801968185,181.33826863433424,302.1339498649794,177.0522206347138,0.04,0.045
1791329409.181663,304.9988351212668,184.22608903709127,-194.48825103694756,167.3980432750249,0.9175560571845647,4.104251431125926,0.17499593098958333,-0.9897928873697917,0.17499593098958333,-0.9897928873697917,0,idle,303.9695918901622,191.73021579038735,303.0974102205639,181.6851592520671,0.04,0.045
1791329409.19824,305.95948108379355,188.35659713365138,-194.51686981481393,166.90728203574588,0.9606459625267572,4.130508096560106,0.17499593098958333,-0.9897928873697917,0.17499593098958333,-0.9897928873697917,0,idle,288.9517290984916,211.1657188508412,303.30273982886075,187.08316992373793,0.04,0.045
1791329409.2157462,306.9543776214828,192.5135924175629,-194.5256801750476,166.54053243698542,0.9948965376892636,4.156995283911522,0.17499593098958333,-0.9897928873697917,0.17499593098958333,-0.9897928873697917,0,idle,317.51709066852175,192.89830559608586,304.9586090816486,191.32307222707126,0.04,0.045
1791329409.232227,307.9767141656127,196.69714877998538,-194.52654917557533,166.26774529928988,1.0223365441298744,4.183556362422484,0.17499593098958333,-0.9897928873697917,0.17499593098958333,-0.9897928873697917,0,idle,318.35288844631975,201.0170119539271,306.59954276680554,195.78214775771542,0.04,0.045
1791329409.248807,309.0213197623347,200.90719498466268,-194.52589491284687,166.06506660398418,1.0446055967220134,4.210046204677307,0.17499593098958333,-0.9897928873697917,0.17499593098958333,-0.9897928873697917,0,idle,319.21490241987294,203.28434658510946,308.2226860663448,200.15680159352854,0.04,0.045
1791329409.2665138,310.08419490512927,205.1435688993398,-194.52061377454297,165.91562928162048,1.0628751427945278,4.236373914677117,0.17499593098958333,-0.9897928873697917,0.17499593098958333,-0.9897928873697917,0,idle,311.2994610874935,198.5392674250913,309.3862562030571,204.10048010404995,0.04,0.045
1791329409.283384,311.16216378979544,209.40605719884687,-194.50785291406524,165.80766178763318,1.0779688846661608,4.262488299507067,0.17499593098958333,-0.9897928873697917,0.17499593098958333,-0.9897928873697917,0,idle,314.3677520351685,191.8104116083576,310.6594014350955,207.53534056379704,0.04,0.045
1791329409.300855,312.25263804994495,213.69441864661124,-194.4861112705227,165.73281623608466,1.0904742601495192,4.28836144776436,0.17499593098958333,-0.9897928873697917,0.17499593098958333,-0.9897928873697917,0,idle,301.0436702620613,213.54186346345068,311.21456542358584,211.90961008415587,0.04,0.045
1791329409.316641,313.35345624830137,218.00839707297794,-194.4547893277161,165.6850495138256,1.1008181983564107,4.313978426366695,0.17499593098958333,-0.9897928873697917,0.17499593098958333,-0.9897928873697917,0,idle,309.4404399820901,214.9974362112304,312.1716364399497,216.16228089555796,0.04,0.045
1791329409.3334148,314.46277459437584,222.34772807658965,-194.41387302645273,165.65987711957723,1.1093183460744882,4.3393310036117,0.17499593098958333,-0.9897928873697917,0.17499593098958333,-0.9897928873697917,0,idle,331.1646155832776,220.36558740862782,314.17513782588685,220.49481067464257,0.04,0.045
1791329409.350247,315.5789921335398,226.71214205952774,-194.3637137503062,165.65387724550783,1.1162175391639688,4.364413982938099,0.17499593098958333,-0.9897928873697917,0.17499593098958333,-0.9897928873697917,0,idle,301.63533270409204,216.45548305684164,314.6085542320029,224.4390375775437,0.04,0.045
1791329409.367312,316.7006990272613,231.10136525457895,-194.30487685605706,165.66436213288742,1.1217068937214645,4.389223195051204,0.17499593098958333,-0.9897928873697917,0.17499593098958333,-0.9897928873697917,0,idle,321.3550266202132,226.10817809664024,316.0114994004488,228.69225663879718,0.04,0.045
1791329409.3843992,317.8266402421071,235.51511976847976,-194.23803888640208,165.68916068481457,1.1259412148458143,4.413754513900804,0.17499593098958333,-0.9897928873697917,0.17499593098958333,-0.9897928873697917,0,idle,328.5223251759946,230.91773019476562,317.70668484332964,232.99659710480137,0.04,0.045
1791329409.4015849,318.9556894958092,239.9531232480777,-194.16391916621538,165.72647466403595,1.1290492537021568,4.438003479597924,0.17499593098958333,-0.9897928873697917,0.17499593098958333,-0.9897928873697917,0,idle,332.9259709583621,254.26971965251164,319.5402459400983,238.2763565378049,0.04,0.045
1791329409.41869,320.0868300305171,244.41508850753513,-194.08323551608018,165.77478326179192,1.1311405347078942,4.461965259457438,0.17499593098958333,-0.9897928873697917,0.17499593098958333,-0.9897928873697917,0,idle,303.95960648553057,261.377073243324,319.8357974753424,243.6702593695654,0.04,0.045
1791329409.435752,321.2191399471957,248.90072328575047,-193.9966767351652,165.83277925821304,1.1323099166786,4.485634778215349,0.17499593098958333,-0.9897928873697917,0.17499593098958333,-0.9897928873697917,0,idle,321.97562154522524,246.21646606951296,321.01848309968125,248.05892274386736,0.04,0.045
1791329409.4526038,322.3517806160182,253.40973020069572,-193.90488661410873,165.89932568324429,1.1326406688224617,4.509006914945235,0.17499593098958333,-0.9897928873697917,0.17499593098958333,-0.9897928873697917,0,idle,311.732074973767,253.9488925464055,321.6301713287669,252.63697780319225,0.04,0.045
1791329409.469433,323.4839871971714,257.94180690840335,-193.80845575918713,165.97342570481916,1.1322065811532673,4.5320767077076205,0.17499593098958333,-0.9897928873697917,0.17499593098958333,-0.9897928873697917,0,idle,343.67125952553806,284.0756808595181,323.80782199070103,258.5143858283308,0.04,0.045
1791329409.486639,324.61506064889755,262.49664644322104,-193.7079186031954,166.05420101800973,1.1310734517261396,4.554839534817714,0.17499593098958333,-0.9897928873697917,0.17499593098958333,-0.9897928873697917,0,idle,323.4882916872356,280.47949392510975,324.8663652546676,263.93973879124655,0.04,0.045
1791329409.503905,325.7443608227747,267.0739377021404,-193.60375376368026,166.14087569594466,1.1293001738771404,4.577291258919406,0.17499593098958333,-0.9897928873697917,0.17499593098958333,-0.9897928873697917,0,idle,327.9505770998179,280.64893344715273,326.0934110121084,269.1236252200153,0.04,0.045
1791329409.520959,326.8713003898796,271.6733660324948,-193.49638647089088,166.23276357118925,1.1269395671048708,4.5994283303543835,0.17499593098958333,-0.9897928873697917,0.17499593098958333,-0.9897928873697917,0,idle,327.6204168728209,271.5499837907827,327.24035389389365,273.61440006239036,0.04,0.045
1791329409.537877,327.9953394325753,276.29461388455263,-193.3861921881255,166.32925793640635,1.124039042695694,4.62124785205782,0.17499593098958333,-0.9897928873697917,0.17499593098958333,-0.9897928873697917,0,idle,324.35183239078145,266.0720135579966,328.16376490929895,277.6274661966256,0.04,0.045
1791329409.5540302,329.1159805934836,280.93736149561266,-193.27350083110935,166.42982281545048,1.1206411609082818,4.64274761106004,0.17499593098958333,-0.9897928873697917,0.17499593098958333,-0.9897928873697917,0,idle,302.93024187229236,288.39913044487264,327.9666978603115,282.576659639545,0.04,0.045
1791329409.570414,330.23276470796253,285.60128757835764,-193.15860119330583,166.53398534846815,1.116784114478926,4.663926082745003,0.17499593098958333,-0.9897928873697917,0.17499593098958333,-0.9897928873697917,0,idle,342.02681420801304,279.7808937000853,329.7306485864516,286.86760112117975,0.04,0.045
1791329409.5877042,331.3452668672352,290.28606999240793,-193.04174532429684,166.6413290161688,1.1125021592726667,4.684782414050282,0.17499593098958333,-0.9897928873697917,0.17499593098958333,-0.9897928873697917,0,idle,340.4666859173931,298.0982766292583,331.3243275043077,291.87967818993144,0.04,0.045
1791329409.604345,332.4530928715287,294.9913863836756,-192.92315270567465,166.75148753863914,1.1078260042935164,4.705316391267674,0.17499593098958333,-0.9897928873697917,0.17499593098958333,-0.9897928873697917,0,idle,314.4966877423886,288.50978719574243,331.5353802202906,296.18123421192627,0.04,0.045
1791329409.620876,333.5558760396266,299.71691478099535,-192.80301413561952,166.864139349031,1.1027831680978706,4.725528397319751,0.17499593098958333,-0.9897928873697917,0.17499593098958333,-0.9897928873697917,0,idle,306.9679575056664,300.79029841291936,331.3546530942524,300.90093939942966,0.04,0.045
1791329409.638135,334.6532743452986,304.46233414352355,-192.68149527839392,166.97900257928853,1.0973983056720107,4.745419362528186,0.17499593098958333,-0.9897928873697917,0.17499593098958333,-0.9897928873697917,0,idle,342.7287566033499,295.1535320101119,332.9658866600957,305.12171742436556,0.04,0.045
1791329409.6556668,335.7449678535061,309.2273248555825,-192.55873986476445,167.09583051489238,1.0916935082075128,4.764990712058942,0.17499593098958333,-0.9897928873697917,0.17499593098958333,-0.9897928873697917,0,idle,324.0455899692908,303.0173079294231,333.5569806583526,309.5432381260744,0.04,0.045
1791329409.671248,336.8306564309028,314.01156916806445,-192.43487254845522,167.21440748546823,1.085688577396676,4.784244312481965,0.17499593098958333,-0.9897928873697917,0.17499593098958333,-0.9897928873697917,0,idle,338.51426876899825,303.15109065394984,334.83624921241176,313.76866284932606,0.04,0.045
1791329409.687862,337.91005770643,318.8147515873063,-192.3100014354203,167.3345451624626,1.0794012755271798,4.803182419241854,0.17499593098958333,-0.9897928873697917,0.17499593098958333,-0.9897928873697917,0,idle,330.087891717572,334.5821720514148,335.62426254942056,319.3723616077103,0.04,0.045
1791329409.705811,338.9829052589939,323.63655921361175,-192.18422030933314,167.45607923663306,1.0728475525639043,4.821807626305444,0.17499593098958333,-0.9897928873697917,0.17499593098958333,-0.9897928873697917,0,idle,331.50924881283413,305.3413236387011,336.43771703752697,323.25152695425,0.04,0.045
1791329409.722463,340.04894701042775,328.4766820324379,-192.05761057987996,167.57886644841813,1.0660417514338063,4.840122818826171,0.17499593098958333,-0.9897928873697917,0.17499593098958333,-0.9897928873697917,0,idle,358.1365330176881,334.3495105244488,338.53539750039715,328.4045428106448,0.04,0.045
1791329409.739273,341.1079438032275,333.33481316176994,-191.93024298137945,167.70278194423895,1.0589967927997186,4.858131129332037,0.17499593098958333,-0.9897928873697917,0.17499593098958333,-0.9897928873697917,0,idle,336.81945295962385,346.04309920223636,339.45564722651824,333.9016952030898,0.04,0.045
1791329409.756137,342.15966814390606,338.21064905946037,-191.80217904874365,167.82771693188158,1.0517243406785557,4.875835897690419,0.17499593098958333,-0.9897928873697917,0.17499593098958333,-0.9897928873697917,0,idle,331.9770284362119,340.8899779319557,340.08085441064753,338.883153442339,0.04,0.045
1791329409.77315,343.20390309421407,343.10388969437577,-191.6734723964122,167.95357660852403,1.044234950307983,4.8932406349154265,0.17499593098958333,-0.9897928873697917,0.17499593098958333,-0.9897928873697917,0,idle,333.0040696385535,360.2625230051678,340.71903837483546,344.60070052365006,0.04,0.045
1791329409.790435,344.2404412938995,348.01423868512495,-191.5441698240164,168.08027833573968,1.036538199685408,4.91034899074921,0.17499593098958333,-0.9897928873697917,0.17499593098958333,-0.9897928873697917,0,idle,356.6245097827756,350.5887001633289,342.49902323493365,349.56493204684574,0.04,0.045
1791329409.8074,345.2690841000932,352.9414034099816,-191.41431227042335,168.20775003690642,1.0286428061937265,4.927164724856625,0.17499593098958333,-0.9897928873697917,0.17499593098958333,-0.9897928873697917,0,idle,353.31316039509494,364.5073716057199,344.01694075882574,354.9928605134033,0.04,0.045
1791329409.824745,346.2896408297862,357.8850950913949,-191.28393563564188,168.3359287938091,1.0205567296929998,4.943691681413272,0.17499593098958333,-0.9897928873697917,0.17499593098958333,-0.9897928873697917,0,idle,346.64293319872456,358.33023515329756,345.117769274029,359.8562363427406,0.04,0.045
1791329409.841952,347.30192809318737,362.84502885822724,-191.15307148795222,168.4647596207635,1.0122872634011655,4.959933766832379,0.17499593098958333,-0.9897928873697917,0.17499593098958333,-0.9897928873697917,0,idle,344.76052775206205,391.6812964034975,346.06158009816176,366.1594264242692,0.04,0.045
1791329409.8583858,348.30576920700275,367.8209237885871,-191.0217476716138,168.594194396241,1.003841113815367,4.975894930359847,0.17499593098958333,-0.9897928873697917,0.17499593098958333,-0.9897928873697917,0,idle,353.41497057545195,364.44773227705923,347.3828986801509,370.80094190075056,0.04,0.045
1791329409.8757,349.30099367784635,372.812502935851,-190.88998882864934,168.72419093366864,0.995224470843605,4.991579147263886,0.17499593098958333,-0.9897928873697917,0.17499593098958333,-0.9897928873697917,0,idle,352.04160268710245,384.1732512618435,348.5612971277999,376.2115575587059,0.04,0.045
1791329409.89292,350.2874367470749,377.81949334020305,-190.75781684651204,168.85471217476575,0.9864430692285359,5.006990404352075,0.17499593098958333,-0.9897928873697917,0.17499593098958333,-0.9897928873697917,0,idle,353.99347393483527,385.62545895189066,349.7700268839188,381.4388935124996,0.04,0.045
1791329409.909183,351.2649389893299,382.84162602776433,-190.6252512419241,168.98572549041785,0.9775022422550229,5.022132687561299,0.17499593098958333,-0.9897928873697917,0.17499593098958333,-0.9897928873697917,0,idle,347.48407008143835,385.0099707887416,350.584356173937,386.3884734294949,0.04,0.045
1791329409.92649,352.23334595797314,387.8786359991468,-190.49230948982049,169.1172020756501,0.9684069686432745,5.037009971382467,0.17499593098958333,-0.9897928873697917,0.17499593098958333,-0.9897928873697917,0,idle,359.92465589699094,385.64706228285246,351.9713577803008,391.13656234497614,0.04,0.045
1791329409.943805,353.1925078714154,392.9302622090474,-190.35900730513583,169.2491164267264,0.9591619134422261,5.051626209900577,0.17499593098958333,-0.9897928873697917,0.17499593098958333,-0.9897928873697917,0,idle,371.0022331452946,384.81890890633906,353.8341053663206,395.61972457244985,0.04,0.045
1791329409.960167,354.1422793350701,397.9962475382975,-190.22535888412133,169.38144588975726,0.9497714636547374,5.065985329250134,0.17499593098958333,-0.9897928873697917,0.17499593098958333,-0.9897928873697917,0,idle,342.1100599154492,394.1743344817623,354.150185984249,400.3601411307031,0.04,0.045
1791329409.977277,355.0825190943183,403.076338759603,-190.09137711095835,169.51417027144205,0.9402397592481582,5.080091221305487,0.17499593098958333,-0.9897928873697917,0.17499593098958333,-0.9897928873697917,0,idle,352.9274433617271,411.60622503142065,354.98227662440866,405.7485319859792,0.04,0.045
1791329409.9944818,356.01308981444976,408.17028649804746,-189.95707373463534,169.6472715036985,0.9305707201314941,5.0939477384444505,0.17499593098958333,-0.9897928873697917,0.17499593098958333,-0.9897928873697917,0,idle,354.8915402869506,426.28134172398757,355.8617819916607,411.61442282440186,0.04,0.045
1791329410.010985,356.93385788406374,413.27784518728896,-189.8224595203587,169.78073335494904,0.9207680696139816,5.107558689241517,0.17499593098958333,-0.9897928873697917,0.17499593098958333,-0.9897928873697917,0,idle,385.2542594790428,422.99454714580776,358.20613553216305,417.03560979525156,0.04,0.045
1791329410.0281448,357.84360695376336,418.38725359652835,-189.72586140142715,169.9040779290755,0.9097490696996344,5.109408409239402,0.17499593098958333,-0.9897928873697917,0.0,0.5,1,braking,356.514810947203,425.1068150516362,358.9858309191297,422.2931080468482,0.04,0.045
1791329410.045716,358.7408391096062,423.4823605048305,-189.65694006447276,170.01278975046145,0.8972321558428787,5.095106908302171,0.17499593098958333,-0.9897928873697917,0.0,0.5,1,braking,351.5055077070184,418.4313055079228,359.46418530657485,426.940369482789,0.04,0.045
1791329410.0622048,359.6241713854957,428.5466503783202,-189.60794372899673,170.10579492861723,0.8833322758894945,5.064289873489646,0.17499593098958333,-0.9897928873697917,0.0,0.5,1,braking,356.4813806705659,421.06069537752853,360.1542107368694,431.45746115734113,0.04,0.045
1791329410.0797389,360.492508662891,433.5653285099224,-189.5731882666547,170.18380405547018,0.8683372773952903,5.018678131602176,0.17499593098958333,-0.9897928873697917,0.0,0.5,1,braking,374.84566534850205,435.09701919792604,361.7137038809766,436.4071832843925,0.04,0.045
1791329410.096289,361.34509534503286,438.52622699406487,-189.54856421335933,170.24833502707656,0.8525866821418819,4.960898484142462,0.17499593098958333,-0.9897928873697917,0.0,0.5,1,braking,333.0055479951486,452.23709521365186,361.08825343471995,441.91153244079084,0.04,0.045
1791329410.1128829,362.18150407267785,443.4200239400055,-189.53112750942952,170.30117513093953,0.8364087276450077,4.893796945940591,0.17499593098958333,-0.9897928873697917,0.0,0.5,1,braking,349.61680901644877,442.37746099713434,361.30926950506915,446.5839359672516,0.04,0.045
1791329410.130631,363.00158613307013,448.24003744365695,-189.5187818445674,170.34410142814048,0.8200820603922694,4.820013503651489,0.17499593098958333,-0.9897928873697917,0.0,0.5,1,braking,377.6847158483432,460.2545703467691,362.9071197796055,451.84648051469634,0.04,0.045
1791329410.147561,363.80528848140204,452.98110770144245,-189.51004547170675,170.3787318945427,0.8037023483319012,4.741070257785498,0.17499593098958333,-0.9897928873697917,0.0,0.5,1,braking,362.15205035121704,445.7703772868506,363.6328835391014,456.0466920982003,0.04,0.045
1791329410.163985,364.59252294136917,457.6387290195226,-189.5038694377424,170.40649669307945,0.7872344599671068,4.657621318080129,0.17499593098958333,-0.9897928873697917,0.0,0.5,1,braking,357.88742487027105,451.5823650959394,364.09348334262864,460.2482160002634,0.04,0.045
1791329410.180775,365.36311689697897,462.20864386002114,-189.49950903982867,170.42863762196868,0.7705939556098073,4.56991484049852,0.17499593098958333,-0.9897928873697917,0.0,0.5,1,steering,388.8858985606835,475.33683022373185,366.0651683613607,465.3440658099105,0.04,0.045
1791329410.197885,366.1182161272691,466.6888454992122,-189.5519402572951,170.43320126600378,0.7550992302901014,4.4802016391910895,0.17499593098958333,-0.9897928873697917,-1.0,0.0,1,steering,357.07252955962565,461.45371807610053,366.33288069004954,469.40573998045153,0.04,0.045
1791329410.214258,366.8619163683923,471.07840295200066,-189.77656856971333,170.38398415556952,0.7437002411232564,4.389557452788451,0.17499593098958333,-0.9897928873697917,-1.0,0.0,1,steering,368.3556089859135,480.23657904390507,367.1405323339098,474.11736151377323,0.04,0.045
1791329410.231551,367.60137626929014,475.3768004079249,-190.23504637571418,170.23886398497507,0.7394599008978544,4.298397455924247,0.17499593098958333,-0.9897928873697917,-1.0,0.0,1,steering,375.8600759988406,460.97955562603056,368.2789964230093,477.54394880251414,0.04,0.045
1791329410.248856,368.34614407891667,479.5835659165728,-190.9496311229247,169.96035671658606,0.7447678096265116,4.206765508647889,0.17499593098958333,-0.9897928873697917,-1.0,0.0,1,steering,360.61973923539693,465.7099825717332,368.6035629827739,480.9486777241906,0.04,0.045
1791329410.265959,369.1072243459035,483.6980540197796,-191.9185351411192,169.5201287488591,0.7610802669868124,4.114488103206774,0.17499593098958333,-0.9897928873697917,-1.0,0.0,1,steering,381.49439797990595,502.10561874334593,369.971130986268,485.9152884731948,0.04,0.045
1791329410.282987,369.8961564117739,487.71932005137774,-193.12599843575816,168.90012297843995,0.7889320658704522,4.021266031598151,0.17499593098958333,-0.9897928873697917,-1.0,0.0,1,steering,359.6723376599804,491.5408673030262,370.20567678253053,490.0167701447046,0.04,0.045
1791329410.299222,370.7242296050516,491.6460588267989,-194.548813168577,168.09190355995156,0.8280731932777228,3.9267387754211573,0.17499593098958333,-0.9897928873697917,-1.0,0.0,1,steering,379.3030133918712,496.74032647603457,371.4472131466114,494.0833497979212,0.04,0.045
1791329410.3164952,371.6018785497779,495.47659418715267,-196.16048841696815,167.09517888348415,0.8776489447262873,3.8305353603538195,0.17499593098958333,-0.9897928873697917,-1.0,0.0,1,steering,373.5455670547369,476.3069102770275,372.3858973395076,496.83353641421263,0.04,0.045
1791329410.333846,372.53825929844976,499.2089096855158,-197.9338545974488,165.91606015854353,0.9363807486718903,3.7323154983631355,0.17499593098958333,-0.9897928873697917,-1.0,0.0,1,steering,351.49640728418797,478.7159460133709,372.2309845479799,499.47335661761554,0.04,0.045
1791329410.3507042,373.54098665502073,502.84071094223987,-199.8426390121316,164.56536120169585,1.002727356570997,3.6318012567241116,0.17499593098958333,-0.9897928873697917,-1.0,0.0,1,steering,387.4089617511134,498.49553496038965,373.942474396879,502.8746767286421,0.04,0.045
1791329410.367936,374.61600516755556,506.3695098592436,-201.86236501924307,163.05708959839168,1.0750185125348073,3.5287989170037113,0.17499593098958333,-0.9897928873697917,-1.0,0.0,1,steering,377.8174479349532,527.4243929599182,375.15749066069077,507.4545215113594,0.04,0.045
1791329410.3841548,375.76756502726664,509.79272109487295,-203.97080942889883,161.4071868787386,1.1515598597110777,3.4232112356293776,0.17499593098958333,-0.9897928873697917,-1.0,0.0,1,steering,372.2615059799505,503.0319023219468,376.1066732933793,510.4854412257367,0.04,0.045
1791329410.401831,376.9982761780781,513.1077621534673,-206.14817513153653,159.63252353147342,1.230711150811412,3.315041058594403,0.17499593098958333,-0.9897928873697917,-1.0,0.0,1,steering,370.84814367836105,487.0189288818538,377.01292240589925,512.4614046142073,0.04,0.045
1791329410.4189582,378.3092174542892,516.3121499473832,-208.37708452216302,157.75012838936948,1.310941276211112,3.2043877939158594,0.17499593098958333,-0.9897928873697917,-1.0,0.0,1,steering,385.02403975526454,511.4293090396505,378.6588724857681,515.4539682396995,0.04,0.045
1791329410.4349241,379.70008150902544,519.4035884567631,-210.64246478067204,155.7766208384068,1.3908640547362756,3.091438509379928,0.17499593098958333,-0.9897928873697917,-1.0,0.0,1,steering,375.58080857597514,524.4565457884947,379.82629014227786,518.8409637010502,0.04,0.045
1791329410.451978,381.16934014216264,522.3800438884049,-212.9313726486853,153.7278116885006,1.4692586331371937,2.9764554316417566,0.17499593098958333,-0.9897928873697917,-1.0,0.0,1,steering,402.432432739521,531.5889350438629,382.35239297362034,522.3059949282505,0.04,0.045
1791329410.469455,382.71441812416543,525.2398053403862,-215.23279029308418,151.61844022003692,1.5450779820027787,2.8597614519813375,0.17499593098958333,-0.9897928873697917,-1.0,0.0,1,steering,363.1794864041714,510.622694027692,382.86157172805054,524.4386032626047,0.04,0.045
1791329410.485906,384.331866633929,527.9815303130338,-217.53741278714543,149.46201846612783,1.6174485097635833,2.74172497264765,0.17499593098958333,-0.9897928873697917,-1.0,0.0,1,steering,383.8095701972993,529.0671729067135,384.44554773578835,527.2746704688254,0.04,0.045
1791329410.5034292,386.0175299597693,530.6042754326716,-219.83744011816827,147.27075790432076,1.685663325840336,2.6227451196378118,0.17499593098958333,-0.9897928873697917,-1.0,0.0,1,steering,395.05952359389437,517.3146756359769,386.57762668824193,529.2682785908389,0.04,0.045
1791329410.5199711,387.76670117370423,533.1075134801365,-222.12638140566668,145.0555577780951,1.7491712139349187,2.503238047464963,0.17499593098958333,-0.9897928873697917,-1.0,0.0,1,steering,395.07900625102127,530.7531006069995,388.66440831961904,531.7205958367387,0.04,0.045
1791329410.5376132,389.5742641236924,535.491138275764,-224.39887547360578,142.82603797708663,1.8075629499881434,2.383624795627487,0.17499593098958333,-0.9897928873697917,-1.0,0.0,1,steering,388.51800217483543,552.7914723686198,390.3742728148686,535.0385832191788,0.04,0.045
1791329410.554357,391.43482035038676,537.755459213538,-226.6505295651348,140.59060268667062,1.8605562266943478,2.2643209377739777,0.17499593098958333,-0.9897928873697917,-1.0,0.0,1,steering,386.562542645071,520.9541669195561,391.9512147217384,536.4854672950829,0.04,0.045
1791329410.570412,393.34280048071474,539.9011873094101,-228.8777764651643,138.3565238640956,1.9079801303279955,2.145728095872185,0.17499593098958333,-0.9897928873697917,-1.0,0.0,1,steering,423.1927192365397,535.9234690266306,395.32587107129,538.4958090727389,0.04,0.045
1791329410.587463,395.2925603348809,541.9294145792825,-231.07774935220797,136.1300360322115,1.949759854166129,2.028227269872299,0.17499593098958333,-0.9897928873697917,-1.0,0.0,1,steering,397.73452371335765,543.166269964916,397.2985755648512,540.6561480237265,0.04,0.045
1791329410.6044421,397.27846245645367,543.8415884312923,-233.24817315516958,133.9164359346541,1.9859021215728019,1.912173852009767,0.17499593098958333,-0.9897928873697917,-1.0,0.0,1,steering,414.29628267589993,552.5556909938523,400.0350679358978,543.0676903316421,0.04,0.045
1791329410.621572,399.29494408156444,545.6394825776742,-235.38727091394176,131.72018230179575,2.0164816251107913,1.797894146382011,0.17499593098958333,-0.9897928873697917,-1.0,0.0,1,steering,393.47324302760615,557.9744455360369,401.6226342343385,545.5210275309247,0.04,0.045
1791329410.6387498,401.33657274118923,547.3251657688181,-237.49368354308777,129.54499236906966,2.0416286596248074,1.6856831911438606,0.17499593098958333,-0.9897928873697917,-1.0,0.0,1,steering,413.78425878932546,565.1332682627512,404.1702626887314,548.1030385991027,0.04,0.045
1791329410.656032,403.3980907720942,548.9009694445476,-239.56640141106433,127.39393290321034,2.0615180309049483,1.5758036757294722,0.17499593098958333,-0.9897928873697917,-1.0,0.0,1,steering,396.4044812439127,545.4347610231468,405.74041574585016,549.4666382122479,0.04,0.045
1791329410.6721978,405.4744500235753,550.3694551976805,-241.6047062287402,125.26950436282645,2.076359251481087,1.4684857531329372,0.17499593098958333,-0.9897928873697917,-1.0,0.0,1,steering,409.4696738874177,576.4244437347434,407.89941994183556,552.2095899538489,0.04,0.045
1791329410.689526,407.56083800966854,551.7333827605164,-243.60812185990576,123.17371748269875,2.0863879860932566,1.3639275628358947,0.17499593098958333,-0.9897928873697917,-1.0,0.0,1,steering,424.8625802991926,558.6447318581523,410.729646546492,553.8270782337581,0.04,0.045
1791329410.705579,409.65269668654895,552.9956790604422,-245.5763728027314,121.10816206033665,2.0918586768803897,1.2622962999258207,0.17499593098958333,-0.9897928873697917,-1.0,0.0,1,steering,406.61352277370133,575.0420222103942,412.51110610088887,556.0870069175194,0.04,0.045
1791329410.722034,411.74573494502425,554.1594087481709,-247.5093492315482,119.07406807054483,2.0930382584752985,1.163729687728684,0.17499593098958333,-0.9897928873697917,-1.0,0.0,1,steering,423.8395155582689,555.2981519291855,415.0659129193094,557.153107371445,0.04,0.045
1791329410.739556,413.83593580782275,555.2277464812711,-249.4070776247048,117.07235946796237,2.0902008627985205,1.068337733100163,0.17499593098958333,-0.9897928873697917,-1.0,0.0,1,idle,408.123299371946,544.4471157163243,416.70447306159986,557.5327286351342,0.04,0.045
1791329410.7569542,415.9175054599874,556.2086185774722,-250.7350715135644,115.230635054769,2.0815696521646827,0.9808720962011046,0.17499593098958333,-0.9897928873697917,0.0,0.5,1,braking,411.84843513756806,563.6038886637368,418.4391623349547,558.7681151279553,0.04,0.045
1791329410.773191,417.9837645225785,557.1116299497753,-251.6675445903989,113.60663547550374,2.066259062591067,0.9030113723031334,0.17499593098958333,-0.9897928873697917,0.0,0.5,1,braking,392.6897093687547,574.7831316821863,419.1146357961062,560.4267267593548,0.04,0.045
1791329410.7902012,420.0276581552796,557.9463950287525,-252.32237008940194,112.21603950895847,2.043893632701072,0.8347650789771219,0.17499593098958333,-0.9897928873697917,0.0,0.5,1,braking,422.8680109060143,568.8469713768592,421.2440035026676,561.6407658152583,0.04,0.045
1791329410.807358,422.0420878855404,558.7216915796774,-252.78147137789358,111.05029222114182,2.014429730260826,0.7752965509250096,0.17499593098958333,-0.9897928873697917,0.0,0.5,1,braking,419.99105720074533,563.7629277649033,423.09506443131926,562.4834056361193,0.04,0.045
1791329410.8245,424.0201438119854,559.4450978968986,-253.10252893260088,110.08826489634433,1.9780559264450015,0.723406317221099,0.17499593098958333,-0.9897928873697917,0.0,0.5,1,braking,433.99706340458243,563.488021684388,425.51931751010517,563.2208724398928,0.04,0.045
1791329410.841484,425.9552698613604,560,-253.32636654305352,109.30365197572239,0.0,0.0,0.17499593098958333,-0.9897928873697917,0.0,0.5,1,braking,440.0818236540177,566.8731222570711,426.2474428173008,563.4034849307517,0.04,0.045
1791329410.8582258,425.95488726638644,559.9998854070519,-253.32625117976397,-73.32625117976396,-0.0003825949739922498,-0.0001145929480556313,0.17499593098958333,-0.9897928873697917,0.17499593098958333,-0.9897928873697917,0,idle,435.9044665563564,567.9578482985046,426.72993053902826,563.6310942358386,0.04,0.045
1791329410.875316,425.95439719390924,559.9997386228387,-253.32621577478412,-73.32623650503362,-0.0004900724772084531,-0.0001467842132610583,0.17499593098958333,-0.9897928873697917,0.17499593098958333,-0.9897928873697917,0,idle,427.8706385284133,557.505322427672,426.78650036964416,563.3246662004277,0.04,0.045
1791329410.891884,425.9563846330012,560,-253.32643575837312,106.67352739193224,0.0,0.0,0.17499593098958333,-0.9897928873697917,0.17499593098958333,-0.9897928873697917,0,idle,432.4497514751655,573.0608354705583,427.06966292492024,563.8114746639343,0.04,0.045
1791329410.909397,425.9590974414366,560,-253.32655602985997,106.67344397014001,0.0,0.0,0.17499593098958333,-0.9897928873697917,0.17499593098958333,-0.9897928873697917,0,idle,446.86757082787926,557.8692024050383,428.05955832006816,563.5143610509895,0.04,0.045
1791329410.92589,425.9638844423049,560,-253.32663661400684,106.67336338599317,0.0,0.0,0.17499593098958333,-0.9897928873697917,0.17499593098958333,-0.9897928873697917,0,idle,432.899462411964,571.4423777527307,428.30155352466295,563.9107618860766,0.04,0.045
1791329410.943443,425.9708945106117,560,-253.32666274602042,106.67333725397958,0.0,0.0,0.17499593098958333,-0.9897928873697917,0.17499593098958333,-0.9897928873697917,0,idle,438.0166000374686,578.1435000330142,428.78730585030326,564.6223987934235,0.04,0.045
1791329410.960119,425.9801265385402,560,-253.32666281178436,106.67333718821564,0.0,0.0,0.17499593098958333,-0.9897928873697917,0.17499593098958333,-0.9897928873697917,0,idle,424.47524032743814,576.2098213761936,428.57170257416,565.201769922562,0.04,0.045
1791329410.977849,425.9914873555929,560,-253.32663775883637,106.67336224116366,0.0,0.0,0.17499593098958333,-0.9897928873697917,0.17499593098958333,-0.9897928873697917,0,idle,426.26790870490976,553.5975953678408,428.45651288069746,564.621561194826,0.04,0.045
1791329410.99456,426.00483112727534,560,-253.32653172058315,106.67346827941684,0.0,0.0,0.17499593098958333,-0.9897928873697917,0.17499593098958333,-0.9897928873697917,0,idle,413.3524635890069,573.0190312116752,427.70131041611296,565.0414346956684,0.04,0.045
1791329411.011256,426.0199857436182,560,-253.32629492685882,106.67370507314116,0.0,0.0,0.17499593098958333,-0.9897928873697917,0.17499593098958333,-0.9897928873697917,0,idle,436.1294686935412,551.5154184927056,428.12271832998437,564.3651338855202,0.04,0.045
1791329411.0277278,426.0367701191906,560,-253.3258891852029,106.6741108147971,0.0,0.0,0.17499593098958333,-0.9897928873697917,0.17499593098958333,-0.9897928873697917,0,idle,423.9683796027349,541.2583618183185,427.9150013936219,563.2097952821601,0.04,0.045
1791329411.044435,426.05500519174296,560,-253.32528923497253,106.67471076502746,0.0,0.0,0.17499593098958333,-0.9897928873697917,0.17499593098958333,-0.9897928873697917,0,idle,407.5389342907108,553.8262422530922,426.8961980384763,562.7406176307068,0.04,0.045
1791329411.061688,426.0745205932084,560,-253.3244817954815,106.6755182045185,0.0,0.0,0.17499593098958333,-0.9897928873697917,0.17499593098958333,-0.9897928873697917,0,idle,412.406621632313,549.3826861244963,426.17171921816816,562.0727210553962,0.04,0.045
1791329411.0788548,426.095158385211,560,-253.3234635327388,106.67653646726123,0.0,0.0,0.17499593098958333,-0.9897928873697917,0.17499593098958333,-0.9897928873697917,0,idle,425.08575892670063,551.901957932032,426.1174212035948,561.564182899228,0.04,0.045
1791329411.0951118,426.1167748361934,560,-253.32223871654304,106.67776128345696,0.0,0.0,0.17499593098958333,-0.9897928873697917,0.17499593098958333,-0.9897928873697917,0,idle,432.3802120052783,547.2510436119733,426.430560743679,560.8485259348652,0.04,0.045
1791329411.112267,426.139240921755,560,-253.3208169968954,106.67918300310463,0.0,0.0,0.17499593098958333,-0.9897928873697917,0.17499593098958333,-0.9897928873697917,0,idle,416.7806760706965,552.8160171804074,425.9480665100299,560.4469004971422,0.04,0.045
1791329411.128491,426.1624420199538,560,-253.31921150055345,106.68078849944658,0.0,0.0,0.17499593098958333,-0.9897928873697917,0.17499593098958333,-0.9897928873697917,0,idle,432.27285921617494,544.4893467467585,426.2643061453371,559.649022809623,0.04,0.045
1791329411.145538,426.18627712482026,560,-253.31743731079055,106.68256268920945,0.0,0.0,0.17499593098958333,-0.9897928873697917,0.17499593098958333,-0.9897928873697917,0,idle,439.92443037589976,554.520138703878,426.94731235686527,559.3925786043358,0.04,0.045
1791329411.1622121,426.21065779667657,560,-253.315510318289,106.68448968171099,0.0,0.0,0.17499593098958333,-0.9897928873697917,0.17499593098958333,-0.9897928873697917,0,idle,410.0519036630751,578.1877798537216,426.10254192217576,560.3323386668051,0.04,0.045
1791329411.178328,426.23364776514114,560,-253.31360082101145,106.68639917898857,0.0,0.0,0.17499593098958333,-0.7509623209635417,0.17499593098958333,-0.7509623209635417,0,idle,423.9679656588593,550.7681276417833,425.99581310900993,559.854128115554,0.04,0.045
1791329411.195364,426.25319988942135,560,-253.31190851739404,106.68809148260597,0.0,0.0,0.17499593098958333,-0.43495279947916665,0.17499593098958333,-0.43495279947916665,0,idle,432.8394646681591,574.1448029706065,426.33799568696736,560.5686618583067,0.04,0.045
1791329411.211835,426.2673262056764,560,-253.31064306368256,106.68935693631742,0.0,0.0,0.17499593098958333,-0.034470621744791666,0.17499593098958333,-0.034470621744791666,0,idle,440.30882425905173,575.9459688979371,427.0365371155716,561.3375272102882,0.04,0.045
1791329411.228768,426.2775324189155,560,-253.3097020930982,106.6902979069018,0.0,0.0,0.17499593098958333,0.010420735677083333,0.17499593098958333,0.010420735677083333,0,idle,402.9267000570132,553.0329411261175,425.83104526264367,560.9222979060796,0.04,0.045
1791329411.244908,426.28490638110526,560,-253.30900563882085,106.69099436117916,0.0,0.0,0.17499593098958333,0.010420735677083333,0.17499593098958333,0.010420735677083333,0,idle,399.71044080788823,577.1988038032963,424.5250150399059,561.7361232009405,0.04,0.045
1791329411.261024,426.29023405447026,560,-253.3084921404685,106.69150785953148,0.0,0.0,0.17499593098958333,0.010420735677083333,0.17499593098958333,0.010420735677083333,0,idle,426.18074151442096,556.365159670929,424.60780136363167,561.46757502444,0.04,0.045
1791329411.2784362,426.2940832908739,560,-253.3081147467906,106.69188525320939,0.0,0.0,0.17499593098958333,0.010420735677083333,0.17499593098958333,0.010420735677083333,0,idle,427.6137978836634,568.388689796216,424.75810118963324,561.8136307630288,0.04,0.045
1791329411.2954261,426.2968643601493,560,-253.30783812390248,106.69216187609754,0.0,0.0,0.17499593098958333,0.010420735677083333,0.17499593098958333,0.010420735677083333,0,idle,418.73468179842,549.9177655933044,424.4569302200726,561.2188375045425,0.04,0.045
1791329411.312234,426.2988736805733,560,-253.30763581822671,106.6923641817733,0.0,0.0,0.17499593098958333,0.010420735677083333,0.17499593098958333,0.010420735677083333,0,idle,443.69647678327254,562.0638140393763,425.4189075482326,561.2610863312842,0.04,0.045
1791329411.3279948,426.3003254134576,560,-253.30748814199774,106.69251185800228,0.0,0.0,0.17499593098958333,0.010420735677083333,0.17499593098958333,0.010420735677083333,0,idle,421.5432499552616,574.6069664937884,425.22512466858404,561.9283803394094,0.04,0.045
1791329411.34478,426.30137428987564,560,-253.30738051395022,106.69261948604976,0.0,0.0,0.17499593098958333,0.010420735677083333,0.17499593098958333,0.010420735677083333,0,idle,421.05300504135386,558.1653499086718,425.0165186872225,561.7402288178725,0.04,0.045
1791329411.362265,426.30213210277697,560,-253.3073021780359,106.69269782196407,0.0,0.0,0.17499593098958333,0.010420735677083333,0.17499593098958333,0.010420735677083333,0,idle,422.8280410331103,551.1278754588475,424.90709480451693,561.2096111499213,0.04,0.045
1791329411.379616,426.302679622435,560,-253.30724522622893,106.69275477377109,0.0,0.0,0.17499593098958333,0.010420735677083333,0.17499593098958333,0.010420735677083333,0,idle,407.31940413685027,555.0741711808988,424.02771027113357,560.9028391514702,0.04,0.045
1791329411.396207,426.30307520530226,560,-253.30720386045382,106.6927961395462,0.0,0.0,0.17499593098958333,0.010420735677083333,0.17499593098958333,0.010420735677083333,0,idle,449.337364804064,562.2078382385613,425.29319299778007,560.9680891058247,0.04,0.045
1791329411.413032,426.30336101387894,560,-253.30717383941646,106.69282616058354,0.0,0.0,0.17499593098958333,0.010420735677083333,0.17499593098958333,0.010420735677083333,0,idle,433.27155149155345,581.3168719327878,425.6921109224687,561.9855282471729,0.04,0.045
1791329411.429792,426.30356751055206,560,-253.3071520665906,106.69284793340942,0.0,0.0,0.17499593098958333,0.010420735677083333,0.17499593098958333,0.010420735677083333,0,idle,420.9110520487406,566.2404621812044,425.4530579787823,562.1982749438745,0.04,0.045
1791329411.446671,426.3037167043861,560,-253.30713628489173,106.69286371510827,0.0,0.0,0.17499593098958333,0.010420735677083333,0.17499593098958333,0.010420735677083333,0,idle,441.6701496774293,546.7522023957122,426.26391256371465,561.4259713164664,0.04,0.045
1791329411.463597,426.30382449692473,560,-253.30712485135038,106.69287514864965,0.0,0.0,0.17499593098958333,0.011397298177083333,0.17499593098958333,0.011397298177083333,0,idle,415.9760220208055,560.3502822126073,425.7495180365692,561.3721868612735,0.04,0.045
1791329411.480483,426.3039023770305,560,-253.3071165713925,106.6928834286075,0.0,0.0,0.17499593098958333,0.011397298177083333,0.17499593098958333,0.011397298177083333,0,idle,429.8722099519407,553.6944552607819,425.9556526323378,560.9883002812489,0.04,0.045
1791329411.497327,426.30395864540515,560,-253.30711057730414,106.69288942269586,0.0,0.0,0.17499593098958333,0.020186360677083334,0.17499593098958333,0.020186360677083334,0,idle,425.26544618007176,568.6819166701814,425.9211423097245,561.3729811006956,0.04,0.045
1791329411.514124,426.3039992993049,560,-253.30710623931046,106.69289376068956,0.0,0.0,0.17499593098958333,0.024580891927083334,0.17499593098958333,0.024580891927083334,0,idle,428.1614397199621,555.1816754232684,426.03315718023634,561.0634158168242,0.04,0.045
1791329411.531281,426.304028671747,560,-253.30710310064504,106.69289689935496,0.0,0.0,0.17499593098958333,0.024580891927083334,0.17499593098958333,0.024580891927083334,0,idle,430.6385640529252,567.8973416468971,426.2634275238708,561.4051121083279,0.04,0.045
1791329411.548705,426.3040498933362,560,-253.3071008302154,106.69289916978461,0.0,0.0,0.17499593098958333,0.024580891927083334,0.17499593098958333,0.024580891927083334,0,idle,423.6028323180215,577.1970830329115,426.13039776357834,562.1947106545571,0.04,0.045
1791329411.565166,426.3040652259342,560,-253.30709918814398,106.69290081185603,0.0,0.0,0.17499593098958333,0.024580891927083334,0.17499593098958333,0.024580891927083334,0,idle,419.41029111632116,573.5369932011434,425.7943924312155,562.7618247818864,0.04,0.045
1791329411.582633,426.3040763037362,560,-253.30709800071145,106.69290199928854,0.0,0.0,0.17499593098958333,0.024580891927083334,0.17499593098958333,0.024580891927083334,0,idle,424.92666045698843,565.4052107721614,425.7510058325041,562.8939940814001,0.04,0.045
1791329411.599093,426.30408430744814,560,-253.30709714215502,106.69290285784497,0.0,0.0,0.17499593098958333,0.024580891927083334,0.17499593098958333,0.024580891927083334,0,idle,426.56339758998536,552.1551657736906,425.7916254203782,562.3570526660146,0.04,0.045
1791329411.616472,426.30409009013,560,-253.307096521457,106.692903478543,0.0,0.0,0.17499593098958333,0.024580891927083334,0.17499593098958333,0.024580891927083334,0,idle,414.01476701145066,553.7873042996112,425.2027824999318,561.9285652476945,0.04,0.045
1791329411.6329558,426.30409426811764,560,-253.3070960727625,106.69290392723748,0.0,0.0,0.17499593098958333,0.024580891927083334,0.17499593098958333,0.024580891927083334,0,idle,444.6301140079231,570.8652023117686,426.17414907533134,562.3753971008981,0.04,0.045
1791329411.649068,426.30409728671367,560,-253.3070957484332,106.69290425156679,0.0,0.0,0.17499593098958333,0.024580891927083334,0.17499593098958333,0.024580891927083334,0,idle,435.8384533190794,557.1627926750243,426.65736428751876,562.1147668796044,0.04,0.045
1791329411.666296,426.30409946764934,560,-253.30709551401463,106.69290448598537,0.0,0.0,0.17499593098958333,0.030928548177083334,0.17499593098958333,0.030928548177083334,0,idle,432.86090103552675,555.8641291012539,426.96754112491914,561.8022349906869,0.04,0.045
1791329411.682644,426.30410104337534,560,-253.30709534459157,106.69290465540843,0.0,0.0,0.17499593098958333,0.038741048177083334,0.17499593098958333,0.038741048177083334,0,idle,415.3678038577679,547.0983712860152,426.3875542615616,561.0670418054533,0.04,0.045
1791329411.699758,426.3041008735272,559.999999949066,-253.30709536285886,-73.30709536285885,-1.6984816197301393e-07,-5.0933964725054975e-08,0.17499593098958333,0.058760579427083334,0.17499593098958333,0.058760579427083334,0,idle,429.3361963696175,566.0716752497596,426.5349862056087,561.3172734292814,0.04,0.045
1791329411.716128,426.30409144471673,559.9999971215602,-253.3070963634708,-73.30709634995225,-9.428810472540993e-06,-2.827505840261701e-06,0.17499593098958333,0.10615437825520833,0.17499593098958333,0.10615437825520833,0,idle,431.4418261192743,568.9492049268257,426.780319243922,561.6988673180281,0.04,0.045
1791329411.73315,426.30399964285186,559.9999695920886,-253.3071054802691,-73.3071047769498,-9.180186488331375e-05,-2.7529471623485552e-05,0.17499593098958333,0.24339192708333332,0.17499593098958333,0.24339192708333332,0,idle,433.39405615803054,556.0207920726485,427.1109188778558,561.4149374027611,0.04,0.045
1791329411.750078,426.30361553799867,559.9998544072325,-253.30713940669125,-73.30713319925474,-0.00038410485322481667,-0.00011518485605703722,0.17499593098958333,0.31175130208333335,0.17499593098958333,0.31175130208333335,0,idle,424.1222504306314,537.9342437602478,426.96112055588407,560.2407932950222,0.04,0.045
1791329411.767782,426.30251072731994,559.9995230995277,-253.307227313171,-73.30720277302184,-0.0011048106787299955,-0.00033130770489248545,0.17499593098958333,0.38062947591145835,0.17499593098958333,0.38062947591145835,0,idle,414.62539450781895,570.7867876546151,426.34328468333604,560.7677782706822,0.04,0.045
1791329411.7844129,426.2999549106762,559.998756674906,-253.30741323888853,-73.30734500479474,-0.00255581664375201,-0.0007664246216627221,0.17499593098958333,0.44850056966145835,0.17499593098958333,0.44850056966145835,0,idle,409.036336879981,554.874667212217,425.47550926735676,560.4723946143683,0.04,0.045
1791329411.8009238,426.29483786658,559.9972222282252,-253.307757758722,-73.30760313945903,-0.005117044096190465,-0.0015344466807929243,0.17499593098958333,0.5144490559895833,0.17499593098958333,0.5144490559895833,0,idle,429.8888231024439,556.7879113341039,425.6913137672197,560.2867127260083,0.04,0.045
1791329411.818506,426.28559935904127,559.9944519549981,-253.3083392311989,-73.3080334494729,-0.009238507538740708,-0.00277027322700421,0.17499593098958333,0.5793904622395833,0.17499593098958333,0.5793904622395833,0,idle,414.839163282751,554.7842447996311,425.13992966083447,560.0089575701238,0.04,0.045
1791329411.835197,426.2701538094127,559.9898206265884,-253.3092562491875,-73.30870769873857,-0.01544554962854119,-0.004631328409728356,0.17499593098958333,0.6487569173177083,0.17499593098958333,0.6487569173177083,0,idle,419.44368569642444,554.2791588605984,424.8404441904668,559.7180678726584,0.04,0.045
1791329411.851398,426.2453177583056,559.9823740662437,-253.31068320559186,-73.30976177416176,-0.024836051107134795,-0.007446560344812292,0.17499593098958333,0.8650960286458333,0.17499593098958333,0.8650960286458333,0,idle,424.41286252424965,548.6671281067395,424.79547085860423,559.1584466520349,0.04,0.045
1791329411.868244,426.2065436568268,559.9707496632636,-253.31285272529954,-73.31136782308467,-0.03877410147877494,-0.01162440297998037,0.17499593098958333,0.9964742024739583,0.17499593098958333,0.9964742024739583,0,idle,431.1927650789568,552.6505238337994,425.078500173217,558.8220073282921,0.04,0.045
1791329411.885264,426.1482408694419,559.953273171407,-253.31599958993135,-73.31368930443271,-0.058302787384903215,-0.017476491856677972,0.17499593098958333,1.0101765950520833,0.17499593098958333,1.0101765950520833,0,idle,418.19726484004616,553.1119828420885,424.6790507585428,558.5199034367181,0.04,0.045
1791329411.902559,426.06417231991173,559.9280783963995,-253.3203439314403,-73.31688256164581,-0.08406854953017492,-0.02519477500741118,0.17499593098958333,1.0101765950520833,0.17499593098958333,1.0101765950520833,0,idle,443.6379236068995,543.4170557819969,425.547129278907,557.740826017725,0.04,0.045
1791329411.919811,425.94780604430304,559.8932135436952,-253.3260853905308,-73.32109885858767,-0.11636627560869073,-0.03486485270437306,0.17499593098958333,1.0101765950520833,0.17499593098958333,1.0101765950520833,0,idle,429.22388762137814,553.1249744432151,425.6204192342023,557.4769118289304,0.04,0.045
1791329411.93623,425.79260366827674,559.8467287816226,-253.3334004277296,-73.32648271112008,-0.15520237602629589,-0.0464847620726736,0.17499593098958333,1.0101765950520833,0.17499593098958333,1.0101765950520833,0,idle,423.71421737968615,558.618167095315,425.37766688425154,557.4898140682806,0.04,0.045
1791329411.9527738,425.5922425905095,559.786743989618,-253.34244168210563,-73.33316983354487,-0.20036107776722406,-0.05998479200461637,0.17499593098958333,1.0101765950520833,0.17499593098958333,1.0101765950520833,0,idle,460.7415851569396,564.1311264724147,426.9555197740071,557.764894136083,0.04,0.045
1791329411.969839,425.34077655605313,559.7114980296503,-253.35333861358794,-73.34128566440006,-0.25146603445636884,-0.07524595996771172,0.17499593098958333,1.0101765950520833,0.17499593098958333,1.0101765950520833,0,idle,439.89342564860254,584.1911671034551,427.3635223350033,559.0147241224822,0.04,0.045
1791329411.9859872,425.0327429861569,559.6193819905092,-253.3661989061123,-73.35094452188245,-0.3080335698962161,-0.09211603914115582,0.17499593098958333,1.0101765950520833,0.17499593098958333,1.0101765950520833,0,idle,434.8721075533333,556.4436492149043,427.44631970451843,558.7986601399192,0.04,0.045
1791329412.0031822,424.66322661280265,559.5089592210061,-253.3811102788187,-73.36224924663084,-0.3695163733542338,-0.11042276950303995,0.17499593098958333,1.0101765950520833,0.17499593098958333,1.0101765950520833,0,idle,436.8904266197789,573.6471794223377,427.5674844955949,559.4361844730122,0.04,0.045
1791329412.020569,424.2278887455488,559.3789749157851,-253.39814247163582,-73.3752911933898,-0.43533786725384005,-0.12998430522098908,0.17499593098958333,1.0101765950520833,0.17499593098958333,1.0101765950520833,0,idle,405.2950107520361,554.202341257922,426.0402898345258,559.0510072222977,0.04,0.045
1791329412.0371032,423.7229705627324,559.2283577503897,-253.41734925448466,-73.39015046743002,-0.50491818281636,-0.1506171653953741,0.17499593098958333,1.0101765950520833,0.17499593098958333,1.0101765950520833,0,idle,429.55978316944316,564.4918926117446,425.73659222759613,559.1799651846444,0.04,0.045
1791329412.054301,423.14527758636694,559.0562157044593,-253.4387703665305,-73.40689633091951,-0.5776929763654717,-0.17214204593038096,0.17499593098958333,1.0101765950520833,0.17499593098958333,1.0101765950520833,0,idle,452.29574344406427,564.6894972516137,426.51574146087233,559.291906844359,0.04,0.045
1791329412.071473,422.49215121340666,558.8618278357254,-253.46243333093886,-73.42558772518662,-0.6531263729602713,-0.19438786873383007,0.17499593098958333,1.0101765950520833,0.17499593098958333,1.0101765950520833,0,idle,406.6374801734727,555.1474540580051,424.90135834219006,558.9000157297442,0.04,0.045
1791329412.08868,421.7614319677446,558.6446334123718,-253.48835511683387,-73.44627386909617,-0.7307192456620338,-0.21719442335362313,0.17499593098958333,1.0101765950520833,0.17499593098958333,1.0101765950520833,0,idle,430.89770475655905,562.0047627082765,424.50699237952955,558.8489183764849,0.04,0.045
1791329412.105639,420.95141807088396,558.4042194964934,-253.51654363745223,-73.46899490374624,-0.8100138968606665,-0.24041391587844047,0.17499593098958333,1.0101765950520833,0.17499593098958333,1.0101765950520833,0,idle,414.5704550294648,553.5477664354454,423.24065231000867,558.3554675593484,0.04,0.045
1791329412.122818,420.06082202691385,558.1403078038152,-253.54699908456809,-73.49378256087846,-0.8905960439701168,-0.263911692678222,0.17499593098958333,1.0101765950520833,0.17499593098958333,1.0101765950520833,0,idle,432.0847589596768,549.7623113379276,422.8367914007205,557.6750936402331,0.04,0.045
1791329412.139601,419.08872717790257,557.8527414444799,-253.5797151060655,-73.52066083772584,-0.9720948490112713,-0.28756635933530783,0.17499593098958333,1.0101765950520833,0.17499593098958333,1.0101765950520833,0,idle,433.22424655942,586.672174536269,422.43267405209474,558.8517596436664,0.04,0.045
1791329412.156318,418.03454559538716,557.5414719728519,-253.61467983742676,-73.54964666508741,-1.0541815825154346,-0.3112694716280022,0.17499593098958333,1.0101765950520833,0.17499593098958333,1.0101765950520833,0,idle,421.78772652400323,542.2114579981808,421.39895417230053,557.7240385633455,0.04,0.045
1791329412.172809,416.8979782130823,557.2065470354943,-253.6518767998462,-73.58075055859898,-1.1365673823048774,-0.33492493735759954,0.17499593098958333,1.0101765950520833,0.17499593098958333,1.0101765950520833,0,idle,414.33050710566107,589.6772246913945,419.96579280577896,559.0035191792582,0.04,0.045
1791329412.190505,415.6789777546096,556.8480987998564,-253.69128567834147,-73.61397724570237,-1.2190004584727179,-0.35844823563787137,0.17499593098958333,1.0101765950520833,0.17499593098958333,1.0101765950520833,0,idle,414.4725577591407,556.9462162935595,418.533080617898,558.5601282111173,0.04,0.045
1791329412.207057,414.37771474815617,556.4663332660595,-253.73288299308513,-73.64932626286527,-1.3012630064534152,-0.3817655337969883,0.17499593098958333,1.0101765950520833,0.17499593098958333,1.0101765950520833,0,idle,441.1155009260322,583.6238431531955,418.42600177717395,559.4506367011141,0.04,0.045
1791329412.224577,412.99454672969375,556.0615205053248,-253.77664267653552,-73.68679251927453,-1.383168018462415,-0.404812760734723,0.17499593098958333,1.0101765950520833,0.17499593098958333,1.0101765950520833,0,idle,395.77672438319007,545.904033309943,415.97952828993544,558.3887344088577,0.04,0.045
1791329412.240708,411.5299906023494,555.6339858265773,-253.8225365680281,-73.7263668245945,-1.464556127344343,-0.4275346787475766,0.17499593098958333,1.0101765950520833,0.17499593098958333,1.0101765950520833,0,idle,428.0636788864162,529.2742711254496,415.19240749878236,556.5268532998771,0.04,0.045
1791329412.25732,409.98469802885006,555.1841018438065,-253.87053483643786,-73.76803637949969,-1.5452925734993603,-0.44988398277073993,0.17499593098958333,1.0101765950520833,0.17499593098958333,1.0101765950520833,0,idle,412.6013302672113,538.3097737211051,413.5948256923794,555.1886095373062,0.04,0.045
1791329412.27449,408.3594336761389,554.7122813977888,-253.92060634043634,-73.81178522859759,-1.62526435271115,-0.4718204460176243,0.17499593098958333,1.0101765950520833,0.17499593098958333,1.0101765950520833,0,idle,396.6757385591472,547.2416005058341,411.2048702006422,554.3430296620159,0.04,0.045
1791329412.2919,406.6550560978441,554.2189712742633,-253.97271893480354,-73.85759467608423,-1.7043775782947943,-0.4933101235256391,0.17499593098958333,1.0101765950520833,0.17499593098958333,1.0101765950520833,0,idle,424.9210914031472,567.8035639441927,410.27152256138737,554.5474117587754,0.04,0.045
1791329412.309365,404.87250102460894,553.7046466546385,-254.02683973024781,-73.90544366504619,-1.782555073235167,-0.5143246196247976,0.17499593098958333,1.0101765950520833,0.17499593098958333,1.0101765950520833,0,idle,384.37206577200976,550.9684268632138,407.28312240234504,553.8798541253539,0.04,0.045
1791329412.326061,403.01276682919956,553.1698062332375,-254.08293531325907,-73.95530912175991,-1.8597341954093587,-0.5348404214009754,0.17499593098958333,1.0101765950520833,0.17499593098958333,1.0101765950520833,0,idle,403.48888768806387,555.352932415451,405.32666318099206,553.4454096395277,0.04,0.045
1791329412.342452,401.0769019388339,552.6149679357645,-254.1409719316785,-74.00716626666315,-1.9358648903656517,-0.5548382974730076,0.17499593098958333,1.0101765950520833,0.17499593098958333,1.0101765950520833,0,idle,382.2614916076375,550.1056390872957,402.33433295647694,552.7513247293168,0.04,0.045
1791329412.359224,399.0659939783422,552.0406651762089,-254.2009156509139,-74.06098889389742,-2.010907960491712,-0.5743027595556527,0.17499593098958333,1.0101765950520833,0.17499593098958333,1.0101765950520833,0,idle,413.1489035874717,558.7275799342441,400.96469892555956,552.5045498679854,0.04,0.045
1791329412.375555,396.98116044236735,551.4474435930982,-254.26273248506143,-74.11674962146445,-2.0848335359748655,-0.5932215831106983,0.17499593098958333,1.0101765950520833,0.17499593098958333,1.0101765950520833,0,idle,404.10934997540977,519.9073666416167,399.141339618876,550.3111302027118,0.04,0.045
1791329412.3924422,394.8235407112316,550.835858210381,-254.326388506606,-74.17442011411407,-2.1576197311357497,-0.6115853827171359,0.17499593098958333,1.0101765950520833,0.17499593098958333,1.0101765950520833,0,idle,392.43786249996,542.6890022967699,396.7564270183512,549.3490176938334,0.04,0.045
1791329412.409615,392.5942892421919,550.2064709729016,-254.39184993785904,-74.23397128110075,-2.2292514690396743,-0.6293872374794965,0.17499593098958333,1.0101765950520833,0.17499593098958333,1.0101765950520833,0,idle,375.094903558576,577.0676247675981,393.5555619497747,550.1370301719161,0.04,0.045
1791329412.426526,390.294569784787,549.5598486111668,-254.45908322684363,-74.29537345092128,-2.2997194574049438,-0.6466223617347466,0.17499593098958333,1.0101765950520833,0.17499593098958333,1.0101765950520833,0,idle,406.6990158817082,553.7589255229154,392.0280011618367,549.703833695818,0.04,0.045
1791329412.4435341,387.9255504853176,548.8965607947348,-254.52805510995051,-74.35859652508675,-2.3690192994693504,-0.6632878164320017,0.17499593098958333,1.0101765950520833,0.17499593098958333,1.0101765950520833,0,idle,372.93247108071614,546.0347771295633,388.8226563232848,548.890257441895,0.04,0.045
1791329412.460592,385.4883997608685,548.2171785379493,-254.59873266335185,-74.42361011289726,-2.4371507244490993,-0.6793822567855645,0.17499593098958333,1.0101765950520833,0.17499593098958333,1.0101765950520833,0,idle,405.4629248920373,569.87509067675,387.33937656349576,549.2940859596915,0.04,0.045
1791329412.477491,382.9842828374827,547.5222728258532,-254.671083344872,-74.49038364908459,-2.5041169233858125,-0.6949057120961077,0.17499593098958333,1.0101765950520833,0.17499593098958333,1.0101765950520833,0,idle,374.957074733282,536.1276991190064,384.34135039476854,547.975606191166,0.04,0.045
1791329412.494251,380.4143588600576,546.8124134318881,-254.74507502776567,-74.55888649607245,-2.5699239774251206,-0.7098593939651155,0.17499593098958333,1.0101765950520833,0.17499593098958333,1.0101765950520833,0,idle,386.1019503537065,539.6038946451779,381.9879526141616,546.8826541895997,0.04,0.045
1791329412.511018,377.7797784932239,546.0881679024169,-254.82067602764118,-74.62908803248126,-2.6345803668337076,-0.724245529471257,0.17499593098958333,1.0101765950520833,0.17499593098958333,1.0101765950520833,0,idle,357.7294741982791,573.3162164047072,378.27217734487544,547.5162990473575,0.04,0.045
1791329412.5288389,375.0816819429312,545.3501006861984,-254.89785512358333,-74.70095772937901,-2.6980965502926755,-0.738067216218488,0.17499593098958333,1.0101765950520833,0.17499593098958333,1.0101765950520833,0,idle,373.91158767670316,537.9511160203261,375.4909561386888,546.3368760405983,0.04,0.045
1791329412.5458949,372.3211973377582,544.5987723897044,-254.976581574375,-74.77446521565442,-2.7604846051730445,-0.7513282964939512,0.17499593098958333,1.0101765950520833,0.17499593098958333,1.0101765950520833,0,idle,358.68069865461206,534.7679719808363,372.0279828895706,545.044668955941,0.04,0.045
1791329412.562902,369.49943941717237,543.8347391416218,-255.05682513058244,-74.84958033376586,-2.821757920585793,-0.7640332480826632,0.17499593098958333,1.0101765950520833,0.17499593098958333,1.0101765950520833,0,idle,360.10937373902794,549.7580188530955,368.7513824074869,544.5545048651202,0.04,0.045
1791329412.579442,366.6175084811776,543.05855205205,-255.13855604315546,-74.92627318700198,-2.8819309359947733,-0.7761870895717771,0.17499593098958333,1.0101765950520833,0.17499593098958333,1.0101765950520833,0,idle,385.6315927938807,537.5134610210592,366.85755853761157,543.4650749378239,0.04,0.045
1791329412.59535,363.6764895620946,542.2707567538118,-255.22174506909624,-75.00451417927813,-2.941018919082998,-0.7877952982382153,0.17499593098958333,1.0101765950520833,0.17499593098958333,1.0101765950520833,0,idle,371.34372483919265,555.6113417986352,364.2878988795618,543.3239827475383,0.04,0.045
1791329412.612063,360.67745178472234,541.4718930149625,-255.3063634746676,-75.08427404838721,-2.999037777372292,-0.7988637388493538,0.17499593098958333,1.0101765950520833,0.17499593098958333,1.0101765950520833,0,idle,381.7933237037964,562.2366996895096,362.31408423226986,543.5106980427299,0.04,0.045
1791329412.6296608,357.6214478859052,540.6624944130447,-255.39238303654068,-75.16552389352726,-3.0560038988171763,-0.8093986019178175,0.17499593098958333,1.0101765950520833,0.17499593098958333,1.0101765950520833,0,idle,342.6542902527621,538.0039519094953,358.4278908294182,542.4664320642463,0.04,0.045
1791329412.646081,354.5095138686736,539.843088062905,-255.47977604122204,-75.24823519783631,-3.1119340172315817,-0.8194063501395825,0.17499593098958333,1.0101765950520833,0.17499593098958333,1.0101765950520833,0,idle,350.1769199146233,530.3327528151499,355.0590049673084,541.0813120691588,0.04,0.045
1791329412.6635761,351.3426687697053,539.014194390994,-255.5685152830483,-75.33237984658479,-3.166845098968272,-0.8288936719110274,0.17499593098958333,1.0101765950520833,0.17499593098958333,1.0101765950520833,0,idle,327.21471260883135,531.9371742915729,350.6582875053647,539.836656191964,0.04,0.045
1791329412.6801422,348.12191452194276,538.1763269500269,-255.65857406099332,-75.41793014159923,-3.220754247762551,-0.8378674409671447,0.17499593098958333,1.0101765950520833,0.17499593098958333,1.0101765950520833,0,idle,349.2061094300648,547.1273999011713,347.52596206622525,539.4052193085057,0.04,0.045
1791329412.697747,344.84823589686187,537.3299922687153,-255.74992617449539,-75.50485881242432,-3.2736786250809162,-0.846334681311645,0.17499593098958333,1.0101765950520833,0.17499593098958333,1.0101765950520833,0,idle,348.2374258207125,548.2552794349924,344.45154056012274,539.0437043675839,0.04,0.045
1791329412.714529,341.5226005131733,536.4756897319933,-255.84254591848043,-75.5931390246692,-3.3256353836885695,-0.8543025367219803,0.17499593098958333,1.0101765950520833,0.17499593098958333,1.0101765950520833,0,idle,336.86042443480414,547.561593360036,340.9126311393527,538.6580114073206,0.04,0.045
1791329412.731442,338.14595890069995,535.6139114877831,-255.93640807773016,-75.68274438592914,-3.3766416124733754,-0.8617782442101474,0.17499593098958333,1.0101765950520833,0.17499593098958333,1.0101765950520833,0,idle,363.308597932436,522.726218307712,338.8246199471572,537.0427324203405,0.04,0.045
1791329412.7479029,334.719244609856,534.745142376878,-256.03148792072153,-75.77364894962554,-3.426714290843949,-0.8687691109051261,0.17499593098958333,1.0101765950520833,0.17499593098958333,1.0101765950520833,0,idle,305.6340779731453,518.5398298875151,333.9097142721548,535.2922566383394,0.04,0.045
1791329412.764769,331.2433743585947,533.8698598829815,-256.1277611930439,-75.86582721706336,-3.475870251261308,-0.8752824938965084,0.17499593098958333,1.0101765950520833,0.17499593098958333,1.0101765950520833,0,idle,337.8016939533348,542.3918306073915,330.80223651751555,534.8157169675903,0.04,0.045
1791329412.780483,327.7192482099228,532.9885341003388,-256.22520411048464,-75.95925413796736,-3.524126148671881,-0.8813257826426191,0.17499593098958333,1.0101765950520833,0.17499593098958333,1.0101765950520833,0,idle,326.8937972172442,523.9663637122252,327.2588947112637,533.4359898113115,0.04,0.045
1791329412.7977211,324.1477497741339,532.1016277167373,-256.32379335185834,-76.05390510972433,-3.571498435788873,-0.8869063836015183,0.17499593098958333,1.0101765950520833,0.17499593098958333,1.0101765950520833,0,idle,319.31913391757325,548.7172724930783,323.4689831575797,533.3574928809784,0.04,0.045
1791329412.814896,320.529746430811,531.2095960099465,-256.4235060516451,-76.14975597552868,-3.618003343322954,-0.8920317067907695,0.17499593098958333,1.0101765950520833,0.17499593098958333,1.0101765950520833,0,idle,335.41303233383707,526.9676469117933,320.6290824402358,532.1905704610679,0.04,0.045
1791329412.8300989,316.86608956641567,530.3128868559237,-256.524319792491,-76.24678302160297,-3.663656864395308,-0.8967091540227872,0.17499593098958333,1.0101765950520833,0.17499593098958333,1.0101765950520833,0,idle,305.1695976732772,538.9389607858232,316.3756341807123,531.6761162809839,0.04,0.045
1791329412.847183,313.1576148239364,529.4119407473258,-256.6262125976163,-76.34496297364143,-3.708474742479273,-0.9009461085977987,0.17499593098958333,1.0101765950520833,0.17499593098958333,1.0101765950520833,0,idle,310.79689017737877,538.102120410427,312.57364597519035,531.1415176842881,0.04,0.045
1791329412.864946,309.4051423616227,528.5071908210591,-256.7291629231702,-76.44427299260505,-3.7524724623136874,-0.9047499262667325,0.17499593098958333,1.0101765950520833,0.17499593098958333,1.0101765950520833,0,idle,314.00752750996025,541.3394995281398,309.08049121273086,530.7919043465273,0.04,0.045
1791329412.881825,305.6094771183088,527.5990628937567,-256.83314965056314,-76.54469066997858,-3.7956652433139375,-0.9081279273023656,0.17499593098958333,1.0101765950520833,0.17499593098958333,1.0101765950520833,0,idle,300.70088373898534,523.1328393022619,305.0556288578954,529.5462295633768,0.04,0.045
1791329412.898443,301.7714090832313,526.6879755042173,-256.93815207880414,-76.64619402258552,-3.8380680350775296,-0.9110873895394007,0.17499593098958333,1.0101765950520833,0.17499593098958333,1.0101765950520833,0,idle,333.83669015700605,515.0365210721523,302.84851728952725,527.9552111187531,0.04,0.045
1791329412.915294,297.8917135685898,525.774339961954,-257.04414991686474,-76.7487614870426,-3.879695514641489,-0.9136355422633222,0.17499593098958333,1.0101765950520833,0.17499593098958333,1.0101765950520833,0,idle,297.78706072726396,524.3755538406895,298.9097337225047,526.9082744896998,0.04,0.045
1791329412.931487,293.9711514833893,524.8585604011097,-257.15112327608847,-76.85237191392503,-3.9205620852005136,-0.9157795608443268,0.17499593098958333,1.0101765950520833,0.17499593098958333,1.0101765950520833,0,idle,293.37425606399245,527.3031359987393,294.9084258586386,526.0580269823497,0.04,0.045
1791329412.948587,290.01046960735044,523.9410338390829,-257.2590526626608,-76.95700456170272,-3.960681876038845,-0.917526562026736,0.17499593098958333,1.0101765950520833,0.17499593098958333,1.0101765950520833,0,idle,262.58472517580265,509.3003387446228,289.52959304225993,524.3484923365379,0.04,0.045
1791329412.965109,286.0104008638841,523.0221502392865,-257.36791897015183,-77.06263909049967,-4.000068743466336,-0.9188835997964122,0.17499593098958333,1.0101765950520833,0.17499593098958333,1.0101765950520833,0,idle,282.8998655650089,539.9422145850366,285.3980413621044,524.2552390291562,0.04,0.045
1791329412.982958,281.9716645913029,522.1022925775275,-257.4777034721426,-77.16925555572068,-4.038736272581195,-0.9198576617590662,0.17499593098958333,1.0101765950520833,0.17499593098958333,1.0101765950520833,0,idle,277.0681990577916,510.2847925452265,281.1447497879366,522.6828519262887,0.04,0.045
1791329412.998965,277.8949668115938,521.1818369115562,-257.5883878149424,-77.27683440158381,-4.076697779709111,-0.9204556659712583,0.17499593098958333,1.0101765950520833,0.17499593098958333,1.0101765950520833,0,idle,277.0854922846541,524.2201526496883,277.0689240220488,521.885284079786,0.04,0.045
1791329413.0158248,273.7810004962022,520.2611524533826,-257.6999540104043,-77.38535645459032,-4.113966315391647,-0.9206844581735361,0.17499593098958333,1.0101765950520833,0.17499593098958333,1.0101765950520833,0,idle,271.36078683423455,507.98993434326786,272.8752491630361,520.3158663576951,0.04,0.045
1791329413.032649,269.6304458283857,519.3406016440009,-257.81238442884387,-77.49480291696017,-4.150554667816517,-0.9205508093817197,0.17499593098958333,1.0101765950520833,0.17499593098958333,1.0101765950520833,0,idle,282.1685646628243,524.0581277036856,269.3968880035998,519.628456156082,0.04,0.045
1791329413.049074,265.44397046178653,518.420540230203,-257.92566179206483,-77.60515536005593,-4.1864753665991525,-0.9200614137979517,0.17499593098958333,1.0101765950520833,0.17499593098958333,1.0101765950520833,0,idle,269.70202009568527,521.396448435664,265.4349930099349,518.8427974269531,0.04,0.045
1791329413.066592,261.2222297749473,517.501317343195,-258.0397691664953,-77.71639571781517,-4.221740686839188,-0.9192228870080066,0.17499593098958333,1.0101765950520833,0.17499593098958333,1.0101765950520833,0,idle,274.7820818515133,530.9142396335161,261.89169379951653,518.5731077946236,0.04,0.045
1791329413.083174,256.96586712155965,516.5832755787595,-258.1546899564363,-77.82850628020772,-4.256362653387673,-0.9180417644354834,0.17499593098958333,1.0101765950520833,0.17499593098958333,1.0101765950520833,0,idle,261.119889188403,517.7390530774883,257.8095590482426,517.6592653825533,0.04,0.045
1791329413.100252,252.67551407628858,515.6667510787324,-258.27040789742387,-77.94146968673198,-4.290353045271065,-0.9165245000271112,0.17499593098958333,1.0101765950520833,0.17499593098958333,1.0101765950520833,0,idle,259.1857639604672,497.3937362775228,253.8025339008463,515.775290652276,0.04,0.045
1791329413.116946,248.35179067606177,514.7520736135859,-258.38690704970634,-78.05526891996186,-4.323723400226815,-0.9146774651464695,0.17499593098958333,1.0101765950520833,0.17499593098958333,1.0101765950520833,0,idle,245.7866328781035,522.4049259685985,249.2942016194937,515.237828826203,0.04,0.045
1791329413.134455,243.995305656749,513.8395666659299,-258.5041717918367,-78.16988729915415,-4.356485019312785,-0.9125069476560967,0.17499593098958333,1.0101765950520833,0.17499593098958333,1.0101765950520833,0,idle,270.207330104594,508.6371469313357,246.20119727540157,514.0409131311864,0.04,0.045
1791329413.151007,239.60665668519,512.9295475147596,-258.62218681438003,-78.28530847392429,-4.388648971559012,-0.9100191511702554,0.17499593098958333,1.0101765950520833,0.17499593098958333,1.0101765950520833,0,idle,236.390725432291,515.4553484546105,241.541457160265,513.2471167037459,0.04,0.045
1791329413.168592,235.18643058655434,512.022327320297,-258.74093711373575,-78.40151641799723,-4.420226098635654,-0.9072201944626115,0.17499593098958333,1.0101765950520833,0.17499593098958333,1.0101765950520833,0,idle,237.53985138310068,501.75951839760444,237.14216207770292,511.8108776036993,0.04,0.045
1791329413.185198,230.7352035670388,511.11821120928215,-258.86040798607405,-78.5184954230388,-4.451227019515518,-0.9041161110148165,0.17499593098958333,1.0101765950520833,0.17499593098958333,1.0101765950520833,0,idle,233.46818532149894,494.5996523779848,232.72979757135298,510.0914060369495,0.04,0.045
1791329413.202726,226.25354143192547,510.2174983605887,-258.9805850213858,-78.63623009257171,-4.481662135113326,-0.9007128486934622,0.17499593098958333,1.0101765950520833,0.17499593098958333,1.0101765950520833,0,idle,220.31833110526526,512.3735800933052,227.8516452196909,509.3498375335085,0.04,0.045
1791329413.219431,221.7419997990383,509.32048209104454,-259.1014540976445,-78.75470533597986,-4.511541632887161,-0.8970162695441953,0.17499593098958333,1.0101765950520833,0.17499593098958333,1.0101765950520833,0,idle,224.20820921410854,507.58592162087035,223.38350886816897,508.40947628180965,0.04,0.045
1791329413.2360818,217.20112430764806,508.42744994135165,-259.22300137507904,-78.87390636260348,-4.540875491390247,-0.8930321496929037,0.17499593098958333,1.0101765950520833,0.17499593098958333,1.0101765950520833,0,idle,201.45740671532198,508.7156816361542,217.9733720437059,507.5764060073186,0.04,0.045
1791329413.252954,212.63145082288455,507.53868376200677,-259.3452132905568,-78.99381867592699,-4.569673484763516,-0.8887661793448793,0.17499593098958333,1.0101765950520833,0.17499593098958333,1.0101765950520833,0,idle,215.62172598742598,535.2293719117501,213.51459993036656,508.11472643216257,0.04,0.045
1791329413.270536,208.03350563572317,506.65445979913306,-259.4680765520739,-79.11442806786118,-4.597945187161369,-0.8842239628737321,0.17499593098958333,1.0101765950520833,0.17499593098958333,1.0101765950520833,0,idle,213.3951058097963,486.73943227638057,209.14057729653473,506.2059489596435,0.04,0.045
1791329413.287199,203.40780565861849,505.7750487801405,-259.59157813335327,-79.23572061312066,-4.62569997710468,-0.879411018992586,0.17499593098958333,1.0101765950520833,0.17499593098958333,1.0101765950520833,0,idle,199.50183608560184,489.3812377641892,204.26422525773864,504.5292729318278,0.04,0.045
1791329413.304702,198.75485861686204,504.9007159991397,-259.71570526854657,-79.35768266369689,-4.652947041756452,-0.8743327810007719,0.17499593098958333,1.0101765950520833,0.17499593098958333,1.0101765950520833,0,idle,209.96418667926312,508.39843336972507,200.12892363914625,503.89211481177193,0.04,0.045
1791329413.3213599,194.07516323574532,504.0317214020399,-259.8404454470405,-79.48030084342744,-4.679695381116707,-0.8689945970998028,0.17499593098958333,1.0101765950520833,0.17499593098958333,1.0101765950520833,0,idle,194.99468057812956,512.3019862673563,195.42650087403453,503.48706351730635,0.04,0.045
1791329413.338592,189.36920942361118,503.16831967126694,-259.96578640836424,-79.60356204266083,-4.705953812134134,-0.8634017307729749,0.17499593098958333,1.0101765950520833,0.17499593098958333,1.0101765950520833,0,idle,183.27513924220904,499.42640190340944,190.34827667091582,502.4637987923772,0.04,0.045
1791329413.355525,184.63747845087832,502.3107603100436,-260.0917161371971,-79.72745341301712,-4.731730972732864,-0.8575593612233641,0.17499593098958333,1.0101765950520833,0.17499593098958333,1.0101765950520833,0,idle,197.72347642339577,482.2735167802254,186.2218922344436,500.6396032986074,0.04,0.045
1791329413.372479,179.89234594042236,501.46056575747076,-260.1822257099051,-79.84198881776837,-4.745132510455949,-0.8501945525728107,0.17499593098958333,1.0101765950520833,0.0,-0.5,1,braking,178.8866277853156,492.31131343537584,181.34725312705405,499.4155039805017,0.04,0.045
1791329413.389535,175.15073687468515,500.6196179093712,-260.24686394770697,-79.94288764883835,-4.741609065737204,-0.840947848099598,0.17499593098958333,1.0101765950520833,0.0,-0.5,1,braking,167.5447639402772,502.2344368377324,176.15260005526486,498.7575501676686,0.04,0.045
1791329413.406753,170.42997154170845,499.7896956015709,-260.29283994937276,-80.02914747517734,-4.720765332976701,-0.82992230780033,0.17499593098958333,1.0101765950520833,0.0,-0.5,1,braking,165.45640310448147,515.0154552692751,171.13306314139783,498.7820192303387,0.04,0.045
1791329413.42335,165.7456099668595,498.9722657845215,-260.3254619239522,-80.1014499380011,-4.684361574848969,-0.8174298170493746,0.17499593098958333,1.0101765950520833,0.0,-0.5,1,braking,168.3834996394776,472.94692554915184,166.5454414701953,496.71370622008243,0.04,0.045
1791329413.43995,161.11051160541984,498.1684147589349,-260.3485771698075,-80.16122808522924,-4.635098361439655,-0.8038510255865956,0.17499593098958333,1.0101765950520833,0.0,-0.5,1,braking,181.0475645976174,499.89886014070976,162.86720418319874,496.10930544180655,0.04,0.045
1791329413.4574919,156.53460357195277,497.3788536817557,-260.364946001059,-80.2101584864748,-4.57590803346708,-0.7895610771791856,0.17499593098958333,1.0101765950520833,0.0,-0.5,1,braking,153.48157824913642,497.4330742751604,158.0508102547019,495.425410860154,0.04,0.045
1791329413.4735649,152.0250612426846,496.6039645959179,-260.3765357532835,-80.24990135725119,-4.509542329268194,-0.7748890858378159,0.17499593098958333,1.0101765950520833,0.0,-0.5,1,braking,171.9810228363316,484.257908030595,154.4632556709786,494.1308910871301,0.04,0.045
1791329413.490004,147.58738726718525,495.84398117863,-260.38473746702215,-80.28196280108276,-4.437673975499336,-0.7599834172879074,0.17499593098958333,1.0101765950520833,0.0,-0.5,1,braking,152.835659233386,491.46541634648736,150.1660855723746,493.27563310367447,0.04,0.045
1791329413.507391,143.22634245258715,495.0991348870713,-260.39053550970783,-80.30766881918413,-4.3610448145981096,-0.7448462915586731,0.17499593098958333,1.0101765950520833,0.0,-0.5,1,braking,116.86081905315147,489.007068776559,144.35782967254525,492.354600910338,0.04,0.045
1791329413.523861,138.94639019125697,494.3697147538174,-260.39462873832923,-80.32816902600723,-4.279952261330173,-0.7294201332538574,0.17499593098958333,1.0101765950520833,0.0,-0.5,1,steering,114.4006753348435,488.8096369250711,138.7940173073965,491.48440358448346,0.04,0.045
1791329413.541336,134.7497352963762,493.654797652961,-260.34548807053085,-80.33224080882937,-4.196654894880774,-0.7149171008563819,0.17499593098958333,1.0101765950520833,-1.0,0.0,1,steering,131.71000361897612,489.06409085736493,134.45299447283875,490.68421670231396,0.04,0.045
1791329413.5577788,130.63745115610183,492.95083250232256,-260.13492838846315,-80.28592789427877,-4.112284140274361,-0.7039651506384762,0.17499593098958333,1.0101765950520833,-1.0,0.0,1,steering,157.20547848664168,488.6877992572701,131.68394874026825,489.9156289369552,0.04,0.045
1791329413.575281,126.61012130193349,492.2515529617595,-259.70515670342417,-80.14973799593969,-4.027329854168341,-0.6992795405630774,0.17499593098958333,1.0101765950520833,-1.0,0.0,1,steering,143.7230410994233,506.7720983396021,128.45993999676608,490.09413684355263,0.04,0.045
1791329413.591815,122.66820304885913,491.5485765105799,-259.0353125201068,-79.88853467520991,-3.941918253074359,-0.7029764511796275,0.17499593098958333,1.0101765950520833,-1.0,0.0,1,steering,111.69401842545005,482.3954428139251,123.87682157777964,489.04137451345065,0.04,0.045
1791329413.6093922,118.81224019007604,490.83222859520464,-258.1270747747322,-79.47576088446593,-3.855962858783093,-0.716347915375252,0.17499593098958333,1.0101765950520833,-1.0,0.0,1,steering,137.02138778287173,487.52753039541307,120.87088517219031,488.28515178794225,0.04,0.045
1791329413.626179,115.04298578960216,490.0923539775867,-256.9952186238987,-78.89449197732948,-3.7692544004738844,-0.7398746176179443,0.17499593098958333,1.0101765950520833,-1.0,0.0,1,steering,134.78407367810559,488.5934317355158,117.98575291703588,487.5976848985839,0.04,0.045
1791329413.6436532,111.36146359053072,489.3190062880609,-255.66149953902027,-78.1368220028328,-3.6815221990714324,-0.7733476895257902,0.17499593098958333,1.0101765950520833,-1.0,0.0,1,steering,117.04285217437484,483.75483181093637,114.44116179078496,486.670861939152,0.04,0.045
1791329413.66056,107.76898288632383,488.5029782696508,-254.15074968289193,-77.20248075968374,-3.592480704206888,-0.8160280184100948,0.17499593098958333,1.0101765950520833,-1.0,0.0,1,steering,94.59442211867196,481.9354874278085,110.03596813818277,485.6588665960952,0.04,0.045
1791329413.677362,104.26711706332924,487.63617263626725,-252.48843691970012,-76.09720246446766,-3.501865822994595,-0.8668056333835525,0.17499593098958333,1.0101765950520833,-1.0,0.0,1,steering,87.90835081455602,477.97929606949765,105.60281474015657,484.451422718051,0.04,0.045
1791329413.693726,100.85765488704932,486.7118312596903,-250.69918818624214,-74.83113177754032,-3.4094621762799218,-0.9243413765769171,0.17499593098958333,1.0101765950520833,-1.0,0.0,1,steering,68.15934815035405,497.06035667350346,100.49165234320053,484.2037451080755,0.04,0.045
1791329413.710885,97.54253329772928,485.7246472324629,-248.8059467905723,-73.4174080668185,-3.315121589320036,-0.9871840272273682,0.17499593098958333,1.0101765950520833,-1.0,0.0,1,steering,113.1050901823518,478.73863298710063,97.97295872530405,482.99266467616076,0.04,0.045
1791329413.7276511,94.32375995073298,484.670785335893,-246.82954374812007,-71.87098251257545,-3.218773346996306,-1.0538618965699298,0.17499593098958333,1.0101765950520833,-1.0,0.0,1,steering,82.37198194924649,491.47057919568266,94.1350752068547,482.4153916003954,0.04,0.045
1791329413.744572,91.20333274458872,483.54783451296095,-244.78853600356626,-70.20767416672903,-3.1204272061442557,-1.1229508229320941,0.17499593098958333,1.0101765950520833,-1.0,0.0,1,steering,92.03883473163081,477.2508741682966,91.06585733725646,481.090362447005,0.04,0.045
1791329413.761465,88.18316222815957,482.3547127553173,-242.69921260519786,-68.44344627019561,-3.020170516429145,-1.1931217576436641,0.17499593098958333,1.0101765950520833,-1.0,0.0,1,steering,90.20178989175993,473.04984175726554,88.15349197437395,479.5548707427566,0.04,0.045
1791329413.778354,85.26500126962202,481.0915412623985,-240.5757022350325,-66.5938734863344,-2.918160958537549,-1.2631714929187745,0.17499593098958333,1.0101765950520833,-1.0,0.0,1,steering,91.8174969304747,500.8005208477483,85.56443931156831,479.41714032973334,0.04,0.045
1791329413.7951949,82.45038489065277,479.75950129025495,-238.43013744632242,-64.67376801854871,-2.814616378969254,-1.3320399721435638,0.17499593098958333,1.0101765950520833,-1.0,0.0,1,steering,67.13054714647703,470.60989566632196,81.96885914329296,477.7113401230264,0.04,0.045
1791329413.8120608,79.7405818512855,478.36068400620434,-236.27284600164805,-62.696933988884645,-2.7098030393672694,-1.398817284050633,0.17499593098958333,1.0101765950520833,-1.0,0.0,1,steering,78.21520206246882,482.46189422709,79.20686340185284,476.6199914083815,0.04,0.045
1791329413.829659,77.13655848669211,476.89794099505866,-234.1125500691221,-60.67602270362593,-2.6040233645933815,-1.4627430111456636,0.17499593098958333,1.0101765950520833,-1.0,0.0,1,steering,84.80695580265387,481.595824914436,77.01304582552918,475.47917722309586,0.04,0.045
1791329413.846646,74.63895447020707,475.374740840557,-231.95656117745588,-58.62246528649019,-2.4976040164850395,-1.5232001545016354,0.17499593098958333,1.0101765950520833,-1.0,0.0,1,steering,85.46481441439508,452.33811301891814,75.06291043931168,472.8750838661104,0.04,0.045
1791329413.86364,72.248069596809,473.7950354087748,-229.81096372740404,-56.54646299838721,-2.3908848733980657,-1.5797054317821857,0.17499593098958333,1.0101765950520833,-1.0,0.0,1,steering,55.46663636596395,452.92917966529905,71.81175610591613,470.37706849587676,0.04,0.045
1791329413.880287,69.96386031746715,472.1631380456746,-227.68078317552144,-54.45701910520311,-2.2842092793418454,-1.6318973631002283,0.17499593098958333,1.0101765950520833,-1.0,0.0,1,steering,84.73653403150873,461.50147640250754,70.287996186821,468.3829863962631,0.04,0.045
1791329413.896789,67.78594456753363,470.4836148173423,-225.570137213503,-52.36199929856906,-2.177915749933512,-1.6795232283323285,0.17499593098958333,1.0101765950520833,-1.0,0.0,1,steering,73.26497157465265,465.96517771854434,68.36782499377574,466.66654889546146,0.04,0.045
1791329413.914263,65.71361338039551,468.76118911613975,-223.4823696940318,-50.26821039920904,-2.072331187138123,-1.722425701202528,0.17499593098958333,1.0101765950520833,-1.0,0.0,1,steering,52.93704870302575,483.94626330022356,65.62757155145702,465.8942301995571,0.04,0.045
1791329413.9315379,63.74584782263691,467.0006593788598,-221.42016793888058,-48.18148939394005,-1.9677655577586006,-1.7605297372799935,0.17499593098958333,1.0101765950520833,-1.0,0.0,1,steering,65.8650826451795,455.80651145891045,63.770069826272476,463.7173410121088,0.04,0.045
1791329413.948127,61.881339896236774,465.20682926854596,-219.38566457661452,-46.1067968050555,-1.8645079264001396,-1.7938301103138177,0.17499593098958333,1.0101765950520833,-1.0,0.0,1,steering,90.69771973737056,456.9881114872886,63.34516979174725,461.6767409310697,0.04,0.045
1791329413.9657102,60.118516200438776,463.3844494201819,-217.38052531677354,-44.048309998797166,-1.7628236957979952,-1.8223798483640525,0.17499593098958333,1.0101765950520833,-1.0,0.0,1,steering,66.8692668905724,479.0739032974015,61.846692135680414,460.8153381934404,0.04,0.045
1791329413.982532,58.455563310719086,461.538169708161,-215.40602416082228,-42.00951334378303,-1.662952889719691,-1.8462797120209147,0.17499593098958333,1.0101765950520833,-1.0,0.0,1,steering,73.42526709417054,456.66284668916825,60.845815638371214,458.85374789180696,0.04,0.045
1791329413.999072,56.89045400016734,459.6725009322936,-213.46310753783936,-39.99328316709065,-1.5651093105517464,-1.865668775867403,0.17499593098958333,1.0101765950520833,-1.0,0.0,1,steering,43.62499828958213,467.9366005630358,58.4979209259076,457.5355051882944,0.04,0.045
1791329414.01658,55.4209735896819,457.791784816359,-211.55244877675187,-38.001966261549136,-1.4694804104854373,-1.8807161159345922,0.17499593098958333,1.0101765950520833,-1.0,0.0,1,steering,51.2764305769937,442.5900860500173,56.74084001850074,455.00155392124265,0.04,0.045
1791329414.033219,54.04474586146831,455.9001712508252,-209.6744942154581,-36.03745130804356,-1.3762277282135953,-1.8916135655337742,0.17499593098958333,1.0101765950520833,-1.0,0.0,1,steering,42.90403436496373,443.299194682291,54.74158339402098,452.619403072038,0.04,0.045
1791329414.0503821,52.75925810204383,454.00160177532655,-207.82950211947676,-34.10123302476311,-1.2854877594244742,-1.8985694754986564,0.17499593098958333,1.0101765950520833,-1.0,0.0,1,steering,68.00346988579923,449.0648469308164,54.18346434715664,450.6380342632532,0.04,0.045
1791329414.06763,51.561884954955524,452.09979837616316,-206.01757545115606,-32.19446917207995,-1.1973731470883078,-1.9018033991633916,0.17499593098958333,1.0101765950520833,-1.0,0.0,1,steering,52.30057746145812,444.1993428176981,52.95181551313782,448.5093864617702,0.04,0.045
1791329414.084779,50.44991085978348,450.19825676158314,-204.23868940264987,-30.318030754534938,-1.1119740951720456,-1.9015416145800181,0.17499593098958333,1.0101765950520833,-1.0,0.0,1,steering,43.918022375838866,452.37301512246864,51.443750465859424,446.8961033609541,0.04,0.045
1791329414.101852,49.42055093370242,448.300243367252,-202.49271448628676,-28.472545893948332,-1.029359926081057,-1.8980133943311197,0.17499593098958333,1.0101765950520833,-1.0,0.0,1,steering,45.09786836384639,450.0220005596861,50.148564430981764,445.2492854962761,0.04,0.045
1791329414.1177752,48.470970216420504,446.4087954321686,-200.77943586694107,-26.658437919933515,-0.949580717281921,-1.8914479350834403,0.17499593098958333,1.0101765950520833,-1.0,0.0,1,idle,50.087926767123015,447.00990840628054,49.24343086637101,443.5404411034471,0.04,0.045
1791329414.133641,47.593599171431215,444.52766711654795,-199.65292381375377,-25.00466584871314,-0.8773710449892891,-1.8811283156206362,0.17499593098958333,1.0101765950520833,0.17499593098958333,1.0101765950520833,0,idle,43.316455009690856,450.41430825398487,48.11357958079717,442.0970625611344,0.04,0.045
1791329414.1508,46.77879460557252,442.659304120642,-198.91493875280855,-23.56231125800096,-0.8148045658586935,-1.8683629959059567,0.17499593098958333,1.0101765950520833,0.17499593098958333,1.0101765950520833,0,idle,46.18479791642075,449.137769564575,47.24307616001259,440.6741530651958,0.04,0.045
1791329414.1662562,46.016392666668175,440.80416850783575,-198.43616744785353,-22.341108780320187,-0.7624019389043475,-1.8551356128062264,0.17499593098958333,1.0101765950520833,0.17499593098958333,1.0101765950520833,0,idle,53.44287130114435,448.62329921454966,46.82878407511005,439.3092315404976,0.04,0.045
1791329414.183346,45.29656379689315,438.960741332385,-198.1304966073252,-21.329851187608096,-0.7198288697750181,-1.8434271754507698,0.17499593098958333,1.0101765950520833,0.17499593098958333,1.0101765950520833,0,idle,30.48995620843648,410.17891927819517,45.328005255490105,436.10146011070424,0.04,0.045
1791329414.2004302,44.61024252371309,437.12583370829435,-197.93998375938372,-20.507599877256844,-0.6863212731800661,-1.8349076240906514,0.17499593098958333,1.0101765950520833,0.17499593098958333,1.0101765950520833,0,idle,54.50790742485767,469.77316073786653,45.134995154437426,436.04188289917624,0.04,0.045
1791329414.2175858,43.94930778809991,435.295005384779,-197.8254050565124,-19.849740480300554,-0.6609347356131797,-1.8308283235153402,0.17499593098958333,1.0101765950520833,0.17499593098958333,1.0101765950520833,0,idle,52.08544002956735,437.53743165005466,44.8546293993614,434.3773734293806,0.04,0.045
1791329414.2346702,43.30662305218313,433.4629858280101,-197.76009864912749,-19.331212278511114,-0.6426847359167793,-1.8320195567688762,0.17499593098958333,1.0101765950520833,0.17499593098958333,1.0101765950520833,0,idle,41.52030812337669,443.0948424831201,44.077362836441225,433.07282830313716,0.04,0.045
1791329414.25182,42.676001944116685,431.6240475961242,-197.7258907212862,-18.928212941485498,-0.6306211080664395,-1.838938231885881,0.17499593098958333,1.0101765950520833,0.17499593098958333,1.0101765950520833,0,idle,27.00658806310683,430.15490982872683,42.62473404511138,431.17994105912504,0.04,0.045
1791329414.268661,42.05213781775837,429.7723126000879,-197.71037815431978,-18.619076933892487,-0.6238641263583122,-1.8517349960363159,0.17499593098958333,1.0101765950520833,0.17499593098958333,1.0101765950520833,0,idle,26.108388450960227,442.39244160161326,41.206245845363426,429.98141784001496,0.04,0.045
1791329414.285677,41.43051890779355,427.90198853071644,-197.705105625064,-18.38468796176293,-0.6216189099648225,-1.8703240693714829,0.17499593098958333,1.0101765950520833,0.17499593098958333,1.0101765950520833,0,idle,46.01286092097872,406.42061218188314,40.85603863467761,427.02656969120545,0.04,0.045
1791329414.302461,40.80734085576024,426.0075411332392,-197.70433537079023,-18.208609081769843,-0.6231780520333134,-1.894447397477202,0.17499593098958333,1.0101765950520833,0.17499593098958333,1.0101765950520833,0,idle,33.51722871198416,428.2577094190588,39.89707898911129,425.28840164999474,0.04,0.045
1791329414.319019,40.17942047251263,424.083812321291,-197.70445969715527,-18.077094414601888,-0.6279203832476048,-1.9237288119481804,0.17499593098958333,1.0101765950520833,0.17499593098958333,1.0101765950520833,0,idle,30.96297796561001,423.5072578187174,38.853849573851,423.3718020870801,0.04,0.045
1791329414.336538,40,422.1261030431663,-197.7064859470279,-17.979767914144077,0.0,0.0,0.17499593098958333,1.0101765950520833,0.17499593098958333,1.0101765950520833,0,idle,38.34063613012717,436.7059926739964,38.82818890166481,424.0385116164259,0.04,0.045
1791329414.353012,40,422.1030989793549,-197.70672851556995,-17.706728515569946,0.0,0.0,0.17499593098958333,1.0101765950520833,0.17499593098958333,1.0101765950520833,0,idle,37.16069184984736,441.4886027948916,38.74481404907394,424.91101617534923,0.04,0.045
1791329414.370501,40,422.0792971024159,-197.7071729722885,-17.70717297228849,0.0,0.0,0.17499593098958333,1.0101765950520833,0.17499593098958333,1.0101765950520833,0,idle,43.66545121393517,432.8167999240282,38.990845907317,425.3063053627832,0.04,0.045
1791329414.386646,40,422.0548064330674,-197.70784392866332,-17.707843928663323,0.0,0.0,0.17499593098958333,1.0101765950520833,0.17499593098958333,1.0101765950520833,0,idle,40.244034258828165,401.6037908318333,39.05350532489256,424.1211796362357,0.04,0.045
1791329414.40359,40,422.0297226145144,-197.7087500014123,-17.708750001412294,0.0,0.0,0.17499593098958333,1.0101765950520833,0.17499593098958333,1.0101765950520833,0,idle,26.167537861712894,416.42331527110963,38.40920695173358,423.7362864179794,0.04,0.045
1791329414.419861,40,422.00412909393185,-197.70988854012467,-17.709888540124673,0.0,0.0,0.17499593098958333,1.0101765950520833,0.17499593098958333,1.0101765950520833,0,idle,32.49553070391098,455.63157101765415,38.11352313934245,425.33105064796314,0.04,0.045
1791329414.4364119,40,421.9780983554518,-197.71124939705638,-17.711249397056363,0.0,0.0,0.17499593098958333,1.0101765950520833,0.17499593098958333,1.0101765950520833,0,idle,53.890474245760686,425.6678215198445,38.90237069466336,425.3478891915572,0.04,0.045
1791329414.453633,40,421.95169313354774,-197.71281780866923,-17.712817808669236,0.0,0.0,0.17499593098958333,1.0101765950520833,0.17499593098958333,1.0101765950520833,0,idle,49.95357007186448,403.1609323711532,39.45493066352342,424.238541350537,0.04,0.045
1791329414.470648,40,421.9249675639351,-197.71457651894426,-17.71457651894425,0.0,0.0,0.17499593098958333,1.0101765950520833,0.17499593098958333,1.0101765950520833,0,idle,54.57134667333463,410.8001940482567,40.21075146401398,423.56662398542295,0.04,0.045
1791329414.487755,40,421.89796824823264,-197.71650728912914,-17.716507289129126,0.0,0.0,0.17499593098958333,1.0101765950520833,0.17499593098958333,1.0101765950520833,0,idle,36.063006032134396,424.53336635159667,40.00336419242,423.6149611037316,0.04,0.045
1791329414.504929,40,421.8707352213715,-197.71859192993534,-17.718591929935346,0.0,0.0,0.17499593098958333,1.0101765950520833,0.17499593098958333,1.0101765950520833,0,idle,68.58778684460788,432.7352476805431,41.43258532502939,424.0709754325722,0.04,0.045
1791329414.522942,40,421.8433028190273,-197.72081297351932,-17.72081297351931,0.0,0.0,0.17499593098958333,1.0101765950520833,0.17499593098958333,1.0101765950520833,0,idle,35.02466340920259,427.2039693383619,41.112189229238055,424.2276251278617,0.04,0.045
1791329414.5400078,40,421.8157004475565,-197.72315408118538,-17.723154081185378,0.0,0.0,0.17499593098958333,1.0101765950520833,0.17499593098958333,1.0101765950520833,0,idle,52.11357275932005,423.7677363186191,41.66225840574216,424.2046306873996,0.04,0.045
1791329414.557139,40,421.78795326201487,-197.72560026236067,-17.72560026236066,0.0,0.0,0.17499593098958333,1.0101765950520833,0.17499593098958333,1.0101765950520833,0,idle,37.63932966577052,410.8123216672583,41.46111196874357,423.5350152363925,0.04,0.045
1791329414.574197,40,421.7600827595086,-197.72813796264384,-17.728137962643853,0.0,0.0,0.17499593098958333,1.0101765950520833,0.17499593098958333,1.0101765950520833,0,idle,44.90361069084489,419.04027564471824,41.63323690484864,423.3102782568088,0.04,0.045
1791329414.591388,40,421.73210729585116,-197.73075506410356,-17.730755064103565,0.0,0.0,0.17499593098958333,1.0101765950520833,0.17499593098958333,1.0101765950520833,0,idle,26.516897743569842,420.6482656961079,40.8774199467847,423.17717762877373,0.04,0.045
1791329414.608641,40,421.7040425336162,-197.73344082938704,-17.733440829387032,0.0,0.0,0.17499593098958333,1.0101765950520833,0.17499593098958333,1.0101765950520833,0,idle,43.51233904999917,430.8894618195291,41.00916590194542,423.5627918383115,0.04,0.045
1791329414.625648,40,421.67590182940785,-197.7361858122282,-17.736185812228186,0.0,0.0,0.17499593098958333,1.0101765950520833,0.17499593098958333,1.0101765950520833,0,idle,55.02883147370654,431.62481615941334,41.71014918053348,423.9658930543666,0.04,0.045
1791329414.6428359,40,421.64769656768374,-197.73898175016714,-17.73898175016713,0.0,0.0,0.17499593098958333,1.0101765950520833,0.17499593098958333,1.0101765950520833,0,idle,27.19865736281269,420.8529981051027,40.98457458964744,423.81024830690336,0.04,0.045
1791329414.659793,40,421.61943644785816,-197.741821450267,-17.74182145026699,0.0,0.0,0.17499593098958333,1.0101765950520833,0.17499593098958333,1.0101765950520833,0,idle,40.808907836930615,424.76556569329495,40.9757912520116,423.8580141762229,0.04,0.045
1791329414.676041,40,421.5911297307625,-197.74469867495128,-17.744698674951266,0.0,0.0,0.17499593098958333,1.0101765950520833,0.17499593098958333,1.0101765950520833,0,idle,7.707474771732663,412.0997120888635,39.31237542799765,423.27009907185493,0.04,0.045
1791329414.69215,40,421.56278344988687,-197.74760803245996,-17.74760803245997,0.0,0.0,0.17499593098958333,1.0101765950520833,0.17499593098958333,1.0101765950520833,0,idle,58.38428585042968,427.31241778147523,40.26597094911925,423.47221500733593,0.04,0.045
1791329414.709752,40,421.53440359219974,-197.75054487457385,-17.750544874573833,0.0,0.0,0.17499593098958333,1.0101765950520833,0.17499593098958333,1.0101765950520833,0,idle,54.822751828807455,428.9402619934848,40.99380999310366,423.7456173566434,0.04,0.045
1791329414.725593,40,421.5059952527571,-197.75350520298096,-17.753505202980964,0.0,0.0,0.17499593098958333,1.0101765950520833,0.17499593098958333,1.0101765950520833,0,idle,45.08542284776525,411.00002112946044,41.19839063583674,423.10833754528426,0.04,0.045
1791329414.7420878,40,421.4775627667798,-197.75648558479912,-17.756485584799123,0.0,0.0,0.17499593098958333,1.0101765950520833,0.17499593098958333,1.0101765950520833,0,idle,36.6546006176969,423.8513122472242,40.97120113492974,423.14548628038125,0.04,0.045
1791329414.759538,40,421.4491098223954,-197.75948307720816,-17.75948307720817,0.0,0.0,0.17499593098958333,1.0101765950520833,0.17499593098958333,1.0101765950520833,0,idle,58.74895867441396,411.5254893931792,41.86008901190395,422.5644864360211,0.04,0.045
1791329414.77603,40,421.42063955681243,-197.7624951607951,-17.762495160795105,0.0,0.0,0.17499593098958333,1.0101765950520833,0.17499593098958333,1.0101765950520833,0,idle,30.70876066406966,425.90855877209736,41.30252259451224,422.73169005282494,0.04,0.045
1791329414.7935731,40,421.39215463831636,-197.7655196810137,-17.7655196810137,0.0,0.0,0.17499593098958333,1.0101765950520833,0.17499593098958333,1.0101765950520833,0,idle,38.86091125427554,427.0333962117108,41.180442027500405,422.94677536076927,0.04,0.045
1791329414.8102279,40,421.36365733614565,-197.7685547970567,-17.768554797056712,0.0,0.0,0.17499593098958333,1.0101765950520833,0.17499593098958333,1.0101765950520833,0,idle,62.166677355562136,431.4671373156172,42.22975379390349,423.37279345851164,0.04,0.045
1791329414.82709,40,421.33514958001547,-197.77159893740452,-17.771598937404516,0.0,0.0,0.17499593098958333,1.0101765950520833,0.17499593098958333,1.0101765950520833,0,idle,49.58073719815623,411.7299953688214,42.597302964116125,422.79065355402713,0.04,0.045
1791329414.844691,40,421.306633010806,-197.77465076132165,-17.77465076132166,0.0,0.0,0.17499593098958333,1.0101765950520833,0.17499593098958333,1.0101765950520833,0,idle,13.12084367793556,406.05141413549956,41.123479999807095,421.95369158310075,0.04,0.045
1791329414.8605042,40,421.278109023715,-197.77770912560692,-17.7777091256069,0.0,0.0,0.17499593098958333,1.0101765950520833,0.17499593098958333,1.0101765950520833,0,idle,52.28014948182759,417.85728273723714,41.68131347390812,421.7488711408076,0.04,0.045
1791329414.877322,40,421.2495788049856,-197.78077305595306,-17.780773055953063,0.0,0.0,0.17499593098958333,1.0101765950520833,0.17499593098958333,1.0101765950520833,0,idle,30.089858127157218,434.45559261539717,41.101740706570574,422.38420721453707,0.04,0.045
1791329414.89431,40,421.22415471383226,-197.78350712637672,-17.783507126376726,0.0,0.0,0.17499593098958333,0.6326436360677083,0.17499593098958333,0.6326436360677083,0,idle,34.3910072846582,435.71456743479865,40.766204035474956,423.05072522555014,0.04,0.045
1791329414.911198,40,421.2027446968874,-197.78581218948293,-17.785812189482932,0.0,0.0,0.17499593098958333,0.42994588216145835,0.17499593098958333,0.42994588216145835,0,idle,36.92441370244986,425.2192100196612,40.5741145188237,423.15914946525567,0.04,0.045
1791329414.927712,40,421.1867430106671,-197.78753666519543,-17.78753666519544,0.0,0.0,0.17499593098958333,0.08467000325520833,0.17499593098958333,0.08467000325520833,0,idle,53.67412338841424,404.5051628832035,41.22911496230323,422.22645013615306,0.04,0.045
1791329414.944674,40,421.1751818730996,-197.78878362628993,-17.78878362628992,0.0,0.0,0.17499593098958333,0.010420735677083333,0.17499593098958333,0.010420735677083333,0,idle,40.97941048500458,410.7765618587934,41.21662973843829,421.6539557222851,0.04,0.045
1791329414.961657,40,421.16682899337883,-197.7896851868685,-17.789685186868486,0.0,0.0,0.17499593098958333,0.010420735677083333,0.17499593098958333,0.010420735677083333,0,idle,31.53908245786883,416.69550776654984,40.73275237440982,421.40603332449837,0.04,0.045
1791329414.9785862,40,421.16079405980855,-197.79033695214034,-17.790336952140326,0.0,0.0,0.17499593098958333,0.010420735677083333,0.17499593098958333,0.010420735677083333,0,idle,46.34353071028052,445.0833261551039,41.01329129120335,422.5898979660286,0.04,0.045
1791329414.9955242,40,421.15643383180895,-197.7908080907441,-17.7908080907441,0.0,0.0,0.17499593098958333,0.010420735677083333,0.17499593098958333,0.010420735677083333,0,idle,52.96181299653149,425.1616835968619,41.61071737646976,422.7184872475703,0.04,0.045
1791329415.0116632,40,421.15328357308755,-197.79114863470093,-17.791148634700924,0.0,0.0,0.17499593098958333,0.010420735677083333,0.17499593098958333,0.010420735677083333,0,idle,54.35890573473581,417.8310835139916,42.24812679438306,422.47411706089133,0.04,0.045
1791329415.027712,40,421.15100751429895,-197.7913947675837,-17.79139476758371,0.0,0.0,0.17499593098958333,0.010420735677083333,0.17499593098958333,0.010420735677083333,0,idle,46.89629773408778,415.23826102032376,42.480535341368295,422.11232425886294,0.04,0.045
1791329415.044925,40,421.14936306346254,-197.79157265379467,-17.79157265379468,0.0,0.0,0.17499593098958333,0.010420735677083333,0.17499593098958333,0.010420735677083333,0,idle,29.573107875162947,438.0163144642463,41.835163968058026,422.9075237691321,0.04,0.045
1791329415.061903,40,421.1481749485887,-197.7917012104886,-17.791701210488615,0.0,0.0,0.17499593098958333,0.010420735677083333,0.17499593098958333,0.010420735677083333,0,idle,24.76015412409675,423.42505561773544,40.98141347585996,422.9334003615623,0.04,0.045
1791329415.078014,40,421.147316536039,-197.79179411352536,-17.791794113525345,0.0,0.0,0.17499593098958333,0.010420735677083333,0.17499593098958333,0.010420735677083333,0,idle,50.67321741130083,418.46257921662135,41.466003672632006,422.7098593043153,0.04,0.045
1791329415.095912,40,421.14669633320506,-197.7918612487601,-17.791861248760124,0.0,0.0,0.17499593098958333,0.010420735677083333,0.17499593098958333,0.010420735677083333,0,idle,29.72127526305362,407.86380853249193,40.87876725215309,421.9675567657241,0.04,0.045
1791329415.1128352,40,421.1462482367793,-197.791909761823,-17.791909761822993,0.0,0.0,0.17499593098958333,0.010420735677083333,0.17499593098958333,0.010420735677083333,0,idle,39.94050462373648,404.74655449539296,40.83185412073226,421.10650665220754,0.04,0.045
1791329415.1294742,40,421.14592448717525,-197.79194481733575,-17.791944817335747,0.0,0.0,0.17499593098958333,0.010420735677083333,0.17499593098958333,0.010420735677083333,0,idle,52.54006634098546,426.3768765478556,41.41726473174492,421.37002514699,0.04,0.045
1791329415.146212,40,421.14564942540255,-197.79197460443382,-17.791974604433808,0.0,0.0,0.17499593098958333,0.051436360677083334,0.17499593098958333,0.051436360677083334,0,idle,35.100135814293914,426.82739703765617,41.101408285872374,421.64289374152327,0.04,0.045
1791329415.1628559,40,421.1452451090237,-197.7920183931874,-17.79201839318739,0.0,0.0,0.17499593098958333,0.23948567708333332,0.17499593098958333,0.23948567708333332,0,idle,36.68105300006788,421.8280841535954,40.88039052158215,421.6521532621269,0.04,0.045
1791329415.180436,40,421.14461943161336,-197.7920861617998,-17.792086161799787,0.0,0.0,0.17499593098958333,0.31565755208333335,0.17499593098958333,0.31565755208333335,0,idle,55.39180167501404,427.32575730054236,41.605961079253746,421.9358334640477,0.04,0.045
1791329415.195947,40,421.1436517063026,-197.7921909860274,-17.79219098602741,0.0,0.0,0.17499593098958333,0.39234822591145835,0.17499593098958333,0.39234822591145835,0,idle,41.67098439893192,425.75839697790394,41.60921224523766,422.1269616397405,0.04,0.045
1791329415.2135732,40,421.1421049628368,-197.79235854002187,-17.792358540021866,0.0,0.0,0.17499593098958333,0.5134724934895833,0.17499593098958333,0.5134724934895833,0,idle,44.80005664738986,406.3779955883443,41.76875446534527,421.3395133371707,0.04,0.045
1791329415.230252,40,421.1395662963363,-197.79263356070473,-17.792633560704726,0.0,0.0,0.17499593098958333,0.6756123860677083,0.17499593098958333,0.6756123860677083,0,idle,37.683949731647594,396.53557334272716,41.564514228660386,420.0993163374485,0.04,0.045
1791329415.245933,40,421.1353661888336,-197.79308859106553,-17.793088591065533,0.0,0.0,0.17499593098958333,0.8758382161458333,0.17499593098958333,0.8758382161458333,0,idle,28.896143270287368,435.56007083602316,40.931095680741734,420.8723540623772,0.04,0.045
1791329415.263762,40,421.1288957213196,-197.79378961624727,-17.793789616247253,0.0,0.0,0.17499593098958333,1.0101765950520833,0.17499593098958333,1.0101765950520833,0,idle,22.575182043629667,414.2382299212554,40.01329999888613,420.54064785532114,0.04,0.045
1791329415.280509,40,421.120111269312,-197.7947413791836,-17.794741379183588,0.0,0.0,0.17499593098958333,1.0101765950520833,0.17499593098958333,1.0101765950520833,0,idle,36.13319615311154,416.08074692761244,39.819294806597405,420.3176528089357,0.04,0.045
1791329415.2970612,40,421.10908238380966,-197.79593635857077,-17.795936358570767,0.0,0.0,0.17499593098958333,1.0101765950520833,0.17499593098958333,1.0101765950520833,0,idle,41.67084145042861,434.9694657181179,39.911872138788965,421.0502434543948,0.04,0.045
1791329415.3140411,40,421.09594522633193,-197.79735981328514,-17.797359813285127,0.0,0.0,0.17499593098958333,1.0101765950520833,0.17499593098958333,1.0101765950520833,0,idle,4.532357146418761,429.8389742436744,38.14289638917045,421.4896799938588,0.04,0.045
1791329415.330594,40,421.0808711986619,-197.79899318124285,-17.798993181242857,0.0,0.0,0.17499593098958333,1.0101765950520833,0.17499593098958333,1.0101765950520833,0,idle,49.11196599079817,394.73409140390294,38.69134986925184,420.151900564361,0.04,0.045
1791329415.3471491,40,421.06404621013587,-197.80081632603742,-17.800816326037413,0.0,0.0,0.17499593098958333,1.0101765950520833,0.17499593098958333,1.0101765950520833,0,idle,51.61256629119501,409.29429924468224,39.337410690348996,419.60902049837705,0.04,0.045
1791329415.3645282,40,421.04565734094666,-197.80280898235011,-17.802808982350104,0.0,0.0,0.17499593098958333,1.0101765950520833,0.17499593098958333,1.0101765950520833,0,idle,25.93684379295867,413.9776330609302,38.66738234547948,419.3274511265047,0.04,0.045
1791329415.381126,40,421.02588460282186,-197.80495164907856,-17.804951649078557,0.0,0.0,0.17499593098958333,1.0101765950520833,0.17499593098958333,1.0101765950520833,0,idle,49.96458618683049,410.4019612638513,39.23224253754703,418.88117663337204,0.04,0.045
1791329415.398252,40,421.0048961731907,-197.80722610608038,-17.807226106080382,0.0,0.0,0.17499593098958333,1.0101765950520833,0.17499593098958333,1.0101765950520833,0,idle,30.818830769536483,419.55595018032994,38.811571949146504,418.91491531071995,0.04,0.045
1791329415.41534,40,420.9828459609469,-197.80961567823607,-17.80961567823607,0.0,0.0,0.17499593098958333,1.0101765950520833,0.17499593098958333,1.0101765950520833,0,idle,43.10128428500969,420.199749544891,39.02605756593967,418.9791570224285,0.04,0.045
1791329415.4319732,40,420.9598727054632,-197.81210533332833,-17.812105333328322,0.0,0.0,0.17499593098958333,1.0101765950520833,0.17499593098958333,1.0101765950520833,0,idle,13.863993328686277,436.2554751957767,37.767954354077,419.8429729310959,0.04,0.045
1791329415.449597,40,420.9361000547355,-197.8146816737805,-17.814681673780505,0.0,0.0,0.17499593098958333,1.0101765950520833,0.17499593098958333,1.0101765950520833,0,idle,45.6584654942452,428.78979888299205,38.162479911085406,420.2903142286907,0.04,0.045
1791329415.466409,40,420.9116372415902,-197.8173328635499,-17.817332863549897,0.0,0.0,0.17499593098958333,1.0101765950520833,0.17499593098958333,1.0101765950520833,0,idle,59.79533652735963,420.92090079143543,39.24412274189912,420.32184355682796,0.04,0.045
1791329415.482639,40,420.88658009903196,-197.8200485182375,-17.82004851823751,0.0,0.0,0.17499593098958333,1.0101765950520833,0.17499593098958333,1.0101765950520833,0,idle,31.705990913923582,432.87162803591775,38.86721615050034,420.94933278078247,0.04,0.045
1791329415.499393,40,420.8610122416003,-197.8228195771805,-17.82281957718051,0.0,0.0,0.17499593098958333,1.0101765950520833,0.17499593098958333,1.0101765950520833,0,idle,39.137039326324654,427.9349168877047,38.88070730929156,421.2986119861286,0.04,0.045
1791329415.516165,40,420.83500629949924,-197.82563816980223,-17.82563816980224,0.0,0.0,0.17499593098958333,1.0101765950520833,0.17499593098958333,1.0101765950520833,0,idle,29.626752864880867,429.3991074706356,38.418009587071026,421.70363676035396,0.04,0.045
1791329415.533838,40,420.80862513376206,-197.82849748399863,-17.828497483998635,0.0,0.0,0.17499593098958333,1.0101765950520833,0.17499593098958333,1.0101765950520833,0,idle,49.15361229042402,418.2216503200821,38.95478972223867,421.52953743834036,0.04,0.045
1791329415.550248,40,420.7819229891834,-197.83139164125268,-17.83139164125268,0.0,0.0,0.17499593098958333,1.0101765950520833,0.17499593098958333,1.0101765950520833,0,idle,52.35047479691124,396.82324188260804,39.624573975972304,420.2942226605537,0.04,0.045
1791329415.567046,40,420.7549465610387,-197.834315581079,-17.83431558107901,0.0,0.0,0.17499593098958333,1.0101765950520833,0.17499593098958333,1.0101765950520833,0,idle,51.33439982017393,410.45293876663646,40.21006526818238,419.8021584658579,0.04,0.045
1791329415.584061,40,420.72880480637747,-197.83714910166694,-17.837149101666945,0.0,0.0,0.17499593098958333,0.8797749837239583,0.17499593098958333,0.8797749837239583,0,idle,37.18542609419078,416.5313703892282,40.0588333094828,419.6386190620264,0.04,0.045
1791329415.6016169,40,420.7067048289569,-197.8395445672866,-17.83954456728659,0.0,0.0,0.17499593098958333,0.44752400716145835,0.17499593098958333,0.44752400716145835,0,idle,32.45626096326184,423.8964657643252,39.67870469217175,419.85151139714134,0.04,0.045
1791329415.6181178,40,420.69035040543844,-197.84131727940397,-17.841317279403963,0.0,0.0,0.17499593098958333,0.060713704427083334,0.17499593098958333,0.060713704427083334,0,idle,37.99983500221621,422.86231870338,39.59476120767397,420.0020517624533,0.04,0.045
1791329415.6356459,40,420.67853441946414,-197.84259806525344,-17.842598065253426,0.0,0.0,0.17499593098958333,0.010420735677083333,0.17499593098958333,0.010420735677083333,0,idle,62.60816221484762,425.0429597781389,40.74543125803265,420.25409716323753,0.04,0.045
1791329415.652249,40,420.6699974139802,-197.84352343385547,-17.84352343385546,0.0,0.0,0.17499593098958333,0.010420735677083333,0.17499593098958333,0.010420735677083333,0,idle,51.1094140417071,425.17093047478477,41.263630397216374,420.4999388288149,0.04,0.045
1791329415.668493,40,420.663829450687,-197.84419201317758,-17.844192013177558,0.0,0.0,0.17499593098958333,0.010420735677083333,0.17499593098958333,0.010420735677083333,0,idle,26.73556089369466,430.61080541364026,40.53722692204029,421.00548215805617,0.04,0.045
1791329415.684393,40,420.6593731093024,-197.84467506204925,-17.844675062049255,0.0,0.0,0.17499593098958333,-0.0061503092447916675,0.17499593098958333,-0.0061503092447916675,0,idle,49.8991064453375,422.76642834284127,41.00532089820515,421.0935294672954,0.04,0.045
1791329415.7010539,40,420.65615340896574,-197.8450240650503,-17.8450240650503,0.0,0.0,0.17499593098958333,-0.038865152994791666,0.17499593098958333,-0.038865152994791666,0,idle,35.51373416602833,416.1465091014218,40.73074156159631,420.84617844900174,0.04,0.045
1791329415.718786,40,420.6540358005305,-197.8452536059762,-17.845253605976207,0.0,0.0,0.17499593098958333,-0.08821207682291667,0.17499593098958333,-0.08821207682291667,0,idle,41.92472872491773,424.2316965285501,40.79044091976238,421.01545435297913,0.04,0.045
1791329415.7355678,40,420.65272426226164,-197.84539577204586,-17.845395772045872,0.0,0.0,0.17499593098958333,-0.11555582682291667,0.17499593098958333,-0.11555582682291667,0,idle,36.435401856517686,427.8016658674181,40.57268896660015,421.35476492870106,0.04,0.045
1791329415.7527318,40,420.6519467889218,-197.84548004745065,-17.845480047450636,0.0,0.0,0.17499593098958333,-0.11555582682291667,0.17499593098958333,-0.11555582682291667,0,idle,31.029220175643616,434.22220336972373,40.09551552705232,421.9981368507522,0.04,0.045
1791329415.7693892,40,420.6515135953696,-197.84552700415023,-17.845527004150213,0.0,0.0,0.17499593098958333,-0.11506754557291667,0.17499593098958333,-0.11506754557291667,0,idle,19.304128538001063,416.99279154732795,39.05594617759976,421.747869585581,0.04,0.045
1791329415.78647,40,420.6512006130878,-197.84556093037392,-17.845560930373924,0.0,0.0,0.17499593098958333,0.010420735677083333,0.17499593098958333,0.010420735677083333,0,idle,47.02048550639816,416.0167010474756,39.45417314403968,421.4613111586757,0.04,0.045
1791329415.803683,40,420.6509744834203,-197.84558544207562,-17.84558544207563,0.0,0.0,0.17499593098958333,0.010420735677083333,0.17499593098958333,0.010420735677083333,0,idle,33.51701617216534,405.8083601294089,39.15731529544596,420.67866360721234,0.04,0.045
1791329415.820483,40,420.6508111047518,-197.8456031517832,-17.84560315178319,0.0,0.0,0.17499593098958333,0.010420735677083333,0.17499593098958333,0.010420735677083333,0,idle,50.395909688882064,430.1651610301349,39.719245015117764,421.15298847835845,0.04,0.045
1791329415.837445,40,420.65069306367235,-197.84561594704883,-17.84561594704882,0.0,0.0,0.17499593098958333,0.010420735677083333,0.17499593098958333,0.010420735677083333,0,idle,44.80407732672583,424.76773398075966,39.97348663069817,421.3337257534785,0.04,0.045
1791329415.853769,40,420.65060777899686,-197.8456251916294,-17.84562519162942,0.0,0.0,0.17499593098958333,-0.010056559244791667,0.17499593098958333,-0.010056559244791667,0,idle,39.530830255925565,413.9091215330094,39.951353811959535,420.9624955424551,0.04,0.045
1791329415.870713,40,420.6505743332962,-197.8456288170347,-17.845628817034694,0.0,0.0,0.17499593098958333,-0.08235270182291667,0.17499593098958333,-0.08235270182291667,0,idle,22.558949647162812,418.45343905269226,39.0817336037197,420.83704271796694,0.04,0.045
1791329415.887775,40,420.6505737830286,-197.84562887668193,-17.845628876681925,0.0,0.0,0.17499593098958333,-0.16633707682291668,0.17499593098958333,-0.16633707682291668,0,idle,37.980209485113285,417.5181304348781,39.02665739778938,420.6710971038125,0.04,0.045
1791329415.904719,40.00001171178562,420.65061016141783,-197.84562493338214,162.1543750666179,1.1711785621248654e-05,3.637838922595626e-05,0.17499593098958333,-0.26548868815104165,0.17499593098958333,-0.26548868815104165,0,idle,26.3097062302095,406.54911905689056,38.39082096560672,419.96503276093614,0.04,0.045
1791329415.921752,40.00013223121403,420.65098451183434,-197.84558731248737,162.15440994558736,0.00012051942841495942,0.0003743504165262229,0.17499593098958333,-0.49894816080729165,0.17499593098958333,-0.49894816080729165,0,idle,37.999806943650476,413.43421877528067,38.3713847579659,419.63884769454904,0.04,0.045
1791329415.938839,40.00064495229818,420.65257710752604,-197.8454451141699,162.1545293339228,0.0005127210841493223,0.0015925956917217142,0.17499593098958333,-0.6444864908854167,0.17499593098958333,-0.6444864908854167,0,idle,28.2168647757573,414.30768754182947,37.86414584388541,419.3738026528202,0.04,0.045
1791329415.954498,40.002146224185346,420.6572403873186,-197.84506910499312,162.15482803947052,0.0015012718871643144,0.004663279792594481,0.17499593098958333,-0.8061381022135417,0.17499593098958333,-0.8061381022135417,0,idle,33.53992174845408,433.92915256417956,37.64936084740665,420.1060002641911,0.04,0.045
1791329415.97185,40.005708010226286,420.66830449394814,-197.84424891110845,162.15545930394742,0.003561786040941807,0.011064106629534743,0.17499593098958333,-0.9897928873697917,0.17499593098958333,-0.9897928873697917,0,idle,42.03039155039974,406.83967816391805,37.871796079295194,419.4531950604755,0.04,0.045
1791329415.988461,40.01281135501976,420.6903713443735,-197.8427564445848,162.15657259632076,0.0071033447934716965,0.022066850425324698,0.17499593098958333,-0.9897928873697917,0.17499593098958333,-0.9897928873697917,0,idle,54.88914792760674,412.6320421537723,38.72941184926457,419.1331009230444,0.04,0.045
1791329416.005579,40.025240784099786,420.7289879520406,-197.84036458061158,162.15832275508853,0.012429429080028363,0.03861660766711621,0.17499593098958333,-0.9897928873697917,0.17499593098958333,-0.9897928873697917,0,idle,33.66735788434904,416.80808927351893,38.48811710864482,419.0535361178519,0.04,0.045
1791329416.022112,40.044971007396114,420.7902964980097,-197.83685854059595,162.1608650475072,0.019730223296326288,0.06130854596908422,0.17499593098958333,-0.9897928873697917,0.17499593098958333,-0.9897928873697917,0,idle,62.53518282380616,425.2661513919908,39.709214106534404,419.4224100002295,0.04,0.045
1791329416.039577,40.074062529728955,420.88071266058915,-197.83204232288395,162.16435062854563,0.029091522332842453,0.09041616257945209,0.17499593098958333,-0.9897928873697917,0.17499593098958333,-0.9897928873697917,0,idle,50.27074804013705,438.92100076503976,40.26492774943073,420.4832348929205,0.04,0.045
1791329416.056095,40.11457376696238,421.00665565737296,-197.82574182534447,162.16892346776257,0.040511237233426936,0.12594299678379584,0.17499593098958333,-0.9897928873697917,0.17499593098958333,-0.9897928873697917,0,idle,42.06301280635975,414.84139260476826,40.39331767764894,420.3207886254575,0.04,0.045
1791329416.073629,40.16849198284706,421.1743369966157,-197.8178058072676,162.1747183643163,0.05391821588467727,0.16768133924273274,0.17499593098958333,-0.9897928873697917,0.17499593098958333,-0.9897928873697917,0,idle,27.415098450186896,412.24837105493464,39.79562902136628,420.076465019212,0.04,0.045
1791329416.090265,40.237682439420034,421.38960584975547,-197.80810548517653,162.18185973067693,0.06919045657297897,0.21526885313975483,0.17499593098958333,-0.9897928873697917,0.17499593098958333,-0.9897928873697917,0,idle,49.05200040881584,441.7002405377085,40.32417852448309,421.3621592056196,0.04,0.045
1791329416.1070862,40.323853696808996,421.65784444961474,-197.79653330738165,162.1904609295842,0.08617125738896118,0.26823859985928483,0.17499593098958333,-0.9897928873697917,0.17499593098958333,-0.9897928873697917,0,idle,33.619863592578504,443.41411130583225,40.07082547240737,422.71958348049657,0.04,0.045
1791329416.124137,40.42853642246744,421.98390516459233,-197.78300127603822,162.2006240140366,0.10468272565844489,0.32606071497758315,0.17499593098958333,-0.9897928873697917,0.17499593098958333,-0.9897928873697917,0,idle,50.803654966480536,434.44201524472885,40.70691553648655,423.6154627479369,0.04,0.045
1791329416.141118,40.55307300030394,422.37208072406844,-197.76743906199027,162.21243976167563,0.12453657783650046,0.38817555947609783,0.17499593098958333,-0.9897928873697917,0.17499593098958333,-0.9897928873697917,0,idle,46.66417910630696,418.13614986505587,41.123088463922244,423.71026388529515,0.04,0.045
1791329416.1580539,40.69861543059323,422.82609973365004,-197.74979207164455,162.22598792311186,0.14554243028928657,0.45401900958159797,0.17499593098958333,-0.9897928873697917,0.17499593098958333,-0.9897928873697917,0,idle,47.26959841271082,411.46828502316987,41.5686792701365,423.5294830012914,0.04,0.045
1791329416.175839,40.866129336789975,423.3491406656158,-197.73001956565008,162.24133762367055,0.16751390619674542,0.5230409319657331,0.17499593098958333,-0.9897928873697917,0.17499593098958333,-0.9897928873697917,0,idle,18.371881715066014,421.4025956712602,40.56797760326988,423.9200275201573,0.04,0.045
1791329416.192397,41.056402259329495,423.9438586704579,-197.70809288848565,162.25854787249972,0.1902729225395171,0.594718004842144,0.17499593098958333,-0.9897928873697917,0.17499593098958333,-0.9897928873697917,0,idle,40.2619884493961,428.5218216123666,40.73343742198874,424.71509932936783,0.04,0.045
1791329416.2092092,41.270054770867205,424.61242067899525,-197.6839938406195,162.27766814367666,0.213652511537712,0.668562008537334,0.17499593098958333,-0.9897928873697917,0.17499593098958333,-0.9897928873697917,0,idle,33.624336166551664,428.0660998944433,40.58095224517771,425.5177832657321,0.04,0.045
1791329416.226449,41.50756394241105,425.35654187633753,-197.66023329337528,162.29791725184822,0.23750917154384632,0.7441211973422657,0.11765340169270833,-0.9897928873697917,0.11765340169270833,-0.9897928873697917,0,idle,28.633234234910056,442.2959012044001,40.20920005763099,427.06360430014064,0.04,0.045
1791329416.243288,41.76929910177031,426.177520660321,-197.6416403921851,162.31726724314814,0.2617351593592523,0.8209787839835019,0.03775838216145833,-0.9897928873697917,0.03775838216145833,-0.9897928873697917,0,idle,50.879331650900355,420.3297139090188,40.99135503868575,427.50683962536885,0.04,0.045
1791329416.2605062,42.0555385704705,427.076279905504,-197.62891513918652,162.33421129083456,0.2862394687001925,0.8987592451829747,-0.04964396158854167,-0.9897928873697917,-0.04964396158854167,-0.9897928873697917,0,idle,43.94809452833197,418.90693091262506,41.411119508433245,427.9306654726555,0.04,0.045
1791329416.277429,42.36648871354042,428.05340621054773,-197.62322762660276,162.34740950877546,0.31095014306991625,0.9771263050437108,-0.15331217447916667,-0.9897928873697917,-0.15331217447916667,-0.9897928873697917,0,idle,48.41735253537922,423.49971086462057,42.05683379569697,428.6373877320453,0.04,0.045
1791329416.294388,42.70228467913965,429.10919266485786,-197.62259843355648,162.3565823560112,0.3357959655992282,1.0557864543101234,-0.2563700358072917,-0.9897928873697917,-0.2563700358072917,-0.9897928873697917,0,idle,41.51978085678793,422.78785419437315,42.348987316070776,429.3479081867563,0.04,0.045
1791329416.31133,43.06298322454087,430.2436812035516,-197.6238495319308,162.36249204995448,0.36069854540122065,1.1344885386937205,-0.3472819010416667,-0.9897928873697917,-0.3472819010416667,-0.9897928873697917,0,idle,52.524411311551106,414.35846509975903,43.20042213397595,429.6762001441655,0.04,0.045
1791329416.327724,43.44862665821066,431.4566791064483,-197.6351617398184,162.36319248716498,0.38564343366978293,1.2129979028967126,-0.4445414225260417,-0.9897928873697917,-0.4445414225260417,-0.9897928873697917,0,idle,35.11569166975718,457.06906086879303,43.16254687275131,432.1981911881487,0.04,0.045
1791329416.344804,43.859423085820254,432.7477349764527,-197.68269610123886,162.34963706775014,0.41079642760959667,1.2910558700043906,-0.7190165201822917,-0.9897928873697917,-0.7190165201822917,-0.9897928873697917,0,idle,36.61852979831853,446.1367066321407,43.22560262525879,434.1216200368525,0.04,0.045
1791329416.3616982,44.2959674457857,434.11609720118963,-197.7998066879448,162.30591818453172,0.4365443599654444,1.3683622247369547,-0.8533548990885417,-0.9897928873697917,-0.8533548990885417,-0.9897928873697917,0,idle,12.041963228754945,456.4722876537802,42.08113779740077,436.539097531199,0.04,0.045
1791329416.378459,44.759479205030864,435.5606599907254,-198.02384242027014,162.21030621168543,0.4635117592451622,1.4445627895357562,-0.9616312662760417,-0.9897928873697917,-0.9616312662760417,-0.9897928873697917,0,idle,44.61119496987329,443.62855423576195,42.6479768273073,438.26590501648616,0.04,0.045
1791329416.3953762,45.25196156760132,437.0799236020328,-198.38382628876346,162.03945235718322,0.4924823625704582,1.5192636113074063,-1.0108561197916666,-0.9897928873697917,-1.0108561197916666,-0.9897928873697917,0,idle,42.03887452250035,425.0074351168242,43.08537995650889,439.04628195224507,0.04,0.045
1791329416.4122381,45.77622486785561,438.6719851674891,-198.89288046744332,161.77336945249408,0.524263300254292,1.5920615654562684,-1.0108561197916666,-0.9897928873697917,-1.0108561197916666,-0.9897928873697917,0,idle,58.53203004224595,438.4497711034505,44.355762596037316,440.5289148969888,0.04,0.045
1791329416.429121,46.33585725395755,440.33453328281183,-199.55753828978612,161.39618841881233,0.5596323861019383,1.6625481153227533,-1.0108561197916666,-0.9897928873697917,-1.0108561197916666,-0.9897928873697917,0,idle,51.88091999364462,469.3741916384711,45.26367123271452,443.55059944361955,0.04,0.045
1791329416.4466739,46.93515917402461,442.0648422104141,-200.3795453964684,160.8961937830769,0.5993019200670641,1.730308927602271,-1.0108561197916666,-0.9897928873697917,-1.0108561197916666,-0.9897928873697917,0,idle,63.50993680950271,451.2298282729316,46.74532133561764,445.5783543663073,0.04,0.045
1791329416.462431,47.57905425656783,443.85976382619424,-201.35723599563678,160.2654862359822,0.6438950825432148,1.7949216157801524,-1.0108561197916666,-0.9897928873697917,-1.0108561197916666,-0.9897928873697917,0,idle,51.90486343776543,451.52407236796296,47.61499876914108,447.5808158013812,0.04,0.045
1791329416.47897,48.27298602375812,445.7157169957607,-202.4865808425903,159.49947695418436,0.6939317671902958,1.8559531695664675,-1.0108561197916666,-0.9897928873697917,-1.0108561197916666,-0.9897928873697917,0,idle,47.634845580705154,429.72415446365954,48.275226288550066,448.4511382455833,0.04,0.045
1791329416.496465,49.02280738042341,447.62867501762037,-203.7619821804441,158.59633125882868,0.7498213566652892,1.9129580218596567,-1.0108561197916666,-0.9897928873697917,-1.0108561197916666,-0.9897928873697917,0,idle,68.68747533900488,444.38692426939673,50.00816902990483,450.06523766754066,0.04,0.045
1791329416.513056,49.83466786882816,449.59415225882077,-205.17687288037763,157.5564265415356,0.8118604884047558,1.9654772412004082,-1.0108561197916666,-0.9897928873697917,-1.0108561197916666,-0.9897928873697917,0,idle,21.195175906606572,449.2413437764154,49.338786837724435,451.89124635212477,0.04,0.045
1791329416.53088,50.71490216779233,451.60719127171035,-206.72416335120417,156.38185781920885,0.8802342989641703,2.013039012889566,-1.0108561197916666,-0.9897928873697917,-1.0108561197916666,-0.9897928873697917,0,idle,62.379194200042946,458.8727471599433,50.82702978985632,454.1527084547608,0.04,0.045
1791329416.5482628,51.66992216006248,453.6623516363397,-208.39656979831986,155.0760055534895,0.9550199922701477,2.055160364629355,-1.0108561197916666,-0.9897928873697917,-1.0108561197916666,-0.9897928873697917,0,idle,50.174782592909445,463.64480910897237,51.70168642266561,456.5797158338692,0.04,0.045
1791329416.5659258,52.70611402474319,455.75370161244723,-210.18685011078063,153.64316948469195,1.0361918646807065,2.0913499761075554,-1.0108561197916666,-0.9897928873697917,-1.0108561197916666,-0.9897928873697917,0,idle,62.049323789264214,450.4571184234562,53.203450562442214,458.2603684406507,0.04,0.045
1791329416.583283,53.829741175038194,457.8748134730507,-212.08796819721704,152.0882661354659,1.12362715029501,2.121111860603514,-1.0108561197916666,-0.9897928873697917,-1.0108561197916666,-0.9897928873697917,0,idle,55.712106910101376,473.31200566169406,54.39632917260543,461.0280065692762,0.04,0.045
1791329416.6003551,55.046853408358196,460.01876317140835,-214.09320338117516,150.4165844681433,1.2171122333199984,2.143949698357606,-1.0108561197916666,-0.9897928873697917,-1.0108561197916666,-0.9897928873697917,0,idle,60.73223394318609,446.77460521989667,55.86938103278846,462.35208871524696,0.04,0.045
1791329416.61742,56.36320232681794,462.178134790106,-216.19621812347538,148.63359277734267,1.3163489184597434,2.159371618697657,-1.0108561197916666,-0.9897928873697917,-1.0108561197916666,-0.9897928873697917,0,idle,62.262633617406806,479.1233334054346,57.43957513455614,465.2420539875191,0.04,0.045
1791329416.6345558,57.78416288873331,464.3450300480878,-218.39109463068206,146.7447895472073,1.4209605619153731,2.166895257981753,-1.0108561197916666,-0.9897928873697917,-1.0108561197916666,-0.9897928873697917,0,idle,51.5988498192886,466.50727771244976,58.49745140261236,467.36386566884835,0.04,0.045
1791329416.651802,59.31466083910906,466.51108300266804,-220.67234869248074,144.7555912514041,1.5304979503757457,2.1660529545802523,-1.0108561197916666,-0.9897928873697917,-1.0108561197916666,-0.9897928873697917,0,idle,63.12330961862938,478.17065700272593,60.182717366270175,469.96195554239347,0.04,0.045
1791329416.668949,60.95910571737706,468.66747997759364,-223.03492727479718,142.6712506433381,1.6444448782679952,2.1563969749256233,-1.0108561197916666,-0.9897928873697917,-1.0108561197916666,-0.9897928873697917,0,idle,62.780728065322755,472.4380008061944,61.8748405355774,472.13433493176285,0.04,0.045
1791329416.6850529,62.721329136142664,470.8049846706889,-225.47419491448406,140.49679980057766,1.762223418765608,2.1375046930952792,-1.0108561197916666,-0.9897928873697917,-1.0108561197916666,-0.9897928873697917,0,idle,72.7321093362092,497.5202652743999,64.09181622343631,475.4342609073352,0.04,0.045
1791329416.702842,64.60452805138128,472.91396833984936,-227.9859127636304,138.23701294611507,1.8831989152386195,2.108983669160459,-1.0108561197916666,-0.9897928873697917,-1.0108561197916666,-0.9897928873697917,0,idle,45.157649391316795,469.98424566855977,64.93414685130702,477.1652946310989,0.04,0.045
1791329416.719852,66.61121279140148,474.98444492829924,-230.56621317291882,135.89638480826412,2.0066847400202112,2.070476588449877,-1.0108561197916666,-0.9897928873697917,-1.0108561197916666,-0.9897928873697917,0,idle,55.5451995774229,475.3775478113415,66.371049990632,479.0428600491384,0.04,0.045
1791329416.736076,68.74315967047988,477.0061109637176,-233.21157194501296,133.47912096687392,2.1319468790784044,2.0216660354183946,-1.0108561197916666,-0.9897928873697917,-1.0108561197916666,-0.9897928873697917,0,idle,61.35307744996672,478.115146269317,68.14550089872321,480.9170570937948,0.04,0.045
1791329416.753011,71.0013680769574,478.9683900465118,-235.91877979612747,130.989137249692,2.258208406477527,1.9622790827941896,-1.0108561197916666,-0.9897928873697917,-1.0108561197916666,-0.9897928873697917,0,idle,75.78417244445973,489.9344373548478,70.67273246216368,483.2320912355019,0.04,0.045
1791329416.770127,73.3860219900011,480.860481726551,-238.6849141063317,128.43006578345697,2.3846539130436923,1.8920916800391816,-1.0108561197916666,-0.9897928873697917,-1.0108561197916666,-0.9897928873697917,0,idle,68.02038577267128,496.99334790619383,72.80553634508057,485.71764116507376,0.04,0.045
1791329416.787233,75.89645594072054,482.6714145523699,-241.50731169052457,125.80526577038351,2.510433950719448,1.8109328258189366,-1.0108561197916666,-0.9897928873697917,-1.0108561197916666,-0.9897928873697917,0,idle,59.19476852000592,495.9665388081876,74.50991020701031,487.95047223175743,0.04,0.045
1791329416.804364,78.53111956468804,484.39011541689706,-244.38260140050795,123.11808491763402,2.634663623967501,1.7187008645271467,-1.0108561197916666,-0.9897928873697917,-1.0108561197916666,-0.9897928873697917,0,idle,89.31125056375379,493.27729614761455,77.7529076676166,489.84957924885106,0.04,0.045
1791329416.8215349,81.28750524299959,486.0055896399029,-247.29967386418156,120.37389565134406,2.756385678311542,1.615474223005846,-1.0108561197916666,-0.9897928873697917,-1.0108561197916666,-0.9897928873697917,0,idle,62.07814780521436,490.2724776122389,79.58773606889245,491.405424678876,0.04,0.045
1791329416.838206,84.16216653288312,487.5069490211628,-250.2576988027331,117.57687186035444,2.874661289883528,1.5013593812599084,-1.0108561197916666,-0.9897928873697917,-1.0108561197916666,-0.9897928873697917,0,idle,76.23858545545536,487.30778168963815,82.15120676360996,492.62683394161104,0.04,0.045
1791329416.855196,87.15073070214406,488.8834502548569,-253.2558617366017,114.73030038502021,2.9885641692609433,1.376501233694068,-1.0108561197916666,-0.9897928873697917,-1.0108561197916666,-0.9897928873697917,0,idle,90.51106622395132,505.0398244256508,85.40833569742492,494.5551596378224,0.04,0.045
1791329416.872756,90.24790824421214,490.1245416295645,-256.2933637904099,111.83681037139654,3.0971775420680796,1.2410913747075834,-1.0108561197916666,-0.9897928873697917,-1.0108561197916666,-0.9897928873697917,0,idle,115.47587802407452,501.6070007269812,89.85403147872208,496.08678849825253,0.04,0.045
1791329416.889243,93.4475016032457,491.2199163475613,-259.3694214836682,108.89854237003857,3.199593359033554,1.0953747179968332,-1.0108561197916666,-0.9897928873697917,-1.0108561197916666,-0.9897928873697917,0,idle,109.84357618021109,485.3090283957462,93.89312240487841,496.5885064752242,0.04,0.045
1791329416.9067361,96.74241484521963,492.15957109529484,-262.48326651025366,105.91727311144446,3.294913241973929,0.9396547477335364,-1.0108561197916666,-0.9897928873697917,-1.0108561197916666,-0.9897928873697917,0,idle,97.9577906358437,486.06972159709983,97.22652339630191,496.95523924166486,0.04,0.045
1791329416.922893,100.12466563171947,492.9338687123031,-265.6341455091971,102.89450761792003,3.382250786499834,0.7742976170082666,-1.0108561197916666,-0.9897928873697917,-1.0108561197916666,-0.9897928873697917,0,idle,102.49355912352968,485.2115859180511,100.70301342983815,497.103639311642,0.04,0.045
1791329416.940533,103.58540055874056,493.53360395986,-268.8213198289165,99.83154721589388,3.4607349270210985,0.5997352475569124,-1.0108561197916666,-0.9897928873697917,-1.0108561197916666,-0.9897928873697917,0,idle,113.24157040608915,495.7635730184605,104.61763945932074,497.60638448216196,0.04,0.045
1791329416.9573572,107.11491469104129,493.95007149943103,-272.04406528669824,96.7295397549422,3.5295141323007373,0.4164675395710248,-1.0108561197916666,-0.9897928873697917,-1.0108561197916666,-0.9897928873697917,0,idle,95.50270423349212,483.89516357217184,107.514931123715,497.31646759925496,0.04,0.045
1791329416.974872,110.7026759370059,494.17513526682194,-275.3016719249392,93.58951668537314,3.5877612459646184,0.2250637673908831,-1.0108561197916666,-0.9897928873697917,-1.0108561197916666,-0.9897928873697917,0,idle,94.57787356760736,513.1409825018645,110.276451429576,498.3215039234068,0.04,0.045
1791329416.991597,114.33735475722382,494.2012984799547,-278.59344376542333,90.41242042979171,3.6346788202179177,0.02616321313277445,-1.0108561197916666,-0.9897928873697917,-1.0108561197916666,-0.9897928873697917,0,idle,114.21934310542835,478.29415414221285,113.92654089257563,497.34499148682323,0.04,0.045
1791329417.0086348,118.006859572938,494.02177355353905,-281.91869856269585,87.19912458750731,3.669504815714176,-0.17952492641561596,-1.0108561197916666,-0.9897928873697917,-1.0108561197916666,-0.9897928873697917,0,idle,106.26807721309918,490.8005937352437,117.02964728353028,496.8472229191494,0.04,0.045
1791329417.025877,121.69837813138821,493.6305512178778,-285.27676755742715,83.95044884872662,3.6915185584502086,-0.3912223356612455,-1.0108561197916666,-0.9897928873697917,-1.0108561197916666,-0.9897928873697917,0,idle,131.16911243512956,484.22250290959994,121.24356317163794,495.84432569979367,0.04,0.045
1791329417.042103,125.39842498890476,493.02246815574154,-288.6669952305064,80.6671700062325,3.7000468575165604,-0.6080830621362701,-1.0108561197916666,-0.9897928873697917,-1.0108561197916666,-0.9897928873697917,0,idle,139.23932121362878,494.54546122785996,125.65839558837821,495.20170356716756,0.04,0.045
1791329417.058731,129.09289518577935,492.19327248380444,-292.0887390584817,77.35003009037294,3.694470196874592,-0.8291956719371049,-1.0108561197916666,-0.9897928873697917,-1.0108561197916666,-0.9897928873697917,0,idle,114.38902657771051,480.5181488766786,128.6046738248757,493.67978994430285,0.04,0.045
1791329417.07507,132.76712410686193,491.13968641595244,-295.5413692708544,73.999742385409,3.6742289210825807,-1.0535860678520101,-1.0108561197916666,-0.9897928873697917,-1.0108561197916666,-0.9897928873697917,0,idle,139.34945946646846,497.5859753560952,132.63243058198378,492.8741924504331,0.04,0.045
1791329417.093018,136.40595344669222,489.8594654567072,-299.02426860964727,70.61699588709524,3.638829339830285,-1.2802209592452476,-1.0108561197916666,-0.9897928873697917,-1.0108561197916666,-0.9897928873697917,0,idle,129.10791065837975,492.56977955691445,135.91309245864235,491.6427618944742,0.04,0.045
1791329417.111101,139.9938031265444,488.3514534854719,-302.53683209158686,67.20245861471115,3.5878496798521744,-1.5080119712352769,-1.0108561197916666,-0.9897928873697917,-1.0108561197916666,-0.9897928873697917,0,idle,151.38586721240242,499.3274108159516,140.09518839218993,490.59438296787454,0.04,0.045
1791329417.128151,143.51489606418414,486.6158350728638,-306.0645271008925,63.76037349796349,3.5210929376397297,-1.7356184126081249,-0.9291910807291667,-0.9897928873697917,-0.9291910807291667,-0.9897928873697917,0,idle,151.30949777248122,480.42287499855706,144.00094215196225,488.43697007743094,0.04,0.045
1791329417.144641,146.96551551755798,484.6690965575462,-308.5381531000671,60.56958062382024,3.45061945337384,-1.9467385153175811,0.07364705403645833,-0.9897928873697917,0.07364705403645833,-0.9897928873697917,0,idle,142.93280624459422,483.06939252725755,147.225623837299,486.3191896103706,0.04,0.045
1791329417.1614459,150.35043495680256,482.53559945086295,-310.1984966387374,57.77698242859391,3.3849194392445887,-2.1334971066832384,0.17499593098958333,-0.9897928873697917,0.17499593098958333,-0.9897928873697917,0,idle,153.2563508625091,504.31389601202045,150.74283365584185,485.192102679104,0.04,0.045
1791329417.178302,153.67897612345138,480.2416334879638,-311.2976072375158,55.42614258873331,3.3285411666488223,-2.293965962899156,0.17499593098958333,-0.9897928873697917,0.17499593098958333,-0.9897928873697917,0,idle,148.61733235154205,492.48314317096344,153.79867269894325,483.37738703894274,0.04,0.045
1791329417.195266,156.9623194457826,477.812340171909,-312.01033956263956,53.50285229596795,3.2833433223312403,-2.4292933160548085,0.17499593098958333,-0.9897928873697917,0.17499593098958333,-0.9897928873697917,0,idle,165.07797116779804,462.4108699990295,157.48181377860067,480.02123253669504,0.04,0.045
1791329417.212521,160.21180557101937,475.27025948945595,-312.4595138725308,51.96384385042611,3.2494861252367464,-2.5420806824530415,0.17499593098958333,-0.9897928873697917,0.17499593098958333,-0.9897928873697917,0,idle,160.86401807695003,478.54779240401956,160.73793581249305,477.5325838817309,0.04,0.045
1791329417.228519,163.43795547293962,472.63479094895695,-312.7316417829786,50.75432948565461,3.226149901920257,-2.6354685404990033,0.17499593098958333,-0.9897928873697917,0.17499593098958333,-0.9897928873697917,0,idle,143.42936667489494,465.84540656193093,162.93734976243738,474.4445299022668,0.04,0.045
1791329417.245594,166.6499799768442,469.92215687057814,-312.88750098152013,49.81808146410934,3.212024503904599,-2.712634078378839,0.17499593098958333,-0.9897928873697917,0.17499593098958333,-0.9897928873697917,0,idle,133.77940260564688,457.8512014692336,164.53087568330722,471.0378611061553,0.04,0.045
1791329417.26207,169.85560416322758,467.1456260588885,-312.96952808797323,49.102736407004485,3.205624186383377,-2.776530811689609,0.17499593098958333,-0.9897928873697917,0.17499593098958333,-0.9897928873697917,0,idle,154.63702133256982,463.9516771712548,167.08152594283456,468.04584763830513,0.04,0.045
1791329417.279,173.06108174157382,464.3158562223806,-313.007083153849,48.56219446500872,3.20547757834624,-2.8297698365079205,0.17499593098958333,-0.9897928873697917,0.17499593098958333,-0.9897928873697917,0,idle,169.78452131790138,454.2664687663435,170.26187941101682,464.6685973500245,0.04,0.045
1791329417.2966568,176.27131421658632,461.4412735578304,-313.0202268017882,48.15734278457273,3.21023247501249,-2.8745826645501715,0.17499593098958333,-0.9897928873697917,0.17499593098958333,-0.9897928873697917,0,idle,153.77363245210785,462.49692019094607,172.48718791433325,461.8291599607479,0.04,0.045
1791329417.313163,179.49001929159053,458.5284442189563,-313.0224356551248,47.855871212873105,3.218705075004196,-2.9128293388741406,0.17499593098958333,-0.9897928873697917,0.17499593098958333,-0.9897928873697917,0,idle,174.126043439153,444.9381548930601,175.62690051182824,458.2174218354331,0.04,0.045
1791329417.330612,182.7199171062731,455.58241767867173,-313.02231832762493,47.63170100377113,3.229897814682567,-2.9460265402845227,0.17499593098958333,-0.9897928873697917,0.17499593098958333,-0.9897928873697917,0,idle,187.56187969572812,456.4568543777891,179.29205239497168,455.33066824928056,0.04,0.045
1791329417.3471391,185.96299805751096,452.60712169547986,-313.01868455713907,47.46583230220568,3.243080951237861,-2.9752959831918746,0.17499593098958333,-0.9897928873697917,0.17499593098958333,-0.9897928873697917,0,idle,191.80514103435166,453.32130343232507,182.99863373061663,452.4036688244005,0.04,0.045
1791329417.364619,189.2207532633292,449.6056903707653,-313.00816296850417,47.34504515096949,3.2577552058182206,-3.001431324714569,0.17499593098958333,-0.9897928873697917,0.17499593098958333,-0.9897928873697917,0,idle,199.5573883122768,456.4841191366253,186.92143890522695,449.7563315815329,0.04,0.045
1791329417.380276,192.49432766272295,446.5806892088363,-312.98890833315346,47.260004689003885,3.2735743993937563,-3.025001161928965,0.17499593098958333,-0.9897928873697917,0.17499593098958333,-0.9897928873697917,0,idle,179.0029381152883,429.7802704569078,189.6354095451541,445.8837774214691,0.04,0.045
1791329417.397115,195.7846212998667,443.5342696229264,-312.96009879027775,47.20399136854361,3.2902936371437552,-3.0464195859099306,0.17499593098958333,-0.9897928873697917,0.17499593098958333,-0.9897928873697917,0,idle,199.1963111499966,452.01887908316996,193.23923358068276,443.2964338979397,0.04,0.045
1791329417.414711,199.0923561835708,440.4682752861855,-312.92158230689836,47.172052950400335,3.307734883704109,-3.065994336740938,0.17499593098958333,-0.9897928873697917,0.17499593098958333,-0.9897928873697917,0,idle,191.9720138313735,424.5846623797462,196.31822073273622,439.44815070212616,0.04,0.045
1791329417.4314299,202.41812048170146,437.3843157239909,-312.87363006780294,47.16044005124517,3.3257642981306526,-3.083959562194572,0.17499593098958333,-0.9897928873697917,0.17499593098958333,-0.9897928873697917,0,idle,204.68207535604498,461.9681172781806,199.8958895471258,437.644387446844,0.04,0.045
1791329417.448064,205.7623979397717,434.2838176832391,-312.8167662077996,47.16623152900446,3.34427745807021,-3.1004980407517935,0.17499593098958333,-0.9897928873697917,0.17499593098958333,-0.9897928873697917,0,idle,191.9967378958416,426.28734933317594,202.67799554972828,434.1310624024464,0.04,0.045
1791329417.465751,209.12558776717378,431.16806145504466,-312.7516518140463,47.187086368164685,3.363189827402096,-3.1157562281944244,0.17499593098958333,-0.9897928873697917,0.17499593098958333,-0.9897928873697917,0,idle,199.4147874660629,422.7065208257978,205.709865481577,430.5998669068293,0.04,0.045
1791329417.4826298,212.50801843813932,428.03820701593946,-312.6790073052968,47.221079412583975,3.382430670965522,-3.1298544391051757,0.17499593098958333,-0.9897928873697917,0.17499593098958333,-0.9897928873697917,0,idle,236.47240979445698,417.0913920756423,210.46130183463825,426.95108144811996,0.04,0.045
1791329417.499698,215.9099576446055,424.8953132697053,-312.59956177303974,47.2665923505222,3.4019392064661944,-3.1428937462341833,0.17499593098958333,-0.9897928873697917,0.17499593098958333,-0.9897928873697917,0,idle,215.3460429662197,430.81634132355885,213.9373811373602,424.15859538296945,0.04,0.045
1791329417.5168362,219.33161983103273,421.7403525932297,-312.51402111035884,47.32224088322381,3.421662186427229,-3.1549606764756026,0.17499593098958333,-0.9897928873697917,0.17499593098958333,-0.9897928873697917,0,idle,205.7155165356723,426.17171089898085,216.77686698438168,421.2620385161182,0.04,0.045
1791329417.533519,222.77317220888224,418.57422215859697,-312.42304909605417,47.38682544175898,3.4415523778495314,-3.166130434632776,0.17499593098958333,-0.9897928873697917,0.17499593098958333,-0.9897928873697917,0,idle,228.62830564745616,412.1360460236321,220.63891367649245,417.79791497859276,0.04,0.045
1791329417.5505412,226.23473980215948,415.397753010946,-312.32725729050577,47.459297141764395,3.4615675932772447,-3.176469147650937,0.17499593098958333,-0.9897928873697917,0.17499593098958333,-0.9897928873697917,0,idle,224.83970633660903,389.57252657199433,224.13744252311164,413.36899986799443,0.04,0.045
1791329417.567432,229.7164098538991,412.2117175517988,-312.2272008153071,47.53873355710926,3.4816700517396404,-3.186035459147199,0.17499593098958333,-0.9897928873697917,0.17499593098958333,-0.9897928873697917,0,idle,232.0630543745227,412.35689229134954,227.84130966483485,410.29166080297233,0.04,0.045
1791329417.584239,233.21823578471054,409.0168358583142,-312.1233779613325,47.62432081354942,3.501825930811436,-3.1948816934846076,0.17499593098958333,-0.9897928873697917,0.17499593098958333,-0.9897928873697917,0,idle,217.31037623277547,405.45366241731836,230.64149762750276,407.0146232748793,0.04,0.045
1791329417.600974,236.74024080992135,405.8137811243037,-312.0162321944803,47.71533976821254,3.5220050252108073,-3.203054734010501,0.17499593098958333,-0.9897928873697917,0.17499593098958333,-0.9897928873697917,0,idle,229.53395526287878,407.7677616773684,233.93202528322183,404.00937819769376,0.04,0.045
1791329417.6188428,240.2824212721573,402.6031844142314,-311.9061555737462,47.811154865927634,3.5421804622359607,-3.2105967100723034,0.17499593098958333,-0.9897928873697917,0.17499593098958333,-0.9897928873697917,0,idle,239.37294321523257,401.4979813690612,237.56914261894653,400.83374148169344,0.04,0.045
1791329417.6358762,243.84474971849207,399.38563886004715,-311.7934929125211,47.91120479561144,3.562328446334766,-3.217545554184237,0.17499593098958333,-0.9897928873697917,0.17499593098958333,-0.9897928873697917,0,idle,231.75692084082763,398.02650802362183,240.6627435540586,397.6367115323148,0.04,0.045
1791329417.652886,247.4271777370857,396.16170339121794,-311.67854623732154,48.0149944084449,3.582428018593633,-3.2239354688292363,0.17499593098958333,-0.9897928873697917,0.17499593098958333,-0.9897928873697917,0,idle,253.53555737206986,405.34690821564067,244.70969086262312,394.9594826710933,0.04,0.045
1791329417.669916,251.0296385619854,392.9319060630971,-311.56157925478493,48.122087571295694,3.6024608248996923,-3.2297973281208745,0.17499593098958333,-0.9897928873697917,0.17499593098958333,-0.9897928873697917,0,idle,250.057902288321,398.6523403579389,248.3994392175627,392.0758180937208,0.04,0.045
1791329417.686734,254.65204945296296,389.69674703271954,-311.4428216466845,48.23210075852661,3.6224108909775583,-3.2351590303775084,0.17499593098958333,-0.9897928873697917,0.17499593098958333,-0.9897928873697917,0,idle,255.74480361433962,397.7533893161948,252.20799778383022,389.28629557598583,0.04,0.045
1791329417.702604,258.2943138577241,386.4567012208726,-311.3224730876335,48.34469726270513,3.6422644047611423,-3.2400458118469357,0.17499593098958333,-0.9897928873697917,0.17499593098958333,-0.9897928873697917,0,idle,256.11421838286344,394.4490266683251,255.86345999830496,386.4663886093482,0.04,0.045
1791329417.719603,261.9563233652304,383.2122206926744,-311.2007069309381,48.45958194935686,3.662009507506295,-3.244480528198219,0.17499593098958333,-0.9897928873697917,0.17499593098958333,-0.9897928873697917,0,idle,268.4483625440146,381.0340478041096,259.97161415772143,383.112515067298,0.04,0.045
1791329417.736028,265.6379594604759,379.9637367844879,-311.07767354181885,48.57649650550862,3.6816360952454894,-3.248483908186546,0.17499593098958333,-0.9897928873697917,0.17499593098958333,-0.9897928873697917,0,idle,282.59019591942285,365.5257699722006,264.6000975362897,379.1471180997659,0.04,0.045
1791329417.753516,269.3390950924631,376.71166200190925,-310.95350327905334,48.695215144510115,3.7011356319871744,-3.252074782578636,0.17499593098958333,-0.9897928873697917,0.17499593098958333,-0.9897928873697917,0,idle,285.55808407942976,383.6205290576456,269.16407571383456,376.2813176042102,0.04,0.045
1791329417.769207,273.05959606815094,373.45639171124924,-310.8283091396323,48.81554073564703,3.720500975687856,-3.2552702906600093,0.17499593098958333,-0.9897928873697917,0.17499593098958333,-0.9897928873697917,0,idle,288.94108792790877,377.29341130250924,273.6874022514417,373.2394155129981,0.04,0.045
1791329417.786742,276.7993222857534,370.198305645038,-310.70218908886994,48.93730132953097,3.73972621760248,-3.2580860662112454,0.17499593098958333,-0.9897928873697917,0.17499593098958333,-0.9897928873697917,0,idle,256.9883549096552,375.7643420190992,276.40518979107475,370.2704800754025,0.04,0.045
1791329417.802557,280.5581288209722,366.9377692404399,-310.5752281024018,49.06034705105925,3.758806535218744,-3.2605364045981013,0.17499593098958333,-0.9897928873697917,0.17499593098958333,-0.9897928873697917,0,idle,291.89360486674457,361.7492551493859,280.75047675331604,366.74690924473344,0.04,0.045
1791329417.81901,284.33586687961014,363.6751348279569,-310.4474999479429,49.184547331956686,3.7777380586379405,-3.2626344124829663,0.17499593098958333,-0.9897928873697917,0.17499593098958333,-0.9897928873697917,0,idle,296.5419362360221,352.27531400389125,285.1289008831574,362.92382679083255,0.04,0.045
1791329417.836679,288.1323846296017,360.4107426863769,-310.31906873446684,49.30978845511142,3.7965177499915725,-3.264392141580003,0.17499593098958333,-0.9897928873697917,0.17499593098958333,-0.9897928873697917,0,idle,293.8280459374605,356.1739844722895,289.17054999836455,359.4851621404044,0.04,0.045
1791329417.853524,291.9475279248811,357.14492197856384,-310.1899902552421,49.435971383363736,3.815143295279432,-3.2658207078130506,0.17499593098958333,-0.9897928873697917,0.17499593098958333,-0.9897928873697917,0,idle,281.9608968756001,367.90686021778356,292.4344534727418,356.8037173718509,0.04,0.045
1791329417.869937,295.7811409327558,353.87799158138625,-310.06031314934984,49.56300984618491,3.8336130078746895,-3.266930397177578,0.17499593098958333,-0.9897928873697917,0.17499593098958333,-0.9897928873697917,0,idle,298.08751305707926,361.10830003976474,296.3590388094396,353.9153626279279,0.04,0.045
1791329417.886421,299.6330666756113,350.6102608218386,-309.9300799042056,49.690828658786096,3.851925742855465,-3.267730759547628,0.17499593098958333,-0.9897928873697917,0.17499593098958333,-0.9897928873697917,0,idle,303.892573423696,354.5106190784922,300.39504499586513,350.8407812288858,0.04,0.045
1791329417.902802,303.50314749689153,347.3420301302356,-309.79932771940696,49.81936224956727,3.870080821280204,-3.268230691602989,0.17499593098958333,-0.9897928873697917,0.17499593098958333,-0.9897928873697917,0,idle,308.9170970839753,330.58000206154486,304.49772438048683,346.72292311349594,0.04,0.045
1791329417.919584,307.3912254604078,344.07359162025506,-309.66808925005313,49.948553373380534,3.8880779635162432,-3.268438509980546,0.17499593098958333,-0.9897928873697917,0.17499593098958333,-0.9897928873697917,0,idle,312.90757953971683,344.2537714298927,308.6118912037888,343.49444894483423,0.04,0.045
1791329417.936589,311.2971426911564,340.8052296045768,-309.5363932456122,50.078351989766375,3.9059172307486354,-3.268362015678225,0.17499593098958333,-0.9897928873697917,0.17499593098958333,-0.9897928873697917,0,idle,314.6241981174055,345.85955540926415,312.62312791868084,340.5077603531614,0.04,0.045
1791329417.953703,315.22074166498857,337.53722105391495,-309.4042650984819,50.208714287059564,3.923598973832177,-3.268008550661885,0.17499593098958333,-0.9897928873697917,0.17499593098958333,-0.9897928873697917,0,idle,300.95070780773307,331.3338613653231,315.76692593827397,336.94445728064073,0.04,0.045
1791329417.9703941,319.16186545368635,334.2698360063681,-309.27172731463264,50.33960183499856,3.9411237886977517,-3.2673850475468336,0.17499593098958333,-0.9897928873697917,0.17499593098958333,-0.9897928873697917,0,idle,315.2441483923981,352.1654134795925,319.484854660243,334.60148929541884,0.04,0.045
1791329417.987415,323.120357931266,331.00333793322005,-309.138799917133,50.470980850164665,3.958492477579676,-3.266498073148041,0.17499593098958333,-0.9897928873697917,0.17499593098958333,-0.9897928873697917,0,idle,339.515732567192,332.46956971429216,324.24696640929113,331.3917201468719,0.04,0.045
1791329418.004766,327.0960639466561,327.7379840666021,-309.0055007919441,50.60282156019499,3.9757060153900934,-3.2653538666179514,0.17499593098958333,-0.9897928873697917,0.17499593098958333,-0.9897928873697917,0,idle,320.21373152239255,311.38167767211536,327.82222537956676,327.289131849847,0.04,0.045
1791329418.020779,331.08882946728295,324.474025693783,-308.87184598411443,50.73509765423426,3.9927655206268584,-3.2639583728191117,0.17499593098958333,-0.9897928873697917,0.17499593098958333,-0.9897928873697917,0,idle,325.4651239556604,320.8133434772311,331.49749755296693,323.8645819770381,0.04,0.045
1791329418.0375721,335.09850169754367,321.21170842227156,-308.737849951406,50.867785808501296,4.009672230260707,-3.26231727151144,0.17499593098958333,-0.9897928873697917,0.17499593098958333,-0.9897928873697917,0,idle,327.8924117379717,321.3330866068171,335.12643188096484,320.6388058005912,0.04,0.045
1791329418.054657,339.1249291756482,317.95127241940037,-308.60352578141595,51.00086527714147,4.02642747810456,-3.2604360028712125,0.17499593098958333,-0.9897928873697917,0.17499593098958333,-0.9897928873697917,0,idle,332.67840498734637,315.0049701055439,338.8291366404832,317.2596998131112,0.04,0.045
1791329418.0717068,343.16796185186973,314.69295262959923,-308.4688853774178,51.13431753971385,4.043032676221502,-3.258319789801124,0.17499593098958333,-0.9897928873697917,0.17499593098958333,-0.9897928873697917,0,idle,349.1239034297355,341.19484221281607,343.1847560223563,315.36105313278534,0.04,0.045
1791329418.088845,347.2274511508476,311.4369789721612,-308.33393961741535,51.26812599772364,4.059489298977891,-3.2559736574379783,0.17499593098958333,-0.9897928873697917,0.17499593098958333,-0.9897928873697917,0,idle,357.045823313901,315.27342455304927,347.7343242209625,312.26349672923243,0.04,0.045
1791329418.1051772,351.30325002024153,308.1835765219445,-308.1986984902687,51.40227571356292,4.07579886939388,-3.2534024502167638,0.17499593098958333,-0.9897928873697917,0.17499593098958333,-0.9897928873697917,0,idle,353.3670880140515,307.76680682062954,351.88797133654117,308.94792990609636,0.04,0.045
1791329418.121214,355.39521296772676,304.9329656751377,-308.0631712122047,51.53675318606984,4.091962947485244,-3.250610846806724,0.17499593098958333,-0.9897928873697917,0.17499593098958333,-0.9897928873697917,0,idle,340.27887117727425,297.89037030770174,355.1948811286888,305.3069716217102,0.04,0.045
1791329418.1379058,359.5031960880548,301.6853623019413,-307.92736632655226,51.67154615766834,4.107983120327988,-3.247603373196426,0.17499593098958333,-0.9897928873697917,0.17499593098958333,-0.9897928873697917,0,idle,339.8405659485631,317.7646617081225,358.32974933399413,302.8446329214942,0.04,0.045
1791329418.155478,363.62705708166567,298.44097788777094,-307.79129178913627,51.80664344871371,4.123860993610885,-3.244384414170355,0.17499593098958333,-0.9897928873697917,0.17499593098958333,-0.9897928873697917,0,idle,352.61146384883943,302.0059850981534,361.96150300366673,299.72053533686534,0.04,0.045
1791329418.171978,367.7666552661367,295.20001966438195,-307.6549550414134,51.94203481525181,4.139598184471002,-3.2409582233889775,0.17499593098958333,-0.9897928873697917,0.17499593098958333,-0.9897928873697917,0,idle,382.5854945552094,323.6867915195926,366.92532085649134,297.8399378337822,0.04,0.045
1791329418.189449,371.92185158157065,291.9626907321248,-307.51836307313386,52.077710826911215,4.155196315433934,-3.2373289322571157,0.17499593098958333,-0.9897928873697917,0.17499593098958333,-0.9897928873697917,0,idle,388.51957466095,293.4741828160968,371.9524700463765,294.54618759725366,0.04,0.045
1791329418.205879,376.09250859087444,288.7291901743832,-307.3815224760538,52.213662762093236,4.1706570093038104,-3.233500557741626,0.17499593098958333,-0.9897928873697917,0.17499593098958333,-0.9897928873697917,0,idle,367.0021609849006,285.03554427913593,375.6670787521413,290.9988299014932,0.04,0.045
1791329418.223309,380.2784904757433,285.4997131651048,-307.2444394900035,52.34988251801402,4.1859818848688555,-3.229477009278334,0.17499593098958333,-0.9897928873697917,0.17499593098958333,-0.9897928873697917,0,idle,400.59571405078293,299.22576216672167,380.89019330769884,288.3421733559402,0.04,0.045
1791329418.2408068,384.47966302904956,282.27445107021504,-307.1071200424259,52.48636253349063,4.201172553306289,-3.2252620948897954,0.17499593098958333,-0.9897928873697917,0.17499593098958333,-0.9897928873697917,0,idle,384.9294202145953,273.96273797023287,385.0832685786846,284.5592025965095,0.04,0.045
1791329418.258281,388.69589364423575,279.0535915435957,-306.96956978233777,52.62309572265637,4.216230615186179,-3.2208595266193116,0.17499593098958333,-0.9897928873697917,0.17499593098958333,-0.9897928873697917,0,idle,385.05776199630645,255.09428493031808,389.0874123339926,280.0261401629116,0.04,0.045
1791329418.275765,392.9270513022234,275.83731861822315,-306.8317941095284,52.76007541804466,4.231157657987616,-3.2162729253725524,0.17499593098958333,-0.9897928873697917,0.17499593098958333,-0.9897928873697917,0,idle,390.9802321164007,273.3666595480945,393.20165309820123,276.6377068530668,0.04,0.045
1791329418.293304,397.173006556276,272.6258127929773,-306.69379819968947,52.897295321700014,4.245955254052577,-3.211505825245875,0.17499593098958333,-0.9897928873697917,0.17499593098958333,-0.9897928873697917,0,idle,414.44359502269623,268.0900173601359,398.29740768577597,273.1593918444367,0.04,0.045
1791329418.3098571,401.4336315151892,269.41925111556753,-306.55558702607067,53.03474946316488,4.260624958913208,-3.206561677409733,0.17499593098958333,-0.9897928873697917,0.17499593098958333,-0.9897928873697917,0,idle,395.15800098554985,283.86447744918956,402.1880310617322,270.6484125311351,0.04,0.045
1791329418.3273869,405.7087998251265,266.21780726196124,-306.4171653781674,53.17243216335351,4.2751683099373095,-3.201443853606315,0.17499593098958333,-0.9897928873697917,0.17499593098958333,-0.9897928873697917,0,idle,409.18702027213686,275.57924460601856,406.5993904166929,267.8535824739533,0.04,0.045
1791329418.344109,409.99838665037106,263.0216516126488,-306.2785378778728,53.31033800346605,4.289586825244561,-3.1961556493124585,0.17499593098958333,-0.9897928873697917,0.17499593098958333,-0.9897928873697917,0,idle,390.7571823208423,248.67278201975108,409.8823874958827,263.85819458439636,0.04,0.045
1791329418.361672,414.30226865322385,259.8309513260368,-306.13970899346344,53.448461798216094,4.303882002852788,-3.1907002866119427,0.17499593098958333,-0.9897928873697917,0.17499593098958333,-0.9897928873697917,0,idle,393.4133546082181,253.55354409023397,413.14762375420963,260.3117967874069,0.04,0.045
1791329418.378077,418.6203239732432,256.64587040922163,-306.00068305173374,53.58679857274977,4.318055320019381,-3.185080916815183,0.17499593098958333,-0.9897928873697917,0.17499593098958333,-0.9897928873697917,0,idle,426.17119267628595,259.9513418856026,417.90095475433185,257.2679471713422,0.04,0.045
1791329418.395712,422.95243220599116,253.46656978636247,-305.8614642485476,53.72534354272361,4.332108232747958,-3.179300622859145,0.17499593098958333,-0.9897928873697917,0.17499593098958333,-0.9897928873697917,0,idle,412.74035150949,249.6974870213369,421.7584274132003,253.86908857212575,0.04,0.045
1791329418.412483,427.2984743814259,250.2932073648467,-305.7220566580369,53.864092097085006,4.346042175434704,-3.1733624215157663,0.17499593098958333,-0.9897928873697917,0.17499593098958333,-0.9897928873697917,0,idle,416.8697187564514,269.2781117500916,425.64273204702585,251.62484543058406,0.04,0.045
1791329418.428614,431.6583329420584,247.12593809941345,-305.58246424064265,54.00303978316542,4.359858560632529,-3.1672692654332595,0.17499593098958333,-0.9897928873697917,0.17499593098958333,-0.9897928873697917,0,idle,441.374757922727,248.13637817218097,430.5711989734118,248.44151626550232,0.04,0.045
1791329418.4449852,436.03189172097274,243.96491405438212,-305.442690850165,54.142182293752384,4.373558778914331,-3.161024045031322,0.17499593098958333,-0.9897928873697917,0.17499593098958333,-0.9897928873697917,0,idle,434.4750967640807,259.24618993332535,434.9212747029139,245.9787771061137,0.04,0.045
1791329418.461188,440.4190359197922,240.81028446411378,-305.30274023996515,54.28151545585518,4.387144198819446,-3.1546295902683497,0.17499593098958333,-0.9897928873697917,0.17499593098958333,-0.9897928873697917,0,idle,444.791654208015,227.2433638377244,439.5825806670474,242.04510833193933,0.04,0.045
1791329418.478218,444.81965208666185,237.6621957918175,-305.16261606844097,54.42103522092,4.4006161668696535,-3.148088672296267,0.17499593098958333,-0.9897928873697917,0.17499593098958333,-0.9897928873697917,0,idle,445.9522817533498,238.00101213811683,444.08165107988873,238.85221928356674,0.04,0.045
1791329418.494365,449.233628094305,234.52079178680108,-305.0223219038787,54.56073765628632,4.413976007643165,-3.1414040050164127,0.17499593098958333,-0.9897928873697917,0.17499593098958333,-0.9897928873697917,0,idle,455.4428218680922,256.93020130333076,448.8429868265599,236.77178457978934,0.04,0.045
1791329418.511026,453.6608531182017,231.386213540253,-304.8818612287708,54.70061893770628,4.4272250238967255,-3.134578246548068,0.17499593098958333,-0.9897928873697917,0.17499593098958333,-0.9897928873697917,0,idle,444.1408203992089,246.03884473190863,452.8137422778942,234.25728825317464,0.04,0.045
1791329418.528703,458.1012176149291,228.2585995396334,-304.7412374436738,54.84067534277471,4.440364496727414,-3.127614000619619,0.17499593098958333,-0.9897928873697917,0.17499593098958333,-0.9897928873697917,0,idle,448.1407633641874,220.8066150684787,456.7984396040999,230.6135212933512,0.04,0.045
1791329418.544908,462.55461330069613,225.1380857217424,-304.6004538706721,54.98090324513985,4.453395685767031,-3.1205138178909664,0.17499593098958333,-0.9897928873697917,0.17499593098958333,-0.9897928873697917,0,idle,470.9282484463046,201.3529569508933,461.73565594768877,226.18600494923186,0.04,0.045
1791329418.562495,467.02093313009914,222.0248055245278,-304.459513756501,55.121299109383784,4.466319829403013,-3.1132801972146025,0.17499593098958333,-0.9897928873697917,0.17499593098958333,-0.9897928873697917,0,idle,458.228848845791,214.9080284334331,465.80331943052676,222.66448993608805,0.04,0.045
1791329418.5789719,471.50007127511986,218.91888993768603,-304.31842027537755,55.26185948647746,4.479138145020732,-3.1059155868417787,0.17499593098958333,-0.9897928873697917,0.17499593098958333,-0.9897928873697917,0,idle,463.3304845952172,238.27424007421735,469.934858926531,220.49435763549482,0.04,0.045
1791329418.596509,475.9919231043827,215.82046755210675,-304.1771765315777,55.4025810097295,4.491851829262847,-3.0984223855792923,0.17499593098958333,-0.9897928873697917,0.17499593098958333,-0.9897928873697917,0,idle,497.59058197553765,214.32186901366074,475.584904316781,217.2422319381028,0.04,0.045
1791329418.612861,480.4963851626847,212.72966460820507,-304.03578556179497,55.54346039115933,4.504462058302021,-3.090802943901684,0.17499593098958333,-0.9897928873697917,0.17499593098958333,-0.9897928873697917,0,idle,485.20649095920317,219.81517826003702,480.345222604289,214.43461645749292,0.04,0.045
1791329418.629972,485.0133551508086,209.6466050431821,-303.89425033730924,55.684494418235786,4.516969988123917,-3.083059565022979,0.17499593098958333,-0.9897928873697917,0.17499593098958333,-0.9897928873697917,0,idle,498.15289286805734,209.13554264416447,485.5267276061951,211.24075618005466,0.04,0.045
1791329418.647874,489.54273190562645,206.57141053725053,-303.75257376599114,55.82567995093053,4.529376754817847,-3.0751945059315635,0.17499593098958333,-0.9897928873697917,0.17499593098958333,-0.9897928873697917,0,idle,479.5935192690203,208.35109595590814,489.53297510641335,208.17483838821235,0.04,0.045
1791329418.664577,494.0844153804993,203.50420055885922,-303.6107586941625,55.96701391904308,4.541683474872881,-3.067209978391304,0.17499593098958333,-0.9897928873697917,0.17499593098958333,-0.9897928873697917,0,idle,493.4474086758985,179.62088585475917,494.0432960860168,203.83329128206796,0.04,0.045
1791329418.681104,498.6383066259769,200.44509240894763,-303.4688079083319,56.10849331976083,4.553891245477579,-3.0591081499116073,0.17499593098958333,-0.9897928873697917,0.17499593098958333,-0.9897928873697917,0,idle,503.32293829326153,180.59031141449645,498.83347487958275,199.76498954627337,0.04,0.045
1791329418.698184,503.20430777079866,197.39420126425887,-303.3267241368205,56.25011521542234,4.566001144821793,-3.050891144688772,0.17499593098958333,-0.9897928873697917,0.17499593098958333,-0.9897928873697917,0,idle,507.5901007475555,211.22230162462623,503.60900726056207,197.43950856273668,0.04,0.045
1791329418.714557,507.7823220031979,194.3516402197382,-303.18451005129145,56.39187673145703,4.578014232399264,-3.042561044520684,0.17499593098958333,-0.9897928873697917,0.17499593098958333,-0.9897928873697917,0,idle,533.2522561786691,196.35297881135142,509.4402832272467,194.49474908287277,0.04,0.045
1791329418.731102,512.3722535525079,191.31752033004156,-303.0421682681943,56.53377505447853,4.589931549309946,-3.034119889696625,0.17499593098958333,-0.9897928873697917,0.17499593098958333,-0.9897928873697917,0,idle,508.0204277518516,187.95948621016547,513.7297254253215,191.2855720440256,0.04,0.045
1791329418.748939,516.9740076710691,188.29195065017777,-302.89970135013436,56.675807430511554,4.601754118561158,-3.025569679863787,0.17499593098958333,-0.9897928873697917,0.17499593098958333,-0.9897928873697917,0,idle,521.197907212613,190.36441989224667,518.4748009273192,188.36522324056605,0.04,0.045
1791329418.765023,521.587490616436,185.27503827530592,-302.7571118071751,56.81797116333595,4.6134829453668615,-3.0169123748718434,0.17499593098958333,-0.9897928873697917,0.17499593098958333,-0.9897928873697917,0,idle,524.3820496269592,192.42438119737776,523.1529721603997,185.70211438227838,0.04,0.045
1791329418.782579,526.2126096338804,182.26688837970912,-302.61440209808114,56.9602636129331,4.625119017444446,-3.0081498955968042,0.17499593098958333,-0.9897928873697917,0.17499593098958333,-0.9897928873697917,0,idle,528.007768252852,194.31079648743685,527.7895750315946,183.27480608671934,0.04,0.045
1791329418.799978,530.849272939189,179.2676042549639,-302.4715746315076,57.102682194022655,4.636663305308552,-2.9992841247452118,0.17499593098958333,-0.9897928873697917,0.17499593098958333,-0.9897928873697917,0,idle,521.3008662780139,162.74205168995007,531.8699697339587,179.39884844837295,0.04,0.045
1791329418.815946,535.4973897017505,176.2772873473243,-302.3286317671416,57.2452243746789,4.648116762561551,-2.9903169076396336,0.17499593098958333,-0.9897928873697917,0.17499593098958333,-0.9897928873697917,0,idle,559.6384640312375,189.82590387943551,537.6741053732561,177.07940015766843,0.04,0.045
1791329418.832073,540.1568700279308,173.296037294338,-302.1855758167998,57.38788767501763,4.659480326180347,-2.9812500529862946,0.17499593098958333,-0.9897928873697917,0.17499593098958333,-0.9897928873697917,0,idle,541.4808699223515,168.26354135620505,542.2909499105822,173.80641966725827,0.04,0.045
1791329418.8492968,544.8276249447301,170.3239519607124,-302.0424090454869,57.53066966594597,4.6707549167993,-2.972085333625593,0.17499593098958333,-0.9897928873697917,0.17499593098958333,-0.9897928873697917,0,idle,518.5581039222269,188.77374430090362,545.5415247821237,171.73130483199623,0.04,0.045
1791329418.8662882,549.5095663837192,167.3611274734462,-301.89913367241746,57.67356796796832,4.681941438989051,-2.962824487266193,0.17499593098958333,-0.9897928873697917,0.17499593098958333,-0.9897928873697917,0,idle,560.2939887999121,179.95368504134103,550.7269923500527,169.32774057956058,0.04,0.045
1791329418.8832,554.2026071652502,164.4076582562429,-301.75575187200485,57.81658025004241,4.693040781531123,-2.9534692172033,0.17499593098958333,-0.9897928873697917,0.17499593098958333,-0.9897928873697917,0,idle,547.8134647002507,162.3848509459118,555.0397047100171,166.17480034153502,0.04,0.045
1791329418.900061,558.9066609829384,161.46363706322126,-301.6122657748193,57.959704228481336,4.7040538176882265,-2.944021193021651,0.17499593098958333,-0.9897928873697917,0.17499593098958333,-0.9897928873697917,0,idle,576.9526514230405,142.25971150539846,560.604203172472,162.18222576635762,0.04,0.045
1791329418.9170592,563.6216423884086,158.5291550119375,-301.46867746851797,58.10293766589628,4.714981405470159,-2.9344820512837555,0.17499593098958333,-0.9897928873697917,0.17499593098958333,-0.9897928873697917,0,idle,559.4867148577813,147.113072329657,565.0275610919342,158.64101014580302,0.04,0.045
1791329418.93461,568.3474667763039,155.60430161573368,-301.32498899874776,58.246278370177045,4.725824387895301,-2.924853396203826,0.17499593098958333,-0.9897928873697917,0.17499593098958333,-0.9897928873697917,0,idle,555.1825056719236,183.67783200720964,569.0248414894342,157.11424051247974,0.04,0.045
1791329418.951214,573.0840503695516,152.68916481542584,-301.1812023700241,58.389724193506815,4.736583593247693,-2.9151368003078204,0.17499593098958333,-0.9897928873697917,0.17499593098958333,-0.9897928873697917,0,idle,569.2192994934695,136.97622617580663,573.5343188032213,153.33795983535364,0.04,0.045
1791329418.9682088,577.8313102048813,149.78383101034584,-301.0373195465863,58.53327303140856,4.747259835329668,-2.905333805080005,0.17499593098958333,-0.9897928873697917,0.17499593098958333,-0.9897928873697917,0,idle,574.1184832930026,147.6128890042728,578.0734238712736,150.29163917897358,0.04,0.045
1791329418.985773,582.5891641185914,146.88838508874946,-300.8933424532304,58.676922821820504,4.7578539137100995,-2.895445921596382,0.17499593098958333,-0.9897928873697917,0.17499593098958333,-0.9897928873697917,0,idle,594.9885963476578,150.058707188295,583.4391437131173,147.5293189539231,0.04,0.045
1791329419.002242,587.3575307325597,144.00291045760412,-300.7492729761221,58.820671544198774,4.768366613968276,-2.8854746311453288,0.17499593098958333,-0.9897928873697917,0.17499593098958333,-0.9897928873697917,0,idle,585.8294242268798,127.02686708030855,588.0886060220753,143.7629954606543,0.04,0.045
1791329419.019385,592.1363294404931,141.12748907176834,-300.60511296358914,58.96451721864528,4.77879870793345,-2.875421385835771,0.17499593098958333,-0.9897928873697917,0.17499593098958333,-0.9897928873697917,0,idle,600.2813956073252,160.86843529408685,593.2381042738746,141.88661713578193,0.04,0.045
1791329419.035885,596.9254803944133,138.26220146257515,-300.4608642268953,59.108457905059346,4.789150953920125,-2.865287609193179,0.17499593098958333,-0.9897928873697917,0.17499593098958333,-0.9897928873697917,0,idle,587.8205058190432,158.4614455187314,597.5169177573572,139.99333532619588,0.04,0.045
1791329419.053503,601.7249044913724,135.40712676583146,-300.3165285409961,59.25249170231153,4.799424096959126,-2.8550746967436735,0.17499593098958333,-0.9897928873697917,0.17499593098958333,-0.9897928873697917,0,idle,599.8703773883302,131.98022996347262,602.194043631017,136.8803590961532,0.04,0.045
1791329419.070347,606.534523360397,132.56234274924495,-300.17210764527744,59.396616747438514,4.809618869024519,-2.8447840165865173,0.17499593098958333,-0.9897928873697917,0.17499593098958333,-0.9897928873697917,0,idle,607.1249025514119,140.54151273626994,607.0097245026102,134.36087196240186,0.04,0.045
1791329419.087905,611.3542593496535,129.7279258392897,-300.02760324427754,59.54083121485791,4.8197359892564595,-2.834416909955238,0.17499593098958333,-0.9897928873697917,0.17499593098958333,-0.9897928873697917,0,idle,597.5493249219148,134.30016341077396,611.1154537133691,131.66514047036299,0.04,0.045
1791329419.104645,616.1840355138335,126.90395114752206,-299.88301700839276,59.68513331560214,4.829776164180021,-2.823974691767629,0.17499593098958333,-0.9897928873697917,0.17499593098958333,-0.9897928873697917,0,idle,604.6622333422902,136.9094241439669,615.3810800507862,129.24457869686393,0.04,0.045
1791329419.120953,621.0237756017535,124.0904924963572,-299.7383505745681,59.82952129657027,4.839740087920102,-2.8134586511648716,0.17499593098958333,-0.9897928873697917,0.17499593098958333,-0.9897928873697917,0,idle,633.5129523233668,129.7740110289441,620.8854267479393,126.59826459486132,0.04,0.045
1791329419.137973,625.873404044166,121.28762244431721,-299.5936055469727,59.973993439797354,4.849628442412458,-2.802870052039988,0.17499593098958333,-0.9897928873697917,0.17499593098958333,-0.9897928873697917,0,idle,630.4597551970325,117.63939787887222,625.9712901906857,123.48759470962388,0.04,0.045
1791329419.1542258,630.732845941777,118.49541231076135,-299.44878349766094,60.11854806174021,4.859441897610947,-2.79221013355586,0.17499593098958333,-0.9897928873697917,0.17499593098958333,-0.9897928873697917,0,idle,640.4513639340206,125.91880690020346,631.3117636805829,120.95655569227479,0.04,0.045
1791329419.171415,635.6020270534681,115.71393220010835,-299.30388596721934,60.263183512579396,4.869181111691072,-2.781480110653013,0.17499593098958333,-0.9897928873697917,0.17499593098958333,-0.9897928873697917,0,idle,631.8227513403676,140.0551205346595,635.9630351196787,119.26907782927367,0.04,0.045
1791329419.1886878,640.4808737847179,112.94325102556097,-299.1589144654,60.40789817553642,4.878846731249871,-2.7706811745473736,0.17499593098958333,-0.9897928873697917,0.17499593098958333,-0.9897928873697917,0,idle,648.8426632502766,102.80813097738574,641.241920920896,115.81388337085926,0.04,0.045
1791329419.205863,645.3693131762202,110.18343653234278,-299.0138704717406,60.55269046620602,4.888439391502255,-2.7598144932181903,0.17499593098958333,-0.9897928873697917,0.17499593098958333,-0.9897928873697917,0,idle,663.8990429358435,95.49330973754331,647.0187944435705,112.17603092063618,0.04,0.045
1791329419.2230458,650.2566852773537,107.43924904455523,-298.9098860399725,60.686430719177736,4.887372101133409,-2.744187487787561,0.17499593098958333,-0.9897928873697917,0.0,0.5,1,braking,659.7925642762341,95.84605609824938,652.3004864312804,108.75255406611866,0.04,0.045
1791329419.240305,655.128246203387,104.71710696421161,-298.8357342050292,60.8043135566403,4.871560926033294,-2.7221420803436134,0.17499593098958333,-0.9897928873697917,0.0,0.5,1,braking,660.3346531163726,94.17414088832912,657.3301776452668,105.43759843090275,0.04,0.045
1791329419.257131,659.9688622329292,102.02342929878806,-298.7830341834866,60.90519333701804,4.840616029542139,-2.693677665423552,0.17499593098958333,-0.9897928873697917,0.0,0.5,1,braking,665.5328237609614,93.54612340749368,662.3388951791165,102.28403089757992,0.04,0.045
1791329419.274328,664.7649348891301,99.36381011857073,-298.7456562516539,60.98983262161259,4.79607265620101,-2.6596191802173363,0.17499593098958333,-0.9897928873697917,0.0,0.5,1,braking,663.2259721025872,91.22941477020814,666.9395180486811,99.20466187000487,0.04,0.045
1791329419.291617,669.5052458415835,96.74268371102872,-298.71917534121667,61.05986426072652,4.740310952453325,-2.6211264075420058,0.17499593098958333,-0.9897928873697917,0.0,0.5,1,braking,678.5606192700938,89.6861160003921,672.0238685145823,96.23866448935932,0.04,0.045
1791329419.308817,674.1811699642485,94.16326777861565,-298.7004238880915,61.11721606180643,4.675924122665057,-2.5794159324130703,0.17499593098958333,-0.9897928873697917,0.0,0.5,1,braking,670.8702817813776,97.75156615350946,676.4083170944539,93.8638644367744,0.04,0.045
1791329419.32591,678.7864970785887,91.62767834729141,-298.68714731574283,61.16380931058656,4.605327114340233,-2.5355894313242335,0.17499593098958333,-0.9897928873697917,0.0,0.5,1,braking,687.5693203735896,111.38376861545217,681.3414280170339,92.33104968595026,0.04,0.045
1791329419.342915,683.3164349959859,89.13746782275484,-298.67775182004516,61.20139787612628,4.529937917397208,-2.4902105245365656,0.17499593098958333,-0.9897928873697917,0.0,0.5,1,braking,709.4751667964802,85.219861789422,687.0515559775336,89.60979029281411,0.04,0.045
1791329419.359541,687.7668309233507,86.69403064394416,-298.6711091062145,61.23153402241351,4.4503959273647755,-2.4434371788106835,0.17499593098958333,-0.9897928873697917,0.0,0.5,1,braking,680.00445560357,84.30472100634502,690.9270770898319,87.02327150862051,0.04,0.045
1791329419.376231,692.1338023895129,84.29877993336044,-298.6664182911018,61.25556590484674,4.366971466162266,-2.395250710583722,0.17499593098958333,-0.9897928873697917,0.0,0.5,1,steering,680.1886435043268,80.94617142271314,694.5387783034107,84.4439283292706,0.04,0.045
1791329419.3923829,696.4168223182126,81.95419497804835,-298.54217380475393,61.30308742134212,4.283019928699693,-2.3445849553120826,0.17499593098958333,-0.9897928873697917,1.0,0.0,1,steering,677.789003883799,75.65876543094352,697.7701585146948,81.77731447680777,0.04,0.045
1791329419.408929,700.6185034292756,79.66531963647212,-298.19623671509737,61.42056029918699,4.201681111063085,-2.2888753415762357,0.17499593098958333,-0.9897928873697917,1.0,0.0,1,steering,687.017006140489,80.13740429955219,701.2240979514944,79.52088739344758,0.04,0.045
1791329419.4257972,704.7438559297201,77.43980159976786,-297.5823838444928,61.654317945652444,4.125352500444457,-2.2255180367042566,0.17499593098958333,-0.9897928873697917,1.0,0.0,1,steering,707.3798299225858,66.18712963738659,705.4509694254713,76.73995737077549,0.04,0.045
1791329419.443292,708.7993732853555,75.28730445312725,-296.6892029815078,62.042527415230765,4.055517355635429,-2.1524971466406138,0.17499593098958333,-0.9897928873697917,1.0,0.0,1,steering,714.2729238702004,88.74391488357769,709.7448086355614,75.29528295710702,0.04,0.045
1791329419.4598029,712.7921471157769,73.21873023275988,-295.5261436472055,62.61225267543708,3.992773830421357,-2.068574220367372,0.17499593098958333,-0.9897928873697917,1.0,0.0,1,steering,724.1958862741365,62.55702616177748,714.2604976563905,72.69322460799154,0.04,0.045
1791329419.477302,716.7291162303025,71.24546410223925,-294.1144170531489,63.379305846301925,3.936969114525642,-1.97326613052063,0.17499593098958333,-0.9897928873697917,1.0,0.0,1,steering,720.8658166948774,55.61716526129108,718.3308842671141,69.96481881666192,0.04,0.045
1791329419.4939,720.6164934252038,69.37873009726498,-292.48113722424506,64.34949618702414,3.8873771949013434,-1.866734004974271,0.17499593098958333,-0.9897928873697917,1.0,0.0,1,steering,727.7832277190404,77.06200837006324,722.4965097748667,68.54628098960642,0.04,0.045
1791329419.511296,724.4593756188711,67.62908429987624,-290.65561031342446,65.52045396132714,3.842882193667362,-1.7496457973887356,0.17499593098958333,-0.9897928873697917,1.0,0.0,1,steering,732.03662613463,62.90442269619245,726.6242536768389,66.60202456741642,0.04,0.045
1791329419.5287511,728.2615210390532,66.00604233649493,-288.66704205786556,66.8835611222684,3.802145420181991,-1.623041963381318,0.17499593098958333,-0.9897928873697917,1.0,0.0,1,steering,737.4976192753381,73.88205897106077,730.7799601059368,65.4241364223864,0.04,0.045
1791329419.545208,732.0252663140406,64.51782592475772,-286.54317918226485,68.42574260192971,3.763745274987449,-1.4882164117372128,0.17499593098958333,-0.9897928873697917,1.0,0.0,1,steering,741.9414922482287,48.20131110033978,734.9135947242894,63.14918956513371,0.04,0.045
1791329419.562651,735.751552636023,63.17120951650715,-284.3095633944546,70.13100745882522,3.726286321982488,-1.3466164082505652,0.17499593098958333,-0.9897928873697917,1.0,0.0,1,steering,752.3542242041486,89.80113407660251,739.3255982041657,63.20250120286911,0.04,0.045
1791329419.578486,739.4400308947592,61.971448251561846,-281.9891836547681,71.98170788890754,3.6884782587361458,-1.1997612649453027,0.17499593098958333,-0.9897928873697917,1.0,0.0,1,steering,733.3190323228728,64.72671704913293,742.5293242559004,62.138938793484265,0.04,0.045
1791329419.59499,743.0892188823144,60.922270136367054,-279.6023829829493,73.95952636536417,3.649187987555209,-1.0491781151947888,0.17499593098958333,-0.9897928873697917,1.0,0.0,1,steering,732.9263609025854,69.05072140030205,745.5159046764121,61.4878087143901,0.04,0.045
1791329419.612517,746.6966880297966,60.02591752216621,-277.1669230663385,76.04622097834678,3.6074691474822487,-0.8963526142008416,0.17499593098958333,-0.9897928873697917,1.0,0.0,1,steering,747.0693904955345,51.41310034012616,749.0206746574763,60.1325383121861,0.04,0.045
1791329419.629086,750.2592618016313,59.28322512881084,-274.69814161526557,78.22416589767313,3.5625737718346575,-0.742692393355371,0.17499593098958333,-0.9897928873697917,1.0,0.0,1,steering,752.4798113057462,64.34382353858402,752.5780765731328,59.63754479981839,0.04,0.045
1791329419.646849,753.7732123215385,58.693723880356934,-272.20915901207076,80.47672387877722,3.513950519907194,-0.5895012484539042,0.17499593098958333,0.010420735677083333,1.0,0.0,1,steering,754.674645683492,66.84083328942864,756.0211580225625,59.43768303826769,0.04,0.045
1791329419.663523,757.2344457500827,58.25576164455324,-269.7111056461011,82.78848453628017,3.4612334285442397,-0.4379622358036973,0.17499593098958333,0.010420735677083333,1.0,0.0,1,steering,730.1260053688807,57.35803433084318,758.0145721469954,58.917636478882955,0.04,0.045
1791329419.6801531,760,57.966633599506636,-267.21335156458133,85.14539774960144,0.0,0.0,0.17499593098958333,0.010420735677083333,1.0,0.0,1,steering,771.2527970929154,76.04952501776202,758.6764833942914,59.77423090582691,0.04,0.045
1791329419.697763,759.9999973912958,57.966633472529345,-267.21335772695966,-87.21335772695966,-2.6087041675758474e-06,-1.2697728779026082e-07,0.17499593098958333,0.010420735677083333,0.17499593098958333,0.010420735677083333,0,idle,752.5803189158097,63.17629626196667,758.3716726920983,59.94433405300547,0.04,0.045
1791329419.714775,759.9999909934488,57.966633161118175,-267.2133658442717,-87.21336336191331,-6.397847001606603e-06,-3.1141116908699697e-07,0.17499593098958333,0.010420735677083333,0.17499593098958333,0.010420735677083333,0,idle,781.6087153721375,32.8893938970313,759.5335187481456,58.59158674936615,0.04,0.045
1791329419.7311969,759.9999804808111,57.96663264942323,-267.2133740175836,-87.21336915391255,-1.0512637678553933e-05,-5.116949457585211e-07,0.17499593098958333,0.010420735677083333,0.17499593098958333,0.010420735677083333,0,idle,749.9587016804074,68.54673282462143,759.0547679077529,59.089343567018716,0.04,0.045
1791329419.748256,759.9999660124939,57.966631945189896,-267.2133814721351,-87.21337475934627,-1.4468317206237972e-05,-7.0423333312945e-07,0.17499593098958333,0.010420735677083333,0.17499593098958333,0.010420735677083333,0,idle,768.1059677476278,71.43297880302869,759.5073141548453,59.706524659797545,0.04,0.045
1791329419.7658272,759.9999479982466,57.966631068363014,-267.2133879680518,-87.21338001152692,-1.8014247295216698e-05,-8.768268822948354e-07,0.17499593098958333,0.010420735677083333,0.17499593098958333,0.010420735677083333,0,idle,769.252892054071,66.28407191244897,759.9945759362716,60.03540118944458,0.04,0.045
1791329419.781993,759.9999269542249,57.96663004406643,-267.2133935068608,-87.21338484258486,-2.104402180187379e-05,-1.0242965850927131e-06,0.17499593098958333,0.010420735677083333,0.17499593098958333,0.010420735677083333,0,idle,783.8404911575556,64.18810503429593,761.1868517055152,60.24303540860539,0.04,0.045
1791329419.7991161,759.9999034174722,57.96662889844048,-267.21339818731605,-87.21338923875315,-2.3536752662010604e-05,-1.1456259411350218e-06,0.17499593098958333,0.010420735677083333,0.17499593098958333,0.010420735677083333,0,idle,747.9217345133432,65.16088796468954,760.5235734859916,60.48892694806495,0.04,0.045
1791329419.816043,759.9998778981504,57.96662765631691,-267.21340213675865,-87.2133932147788,-2.551932178171561e-05,-1.2421235704427247e-06,0.17499593098958333,0.010420735677083333,0.17499593098958333,0.010420735677083333,0,idle,760.6948922282573,77.32075091210788,760.5321151797492,61.330516966249704,0.04,0.045
1791329419.83362,759.9998508555378,57.96662634005061,-267.21340548037176,-87.213396799361,-2.7042612623657413e-05,-1.3162663003388542e-06,0.17499593098958333,0.010420735677083333,0.17499593098958333,0.010420735677083333,0,idle,781.4031019122478,57.486640006460604,761.5756388258922,61.138321867807264,0.04,0.045
1791329419.8501499,759.9998226885718,57.96662496905937,-267.2134083290701,-87.21340002696567,-2.8166965966960728e-05,-1.3709912422517275e-06,0.17499593098958333,0.010420735677083333,0.17499593098958333,0.010420735677083333,0,idle,753.1477212627166,69.63154089537394,761.1542161891157,61.56298151674392,0.04,0.045
1791329419.8676212,759.9997937349289,57.966623559779094,-267.21341077621986,-87.21340293332396,-2.8953643015348292e-05,-1.4092802748218176e-06,0.17499593098958333,0.010420735677083333,0.17499593098958333,0.010420735677083333,0,idle,757.5308889313297,79.32699572051436,760.9730223202655,62.451180888116184,0.04,0.045
1791329419.884156,759.9997642747929,57.966622125847294,-267.2134128982638,-87.21340555305046,-2.9460135976663024e-05,-1.4339317995484837e-06,0.17499593098958333,0.010420735677083333,0.17499593098958333,0.010420735677083333,0,idle,746.9167080319024,70.95756777543882,760.2701786187182,62.876498870247104,0.04,0.045
1791329419.901793,759.9997345369042,57.96662067839748,-267.2134147568368,-87.2134079184698,-2.9737888812280584e-05,-1.4474498080717273e-06,0.17499593098958333,0.010420735677083333,0.17499593098958333,0.010420735677083333,0,idle,776.7076183796066,65.16037621123618,761.0920223557683,62.99069136221924,0.04,0.045
1791329419.9184818,759.999704705422,57.96661922639327,-267.2134164012362,-87.21341005912176,-2.98314821132613e-05,-1.4520042128449895e-06,0.17499593098958333,0.010420735677083333,0.17499593098958333,0.010420735677083333,0,idle,764.3030336290535,53.42112840390777,761.2525445795245,62.51221183489966,0.04,0.045
1791329419.935303,759.9996749267541,57.966617776960724,-267.2134178707539,-87.21341200163899,-2.9778667892449265e-05,-1.449432545104317e-06,0.17499593098958333,0.010420735677083333,0.17499593098958333,0.010420735677083333,0,idle,770.8014512552986,45.95142434389804,761.7299616235787,61.68417108338866,0.04,0.045
1791329419.951989,759.9996453158916,57.96661633569678,-267.2134191966899,-87.21341376982085,-2.961086250426059e-05,-1.4412639504498757e-06,0.17499593098958333,0.010420735677083333,0.17499593098958333,0.010420735677083333,0,idle,781.1452660579215,51.32118868766028,762.7006987149764,61.166020594401495,0.04,0.045
1791329419.9698079,759.999615962038,57.96661490694318,-267.2134204040119,-87.21341538480415,-2.9353853609423243e-05,-1.4287536018300221e-06,0.17499593098958333,0.010420735677083333,0.17499593098958333,0.010420735677083333,0,idle,749.2564462023801,60.39255070416545,762.0284582031857,61.12734574257377,0.04,0.045
1791329419.986675,759.9995869334639,57.96661349402281,-267.21342151268897,-87.21341686527586,-2.902857407309837e-05,-1.4129203696763509e-06,0.17499593098958333,0.010420735677083333,0.17499593098958333,0.010420735677083333,0,idle,776.0175837261183,70.06463471956141,762.7278869021869,61.5742088491488,0.04,0.045
1791329420.003659,759.9995582816055,57.96661209943917,-267.2134225387473,-87.21341822769746,-2.865185843692769e-05,-1.394583643292448e-06,0.17499593098958333,0.010420735677083333,0.17499593098958333,0.010420735677083333,0,idle,751.4611023281061,93.24732781196474,762.1645204542174,63.15786347243514,0.04,0.045
1791329420.020735,759.999530044468,57.96661072504203,-267.2134234950992,-87.21341948652585,-2.8237137461788626e-05,-1.3743971375144302e-06,0.17499593098958333,0.010420735677083333,0.17499593098958333,0.010420735677083333,0,idle,755.640113889621,48.034370266356234,761.838273300707,62.40168750645391,0.04,0.045
1791329420.037896,759.9995022494171,57.96660937216331,-267.2134243921921,-87.21342065442313,-2.7795050922545874e-05,-1.3528787201126426e-06,0.17499593098958333,0.010420735677083333,0.17499593098958333,0.010420735677083333,0,idle,763.217206328056,42.896452974707955,761.9071935467762,61.42642449463183,0.04,0.045
1791329420.0539799,759.9994749154436,57.9666080417273,-267.2134252385154,-87.21342174245186,-2.7333973586926004e-05,-1.3304360133516018e-06,0.17499593098958333,0.010420735677083333,0.17499593098958333,0.010420735677083333,0,idle,773.5383773029295,48.35859097727443,762.488726767309,60.77303155484975,0.04,0.045
1791329420.071904,759.9994480549859,57.96660673433937,-267.2134260409978,-87.21342276025489,-2.686045765533339e-05,-1.3073879292677117e-06,0.17499593098958333,0.010420735677083333,0.17499593098958333,0.010420735677083333,0,idle,765.2244123693869,61.68627917720388,762.6254855299782,60.818692693948925,0.04,0.045
1791329420.0880032,759.9994216753867,57.966605450356866,-267.2134268053186,-87.21342371621947,-2.637959923287384e-05,-1.283982507232364e-06,0.17499593098958333,0.010420735677083333,0.17499593098958333,0.010420735677083333,0,idle,758.7205364201187,86.6639857254871,762.4302130138659,62.110956125742455,0.04,0.045
1791329420.1051068,759.9993957800484,57.96660418994536,-267.21342753615323,-87.21342461762633,-2.5895338206647575e-05,-1.2604115100538546e-06,0.17499593098958333,0.010420735677083333,0.17499593098958333,0.010420735677083333,0,idle,729.6696949097734,63.287154518075006,760.79216250809,62.169764847968146,0.04,0.045
1791329420.122317,759.9993703693472,57.96660295312311,-267.21342823736705,-87.21342547078429,-2.5410701227462322e-05,-1.2368222507333956e-06,0.17499593098958333,0.010420735677083333,0.17499593098958333,0.010420735677083333,0,idle,760.096734642052,60.596890762860596,760.7573669746218,62.09111996873163,0.04,0.045
1791329420.138658,759.9993454413502,57.96660173979601,-267.2134289121693,-87.21342628115147,-2.492799699893629e-05,-1.2133270978322173e-06,0.17499593098958333,0.010420735677083333,0.17499593098958333,0.010420735677083333,0,idle,747.7265896865421,52.7544130092162,760.1058044286208,61.62428346809512,0.04,0.045
1791329420.155761,759.999320992378,57.96660054978495,-267.2134295632359,-87.21342705344355,-2.4448972169634153e-05,-1.1900110632385959e-06,0.17499593098958333,0.010420735677083333,0.17499593098958333,0.010420735677083333,0,idle,774.7025181232676,61.454507199139954,760.8356168868295,61.615793524136855,0.04,0.045
1791329420.1728158,759.9992970174429,57.96659938284713,-267.2134301928075,-87.21342779173045,-2.397493505670937e-05,-1.166937824177058e-06,0.17499593098958333,0.010420735677083333,0.17499593098958333,0.010420735677083333,0,idle,757.8686917226908,67.1460741650572,760.6872478524342,61.89230644759194,0.04,0.045
1791329420.1898801,759.9992735105895,57.96659823869265,-267.213430802769,-87.21342849952197,-2.3506853349775942e-05,-1.1441544787440996e-06,0.17499593098958333,0.010420735677083333,0.17499593098958333,0.010420735677083333,0,idle,747.7037364222539,44.74163721740533,760.0380499494145,61.034771899135855,0.04,0.045
1791329420.206912,759.9992504651586,57.96659711699736,-267.2134313947128,-87.2134291798434,-2.3045430932073293e-05,-1.121695285012037e-06,0.17499593098958333,0.010420735677083333,0.17499593098958333,0.010420735677083333,0,idle,761.0236481683096,72.7200314984903,760.0873079671999,61.619033813493054,0.04,0.045
1791329420.22367,759.9992278739905,57.966596017412776,-267.21343196999106,-87.21342983530214,-2.2591168051409225e-05,-1.099584589712266e-06,0.17499593098958333,0.010420735677083333,0.17499593098958333,0.010420735677083333,0,idle,755.3597353706347,54.587388346338834,759.8509078757619,61.267450495529985,0.04,0.045
1791329420.2406778,759.9992057295823,57.96659493957366,-267.2134325297572,-87.21343046814576,-2.2144408289566574e-05,-1.0778391143582942e-06,0.17499593098958333,0.010420735677083333,0.17499593098958333,0.010420735677083333,0,idle,750.1374474444508,65.7060240592567,759.3652138170085,61.48937814976916,0.04,0.045
1791329420.257484,759.9991840242071,57.966593883103926,-267.21343307500064,-87.21343108031297,-2.1705375114883464e-05,-1.0564697343501948e-06,0.17499593098958333,0.010420735677083333,0.17499593098958333,0.010420735677083333,0,idle,757.289801050626,48.58220064086778,759.2614225585829,60.84401827067784,0.04,0.045
1791329420.274039,759.9991627500069,57.966592847621065,-267.2134336065746,-87.21343167347761,-2.1274200249733956e-05,-1.0354828596864032e-06,0.17499593098958333,0.010420735677083333,0.17499593098958333,0.010420735677083333,0,idle,767.7175463072546,62.684937559072594,759.6842085355263,60.936063251388866,0.04,0.045
1791329420.291549,759.9991418990613,57.96659183273956,-267.2134341252191,-87.21343224908695,-2.0850945630160275e-05,-1.0148815037874924e-06,0.17499593098958333,0.010420735677083333,0.17499593098958333,0.010420735677083333,0,idle,765.8932373403213,60.015656609862454,759.9946401673677,60.890041955175114,0.04,0.045
1791329420.308056,759.9991214634409,57.96659083807345,-267.2134346315802,-87.21343280839464,-2.0435620365340173e-05,-9.946661089484252e-07,0.17499593098958333,0.010420735677083333,0.17499593098958333,0.010420735677083333,0,idle,767.8289569238312,76.45268883767417,760.3863365913516,61.66817335436726,0.04,0.045
1791329420.325633,759.9991014352471,57.96658986323827,-267.213435126225,-87.21343335248913,-2.0028193806653592e-05,-9.74835182434996e-07,0.17499593098958333,0.010420735677083333,0.17499593098958333,0.010420735677083333,0,idle,739.6808213049337,50.061723282209584,759.3510418002465,61.08784992466595,0.04,0.045
1791329420.342327,759.9990818066415,57.96658890785248,-267.21343560965505,-87.21343388231801,-1.9628605597686154e-05,-9.553857856349742e-07,0.17499593098958333,0.010420735677083333,0.17499593098958333,0.010420735677083333,0,idle,776.1301032618151,69.86003188887138,760.1899762261496,61.52645811525973,0.04,0.045
1791329420.359786,759.9990625698681,57.96658797153857,-267.21343608231666,-87.21343439870898,-1.9236773386858678e-05,-9.363139094438227e-07,0.17499593098958333,0.010420735677083333,0.17499593098958333,0.010420735677083333,0,idle,746.8211761661429,47.635369508301615,759.5215179482145,60.83190279541361,0.04,0.045
1791329420.3768551,759.9990437172694,57.96658705392381,-267.21343654460975,-87.2134349023876,-1.885259873431241e-05,-9.176147617608181e-07,0.17499593098958333,0.010420735677083333,0.17499593098958333,0.010420735677083333,0,idle,751.0634908645419,31.598732904223077,759.0985986840622,59.37024342912006,0.04,0.045
1791329420.394194,759.9990252412978,57.96658615464082,-267.21343699689515,-87.21343539399257,-1.8475971626482605e-05,-8.992829872185073e-07,0.17499593098958333,0.010420735677083333,0.17499593098958333,0.010420735677083333,0,idle,764.6996324196831,69.04095331453759,759.3786328186702,59.8537780690721,0.04,0.045
1791329420.411045,759.9990071345238,57.966585273327986,-267.2134374395007,-87.21343587408862,-1.8106773919061587e-05,-8.813128347547821e-07,0.17499593098958333,0.010420735677083333,0.17499593098958333,0.010420735677083333,0,idle,784.0460644555674,48.03037313729838,760.6119871990799,59.26260698523622,0.04,0.045
1791329420.4287932,759.9989893896419,57.966584409629704,-267.2134378727262,-87.21343634317762,-1.774488195655326e-05,-8.636982851082041e-07,0.17499593098958333,0.010420735677083333,0.17499593098958333,0.010420735677083333,0,idle,750.0123508884179,50.88258451178106,760.081988525909,58.84360504105009,0.04,0.045
1791329420.445021,759.9989719994734,57.96658356319656,-267.21343829684764,-87.21343680170784,-1.7390168560114927e-05,-8.464331475668786e-07,0.17499593098958333,0.010420735677083333,0.17499593098958333,0.010420735677083333,0,idle,779.7160366487423,44.15921388819302,761.0636744113906,58.10938467929575,0.04,0.045
1791329420.4620101,759.9989549569689,57.96658273368543,-267.2134387121207,-87.21343725008201,-1.7042504531462643e-05,-8.295111331634108e-07,0.17499593098958333,0.010420735677083333,0.17499593098958333,0.010420735677083333,0,idle,742.8465999605612,40.73863782949624,760.1528044984699,57.2408465487702,0.04,0.045
1791329420.479664,759.998938255209,57.966581920759516,-267.2134391187835,-87.21343768866383,-1.6701759786563842e-05,-8.129259098511914e-07,0.17499593098958333,0.010420735677083333,0.17499593098958333,0.010420735677083333,0,idle,764.1988041530996,56.63516613096554,760.3550886145296,57.21056175560035,0.04,0.045
1791329420.496597,759.9989218874049,57.96658112408837,-267.2134395170593,-87.21343811778387,-1.6367804206497695e-05,-7.966711439149183e-07,0.17499593098958333,0.010420735677083333,0.17499593098958333,0.010420735677083333,0,idle,768.5401500367042,42.254337008861796,760.7643261362243,56.46274976142584,0.04,0.045
1791329420.513803,759.9989058468966,57.96658034334784,-267.21343990715826,-87.21343853774422,-1.6040508272525483e-05,-7.80740530878456e-07,0.17499593098958333,0.010420735677083333,0.17499593098958333,0.010420735677083333,0,idle,752.660578424277,55.05263801439558,760.359123512144,56.392243432370826,0.04,0.045
1791329420.530176,759.9988901271531,57.96657957822003,-267.2134402892792,-87.21343894882263,-1.5719743536739953e-05,-7.65127818410246e-07,0.17499593098958333,0.010420735677083333,0.17499593098958333,0.010420735677083333,0,idle,739.6649926022245,47.61067800434229,759.3244020328917,55.95316443409797,0.04,0.045
1791329420.547007,759.9988747217701,57.9665788283932,-267.21344066361115,-87.21343935127592,-1.540538296760457e-05,-7.498268231395617e-07,0.17499593098958333,0.010420735677083333,0.17499593098958333,0.010420735677083333,0,idle,760.9285971077612,72.27911148210262,759.4045971515213,56.76946107416272,0.04,0.045
1791329420.5641332,759.9988596244689,57.96657809356176,-267.21344103033437,-87.21343974534285,-1.5097301200431066e-05,-7.348314428461259e-07,0.17499593098958333,0.010420735677083333,0.17499593098958333,0.010420735677083333,0,idle,767.3101443227501,51.72296851552944,759.7998601676466,56.517135748141186,0.04,0.045
1791329420.581256,759.9988448290942,57.96657737342609,-267.21344138962144,-87.21344013124663,-1.4795374715738534e-05,-7.201356651397443e-07,0.17499593098958333,0.010420735677083333,0.17499593098958333,0.010420735677083333,0,idle,759.4380388416814,66.30811860735818,759.7817550457423,57.006684206973155,0.04,0.045
1791329420.598229,759.9988303296122,57.966576667692514,-267.21344174163806,-87.2134405091969,-1.4499481962994323e-05,-7.057335734817202e-07,0.17499593098958333,0.010420735677083333,0.17499593098958333,0.010420735677083333,0,idle,758.7575671406993,62.2465368505388,759.7305318759824,57.26867616870454,0.04,0.045
1791329420.615339,759.9988161201088,57.966575976073166,-267.2134420865438,-87.2134408793915,-1.4209503443072069e-05,-6.916193511970937e-07,0.17499593098958333,0.010420735677083333,0.17499593098958333,0.010420735677083333,0,idle,762.9821086854108,55.57820919985912,759.8930972174255,57.184152163223885,0.04,0.045
1791329420.632469,759.998802194787,57.96657529828588,-267.21344242449265,-87.21344124201799,-1.392532175957904e-05,-6.777872839717804e-07,0.17499593098958333,0.010420735677083333,0.17499593098958333,0.010420735677083333,0,idle,750.4773223787458,45.69327521598602,759.4222952464359,56.60960767196407,0.04,0.045
1791329420.649488,759.9987885479653,57.96657463405412,-267.2134427556336,-87.21344159725484,-1.3646821646774443e-05,-6.642317612104705e-07,0.17499593098958333,0.010420735677083333,0.17499593098958333,0.010420735677083333,0,idle,777.025488897919,58.363005527990666,760.3024419645294,56.69727693374523,0.04,0.045
1791329420.6668549,759.9987751740754,57.96657398310684,-267.21344308011095,-87.21344194527249,-1.3373889979946515e-05,-6.50947276540841e-07,0.17499593098958333,0.010420735677083333,0.17499593098958333,0.010420735677083333,0,idle,776.1904014790997,54.027528309130275,761.0968272350625,56.563788884114565,0.04,0.045
1791329420.683566,759.9987620676596,57.96657334517841,-267.2134433980648,-87.21344228623425,-1.310641577270326e-05,-6.379284276809175e-07,0.17499593098958333,0.010420735677083333,0.17499593098958333,0.010420735677083333,0,idle,764.7613482155922,41.05714287775533,761.280040832994,55.78845597776459,0.04,0.045
1791329420.700139,759.9987492233695,57.96657272000849,-267.2134437096313,-87.21344262029706,-1.2844290164555975e-05,-6.251699158340176e-07,0.17499593098958333,0.010420735677083333,0.17499593098958333,0.010420735677083333,0,idle,753.7496464400213,60.878647912035554,760.9035089112697,56.042964980566715,0.04,0.045
1791329420.717613,759.998736635963,57.966572107341946,-267.2134440149429,-87.21344294761208,-1.258740640135611e-05,-6.126665447359216e-07,0.17499593098958333,0.010420735677083333,0.17499593098958333,0.010420735677083333,0,idle,765.1663713080621,48.758978388535986,761.1166400730732,55.67876506893196,0.04,0.045
1791329420.734143,759.9987243003033,57.96657150692873,-267.21344431412865,-87.21344326832528,-1.2335659810523732e-05,-6.00413219448593e-07,0.17499593098958333,0.010420735677083333,0.17499593098958333,0.010420735677083333,0,idle,756.2675397403162,76.79573349579266,760.8741733375585,56.73461291988244,0.04,0.045
1791329420.751689,759.9987122113555,57.966570918523786,-267.21344460731433,-87.21344358257791,-1.208894777253308e-05,-5.884049449717686e-07,0.17499593098958333,0.010420735677083333,0.17499593098958333,0.010420735677083333,0,idle,744.0253853751487,64.87032661894733,760.0317224549377,57.141398045850984,0.04,0.045
1791329420.768343,759.9987003641858,57.966570341886964,-267.2134448946227,-87.21344389050687,-1.1847169689761783e-05,-5.766368247262641e-07,0.17499593098958333,0.010420735677083333,0.17499593098958333,0.010420735677083333,0,idle,758.5580162470952,65.5991219177568,759.9580258897344,57.56428369164129,0.04,0.045
1791329420.785172,759.9986887539588,57.966569776782904,-267.21344517617354,-87.21344419224502,-1.1610226953537963e-05,-5.65104058949615e-07,0.17499593098958333,0.010420735677083333,0.17499593098958333,0.010420735677083333,0,idle,739.1175007633645,42.63494070984022,758.9159886037003,56.81781600570238,0.04,0.045
1791329420.802808,759.9986773759359,57.96656922298096,-267.21344545208393,-87.21344448792154,-1.1378022910013007e-05,-5.538019430345843e-07,0.17499593098958333,0.010420735677083333,0.17499593098958333,0.010420735677083333,0,idle,775.4142027067389,57.53022418525916,759.7408884997304,56.85343588856837,0.04,0.045
1791329420.8195379,759.9986662254731,57.966568680255094,-267.21344572246824,-87.21344477766212,-1.1150462825331315e-05,-5.427258658334797e-07,0.17499593098958333,0.010420735677083333,0.17499593098958333,0.010420735677083333,0,idle,755.7257832507946,50.86599197173843,759.540122644344,56.5540631771373,0.04,0.045
1791329420.836621,759.9986552980192,57.966568148383786,-267.2134459874383,-87.21344506158921,-1.0927453850449883e-05,-5.318713079454629e-07,0.17499593098958333,0.010420735677083333,0.17499593098958333,0.010420735677083333,0,idle,767.1731059502856,72.21336409530585,759.9217614285599,57.33702771776799,0.04,0.045
1791329420.853378,759.9986445891143,57.96656762714995,-267.2134462471035,-87.21344533982219,-1.0708904985870934e-05,-5.212338399996369e-07,0.17499593098958333,0.010420735677083333,0.17499593098958333,0.010420735677083333,0,idle,778.4836949786101,71.53594882996298,760.8498479326026,58.04697327820559,0.04,0.045
1791329420.870469,759.9986340943873,57.966567116340826,-267.21344650157084,-87.21344561247749,-1.049472704648299e-05,-5.108091209434334e-07,0.17499593098958333,0.010420735677083333,0.17499593098958333,0.010420735677083333,0,idle,769.487937410813,61.516042429182576,761.2817424365224,58.22042625048577,0.04,0.045
1791329420.88749,759.9986238095546,57.96656661574793,-267.213446750945,-87.21344587966887,-1.0284832626654608e-05,-5.005928963433226e-07,0.17499593098958333,0.010420735677083333,0.17499593098958333,0.010420735677083333,0,idle,767.1663315244116,71.20824109708816,761.5759621203258,58.86981651725264,0.04,0.045
1791329420.904445,759.9986137304186,57.966566125166935,-267.2134469953286,-87.21344614150738,-1.0079136065686258e-05,-4.905809967029697e-07,0.17499593098958333,0.010420735677083333,0.17499593098958333,0.010420735677083333,0,idle,752.5080670496677,60.20002431050775,761.1225577916136,58.936326440863446,0.04,0.045
1791329420.920406,759.9986038528651,57.9665656443976,-267.21344723482184,-87.2134463981016,-9.877553413696685e-06,-4.80769335802549e-07,0.17499593098958333,0.010420735677083333,0.17499593098958333,0.010420735677083333,0,idle,756.1722974823089,70.95970012128043,760.8750353924727,59.53749466815343,0.04,0.045
1791329420.93667,759.9985941728627,57.96656517324369,-267.21344746952303,-87.21344664955765,-9.68000239799812e-06,-4.711539090618744e-07,0.17499593098958333,0.010420735677083333,0.17499593098958333,0.010420735677083333,0,idle,754.5525907372835,68.03358258959466,760.5589039637109,59.962298616629276,0.04,0.045
1791329420.95371,759.9985846864603,57.966564711512895,-267.2134476995284,-87.21344689597936,-9.486402389998118e-06,-4.617307919291635e-07,0.17499593098958333,0.010420735677083333,0.17499593098958333,0.010420735677083333,0,idle,771.1199439913203,50.10405576135014,761.0869469530091,59.46938603522106,0.04,0.045
1791329420.9703941,759.9985753897859,57.96656425901676,-267.2134479249321,-87.21344713746826,-9.296674372653406e-06,-4.524961382966926e-07,0.17499593098958333,0.010420735677083333,0.17499593098958333,0.010420735677083333,0,idle,763.4743327988091,55.270152608800394,761.2063074134585,59.259423934028696,0.04,0.045
1791329420.986402,759.9985662790449,57.96656381557058,-267.2134481458265,-87.21344737412376,-9.110740908491781e-06,-4.434461789441063e-07,0.17499593098958333,0.010420735677083333,0.17499593098958333,0.010420735677083333,0,idle,759.7047177721881,67.23784302078657,761.131219276191,59.658344467092725,0.04,0.045
1791329421.0032902,759.9985573505188,57.966563380993364,-267.2134483623019,-87.21344760604312,-8.928526108211109e-06,-4.345772200098248e-07,0.17499593098958333,0.010420735677083333,0.17499593098958333,0.010420735677083333,0,idle,761.5544066491245,49.01567157039252,761.152370162738,59.12621040940936,0.04,0.045
1791329421.020343,759.9985486005633,57.96656295510772,-267.21344857444694,-87.21344783332157,-8.749955599859304e-06,-4.258856414907407e-07,0.17499593098958333,0.010420735677083333,0.17499593098958333,0.010420735677083333,0,idle,770.2452795294078,61.0418767511358,761.6070073186137,59.22199332190432,0.04,0.045
1791329421.0372422,759.9985400256068,57.966562537739826,-267.2134487823484,-87.21344805605236,-8.574956498595253e-06,-4.173678957702071e-07,0.17499593098958333,0.010420735677083333,0.17499593098958333,0.010420735677083333,0,idle,750.0770475407513,50.136699251648324,761.0305011835119,58.76772822189202,0.04,0.045
1791329421.054881,759.9985316221494,57.96656212871932,-267.2134489860912,-87.21344827432678,-8.403457377027842e-06,-4.090205061741585e-07,0.17499593098958333,0.010420735677083333,0.17499593098958333,0.010420735677083333,0,idle,759.0795480341793,75.28254342748009,760.9329455427608,59.59346859360194,0.04,0.045
1791329421.071734,759.9985233867611,57.96656172787925,-267.21344918575863,-87.21344848823425,-8.235388236128093e-06,-4.008400655551499e-07,0.17499593098958333,0.010420735677083333,0.17499593098958333,0.010420735677083333,0,idle,753.997603690351,49.96132705954714,760.5861706265215,59.11186113610114,0.04,0.045
1791329421.088479,759.9985153160807,57.96656133505602,-267.21344938143227,-87.21344869786235,-8.070680476707926e-06,-3.928232349039724e-07,0.17499593098958333,0.010420735677083333,0.17499593098958333,0.010420735677083333,0,idle,770.7361231105074,28.877570174342935,761.0936605835743,57.60014621483116,0.04,0.045
1791329421.104754,759.9985074068138,57.96656095008928,-267.2134495731921,-87.2134489032969,-7.90926687145796e-06,-3.849667419884855e-07,0.17499593098958333,0.010420735677083333,0.17499593098958333,0.010420735677083333,0,idle,745.4376134547449,68.1286207654678,760.3108507133294,58.12656957664459,0.04,0.045
1791329421.12129,759.9984996557323,57.9665605728219,-267.21344976111646,-87.21344910462189,-7.751081537535976e-06,-3.7726738001927086e-07,0.17499593098958333,0.010420735677083333,0.17499593098958333,0.010420735677083333,0,idle,760.4380516380368,48.279875812163084,760.3172033960374,57.6342345300165,0.04,0.045
1791329421.137812,759.9984920596723,57.96656020309989,-267.2134499452821,-87.2134493019197,-7.5960599096971625e-06,-3.697220063416446e-07,0.17499593098958333,0.010420735677083333,0.17499593098958333,0.010420735677083333,0,idle,742.1064670289611,64.73393395196337,759.4066593614266,57.98921914987793,0.04,0.045
1791329421.155311,759.9984846155336,57.96655984077235,-267.2134501257642,-87.21344949527095,-7.444138713956904e-06,-3.623275411536163e-07,0.17499593098958333,0.010420735677083333,0.17499593098958333,0.010420735677083333,0,idle,752.7880815403367,59.41625684006679,759.0757233984402,58.06057069017621,0.04,0.045
1791329421.1713102,759.9984773202776,57.966559485691384,-267.2134503026365,-87.2134496847547,-7.295255941776651e-06,-3.5508096624929343e-07,0.17499593098958333,0.010420735677083333,0.17499593098958333,0.010420735677083333,0,idle,756.8717722903775,71.85564619332521,758.965518912544,58.750324128006746,0.04,0.045
1791329421.187896,759.9984701709268,57.96655913771206,-267.2134504759712,-87.21344987044837,-7.149350824763338e-06,-3.479793237873055e-07,0.17499593098958333,0.010420735677083333,0.17499593098958333,0.010420735677083333,0,idle,755.6654124994999,45.50270786160537,758.8005068000085,58.08794298410632,0.04,0.045
1791329421.205617,759.998463164563,57.96655879669235,-267.21345064583903,-87.21345005242782,-7.006363809872733e-06,-3.4101971508374905e-07,0.17499593098958333,0.010420735677083333,0.17499593098958333,0.010420735677083333,0,idle,761.7168727332821,44.087586552868004,758.9463184406266,57.38792483857568,0.04,0.045
1791329421.2214358,759.9984562983265,57.96655846249305,-267.2134508123095,-87.21345023076738,-6.866236535107178e-06,-3.3419929942920267e-07,0.17499593098958333,0.010420735677083333,0.17499593098958333,0.010420735677083333,0,idle,763.7411497837589,81.96263066018898,759.1860534848585,58.61665981216701,0.04,0.045
1791329421.23804,759.9984495694147,57.96655813497775,-267.2134509754504,-87.21345040553993,-6.728911805698195e-06,-3.275152929293544e-07,0.17499593098958333,0.010420735677083333,0.17499593098958333,0.010420735677083333,0,idle,740.2444093589299,86.53029266907575,758.2389648860958,60.012341143872916,0.04,0.045
1791329421.255957,759.998442975081,57.96655781401279,-267.21345113532846,-87.21345057681684,-6.594333570764567e-06,-3.209649673687734e-07,0.17499593098958333,0.010420735677083333,0.17499593098958333,0.010420735677083333,0,idle,768.7078635166481,57.57574382412217,758.7624035530065,59.89051097296866,0.04,0.045
1791329421.272825,759.9984365126342,57.966557499467136,-267.21345129200887,-87.21345074466802,-6.462446900436594e-06,-3.145456490973705e-07,0.17499593098958333,0.010420735677083333,0.17499593098958333,0.010420735677083333,0,idle,770.8532657446261,65.47653594977159,759.3669405232629,60.16981192299044,0.04,0.045
1791329421.289227,759.9984301794362,57.96655719121242,-267.2134514455557,-87.21345090916206,-6.333197963437371e-06,-3.082547179391098e-07,0.17499593098958333,0.010420735677083333,0.17499593098958333,0.010420735677083333,0,idle,757.3058640882202,29.561569711604253,759.2638806849727,58.63939951957915,0.04,0.045
1791329421.30605,759.9984239729023,57.96655688912281,-267.21345159603146,-87.2134510703661,-6.206534005112056e-06,-3.0208960612253817e-07,0.17499593098958333,0.010420735677083333,0.17499593098958333,0.010420735677083333,0,idle,765.9727807317619,54.15701710328041,759.5993197911049,58.41528011177909,0.04,0.045
1791329421.323135,759.998417890499,57.96655659307502,-267.2134517434977,-87.21345122834596,-6.08240332589629e-06,-2.96047797232683e-07,0.17499593098958333,0.010420735677083333,0.17499593098958333,0.010420735677083333,0,idle,763.0792868638538,65.45941929119333,759.7733123664592,58.767486789504396,0.04,0.045
1791329421.339587,759.9984119297437,57.96655630294819,-267.2134518880146,-87.21345138316617,-5.960755260215019e-06,-2.9012682518390535e-07,0.17499593098958333,0.010420735677083333,0.17499593098958333,0.010420735677083333,0,idle,752.0580253869686,79.5513821994539,759.3875423547671,59.80668128438138,0.04,0.045
1791329421.355584,759.9984060882035,57.96655601862392,-267.21345202964113,-87.21345153488987,-5.841540155803192e-06,-2.843242732132968e-07,0.17499593098958333,0.010420735677083333,0.17499593098958333,0.010420735677083333,0,idle,768.4099396943593,57.427938261177985,759.8386566722835,59.687743863113155,0.04,0.045
1791329421.3726878,759.9984003634942,57.96655573998615,-267.21345216843514,-87.21345168357907,-5.7247093534399235e-06,-2.786377728941918e-07,0.17499593098958333,0.010420735677083333,0.17499593098958333,0.010420735677083333,0,idle,746.1281352158964,34.5962895634615,759.1531251609903,58.433170883424694,0.04,0.045
1791329421.389778,759.9983947532791,57.96655546692114,-267.21345230445326,-87.21345182929443,-5.610215167087881e-06,-2.7306500316942107e-07,0.17499593098958333,0.010420735677083333,0.17499593098958333,0.010420735677083333,0,idle,730.7147813213073,56.87557293131395,757.7312026393017,58.355290726407404,0.04,0.045
1791329421.406881,759.9983892552682,57.966555199317455,-267.21345243775096,-87.21345197209546,-5.498010864429819e-06,-2.6760368940389085e-07,0.17499593098958333,0.010420735677083333,0.17499593098958333,0.010420735677083333,0,idle,752.5857717301753,43.37422507946469,757.4739258707351,57.60623718983676,0.04,0.045
1791329421.423902,759.9983838672175,57.96655493706585,-267.2134525683827,-87.21345211204043,-5.388050647794334e-06,-2.622516024561085e-07,0.17499593098958333,0.010420735677083333,0.17499593098958333,0.010420735677083333,0,idle,731.8979876976352,45.208082338626454,756.1951238434319,56.98632919813722,0.04,0.045
1791329421.440253,759.9983785869279,57.966554680059296,-267.2134526964018,-87.21345224918646,-5.28028963546306e-06,-2.5700655776828027e-07,0.17499593098958333,0.010420735677083333,0.17499593098958333,0.010420735677083333,0,idle,762.2376770652519,52.05062306281631,756.4972464882478,56.739543647214944,0.04,0.045
1791329421.457741,759.9983734122441,57.96655442819288,-267.2134528218605,-87.21345238358957,-5.174683843351698e-06,-2.518664144746067e-07,0.17499593098958333,0.010420735677083333,0.17499593098958333,0.010420735677083333,0,idle,754.546910132169,36.74692075312405,756.3997247544943,55.7399122632373,0.04,0.045
1791329421.474848,759.998368341054,57.966554181363804,-267.21345294481006,-87.21345251530458,-5.071190167057401e-06,-2.4682907452741366e-07,0.17499593098958333,0.010420735677083333,0.17499593098958333,0.010420735677083333,0,idle,766.310298311408,47.869504157317074,756.8952486147093,55.34639162345367,0.04,0.045
1791329421.4911108,759.9983633712876,57.966553939471325,-267.2134530653006,-87.21345264438528,-4.969766364265196e-06,-2.418924818407561e-07,0.17499593098958333,0.010420735677083333,0.17499593098958333,0.010420735677083333,0,idle,767.9784108769666,46.09016273222135,757.4494020065441,54.8835799490942,0.04,0.045
1791329421.506892,759.9983585009165,57.966553702416704,-267.2134531833813,-87.21345277088435,-4.870371037506259e-06,-2.3705462145115826e-07,0.17499593098958333,0.010420735677083333,0.17499593098958333,0.010420735677083333,0,idle,762.6166314971607,65.54667415840366,757.7077588542224,55.41673443435778,0.04,0.045
1791329421.524769,759.9983537279529,57.966553470103186,-267.2134532991004,-87.21345289485343,-4.772963617261029e-06,-2.323135186951327e-07,0.17499593098958333,0.010420735677083333,0.17499593098958333,0.010420735677083333,0,idle,748.6807631451057,63.47719106343553,757.2564045344511,55.819757045113825,0.04,0.045
1791329421.5414798,759.9983490504486,57.96655324243595,-267.21345341250515,-87.21345301634311,-4.677504345400238e-06,-2.2766723840315538e-07,0.17499593098958333,0.010420735677083333,0.17499593098958333,0.010420735677083333,0,idle,740.3500423751242,75.68043691749676,756.4110819828556,56.812790822449095,0.04,0.045
1791329421.558083,759.9983444664944,57.96655301932206,-267.21345352364176,-87.21345313540299,-4.583954258957126e-06,-2.2311388410975667e-07,0.17499593098958333,0.010420735677083333,0.17499593098958333,0.010420735677083333,0,idle,766.0909981778691,54.10167437509051,756.8950734378498,56.67723478812297,0.04,0.045
1791329421.575687,759.9983399742192,57.96655280067046,-267.2134536325557,-87.21345325208169,-4.4922751742242e-06,-2.1865159727941561e-07,0.17499593098958333,0.010420735677083333,0.17499593098958333,0.010420735677083333,0,idle,772.9537815520016,68.96688673370784,757.698004575896,57.291717177683196,0.04,0.045
1791329421.5922198,759.9983355717895,57.966552586391906,-267.2134537392913,-87.2134533664268,-4.402429671168064e-06,-2.14278556547939e-07,0.17499593098958333,0.010420735677083333,0.17499593098958333,0.010420735677083333,0,idle,773.5756652767308,69.68903278393361,758.4918834286295,57.91158275443109,0.04,0.045
1791329421.6097379,759.9983312574085,57.96655237639893,-267.21345384389224,-87.21345347848502,-4.314381078155939e-06,-2.0999297697900503e-07,0.17499593098958333,0.010420735677083333,0.17499593098958333,0.010420735677083333,0,idle,756.733467995089,59.886386151709985,758.4039585582905,58.0103227248017,0.04,0.045
1791329421.626291,759.9983270293151,57.96655217060582,-267.2134539464011,-87.21345358830206,-4.228093456987658e-06,-2.0579310933558876e-07,0.17499593098958333,0.010420735677083333,0.17499593098958333,0.010420735677083333,0,idle,774.9525096668448,48.1184412200615,759.2313820970294,57.51572845406124,0.04,0.045
1791329421.642783,759.9983228857835,57.966551968928584,-267.2134540468598,-87.21345369592275,-4.1435315882270235e-06,-2.016772393659497e-07,0.17499593098958333,0.010420735677083333,0.17499593098958333,0.010420735677083333,0,idle,738.5913339692355,43.732244409334506,758.1993757542847,56.82655406023153,0.04,0.045
1791329421.660167,759.9983188251225,57.9665517712849,-267.2134541453093,-87.21345380139103,-4.060660956826525e-06,-1.976436871039046e-07,0.17499593098958333,0.010420735677083333,0.17499593098958333,0.010420735677083333,0,idle,764.6911178000422,61.26088923114827,758.5239589989446,57.04827063101587,0.04,0.045
1791329421.677622,759.9983148456748,57.96655157759409,-267.21345424178986,-87.21345390474993,-3.979447738039573e-06,-1.9369080618309667e-07,0.17499593098958333,0.010420735677083333,0.17499593098958333,0.010420735677083333,0,idle,757.5364243293396,34.40097155842077,758.4745784849891,55.915905493379846,0.04,0.045
1791329421.694046,759.998310945816,57.96655138777711,-267.21345433634076,-87.21345400604166,-3.8998587836144815e-06,-1.8981698316498196e-07,0.17499593098958333,0.010420735677083333,0.17499593098958333,0.010420735677083333,0,idle,775.2663893444784,43.311111392667314,759.3141653230978,55.285665608018085,0.04,0.045
1791329421.711444,759.9983071239544,57.966551201756474,-267.21345442900065,-87.21345410530753,-3.821861608264571e-06,-1.8602063688024881e-07,0.17499593098958333,0.010420735677083333,0.17499593098958333,0.010420735677083333,0,idle,757.3791895442183,79.77345003980858,759.2174129033853,56.51005465288801,0.04,0.045
1791329421.72793,759.9983033785301,57.966551019456254,-267.2134545198074,-87.21345420258811,-3.7454243764088726e-06,-1.8230021778341707e-07,0.17499593098958333,0.010420735677083333,0.17499593098958333,0.010420735677083333,0,idle,777.4959096955887,61.57426704569489,760.1313341848423,56.763265099343144,0.04,0.045
1791329421.74536,759.9982997080142,57.96655084080205,-267.213454608798,-87.2134542979231,-3.670515889178013e-06,-1.786542073203464e-07,0.17499593098958333,0.010420735677083333,0.17499593098958333,0.010420735677083333,0,idle,778.1103402363649,71.8329238508299,761.0302810004284,57.51674786719599,0.04,0.045
1791329421.761861,759.9982961109087,57.96655066572093,-267.21345469600874,-87.21345439135135,-3.5971055716799856e-06,-1.7508111730838993e-07,0.17499593098958333,0.010420735677083333,0.17499593098958333,0.010420735677083333,0,idle,746.1949620968282,49.616850500654635,760.2885116379981,57.12175283254186,0.04,0.045
1791329421.7793841,759.9982925857452,57.966550494141444,-267.21345478147526,-87.21345448291105,-3.525163460520603e-06,-1.7157948932894888e-07,0.17499593098958333,0.010420735677083333,0.17499593098958333,0.010420735677083333,0,idle,760.2503592535757,66.13281291055557,760.2866006698716,57.57230567344203,0.04,0.045
1791329421.796059,759.998289131085,57.96655032599355,-267.2134548652325,-87.21345457263956,-3.454660191573543e-06,-1.6814789413217286e-07,0.17499593098958333,0.010420735677083333,0.17499593098958333,0.010420735677083333,0,idle,770.6382718404294,59.70392418077041,760.8041809464723,57.67888643906795,0.04,0.045
1791329421.8139231,759.998285745518,57.96655016120862,-267.2134549473146,-87.21345466057349,-3.3855669879949906e-06,-1.6478493105357673e-07,0.17499593098958333,0.010420735677083333,0.17499593098958333,0.010420735677083333,0,idle,771.9577620615049,69.26754139236412,761.3618567859354,58.25831903018708,0.04,0.045
1791329421.831294,759.9982824276624,57.9665499997194,-267.213455027755,-87.21345474674875,-3.31785564847799e-06,-1.6148922744231176e-07,0.17499593098958333,0.010420735677083333,0.17499593098958333,0.010420735677083333,0,idle,745.1728883636176,73.65774933524884,760.5524052128567,59.028290392025404,0.04,0.045
1791329421.848091,759.9982791761638,57.96654984145996,-267.21345510658665,-87.2134548312005,-3.251498535741708e-06,-1.5825943810088328e-07,0.17499593098958333,0.010420735677083333,0.17499593098958333,0.010420735677083333,0,idle,755.5735590983724,38.71945512564355,760.3034598182088,58.01284847835984,0.04,0.045
1791329421.865933,759.9982759896952,57.96654968636572,-267.21345518384163,-87.21345491396322,-3.186468565250912e-06,-1.5509424473607003e-07,0.17499593098958333,0.010420735677083333,0.17499593098958333,0.010420735677083333,0,idle,751.450318186691,59.10600939506529,759.8607997094878,58.06750637685558,0.04,0.045
1791329421.883101,759.9982728669561,57.966549534373364,-267.2134552595515,-87.21345499507066,-3.1227391941610585e-06,-1.5199235542082388e-07,0.17499593098958333,0.010420735677083333,0.17499593098958333,0.010420735677083333,0,idle,786.6589149073621,62.61418852594641,761.2007025027793,58.294840339917386,0.04,0.045
1791329421.900975,759.9982698066717,57.96654938542086,-267.21345533374716,-87.21345507455597,-3.06028441048448e-06,-1.4895250406693556e-07,0.17499593098958333,0.010420735677083333,0.17499593098958333,0.010420735677083333,0,idle,736.9929854752027,76.70497500671019,759.9903137441304,59.21534693175215,0.04,0.045
1791329421.918234,759.998266807593,57.96654923944741,-267.21345540645893,-87.21345515245156,-2.9990787224732495e-06,-1.4597344990824584e-07,0.17499593098958333,0.010420735677083333,0.17499593098958333,0.010420735677083333,0,idle,752.4026040950516,33.96396963584093,759.6109254125518,57.95277792828181,0.04,0.045
1791329421.934803,759.9982638684959,57.966549096393436,-267.2134554777165,-87.21345522878924,-2.939097148214384e-06,-1.4305397699419274e-07,0.17499593098958333,0.010420735677083333,0.17499593098958333,0.010420735677083333,0,idle,764.9716904782899,45.21952102150879,759.8789608736963,57.31611494704188,0.04,0.045
1791329421.9514198,759.9982609881807,57.96654895620054,-267.21345554754885,-87.21345530360017,-2.880315205433147e-06,-1.4019289369349017e-07,0.17499593098958333,0.010420735677083333,0.17499593098958333,0.010420735677083333,0,idle,735.5183097354973,47.117031993000026,758.660925580487,56.806160666156536,0.04,0.045
1791329421.968353,759.9982581654718,57.96654881881151,-267.21345561598457,-87.21345537691487,-2.8227089015002857e-06,-1.3738903220773025e-07,0.17499593098958333,0.010420735677083333,0.17499593098958333,0.010420735677083333,0,idle,749.5881557875229,64.12998219290566,758.2072844092653,57.17235161197441,0.04,0.045
1791329421.9847639,759.9982553992171,57.96654868417026,-267.2134556830516,-87.21345544876328,-2.7662547236391197e-06,-1.3464124809471588e-07,0.17499593098958333,0.010420735677083333,0.17499593098958333,0.010420735677083333,0,idle,764.9216530126319,54.57509531958037,758.5430002114916,57.042488669445525,0.04,0.045
1791329422.001289,759.9982526882875,57.966548552221845,-267.21345574877733,-87.21345551917474,-2.7109296293284908e-06,-1.319484198013281e-07,0.17499593098958333,0.010420735677083333,0.17499593098958333,0.010420735677083333,0,idle,767.3673905247946,60.11380346498541,758.9842171517737,57.19605428387152,0.04,0.045
1791329422.017832,759.9982500315765,57.966548422912396,-267.2134558131885,-87.21345558817798,-2.6567110368976535e-06,-1.2930944820573535e-07,0.17499593098958333,0.010420735677083333,0.17499593098958333,0.010420735677083333,0,idle,771.8111562244217,68.47711924144751,759.6255615815306,57.76010740890634,0.04,0.045
1791329422.0353558,759.9982474279997,57.96654829618914,-267.21345587631146,-87.21345565580114,-2.6035768163092654e-06,-1.2672325616875712e-07,0.17499593098958333,0.010420735677083333,0.17499593098958333,0.010420735677083333,0,idle,764.2448930107228,36.40155580159405,759.8565256795922,56.69217970815363,0.04,0.045
1791329422.051904,759.9982448764944,57.96654817200035,-267.21345593817193,-87.21345572207184,-2.551505280126722e-06,-1.241887880942042e-07,0.17499593098958333,0.010420735677083333,0.17499593098958333,0.010420735677083333,0,idle,765.5568591196617,74.48066162726255,760.1415399276657,57.58160368612973,0.04,0.045
1791329422.069727,759.9982423760192,57.966548050295344,-267.2134559987952,-87.21345578701711,-2.5004751746621417e-06,-1.217050094980092e-07,0.17499593098958333,0.010420735677083333,0.17499593098958333,0.010420735677083333,0,idle,755.9618498284916,58.145213369972936,759.9325530472556,57.60978405470213,0.04,0.045
1791329422.085264,759.9982399255535,57.96654793102444,-267.213456058206,-87.2134558506635,-2.4504656713013897e-06,-1.1927090658597666e-07,0.17499593098958333,0.010420735677083333,0.17499593098958333,0.010420735677083333,0,idle,764.5408444662332,66.39430506092607,760.1629652902622,58.049009991705965,0.04,0.045
1791329422.102079,759.9982375240971,57.96654781413895,-267.21345611642863,-87.21345591303695,-2.4014563580026064e-06,-1.1688548583997858e-07,0.17499593098958333,0.010420735677083333,0.17499593098958333,0.010420735677083333,0,idle,736.1136302423071,55.490943448788016,758.9604962564808,57.921106553518854,0.04,0.045
1791329422.118279,759.9982351706699,57.966547699591175,-267.2134561734868,-87.21345597416293,-2.3534272309647596e-06,-1.1454777361242605e-07,0.17499593098958333,0.010420735677083333,0.17499593098958333,0.010420735677083333,0,idle,755.771978183062,49.16972989675999,758.801068117054,57.48353761186053,0.04,0.045
1791329422.1355782,759.9982328643111,57.96654758733436,-267.2134562290708,-87.21345603398824,-2.3063586864626773e-06,-1.1225681573199586e-07,0.17151692708333333,0.010420735677083333,0.17151692708333333,0.010420735677083333,0,idle,747.2807388244652,53.51401615102438,758.2250494613837,57.28506143217474,0.04,0.045
1791329422.152118,759.9982306040796,57.966547477322685,-267.21345628348337,-87.21345609254324,-2.260231512845853e-06,-1.1001167710745081e-07,0.17383626302083333,0.010420735677083333,0.17383626302083333,0.010420735677083333,0,idle,778.5146170688456,71.32035063311135,759.2395256945368,57.98682578771048,0.04,0.045
1791329422.1682858,759.9982283890527,57.96654736951125,-267.2134563356472,-87.21345614959824,-2.2150268826962944e-06,-1.0781144135958299e-07,0.16165974934895833,0.010420735677083333,0.16165974934895833,0.010420735677083333,0,idle,777.087480895731,59.50779145176963,760.1319213503209,58.06287396849257,0.04,0.045
1791329422.1851132,759.9982262183263,57.966547263856036,-267.21345638581096,-87.21345620503591,-2.1707263451445974e-06,-1.0565521043206174e-07,0.16165974934895833,0.010420735677083333,0.16165974934895833,0.010420735677083333,0,idle,795.3935342406579,44.25306580011009,761.8949999326477,57.37238345970099,0.04,0.045
1791329422.202018,759.9982240910144,57.96654716031393,-267.21345643418135,-87.21345625881494,-2.127311818338892e-06,-1.0354210422668038e-07,0.16165974934895833,0.010420735677083333,0.16165974934895833,0.010420735677083333,0,idle,760.42265082899,57.75346534131215,761.8213804565186,57.39143745541655,0.04,0.045
1791329422.2196999,759.9982220062489,57.96654705884267,-267.21345648093114,-87.21345631094427,-2.0847655820644357e-06,-1.0147126024536838e-07,0.16165974934895833,0.010420735677083333,0.16165974934895833,0.010420735677083333,0,idle,768.907170892492,59.58984637638495,762.1756679977899,57.50135780506727,0.04,0.045
1791329422.236629,759.9982199631786,57.96654695940084,-267.2134565272945,-87.21345636172035,-2.0430702705112732e-06,-9.944183322987205e-08,0.17499593098958333,0.010420735677083333,0.17499593098958333,0.010420735677083333,0,idle,765.3697396963059,66.29567601550404,762.3353696417989,57.941073621119365,0.04,0.045
1791329422.253279,759.9982179609698,57.96654686194784,-267.2134565731901,-87.213456411351,-2.0022088651854633e-06,-9.745299483092463e-08,0.17499593098958333,0.010420735677083333,0.17499593098958333,0.010420735677083333,0,idle,751.5208437413982,46.08939943824213,761.7946414446806,57.348489819395155,0.04,0.045
1791329422.269862,759.9982159988051,57.966546766443905,-267.2134566185523,-87.21345645997987,-1.9621646879628117e-06,-9.550393326895042e-08,0.17499593098958333,0.010420735677083333,0.17499593098958333,0.010420735677083333,0,idle,754.0870606318964,62.95670244503481,761.4092605399849,57.628900359948396,0.04,0.045
1791329422.28745,759.9982140758838,57.96654667285005,-267.2134566633288,-87.21345650770462,-1.922921394281515e-06,-9.359385300186605e-08,0.17499593098958333,0.010420735677083333,0.17499593098958333,0.010420735677083333,0,idle,746.486721541971,48.77373550106786,760.6631317633089,57.18614202809021,0.04,0.045
1791329422.304037,759.9982121914207,57.96654658112808,-267.2134567074786,-87.21345655459035,-1.8844629664709417e-06,-9.17219743997532e-08,0.17499593098958333,0.010420735677083333,0.17499593098958333,0.010420735677083333,0,idle,757.5244106963801,54.03628803113081,760.5061939197226,57.028649241106365,0.04,0.045
1791329422.3207538,759.9982103446471,57.96654649124054,-267.2134567509699,-87.21345660067944,-1.846773707213829e-06,-8.988753342620194e-08,0.17499593098958333,0.010420735677083333,0.17499593098958333,0.010420735677083333,0,idle,771.5127858676882,54.43394353998776,761.0565217626859,56.898913870657275,0.04,0.045
1791329422.337114,759.9982085348089,57.96654640315076,-267.2134567937788,-87.21345664599868,-1.809838233139229e-06,-8.808978132615025e-08,0.17499593098958333,0.010420735677083333,0.17499593098958333,0.010420735677083333,0,idle,765.3274104344739,58.37712554053249,761.270064476929,56.97282437046574,0.04,0.045
1791329422.3535948,759.9982067611675,57.96654631682277,-267.213456835888,-87.21345669056454,-1.7736414685435922e-06,-8.632798432005181e-08,0.17499593098958333,0.010420735677083333,0.17499593098958333,0.010420735677083333,0,idle,758.1036487796565,45.004973997332584,761.1117420071059,56.37443176979749,0.04,0.045
1791329422.3700411,759.9982050229988,57.96654623222135,-267.2134568772856,-87.21345673438681,-1.7381686392374271e-06,-8.460142330422442e-08,0.17499593098958333,0.010420735677083333,0.17499593098958333,0.010420735677083333,0,idle,766.6274941833728,52.69920769338659,761.3875279646591,56.190670485605594,0.04,0.045
1791329422.3876228,759.9982033195936,57.96654614931195,-267.21345691796415,-87.2134567774713,-1.7034052665150235e-06,-8.290939355723716e-08,0.17499593098958333,0.010420735677083333,0.17499593098958333,0.010420735677083333,0,idle,751.989716801764,65.30580044997798,760.9176357882793,56.64642690506029,0.04,0.045
1791329422.404083,759.9982016502564,57.96654606806075,-267.21345695792,-87.2134568198215,-1.6693371612447799e-06,-8.125120445220089e-08,0.17499593098958333,0.010420735677083333,0.17499593098958333,0.010420735677083333,0,idle,772.0481710069803,36.13877361461765,761.474160963344,55.62104416334952,0.04,0.045
1791329422.421129,759.998200014306,57.966545988434575,-267.2134569971525,-87.21345686144,-1.6359504180777231e-06,-7.962617917483558e-08,0.17499593098958333,0.010420735677083333,0.17499593098958333,0.010420735677083333,0,idle,768.1754309858179,66.49123156484366,761.8092229103148,56.164553457779355,0.04,0.045
1791329422.438547,759.9981984110746,57.96654591040092,-267.21345703566345,-87.21345690232917,-1.6032314097718574e-06,-7.803365444719152e-08,0.17499593098958333,0.010420735677083333,0.17499593098958333,0.010420735677083333,0,idle,749.5324138796474,52.464482276270616,761.1953809357116,55.97954982457195,0.04,0.045
1791329422.455081,759.9981968399078,57.96654583392794,-267.2134570734569,-87.2134569424918,-1.5711667816300254e-06,-7.647298025690679e-08,0.17499593098958333,0.010420735677083333,0.17499593098958333,0.010420735677083333,0,idle,766.5795522798124,69.43580796010103,761.4645880103081,56.65236265869907,0.04,0.045
1791329422.47263,759.9981953001643,57.96654575898442,-267.21345711053834,-87.2134569819313,-1.5397434460490122e-06,-7.494351959188777e-08,0.17499593098958333,0.010420735677083333,0.17499593098958333,0.010420735677083333,0,idle,757.1740551508447,55.91942894602325,761.2500599045786,56.61571590186893,0.04,0.045
1791329422.489203,759.9981937912157,57.96654568553977,-267.2134571469147,-87.2134570206519,-1.508948577177666e-06,-7.344464818029959e-08,0.17499593098958333,0.010420735677083333,0.17499593098958333,0.010420735677083333,0,idle,761.3694044855757,43.785421395838995,761.2560257001273,55.97420110679502,0.04,0.045
1791329422.5058272,759.9981923124461,57.966545613564016,-267.2134571825941,-87.21345705865875,-1.4787696056818574e-06,-7.197575423575991e-08,0.17499593098958333,0.010420735677083333,0.17499593098958333,0.010420735677083333,0,idle,769.5195507926055,66.22717483563908,761.6692005499201,56.48684972486026,0.04,0.045
1791329422.523579,759.9981908632519,57.96654554302778,-267.21345721758524,-87.2134570959578,-1.4491942136141388e-06,-7.053623820763138e-08,0.17499593098958333,0.010420735677083333,0.17499593098958333,0.010420735677083333,0,idle,758.8424065697383,87.83507392267455,761.5278594741765,58.05426086774155,0.04,0.045
1791329422.539679,759.9981894430416,57.966545473902265,-267.21345725189775,-87.21345713255596,-1.4202103293860106e-06,-6.91255125363077e-08,0.17499593098958333,0.010420735677083333,0.17499593098958333,0.010420735677083333,0,idle,742.1229400742278,61.40521527503904,760.5576121549792,58.221808522437186,0.04,0.045
1791329422.5564659,759.9981880512355,57.96654540615926,-267.21345728554166,-87.21345716846078,-1.391806122840742e-06,-6.774300141339631e-08,0.17499593098958333,0.010420735677083333,0.17499593098958333,0.010420735677083333,0,idle,768.5683558784968,35.42861402982135,760.9581480189393,57.082148733450545,0.04,0.045
1791329422.573318,759.9981866872655,57.96654533977112,-267.2134573185274,-87.21345720368048,-1.363970000424736e-06,-6.638814054669606e-08,0.17499593098958333,0.010420735677083333,0.17499593098958333,0.010420735677083333,0,idle,752.9265460636116,51.41769407673802,760.5565666254014,56.79892593754619,0.04,0.045
1791329422.5904021,759.9981853505749,57.96654527471075,-267.2134573508656,-87.21345723822394,-1.336690600455466e-06,-6.50603769298754e-08,0.17499593098958333,0.010420735677083333,0.17499593098958333,0.010420735677083333,0,idle,765.4782269846539,52.86098745293374,760.802648373508,56.60202895150821,0.04,0.045
1791329422.6074429,759.9981840406181,57.96654521095158,-267.2134573825673,-87.21345727210044,-1.3099567884840547e-06,-6.375916861675732e-08,0.17499593098958333,0.010420735677083333,0.17499593098958333,0.010420735677083333,0,idle,764.4955861635974,73.20060136881693,760.9872940185535,57.43195751180244,0.04,0.045
1791329422.6245499,759.9981827568604,57.966545148467596,-267.2134574136434,-87.21345730531971,-1.2837576527506008e-06,-6.248398450011794e-08,0.17499593098958333,0.010420735677083333,0.17499593098958333,0.010420735677083333,0,idle,771.1618657740948,44.80401857330281,761.4960213867607,56.80056050551767,0.04,0.045
1791329422.641909,759.9981814987779,57.96654508723329,-267.21345744410513,-87.2134573378918,-1.2580824997304e-06,-6.123430409490797e-08,0.17499593098958333,0.010420735677083333,0.17499593098958333,0.010420735677083333,0,idle,757.7644301822737,57.53978052592087,761.309440631358,56.837521448365244,0.04,0.045
1791329422.6581178,759.9981802658571,57.966545027223674,-267.2134574739635,-87.213457369827,-1.2329208497692398e-06,-6.000961732581155e-08,0.17499593098958333,0.010420735677083333,0.17499593098958333,0.010420735677083333,0,idle,763.5309866938114,44.91415503137716,761.4205167632059,56.241353070506705,0.04,0.045
1791329422.675545,759.9981790575946,57.96654496841425,-267.2134575032296,-87.21345740113577,-1.2082624328059908e-06,-5.880942431905083e-08,0.17499593098958333,0.010420735677083333,0.17499593098958333,0.010420735677083333,0,idle,772.8086840550034,66.25658422781902,761.9899239799464,56.74211457250337,0.04,0.045
1791329422.69263,759.9981778734974,57.96654491078101,-267.2134575319145,-87.21345743182874,-1.1840971841807447e-06,-5.763323519835682e-08,0.17499593098958333,0.010420735677083333,0.17499593098958333,0.010420735677083333,0,idle,752.854776523878,59.99325617824199,761.5331654822506,56.904671598038725,0.04,0.045
1791329422.709623,759.9981767130822,57.96654485430044,-267.2134575600291,-87.21345746191658,-1.1604152405267896e-06,-5.648056988501875e-08,0.17499593098958333,0.010420735677083333,0.17499593098958333,0.010420735677083333,0,idle,775.2432483711113,61.81699473365348,762.2186685242992,57.15028770116292,0.04,0.045
1791329422.7265868,759.9981755758753,57.96654479894948,-267.21345758758423,-87.21345749141001,-1.1372069357447463e-06,-5.53509579019326e-08,0.17499593098958333,0.010420735677083333,0.17499593098958333,0.010420735677083333,0,idle,755.8591743407145,75.86499213381288,761.9006927347734,58.086022870212005,0.04,0.045
1791329422.743587,759.9981744614125,57.96654474470554,-267.21345761459065,-87.21345752031975,-1.1144627970572212e-06,-5.4243938181569194e-08,0.17499593098958333,0.010420735677083333,0.17499593098958333,0.010420735677083333,0,idle,759.8704111061307,41.588876579284864,761.7991775946017,57.261165504133906,0.04,0.045
1791329422.760608,759.998173369239,57.96654469154648,-267.2134576410589,-87.21345754865648,-1.0921735411423675e-06,-5.31590588777823e-08,0.17499593098958333,0.010420735677083333,0.17499593098958333,0.010420735677083333,0,idle,754.5112309814597,63.16365484716812,761.4347792263798,57.556289920784515,0.04,0.045
1791329422.777357,759.9981722989089,57.9665446394506,-267.21345766699943,-87.21345757643086,-1.070330070344774e-06,-5.209587718137975e-08,0.17499593098958333,0.010420735677083333,0.17499593098958333,0.010420735677083333,0,idle,757.6812618174604,68.02522857544183,761.2471023391203,58.0797368040263,0.04,0.045
1791329422.793437,759.9981712499855,57.966544588396644,-267.21345769242254,-87.2134576036534,-1.0489234689621354e-06,-5.105395913938452e-08,0.17499593098958333,0.010420735677083333,0.17499593098958333,0.010420735677083333,0,idle,743.7171832794897,54.40754439236209,760.3706053896615,57.89612713494183,0.04,0.045
1791329422.8100212,759.9981702220405,57.96654453836376,-267.2134577173383,-87.21345763033455,-1.0279449996061916e-06,-5.0032879477909614e-08,0.17499593098958333,0.010420735677083333,0.17499593098958333,0.010420735677083333,0,idle,769.1858577536838,38.0202756332523,760.8113670313148,56.902334512326114,0.04,0.045
1791329422.827472,759.9981692146544,57.96654448933154,-267.2134577417567,-87.21345765648464,-1.0073860996364463e-06,-4.9032221428574994e-08,0.17499593098958333,0.010420735677083333,0.17499593098958333,0.010420735677083333,0,idle,738.2175374900169,54.83137903194269,759.6816745972332,56.79878669172633,0.04,0.045
1791329422.8439622,759.9981682274159,57.966544441279964,-267.2134577656875,-87.2134576821139,-9.872383776652116e-07,-4.805157655839725e-08,0.17499593098958333,0.010420735677083333,0.17499593098958333,0.010420735677083333,0,idle,759.8419178746897,59.20123414598099,759.6896858232295,56.91890901879007,0.04,0.045
1791329422.861519,759.9981672599223,57.96654439418942,-267.21345778914036,-87.21345770723235,-9.67493610132552e-07,-4.709054460308029e-08,0.17499593098958333,0.010420735677083333,0.17499593098958333,0.010420735677083333,0,idle,743.5158076042833,60.64830766012335,758.8809909931632,57.10537890612071,0.04,0.045
1791329422.878138,759.9981663117785,57.966544348040685,-267.2134578121247,-87.21345773184994,-9.48143737949729e-07,-4.614873330364097e-08,0.17499593098958333,0.010420735677083333,0.17499593098958333,0.010420735677083333,0,idle,748.4943477245765,57.90141047515709,758.3616579289973,57.14518044073123,0.04,0.045
1791329422.8958888,759.9981653825977,57.966544302814924,-267.21345783464983,-87.21345775597645,-9.291808632097784e-07,-4.522575824630226e-08,0.17499593098958333,0.010420735677083333,0.17499593098958333,0.010420735677083333,0,idle,767.6537229585043,51.19765467300665,758.8262602977509,56.847804109380526,0.04,0.045
1791329422.913513,759.9981644720004,57.966544258493684,-267.21345785672486,-87.21345777962148,-9.105972459638734e-07,-4.432124270558756e-08,0.17499593098958333,0.010420735677083333,0.17499593098958333,0.010420735677083333,0,idle,764.5100120513968,38.39087083687402,759.1104470203658,55.924957403650026,0.04,0.045
1791329422.9303849,759.9981635796152,57.96654421505887,-267.21345787835867,-87.21345780279451,-8.92385301062163e-07,-4.3434817490554634e-08,0.17499593098958333,0.010420735677083333,0.17499593098958333,0.010420735677083333,0,idle,761.7192380797179,76.05458406494164,759.2408857255673,56.93143869545153,0.04,0.045
1791329422.947045,759.9981627050776,57.966544172492746,-267.21345789956007,-87.21345782550479,-8.745375950577916e-07,-4.256612079410374e-08,0.17499593098958333,0.010420735677083333,0.17499593098958333,0.010420735677083333,0,idle,757.6316979612751,56.388365334740705,759.160425506542,56.904284986978176,0.04,0.045
1791329422.964898,759.9981618480307,57.96654413077795,-267.21345792033765,-87.21345784776148,-8.5704684317284e-07,-4.171479804529968e-08,0.17499593098958333,0.010420735677083333,0.17499593098958333,0.010420735677083333,0,idle,771.7746195319316,56.74210609207874,759.791134393617,56.89617600260414,0.04,0.045
1791329422.98085,759.9981610081248,57.96654408989745,-267.21345794069987,-87.21345786957355,-8.399059063249461e-07,-4.08805017646479e-08,0.17499593098958333,0.010420735677083333,0.17499593098958333,0.010420735677083333,0,idle,767.6891793825062,64.65796344051755,760.1860358451509,57.284265335663335,0.04,0.045
1791329422.997062,759.998160185017,57.96654404983455,-267.21345796065503,-87.2134578909498,-8.231077882133942e-07,-4.0062891422264825e-08,0.17499593098958333,0.010420735677083333,0.17499593098958333,0.010420735677083333,0,idle,777.3773131603698,57.79753883354405,761.0455989289594,57.30992897249762,0.04,0.045
1791329423.014316,759.9981593783714,57.96654401057292,-267.2134579802112,-87.21345791189891,-8.066456324634816e-07,-3.926163329888504e-08,0.17499593098958333,0.010420735677083333,0.17499593098958333,0.010420735677083333,0,idle,756.1761669149453,48.05258481335523,760.8021265619453,56.84706172724195,0.04,0.045
1791329423.031187,759.9981585878587,57.96654397209652,-267.2134579993764,-87.21345793242932,-7.905127198279989e-07,-3.847640034964811e-08,0.17499593098958333,0.010420735677083333,0.17499593098958333,0.010420735677083333,0,idle,756.28018748209,59.21370207251984,760.5760288569655,56.96539370795326,0.04,0.045
1791329423.04838,759.9981578131562,57.96654393438965,-267.2134580181583,-87.21345795254939,-7.747024654446801e-07,-3.7706872070609666e-08,0.17499593098958333,0.010420735677083333,0.17499593098958333,0.010420735677083333,0,idle,761.7083068568362,61.75893258725411,760.6326420209917,57.205070616096776,0.04,0.045
1791329423.065579,759.9981570539478,57.966543897436914,-267.21345803656465,-87.21345797226725,-7.592084161485035e-07,-3.6952734367922275e-08,0.17499593098958333,0.010420735677083333,0.17499593098958333,0.010420735677083333,0,idle,743.5530531680163,39.14793308765416,759.7786618570949,56.302213704569546,0.04,0.045
1791329423.082766,759.9981563099236,57.966543861223236,-267.21345805460294,-87.21345799159094,-7.440242478377469e-07,-3.621367942963279e-08,0.17499593098958333,0.010420735677083333,0.17499593098958333,0.010420735677083333,0,idle,762.4211168125338,37.09782552312217,759.9107838980439,55.341994261094186,0.04,0.045
1791329423.099079,759.9981555807799,57.96654382573383,-267.2134580722805,-87.21345801052829,-7.291437628927219e-07,-3.5489405600044156e-08,0.17499593098958333,0.010420735677083333,0.17499593098958333,0.010420735677083333,0,idle,764.9870656551283,56.3273537483085,760.1645972932115,55.39126220173996,0.04,0.045
1791329423.116053,759.998154866219,57.96654379095421,-267.21345808960456,-87.21345802908701,-7.145608876461329e-07,-3.4779617256589307e-08,0.17499593098958333,0.010420735677083333,0.17499593098958333,0.010420735677083333,0,idle,756.5986876090168,41.448474611289654,759.986301130169,54.69412278917681,0.04,0.045
1791329423.133923,759.9981541659494,57.96654375687019,-267.2134581065822,-87.21345804727466,-7.002696699040297e-07,-3.4084024689167834e-08,0.17499593098958333,0.010420735677083333,0.17499593098958333,0.010420735677083333,0,idle,744.277435489705,50.87420914511066,759.2008571828895,54.50312707459368,0.04,0.045
1791329423.150041,759.9981534796851,57.966543723467844,-267.21345812322033,-87.21345806509865,-6.862642765163402e-07,-3.340234398189642e-08,0.17499593098958333,0.010420735677083333,0.17499593098958333,0.010420735677083333,0,idle,747.6298230202568,62.1975556010328,758.6223048228069,54.88784846918341,0.04,0.045
1791329423.167134,759.9981528071461,57.966543690733545,-267.2134581395257,-87.2134580825662,-6.725389909959929e-07,-3.273429689722378e-08,0.17499593098958333,0.010420735677083333,0.17499593098958333,0.010420735677083333,0,idle,778.4175581507645,60.87591145225002,759.6120668502926,55.18725158723916,0.04,0.045
1791329423.184038,759.9981521480579,57.96654365865393,-267.213458155505,-87.2134580996845,-6.590882111856574e-07,-3.207961076236322e-08,0.17499593098958333,0.010420735677083333,0.17499593098958333,0.010420735677083333,0,idle,766.5213549739302,65.4877381210625,759.9575306303408,55.702275883454696,0.04,0.045
1791329423.201813,759.9981515021515,57.96654362721591,-267.21345817116475,-87.21345811646047,-6.459064469711492e-07,-3.1438018357997164e-08,0.17499593098958333,0.010420735677083333,0.17499593098958333,0.010420735677083333,0,idle,752.3192280287607,68.50891280855296,759.5756148866507,56.34260769984349,0.04,0.045
1791329423.219566,759.9981508691632,57.96654359640665,-267.2134581865113,-87.21345813290097,-6.329883180405666e-07,-3.0809257809207044e-08,0.17499593098958333,0.010420735677083333,0.17499593098958333,0.010420735677083333,0,idle,773.9547629283004,40.47029015991198,760.2945716873943,55.54899179357812,0.04,0.045
1791329423.235204,759.9981502488346,57.96654356621358,-267.2134582015509,-87.21345814901268,-6.203285516882456e-07,-3.0193072478584985e-08,0.17499593098958333,0.010420735677083333,0.17499593098958333,0.010420735677083333,0,idle,771.2037938868433,59.73773312188927,760.8400322080546,55.758428831310255,0.04,0.045
1791329423.25279,759.9981496409126,57.96654353662437,-267.2134582162897,-87.21345816480219,-6.07921980662635e-07,-2.9589210861482795e-08,0.17499593098958333,0.010420735677083333,0.17499593098958333,0.010420735677083333,0,idle,758.3885447886776,66.6185204337662,760.7174572595599,56.3014333833233,0.04,0.045
1791329423.2692978,759.998149045149,57.966543507626945,-267.2134582307338,-87.21345818027595,-5.957635410572135e-07,-2.8997426483356547e-08,0.17499593098958333,0.010420735677083333,0.17499593098958333,0.010420735677083333,0,idle,762.5776765177591,73.49283892126675,760.8104676564944,57.161003632672916,0.04,0.045
1791329423.2868211,759.9981484613007,57.96654347920947,-267.213458244889,-87.21345819544023,-5.838482702435904e-07,-2.8417477799164136e-08,0.17499593098958333,0.010420735677083333,0.17499593098958333,0.010420735677083333,0,idle,755.8944581079193,50.08399724653555,760.5646666244098,56.80715328636945,0.04,0.045
1791329423.303305,759.9981478891294,57.966543451360344,-267.2134582587611,-87.21345821030124,-5.721713048459418e-07,-2.7849128094774723e-08,0.17499593098958333,0.010420735677083333,0.17499593098958333,0.010420735677083333,0,idle,741.2621058678961,60.76469134072615,759.5995380430214,57.00503016263062,0.04,0.045
1791329423.319767,759.9981473284015,57.9665434240682,-267.21345827235575,-87.21345822486505,-5.607278787559603e-07,-2.729214539034984e-08,0.17499593098958333,0.010420735677083333,0.17499593098958333,0.010420735677083333,0,idle,739.9685957125721,53.956284715622644,758.6179903938074,56.85259286435268,0.04,0.045
1791329423.337165,759.9981467788882,57.9665433973219,-267.21345828567854,-87.21345823913761,-5.495133211875037e-07,-2.6746302345657407e-08,0.17499593098958333,0.010420735677083333,0.17499593098958333,0.010420735677083333,0,idle,767.067734468862,62.003525514528214,759.0404770755225,57.11013947145247,0.04,0.045
1791329423.354604,759.9981462403651,57.966543371110525,-267.21345829873485,-87.21345825312471,-5.385230547701524e-07,-2.621137616727944e-08,0.17499593098958333,0.010420735677083333,0.17499593098958333,0.010420735677083333,0,idle,781.1167099033653,57.114631792027524,760.1442882053177,57.110364062580416,0.04,0.045
1791329423.371032,759.9981457126125,57.966543345423375,-267.21345831153,-87.21345826683208,-5.277525936808948e-07,-2.5687148517674973e-08,0.17499593098958333,0.010420735677083333,0.17499593098958333,0.010420735677083333,0,idle,779.4548895669161,55.413706045050176,761.1098177720327,57.02553113730111,0.04,0.045
1791329423.388526,759.998145195415,57.96654332024997,-267.2134583240693,-87.2134582802653,-5.171975418131788e-07,-2.517340542606254e-08,0.17499593098958333,0.010420735677083333,0.17499593098958333,0.010420735677083333,0,idle,759.4711256471815,58.96967153515007,761.0278826744524,57.12273813327882,0.04,0.045
1791329423.405036,759.9981446885614,57.96654329558003,-267.2134583363578,-87.21345829342987,-5.068535909825835e-07,-2.4669937201084052e-08,0.17499593098958333,0.010420735677083333,0.17499593098958333,0.010420735677083333,0,idle,773.1410194674419,51.59293466896232,761.633539032591,56.846247936626554,0.04,0.045
1791329423.422646,759.9981441918449,57.966543271403495,-267.21345834840054,-87.21345830633115,-4.967165191683757e-07,-2.4176538345216775e-08,0.17499593098958333,0.010420735677083333,0.17499593098958333,0.010420735677083333,0,idle,759.380957380696,72.23319018306427,761.5209094781155,57.61559502598073,0.04,0.045
1791329423.4393458,759.9981437050627,57.96654324771049,-267.2134583602024,-87.21345831897442,-4.867821887902364e-07,-2.369300747089588e-08,0.17499593098958333,0.010420735677083333,0.17499593098958333,0.010420735677083333,0,idle,754.0743248349879,39.547972277358674,761.1485797835161,56.712213866041274,0.04,0.045
1791329423.4559062,759.9981432280161,57.966543224491346,-267.2134583717683,-87.21345833136482,-4.77046545019453e-07,-2.3219147218315034e-08,0.17499593098958333,0.010420735677083333,0.17499593098958333,0.010420735677083333,0,idle,774.5047630121014,55.5914254008041,761.8163884917511,56.65617442072123,0.04,0.045
1791329423.4733598,759.9981427605105,57.966543201736584,-267.2134583831028,-87.2134583435074,-4.6750561412388625e-07,-2.275476417487115e-08,0.17499593098958333,0.010420735677083333,0.17499593098958333,0.010420735677083333,0,idle,759.3274213295077,69.2306841322675,761.6919396895086,57.28489988468152,0.04,0.045
1791329423.489999,759.9981423023551,57.96654317943692,-267.21345839421065,-87.21345835540716,-4.581555018460399e-07,-2.2299668796219535e-08,0.17499593098958333,0.010420735677083333,0.17499593098958333,0.010420735677083333,0,idle,745.1760500058323,74.06018139780625,760.8661447700771,58.123663939153076,0.04,0.045
1791329423.507778,759.9981418533627,57.966543157583246,-267.21345840509633,-87.2134583670689,-4.489923918135671e-07,-2.185367532890913e-08,0.17499593098958333,0.010420735677083333,0.17499593098958333,0.010420735677083333,0,idle,739.446535939646,48.674683716367014,759.7951639020127,57.651214907252786,0.04,0.045
1791329423.524725,759.9981414133501,57.96654313616664,-267.2134584157643,-87.2134583784974,-4.400125439815676e-07,-2.1416601734563768e-08,0.17499593098958333,0.010420735677083333,0.17499593098958333,0.010420735677083333,0,idle,766.949933960216,61.1179785239201,760.152901986911,57.82455306774038,0.04,0.045
1791329423.541271,759.9981409821379,57.966543115178375,-267.2134584262189,-87.21345838969735,-4.3121229310603896e-07,-2.0988269615580882e-08,0.17499593098958333,0.010420735677083333,0.17499593098958333,0.010420735677083333,0,idle,749.0582403732063,46.03092889752476,759.5981684965742,57.23487183929075,0.04,0.045
1791329423.558378,759.9981405595498,57.96654309460987,-267.2134584364644,-87.21345840067329,-4.225880472478584e-07,-2.0568504142315615e-08,0.17499593098958333,0.010420735677083333,0.17499593098958333,0.010420735677083333,0,idle,790.940373985434,63.433098079717716,761.1652783695586,57.544783131772014,0.04,0.045
1791329423.5755048,759.9981401454136,57.96654307445274,-267.213458446505,-87.21345841142971,-4.1413628630668543e-07,-2.0157133981721455e-08,0.17499593098958333,0.010420735677083333,0.17499593098958333,0.010420735677083333,0,idle,755.8035463349038,70.29382170465757,760.8971913743964,58.18223504126702,0.04,0.045
1791329423.5925472,759.99813973956,57.96654305469875,-267.2134584563448,-87.21345842197101,-4.0585356058418607e-07,-1.9753991227417934e-08,0.17499593098958333,0.010420735677083333,0.17499593098958333,0.010420735677083333,0,idle,745.3574696302015,77.99609508432262,760.1202049016257,59.17292802465351,0.04,0.045
1791329423.609361,759.9981393418235,57.96654303533983,-267.2134584659878,-87.21345843230148,-3.9773648937599277e-07,-1.93589113311574e-08,0.17499593098958333,0.010420735677083333,0.17499593098958333,0.010420735677083333,0,idle,770.8440196080029,66.0697747906026,760.6563952590949,59.51777034455999,0.04,0.045
1791329423.6260512,759.9981389520417,57.9665430163681,-267.21345847543796,-87.21345844242535,-3.8978175959182516e-07,-1.897173303566183e-08,0.17499593098958333,0.010420735677083333,0.17499593098958333,0.010420735677083333,0,idle,752.5524005111437,39.99958174391816,760.2511951514047,58.54186089650475,0.04,0.045
1791329423.643179,759.9981385700556,57.966542997775804,-267.2134584846991,-87.21345845234674,-3.8198612440320813e-07,-1.8592298308803478e-08,0.17499593098958333,0.010420735677083333,0.17499593098958333,0.010420735677083333,0,idle,760.8145756508713,48.545711476269624,760.2793638134913,58.042053407830316,0.04,0.045
1791329423.660392,759.9981381957092,57.96654297955535,-267.213458493775,-87.21345846206971,-3.7434640191823595e-07,-1.8220452279101706e-08,0.17499593098958333,0.010420735677083333,0.17499593098958333,0.010420735677083333,0,idle,767.6620879152179,62.77145223958864,760.6484996629486,58.278523332108804,0.04,0.045
1791329423.6769652,759.9981378288497,57.966542961699304,-267.2134585026694,-87.21345847159822,-3.668594738828407e-07,-1.7856043172509564e-08,0.17499593098958333,0.010420735677083333,0.17499593098958333,0.010420735677083333,0,idle,755.5220484899758,54.05285892064221,760.3921767557835,58.067240094572234,0.04,0.045
1791329423.694489,759.9981374693275,57.966542944200384,-267.2134585113859,-87.21345848093614,-3.5952228440803584e-07,-1.749892225046528e-08,0.17499593098958333,0.010420735677083333,0.17499593098958333,0.010420735677083333,0,idle,751.5868151168603,47.533072637095685,759.9519083322912,57.540531705074436,0.04,0.045
1791329423.711017,759.9981371169956,57.96654292705144,-267.2134585199281,-87.21345849008732,-3.523318387226141e-07,-1.714894374918216e-08,0.17499593098958333,0.010420735677083333,0.17499593098958333,0.010420735677083333,0,idle,762.5620349779658,68.06147937867954,760.0824143298596,58.0665790724632,0.04,0.045
1791329423.728631,759.9981367717104,57.96654291024548,-267.21345852829944,-87.21345849905548,-3.4528520195079236e-07,-1.6805964820153174e-08,0.17499593098958333,0.010420735677083333,0.17499593098958333,0.010420735677083333,0,idle,758.3878651113514,46.20793402294494,759.9976865409133,57.47364680402162,0.04,0.045
1791329423.745273,759.9981364333308,57.96654289377563,-267.21345853650337,-87.21345850784427,-3.383794979143029e-07,-1.646984547184491e-08,0.17499593098958333,0.010420735677083333,0.17499593098958333,0.010420735677083333,0,idle,754.967276055943,36.011282453134555,759.7461656952041,56.400528570830915,0.04,0.045
1791329423.762208,759.998136101719,57.966542877635185,-267.2134585445432,-87.21345851645728,-3.3161190795844316e-07,-1.6140448512558335e-08,0.17499593098958333,0.010420735677083333,0.17499593098958333,0.010420735677083333,0,idle,777.9728145065286,69.13081631691234,760.6574978207391,57.03704294280156,0.04,0.045
1791329423.779933,759.9981357767393,57.966542861817544,-267.2134585524222,-87.21345852489803,-3.2497966980160456e-07,-1.581763949443155e-08,0.17499593098958333,0.010420735677083333,0.17499593098958333,0.010420735677083333,0,idle,766.0147137296782,58.29559570793966,760.9253583074554,57.09997056603171,0.04,0.045
1791329423.796427,759.9981354582593,57.96654284631626,-267.21345856014364,-87.21345853316994,-3.184800764078104e-07,-1.5501286658563212e-08,0.17499593098958333,0.010420735677083333,0.17499593098958333,0.010420735677083333,0,idle,750.6482027907985,40.08180909402344,760.4115002290665,56.249062477705074,0.04,0.045
1791329423.813963,759.9981351461488,57.966542831125,-267.2134585677107,-87.21345854127644,-3.121104748818035e-07,-1.5191260881232958e-08,0.17499593098958333,0.010420735677083333,0.17499593098958333,0.010420735677083333,0,idle,779.1810987788175,58.766660936719006,761.3499798600491,56.37494238622407,0.04,0.045
1791329423.831254,759.9981348402805,57.96654281623756,-267.21345857512637,-87.21345854922082,-3.0586826538623165e-07,-1.4887435621198013e-08,0.17499593098958333,0.010420735677083333,0.17499593098958333,0.010420735677083333,0,idle,768.3032707990208,47.712629567754256,761.6976441164228,55.94182673115752,0.04,0.045
1791329423.848516,759.9981345405296,57.966542801647876,-267.21345858239374,-87.21345855700629,-2.9975090008048947e-07,-1.4589686868043192e-08,0.17499593098958333,0.010420735677083333,0.17499593098958333,0.010420735677083333,0,idle,766.1999931109704,41.999050407502246,761.9227612813868,55.24468790111455,0.04,0.045
1791329423.8656042,759.9981342467737,57.96654278734998,-267.21345858951577,-87.21345856463607,-2.9375588208078365e-07,-1.4297893091564441e-08,0.17499593098958333,0.010420735677083333,0.17499593098958333,0.010420735677083333,0,idle,732.713022131512,71.52239184807485,760.462274044825,56.05857308487957,0.04,0.045
1791329423.882724,759.9981339588929,57.96654277333804,-267.21345859649534,-87.21345857211324,-2.8788076444099656e-07,-1.4011935192164355e-08,0.17499593098958333,0.010420735677083333,0.17499593098958333,0.010420735677083333,0,idle,755.1981260816132,54.97399262504275,760.1990663731776,56.004344048576385,0.04,0.045
1791329423.899903,759.9981336767698,57.96654275960635,-267.2134586033353,-87.21345857944085,-2.821231491539328e-07,-1.373169645224001e-08,0.17499593098958333,0.010420735677083333,0.17499593098958333,0.010420735677083333,0,idle,756.7180619474486,66.32829304152739,760.0250158838743,56.520541485178825,0.04,0.045
1791329423.916277,759.9981334002891,57.96654274614929,-267.2134586100385,-87.21345858662195,-2.7648068617254077e-07,-1.3457062488542901e-08,0.17499593098958333,0.010420735677083333,0.17499593098958333,0.010420735677083333,0,idle,754.7793965261483,58.79296708934404,759.7627346533313,56.634162752602876,0.04,0.045
1791329423.933583,759.998133129338,57.966542732961365,-267.2134586166076,-87.2134585936594,-2.709510724507098e-07,-1.318792120549201e-08,0.17499593098958333,0.010420735677083333,0.17499593098958333,0.010420735677083333,0,idle,767.7763580560506,44.14331765115653,760.1634155660638,56.00962048500203,0.04,0.045
1791329423.950621,759.998132863806,57.966542720037204,-267.21345862304537,-87.21345860055611,-2.655320510032513e-07,-1.2924162749420016e-08,0.17499593098958333,0.010420735677083333,0.17499593098958333,0.010420735677083333,0,idle,758.0505947975178,58.14731224278876,760.057774275381,56.11650506061341,0.04,0.045
1791329423.9677172,759.9981326035845,57.966542707371524,-267.21345862935436,-87.21345860731489,-2.6022140998468037e-07,-1.266567946373515e-08,0.17499593098958333,0.010420735677083333,0.17499593098958333,0.010420735677083333,0,idle,776.2473352823079,31.311364794021014,760.867252078517,54.87624803525139,0.04,0.045
1791329423.984886,759.9981323485675,57.96654269495916,-267.21345863553717,-87.21345861393849,-2.550169817864217e-07,-1.2412365844979578e-08,0.17499593098958333,0.010420735677083333,0.17499593098958333,0.010420735677083333,0,idle,777.9731552785522,77.21589600084954,761.7225469962526,55.993230421739554,0.04,0.045
1791329424.001622,759.9981320986509,57.966542682795044,-267.21345864159633,-87.2134586204296,-2.499166421520713e-07,-1.2164118499766524e-08,0.17499593098958333,0.010420735677083333,0.17499593098958333,0.010420735677083333,0,idle,751.7152822251834,46.5970420320465,761.2221835202783,55.523420990698995,0.04,0.045
1791329424.018369,759.9981318537326,57.966542670874205,-267.2134586475343,-87.21345862679092,-2.449183093103534e-07,-1.192083610257895e-08,0.17499593098958333,0.010420735677083333,0.17499593098958333,0.010420735677083333,0,idle,764.4581884164993,55.75142745894037,761.383983532417,55.53482130278626,0.04,0.045
1791329424.0355892,759.9981316137126,57.96654265919179,-267.21345865335354,-87.21345863302501,-2.400199431254175e-07,-1.1682419354411909e-08,0.17499593098958333,0.010420735677083333,0.17499593098958333,0.010420735677083333,0,idle,745.9473254355245,61.03462540078253,760.6121503995535,55.80981149658778,0.04,0.045
1791329424.051863,759.9981313784931,57.96654264774302,-267.21345865905636,-87.21345863913442,-2.3521954426412989e-07,-1.1448770942242407e-08,0.17499593098958333,0.010420735677083333,0.17499593098958333,0.010420735677083333,0,idle,766.9124675260374,44.1145336379114,760.9271660324191,55.22504759277763,0.04,0.045
1791329424.0698009,759.9981311479779,57.96654263652322,-267.21345866464515,-87.21345864512162,-2.305151533800197e-07,-1.1219795499309517e-08,0.17499593098958333,0.010420735677083333,0.17499593098958333,0.010420735677083333,0,idle,773.2708612513718,54.3936600715889,761.5443505743773,55.183478206059384,0.04,0.045
1791329424.086272,759.9981309220731,57.96654262552782,-267.2134586701221,-87.21345865098908,-2.259048503135453e-07,-1.0995399566189201e-08,0.17499593098958333,0.010420735677083333,0.17499593098958333,0.010420735677083333,0,idle,781.4787618908789,56.42321140381125,762.5410709255927,55.245464855501346,0.04,0.045
1791329424.103717,759.9981307006864,57.96654261475233,-267.21345867548956,-87.21345865673919,-2.213867533083558e-07,-1.07754915526474e-08,0.17499593098958333,0.010420735677083333,0.17499593098958333,0.010420735677083333,0,idle,760.1022850316133,64.99759641861594,762.4191314205764,55.733071423420355,0.04,0.045
1791329424.120237,759.9981304837273,57.96654260419235,-267.2134586807497,-87.21345866237431,-2.1695901824322727e-07,-1.0559981700256246e-08,0.17499593098958333,0.010420735677083333,0.17499593098958333,0.010420735677083333,0,idle,767.2243136380629,49.55443082345097,762.6593903253396,55.42413938338991,0.04,0.045
1791329424.13775,759.9981302711075,57.96654259384356,-267.2134586859046,-87.21345866789672,-2.126198378793602e-07,-1.0348782045757921e-08,0.17499593098958333,0.010420735677083333,0.17499593098958333,0.010420735677083333,0,idle,775.0586181335932,56.05667089255652,763.2793515137635,55.45576594901689,0.04,0.045
1791329424.154349,759.9981300627401,57.96654258370176,-267.2134586909564,-87.21345867330868,-2.0836744112273096e-07,-1.0141806385161106e-08,0.17499593098958333,0.010420735677083333,0.17499593098958333,0.010420735677083333,0,idle,756.0469610481392,59.41007873743522,762.9177317925332,55.653481578803095,0.04,0.045
1791329424.171081,759.99812985854,57.96654257376279,-267.21345869590715,-87.2134586786124,-2.0420009230119637e-07,-9.938970238555612e-09,0.17499593098958333,0.010420735677083333,0.17499593098958333,0.010420735677083333,0,idle,762.7824177715669,63.23153464389801,762.9109658974949,56.03238422261582,0.04,0.045
1791329424.188582,759.9981296584239,57.966542564022596,-267.2134587007589,-87.21345868381005,-2.0011609045605604e-07,-9.740190815630763e-09,0.17499593098958333,0.010420735677083333,0.17499593098958333,0.010420735677083333,0,idle,750.3091322461713,50.041865196856406,762.2808740248183,55.732858262074664,0.04,0.045
1791329424.204583,759.9981294623101,57.96654255447721,-267.21345870551363,-87.21345868890374,-1.9611376864778352e-07,-9.545386981883272e-09,0.17499593098958333,0.010420735677083333,0.17499593098958333,0.010420735677083333,0,idle,745.9541286079246,68.86862022558418,761.4645365676656,56.38964635118202,0.04,0.045
1791329424.2214558,759.9981292701186,57.96654254512273,-267.21345871017326,-87.21345869389557,-1.9219149327564286e-07,-9.354479225501142e-09,0.17499593098958333,0.010420735677083333,0.17499593098958333,0.010420735677083333,0,idle,747.0931414403126,59.14119945639109,760.7459666287161,56.52722399755572,0.04,0.045
1791329424.238258,759.9981290817709,57.96654253595534,-267.2134587147397,-87.21345869878756,-1.8834766341091274e-07,-9.167389624909757e-09,0.17499593098958333,0.010420735677083333,0.17499593098958333,0.010420735677083333,0,idle,774.9095802737752,55.570383622771296,761.4541471320388,56.47938197010748,0.04,0.045
1791329424.2552488,759.9981288971902,57.9665425269713,-267.2134587192148,-87.21345870358171,-1.845807101434462e-07,-8.984041816967013e-09,0.17499593098958333,0.010420735677083333,0.17499593098958333,0.010420735677083333,0,idle,758.2083608008278,73.52542010596245,761.2918576401265,57.331683868365396,0.04,0.045
1791329424.272347,759.9981287163012,57.96654251816694,-267.2134587236004,-87.21345870827997,-1.8088909594129924e-07,-8.804360965794728e-09,0.17499593098958333,0.010420735677083333,0.17499593098958333,0.010420735677083333,0,idle,777.4133696414161,46.11906978027789,762.0979330683464,56.771053155596874,0.04,0.045
1791329424.289492,759.9981285390298,57.96654250953866,-267.2134587278983,-87.21345871288428,-1.7727131402316662e-07,-8.628273732233289e-09,0.17499593098958333,0.010420735677083333,0.17499593098958333,0.010420735677083333,0,idle,791.4633770349718,62.788921392065724,763.5662050982698,57.071946559223456,0.04,0.045
1791329424.306707,759.998128365304,57.966542501082955,-267.2134587321102,-87.21345871739648,-1.737258877433692e-07,-8.45570824390721e-09,0.17499593098958333,0.010420735677083333,0.17499593098958333,0.010420735677083333,0,idle,745.4150307519508,49.42502231608492,762.6586462159144,56.6896003390336,0.04,0.045
1791329424.323988,759.9981281950526,57.966542492796364,-267.2134587362379,-87.21345872181844,-1.7025136998914135e-07,-8.286594065889429e-09,0.17499593098958333,0.010420735677083333,0.17499593098958333,0.010420735677083333,0,idle,760.9069131812632,60.347371919025804,762.571059402443,56.87248891016095,0.04,0.045
1791329424.340201,759.9981280282062,57.9665424846755,-267.21345874028304,-87.21345872615197,-1.6684634258997275e-07,-8.12086217195232e-09,0.17499593098958333,0.010420735677083333,0.17499593098958333,0.010420735677083333,0,idle,768.8922875253273,54.21667705020634,762.8871206500831,56.7396983094484,0.04,0.045
1791329424.357862,759.9981278646968,57.96654247671705,-267.2134587442473,-87.21345873039884,-1.635094157387632e-07,-7.958444916393676e-09,0.17499593098958333,0.010420735677083333,0.17499593098958333,0.010420735677083333,0,idle,760.6616403109056,57.808373675652184,762.7758464777903,56.79313207019806,0.04,0.045
1791329424.37411,759.9981277044576,57.96654246891777,-267.21345874813227,-87.21345873456076,-1.6023922742455447e-07,-7.799276006426139e-09,0.17499593098958333,0.010420735677083333,0.17499593098958333,0.010420735677083333,0,idle,767.8552093704004,56.9356782605017,763.0298144701935,56.80025937230393,0.04,0.045
1791329424.3912241,759.9981275474231,57.96654246127448,-267.2134587519395,-87.21345873863946,-1.570344428766075e-07,-7.643290475118886e-09,0.17499593098958333,0.010420735677083333,0.17499593098958333,0.010420735677083333,0,idle,749.4556685595006,29.053684251987633,762.3511070254762,55.412930609026986,0.04,0.045
1791329424.4083898,759.9981273935293,57.96654245378405,-267.2134587556706,-87.21345874263656,-1.538937540195979e-07,-7.490424654880448e-09,0.17499593098958333,0.010420735677083333,0.17499593098958333,0.010420735677083333,0,idle,760.5890563266744,65.73117753346897,762.263004344337,55.92884294813318,0.04,0.045
1791329424.425666,759.9981272427134,57.966542446443434,-267.2134587593271,-87.21345874655374,-1.508158789397078e-07,-7.340616151471911e-09,0.17499593098958333,0.010420735677083333,0.17499593098958333,0.010420735677083333,0,idle,766.2684826234129,59.670563284518565,762.4632781150157,56.115928957978866,0.04,0.045
1791329424.442881,759.9981270949138,57.96654243924963,-267.2134587629105,-87.21345875039258,-1.4779956136139564e-07,-7.193803818539874e-09,0.17499593098958333,0.010420735677083333,0.17499593098958333,0.010420735677083333,0,idle,753.6490944639585,39.295920885863296,762.0225687920532,55.27492854753898,0.04,0.045
1791329424.4590771,759.9981269500702,57.9665424321997,-267.21345876642215,-87.2134587541546,-1.4484357013463064e-07,-7.049927732658653e-09,0.17499593098958333,0.010420735677083333,0.17499593098958333,0.010420735677083333,0,idle,759.1472025303517,48.484099160180705,761.8788003413667,54.935387071473635,0.04,0.045
1791329424.476801,759.9981268081235,57.966542425290775,-267.2134587698636,-87.21345875784142,-1.419466987323826e-07,-6.908929168871631e-09,0.17499593098958333,0.010420735677083333,0.17499593098958333,0.010420735677083333,0,idle,739.2234902607682,64.16418145697018,760.7460347024875,55.39682678418498,0.04,0.045
1791329424.492913,759.9981266690157,57.96654241852003,-267.21345877323625,-87.21345876145449,-1.391077647581619e-07,-6.770750576722064e-09,0.17499593098958333,0.010420735677083333,0.17499593098958333,0.010420735677083333,0,idle,754.5012931070107,57.04093652891831,760.4337974905612,55.479032264989435,0.04,0.045
1791329424.5097952,759.9981265326901,57.966542411884696,-267.2134587765414,-87.2134587649953,-1.3632560946340872e-07,-6.6353355567628606e-09,0.17499593098958333,0.010420735677083333,0.17499593098958333,0.010420735677083333,0,idle,760.3544812118924,34.44768723622913,760.4298315471184,54.427465007247854,0.04,0.045
1791329424.526289,759.998126399091,57.966542405382064,-267.21345877978047,-87.21345876846529,-1.3359909727453437e-07,-6.502628837536488e-09,0.17499593098958333,0.010420735677083333,0.17499593098958333,0.010420735677083333,0,idle,768.5652392804009,56.24853562844488,760.8366018068634,54.5185185321302,0.04,0.045
1791329424.542827,759.9981262681639,57.96654239900949,-267.2134587829548,-87.21345877186589,-1.309271153294219e-07,-6.372576253015043e-09,0.17499593098958333,0.010420735677083333,0.17499593098958333,0.010420735677083333,0,idle,768.5503647019243,57.6447502430458,761.2222898272357,54.674830111622036,0.04,0.045
1791329424.559963,759.9981261398553,57.96654239276437,-267.2134587860656,-87.21345877519846,-1.283085730231967e-07,-6.245124720491727e-09,0.17499593098958333,0.010420735677083333,0.17499593098958333,0.010420735677083333,0,idle,764.5601826856714,77.28591912005274,761.3891843482644,55.8053845561107,0.04,0.045
1791329424.577547,759.9981260141129,57.96654238664414,-267.21345878911416,-87.21345877846439,-1.2574240156308163e-07,-6.120222218914434e-09,0.17499593098958333,0.010420735677083333,0.17499593098958333,0.010420735677083333,0,idle,753.5819353795573,55.98278946546397,760.9988217803738,55.81425479576415,0.04,0.045
1791329424.594275,759.9981258908854,57.966542380646324,-267.2134587921018,-87.213458781665,-1.2322755353215506e-07,-5.9978177676525066e-09,0.17499593098958333,0.010420735677083333,0.17499593098958333,0.010420735677083333,0,idle,750.4564571877489,58.36103631953851,760.4717034336763,55.94159386625494,0.04,0.045
1791329424.6110048,759.9981257701223,57.966542374768466,-267.2134587950297,-87.2134587848016,-1.2076300246183374e-07,-5.877861405688396e-09,0.17499593098958333,0.010420735677083333,0.17499593098958333,0.010420735677083333,0,idle,759.3851420294139,55.341682299346246,760.4173752487384,55.91159828232554,0.04,0.045
1791329424.628203,759.9981256517746,57.96654236900816,-267.21345879789897,-87.21345878787548,-1.183477424129061e-07,-5.760304171225362e-09,0.17499593098958333,0.010420735677083333,0.17499593098958333,0.010420735677083333,0,idle,737.9967763553842,29.114574768915688,759.2963451916403,54.57174710118276,0.04,0.045
1791329424.6442502,759.9981255357937,57.96654236336306,-267.2134588007109,-87.21345879088787,-1.1598078756494478e-07,-5.6450980817030255e-09,0.17499593098958333,0.010420735677083333,0.17499593098958333,0.010420735677083333,0,idle,748.5975009044761,58.486687811912766,758.7614028671003,54.767494131356415,0.04,0.045
1791329424.661123,759.9981254221326,57.96654235783087,-267.21345880346655,-87.21345879384,-1.1366117181393093e-07,-5.532196114212635e-09,0.17499593098958333,0.010420735677083333,0.17499593098958333,0.010420735677083333,0,idle,753.5109854318714,59.31596973224019,758.4988818873608,54.99491790614502,0.04,0.045
1791329424.6778398,759.9981253107446,57.96654235240931,-267.2134588061671,-87.2134587967331,-1.1138794837792605e-07,-5.421552186303958e-09,0.17499593098958333,0.010420735677083333,0.17499593098958333,0.010420735677083333,0,idle,765.1722271779197,59.11011336962872,758.8325490460701,55.20067767416873,0.04,0.045
1791329424.694977,759.9981252015845,57.966542347096194,-267.2134588088137,-87.21345879956833,-1.0916018941063045e-07,-5.31312113717617e-09,0.17499593098958333,0.010420735677083333,0.17499593098958333,0.010420735677083333,0,idle,759.5771404424709,58.32640885235768,758.869778512188,55.35696422803071,0.04,0.045
1791329424.7121222,759.9981250946074,57.96654234188934,-267.21345881140735,-87.21345880234688,-1.0697698562267035e-07,-5.206858709244834e-09,0.17499593098958333,0.010420735677083333,0.17499593098958333,0.010420735677083333,0,idle,780.81525218993,62.02921566441401,759.9670520944469,55.690576794903365,0.04,0.045
1791329424.7281861,759.99812498977,57.96654233678662,-267.2134588139491,-87.21345880506985,-1.0483744591045944e-07,-5.1027215300775675e-09,0.17499593098958333,0.010420735677083333,0.17499593098958333,0.010420735677083333,0,idle,752.3178737301722,43.270507880576275,759.5845930766376,55.069573344339425,0.04,0.045
1791329424.74503,759.9981248870292,57.96654233178595,-267.21345881644004,-87.21345880773835,-1.0274069699248316e-07,-5.000667094690932e-09,0.17499593098958333,0.010420735677083333,0.17499593098958333,0.010420735677083333,0,idle,774.8557021205988,39.96351930432625,760.348148431232,54.31427063758814,0.04,0.045
1791329424.7620428,759.9981247863434,57.966542326885296,-267.2134588188811,-87.2134588103535,-1.0068588305285718e-07,-4.900653748201527e-09,0.17499593098958333,0.010420735677083333,0.17499593098958333,0.010420735677083333,0,idle,769.7914338254099,54.419410406256944,760.8203126052892,54.31952762136596,0.04,0.045
1791329424.779604,759.9981246876712,57.96654232208265,-267.2134588212734,-87.21345881291631,-9.867216539201486e-08,-4.8026406688239164e-09,0.17499593098958333,0.010420735677083333,0.17499593098958333,0.010420735677083333,0,idle,745.1331548260478,57.48170289032175,760.0359546225885,54.477636380251234,0.04,0.045
1791329424.795945,759.9981245909725,57.96654231737607,-267.2134588236178,-87.21345881542788,-9.669872208438087e-08,-4.706587851208627e-09,0.17499593098958333,0.010420735677083333,0.17499593098958333,0.010420735677083333,0,idle,758.5179521859937,77.08891469603333,759.960054408895,55.608200291569084,0.04,0.045
1791329424.81182,759.9981244962077,57.966542312763615,-267.2134588259154,-87.21345881788925,-9.47647476428914e-08,-4.612456090113486e-09,0.17499593098958333,0.010420735677083333,0.17499593098958333,0.010420735677083333,0,idle,769.9438275389032,70.00088616317596,760.4592429753689,56.3278345807676,0.04,0.045
1791329424.8288589,759.9981244033382,57.966542308243405,-267.21345882816695,-87.21345882030137,-9.286945269022386e-08,-4.520206964401467e-09,0.17499593098958333,0.010420735677083333,0.17499593098958333,0.010420735677083333,0,idle,767.0162058203433,37.61926843673435,760.7870910293916,55.39240626927174,0.04,0.045
1791329424.845962,759.9981243123261,57.966542303813604,-267.2134588303735,-87.21345882266525,-9.101206363660214e-08,-4.429802821358522e-09,0.17499593098958333,0.010420735677083333,0.17499593098958333,0.010420735677083333,0,idle,770.7135117356759,66.96956119205419,761.2834119782443,55.97126401120255,0.04,0.045
1791329424.8620548,759.9981242231343,57.966542299472394,-267.21345883253593,-87.21345882498183,-8.919182236404561e-08,-4.341206761325133e-09,0.17499593098958333,0.010420735677083333,0.17499593098958333,0.010420735677083333,0,idle,749.8313757969728,66.44284638369442,760.7108100844484,56.49484312570299,0.04,0.045
1791329424.8791108,759.9981241357262,57.96654229521801,-267.2134588346551,-87.21345882725208,-8.740798591693327e-08,-4.2543826226352225e-09,0.17499593098958333,0.010420735677083333,0.17499593098958333,0.010420735677083333,0,idle,751.3511146312186,56.683582491002774,760.2428252287493,56.50428008992632,0.04,0.045
1791329424.896777,759.9981240500664,57.96654229104872,-267.2134588367319,-87.21345882947693,-8.56598261987565e-08,-4.169294966856268e-09,0.17499593098958333,0.010420735677083333,0.17499593098958333,0.010420735677083333,0,idle,768.621731653523,39.412241406520565,760.6617704686112,55.6496781517952,0.04,0.045
1791329424.9127522,759.9981239661198,57.966542286962806,-267.21345883876717,-87.21345883165729,-8.394662967493685e-08,-4.085909064324595e-09,0.17499593098958333,0.010420735677083333,0.17499593098958333,0.010420735677083333,0,idle,786.7105460146524,75.29530605250443,761.964209166164,56.63195954294905,0.04,0.045
1791329424.9293199,759.9981238838521,57.96654228295861,-267.21345884076175,-87.21345883379405,-8.226769708158745e-08,-4.004190879970049e-09,0.17499593098958333,0.010420735677083333,0.17499593098958333,0.010420735677083333,0,idle,771.4328796633129,53.86497285417641,762.4376426128672,56.493610204706435,0.04,0.045
1791329424.945858,759.9981238032298,57.966542279034506,-267.2134588427164,-87.21345883588808,-8.062234314009911e-08,-3.9241070594241e-09,0.17499593098958333,0.010420735677083333,0.17499593098958333,0.010420735677083333,0,idle,770.5023021441535,61.188216735553404,762.8408755128403,56.728340527520885,0.04,0.045
1791329424.962892,759.9981237242199,57.96654227518888,-267.213458844632,-87.21345883794021,-7.900989627743487e-08,-3.845624915405757e-09,0.17499593098958333,0.010420735677083333,0.17499593098958333,0.010420735677083333,0,idle,764.851833056386,82.81836888195342,762.9414233149582,58.03284194158917,0.04,0.045
1791329424.980442,759.9981236467902,57.96654227142017,-267.21345884650924,-87.21345883995131,-7.742969835201845e-08,-3.768712414379833e-09,0.17499593098958333,0.010420735677083333,0.17499593098958333,0.010420735677083333,0,idle,752.5365580157339,56.57609041560347,762.4211799764388,57.96000436170961,0.04,0.045
1791329424.9969778,759.9981235709091,57.96654226772683,-267.213458848349,-87.2134588419222,-7.588110438510513e-08,-3.693338163482049e-09,0.17499593098958333,0.010420735677083333,0.17499593098958333,0.010420735677083333,0,idle,766.4888940734645,67.86563385673625,762.624565609203,58.45528583295227,0.04,0.045
1791329425.014679,759.9981234965456,57.96654226410736,-267.2134588501519,-87.21345884385366,-7.436348229752504e-08,-3.6194713977055955e-09,0.17499593098958333,0.010420735677083333,0.17499593098958333,0.010420735677083333,0,idle,758.4981079143911,54.508349963656045,762.4182426538172,58.25793903604897,0.04,0.045
1791329425.031274,759.9981234236694,57.96654226056028,-267.21345885191874,-87.21345884574647,-7.287621265169172e-08,-3.547081967343941e-09,0.17499593098958333,0.010420735677083333,0.17499593098958333,0.010420735677083333,0,idle,739.0535166373384,62.32667426425494,761.2500062837609,58.46137579408954,0.04,0.045
1791329425.0478249,759.9981233522508,57.96654225708414,-267.21345885365025,-87.21345884760144,-7.141868839877042e-08,-3.476140325684867e-09,0.17499593098958333,0.010420735677083333,0.17499593098958333,0.010420735677083333,0,idle,752.6282531079062,50.47804687114117,760.8189185571205,58.06220934463979,0.04,0.045
1791329425.0654101,759.9981232822605,57.966542253677524,-267.21345885534714,-87.21345884941931,-6.99903146309031e-08,-3.406617516950537e-09,0.17499593098958333,0.010420735677083333,0.17499593098958333,0.010420735677083333,0,idle,773.4489662092153,75.99459160831766,761.4504208732344,58.9588284545874,0.04,0.045
1791329425.082011,759.99812321367,57.96654225033904,-267.2134588570101,-87.21345885120081,-6.859050833838884e-08,-3.338485164478832e-09,0.17499593098958333,0.010420735677083333,0.17499593098958333,0.010420735677083333,0,idle,756.7225443110171,59.65876613259096,761.2140269799626,58.99382533531602,0.04,0.045
1791329425.099484,759.9981231464513,57.96654224706732,-267.2134588586398,-87.21345885294669,-6.721869817172075e-08,-3.2717154591410085e-09,0.17499593098958333,0.010420735677083333,0.17499593098958333,0.010420735677083333,0,idle,760.3091368187036,68.09695526847693,761.1687824080418,59.44898182886593,0.04,0.045
1791329425.115941,759.998123080577,57.96654224386104,-267.2134588602369,-87.21345885465767,-6.587432420838208e-08,-3.20628114799104e-09,0.17499593098958333,0.010420735677083333,0.17499593098958333,0.010420735677083333,0,idle,735.1067482147887,79.89341885274573,759.8656806357985,60.47120367701395,0.04,0.045
1791329425.133433,759.9981230160201,57.96654224071889,-267.2134588618021,-87.21345885633443,-6.45568377243064e-08,-3.1421555231419646e-09,0.17499593098958333,0.010420735677083333,0.17499593098958333,0.010420735677083333,0,idle,767.5653344376357,69.85264792784359,760.2506632645614,60.94027588657039,0.04,0.045
1791329425.1498811,759.9981229527544,57.96654223763957,-267.213458863336,-87.21345885797764,-6.326570096990859e-08,-3.079312410864693e-09,0.17499593098958333,0.010420735677083333,0.17499593098958333,0.010420735677083333,0,idle,774.7719587752074,37.90525921690573,760.9767279799912,59.78852505016181,0.04,0.045
1791329425.167352,759.9981228907541,57.96654223462185,-267.21345886483914,-87.213458859588,-6.200038695059523e-08,-3.017726160904826e-09,0.17499593098958333,0.010420735677083333,0.17499593098958333,0.010420735677083333,0,idle,743.3906859609941,41.892162122709166,760.097425820141,58.89370690092234,0.04,0.045
1791329425.183889,759.9981228299937,57.96654223166448,-267.21345886631224,-87.21345886116613,-6.076037921166478e-08,-2.9573716360131586e-09,0.17499593098958333,0.010420735677083333,0.17499593098958333,0.010420735677083333,0,idle,755.5444109472072,65.00645462593832,759.869775018772,59.19934428436363,0.04,0.045
1791329425.2014048,759.9981227704485,57.96654222876625,-267.2134588677559,-87.21345886271271,-5.9545171627509714e-08,-2.898224201685608e-09,0.17499593098958333,0.010420735677083333,0.17499593098958333,0.010420735677083333,0,idle,750.0930279291632,75.22040995904216,759.3809376077236,60.000397565344244,0.04,0.045
1791329425.21799,759.9981227120942,57.96654222592599,-267.21345886917067,-87.21345886422834,-5.835426819503466e-08,-2.8402597161082483e-09,0.17499593098958333,0.010420735677083333,0.17499593098958333,0.010420735677083333,0,idle,744.8938812124024,64.42286278924632,758.656584732521,60.221520823841104,0.04,0.045
1791329425.235731,759.998122654907,57.96654222314254,-267.21345887055713,-87.21345886571368,-5.718718283120612e-08,-2.7834545203035693e-09,0.17499593098958333,0.010420735677083333,0.17499593098958333,0.010420735677083333,0,idle,786.0653141520451,58.925498628189274,760.0270211491693,60.15671971141423,0.04,0.045
1791329425.252246,759.9981225988636,57.96654222041475,-267.21345887191586,-87.21345886716931,-5.60434391746513e-08,-2.7277854284736957e-09,0.17499593098958333,0.010420735677083333,0.17499593098958333,0.010420735677083333,0,idle,748.8989518493421,60.482148072026476,759.4706176309367,60.17299112685345,0.04,0.045
1791329425.269221,759.998122543941,57.96654221774152,-267.2134588732474,-87.21345886859581,-5.492257039122483e-08,-2.673229718536806e-09,0.17499593098958333,0.010420735677083333,0.17499593098958333,0.010420735677083333,0,idle,736.9427620972691,69.8644335565387,758.3442248020768,60.65756324579814,0.04,0.045
1791329425.286051,759.9981224901169,57.966542215121756,-267.2134588745524,-87.21345886999379,-5.382411898346425e-08,-2.6197651228528025e-09,0.17499593098958333,0.010420735677083333,0.17499593098958333,0.010420735677083333,0,idle,731.32283187942,49.14099946747271,756.9931551048111,60.08173505439309,0.04,0.045
1791329425.303201,759.9981224373693,57.96654221255439,-267.21345887583124,-87.2134588713638,-5.274763660385635e-08,-2.5673698191344854e-09,0.17499593098958333,0.010420735677083333,0.17499593098958333,0.010420735677083333,0,idle,760.0299873062065,58.43920730358675,757.1449966647706,59.99960866441378,0.04,0.045
1791329425.319919,759.9981223856765,57.96654221003836,-267.2134588770845,-87.21345887270641,-5.169268387183818e-08,-2.516022421540475e-09,0.17499593098958333,0.010420735677083333,0.17499593098958333,0.010420735677083333,0,idle,765.2647446520256,75.3571019161805,757.5509840150253,60.76748332461189,0.04,0.045
1791329425.337713,759.9981223350177,57.96654220757266,-267.21345887831274,-87.21345887402218,-5.065883019445804e-08,-2.4657019719463135e-09,0.17499593098958333,0.010420735677083333,0.17499593098958333,0.010420735677083333,0,idle,772.2539866558109,59.69138065968205,758.2861340989386,60.71367818902298,0.04,0.045
1791329425.354264,759.998122285372,57.96654220515627,-267.2134588795164,-87.21345887531163,-4.964565359062326e-08,-2.4163879313900967e-09,0.17499593098958333,0.010420735677083333,0.17499593098958333,0.010420735677083333,0,idle,761.4452749600333,68.01769467780163,758.44409109483,61.07887901116634,0.04,0.045
1791329425.371475,759.9981222367193,57.96654220278821,-267.21345888069595,-87.2134588765753,-4.8652740518863024e-08,-2.3680601716892533e-09,0.17499593098958333,0.010420735677083333,0.17499593098958333,0.010420735677083333,0,idle,762.1172572159763,54.81602932322469,758.6277493546672,60.7657365245196,0.04,0.045
1791329425.387886,759.9981221890396,57.966542200467515,-267.2134588818519,-87.2134588778137,-4.767968570853592e-08,-2.320698967224917e-09,0.17499593098958333,0.010420735677083333,0.17499593098958333,0.010420735677083333,0,idle,765.1079987825008,45.16377344854881,758.9517617807631,59.985638368516405,0.04,0.045
1791329425.4053729,759.9981221423135,57.96654219819323,-267.21345888298475,-87.21345887902731,-4.6726091994413375e-08,-2.2742849868906813e-09,0.17499593098958333,0.010420735677083333,0.17499593098958333,0.010420735677083333,0,idle,754.2500681084316,48.406438344600886,758.7166770527568,59.40667836516006,0.04,0.045
1791329425.421891,759.9981220965219,57.96654219596443,-267.21345888409496,-87.21345888021665,-4.5791570154571376e-08,-2.2287992862023256e-09,0.17499593098958333,0.010420735677083333,0.17499593098958333,0.010420735677083333,0,idle,783.2222215200536,65.67845245019411,759.9419542326197,59.7202670672944,0.04,0.045
1791329425.439497,759.9981220516462,57.96654219378021,-267.21345888518294,-87.21345888138221,-4.4875738751524384e-08,-2.184223299565386e-09,0.17499593098958333,0.010420735677083333,0.17499593098958333,0.010420735677083333,0,idle,769.217812532589,52.44346844827047,760.4057471049862,59.356427134268195,0.04,0.045
1791329425.456325,759.9981220076679,57.96654219163967,-267.21345888624916,-87.21345888252445,-4.397822397653657e-08,-2.1405388326973356e-09,0.17499593098958333,0.010420735677083333,0.17499593098958333,0.010420735677083333,0,idle,767.1104341101441,46.413853513598184,760.7409814134647,58.709298451201185,0.04,0.045
1791329425.4739819,759.9981219645692,57.96654218954194,-267.21345888729405,-87.21345888364384,-4.309865949704682e-08,-2.097728055201365e-09,0.17499593098958333,0.010420735677083333,0.17499593098958333,0.010420735677083333,0,idle,746.1956310070241,77.30688638926277,760.013713852199,59.63917784611142,0.04,0.045
1791329425.491967,759.9981219223325,57.96654218748617,-267.2134588883181,-87.21345888474086,-4.2236686307145246e-08,-2.0557734932886524e-09,0.17499593098958333,0.010420735677083333,0.17499593098958333,0.010420735677083333,0,idle,772.2203604035157,81.77103164990544,760.62404613964,60.74577053434814,0.04,0.045
1791329425.509619,759.9981218809406,57.96654218547151,-267.2134588893216,-87.21345888581594,-4.139195258104014e-08,-2.0146580226462182e-09,0.17499593098958333,0.010420735677083333,0.17499593098958333,0.010420735677083333,0,idle,748.9772339028324,89.1767156497481,760.0417054884773,62.167317788204215,0.04,0.045
1791329425.5263329,759.9981218403765,57.96654218349715,-267.21345889030505,-87.2134588868695,-4.0564113529455643e-08,-1.9743648614473935e-09,0.17499593098958333,0.010420735677083333,0.17499593098958333,0.010420735677083333,0,idle,762.4254107620811,52.612201284001586,760.1608907136216,61.689561961118436,0.04,0.045
1791329425.543474,759.9981218006236,57.96654218156227,-267.21345889126883,-87.213458887902,-3.97528312589014e-08,-1.9348775635020827e-09,0.17499593098958333,0.010420735677083333,0.17499593098958333,0.010420735677083333,0,idle,758.9069465252201,64.4979396464899,760.0981934664363,61.829980843548874,0.04,0.045
1791329425.5598452,759.9981217616659,57.966542179666085,-267.21345889221334,-87.21345888891383,-3.895777463375685e-08,-1.896180011544048e-09,0.17499593098958333,0.010420735677083333,0.17499593098958333,0.010420735677083333,0,idle,775.306166361066,55.6888628072884,760.858592074158,61.52292493993448,0.04,0.045
1791329425.576915,759.9981217234872,57.96654217780783,-267.213458893139,-87.21345888990545,-3.817861914111387e-08,-1.8582564106524098e-09,0.17499593098958333,0.010420735677083333,0.17499593098958333,0.010420735677083333,0,idle,754.8788996043854,62.43186376728234,760.5596074143996,61.56837187953653,0.04,0.045
1791329425.592709,759.9981216860722,57.96654217598674,-267.2134588940461,-87.21345889087723,-3.741504675832248e-08,-1.8210912818047736e-09,0.17499593098958333,0.010420735677083333,0.17499593098958333,0.010420735677083333,0,idle,761.5862218964373,43.66734558224511,760.6109381029572,60.67332056294192,0.04,0.045
1791329425.6098912,759.9981216494054,57.96654217420207,-267.21345889493506,-87.21345889182959,-3.6666745823185696e-08,-1.7846694555592183e-09,0.17499593098958333,0.010420735677083333,0.17499593098958333,0.010420735677083333,0,idle,757.4365316344285,40.35330695886228,760.4522177446974,59.6573198810425,0.04,0.045
1791329425.6261911,759.998121613472,57.966542172453096,-267.21345889580624,-87.21345889276287,-3.593341090675047e-08,-1.7489760658627122e-09,0.17499593098958333,0.010420735677083333,0.17499593098958333,0.010420735677083333,0,idle,754.126972598148,61.49348805713775,760.1359554532331,59.74912828818574,0.04,0.045
1791329425.643229,759.9981215782573,57.966542170739096,-267.21345889666003,-87.21345889367751,-3.521474268864282e-08,-1.7139965439833076e-09,0.17499593098958333,0.010420735677083333,0.17499593098958333,0.010420735677083333,0,idle,768.6164884205036,56.95801519868644,760.5599820681426,59.609572632082475,0.04,0.045
1791329425.659679,759.9981215437468,57.96654216905938,-267.2134588974967,-87.21345889457386,-3.451044783489624e-08,-1.679716612563757e-09,0.17499593098958333,0.010420735677083333,0.17499593098958333,0.010420735677083333,0,idle,740.8341789731189,76.24509365953844,759.5736918806065,60.441348681859544,0.04,0.045
1791329425.676806,759.9981215099266,57.96654216741326,-267.2134588983167,-87.21345889545228,-3.3820238878223557e-08,-1.6461222797939747e-09,0.17499593098958333,0.010420735677083333,0.17499593098958333,0.010420735677083333,0,idle,767.90239402871,50.842435904284415,759.9901269558824,59.96140304141697,0.04,0.045
1791329425.6931021,759.9981214767828,57.96654216580006,-267.2134588991202,-87.21345889631311,-3.314383410068332e-08,-1.6131998337001243e-09,0.17499593098958333,0.010420735677083333,0.17499593098958333,0.010420735677083333,0,idle,765.0988998673612,44.06798182471597,760.2455655699697,59.16673197904938,0.04,0.045
1791329425.710156,759.9981214443018,57.96654216421912,-267.2134588999077,-87.21345889715674,-3.248095741869293e-08,-1.5809358365478678e-09,0.17499593098958333,0.010420735677083333,0.17499593098958333,0.010420735677083333,0,idle,765.4571383641241,73.05113823110406,760.5061441788205,59.86095229015022,0.04,0.045
1791329425.7272818,759.9981214124705,57.9665421626698,-267.2134589006795,-87.21345889798351,-3.183133827034143e-08,-1.5493171193575898e-09,0.17499593098958333,0.010420735677083333,0.17499593098958333,0.010420735677083333,0,idle,768.3526163647043,71.57798608065897,760.898467757875,60.44680397820381,0.04,0.045
1791329425.744143,759.9981213812757,57.96654216115147,-267.2134589014358,-87.21345889879375,-3.119471150495607e-08,-1.5183307765293067e-09,0.17499593098958333,0.010420735677083333,0.17499593098958333,0.010420735677083333,0,idle,771.5836473440878,56.138635450690344,761.4327267075506,60.23139555038572,0.04,0.045
1791329425.761118,759.9981213507049,57.96654215966351,-267.21345890217697,-87.21345889958776,-3.057081727487757e-08,-1.4879641605750632e-09,0.17499593098958333,0.010420735677083333,0.17499593098958333,0.010420735677083333,0,idle,777.914143993486,38.745412846784234,762.2567975428051,59.15709641379208,0.04,0.045
1791329425.778177,759.9981213207454,57.96654215820531,-267.2134589029033,-87.21345890036591,-2.9959400929399826e-08,-1.4582048769566834e-09,0.17499593098958333,0.010420735677083333,0.17499593098958333,0.010420735677083333,0,idle,759.3462399437741,32.5141547332519,762.1112696343921,57.82494932837978,0.04,0.045
1791329425.795724,759.9981212913852,57.96654215677626,-267.21345890361516,-87.21345890112849,-2.9360212910830848e-08,-1.4290407790267763e-09,0.17499593098958333,0.010420735677083333,0.17499593098958333,0.010420735677083333,0,idle,751.101132661254,52.18022054605969,761.560762757843,57.542712887906184,0.04,0.045
1791329425.812265,759.9981212626122,57.966542155375805,-267.21345890431274,-87.21345890187581,-2.8773008652632498e-08,-1.4004599630709438e-09,0.17499593098958333,0.010420735677083333,0.17499593098958333,0.010420735677083333,0,idle,772.2736711546338,46.678217225908504,762.0964081503482,56.99948810347586,0.04,0.045
1791329425.829785,759.9981212344147,57.966542154003356,-267.2134589049964,-87.2134589026082,-2.819754847959739e-08,-1.37245076344909e-09,0.17499593098958333,0.010420735677083333,0.17499593098958333,0.010420735677083333,0,idle,776.4676765812064,56.9575721482142,762.8149715451035,56.997392304408955,0.04,0.045
1791329425.846318,759.9981212067811,57.966542152658356,-267.21345890566636,-87.21345890332593,-2.763359751002229e-08,-1.3450017478339487e-09,0.17499593098958333,0.010420735677083333,0.17499593098958333,0.010420735677083333,0,idle,739.4244673475768,60.079999868230686,761.6454463089752,57.15152268132229,0.04,0.045
1791329425.862939,759.9981211797002,57.966542151340256,-267.2134589063229,-87.21345890402931,-2.7080925559838024e-08,-1.318101712544818e-09,0.17499593098958333,0.010420735677083333,0.17499593098958333,0.010420735677083333,0,idle,773.2312689036019,55.46295026890921,762.2247374129797,57.067094059449445,0.04,0.045
1791329425.880773,759.9981211531609,57.96654215004852,-267.2134589069663,-87.2134589047186,-2.6539307048656804e-08,-1.2917396779746404e-09,0.17499593098958333,0.010420735677083333,0.17499593098958333,0.010420735677083333,0,idle,762.7576034539807,60.5266114449358,762.2513806898174,57.24006992749661,0.04,0.045
1791329425.896559,759.9981211271524,57.966542148782615,-267.2134589075969,-87.21345890539412,-2.6008520907698592e-08,-1.265904884108509e-09,0.17499593098958333,0.010420735677083333,0.17499593098958333,0.010420735677083333,0,idle,749.6232669870413,56.857022414354866,761.6199749799706,57.22091755063692,0.04,0.045
1791329425.9133718,759.9981211016641,57.96654214754203,-267.2134589082148,-87.21345890605612,-2.5488350489558953e-08,-1.2405867861318436e-09,0.17499593098958333,0.010420735677083333,0.17499593098958333,0.010420735677083333,0,idle,760.5084887517075,70.3474897639949,761.5644006443436,57.87724616012626,0.04,0.045
1791329425.930125,759.9981210766855,57.966542146326255,-267.2134589088204,-87.21345890670489,-2.497858347978154e-08,-1.2157750501263694e-09,0.17499593098958333,0.010420735677083333,0.17499593098958333,0.010420735677083333,0,idle,765.4834365460999,45.1240825209956,761.7603524157017,57.23958797701474,0.04,0.045
1791329425.947241,759.9981210522064,57.966542145134795,-267.21345890941393,-87.21345890734068,-2.447901181019913e-08,-1.1914595488522069e-09,0.17499593098958333,0.010420735677083333,0.17499593098958333,0.010420735677083333,0,idle,783.0077185934833,63.15703110863038,762.8227207013357,57.53546013246364,0.04,0.045
1791329425.964681,759.998121028217,57.96654214396717,-267.21345890999555,-87.21345890796377,-2.3989431574007847e-08,-1.1676303576142796e-09,0.17499593098958333,0.010420735677083333,0.17499593098958333,0.010420735677083333,0,idle,754.670266138998,66.45094890113512,762.4150979504288,57.981234569787965,0.04,0.045
1791329425.981246,759.9981210047074,57.96654214282289,-267.2134589105655,-87.21345890857438,-2.3509642942539884e-08,-1.144277750211445e-09,0.17499593098958333,0.010420735677083333,0.17499593098958333,0.010420735677083333,0,idle,782.3599344772887,59.580575099781925,763.4123397544377,58.0612015952006,0.04,0.045
1791329425.99773,759.998120981668,57.966542141701495,-267.2134589111241,-87.2134589091728,-2.3039450083700798e-08,-1.1213921949665864e-09,0.17499593098958333,0.010420735677083333,0.17499593098958333,0.010420735677083333,0,idle,748.6935101058439,27.843685829437796,762.6763982501205,56.55032580584714,0.04,0.045
1791329426.014528,759.9981209590893,57.966542140602535,-267.2134589116715,-87.21345890975924,-2.257866108203803e-08,-1.0989643508361543e-09,0.17499593098958333,0.010420735677083333,0.17499593098958333,0.010420735677083333,0,idle,781.1324929907443,50.80955614179238,763.599202965702,56.26328732160039,0.04,0.045
1791329426.031204,759.9981209369622,57.96654213952555,-267.213458912208,-87.21345891033396,-2.2127087860408072e-08,-1.0769850635974822e-09,0.17499593098958333,0.010420735677083333,0.17499593098958333,0.010420735677083333,0,idle,772.4958309559117,73.48706220351706,764.0440343441918,57.12447606467309,0.04,0.045
1791329426.048272,759.9981209152777,57.9665421384701,-267.21345891273376,-87.21345891089716,-2.1684546103210286e-08,-1.0554453621123731e-09,0.17499593098958333,0.010420735677083333,0.17499593098958333,0.010420735677083333,0,idle,756.2595210639864,59.62258075613177,763.6548086595812,57.24938129824335,0.04,0.045
1791329426.0653372,759.9981208940269,57.966542137435766,-267.213458913249,-87.21345891144912,-2.1250855181156044e-08,-1.034336454665405e-09,0.17499593098958333,0.010420735677083333,0.17499593098958333,0.010420735677083333,0,idle,764.49534001426,56.21179294539857,763.6968352071269,57.19750187961849,0.04,0.045
1791329426.082239,759.9981208732011,57.96654213642211,-267.2134589137539,-87.21345891199006,-2.0825838077542493e-08,-1.0136497253754836e-09,0.17499593098958333,0.010420735677083333,0.17499593098958333,0.010420735677083333,0,idle,757.5903173114892,42.350689012829186,763.3915092925605,56.455161235316055,0.04,0.045
1791329426.099179,759.9981208527918,57.96654213542874,-267.21345891424875,-87.21345891252015,-2.0409321316000835e-08,-9.93376730679145e-10,0.17499593098958333,0.010420735677083333,0.17499593098958333,0.010420735677083333,0,idle,751.8631520982566,70.63273078104798,762.8150914134565,57.164039711658944,0.04,0.045
1791329426.1160839,759.9981208327906,57.96654213445523,-267.2134589147337,-87.21345891303964,-2.0001134889689644e-08,-9.735091958842115e-10,0.17499593098958333,0.010420735677083333,0.17499593098958333,0.010420735677083333,0,idle,754.0450644766778,66.14395662659328,762.3765900476164,57.61303555648083,0.04,0.045
1791329426.132808,759.9981208131895,57.96654213350119,-267.2134589152089,-87.21345891354875,-1.9601112191904328e-08,-9.540390117923607e-10,0.17499593098958333,0.010420735677083333,0.17499593098958333,0.010420735677083333,0,idle,734.0288151329651,59.972159957199686,760.9592012832628,57.730991775610434,0.04,0.045
1791329426.149958,759.9981207939804,57.96654213256623,-267.2134589156746,-87.21345891404768,-1.9209089948074385e-08,-9.349582313892426e-10,0.17499593098958333,0.010420735677083333,0.17499593098958333,0.010420735677083333,0,idle,788.8755094355333,71.48658865558004,762.3550166726277,58.418771618720704,0.04,0.045
1791329426.166174,759.9981207751555,57.96654213164997,-267.213458916131,-87.21345891453662,-1.8824908149120715e-08,-9.162590666008139e-10,0.17499593098958333,0.010420735677083333,0.17499593098958333,0.010420735677083333,0,idle,759.5824234478932,50.40927681262221,762.2163869935073,58.01829687754533,0.04,0.045
1791329426.181896,759.9981207567071,57.96654213075204,-267.2134589165783,-87.21345891501579,-1.844840998614581e-08,-8.97933885114512e-10,0.17499593098958333,0.010420735677083333,0.17499593098958333,0.010420735677083333,0,idle,792.783868133198,44.93722384021723,763.7447610329658,57.36424322482589,0.04,0.045
1791329426.199677,759.9981207386277,57.96654212987206,-267.2134589170166,-87.21345891548536,-1.8079441786430107e-08,-8.799752072640482e-10,0.17499593098958333,0.010420735677083333,0.17499593098958333,0.010420735677083333,0,idle,761.5779169142041,60.14380407137676,763.6364188098523,57.50322126631745,0.04,0.045
1791329426.216223,759.9981207209098,57.96654212900968,-267.2134589174462,-87.21345891594557,-1.7717852950708433e-08,-8.623757029764583e-10,0.17499593098958333,0.010420735677083333,0.17499593098958333,0.010420735677083333,0,idle,793.584050269526,70.26297645654805,765.133800366004,58.14120902500972,0.04,0.045
1791329426.2337122,759.9981207035463,57.966542128164555,-267.2134589178672,-87.21345891639656,-1.7363495891700916e-08,-8.451281887802576e-10,0.17499593098958333,0.010420735677083333,0.17499593098958333,0.010420735677083333,0,idle,763.3307728356343,49.005101530424724,765.0436489729902,57.6844036494776,0.04,0.045
1791329426.25024,759.9981206865301,57.96654212733633,-267.21345891827974,-87.21345891683853,-1.7016225973873286e-08,-8.28225624873393e-10,0.17499593098958333,0.010420735677083333,0.17499593098958333,0.010420735677083333,0,idle,763.6781976545564,56.015500125659024,764.9753763909032,57.60095847249986,0.04,0.045
1791329426.2677271,759.9981206698542,57.96654212652467,-267.21345891868407,-87.21345891727167,-1.6675901454401957e-08,-8.116611122498595e-10,0.17499593098958333,0.010420735677083333,0.17499593098958333,0.010420735677083333,0,idle,784.1355498972382,56.451343480635764,765.9333850503779,57.54347772213558,0.04,0.045
1791329426.2843,759.9981206535118,57.96654212572924,-267.21345891908027,-87.21345891769613,-1.6342383425319808e-08,-7.954278898837929e-10,0.17499593098958333,0.010420735677083333,0.17499593098958333,0.010420735677083333,0,idle,772.6161729349801,73.39417656292072,766.2675244290828,58.336012663419176,0.04,0.045
1791329426.3011122,759.9981206374963,57.96654212494972,-267.21345891946856,-87.21345891811211,-1.601553575681907e-08,-7.795193319698395e-10,0.17499593098958333,0.010420735677083333,0.17499593098958333,0.010420735677083333,0,idle,743.1012754886822,60.31595388119289,765.109211966848,58.43500972356732,0.04,0.045
1791329426.3186638,759.998120621801,57.96654212418579,-267.2134589198491,-87.21345891851976,-1.5695225041688128e-08,-7.639289452187721e-10,0.17499593098958333,0.010420735677083333,0.17499593098958333,0.010420735677083333,0,idle,752.9884576027696,54.75302723989321,764.5031742337335,58.25091059865788,0.04,0.045
1791329426.335107,759.9981206064197,57.966542123437144,-267.21345892022197,-87.21345891891926,-1.5381320540859584e-08,-7.486503662071517e-10,0.17499593098958333,0.010420735677083333,0.17499593098958333,0.010420735677083333,0,idle,739.5281692090721,59.73327419010209,763.2544239678881,58.325028777518874,0.04,0.045
1791329426.352915,759.9981205913459,57.966542122703466,-267.2134589205874,-87.21345891931077,-1.5073694130047405e-08,-7.336773587800083e-10,0.17499593098958333,0.010420735677083333,0.17499593098958333,0.010420735677083333,0,idle,777.687827363387,55.94750708143315,763.976094123343,58.2061526920176,0.04,0.045
1791329426.369697,759.9981205765737,57.96654212198446,-267.2134589209456,-87.21345891969445,-1.4772220247451273e-08,-7.19003811505486e-10,0.17499593098958333,0.010420735677083333,0.17499593098958333,0.010420735677083333,0,idle,768.6153651002708,53.687162498773475,764.2080576581558,57.98020318167234,0.04,0.045
1791329426.3868978,759.9981205620969,57.966542121279836,-267.2134589212966,-87.21345892007047,-1.4476775842506872e-08,-7.046237351803687e-10,0.17499593098958333,0.010420735677083333,0.17499593098958333,0.010420735677083333,0,idle,772.925092825891,64.04567142874689,764.6439094027896,58.283476593356674,0.04,0.045
1791329426.403241,759.9981205479097,57.9665421205893,-267.21345892164055,-87.21345892043897,-1.4187240325661176e-08,-6.90531260385517e-10,0.17499593098958333,0.010420735677083333,0.17499593098958333,0.010420735677083333,0,idle,752.1694158551849,68.08744735197236,764.0201847119315,58.77367513063145,0.04,0.045
1791329426.419639,759.9981205340063,57.96654211991258,-267.21345892197763,-87.21345892080008,-1.3903495519152219e-08,-6.767206350901787e-10,0.17499593098958333,0.010420735677083333,0.17499593098958333,0.010420735677083333,0,idle,763.5259254667666,67.12949244584193,763.995471736465,59.19146599574909,0.04,0.045
1791329426.436905,759.9981205203808,57.9665421192494,-267.21345892230795,-87.21345892115396,-1.362542560877327e-08,-6.631862223042183e-10,0.17499593098958333,0.010420735677083333,0.17499593098958333,0.010420735677083333,0,idle,765.4021094284869,41.858313581394654,764.0658036081219,58.32480837440134,0.04,0.045
1791329426.4529889,759.9981205070278,57.96654211859948,-267.2134589226317,-87.21345892150077,-1.3352917096601739e-08,-6.499224977773082e-10,0.17499593098958333,0.010420735677083333,0.17499593098958333,0.010420735677083333,0,idle,736.8381194973709,56.03578898350101,762.704419389899,58.210357404238906,0.04,0.045
1791329426.469255,759.998120493942,57.966542117962554,-267.2134589229489,-87.21345892184065,-1.3085858754673482e-08,-6.36924047744138e-10,0.17499593098958333,0.010420735677083333,0.17499593098958333,0.010420735677083333,0,idle,771.0322089730441,47.03987108162548,763.1208088566248,57.65183308750316,0.04,0.045
1791329426.486342,759.9981204811179,57.96654211733837,-267.21345892325985,-87.21345892217373,-1.282414157958364e-08,-6.241855667147039e-10,0.17499593098958333,0.010420735677083333,0.17499593098958333,0.010420735677083333,0,idle,748.2219972149773,32.40356188528212,762.3758682623595,56.38941952679913,0.04,0.045
1791329426.502491,759.9981204685503,57.96654211672667,-267.21345892356453,-87.21345892250014,-1.2567658747995454e-08,-6.117018553088121e-10,0.17499593098958333,0.010420735677083333,0.17499593098958333,0.010420735677083333,0,idle,762.1326789343977,69.64284538131675,762.3637087840222,57.052090818943896,0.04,0.045
1791329426.5194829,759.998120456234,57.9665421161272,-267.21345892386313,-87.21345892282004,-1.2316305573038892e-08,-5.994678181338725e-10,0.17499593098958333,0.010420735677083333,0.17499593098958333,0.010420735677083333,0,idle,755.9258643772428,68.28548614486468,762.0418165519827,57.61376058467044,0.04,0.045
1791329426.5369012,759.998120444164,57.966542115539724,-267.21345892415576,-87.21345892313352,-1.2069979461581328e-08,-5.874784617051556e-10,0.17499593098958333,0.010420735677083333,0.17499593098958333,0.010420735677083333,0,idle,754.6396171426478,51.193254968452514,761.6717065700494,57.29273530330144,0.04,0.045
1791329426.552707,759.9981204323354,57.96654211496399,-267.21345892444253,-87.21345892344073,-1.1828579872352788e-08,-5.757288924076288e-10,0.17499593098958333,0.010420735677083333,0.17499593098958333,0.010420735677083333,0,idle,771.6401501088397,51.32496238736286,762.1701287357519,56.99434665695757,0.04,0.045
1791329426.569694,759.9981204207435,57.96654211439978,-267.21345892472357,-87.21345892374181,-1.1592008274908697e-08,-5.64214314498563e-10,0.17499593098958333,0.010420735677083333,0.17499593098958333,0.010420735677083333,0,idle,752.6013892856934,78.3375697890735,761.6916917522366,58.06150781302736,0.04,0.045
1791329426.586679,759.9981204093833,57.96654211384685,-267.213458924999,-87.21345892403686,-1.1360168109413371e-08,-5.52930028150091e-10,0.17499593098958333,0.010420735677083333,0.17499593098958333,0.010420735677083333,0,idle,774.8134461893649,69.87717887116635,762.3477794633009,58.65229136540903,0.04,0.045
1791329426.603307,759.9981203982503,57.966542113304975,-267.21345892526887,-87.213458924326,-1.1132964747227839e-08,-5.418714275309071e-10,0.17499593098958333,0.010420735677083333,0.17499593098958333,0.010420735677083333,0,idle,743.7041880584883,42.51600400446583,761.4155998824839,57.84547699684709,0.04,0.045
1791329426.6201348,759.99812038734,57.96654211277394,-267.21345892553336,-87.21345892460936,-1.0910305452285909e-08,-5.310339989263308e-10,0.17499593098958333,0.010420735677083333,0.17499593098958333,0.010420735677083333,0,idle,744.624107332618,47.02755809485811,760.5760252446258,57.30458105124316,0.04,0.045
1791329426.637768,759.9981203766479,57.96654211225353,-267.21345892579257,-87.21345892488705,-1.0692099343242714e-08,-5.204133188959845e-10,0.17499593098958333,0.010420735677083333,0.17499593098958333,0.010420735677083333,0,idle,736.7560934162861,75.42879442499395,759.3850286430513,58.21079171943631,0.04,0.045
1791329426.654359,759.9981203661696,57.96654211174352,-267.2134589260466,-87.21345892515917,-1.0478257356380282e-08,-5.100050524682967e-10,0.17499593098958333,0.010420735677083333,0.17499593098958333,0.010420735677083333,0,idle,765.7563346546225,57.25996049641511,759.7035939336755,58.16325015780074,0.04,0.045
1791329426.670879,759.9981203559009,57.96654211124372,-267.2134589262956,-87.21345892542588,-1.0268692209255003e-08,-4.998049513711311e-10,0.17499593098958333,0.010420735677083333,0.17499593098958333,0.010420735677083333,0,idle,771.1181721379937,66.7998336132543,760.2743228341362,58.595079330098606,0.04,0.045
1791329426.687837,759.9981203458376,57.96654211075391,-267.21345892653954,-87.21345892568725,-1.0063318365072138e-08,-4.898088522978023e-10,0.17499593098958333,0.010420735677083333,0.17499593098958333,0.010420735677083333,0,idle,769.9017131283173,62.57426929134693,760.7556923392851,58.79403882769571,0.04,0.045
1791329426.705441,759.9981203359755,57.9665421102739,-267.2134589267786,-87.21345892594339,-9.86205199777284e-09,-4.800126752077587e-10,0.17499593098958333,0.010420735677083333,0.17499593098958333,0.010420735677083333,0,idle,759.4396168802895,48.3076005612525,760.6898885569664,58.269716913917534,0.04,0.045
1791329426.722036,759.9981203263106,57.966542109803484,-267.21345892701294,-87.21345892619439,-9.664810957819444e-09,-4.704124216612626e-10,0.17499593098958333,0.010420735677083333,0.17499593098958333,0.010420735677083333,0,idle,766.0023015742939,49.869773611878585,760.9555091986512,57.84971974836869,0.04,0.045
1791329426.73983,759.9981203168392,57.96654210934248,-267.2134589272426,-87.21345892644041,-9.471514738665034e-09,-4.6100417318737136e-10,0.17499593098958333,0.010420735677083333,0.17499593098958333,0.010420735677083333,0,idle,764.6655462128646,55.806128454526444,761.1410110403639,57.74754018323862,0.04,0.045
1791329426.756428,759.9981203075571,57.96654210889069,-267.2134589274676,-87.21345892668148,-9.282084443893633e-09,-4.5178408968456857e-10,0.17499593098958333,0.010420735677083333,0.17499593098958333,0.010420735677083333,0,idle,776.2271273454156,55.14373062518555,761.8953168467986,57.61734970490677,0.04,0.045
1791329426.7732322,759.9981202984607,57.966542108447946,-267.2134589276882,-87.21345892691774,-9.096442755017587e-09,-4.4274840785336777e-10,0.17499593098958333,0.010420735677083333,0.17499593098958333,0.010420735677083333,0,idle,746.4781957811568,62.88291075981785,761.1244607848748,57.880627757231714,0.04,0.045
1791329426.790297,759.9981202895461,57.96654210801405,-267.2134589279043,-87.21345892714928,-8.914513899918989e-09,-4.338934396602764e-10,0.17499593098958333,0.010420735677083333,0.17499593098958333,0.010420735677083333,0,idle,767.2206749336633,62.58929921093381,761.4292714838455,58.11606132950462,0.04,0.045
1791329426.80756,759.9981202808099,57.966542107588836,-267.2134589281161,-87.21345892737618,-8.736223621922293e-09,-4.252155708324736e-10,0.17499593098958333,0.010420735677083333,0.17499593098958333,0.010420735677083333,0,idle,755.9662695806328,53.98960161252456,761.1561213803853,57.90973834325166,0.04,0.045
1791329426.824789,759.9981202722483,57.966542107172124,-267.2134589283237,-87.21345892759857,-8.561499149485465e-09,-4.167112593825948e-10,0.17499593098958333,0.010420735677083333,0.17499593098958333,0.010420735677083333,0,idle,771.311698169924,56.08275327425805,761.6639002117288,57.818389089406104,0.04,0.045
1791329426.8410518,759.998120263858,57.96654210676375,-267.21345892852713,-87.21345892781648,-8.390269166497308e-09,-4.083770341630304e-10,0.17499593098958333,0.010420735677083333,0.17499593098958333,0.010420735677083333,0,idle,760.6635108667087,66.51227758720565,761.613880736507,58.25308351390812,0.04,0.045
1791329426.858228,759.9981202556355,57.96654210636354,-267.2134589287265,-87.21345892803006,-8.222463783168855e-09,-4.0020949344912003e-10,0.17499593098958333,0.010420735677083333,0.17499593098958333,0.010420735677083333,0,idle,766.2114945778266,54.05997782655745,761.8437614207616,58.04342822916039,0.04,0.045
1791329426.875577,759.9981202475775,57.966542105971335,-267.21345892892185,-87.21345892823935,-8.05801450750691e-09,-3.9220530355070197e-10,0.17499593098958333,0.010420735677083333,0.17499593098958333,0.010420735677083333,0,idle,760.3941614149228,65.58406605621818,761.7712814128145,58.42046012014068,0.04,0.045
1791329426.892859,759.9981202396807,57.966542105586974,-267.2134589291133,-87.21345892844447,-7.896854217358148e-09,-3.8436119745141856e-10,0.17499593098958333,0.010420735677083333,0.17499593098958333,0.010420735677083333,0,idle,775.2144156202368,56.28768770403815,762.4434381156836,58.31382149897041,0.04,0.045
1791329426.909069,759.9981202319418,57.9665421052103,-267.21345892930094,-87.21345892864547,-7.738917133012307e-09,-3.766739734752404e-10,0.17499593098958333,0.010420735677083333,0.17499593098958333,0.010420735677083333,0,idle,763.8169668338669,65.79051233052782,762.5121145442408,58.68765604019045,0.04,0.045
1791329426.926201,759.9981202243576,57.96654210484116,-267.21345892948483,-87.21345892884246,-7.58413879035333e-09,-3.691404939796598e-10,0.17499593098958333,0.010420735677083333,0.17499593098958333,0.010420735677083333,0,idle,744.4530581737366,59.52023077807616,761.6091617185107,58.72928477673405,0.04,0.045
1791329426.943249,759.9981202169251,57.9665421044794,-267.213458929665,-87.21345892903553,-7.432456014547483e-09,-3.617576840750237e-10,0.17499593098958333,0.010420735677083333,0.17499593098958333,0.010420735677083333,0,idle,765.4316455635803,49.929693265547535,761.8002859037033,58.28930520083105,0.04,0.045
1791329426.960455,759.9981202096413,57.966542104124876,-267.21345892984164,-87.2134589292247,-7.283806894257704e-09,-3.5452253036947256e-10,0.17499593098958333,0.010420735677083333,0.17499593098958333,0.010420735677083333,0,idle,739.3630380155147,61.73983554813814,760.6784235023742,58.46183171785961,0.04,0.045
1791329426.977715,759.9981202025032,57.96654210377744,-267.2134589300147,-87.21345892941012,-7.138130756373674e-09,-3.4743207973898313e-10,0.17499593098958333,0.010420735677083333,0.17499593098958333,0.010420735677083333,0,idle,727.3332878052659,45.8404663108232,759.0111667107376,57.83076344717773,0.04,0.045
1791329426.994933,759.9981201955078,57.96654210343696,-267.21345893018434,-87.21345892959182,-6.995368141247281e-09,-3.404834381220183e-10,0.17499593098958333,0.010420735677083333,0.17499593098958333,0.010420735677083333,0,idle,770.7917284180916,69.11262651505453,759.6001947894597,58.39485660024811,0.04,0.045
1791329427.0109,759.9981201886524,57.966542103103286,-267.21345893035055,-87.2134589297699,-6.855460778423372e-09,-3.3367376933827194e-10,0.17499593098958333,0.010420735677083333,0.17499593098958333,0.010420735677083333,0,idle,756.3813292360053,60.21173966739515,759.4392515052743,58.48570075328848,0.04,0.045
1791329427.027626,759.998120181934,57.96654210277629,-267.2134589305134,-87.2134589299444,-6.7183515628559e-09,-3.2700029393104554e-10,0.17499593098958333,0.010420735677083333,0.17499593098958333,0.010420735677083333,0,idle,753.8224877446355,47.56426796675586,759.1584133108599,57.93962911365119,0.04,0.045
1791329427.044336,759.9981201753501,57.966542102455826,-267.213458930673,-87.21345893011541,-6.583984531599738e-09,-3.2046028803277363e-10,0.17499593098958333,0.010420735677083333,0.17499593098958333,0.010420735677083333,0,idle,753.6078499688339,72.62717619674928,758.8808851375039,58.674006467501655,0.04,0.045
1791329427.060948,759.9981201688978,57.96654210214177,-267.21345893082946,-87.21345893028298,-6.452304840968663e-09,-3.140510822532454e-10,0.17499593098958333,0.010420735677083333,0.17499593098958333,0.010420735677083333,0,idle,756.7254731023166,73.02356226805378,758.7731145296149,59.391484257230914,0.04,0.045
1791329427.078471,759.9981201625745,57.966542101834,-267.21345893098277,-87.21345893044722,-6.323258744150172e-09,-3.0777006059005587e-10,0.17499593098958333,0.010420735677083333,0.17499593098958333,0.010420735677083333,0,idle,766.3213624640712,74.80045437544409,759.1505269203305,60.16193276284919,0.04,0.045
1791329427.094948,759.9981201563777,57.96654210153239,-267.213458931133,-87.21345893060818,-6.1967935692680155e-09,-3.0161465936084683e-10,0.17499593098958333,0.010420735677083333,0.17499593098958333,0.010420735677083333,0,idle,753.0325857664877,58.858996914296085,758.8446298567515,60.096785970135,0.04,0.045
1791329427.112462,759.9981201503049,57.966542101236804,-267.21345893128023,-87.21345893076591,-6.072857697883469e-09,-2.9558236615691173e-10,0.17499593098958333,0.010420735677083333,0.17499593098958333,0.010420735677083333,0,idle,774.0376162369965,57.12075136835286,759.6042791699946,59.94798423976509,0.04,0.045
1791329427.128942,759.9981201443535,57.96654210094713,-267.2134589314245,-87.21345893092048,-5.951400543926581e-09,-2.896707188177179e-10,0.17499593098958333,0.010420735677083333,0.17499593098958333,0.010420735677083333,0,idle,754.6571925916745,59.971944748972085,759.3569248354247,59.94918226495025,0.04,0.045
1791329427.146257,759.9981201385211,57.966542100663254,-267.2134589315659,-87.21345893107197,-5.8323725330488e-09,-2.838773044259432e-10,0.17499593098958333,0.010420735677083333,0.17499593098958333,0.010420735677083333,0,idle,758.5982892800188,56.27679338299053,759.3189930521137,59.76556282058259,0.04,0.045
1791329427.162903,759.9981201328054,57.966542100385055,-267.2134589317045,-87.21345893122043,-5.7157250823885445e-09,-2.781997583226148e-10,0.17499593098958333,0.010420735677083333,0.17499593098958333,0.010420735677083333,0,idle,767.3285888092952,44.894242819613254,759.7194728345428,59.021996820269834,0.04,0.045
1791329427.180713,759.998120127204,57.96654210011242,-267.2134589318403,-87.2134589313659,-5.601410580741465e-09,-2.726357631419402e-10,0.17499593098958333,0.010420735677083333,0.17499593098958333,0.010420735677083333,0,idle,779.3866705938592,48.28375691187496,760.7028327171872,58.485084824591084,0.04,0.045
1791329427.197556,759.9981201217146,57.966542099845235,-267.2134589319734,-87.21345893150847,-5.489382369127301e-09,-2.671830478654424e-10,0.17499593098958333,0.010420735677083333,0.17499593098958333,0.010420735677083333,0,idle,741.5230483065463,68.56447632964193,759.7438434914403,58.9890543995898,0.04,0.045
1791329427.214369,759.998120116335,57.96654209958339,-267.2134589321038,-87.21345893164818,-5.379594721745394e-09,-2.618393868950152e-10,0.17499593098958333,0.010420735677083333,0.17499593098958333,0.010420735677083333,0,idle,749.2804733118974,64.65415941017396,759.2206749773526,59.27230964987025,0.04,0.045
1791329427.231141,759.998120111063,57.96654209932679,-267.2134589322316,-87.21345893178511,-5.272002827311099e-09,-2.5660259914451557e-10,0.17499593098958333,0.010420735677083333,0.17499593098958333,0.010420735677083333,0,idle,764.2779945352942,50.745089395637876,759.4735409502413,58.845948636914855,0.04,0.045
1791329427.2481952,759.9981201058964,57.96654209907532,-267.2134589323569,-87.2134589319193,-5.1665627707654665e-09,-2.5147054714952427e-10,0.17499593098958333,0.010420735677083333,0.17499593098958333,0.010420735677083333,0,idle,749.9233079172024,63.11564563587851,758.9960292936811,59.059433486624144,0.04,0.045
1791329427.26586,759.9981201008331,57.966542098828874,-267.2134589324797,-87.21345893205083,-5.063231515350723e-09,-2.4644113619491127e-10,0.17499593098958333,0.010420735677083333,0.17499593098958333,0.010420735677083333,0,idle,764.8624998486162,63.58252429577275,759.2893528166178,59.28558802684745,0.04,0.045
1791329427.282656,759.9981200958712,57.96654209858736,-267.21345893259996,-87.2134589321797,-4.961966885044252e-09,-2.4151231345985205e-10,0.17499593098958333,0.010420735677083333,0.17499593098958333,0.010420735677083333,0,idle,790.6704687452946,43.44658099450657,760.8584086083378,58.49363767500097,0.04,0.045
1791329427.2999182,759.9981200910084,57.96654209835068,-267.21345893271786,-87.21345893230601,-4.8627275473438886e-09,-2.366820671799357e-10,0.17499593098958333,0.010420735677083333,0.17499593098958333,0.010420735677083333,0,idle,770.8119140455015,63.847955489254325,761.3560838755764,58.76135356548879,0.04,0.045
1791329427.316928,759.9981200862429,57.96654209811873,-267.2134589328334,-87.21345893242979,-4.765472996397512e-09,-2.3194842582604156e-10,0.17499593098958333,0.010420735677083333,0.17499593098958333,0.010420735677083333,0,idle,748.9697028336582,64.99040237301175,760.7367648189532,59.07280600564459,0.04,0.045
1791329427.333023,759.9981200815728,57.96654209789142,-267.21345893294665,-87.21345893255109,-4.670163536470043e-09,-2.2730945729963313e-10,0.17499593098958333,0.010420735677083333,0.17499593098958333,0.010420735677083333,0,idle,771.0047612716437,51.653783897576716,761.2501646371511,58.701854900025246,0.04,0.045
1791329427.350147,759.998120076996,57.96654209766866,-267.2134589330576,-87.21345893266997,-4.576760265741104e-09,-2.22763268144145e-10,0.17499593098958333,0.010420735677083333,0.17499593098958333,0.010420735677083333,0,idle,773.1970078081063,55.011246477041006,761.847506791351,58.51732447866441,0.04,0.045
1791329427.3672562,759.9981200725108,57.96654209745035,-267.21345893316635,-87.21345893278647,-4.485225060426726e-09,-2.183080027721425e-10,0.17499593098958333,0.010420735677083333,0.17499593098958333,0.010420735677083333,0,idle,767.7256091455931,60.54575590051823,762.1414119048021,58.61874604954971,0.04,0.045
1791329427.383801,759.9981200681153,57.966542097236406,-267.21345893327293,-87.21345893290064,-4.395520559218617e-09,-2.1394184270794134e-10,0.17499593098958333,0.010420735677083333,0.17499593098958333,0.010420735677083333,0,idle,771.4966680753196,79.97320051269438,762.6091747091523,59.6864687725037,0.04,0.045
1791329427.400075,759.9981200638077,57.966542097026746,-267.21345893337735,-87.2134589330125,-4.307610148034655e-09,-2.0966300584537127e-10,0.17499593098958333,0.010420735677083333,0.17499593098958333,0.010420735677083333,0,idle,751.3052364331843,52.99743154339215,762.0439777912617,59.352016910848945,0.04,0.045
1791329427.417025,759.9981200595863,57.96654209682128,-267.2134589334797,-87.21345893312215,-4.221457945074355e-09,-2.0546974572038492e-10,0.17499593098958333,0.010420735677083333,0.17499593098958333,0.010420735677083333,0,idle,780.0194066696973,61.04617961546857,762.9427492311731,59.436725045884735,0.04,0.045
1791329427.434195,759.9981200554492,57.96654209661992,-267.21345893358006,-87.21345893322963,-4.137028786173246e-09,-2.0136035079821742e-10,0.17499593098958333,0.010420735677083333,0.17499593098958333,0.010420735677083333,0,idle,733.8200145089894,67.00022493930277,761.4866124911338,59.81490004036434,0.04,0.045
1791329427.451128,759.998120051395,57.966542096422586,-267.21345893367834,-87.21345893333493,-4.0542882104501436e-09,-1.9733314377480133e-10,0.17499593098958333,0.010420735677083333,0.17499593098958333,0.010420735677083333,0,idle,764.4087561192838,87.08623336529281,761.6327196686897,61.1784667064233,0.04,0.045
1791329427.4687638,759.9981200474217,57.9665420962292,-267.2134589337747,-87.21345893343813,-3.973202446241489e-09,-1.9338648089214867e-10,0.17499593098958333,0.010420735677083333,0.17499593098958333,0.010420735677083333,0,idle,751.0535623651351,65.59776768827824,761.1037617997374,61.39943175533233,0.04,0.045
1791329427.48579,759.9981200435279,57.96654209603968,-267.2134589338691,-87.21345893353929,-3.893738397316994e-09,-1.895187512674318e-10,0.17499593098958333,0.010420735677083333,0.17499593098958333,0.010420735677083333,0,idle,754.400234598353,71.86306654818439,760.7685854359692,61.922613494794895,0.04,0.045
1791329427.502317,759.998120039712,57.96654209585395,-267.21345893396165,-87.2134589336384,-3.815863629370975e-09,-1.8572837623548168e-10,0.17499593098958333,0.010420735677083333,0.17499593098958333,0.010420735677083333,0,idle,751.769342022448,80.06683075682834,760.318623261668,62.82982435772013,0.04,0.045
1791329427.518828,759.9981200359725,57.96654209567194,-267.2134589340523,-87.21345893373555,-3.739546356783865e-09,-1.8201380870443184e-10,0.17499593098958333,0.010420735677083333,0.17499593098958333,0.010420735677083333,0,idle,766.8568046305884,61.57754333696905,760.6455323265615,62.76721030650966,0.04,0.045
1791329427.536353,759.9981200323077,57.966542095493566,-267.21345893414116,-87.21345893383075,-3.6647554296484836e-09,-1.7837353252425427e-10,0.17499593098958333,0.010420735677083333,0.17499593098958333,0.010420735677083333,0,idle,741.8697149354891,57.203353786098155,759.7067414535263,62.48901748031963,0.04,0.045
1791329427.552913,759.9981200287162,57.96654209531876,-267.21345893422824,-87.21345893392403,-3.5914603210557986e-09,-1.7480606186792154e-10,0.17499593098958333,0.010420735677083333,0.17499593098958333,0.010420735677083333,0,idle,740.254746879837,49.057744816703014,758.73414172143,61.81745384697273,0.04,0.045
1791329427.570504,759.9981200251966,57.966542095147446,-267.21345893431356,-87.21345893401546,-3.519631114634956e-09,-1.7130994062494702e-10,0.17499593098958333,0.010420735677083333,0.17499593098958333,0.010420735677083333,0,idle,749.5794324650885,43.6488003775295,758.2764062552693,60.90902117333783,0.04,0.045
1791329427.587314,759.9981200217474,57.96654209497956,-267.2134589343972,-87.21345893410505,-3.4492384923425193e-09,-1.6788374180705471e-10,0.17499593098958333,0.010420735677083333,0.17499593098958333,0.010420735677083333,0,idle,778.0206901254455,75.01426206407018,759.2636204455014,61.61428321771495,0.04,0.045
1791329427.6038852,759.9981200183671,57.96654209481503,-267.21345893447915,-87.21345893419284,-3.380253722495921e-09,-1.6452606696573416e-10,0.17499593098958333,0.010420735677083333,0.17499593098958333,0.010420735677083333,0,idle,769.501063446447,57.54589348076917,759.7754925923374,61.41086373071136,0.04,0.045
1791329427.6206489,759.9981200150545,57.966542094653796,-267.21345893455947,-87.21345893427889,-3.3126486480462446e-09,-1.6123554562144455e-10,0.17499593098958333,0.010420735677083333,0.17499593098958333,0.010420735677083333,0,idle,733.7056921767226,58.69142657429,758.4720025684097,61.27489187273712,0.04,0.045
1791329427.6376262,759.998120011808,57.966542094495786,-267.2134589346382,-87.21345893436322,-3.246395675085552e-09,-1.580108347042376e-10,0.17499593098958333,0.010420735677083333,0.17499593098958333,0.010420735677083333,0,idle,749.5399117596792,63.00869288448616,758.0253980248891,61.36158192317446,0.04,0.045
1791329427.654468,759.9981200086266,57.96654209434094,-267.21345893471533,-87.21345893444587,-3.1814677615840647e-09,-1.5485061800556392e-10,0.17499593098958333,0.010420735677083333,0.17499593098958333,0.010420735677083333,0,idle,755.7867390053374,72.12967142480115,757.9134650708892,61.89998639810869,0.04,0.045
1791329427.671495,759.9981200055088,57.96654209418919,-267.21345893479094,-87.21345893452684,-3.1178384063525978e-09,-1.5175360564104582e-10,0.17499593098958333,0.010420735677083333,0.17499593098958333,0.010420735677083333,0,idle,760.2068656770716,30.979793527073785,758.0281350982364,60.35397675441278,0.04,0.045
1791329427.688876,759.9981200024533,57.96654209404047,-267.213458934865,-87.21345893460621,-3.055481638225752e-09,-1.4871853352399243e-10,0.17499593098958333,0.010420735677083333,0.17499593098958333,0.010420735677083333,0,idle,734.8644524045924,56.65602459757595,756.8699509606515,60.16907914642965,0.04,0.045
1791329427.705018,759.9981199994589,57.966542093894724,-267.2134589349376,-87.21345893468398,-2.994372005461435e-09,-1.4574416284944818e-10,0.17499593098958333,0.010420735677083333,0.17499593098958333,0.010420735677083333,0,idle,752.2157952817498,55.46847822641773,756.6372431738617,59.93404910029059,0.04,0.045
1791329427.722263,759.9981199965245,57.9665420937519,-267.21345893500876,-87.2134589347602,-2.9344845653523963e-09,-1.4282927958855515e-10,0.17499593098958333,0.010420735677083333,0.17499593098958333,0.010420735677083333,0,idle,765.6960314847549,59.86077478905453,757.0901825866187,59.93038538459311,0.04,0.045
1791329427.739381,759.9981199936486,57.96654209361193,-267.2134589350785,-87.2134589348349,-2.8757948740455307e-09,-1.3997269399303473e-10,0.17499593098958333,0.010420735677083333,0.17499593098958333,0.010420735677083333,0,idle,735.9268721504773,59.545172998107304,756.0320170620796,59.911124765135845,0.04,0.045
1791329427.756036,759.9981199908303,57.96654209347476,-267.21345893514683,-87.21345893490812,-2.8182789765647953e-09,-1.3717324010957306e-10,0.17499593098958333,0.010420735677083333,0.17499593098958333,0.010420735677083333,0,idle,747.8128640518086,50.09953970685918,755.6210594088886,59.4205455120917,0.04,0.045
1791329427.773181,759.9981199880684,57.96654209334033,-267.2134589352138,-87.21345893497987,-2.7619133970336677e-09,-1.3442977530392324e-10,0.17499593098958333,0.010420735677083333,0.17499593098958333,0.010420735677083333,0,idle,768.4162763461728,48.066127872256466,756.260820253129,58.85282462997223,0.04,0.045
1791329427.790942,759.9981199853618,57.96654209320859,-267.2134589352794,-87.21345893505016,-2.706675129093156e-09,-1.3174117979452375e-10,0.17499593098958333,0.010420735677083333,0.17499593098958333,0.010420735677083333,0,idle,761.1480632600188,42.136400957403545,756.5051824009022,58.017003446218645,0.04,0.045
1791329427.807062,759.9981199827092,57.96654209307948,-267.2134589353437,-87.21345893511905,-2.652541626511448e-09,-1.2910635619544414e-10,0.17499593098958333,0.010420735677083333,0.17499593098958333,0.010420735677083333,0,idle,793.5243454909169,67.53038622755842,758.3561405528831,58.492672585162985,0.04,0.045
1791329427.824953,759.9981199801098,57.966542092952956,-267.2134589354067,-87.21345893518657,-2.5994907939813684e-09,-1.2652422906847204e-10,0.17499593098958333,0.010420735677083333,0.17499593098958333,0.010420735677083333,0,idle,740.613864434018,67.24057085723493,757.4690267444703,58.93006749864638,0.04,0.045
1791329427.841173,759.9981199775623,57.96654209282896,-267.2134589354685,-87.21345893525273,-2.5475009781018843e-09,-1.2399374448416054e-10,0.17499593098958333,0.010420735677083333,0.17499593098958333,0.010420735677083333,0,idle,746.7478564239566,56.29372165154634,756.9329682260245,58.798250206173584,0.04,0.045
1791329427.858264,759.9981199750657,57.96654209270744,-267.21345893552905,-87.21345893531759,-2.496550958539984e-09,-1.2151386959165149e-10,0.17499593098958333,0.010420735677083333,0.17499593098958333,0.010420735677083333,0,idle,752.4751875576919,49.833754749996096,756.7100791902361,58.35002543324927,0.04,0.045
1791329427.875266,759.9981199726191,57.966542092588355,-267.2134589355884,-87.21345893538115,-2.4466199393693167e-09,-1.1908359219710442e-10,0.17499593098958333,0.010420735677083333,0.17499593098958333,0.010420735677083333,0,idle,757.9719637943673,37.650079130231454,756.7731734181184,57.31502811798525,0.04,0.045
1791329427.892834,759.9981199702214,57.966542092471656,-267.21345893564654,-87.21345893544344,-2.3976875405820572e-09,-1.1670192035055554e-10,0.17499593098958333,0.010420735677083333,0.17499593098958333,0.010420735677083333,0,idle,747.5797538611213,64.0778254078058,756.3135024379908,57.65316798236541,0.04,0.045
1791329427.909739,759.9981199678717,57.96654209235729,-267.2134589357035,-87.21345893550448,-2.349733789770538e-09,-1.1436788194104125e-10,0.17499593098958333,0.010420735677083333,0.17499593098958333,0.010420735677083333,0,idle,766.5669347541748,38.96719696652545,756.8261740515678,56.71886943146476,0.04,0.045
1791329427.926202,759.998119965569,57.966542092245206,-267.2134589357593,-87.21345893556429,-2.302739113975244e-09,-1.1208052429981647e-10,0.17499593098958333,0.010420735677083333,0.17499593098958333,0.010420735677083333,0,idle,765.098444868559,69.81604780910496,757.2397875902298,57.37372835024029,0.04,0.045
1791329427.943651,759.9981199633123,57.96654209213537,-267.21345893581406,-87.21345893562291,-2.2566843316958515e-09,-1.0983891381151149e-10,0.17499593098958333,0.010420735677083333,0.17499593098958333,0.010420735677083333,0,idle,760.9767241551897,46.49356915849075,757.4266344163339,56.829720390548474,0.04,0.045
1791329427.9601321,759.9981199611008,57.96654209202773,-267.21345893586766,-87.21345893568035,-2.2115506450620424e-09,-1.0764213553306388e-10,0.17499593098958333,0.010420735677083333,0.17499593098958333,0.010420735677083333,0,idle,765.0587636613819,64.52473449905975,757.8082408764853,57.21447109587178,0.04,0.045
1791329427.977658,759.9981199589334,57.96654209192224,-267.2134589359202,-87.21345893573664,-2.1673196321609053e-09,-1.0548929282027334e-10,0.17499593098958333,0.010420735677083333,0.17499593098958333,0.010420735677083333,0,idle,737.1568431193896,56.783973427390535,756.7756709865716,57.19294621234751,0.04,0.045
1791329427.994263,759.9981199568094,57.966542091818866,-267.2134589359717,-87.2134589357918,-2.123973239517787e-09,-1.0337950696182286e-10,0.17499593098958333,0.010420735677083333,0.17499593098958333,0.010420735677083333,0,idle,783.213640528743,54.4349441434841,758.0975694616624,57.05504610880613,0.04,0.045
1791329428.010578,759.9981199547279,57.96654209171756,-267.21345893602216,-87.21345893584588,-2.0814937747275267e-09,-1.0131191682062224e-10,0.17499593098958333,0.010420735677083333,0.17499593098958333,0.010420735677083333,0,idle,761.3368367934322,55.967888666591804,758.2595328262735,57.000688236599174,0.04,0.045
1791329428.027334,759.9981199526881,57.96654209161827,-267.2134589360716,-87.21345893589886,-2.039863899233068e-09,-9.928567848232337e-11,0.17499593098958333,0.010420735677083333,0.17499593098958333,0.010420735677083333,0,idle,781.3520760123854,63.64163981195867,759.4141599836412,57.33273581527283,0.04,0.045
1791329428.044055,759.998119950689,57.96654209152097,-267.2134589361201,-87.21345893595077,-1.9990666212484948e-09,-9.729996491086537e-11,0.17499593098958333,0.010420735677083333,0.17499593098958333,0.010420735677083333,0,idle,751.2745311184839,59.19197982650658,759.0071785384843,57.42569801574208,0.04,0.045
1791329428.061806,759.9981199487299,57.966542091425616,-267.2134589361676,-87.21345893600167,-1.95908528882361e-09,-9.5353965610908e-11,0.17499593098958333,0.010420735677083333,0.17499593098958333,0.010420735677083333,0,idle,772.4504084073914,62.35219293898112,759.6793400300685,57.672022761813444,0.04,0.045
1791329428.077922,759.99811994681,57.96654209133217,-267.2134589362142,-87.21345893605155,-1.919903583047219e-09,-9.344688629701861e-11,0.17499593098958333,0.010420735677083333,0.17499593098958333,0.010420735677083333,0,idle,749.8019163548902,58.575626097894165,759.1854688444856,57.71720292852871,0.04,0.045
1791329428.093929,759.9981199449285,57.9665420912406,-267.21345893625977,-87.21345893610041,-1.8815055113863527e-09,-9.15779485694734e-11,0.17499593098958333,0.010420735677083333,0.17499593098958333,0.010420735677083333,0,idle,755.6668015343814,52.45393606205849,759.009535477193,57.4540395851182,0.04,0.045
1791329428.110894,759.9981199430846,57.96654209115085,-267.21345893630445,-87.2134589361483,-1.8438754011587008e-09,-8.974638959654283e-11,0.17499593098958333,0.010420735677083333,0.17499593098958333,0.010420735677083333,0,idle,769.7352577848868,40.284335380795795,759.545821590826,56.59555437481682,0.04,0.045
1791329428.127093,759.9981199412775,57.9665420910629,-267.2134589363483,-87.21345893619524,-1.806997893135599e-09,-8.795146180313185e-11,0.17499593098958333,0.010420735677083333,0.17499593098958333,0.010420735677083333,0,idle,759.0812751732286,71.67593381619564,759.5225942682295,57.34957334680221,0.04,0.045
1791329428.144056,759.9981199395066,57.9665420909767,-267.2134589363912,-87.21345893624122,-1.7708579352729562e-09,-8.619243256564793e-11,0.17499593098958333,0.010420735677083333,0.17499593098958333,0.010420735677083333,0,idle,753.5378808743667,62.60129451873077,759.2233585968539,57.61215940531675,0.04,0.045
1791329428.161102,759.9981199377712,57.96654209089223,-267.21345893643326,-87.21345893628629,-1.7354407765675637e-09,-8.446858391296985e-11,0.17499593098958333,0.010420735677083333,0.17499593098958333,0.010420735677083333,0,idle,763.803873547197,65.7247789673148,759.4523843427224,58.01779038333641,0.04,0.045
1791329428.17809,759.9981199360705,57.966542090809455,-267.21345893647447,-87.21345893633045,-1.7007319610362764e-09,-8.277921223339945e-11,0.17499593098958333,0.010420735677083333,0.17499593098958333,0.010420735677083333,0,idle,759.9039494393724,57.27576391550949,759.4749625959392,57.98068905986643,0.04,0.045
1791329428.195743,759.9981199344037,57.96654209072833,-267.2134589365149,-87.21345893637374,-1.666717321815612e-09,-8.112362798747235e-11,0.17499593098958333,0.010420735677083333,0.17499593098958333,0.010420735677083333,0,idle,763.8467182860657,57.086963179789805,759.6935503788621,57.93600276578553,0.04,0.045
1791329428.2126799,759.9981199327704,57.96654209064883,-267.2134589365545,-87.21345893641616,-1.6333829753793588e-09,-7.950115542651333e-11,0.17499593098958333,0.010420735677083333,0.17499593098958333,0.010420735677083333,0,idle,756.883835100358,52.99571849056275,759.5530646133852,57.68898855194887,0.04,0.045
1791329428.2293088,759.9981199311696,57.96654209057092,-267.2134589365933,-87.21345893645774,-1.600715315871828e-09,-7.791113231682164e-11,0.17499593098958333,0.010420735677083333,0.17499593098958333,0.010420735677083333,0,idle,764.6924562990198,40.54899929956463,759.8100341961463,56.83198908925564,0.04,0.045
1791329428.24545,759.998119929601,57.96654209049456,-267.21345893663135,-87.2134589364985,-1.5687010095544457e-09,-7.635290966936954e-11,0.17499593098958333,0.010420735677083333,0.17499593098958333,0.010420735677083333,0,idle,767.709724765071,73.38673143729407,760.2050187231023,57.65972620658503,0.04,0.045
1791329428.261606,759.9981199280637,57.966542090419736,-267.21345893666864,-87.21345893653842,-1.537326989363409e-09,-7.482585147491082e-11,0.17499593098958333,0.010420735677083333,0.17499593098958333,0.010420735677083333,0,idle,759.8169129280355,58.55754801368265,760.1856134318886,57.704617296868825,0.04,0.045
1791329428.278738,759.9981199265571,57.96654209034641,-267.2134589367052,-87.21345893657757,-1.5065804495761908e-09,-7.332933444438332e-11,0.17499593098958333,0.010420735677083333,0.17499593098958333,0.010420735677083333,0,idle,735.3471610749631,58.94769308146471,758.9436908126111,57.76677108602896,0.04,0.045
1791329428.29601,759.9981199250807,57.966542090274544,-267.213458936741,-87.21345893661592,-1.4764488405847152e-09,-7.186274775450733e-11,0.17499593098958333,0.010420735677083333,0.17499593098958333,0.010420735677083333,0,idle,761.3040942304984,51.40774936515413,759.0617109821028,57.44881999991695,0.04,0.045
1791329428.313838,759.9981199236338,57.966542090204115,-267.2134589367761,-87.21345893665351,-1.446919863773067e-09,-7.042549279846782e-11,0.17499593098958333,0.010420735677083333,0.17499593098958333,0.010420735677083333,0,idle,786.9726570259043,71.43782659315713,760.4572582829184,58.14827032951205,0.04,0.045
1791329428.331444,759.9981199222158,57.9665420901351,-267.21345893681047,-87.21345893669034,-1.41798146649765e-09,-6.901698294158693e-11,0.17499593098958333,0.010420735677083333,0.17499593098958333,0.010420735677083333,0,idle,767.4462655923649,55.70581454168876,760.8067086470436,58.02614754005532,0.04,0.045
1791329428.348011,759.9981199208262,57.96654209006746,-267.2134589368442,-87.21345893672645,-1.3896218371677395e-09,-6.763664328187949e-11,0.17499593098958333,0.010420735677083333,0.17499593098958333,0.010420735677083333,0,idle,762.7391975738649,41.16521183523983,760.9033330920645,57.18310075475029,0.04,0.045
1791329428.3655229,759.9981199194643,57.96654209000118,-267.2134589368772,-87.21345893676182,-1.3618294004244256e-09,-6.62839104154009e-11,0.17499593098958333,0.010420735677083333,0.17499593098958333,0.010420735677083333,0,idle,762.4065482841027,57.42943126732565,760.9784938503726,57.195417280316086,0.04,0.045
1791329428.382139,759.9981199181298,57.96654208993622,-267.21345893690955,-87.2134589367965,-1.3345928124159763e-09,-6.495823220628547e-11,0.17499593098958333,0.010420735677083333,0.17499593098958333,0.010420735677083333,0,idle,756.4513568225959,38.879138417633726,760.752136997716,56.27960333712026,0.04,0.045
1791329428.3997068,759.9981199168219,57.96654208987256,-267.21345893694127,-87.21345893683048,-1.3079009561676945e-09,-6.365906756138408e-11,0.17499593098958333,0.010420735677083333,0.17499593098958333,0.010420735677083333,0,idle,786.8899329045292,77.94619659337859,762.0590267918142,57.3629329998727,0.04,0.045
1791329428.4161658,759.9981199155402,57.966542089810176,-267.21345893697236,-87.21345893686377,-1.281742937044377e-09,-6.238588620941139e-11,0.17499593098958333,0.010420735677083333,0.17499593098958333,0.010420735677083333,0,idle,736.1530273338869,44.81695821818276,760.7637268177002,56.735634260728936,0.04,0.045
1791329428.433646,759.9981199142841,57.96654208974904,-267.2134589370028,-87.2134589368964,-1.2561080783035244e-09,-6.113816848450782e-11,0.17499593098958333,0.010420735677083333,0.17499593098958333,0.010420735677083333,0,idle,771.4615285611511,51.70653129634026,761.2986169036794,56.48417911245142,0.04,0.045
1791329428.4502861,759.9981199130531,57.96654208968913,-267.21345893703267,-87.21345893692839,-1.2309859167374873e-09,-5.991540511413054e-11,0.17499593098958333,0.010420735677083333,0.17499593098958333,0.010420735677083333,0,idle,764.4669577452117,52.15186261531315,761.4570339445866,56.26756328753759,0.04,0.045
1791329428.4668028,759.9981199118467,57.96654208963041,-267.21345893706194,-87.21345893695974,-1.2063661984027697e-09,-5.8717097011188e-11,0.17499593098958333,0.010420735677083333,0.17499593098958333,0.010420735677083333,0,idle,757.2676553829015,43.01990598416468,761.2475650153563,55.60518042231316,0.04,0.045
1791329428.484271,759.9981199106645,57.96654208957287,-267.2134589370906,-87.21345893699045,-1.1822388744347452e-09,-5.754275507033054e-11,0.17499593098958333,0.010420735677083333,0.17499593098958333,0.010420735677083333,0,idle,750.9595000011734,31.731927333241657,760.733161763524,54.41151776780492,0.04,0.045
1791329428.501866,759.9981199095059,57.96654208951648,-267.2134589371187,-87.21345893702053,-1.1585940969460799e-09,-5.639189996831534e-11,0.17499593098958333,0.010420735677083333,0.17499593098958333,0.010420735677083333,0,idle,776.5699926085352,40.1557457652322,761.5250033046739,53.698729167622716,0.04,0.045
1791329428.5193548,759.9981199083705,57.966542089461214,-267.2134589371462,-87.21345893705002,-1.1354222150071866e-09,-5.5264061968364785e-11,0.17499593098958333,0.010420735677083333,0.17499593098958333,0.010420735677083333,0,idle,767.1782657055393,69.39243656531583,761.8076664236385,54.48341453745487,0.04,0.045
1791329428.536714,759.9981199072578,57.966542089407056,-267.2134589371732,-87.21345893707893,-1.1127137707070703e-09,-5.415878072843614e-11,0.17499593098958333,0.010420735677083333,0.17499593098958333,0.010420735677083333,0,idle,755.9354649585664,70.11120067966749,761.5140563493277,55.26480384451405,0.04,0.045
1791329428.5531468,759.9981199061673,57.96654208935398,-267.2134589371996,-87.21345893710725,-1.090459495292955e-09,-5.307560511332843e-11,0.17499593098958333,0.010420735677083333,0.17499593098958333,0.010420735677083333,0,idle,765.047808851779,40.857257792724866,761.6907439734143,54.54442654187417,0.04,0.045
1791329428.570602,759.9981199050986,57.96654208930197,-267.21345893722554,-87.21345893713502,-1.0686503053871212e-09,-5.201409301054402e-11,0.17499593098958333,0.010420735677083333,0.17499593098958333,0.010420735677083333,0,idle,758.4933264510385,61.926178448583514,761.5308730962803,54.91351413716022,0.04,0.045
1791329428.5870342,759.9981199040514,57.96654208925099,-267.21345893725095,-87.21345893716222,-1.047277299279403e-09,-5.097381114983582e-11,0.17499593098958333,0.010420735677083333,0.17499593098958333,0.010420735677083333,0,idle,773.2988616669109,52.6242204792812,762.1192725238169,54.799049454217844,0.04,0.045
1791329428.604535,759.998119903025,57.96654208920104,-267.21345893727585,-87.21345893718888,-1.026331753293838e-09,-4.99543349263615e-11,0.17499593098958333,0.010420735677083333,0.17499593098958333,0.010420735677083333,0,idle,745.6120159875923,54.373976004733144,761.2939096960306,54.777795781696156,0.04,0.045
1791329428.621021,759.9981199020192,57.966542089152085,-267.21345893730023,-87.21345893721502,-1.0058051182279835e-09,-4.895524822737543e-11,0.17499593098958333,0.010420735677083333,0.17499593098958333,0.010420735677083333,0,idle,749.0241858354419,41.75297411098507,760.6804235020456,54.12655469811409,0.04,0.045
1791329428.638505,759.9981199010335,57.96654208910411,-267.2134589373241,-87.21345893724063,-9.856890158634452e-10,-4.7976143262387424e-11,0.17499593098958333,0.010420735677083333,0.17499593098958333,0.010420735677083333,0,idle,753.8946917770951,46.7419830650833,760.3411369148617,53.757326116416976,0.04,0.045
1791329428.655048,759.9981199000675,57.96654208905709,-267.2134589373475,-87.21345893726571,-9.659752355461968e-10,-4.7016620396716685e-11,0.17499593098958333,0.010420735677083333,0.17499593098958333,0.010420735677083333,0,idle,757.4380287392897,62.24264793436046,760.1959815051655,54.18159220726948,0.04,0.045
1791329428.6727219,759.9981198991209,57.966542089011014,-267.2134589373705,-87.2134589372903,-9.466557308352927e-10,-4.607628798837611e-11,0.17499593098958333,0.010420735677083333,0.17499593098958333,0.010420735677083333,0,idle,765.9701663097848,55.61647166773578,760.4846907444971,54.25333618024902,0.04,0.045
1791329428.689443,759.9981198981932,57.96654208896586,-267.213458937393,-87.2134589373144,-9.277226162186059e-10,-4.5154762228218236e-11,0.17499593098958333,0.010420735677083333,0.17499593098958333,0.010420735677083333,0,idle,754.2464916873655,61.98096649862356,760.1727807907592,54.639717696124855,0.04,0.045
1791329428.7060218,759.998119897284,57.96654208892161,-267.21345893741506,-87.21345893733803,-9.091681638942521e-10,-4.425166698327905e-11,0.17499593098958333,0.010420735677083333,0.17499593098958333,0.010420735677083333,0,idle,749.223359403181,59.41518062379515,759.6253097205166,54.87849084246633,0.04,0.045
1791329428.723202,759.9981198963931,57.96654208887824,-267.21345893743666,-87.21345893736117,-8.909848006163846e-10,-4.336663364325361e-11,0.17499593098958333,0.010420735677083333,0.17499593098958333,0.010420735677083333,0,idle,766.9138210320855,46.74595798041832,759.9897352852487,54.47186419932273,0.04,0.045
1791329428.740839,759.99811989552,57.966542088835745,-267.2134589374578,-87.21345893738386,-8.731651046040737e-10,-4.2499300970042916e-11,0.17499593098958333,0.010420735677083333,0.17499593098958333,0.010420735677083333,0,idle,750.3246278266041,70.46474646731629,759.506479911487,55.27150831268204,0.04,0.045
1791329428.757392,759.9981198946642,57.96654208879409,-267.21345893747855,-87.21345893740609,-8.557018025120084e-10,-4.164931495031007e-11,0.17499593098958333,0.010420735677083333,0.17499593098958333,0.010420735677083333,0,idle,755.6716841174023,64.6559891184883,759.3147401209698,55.74073235293278,0.04,0.045
1791329428.773898,759.9981198938257,57.96654208875328,-267.2134589374989,-87.21345893742787,-8.385877664617837e-10,-4.081632865098496e-11,0.17499593098958333,0.010420735677083333,0.17499593098958333,0.010420735677083333,0,idle,751.1141619566208,64.47494088947994,758.9047112119557,56.17744277972137,0.04,0.045
1791329428.791399,759.9981198930038,57.96654208871328,-267.21345893751885,-87.21345893744922,-8.218160111325629e-10,-4.000000207765892e-11,0.17499593098958333,0.010420735677083333,0.17499593098958333,0.010420735677083333,0,idle,769.2653193001477,56.85425159661161,759.4227416155845,56.21128322052788,0.04,0.045
1791329428.8078752,759.9981198921985,57.96654208867408,-267.2134589375384,-87.21345893747016,-8.05379690909926e-10,-3.9200002035811523e-11,0.17499593098958333,0.010420735677083333,0.17499593098958333,0.010420735677083333,0,idle,760.278095842764,68.16033477949236,759.4655093261784,56.80873579843887,0.04,0.045
1791329428.825432,759.9981198914091,57.96654208863566,-267.21345893755756,-87.21345893749067,-7.892720970917413e-10,-3.8416001994812764e-11,0.17499593098958333,0.010420735677083333,0.17499593098958333,0.010420735677083333,0,idle,756.0460247567659,58.62145467642905,759.2945350969579,56.89937174230188,0.04,0.045
1791329428.8417852,759.9981198906356,57.96654208859802,-267.2134589375763,-87.21345893751078,-7.734866551499197e-10,-3.764768195464512e-11,0.17499593098958333,0.010420735677083333,0.17499593098958333,0.010420735677083333,0,idle,778.22600647456,64.07911339966937,760.2411086651032,57.25835882513449,0.04,0.045
1791329428.8595772,759.9981198898776,57.96654208856113,-267.2134589375947,-87.21345893753046,-7.580169220469341e-10,-3.6894728315291636e-11,0.17499593098958333,0.010420735677083333,0.17499593098958333,0.010420735677083333,0,idle,749.547677157534,54.57931853544027,759.7064370890046,57.12440681061474,0.04,0.045
1791329428.8755882,759.9981198891347,57.96654208852497,-267.2134589376127,-87.21345893754976,-7.428565836060076e-10,-3.615683374873555e-11,0.17499593098958333,0.010420735677083333,0.17499593098958333,0.010420735677083333,0,idle,771.2327665391534,45.16885440665319,760.2827535608063,56.52662919038231,0.04,0.045
1791329428.8916879,759.9981198884067,57.96654208848953,-267.2134589376304,-87.21345893756869,-7.279994519338991e-10,-3.5433697073520494e-11,0.17499593098958333,0.010420735677083333,0.17499593098958333,0.010420735677083333,0,idle,765.7458625896679,77.68787458487411,760.5559090115578,57.58469146007324,0.04,0.045
1791329428.907899,759.9981198876933,57.96654208845481,-267.21345893764766,-87.21345893758722,-7.134394628952323e-10,-3.472502313181926e-11,0.17499593098958333,0.010420735677083333,0.17499593098958333,0.010420735677083333,0,idle,760.6680786482368,50.674604938245395,760.5615174927141,57.23918713394886,0.04,0.045
1791329428.92498,759.9981198869941,57.96654208842078,-267.2134589376646,-87.21345893760538,-6.991706736373384e-10,-3.403052266896122e-11,0.17499593098958333,0.010420735677083333,0.17499593098958333,0.010420735677083333,0,idle,758.224784055037,52.90030471251669,760.444680820166,57.022243012844925,0.04,0.045
1791329428.9405062,759.9981198863089,57.96654208838743,-267.2134589376812,-87.21345893762317,-6.85187260164602e-10,-3.33499122153692e-11,0.17499593098958333,0.010420735677083333,0.17499593098958333,0.010420735677083333,0,idle,760.3078110593336,70.7915517120798,760.4378373314735,57.710708447774984,0.04,0.045
1791329428.957887,759.9981198856375,57.96654208835474,-267.21345893769745,-87.21345893764061,-6.714835149613199e-10,-3.268291397085756e-11,0.17499593098958333,0.010420735677083333,0.17499593098958333,0.010420735677083333,0,idle,760.4908598278856,65.37525940354732,760.4404884556562,58.09393599553255,0.04,0.045
1791329428.973513,759.9981198849795,57.96654208832271,-267.2134589377134,-87.2134589376577,-6.58053844662103e-10,-3.202925569124415e-11,0.17499593098958333,0.010420735677083333,0.17499593098958333,0.010420735677083333,0,idle,753.7321984281806,67.21359875019044,760.1050739536573,58.549919133235015,0.04,0.045
1791329428.990686,759.9981198843345,57.96654208829132,-267.21345893772906,-87.21345893767445,-6.448927677688701e-10,-3.13886705772308e-11,0.17499593098958333,0.010420735677083333,0.17499593098958333,0.010420735677083333,0,idle,740.4410069696994,53.71631480393091,759.1218706038467,58.30823891673999,0.04,0.045
1791329429.007725,759.9981198837025,57.96654208826056,-267.2134589377444,-87.21345893769086,-6.319949124135015e-10,-3.0760897165505056e-11,0.17499593098958333,0.010420735677083333,0.17499593098958333,0.010420735677083333,0,idle,746.7807717104389,66.19557987891767,758.5048156585759,58.702605964819654,0.04,0.045
1791329429.0246148,759.9981198830832,57.96654208823041,-267.2134589377594,-87.21345893770695,-6.1935501416524e-10,-3.014567922202102e-11,0.17499593098958333,0.010420735677083333,0.17499593098958333,0.010420735677083333,0,idle,764.2574818942248,41.468046132254365,758.79244896977,57.84087797316275,0.04,0.045
1791329429.0409012,759.9981198824762,57.96654208820087,-267.21345893777413,-87.2134589377227,-6.069679138819433e-10,-2.954276563741358e-11,0.17499593098958333,0.010420735677083333,0.17499593098958333,0.010420735677083333,0,idle,759.8299465580014,64.6425367920309,758.844323848605,58.180960914078085,0.04,0.045
1791329429.057065,759.9981198818814,57.96654208817191,-267.2134589377886,-87.21345893773817,-5.948285556043123e-10,-2.8951910324504833e-11,0.17499593098958333,0.010420735677083333,0.17499593098958333,0.010420735677083333,0,idle,751.6407831544763,73.32868818167131,758.4841468133335,58.93834727743024,0.04,0.045
1791329429.0743601,759.9981198812984,57.96654208814354,-267.2134589378027,-87.21345893775332,-5.829319844922336e-10,-2.8372872117860602e-11,0.17499593098958333,0.010420735677083333,0.17499593098958333,0.010420735677083333,0,idle,763.4372625704074,48.3628504666379,758.7318026006334,58.40957243686367,0.04,0.045
1791329429.091497,759.9981198807271,57.96654208811574,-267.2134589378166,-87.21345893776818,-5.712733448023961e-10,-2.7805414675355276e-11,0.17499593098958333,0.010420735677083333,0.17499593098958333,0.010420735677083333,0,idle,763.4081328818693,67.72686701881966,758.9656191141524,58.875437165935054,0.04,0.045
1791329429.108615,759.9981198801673,57.96654208808849,-267.2134589378302,-87.21345893778272,-5.598478779063552e-10,-2.7249306381706044e-11,0.17499593098958333,0.010420735677083333,0.17499593098958333,0.010420735677083333,0,idle,742.6893349585035,40.60623767183763,758.1518049058382,57.9619771912043,0.04,0.045
1791329429.125876,759.9981198796187,57.966542088061786,-267.2134589378435,-87.21345893779699,-5.486509203482347e-10,-2.6704320253935363e-11,0.17499593098958333,0.010420735677083333,0.17499593098958333,0.010420735677083333,0,idle,749.259711761768,47.763484862017364,757.7072002481134,57.45205257471959,0.04,0.045
1791329429.14257,759.9981198790811,57.96654208803562,-267.2134589378565,-87.21345893781096,-5.376779019412764e-10,-2.6170233848725544e-11,0.17499593098958333,0.010420735677083333,0.17499593098958333,0.010420735677083333,0,idle,767.206182822341,82.00534593012642,758.182149376314,58.67971724246507,0.04,0.045
1791329429.15968,759.9981198785541,57.96654208800997,-267.2134589378693,-87.21345893782464,-5.26924343902457e-10,-2.564682917162513e-11,0.17499593098958333,0.010420735677083333,0.17499593098958333,0.010420735677083333,0,idle,751.0239617838168,49.150047071942794,757.8242399961886,58.203233733914594,0.04,0.045
1791329429.1762612,759.9981198780378,57.96654208798484,-267.2134589378818,-87.21345893783807,-5.163858570244137e-10,-2.5133892588071722e-11,0.17499593098958333,0.010420735677083333,0.17499593098958333,0.010420735677083333,0,idle,748.9191286023822,50.297934822418746,757.3789844260077,57.807968788315925,0.04,0.045
1791329429.193741,759.9981198775317,57.96654208796021,-267.2134589378941,-87.2134589378512,-5.06058139883931e-10,-2.4631214736194186e-11,0.17499593098958333,0.010420735677083333,0.17499593098958333,0.010420735677083333,0,idle,760.1621299641399,61.835138414248185,757.5181417024336,58.009327269589136,0.04,0.045
1791329429.2102568,759.9981198770358,57.96654208793607,-267.2134589379061,-87.21345893786409,-4.959369770862579e-10,-2.4138590441358724e-11,0.17499593098958333,0.010420735677083333,0.17499593098958333,0.010420735677083333,0,idle,766.2996691226515,62.29682170379889,757.9572180729733,58.22370199127669,0.04,0.045
1791329429.227523,759.9981198765498,57.966542087912416,-267.2134589379179,-87.21345893787672,-4.86018237544538e-10,-2.3655818632424464e-11,0.17499593098958333,0.010420735677083333,0.17499593098958333,0.010420735677083333,0,idle,775.9661584366471,64.1008397264811,758.8576650906953,58.51755887801444,0.04,0.045
1791329429.2441988,759.9981198760735,57.96654208788923,-267.21345893792943,-87.21345893788909,-4.762978727936522e-10,-2.3182702259673123e-11,0.17499593098958333,0.010420735677083333,0.17499593098958333,0.010420735677083333,0,idle,760.9961372892434,39.38809913075241,758.9645887001701,57.561085890629315,0.04,0.045
1791329429.2609432,759.9981198756067,57.966542087866515,-267.21345893794074,-87.21345893790122,-4.667719153377839e-10,-2.2719048214380923e-11,0.17499593098958333,0.010420735677083333,0.17499593098958333,0.010420735677083333,0,idle,732.4781516750672,46.22060789985788,757.6402668484715,56.99406199106916,0.04,0.045
1791329429.278164,759.9981198751492,57.96654208784425,-267.2134589379518,-87.2134589379131,-4.574364770310329e-10,-2.2264667249998462e-11,0.17499593098958333,0.010420735677083333,0.17499593098958333,0.010420735677083333,0,idle,765.7440881358499,57.95148340876406,758.0454579124058,57.04193306193276,0.04,0.045
1791329429.295723,759.9981198747009,57.96654208782243,-267.2134589379627,-87.21345893792473,-4.4828774749041665e-10,-2.1819373904907458e-11,0.17499593098958333,0.010420735677083333,0.17499593098958333,0.010420735677083333,0,idle,762.8411581170204,69.2919505328799,758.2852429222107,57.65443393545939,0.04,0.045
1791329429.311546,759.9981198742616,57.96654208780105,-267.2134589379733,-87.21345893793612,-4.3932199254061263e-10,-2.1382986426721895e-11,0.17499593098958333,0.010420735677083333,0.17499593098958333,0.010420735677083333,0,idle,751.0216551453708,64.28352981342205,757.9220635329514,57.98588872933721,0.04,0.045
1791329429.328583,759.9981198738311,57.9665420877801,-267.2134589379838,-87.21345893794731,-4.305355526898045e-10,-2.095532669810341e-11,0.17499593098958333,0.010420735677083333,0.17499593098958333,0.010420735677083333,0,idle,757.0277100653401,53.111367900126936,757.8773458591618,57.74216268785679,0.04,0.045
1791329429.344862,759.9981198734092,57.966542087759564,-267.213458937994,-87.21345893795828,-4.219248416360123e-10,-2.0536220164060624e-11,0.17499593098958333,0.010420735677083333,0.17499593098958333,0.010420735677083333,0,idle,743.8314549405227,38.15588837092234,757.175051312829,56.76284897199056,0.04,0.045
1791329429.3618429,759.9981198729957,57.96654208773944,-267.213458938004,-87.21345893796901,-4.1348634480329587e-10,-2.0125495760701984e-11,0.17499593098958333,0.010420735677083333,0.17499593098958333,0.010420735677083333,0,idle,753.7941428950452,49.32964208760157,757.006005891547,56.391188627751994,0.04,0.045
1791329429.37872,759.9981198725906,57.966542087719716,-267.21345893801384,-87.21345893797954,-4.052166179072336e-10,-1.9722985845413484e-11,0.17499593098958333,0.010420735677083333,0.17499593098958333,0.010420735677083333,0,idle,760.3239747473796,49.56603157269844,757.1719043339538,56.04993077498058,0.04,0.045
1791329429.395543,759.9981198721935,57.96654208770039,-267.21345893802345,-87.21345893798984,-3.971122855490924e-10,-1.932852612843381e-11,0.17499593098958333,0.010420735677083333,0.17499593098958333,0.010420735677083333,0,idle,749.0866508128175,61.69793531696774,756.7676416575197,56.33233100206158,0.04,0.045
1791329429.412126,759.9981198718043,57.96654208768145,-267.2134589380329,-87.21345893799995,-3.891700398381139e-10,-1.8941955605796487e-11,0.17499593098958333,0.010420735677083333,0.17499593098958333,0.010420735677083333,0,idle,755.7229048972802,47.921021104520655,756.715404819138,55.911765507166535,0.04,0.045
1791329429.4298902,759.9981198714229,57.96654208766288,-267.21345893804215,-87.21345893800985,-3.8138663904135484e-10,-1.8563116493614606e-11,0.17499593098958333,0.010420735677083333,0.17499593098958333,0.010420735677083333,0,idle,784.4588057641791,73.20365308206476,758.1025748660277,56.77635988589381,0.04,0.045
1791329429.446723,759.9981198710491,57.96654208764469,-267.2134589380512,-87.21345893801954,-3.737589062605308e-10,-1.819185416367906e-11,0.17499593098958333,0.010420735677083333,0.17499593098958333,0.010420735677083333,0,idle,762.2474408209482,63.722005116574536,758.3098181634186,57.123642147410564,0.04,0.045
1791329429.462374,759.9981198706828,57.96654208762686,-267.21345893806006,-87.21345893802906,-3.662837281353231e-10,-1.7828017080344677e-11,0.17499593098958333,0.010420735677083333,0.17499593098958333,0.010420735677083333,0,idle,758.9337094640566,57.13203584049273,758.3410127281026,57.12406183204774,0.04,0.045
1791329429.47933,759.9981198703239,57.96654208760939,-267.21345893806875,-87.21345893803837,-3.589580535726195e-10,-1.747145673867939e-11,0.17499593098958333,0.010420735677083333,0.17499593098958333,0.010420735677083333,0,idle,780.9968896883033,49.816028548496035,759.4738065757716,56.758660167853556,0.04,0.045
1791329429.496171,759.9981198699721,57.966542087592266,-267.2134589380773,-87.21345893804751,-3.517788925011698e-10,-1.7122027603849756e-11,0.17499593098958333,0.010420735677083333,0.17499593098958333,0.010420735677083333,0,idle,766.5430162376443,62.63946946049313,759.8272670585311,57.05270063246927,0.04,0.045
1791329429.513355,759.9981198696274,57.96654208757548,-267.21345893808564,-87.21345893805645,-3.4474331465114906e-10,-1.6779587051718944e-11,0.17499593098958333,0.010420735677083333,0.17499593098958333,0.010420735677083333,0,idle,794.007051515021,48.697127242037524,761.5362562810282,56.634921962931735,0.04,0.045
1791329429.5295,759.9981198692896,57.96654208755904,-267.2134589380938,-87.21345893806522,-3.378484483581286e-10,-1.6443995310632863e-11,0.17499593098958333,0.010420735677083333,0.17499593098958333,0.010420735677083333,0,idle,760.42345031873,58.72562719421516,761.4806159825923,56.73945722448028,0.04,0.045
1791329429.5464761,759.9981198689585,57.966542087542926,-267.21345893810184,-87.21345893807381,-3.3109147939096844e-10,-1.6115115404370525e-11,0.17499593098958333,0.010420735677083333,0.17499593098958333,0.010420735677083333,0,idle,783.5087004102704,54.95812209556896,762.5820202036617,56.65039046801941,0.04,0.045
1791329429.563195,759.998119868634,57.96654208752713,-267.2134589381097,-87.21345893808224,-3.244696498031514e-10,-1.5792813096235436e-11,0.17499593098958333,0.010420735677083333,0.17499593098958333,0.010420735677083333,0,idle,769.150245272742,55.537822547504206,762.9104314568075,56.59476207197864,0.04,0.045
1791329429.579981,759.998119868316,57.966542087511655,-267.2134589381174,-87.2134589380905,-3.179802568070906e-10,-1.5476956834264896e-11,0.17499593098958333,0.010420735677083333,0.17499593098958333,0.010420735677083333,0,idle,753.8624676200964,47.249036696339985,762.4580332646699,56.12747580318201,0.04,0.045
1791329429.597697,759.9981198680044,57.966542087496485,-267.213458938125,-87.21345893809858,-3.116206516709509e-10,-1.516741769753561e-11,0.17499593098958333,0.010420735677083333,0.17499593098958333,0.010420735677083333,0,idle,767.0031050876352,67.80071814495938,762.6852868555221,56.71113792025646,0.04,0.045
1791329429.614217,759.9981198676991,57.96654208748162,-267.21345893813236,-87.21345893810651,-3.0538823863753394e-10,-1.4864069343542614e-11,0.17499593098958333,0.010420735677083333,0.17499593098958333,0.010420735677083333,0,idle,781.7198833311808,45.333920549959245,763.637016679015,56.14227705172748,0.04,0.045
1791329429.631712,759.9981198673999,57.966542087467055,-267.21345893813964,-87.21345893811429,-2.9928047386478526e-10,-1.4566787956631187e-11,0.17499593098958333,0.010420735677083333,0.17499593098958333,0.010420735677083333,0,idle,762.7316210678376,53.01882486709971,763.5917468981719,55.98610444248226,0.04,0.045
1791329429.6482282,759.9981198671065,57.96654208745278,-267.21345893814674,-87.2134589381219,-2.9329486438749146e-10,-1.4275452197459576e-11,0.17499593098958333,0.010420735677083333,0.17499593098958333,0.010420735677083333,0,idle,763.646932076349,64.4102817348571,763.5945061568021,56.40731330708744,0.04,0.045
1791329429.664823,759.9981198668191,57.96654208743879,-267.21345893815374,-87.21345893812936,-2.8742896709974344e-10,-1.3989943153472935e-11,0.17499593098958333,0.010420735677083333,0.17499593098958333,0.010420735677083333,0,idle,747.806582814455,61.36460313461938,762.8051099894118,56.65517779845075,0.04,0.045
1791329429.6824489,759.9981198665374,57.966542087425076,-267.21345893816056,-87.2134589381367,-2.8168038775775033e-10,-1.3710144290367462e-11,0.17499593098958333,0.010420735677083333,0.17499593098958333,0.010420735677083333,0,idle,756.4183186862726,54.68094769405189,762.4857704239872,56.55646629321778,0.04,0.045
1791329429.6996,759.9981198662614,57.96654208741164,-267.21345893816726,-87.21345893814386,-2.76046780002597e-10,-1.3435941404525566e-11,0.17499593098958333,0.010420735677083333,0.17499593098958333,0.010420735677083333,0,idle,783.6255135464827,54.00586249438808,763.5427575798498,56.42893610326353,0.04,0.045
1791329429.715999,759.9981198659908,57.96654208739847,-267.2134589381738,-87.2134589381509,-2.7052584440254667e-10,-1.3167222576401869e-11,0.17499593098958333,0.010420735677083333,0.17499593098958333,0.010420735677083333,0,idle,748.3511616469599,51.044958297120196,762.7831777829482,56.15973721294386,0.04,0.045
1791329429.733554,759.9981198657257,57.96654208738557,-267.2134589381802,-87.21345893815777,-2.651153275144973e-10,-1.290387812484198e-11,0.17499593098958333,0.010420735677083333,0.17499593098958333,0.010420735677083333,0,idle,768.7678669871647,38.518473527845096,763.0824122429071,55.277674028676664,0.04,0.045
1791329429.750252,759.9981198654659,57.96654208737292,-267.21345893818653,-87.21345893816452,-2.5981302096420884e-10,-1.2645800562314535e-11,0.17499593098958333,0.010420735677083333,0.17499593098958333,0.010420735677083333,0,idle,754.5063901352491,46.19596766427784,762.6536111372775,54.82358871044471,0.04,0.045
1791329429.767464,759.9981198652113,57.96654208736053,-267.21345893819273,-87.21345893817114,-2.546167605449261e-10,-1.2392884551038816e-11,0.17499593098958333,0.010420735677083333,0.17499593098958333,0.010420735677083333,0,idle,773.3130091418278,74.34961783483593,763.1865810372631,55.799890166652496,0.04,0.045
1791329429.784558,759.9981198649617,57.96654208734839,-267.21345893819876,-87.21345893817762,-2.4952442533402897e-10,-1.214502685998983e-11,0.17499593098958333,0.010420735677083333,0.17499593098958333,0.010420735677083333,0,idle,762.5072311695002,46.09275122577759,763.1526135436378,55.314533219597216,0.04,0.045
1791329429.801661,759.9981198647172,57.966542087336485,-267.21345893820467,-87.21345893818396,-2.445339368273497e-10,-1.1902126322762964e-11,0.17499593098958333,0.010420735677083333,0.17499593098958333,0.010420735677083333,0,idle,773.6608276078106,73.87536015037668,763.6780242466141,56.24257456612488,0.04,0.045
1791329429.8188071,759.9981198644775,57.96654208732482,-267.21345893821047,-87.21345893819017,-2.39643258090804e-10,-1.1664083796281707e-11,0.17499593098958333,0.010420735677083333,0.17499593098958333,0.010420735677083333,0,idle,778.8280187181286,76.47107499211243,764.4355239699621,57.253999587413176,0.04,0.045
1791329429.835186,759.9981198642427,57.966542087313385,-267.21345893821615,-87.21345893819627,-2.348503929289891e-10,-1.1430802120331092e-11,0.17499593098958333,0.010420735677083333,0.17499593098958333,0.010420735677083333,0,idle,774.0939347595876,46.92963483609884,764.9184445092202,56.737781349836595,0.04,0.045
1791329429.8516648,759.9981198640126,57.96654208730218,-267.2134589382217,-87.21345893820224,-2.301533850704105e-10,-1.1202186077900506e-11,0.17499593098958333,0.010420735677083333,0.17499593098958333,0.010420735677083333,0,idle,744.3048728910276,79.4587180418186,763.887765928092,57.87382818442505,0.04,0.045
1791329429.868595,759.998119863787,57.9665420872912,-267.2134589382272,-87.2134589382081,-2.2555031736900342e-10,-1.0978142356319444e-11,0.17499593098958333,0.010420735677083333,0.17499593098958333,0.010420735677083333,0,idle,759.6311382106506,57.01470726290279,763.6749345420056,57.830872138338506,0.04,0.045
1791329429.8845692,759.998119863566,57.966542087280445,-267.2134589382325,-87.21345893821383,-2.2103931102162443e-10,-1.075857950917093e-11,0.17499593098958333,0.010420735677083333,0.17499593098958333,0.010420735677083333,0,idle,752.1733475071878,38.70928583849519,763.0998551900548,56.87479282333612,0.04,0.045
1791329429.901481,759.9981198633494,57.9665420872699,-267.21345893823775,-87.21345893821943,-2.1661852480119297e-10,-1.054340791896631e-11,0.17499593098958333,0.010420735677083333,0.17499593098958333,0.010420735677083333,0,idle,747.8002719907258,53.534212677439186,762.3348760298826,56.70776381603126,0.04,0.045
1791329429.918571,759.9981198631372,57.96654208725957,-267.2134589382429,-87.21345893822495,-2.122861543051701e-10,-1.033253976056657e-11,0.17499593098958333,0.010420735677083333,0.17499593098958333,0.010420735677083333,0,idle,754.2755447639635,62.378130134986485,761.931909466385,56.99128213196921,0.04,0.045
1791329429.935434,759.9981198629291,57.966542087249444,-267.213458938248,-87.21345893823036,-2.0804043121906765e-10,-1.0125888965335591e-11,0.17499593098958333,0.010420735677083333,0.17499593098958333,0.010420735677083333,0,idle,734.7268763525354,52.713740639096414,760.5716578104949,56.777405057315946,0.04,0.045
1791329429.951524,759.9981198627253,57.96654208723952,-267.2134589382529,-87.21345893823566,-2.0387962259468723e-10,-9.923371186010021e-12,0.17499593098958333,0.010420735677083333,0.17499593098958333,0.010420735677083333,0,idle,741.7310362613423,59.435650819668616,759.6296267328437,56.91031734542415,0.04,0.045
1791329429.9686341,759.9981198625255,57.96654208722979,-267.21345893825776,-87.21345893824085,-1.9980203014279437e-10,-9.72490376227172e-12,0.17499593098958333,0.010420735677083333,0.17499593098958333,0.010420735677083333,0,idle,745.7183536088106,66.77555431025777,758.9340630764523,57.40357919365659,0.04,0.045
1791329429.985365,759.9981198623298,57.96654208722026,-267.21345893826253,-87.21345893824594,-1.9580598953993933e-10,-9.530405687008915e-12,0.17499593098958333,0.010420735677083333,0.17499593098958333,0.010420735677083333,0,idle,746.7687088534636,52.26376389321505,758.3257953651168,57.14658842862546,0.04,0.045
1791329430.0022988,759.9981198621379,57.966542087210925,-267.2134589382672,-87.21345893825092,-1.9188986974914136e-10,-9.339797573252029e-12,0.17499593098958333,0.010420735677083333,0.17499593098958333,0.010420735677083333,0,idle,749.8035070723246,52.877915791174324,757.899680950295,56.933154796744034,0.04,0.045
1791329430.018971,759.9981198619498,57.96654208720177,-267.21345893827174,-87.2134589382558,-1.880520723541593e-10,-9.153001621770968e-12,0.17499593098958333,0.010420735677083333,0.17499593098958333,0.010420735677083333,0,idle,758.1235353259252,31.382767441412263,757.9108736688978,55.65563542896875,0.04,0.045
1791329430.036531,759.9981198617655,57.966542087192806,-267.21345893827623,-87.2134589382606,-1.8429103090707688e-10,-8.969941589320115e-12,0.17499593098958333,0.010420735677083333,0.17499593098958333,0.010420735677083333,0,idle,744.1192955516234,56.44322122777037,757.221294762859,55.69501471890031,0.04,0.045
1791329430.052299,759.9981198615849,57.96654208718402,-267.2134589382806,-87.2134589382653,-1.8060521028893607e-10,-8.7905427575189e-12,0.17499593098958333,0.010420735677083333,0.17499593098958333,0.010420735677083333,0,idle,780.5932327579982,49.95109588310556,758.3898916624444,55.40781877710222,0.04,0.045
1791329430.0688581,759.9981198614079,57.966542087175405,-267.2134589382849,-87.2134589382699,-1.7699310608315804e-10,-8.61473190235435e-12,0.17499593098958333,0.010420735677083333,0.17499593098958333,0.010420735677083333,0,idle,735.4024146036217,69.7980162108444,757.2405178093351,56.12732864878115,0.04,0.045
1791329430.0863628,759.9981198612344,57.966542087166964,-267.2134589382891,-87.21345893827439,-1.7345324396149554e-10,-8.442437264293633e-12,0.17499593098958333,0.010420735677083333,0.17499593098958333,0.010420735677083333,0,idle,752.931928060515,61.5804232917415,757.0250883217293,56.39998338092115,0.04,0.045
1791329430.102908,759.9981198610644,57.96654208715869,-267.21345893829323,-87.21345893827882,-1.6998417908226625e-10,-8.273588518994632e-12,0.17499593098958333,0.010420735677083333,0.17499593098958333,0.010420735677083333,0,idle,744.528980236769,63.3900604815548,756.4002829173198,56.749487235944976,0.04,0.045
1791329430.1207051,759.9981198608979,57.966542087150586,-267.21345893829726,-87.21345893828315,-1.6658449550062154e-10,-8.10811674860215e-12,0.17499593098958333,0.010420735677083333,0.17499593098958333,0.010420735677083333,0,idle,770.179024453681,55.23323847156345,757.0892199939797,56.6736747977182,0.04,0.045
1791329430.137491,759.9981198607346,57.96654208714264,-267.21345893830124,-87.21345893828739,-1.632528055906097e-10,-7.945954413618012e-12,0.17499593098958333,0.010420735677083333,0.17499593098958333,0.010420735677083333,0,idle,752.5890329454902,55.309057546996144,756.8642106414001,56.60544393517455,0.04,0.045
1791329430.154219,759.9981198605747,57.966542087134854,-267.2134589383051,-87.21345893829155,-1.5998774947879809e-10,-7.787035325334045e-12,0.17499593098958333,0.010420735677083333,0.17499593098958333,0.010420735677083333,0,idle,786.205564609961,59.91849473330642,758.3312783396761,56.77109647507375,0.04,0.045
1791329430.171057,759.9981198604179,57.96654208712722,-267.2134589383089,-87.21345893829562,-1.5678799448922266e-10,-7.631294618816208e-12,0.17499593098958333,0.010420735677083333,0.17499593098958333,0.010420735677083333,0,idle,757.8895278398719,65.87762549320617,758.309190814537,57.22642292597312,0.04,0.045
1791329430.1875682,759.9981198602642,57.96654208711974,-267.21345893831267,-87.21345893829962,-1.5365223459943873e-10,-7.478668726429146e-12,0.17499593098958333,0.010420735677083333,0.17499593098958333,0.010420735677083333,0,idle,734.8150588050684,49.08324592260615,757.1344842139176,56.81926407579766,0.04,0.045
1791329430.204721,759.9981198601135,57.966542087112416,-267.2134589383163,-87.21345893830355,-1.5057918990745045e-10,-7.329095351890282e-12,0.17499593098958333,0.010420735677083333,0.17499593098958333,0.010420735677083333,0,idle,753.8901667613113,42.531710615407036,756.9722683411442,56.10488640277117,0.04,0.045
1791329430.221898,759.998119859966,57.96654208710523,-267.2134589383199,-87.21345893830738,-1.4756760610930193e-10,-7.182513444842581e-12,0.17499593098958333,0.010420735677083333,0.17499593098958333,0.010420735677083333,0,idle,749.8054250220722,53.35385239009668,756.6139261750504,55.96733470213062,0.04,0.045
1791329430.238976,759.9981198598214,57.96654208709819,-267.2134589383234,-87.21345893831115,-1.4461625398711636e-10,-7.038863175936228e-12,0.17499593098958333,0.010420735677083333,0.17499593098958333,0.010420735677083333,0,idle,791.1198722777394,45.032211033698154,758.3392234800475,55.42057851870231,0.04,0.045
1791329430.255203,759.9981198596796,57.96654208709129,-267.2134589383268,-87.21345893831483,-1.4172392890737448e-10,-6.8980859124083984e-12,0.17499593098958333,0.010420735677083333,0.17499593098958333,0.010420735677083333,0,idle,765.5946318789811,45.48006973987796,758.7019938998595,54.923553079754534,0.04,0.045
1791329430.2716641,759.9981149018006,57.96654184577799,-267.2134594504822,-87.21345945047125,-4.957878984051877e-06,-2.4131329933653104e-07,0.17499593098958333,0.08662312825520833,0.17499593098958333,0.08662312825520833,0,idle,768.3572918507956,43.584388280384616,759.1847540874213,54.3565946105384,0.04,0.045
1791329430.288683,759.9980216269286,57.9665373058537,-267.2134687019802,-87.21346833316817,-9.327487199263203e-05,-4.539924293089039e-06,0.17499593098958333,0.28440755208333335,0.17499593098958333,0.28440755208333335,0,idle,760.7200125465695,63.67894907254822,759.2614283992502,54.82270802071081,0.04,0.045
1791329430.305789,759.9972154378241,57.966498067572196,-267.2135447574317,-87.21353812580165,-0.0008061891043814496,-3.92382815016217e-05,0.17499593098958333,0.6863545735677083,0.17499593098958333,0.6863545735677083,0,idle,773.6696774267157,44.00937202213399,759.9810749709743,54.28200394441455,0.04,0.045
1791329430.322668,759.993932614809,57.96633830154224,-267.21382142289656,-87.21376924423623,-0.0032828230151672223,-0.00015976602995736744,0.17499593098958333,0.8787984212239583,0.17499593098958333,0.8787984212239583,0,idle,767.5164501060971,66.20231394480331,760.354725045866,54.87786766670553,0.04,0.045
1791329430.339555,759.9848053453431,57.96589418863631,-267.2145099559815,-87.2143101459487,-0.009127269465807782,-0.00044411290592368034,0.17499593098958333,1.0101765950520833,0.17499593098958333,1.0101765950520833,0,idle,788.7463355013014,47.59642809398982,761.7656346626452,54.51337378080911,0.04,0.045
1791329430.356506,759.9650285994834,57.96493224298306,-267.21584580146776,-87.21531425470407,-0.019776745859772592,-0.0009619456532486344,0.17499593098958333,1.0101765950520833,0.17499593098958333,1.0101765950520833,0,idle,745.5546610840795,67.88831548065079,760.9362980751501,55.18120701743061,0.04,0.045
1791329430.3739588,759.928694276526,57.96316596829853,-267.2180670006922,-87.21694326089248,-0.03633432295734795,-0.0017662746845275449,0.17499593098958333,1.0101765950520833,0.17499593098958333,1.0101765950520833,0,idle,762.7548336040968,50.81375379933943,760.992707244788,54.96115639557575,0.04,0.045
1791329430.3900979,759.8691707234661,57.96027494152315,-267.22140087326704,-87.21936010976482,-0.059523553059882404,-0.0028910267753782717,0.17499593098958333,1.0101765950520833,0.17499593098958333,1.0101765950520833,0,idle,752.7500204896937,45.91863752467087,760.5240255316264,54.50628397659389,0.04,0.045
1791329430.407331,759.7794617455794,57.95592310433729,-267.22605633243995,-87.22272402297956,-0.0897089778867797,-0.004351837185865185,0.17499593098958333,1.0101765950520833,0.17499593098958333,1.0101765950520833,0,idle,741.6631792710335,53.80865475663978,759.4957596896044,54.467268270269614,0.04,0.045
1791329430.424314,759.6525136576444,57.949774687266164,-267.23221997912367,-87.22718715972125,-0.12694808793503137,-0.006148417071123687,0.17499593098958333,1.0101765950520833,0.17499593098958333,1.0101765950520833,0,idle,764.347646997813,63.38934857811894,759.6177533714765,54.90753128944451,0.04,0.045
1791329430.440844,759.48145933864,57.9415071665271,-267.2400546781431,-87.2328924150242,-0.17105431900441992,-0.008267520739062811,0.17499593098958333,1.0101765950520833,0.17499593098958333,1.0101765950520833,0,idle,762.0549070647144,61.68836960857646,759.5771094530843,55.238719060699005,0.04,0.045
1791329430.458427,759.2597997203767,57.930821206637965,-267.249699717213,-87.23997203618684,-0.22165961826328429,-0.010685959889134525,0.17499593098958333,1.0101765950520833,0.17499593098958333,1.0101765950520833,0,idle,769.5286999077927,53.14259463136073,759.8641123384696,55.12376117733741,0.04,0.045
1791329430.4748878,758.9815290184798,57.91744783240665,-267.261271930386,-87.24854683843598,-0.27827070189684405,-0.013373374231313826,0.17499593098958333,1.0101765950520833,0.17499593098958333,1.0101765950520833,0,idle,741.6726850729925,31.624577346171968,758.6901838083937,53.93609728025939,0.04,0.045
1791329430.4916139,758.6412125012664,57.90115320558074,-267.27486736615435,-87.25872586197342,-0.34031651721336226,-0.016294626825907765,0.17499593098958333,1.0101765950520833,0.17499593098958333,1.0101765950520833,0,idle,755.5495077981271,31.70324275802878,758.2098493165277,52.808974658663246,0.04,0.045
1791329430.5081139,758.2340261082373,57.88174141998907,-267.2905632197315,-87.27060635373458,-0.4071863930291037,-0.019411785591674304,0.17499593098958333,1.0101765950520833,0.17499593098958333,1.0101765950520833,0,idle,752.1008273138177,69.65804383014434,757.5175711430145,53.63298692092521,0.04,0.045
1791329430.525714,757.7557666754458,57.85905571582498,-267.30841984628876,-87.28427398645216,-0.4782594327915225,-0.022685704164091436,0.17499593098958333,1.0101765950520833,0.17499593098958333,1.0101765950520833,0,idle,759.8773884411995,52.77110393113926,757.1812155467718,53.56834135248003,0.04,0.045
1791329430.542506,757.2028404570742,57.832978474340464,-267.3284827392716,-87.29980324889169,-0.5529262183716103,-0.026077241484513992,0.17499593098958333,1.0101765950520833,0.17499593098958333,1.0101765950520833,0,idle,772.4097797145652,54.31325647425298,757.4173638477084,53.58081372915839,0.04,0.045
1791329430.559168,756.5722363844596,57.80343030401014,-267.35078440410325,-87.31725795680028,-0.6306040726146204,-0.029548170330325658,0.17499593098958333,1.0101765950520833,0.17499593098958333,1.0101765950520833,0,idle,761.0477624379286,53.009469525006054,756.9998099082356,53.52417575713697,0.04,0.045
1791329430.576936,755.8614892650817,57.770368477095396,-267.3753460888477,-87.33669184578316,-0.7107471193779499,-0.033061826914748016,0.17499593098958333,1.0101765950520833,0.17499593098958333,1.0101765950520833,0,idle,745.9633073427606,67.9794892365411,755.7727750165528,54.21553269553817,0.04,0.045
1791329430.593977,755.0686369936461,57.733784926353934,-267.40217935420156,-87.3581492161127,-0.7928522714355627,-0.03658355074146156,0.17499593098958333,1.0101765950520833,0.17499593098958333,1.0101765950520833,0,idle,765.9486152417168,50.829151106721305,755.5283573699472,54.01145924289294,0.04,0.045
1791329430.610263,754.1921748688901,57.693703967768826,-267.43128747869156,-87.38166560617789,-0.8764621247559989,-0.04008095858510805,0.17499593098958333,1.0101765950520833,0.17499593098958333,1.0101765950520833,0,idle,784.9501283088454,50.75149622423869,756.1668068983739,53.81038418130437,0.04,0.045
1791329430.627268,753.2310092939384,57.65017987749205,-267.4626667034213,-87.40726847646876,-0.9611655749516352,-0.04352409027677667,0.17499593098958333,1.0101765950520833,0.17499593098958333,1.0101765950520833,0,idle,745.2636521149363,72.18149239320667,754.7085418629979,54.68759170613655,0.04,0.045
1791329430.644332,752.1844124776557,57.60329441973003,-267.496307325727,-87.43497789005896,-1.046596816282751,-0.04688545776202088,0.17499593098958333,1.0101765950520833,0.17499593098958333,1.0101765950520833,0,idle,765.6879475193487,62.21869132861872,754.2632451703467,55.01960550238674,0.04,0.045
1791329430.661271,751.0519792331369,57.55315439660152,-267.5321946537959,-87.46480717879511,-1.13243324451875,-0.05014002312850881,0.17499593098958333,1.0101765950520833,0.17499593098958333,1.0101765950520833,0,idle,756.919755780747,44.66142634722635,753.320259118574,54.45406352265664,0.04,0.045
1791329430.67798,749.8335865674018,57.499889270414116,-267.57030983545053,-87.49676358701973,-1.2183926657351372,-0.05326512618740767,0.17499593098958333,1.0101765950520833,0.17499593098958333,1.0101765950520833,0,idle,753.7216216544133,55.34187811916649,752.1828542129176,54.4478523826041,0.04,0.045
1791329430.695859,748.5293564533147,57.443648892606795,-267.6106305744603,-87.53084888679142,-1.304230114087105,-0.05624037780732261,0.17499593098958333,1.0101765950520833,0.17499593098958333,1.0101765950520833,0,idle,746.9941210686958,36.44624566213596,750.6843989473238,53.494343687663736,0.04,0.045
1791329430.7125802,747.1396219519614,57.38460136107784,-267.6531317472805,-87.56705996032194,-1.3897345013532214,-0.05904753152895327,0.17499593098958333,1.0101765950520833,0.17499593098958333,1.0101765950520833,0,idle,738.8716457665965,61.76083790479558,748.7735135120018,53.85157324356782,0.04,0.045
1791329430.729544,745.6648966945827,57.32293101810256,-267.69778593230086,-87.60538934679535,-1.4747252573786827,-0.06167034297528348,0.17499593098958333,1.0101765950520833,0.17499593098958333,1.0101765950520833,0,idle,753.364055111714,30.171927895331052,747.6020515974776,52.60900415032946,0.04,0.045
1791329430.746743,744.1058476235875,57.258836593963714,-267.74456386267707,-87.64582575192442,-1.5590490709952796,-0.0640944241388452,0.17499593098958333,1.0101765950520833,0.17499593098958333,1.0101765950520833,0,idle,733.665923521727,48.537353976639565,745.4241485762446,52.34453193871307,0.04,0.045
1791329430.763128,742.4632708204575,57.19252949627221,-267.7934348127413,-87.68835451957024,-1.6425768031299492,-0.06630709769150951,0.17499593098958333,1.0101765950520833,0.17499593098958333,1.0101765950520833,0,idle,746.4890846506498,40.7841004631737,743.9169474169914,51.70351862212917,0.04,0.045
1791329430.77965,740.738070205037,57.12423224132906,-267.84436692690684,-87.73295806553591,-1.7252006154204407,-0.0682972549431439,0.17499593098958333,1.0101765950520833,0.17499593098958333,1.0101765950520833,0,idle,757.493038431653,66.74043007084248,742.9568113830751,52.39048180236884,0.04,0.045
1791329430.79685,738.9312388682362,57.05417702142911,-267.8973274989493,-87.77961627426926,-1.8068313368009357,-0.07005521989994604,0.17499593098958333,1.0101765950520833,0.17499593098958333,1.0101765950520833,0,idle,739.3095998329851,54.179477581943864,741.0579610356098,52.41337913244264,0.04,0.045
1791329430.813014,737.0438423005959,56.982618167974046,-267.95376519462974,-87.82872476656762,-1.887396567640334,-0.07155885345506514,0.19062093098958333,1.0101765950520833,0.19062093098958333,1.0101765950520833,0,idle,745.3270687011723,66.70720367573458,739.4783896796296,53.060089448824925,0.04,0.045
1791329430.8300319,735.0770034507015,56.909855589212256,-268.01640964079576,-87.88132701959734,-1.9668388498944827,-0.07276257876179133,0.21900227864583333,1.0101765950520833,0.21900227864583333,1.0101765950520833,0,idle,713.6116031841651,56.76871146690773,736.3165534474566,53.17639609990537,0.04,0.045
1791329430.847729,733.0318894907109,56.83626841899757,-268.0892669081093,-87.93927566485576,-2.045113959990534,-0.07358717021468722,0.2577901204427083,1.0101765950520833,0.2577901204427083,1.0101765950520833,0,idle,730.089932613606,42.12753486931879,734.062364143773,52.55404522667209,0.04,0.045
1791329430.86391,730.9097004578234,56.76235062413904,-268.1768788712295,-88.00514178499644,-2.122189032887535,-0.07391779485853264,0.2977376302083333,1.0101765950520833,0.2977376302083333,1.0101765950520833,0,idle,721.2667076324493,56.82124416935768,731.4065017369637,52.697183268690765,0.04,0.045
1791329430.8808682,728.7116605993798,56.68871825781618,-268.2814458657684,-88.08136018821916,-2.198039858443633,-0.07363236632286384,0.3168416341145833,1.0101765950520833,0.3168416341145833,1.0101765950520833,0,idle,728.3595212491782,50.175513815221954,729.166014847053,52.5011490480106,0.04,0.045
1791329430.898426,726.439011649962,56.61610318845207,-268.40389207611554,-88.16992324206734,-2.2726489494178277,-0.07261506936410744,0.3266988118489583,1.0101765950520833,0.3266988118489583,1.0101765950520833,0,idle,733.5001052035831,63.785131649097515,727.2237028629327,52.99636386216905,0.04,0.045
1791329430.9149451,724.0930078294311,56.54533024896688,-268.543473524106,-88.27205682394661,-2.346003820530898,-0.070772939485198,0.3266988118489583,1.0101765950520833,0.3266988118489583,1.0101765950520833,0,idle,735.5428565148811,41.531408567238955,725.4109569160257,52.355881804911604,0.04,0.045
1791329430.932537,721.6749117326791,56.477297102599074,-268.69931563450905,-88.3884080869403,-2.4180960967520666,-0.06803314636780272,0.3266988118489583,1.0101765950520833,0.3266988118489583,1.0101765950520833,0,idle,727.7087547379518,51.94369998231375,723.2286555152076,52.2706412247323,0.04,0.045
1791329430.9491441,719.1859913782203,56.41293509794662,-268.8686388733529,-88.51869524160172,-2.488920354458857,-0.06436200465245213,0.3168416341145833,1.0101765950520833,0.3168416341145833,1.0101765950520833,0,idle,702.8022521462226,56.2214596766602,719.8428610100225,52.40703824290887,0.04,0.045
1791329430.966871,716.6275177022661,56.35316408721623,-269.0476606631662,-88.66170058543459,-2.5584736759540836,-0.059771010730392635,0.3017964680989583,1.0101765950520833,0.3017964680989583,1.0101765950520833,0,idle,715.0630649700331,58.46996987597354,717.1733212158666,52.653402364368226,0.04,0.045
1791329430.983437,714.0007634670162,56.29874598311529,-269.22386652102904,-88.81318103244611,-2.626754235249896,-0.05441810410094269,0.24158528645833333,1.0101765950520833,0.24158528645833333,1.0101765950520833,0,idle,676.9868304849836,67.65959565759356,712.6685801558351,53.3520148301336,0.04,0.045
1791329431.000926,711.3070004356232,56.250167451300506,-269.385265121221,-88.96685671818219,-2.693763031392992,-0.04857853181478544,0.17499593098958333,1.0101765950520833,0.17499593098958333,1.0101765950520833,0,idle,710.0224431465169,61.731802940807384,709.9771984255458,53.72485463044325,0.04,0.045
1791329431.0177019,708.5474938956183,56.207730186679385,-269.53467629917355,-89.11894229380846,-2.759506540004864,-0.042437264621124134,0.17499593098958333,1.0101765950520833,0.17499593098958333,1.0101765950520833,0,idle,694.6823148217334,58.80722501982133,706.5909230323506,53.93865774852208,0.04,0.045
1791329431.034532,705.7234987394941,56.17161492028864,-269.67437182797005,-89.26730060524704,-2.8239951561242567,-0.036115266390747844,0.17499593098958333,1.0101765950520833,0.17499593098958333,1.0101765950520833,0,idle,701.8409172751257,63.05934897096924,703.6706273461713,54.360382806573234,0.04,0.045
1791329431.051738,702.8362566578381,56.141926415864674,-269.8061917317484,-89.41086822380626,-2.887242081655935,-0.029688504423964347,0.17499593098958333,1.0101765950520833,0.17499593098958333,1.0101765950520833,0,idle,688.7339140684237,60.09240946024638,700.1809117047108,54.61878006005412,0.04,0.045
1791329431.06889,699.8869941335727,56.118724762715914,-269.93163414360356,-89.54926719164553,-2.9492625242654182,-0.023201653148757644,0.17499593098958333,1.0101765950520833,0.17499593098958333,1.0101765950520833,0,idle,712.7499441682442,50.850832854424795,698.0075639298352,54.40834112928133,0.04,0.045
1791329431.085025,696.8769210178351,56.10204683410107,-270.0519249577267,-89.68254420887516,-3.010073115737524,-0.016677928614843997,0.17499593098958333,1.0101765950520833,0.17499593098958333,1.0101765950520833,0,idle,692.4957856149823,71.26123970460962,694.8724055541419,55.235142025863645,0.04,0.045
1791329431.1022458,693.8072295318482,56.09192072451183,-270.1680720316688,-89.81099688989694,-3.069691485986987,-0.010126109589239641,0.17499593098958333,1.0101765950520833,0.17499593098958333,1.0101765950520833,0,idle,704.1995568799571,59.85327510560166,692.422556208745,55.45642887574077,0.04,0.045
1791329431.119317,690.679093583596,56.088375205530035,-270.28090755574715,-89.93505934837516,-3.12813594825217,-0.003545518981798697,0.17499593098958333,1.0101765950520833,0.17499593098958333,1.0101765950520833,0,idle,683.6390847628321,49.40529480596575,689.0116534856098,55.15050392921931,0.04,0.045
1791329431.136211,687.4936683192637,56.09144567424682,-270.39112133966825,-90.05522805575865,-3.1854252643322223,0.0030704687167885433,0.17499593098958333,1.0101765950520833,0.17499593098958333,1.0101765950520833,0,idle,687.603651967899,61.72434404520215,685.9150994086086,55.4821128802994,0.04,0.045
1791329431.153147,684.2520898513171,56.1011776556492,-270.49928710750595,-90.17201489671803,-3.241578467946676,0.009731981402382083,0.17499593098958333,1.0101765950520833,0.17499593098958333,1.0101765950520833,0,idle,687.9925989682301,61.275877428242495,682.9394748420405,55.781046490028814,0.04,0.045
1791329431.169952,680.9554751206215,56.117628620209814,-270.605883392046,-90.28591846217215,-3.296614730695587,0.01645096456060951,0.17499593098958333,1.0101765950520833,0.17499593098958333,1.0101765950520833,0,idle,688.0336578718966,56.5526880071036,680.0623999993724,55.835256982215135,0.04,0.045
1791329431.18607,677.604921861064,56.14086866009768,-270.7113102403411,-90.39740745625333,-3.3505532595574707,0.023240039887869955,0.17499593098958333,1.0101765950520833,0.17499593098958333,1.0101765950520833,0,idle,672.6475464411428,61.687735158193696,676.5086317248813,56.14995892890754,0.04,0.045
1791329431.2031062,674.2015086430815,56.17098040980199,-270.8159026550784,-90.5069120456644,-3.4034132179825103,0.03011174970430863,0.17499593098958333,1.0101765950520833,0.17499593098958333,1.0101765950520833,0,idle,658.7318863278335,43.35681547799278,672.3865518979455,55.5389079185809,0.04,0.045
1791329431.220258,670.7462949782497,56.20805848322981,-270.91994147883463,-90.61482032242324,-3.4552136648318585,0.03707807342782103,0.17499593098958333,1.0101765950520833,0.17499593098958333,1.0101765950520833,0,idle,671.9640111563873,57.97415973774198,669.0829718792774,55.69589467929538,0.04,0.045
1791329431.237302,667.240321471286,56.252208617543666,-271.0236622635429,-90.72147797289206,-3.505973506963613,0.044150134313855956,0.17499593098958333,1.0101765950520833,0.17499593098958333,1.0101765950520833,0,idle,664.6462098481686,47.0846504966359,665.5304589461065,55.30727509776057,0.04,0.045
1791329431.254611,663.6846100089186,56.303546655389276,-271.12726254263646,-90.82718987765563,-3.5557114623674613,0.05133803784560732,0.17499593098958333,1.0101765950520833,0.17499593098958333,1.0101765950520833,0,idle,660.2357808327819,49.13407161057076,661.8877991511912,55.04738605935441,0.04,0.045
1791329431.271499,660.0801639773806,56.36219745533193,-271.2309078285958,-90.9322227983337,-3.6044460315380205,0.05865079994265351,0.17499593098958333,1.0101765950520833,0.17499593098958333,1.0101765950520833,0,idle,666.0170931915886,45.79309010859623,658.6700401232499,54.640389521762025,0.04,0.045
1791329431.288448,656.4279685020356,56.428293790609324,-271.334736586615,-91.03680860104411,-3.652195475345003,0.06609633527739546,0.17499593098958333,1.0101765950520833,0.17499593098958333,1.0101765950520833,0,idle,666.9906175153419,47.60628699347531,655.6164832912767,54.351475913861215,0.04,0.045
1791329431.305074,652.7289907039641,56.501975275328626,-271.4388643802326,-91.14114766500916,-3.6989777980714456,0.07368148471929913,0.17499593098958333,1.0101765950520833,0.17499593098958333,1.0101765950520833,0,idle,670.662563107517,65.97729625212091,652.8547583739208,55.00276434125754,0.04,0.045
1791329431.322613,648.9841799693696,56.58338734252589,-271.54338734283635,-91.24541225845431,-3.7448107345945227,0.0814120671972602,0.17499593098958333,1.0101765950520833,0.17499593098958333,1.0101765950520833,0,idle,652.3044682273387,68.99428873558426,649.269673668727,55.77968202481127,0.04,0.045
1791329431.339115,645.1944682284611,56.67268028828533,-271.648385096781,-91.34974975301668,-3.789711740908484,0.08929294575943683,0.17499593098958333,1.0101765950520833,0.17499593098958333,1.0101765950520833,0,idle,641.2097228875622,55.22343809142102,645.2664499758057,55.83669812661323,0.04,0.045
1791329431.35662,641.360770241103,56.77000838909751,-271.7539232170664,-91.45428560652998,-3.8336979873581107,0.09732810081218674,0.17499593098958333,1.0101765950520833,0.17499593098958333,1.0101765950520833,0,idle,637.67131136042,46.44550133755692,641.2446799570462,55.45959998293199,0.04,0.045
1791329431.37324,637.4839838870237,56.8755290948923,-271.8600553173247,-91.55912608204108,-3.876786354079287,0.10552070579478653,0.17499593098958333,1.0101765950520833,0.17499593098958333,1.0101765950520833,0,idle,654.5018127834329,61.777887204462814,638.2245895619902,55.875759014513584,0.04,0.045
1791329431.389695,633.5649904587818,56.98940229704727,-271.96682482090887,-91.66436069495008,-3.9189934282418273,0.1138732021549725,0.17499593098958333,1.0101765950520833,0.17499593098958333,1.0101765950520833,0,idle,630.9985856266593,56.41807234872591,634.1402456083939,56.01105422327142,0.04,0.045
1791329431.4063191,629.6046549560155,57.11178966866799,-272.0742664681542,-91.77006439485497,-3.960335502766332,0.12238737162072072,0.17499593098958333,1.0101765950520833,0.17499593098958333,1.0101765950520833,0,idle,618.9685643942387,47.98908420027134,629.6193428200581,55.7262237251611,0.04,0.045
1791329431.4239411,625.6038263797683,57.24285407322015,-272.18240760163036,-91.87629949716873,-4.000828576247153,0.13106440455216187,0.17499593098958333,1.0101765950520833,0.17499593098958333,1.0101765950520833,0,idle,613.3154901812879,74.93441047364408,625.0033630406848,56.811144246909805,0.04,0.045
1791329431.4406478,621.5633380259068,57.382759036922444,-272.2912692638527,-91.98311738400375,-4.040488353861526,0.1399049637022904,0.17499593098958333,1.0101765950520833,0.17499593098958333,1.0101765950520833,0,idle,618.1939476532551,56.94819648279685,620.8244283351448,56.950906574221335,0.04,0.045
1791329431.457503,617.4840077768233,57.53166828000915,-272.40086713603205,-92.09055999563739,-4.079330249083429,0.14890924308670556,0.17499593098958333,1.0101765950520833,0.17499593098958333,1.0101765950520833,0,idle,606.7699463107608,47.75377088224847,616.2463404972964,56.63251357055506,0.04,0.045
1791329431.474881,613.3666383907713,57.68974530192077,-272.5112123416963,-92.19866113406032,-4.117369386052009,0.15807702191162296,0.17499593098958333,1.0101765950520833,0.17499593098958333,1.0101765950520833,0,idle,612.590424830406,50.49174813218039,612.1520437972024,56.47564846945237,0.04,0.045
1791329431.492064,609.2120177883014,57.85715301559283,-272.62231213515895,-92.30744759931581,-4.154620602469839,0.16740771367205345,0.17499593098958333,1.0101765950520833,0.17499593098958333,1.0101765950520833,0,idle,606.5121309333942,64.35637033729004,607.9231585816656,57.02872189083271,0.04,0.045
1791329431.509283,605.0209193353742,58.03405342622707,-272.73417049165243,-92.41694017799688,-4.191098452927289,0.17690041063424217,0.17499593098958333,1.0101765950520833,0.17499593098958333,1.0101765950520833,0,idle,612.6450438762658,51.16805946868966,604.1777093161147,56.903744159828086,0.04,0.045
1791329431.526579,600.7941021228077,58.22060735020369,-272.8467886133435,-92.52715450165331,-4.226817212566558,0.18655392397662576,0.17499593098958333,1.0101765950520833,0.17499593098958333,1.0101765950520833,0,idle,598.7213832494551,65.62222913437175,599.8894166608435,57.51689463633306,0.04,0.045
1791329431.5437691,596.5323112417943,58.41697417009852,-272.96016536329176,-92.63810179115586,-4.261790881013293,0.19636681989482555,0.17499593098958333,1.0101765950520833,0.17499593098958333,1.0101765950520833,0,idle,592.9303235180663,64.63225276741971,595.492760666742,58.05921102178748,0.04,0.045
1791329431.560916,592.2362780552787,58.62331162208631,-273.07429763761274,-92.74978950137469,-4.296033186515668,0.2063374519877943,0.17499593098958333,1.0101765950520833,0.17499593098958333,1.0101765950520833,0,idle,581.919431346523,71.60255729383525,590.7328626735413,58.932398914778275,0.04,0.045
1791329431.577823,587.906720465038,58.839775612327095,-273.18918068460016,-92.86222187892129,-4.329557590240768,0.21646399024078494,0.17499593098958333,1.0101765950520833,0.17499593098958333,1.0101765950520833,0,idle,587.7080318766343,43.40016941595775,586.4685414229672,58.36142823056599,0.04,0.045
1791329431.594365,583.5443431743515,59.066520059237924,-273.30480837828964,-92.97540044421045,-4.362377290686466,0.22674444691083118,0.17499593098958333,1.0101765950520833,0.17499593098958333,1.0101765950520833,0,idle,601.2878076370433,51.480574873114676,583.0652463075188,58.23279278725871,0.04,0.045
1791329431.611274,579.1498379461775,59.303696758843195,-273.42117345287306,-93.08932440773874,-4.39450522817398,0.23717669960527027,0.17499593098958333,1.0101765950520833,0.17499593098958333,1.0101765950520833,0,idle,590.1831101898098,75.4050861216435,579.246359534868,59.316725318602955,0.04,0.045
1791329431.6282182,574.7238838567854,59.55145527066881,-273.5382677034589,-93.20399102925093,-4.425954089392102,0.24775851182561587,0.17499593098958333,1.0101765950520833,0.17499593098958333,1.0101765950520833,0,idle,563.9254423860415,46.7502390318969,574.2756572925042,58.923771590501985,0.04,0.045
1791329431.6450508,570.2671475448163,59.809942821898204,-273.6560821578971,-93.31939592737214,-4.456736311969068,0.2584875512293956,0.17499593098958333,1.0101765950520833,0.17499593098958333,1.0101765950520833,0,idle,567.056693309928,60.461468975036944,569.6808095970048,59.246219633396656,0.04,0.045
1791329431.6628108,565.7802834557642,60.079304227740685,-273.77460722372314,-93.43553334631581,-4.486864089052107,0.26936140584248136,0.17499593098958333,1.0101765950520833,0.17499593098958333,1.0101765950520833,0,idle,562.8667469012071,73.38499692048259,565.0775855776154,60.20905183330131,0.04,0.045
1791329431.6798851,561.2639340818861,60.35968182617527,-273.8938328137085,-93.5523963854224,-4.516349373878171,0.28037759843458054,0.17499593098958333,1.0101765950520833,0.17499593098958333,1.0101765950520833,0,idle,562.3415812590628,42.0717249197236,560.6502534565036,59.56854420613528,0.04,0.045
1791329431.696557,556.7187301975638,60.6512154254267,-274.0137484530172,-93.6699771965339,-4.545203884322273,0.2915335992514272,0.17499593098958333,1.0101765950520833,0.17499593098958333,1.0101765950520833,0,idle,562.9998867865837,43.14040731779575,556.4497914329014,59.02409428100716,0.04,0.045
1791329431.712899,552.1452910901515,60.95404226270579,-274.13434337055,-93.78826715355207,-4.573439107412273,0.3028268372790916,0.17499593098958333,1.0101765950520833,0.17499593098958333,1.0101765950520833,0,idle,565.048943378913,57.09891474971795,552.5349818781604,59.215520799857835,0.04,0.045
1791329431.7306418,547.5442247863506,61.26829697290462,-274.2556065767004,-93.90725699795374,-4.601066303800997,0.31425471019883355,0.17499593098958333,1.0101765950520833,0.17499593098958333,1.0101765950520833,0,idle,557.7869655618932,65.2195184194894,548.4265680737361,59.8142626555283,0.04,0.045
1791329431.747211,542.9161282741622,61.59411156607981,-274.37752692943405,-94.02693696353626,-4.628096512188308,0.3258145931751879,0.17499593098958333,1.0101765950520833,0.17499593098958333,1.0101765950520833,0,idle,530.1993858229569,65.65090828389673,543.1185172746183,60.41561880046315,0.04,0.045
1791329431.764745,538.2615877204751,61.931615412685254,-274.5000931903409,-94.14729688322947,-4.654540553687163,0.33750384660544364,0.17499593098958333,1.0101765950520833,0.17499593098958333,1.0101765950520833,0,idle,555.0794334476103,41.83270028585733,539.294749557265,59.80710152900803,0.04,0.045
1791329431.780701,533.5811786843461,62.280935235630665,-274.6232940720777,-94.26832628043117,-4.680409036128915,0.34931982294540864,0.17499593098958333,1.0101765950520833,0.17499593098958333,1.0101765950520833,0,idle,541.8204798020319,77.7103051274767,534.9746474851809,61.0341155407296,0.04,0.045
1791329431.79726,528.875466326042,62.642195108344914,-274.74711827842225,-94.39001444699336,-4.705712358304128,0.3612598727142527,0.17499593098958333,1.0101765950520833,0.17499593098958333,1.0101765950520833,0,idle,537.6546964309275,57.944798597142835,530.6382231920793,61.222846572628804,0.04,0.045
1791329431.8139699,524.145005611906,63.015516458115144,-274.87155453799005,-94.51235050969989,-4.730460714136011,0.3733213497702318,0.17499593098958333,1.0101765950520833,0.17499593098958333,1.0101765950520833,0,idle,519.9134326116158,62.364987256040486,525.6080459846269,61.63460888908111,0.04,0.045
1791329431.831844,519.3903415151217,63.40101807405432,-274.99659163251835,-94.63532348682779,-4.754664096784314,0.3855016159391761,0.17499593098958333,1.0101765950520833,0.17499593098958333,1.0101765950520833,0,idle,517.395405990787,87.4193459016361,520.6804830929898,63.29007227485108,0.04,0.045
1791329431.8484638,514.6120092124436,63.79881611912299,-275.1222184204952,-94.75892233616844,-4.778332302678103,0.39779804506867167,0.17499593098958333,1.0101765950520833,0.17499593098958333,1.0101765950520833,0,idle,514.8044920316115,60.511758465073555,515.8472678523767,63.529064727177435,0.04,0.045
1791329431.865131,509.81053427696725,64.2090241456958,-275.2484238568027,-94.88313599569855,-4.8014749354763335,0.4102080265728156,0.17499593098958333,1.0101765950520833,0.17499593098958333,1.0101765950520833,0,idle,507.41943110451376,72.32697091697862,510.864474826281,64.35865766191166,0.04,0.045
1791329431.882333,504.9864328670117,64.63175311422101,-275.3751970089501,-95.00795341792792,-4.824101409955579,0.4227289685251993,0.17499593098958333,1.0101765950520833,0.17499593098958333,1.0101765950520833,0,idle,489.7560263652309,59.02163949526424,505.2261560637707,64.49339927367824,0.04,0.045
1791329431.899576,500.14021191118707,65.06711141457234,-275.50252707039164,-95.13336359881181,-4.846220955824599,0.43535830035132733,0.17499593098958333,1.0101765950520833,0.17499593098958333,1.0101765950520833,0,idle,482.7923615812926,52.53409340810565,499.5005564316134,64.30902436573336,0.04,0.045
1791329431.9168909,495.2723711668693,65.51522392882741,-275.6312879648629,-95.25957983088344,-4.867840744317769,0.44811251425506815,0.17902425130208333,1.0101765950520833,0.17902425130208333,1.0101765950520833,0,idle,492.33778153013026,50.04355736982182,494.51796897943734,64.0214579044801,0.04,0.045
1791329431.933077,490.38343239677545,65.97651772903889,-275.77489929536773,-95.39016160954476,-4.88893877009385,0.46129380021148203,0.23868611653645833,1.0101765950520833,0.23868611653645833,1.0101765950520833,0,idle,491.2311891938849,51.84794585152852,489.70913815857057,63.85101141203343,0.04,0.045
1791329431.950096,485.47397665753454,66.4520539762558,-275.95199854079107,-95.53248442784012,-4.909455739240919,0.4755362472169107,0.3185811360677083,1.0101765950520833,0.3185811360677083,1.0101765950520833,0,idle,494.8679667542547,69.27420994887486,485.3030966360759,64.57393077373156,0.04,0.045
1791329431.9671721,480.54479163279603,66.94481888865683,-276.2288344556257,-95.70882551050953,-4.929185024738508,0.4927649124010306,0.5438313802083333,1.0101765950520833,0.5438313802083333,1.0101765950520833,0,idle,475.8150267638555,81.38544693726924,480.1459673689633,65.88263324868942,0.04,0.045
1791329431.9841962,475.5970132309849,67.4606465173992,-276.66874141773707,-95.95183534373467,-4.947778401811141,0.5158276287423775,0.6961140950520833,1.0101765950520833,0.6961140950520833,1.0101765950520833,0,idle,463.17457347718266,75.38617315545922,474.5970081926537,66.84784649133316,0.04,0.045
1791329432.001437,470.63239128940796,68.00961960504475,-277.3669089463607,-96.30996185733353,-4.964621941576925,0.548973087645547,0.8738789876302083,1.0101765950520833,0.8738789876302083,1.0101765950520833,0,idle,453.4190317495286,69.0934793997808,468.82171852599936,67.48165257001881,0.04,0.045
1791329432.018372,465.6536125639072,68.6068266167013,-278.4048602195735,-96.83997767630645,-4.978778725500785,0.5972070116565444,0.9891133626302083,1.0101765950520833,0.9891133626302083,1.0101765950520833,0,idle,486.32528187481705,67.81824801297772,464.96705690421453,68.06582900324048,0.04,0.045
1791329432.0353138,460.664500430241,69.27122248200816,-279.7871265734592,-97.58540096002818,-4.989112133666168,0.664395865306854,0.9891133626302083,1.0101765950520833,0.9891133626302083,1.0101765950520833,0,idle,453.75979959515,90.07713252186566,459.6670375117784,69.79757025121326,0.04,0.045
1791329432.051478,455.67024740968935,70.0244114082382,-281.5037128062349,-98.57621168420016,-4.994253020551651,0.7531889262300416,0.9891133626302083,1.0101765950520833,0.9891133626302083,1.0101765950520833,0,idle,462.01448211906137,69.50117758934421,455.0398693726185,70.49828009803834,0.04,0.045
1791329432.0685272,450.6776491858486,70.88948710888735,-283.5359580050113,-99.83013247003512,-4.992598223840707,0.8650757006491591,0.9891133626302083,1.0101765950520833,0.9891133626302083,1.0101765950520833,0,idle,441.9996795441787,79.01358731766798,449.64489156854785,71.74586737463652,0.04,0.045
1791329432.085378,445.6953082976186,71.88999392738734,-285.86048479948676,-101.35458266360496,-4.982340888229974,1.000506818499988,0.9891133626302083,1.0101765950520833,0.9891133626302083,1.0101765950520833,0,idle,437.77460675005403,65.74955525289595,444.3181534838047,72.39653324612448,0.04,0.045
1791329432.102041,440.7337828224621,73.04903167929923,-288.4518318501368,-103.14878957837351,-4.961525475156515,1.159037751911901,0.9891133626302083,1.0101765950520833,0.9891133626302083,1.0101765950520833,0,idle,438.2779965483523,80.9123137314703,439.3026964356334,73.92340813470807,0.04,0.045
1791329432.118774,435.80566488597685,74.38850552583948,-291.2841790237749,-105.20577973644494,-4.928117936485238,1.3394738465402496,0.9891133626302083,1.0101765950520833,0.9891133626302083,1.0101765950520833,0,idle,420.73338468078555,55.6126323439031,433.69251880823,74.28036949938105,0.04,0.045
1791329432.135881,430.9255828929328,75.92851188704611,-294.33244658062364,-107.51412114440518,-4.880081993044037,1.5400063612066301,0.9891133626302083,1.0101765950520833,0.9891133626302083,1.0101765950520833,0,idle,428.0677991742444,91.71607873515717,428.77520493313887,76.61516100431616,0.04,0.045
1791329432.1528,426.1101286893009,77.68684730956696,-297.5729626661305,-110.05937517119618,-4.815454203631951,1.7583354225208407,0.9891133626302083,1.0101765950520833,0.9891133626302083,1.0101765950520833,0,idle,420.957048293145,65.55602192841621,423.80961560768884,77.73262270191597,0.04,0.045
1791329432.169357,421.377716077684,79.678626323055,-300.9838343988096,-112.82526435121373,-4.732412611616887,1.991779013488042,0.9891133626302083,1.0101765950520833,0.9891133626302083,1.0101765950520833,0,idle,428.7537540151022,67.42015981128446,419.56103054702345,79.10918962019804,0.04,0.045
1791329432.185832,416.7483803475649,81.9159949402797,-304.5451175145466,-115.79458523014685,-4.629335730119122,2.237368617224706,0.9891133626302083,1.0101765950520833,0.9891133626302083,1.0101765950520833,0,idle,404.311824071358,84.06070941732679,414.400701279627,81.48226579641795,0.04,0.045
1791329432.203042,412.24353008800904,84.4079276625022,-308.2388515834561,-118.9499034883044,-4.504850259555811,2.491932722222507,0.9891133626302083,1.0101765950520833,0.9891133626302083,1.0101765950520833,0,idle,395.8776892709132,77.68350012465842,409.1949429326133,83.65966359894135,0.04,0.045
1791329432.22059,407.88566292423667,87.1600971908349,-312.0490081664028,-122.27406881647373,-4.357867163772392,2.752169528332699,0.9891133626302083,1.0101765950520833,0.9891133626302083,1.0101765950520833,0,idle,405.8754973818771,110.38186641152208,404.88899684949274,87.61033479148645,0.04,0.045
1791329432.237192,403.6980563397205,90.17480731949355,-315.9613852847525,-125.75058359328027,-4.187606584516147,3.014710128658655,0.9891133626302083,1.0101765950520833,0.9891133626302083,1.0101765950520833,0,idle,394.72842848987506,89.31414293184332,400.40274217622147,90.55949982073001,0.04,0.045
1791329432.2540648,399.7044437331619,93.45098063180932,-319.9634715214812,-129.36385472258607,-3.9936126065586093,3.276173312315769,0.9891133626302083,1.0101765950520833,0.9891133626302083,1.0101765950520833,0,idle,389.04250349530355,94.43800625209825,396.0407982659449,93.8657897889984,0.04,0.045
1791329432.27162,395.92868456653264,96.98419362759758,-324.0442958143969,-133.09935326209887,-3.775759166629256,3.533212995788259,0.9891133626302083,1.0101765950520833,0.9891133626302083,1.0101765950520833,0,idle,371.19654768275575,105.23671411598039,391.21161452848764,97.79088835134635,0.04,0.045
1791329432.288348,392.3944360709582,100.76675279561329,-328.1942737653287,-136.94370223431034,-3.534248495574437,3.7825591680157147,0.9891133626302083,1.0101765950520833,0.9891133626302083,1.0101765950520833,0,idle,365.52798558210986,96.97368709620666,386.56989701037304,101.3434594982043,0.04,0.045
1791329432.304987,389.1248326177543,104.78780592577981,-332.40505752714216,-140.88470940155207,-3.269603453203919,4.02105313016652,0.9891133626302083,1.0101765950520833,0.9891133626302083,1.0101765950520833,0,idle,377.60876447800626,83.38726212180616,383.015717103211,104.26565010304259,0.04,0.045
1791329432.321312,386.142177611286,109.0334836478856,-336.66939365099466,-144.91135877368595,-2.9826550064682946,4.245677722105793,0.9891133626302083,1.0101765950520833,0.9891133626302083,1.0101765950520833,0,idle,379.27016924541175,108.13484972053374,379.9949174541762,108.49250391991765,0.04,0.045
1791329432.338645,383.46765166115534,113.48706679699303,-340.98099139197234,-149.01377210304844,-2.674525950130639,4.453583149107428,0.9891133626302083,1.0101765950520833,0.9891133626302083,1.0101765950520833,0,idle,388.29206698471125,107.309045244021,377.8689752780788,112.66423497777488,0.04,0.045
1791329432.354979,381.1210398599905,118.12917574744513,-345.33440266920707,-153.18314950640283,-2.346611801164834,4.642108950452098,0.9891133626302083,1.0101765950520833,0.9891133626302083,1.0101765950520833,0,idle,390.43409789463396,102.04063205213367,376.26795019779996,116.54305833442231,0.04,0.045
1791329432.37262,379.120480228409,122.93797833117911,-349.7249139981602,-157.41169655710303,-2.0005596315814835,4.808802583733972,0.9891133626302083,1.0101765950520833,0.9891133626302083,1.0101765950520833,0,idle,374.3973667061558,106.615010572817,374.27388937321535,120.61501840088933,0.04,0.045
1791329432.389533,377.4822347779216,127.88941336507497,-354.1484501397816,-161.69254365558274,-1.6382454504874449,4.951435033895864,0.9891133626302083,1.0101765950520833,0.9891133626302083,1.0101765950520833,0,idle,374.5138009236362,108.6468979152342,372.72955177277333,124.72047565880764,0.04,0.045
1791329432.406433,376.2204841667453,132.95742715923868,-358.60148885591457,-166.01966217530537,-1.2617506111762888,5.068013794163708,0.9891133626302083,1.0101765950520833,0.9891133626302083,1.0101765950520833,0,idle,379.31155645815875,124.29782627532492,371.8599889264251,129.51395629408904,0.04,0.045
1791329432.423912,375.34714656115494,138.11422066692703,-363.08098595777477,-170.38778076979509,-0.8733376055903537,5.156793507688361,0.9891133626302083,1.0101765950520833,0.9891133626302083,1.0101765950520833,0,idle,391.6555024065894,143.5733428070223,372.0200938751225,135.11587945203962,0.04,0.045
1791329432.4402921,374.8638029563029,143.33153582601676,-367.2480585189012,-174.70710012434637,-0.4833436048520314,5.217315159089726,0.7497945149739583,1.0101765950520833,0.7497945149739583,1.0101765950520833,0,idle,390.5265168619738,130.84927195784826,372.4862385998556,139.8589984784653,0.04,0.045
1791329432.4577448,374.74362636874343,148.58619486702597,-370.2383040270579,-178.68984627557538,-0.12017658755947391,5.254659041009211,0.003029378255208333,1.0101765950520833,0.003029378255208333,1.0101765950520833,0,idle,357.3469697463222,134.44860380815527,371.61510739899745,144.58040483390855,0.04,0.045
1791329432.4740858,374.9466884574545,153.86147126761372,-372.39318302796414,177.79559240863085,0.2030620887111032,5.275276400587743,-0.010642496744791667,1.0101765950520833,-0.010642496744791667,1.0101765950520833,0,idle,375.2719187434121,147.79512516385972,371.9908569504937,149.75265343096447,0.04,0.045
1791329432.491414,375.42895394499476,159.1463560076786,-373.9494243635947,174.78598673590247,0.4822654875402469,5.284884740064869,-0.010642496744791667,1.0101765950520833,-0.010642496744791667,1.0101765950520833,0,idle,344.25798435745224,150.17953326576756,371.06236553400487,154.79463792576627,0.04,0.045
1791329432.509196,376.1473264844794,164.4342467140922,-375.0745688641027,172.26359400235927,0.718372539484646,5.287890706413597,-0.010642496744791667,1.0101765950520833,-0.010642496744791667,1.0101765950520833,0,idle,374.831064368432,187.11555406939718,371.9332543882366,161.43417990404075,0.04,0.045
1791329432.525537,377.0622584165247,169.7216664539823,-375.8884844228887,170.18278683616575,0.9149319320452977,5.287419739890077,-0.010642496744791667,1.0101765950520833,-0.010642496744791667,1.0101765950520833,0,idle,390.00799284677817,156.09665895174504,373.7061766466067,166.19035260932154,0.04,0.045
1791329432.542701,378.13888850497545,175.00721481903463,-376.47741891016966,168.48674844493584,1.0766300884507842,5.285548365052331,-0.010642496744791667,1.0101765950520833,-0.010642496744791667,1.0101765950520833,0,idle,365.62565808280414,169.56126389491476,374.3249493024448,171.38016912040092,0.04,0.045
1791329432.559696,379.3473185140928,180.290783311527,-376.90361291809234,167.1171950783176,1.2084300091173807,5.283568492492378,-0.010642496744791667,1.0101765950520833,-0.010642496744791667,1.0101765950520833,0,idle,380.4465590742993,185.25388636365471,375.77903829969904,177.09324505043136,0.04,0.045
1791329432.576276,380.66241192615473,185.5730025933056,-377.2120505142326,166.0195248376263,1.315093412061888,5.282219281778595,-0.010642496744791667,1.0101765950520833,-0.010642496744791667,1.0101765950520833,0,idle,385.37006522317483,230.61122534258695,377.5079283873316,184.7872523827288,0.04,0.045
1791329432.592819,382.06335167519427,190.85487166631304,-377.4352688256005,165.14516018109103,1.4009397490395443,5.281869073007449,-0.010642496744791667,1.0101765950520833,-0.010642496744791667,1.0101765950520833,0,idle,408.0158291427934,202.59018698460704,380.36421618669226,190.6951747321798,0.04,0.045
1791329432.610253,383.5330998986978,196.13752081906495,-377.5968110776792,164.45227282274973,1.4697482235035444,5.282649152751903,-0.010642496744791667,1.0101765950520833,-0.010642496744791667,1.0101765950520833,0,idle,379.6712495436081,199.54310773996818,381.7258286668664,196.1560880776835,0.04,0.045
1791329432.6268742,385.0578429396277,201.42206850686327,-377.71371575058106,163.90563758416783,1.5247430409298603,5.284547687798321,-0.010642496744791667,1.0101765950520833,-0.010642496744791667,1.0101765950520833,0,idle,381.3354981658231,213.3835023950798,383.1548180306976,202.03777909696174,0.04,0.045
1791329432.644405,386.62646720455945,206.70954171986241,-377.7983146892284,163.4760607401441,1.5686242649317552,5.287473212999146,-0.010642496744791667,1.0101765950520833,-0.010642496744791667,1.0101765950520833,0,idle,374.6925293652193,222.11184049953533,384.2218966491088,208.06458171943962,0.04,0.045
1791329432.661061,388.2300882060221,212.00083769703312,-377.8595334203305,163.1396377852056,1.603621001462649,5.291295977170698,-0.010642496744791667,1.0101765950520833,-0.010642496744791667,1.0101765950520833,0,idle,380.1403724527884,230.50603069435118,385.54126039068234,214.21338534649738,0.04,0.045
1791329432.678831,389.86164109228883,217.2967114617916,-377.90383199663756,162.8769802889919,1.6315528862666957,5.295873764758486,-0.010642496744791667,1.0101765950520833,-0.010642496744791667,1.0101765950520833,0,idle,382.2687706749267,222.18457953083745,386.92761114684794,219.64302513223492,0.04,0.045
1791329432.695144,391.51553285873473,222.59777862527002,-377.93588592303195,162.6724839125639,1.6538917664458732,5.301067163478417,-0.010642496744791667,1.0101765950520833,-0.010642496744791667,1.0101765950520833,0,idle,377.69512535164756,202.08036323910403,388.0371840352115,223.80090584288288,0.04,0.045
1791329432.712949,393.1873520577998,227.90452649133846,-377.95907902665033,162.5136709152064,1.6718191990650362,5.30674786606843,-0.010642496744791667,1.0101765950520833,-0.010642496744791667,1.0101765950520833,0,idle,401.2925276606733,215.7942724927728,390.2881794555964,228.44198464814238,0.04,0.045
1791329432.729612,394.87362975566987,233.2173290115628,-377.9758602219829,162.3906187836461,1.6862776978700698,5.312802520224351,-0.010642496744791667,1.0101765950520833,-0.010642496744791667,1.0101765950520833,0,idle,384.37932707722433,228.00175926986947,391.5947006496543,233.46713577344187,0.04,0.045
1791329432.746645,396.5716448006769,238.5364628556289,-377.9880017562821,162.29547485927225,1.6980150450070386,5.319133844066101,-0.010642496744791667,1.0101765950520833,-0.010642496744791667,1.0101765950520833,0,idle,386.53429732524575,238.45942623192633,392.95479477619057,238.76992744822888,0.04,0.045
1791329432.76393,398.2792665798763,243.86212300786104,-377.9967861376565,162.2220508405076,1.7076217791994255,5.325660152232136,-0.010642496744791667,1.0101765950520833,-0.010642496744791667,1.0101765950520833,0,idle,401.0233895145148,238.00930170134043,394.9804652033462,243.791273305505,0.04,0.045
1791329432.7806962,399.99482897306314,249.19443704464817,-378.0031414369871,162.1654883504688,1.715562393186843,5.33231403678713,-0.010642496744791667,1.0101765950520833,-0.010642496744791667,1.0101765950520833,0,idle,404.21357476567516,252.20909854821585,397.07190495499015,249.2778629025883,0.04,0.045
1791329432.797886,401.7170299372261,254.53347771681157,-378.007739218583,162.1219859509217,1.72220096416293,5.339040672163403,-0.010642496744791667,1.0101765950520833,-0.010642496744791667,1.0101765950520833,0,idle,402.99253065022305,263.3705808085982,399.0040271557066,255.05458743644405,0.04,0.045
1791329432.814987,403.4448519314645,259.8792737453392,-378.01106541922303,162.08857820709247,1.7278219942384165,5.345796028527665,-0.010642496744791667,1.0101765950520833,-0.010642496744791667,1.0101765950520833,0,idle,395.1362058879212,252.66049994600095,400.4520669868438,260.01338928902317,0.04,0.045
1791329432.83115,405.17749914458955,265.23181890163926,-378.0134716462452,162.06295816325607,1.732647213125061,5.35254515630001,-0.010642496744791667,1.0101765950520833,-0.010642496744791667,1.0101765950520833,0,idle,393.67235162297095,263.0270058660718,401.75909607111896,265.2489880163606,0.04,0.045
1791329432.8482182,406.9143481744217,270.5910795279987,-378.01521230274363,162.04333557972421,1.736849029832193,5.359260626359457,-0.010642496744791667,1.0101765950520833,-0.010642496744791667,1.0101765950520833,0,idle,403.59542552481975,257.1997380379097,403.5009191221446,269.9378231124796,0.04,0.045
1791329432.865361,408.6549094117173,275.95700068969154,-378.01647145466546,162.0283243348232,1.7405612372956225,5.365921161692797,-0.010642496744791667,1.0101765950520833,-0.010642496744791667,1.0101765950520833,0,idle,399.81665589535106,277.8350791605235,404.9702391362357,275.43031101848993,0.04,0.045
1791329432.882577,410.3987968989509,281.3295111567175,-378.017382273548,162.01685341313336,1.7438874872335646,5.37251046702594,-0.010642496744791667,1.0101765950520833,-0.010642496744791667,1.0101765950520833,0,idle,406.7776386867441,290.925779913062,406.717302226633,281.3089694068932,0.04,0.045
1791329432.899664,412.14570486878756,286.708527403233,-378.01804110603115,162.00809683260204,1.7469079698366832,5.379016246515515,-0.010642496744791667,1.0101765950520833,-0.010642496744791667,1.0101765950520833,0,idle,413.34016438893076,277.5703424681096,408.70800790609275,286.23210349414376,0.04,0.045
1791329432.916777,413.8953895268359,292.0939567944772,-378.01851765475374,162.001418685585,1.7496846580483445,5.385429391244189,-0.010642496744791667,1.0101765950520833,-0.010642496744791667,1.0101765950520833,0,idle,420.03247051799895,289.49968250128995,410.936431461834,291.5116403661831,0.04,0.045
1791329432.933771,415.6476549375882,297.4857001094293,-378.0188623451484,161.9963301769658,1.7522654107522495,5.391743314952073,-0.010642496744791667,1.0101765950520833,-0.010642496744791667,1.0101765950520833,0,idle,426.1238240295681,289.81508672732633,413.3604532304354,296.5489688334447,0.04,0.045
1791329432.950928,417.4023421109528,302.88365352553035,-378.0191116558092,161.99245614063886,1.754687173364608,5.39795341610107,-0.010642496744791667,1.0101765950520833,-0.010642496744791667,1.0101765950520833,0,idle,413.45976318321846,286.5610839065486,415.03237154277093,301.1776303323959,0.04,0.045
1791329432.966274,419.1593205785298,308.28771017121363,-378.0192919752454,161.98950901341158,1.7569784675769982,5.404056645683256,-0.010642496744791667,1.0101765950520833,-0.010642496744791667,1.0101765950520833,0,idle,424.89712631107034,310.730234237866,417.19473882538404,306.7891143410685,0.04,0.045
1791329432.983094,420.91848190192064,313.69776133352343,-378.0194223923262,161.9872686546761,1.759161323390861,5.410051162309808,-0.010642496744791667,1.0101765950520833,-0.010642496744791667,1.0101765950520833,0,idle,439.90210400527536,326.3653572177999,420.0013103415999,312.90747508909936,0.04,0.045
1791329433.000077,422.6797346769838,319.11369739206333,-378.01951671516593,161.985566733427,1.761252775063145,5.41593605853989,-0.010642496744791667,1.0101765950520833,-0.010642496744791667,1.0101765950520833,0,idle,428.76137219966625,326.12882759906086,422.1125035708132,318.71368197021036,0.04,0.045
1791329433.0177002,424.443000694064,324.5354085368914,-378.0195849317436,161.98427467324717,1.7632660170801924,5.421711144828083,-0.010642496744791667,1.0101765950520833,-0.010642496744791667,1.0101765950520833,0,idle,429.718092103917,332.29644796267445,424.16788571369455,324.54344585742024,0.04,0.045
1791329433.0342422,426.20821198986494,329.9627853166119,-378.0196342665992,161.98329436158312,1.7652112958009494,5.427376779720536,-0.010642496744791667,1.0101765950520833,-0.010642496744791667,1.0101765950520833,0,idle,441.34378230346545,329.85689001364767,426.703631274194,329.9651260059661,0.04,0.045
1791329433.051805,427.9753085859404,335.3957190535478,-378.0196699452866,161.98255100151104,1.7670965960754685,5.4329337369358495,-0.010642496744791667,1.0101765950520833,-0.010642496744791667,1.0101765950520833,0,idle,438.65706869732367,328.1013652352365,428.98004491162214,335.0332250175187,0.04,0.045
1791329433.0675,429.74423675512486,340.83410215524907,-378.0196957473919,161.98198762043697,1.7689281691844387,5.438383101701291,-0.010642496744791667,1.0101765950520833,-0.010642496744791667,1.0101765950520833,0,idle,437.2991627721249,340.270198475436,431.0764825653725,340.4615376370308,0.04,0.045
1791329433.083513,431.5149476933363,346.2778283454318,-378.0197144065858,161.9815608576702,1.7707109382114476,5.443726190182701,-0.010642496744791667,1.0101765950520833,-0.010642496744791667,1.0101765950520833,0,idle,431.02300909026724,343.89426978810104,432.75598428291806,345.8047141252579,0.04,0.045
1791329433.100111,433.28739650224804,351.7267928325001,-378.01972790001264,161.98123773727923,1.7724488089117358,5.448964487068341,-0.010642496744791667,1.0101765950520833,-0.010642496744791667,1.0101765950520833,0,idle,437.3716610825028,344.38657698957724,434.67059449136343,350.91032353118874,0.04,0.045
1791329433.117912,435.06154141008335,357.18089242987116,-378.01973765762284,161.98099319877818,1.7741449078353326,5.454099597371039,-0.010642496744791667,1.0101765950520833,-0.010642496744791667,1.0101765950520833,0,idle,432.2879679244534,351.18103798632734,436.2369008254615,356.10525387144816,0.04,0.045
1791329433.135473,436.83734317462086,362.6400256392008,-378.01974471359205,161.980808209809,1.775801764537498,5.459133209329677,-0.010642496744791667,1.0101765950520833,-0.010642496744791667,1.0101765950520833,0,idle,435.2508261084308,346.5124589027287,437.8746087659206,360.81179067187537,0.04,0.045
1791329433.152404,438.61476462549473,368.1040927051505,-378.01974981584596,161.9806683251553,1.777421450873876,5.464067065949674,-0.010642496744791667,1.0101765950520833,-0.010642496744791667,1.0101765950520833,0,idle,438.5744013765197,377.66288338013715,439.5981487747807,366.8452090199406,0.04,0.045
1791329433.169612,440.3937703128932,373.57299564839997,-378.01975350528045,161.98056258760394,1.7790056873984876,5.468902943249449,-0.010642496744791667,1.0101765950520833,-0.010642496744791667,1.0101765950520833,0,idle,428.2672918010973,378.49708509812433,440.7216613291251,372.6232606199368,0.04,0.045
1791329433.186354,442.17432623746697,379.04663828209954,-378.0197561730607,161.9804826903155,1.7805559245737725,5.473642633699546,-0.010642496744791667,1.0101765950520833,-0.010642496744791667,1.0101765950520833,0,idle,425.25954804887874,386.17817236233697,441.64008379345785,378.5009667090714,0.04,0.045
1791329433.2037492,443.95639964218327,384.524926215773,-378.0197581020641,161.98042233902436,1.782073404716292,5.478287933673467,-0.010642496744791667,1.0101765950520833,-0.010642496744791667,1.0101765950520833,0,idle,441.71503884381923,367.0537259085548,443.3368012804564,383.1329782060354,0.04,0.045
1791329433.220628,445.73995885140675,390.00776684976415,-378.0197594968538,161.9803767667784,1.7835592092234813,5.48284063399114,-0.010642496744791667,1.0101765950520833,-0.010642496744791667,1.0101765950520833,0,idle,444.2407803108649,397.02503959314913,445.07638148073914,389.03627987768266,0.04,0.045
1791329433.23774,447.52497314597156,395.4950693626058,-378.01976050535745,161.9803423650095,1.785014294564827,5.487302512841646,-0.010642496744791667,1.0101765950520833,-0.010642496744791667,1.0101765950520833,0,idle,462.6790696701304,423.64252787535855,447.65227947004524,395.97952966476606,0.04,0.045
1791329433.2531798,449.31141266567545,400.9867446931386,-378.01976123454523,161.98031640323998,1.7864395197038703,5.491675330532729,-0.010642496744791667,1.0101765950520833,-0.010642496744791667,1.0101765950520833,0,idle,438.38432024104145,405.8946139410622,448.88599905231376,401.6923754425869,0.04,0.045
1791329433.270394,451.0992483326653,406.4827055187787,-378.01976176176845,161.9802968162693,1.7878356669898487,5.495960825640102,-0.010642496744791667,1.0101765950520833,-0.010642496744791667,1.0101765950520833,0,idle,459.25854249548473,427.6587716279259,451.10307010811266,408.211858036212,0.04,0.045
1791329433.287688,452.88845179074167,411.9828662310059,-378.0197621429599,161.98028204269264,1.7892034580763514,5.50016071222723,-0.010642496744791667,1.0101765950520833,-0.010642496744791667,1.0101765950520833,0,idle,464.47060266238066,438.43704543234026,453.4711900209986,414.9482700826343,0.04,0.045
1791329433.3050082,454.67899535679715,417.4871429088879,-378.01976241856374,161.98027090244113,1.7905435660554658,5.504276677881988,-0.010642496744791667,1.0101765950520833,-0.010642496744791667,1.0101765950520833,0,idle,446.54451520582296,423.4424697576522,454.82587266799254,420.6020429103731,0.04,0.045
1791329433.321219,456.4708519815108,422.9954532912632,-378.0197626178242,161.9802625039636,1.791856624713633,5.5083103823752575,-0.010642496744791667,1.0101765950520833,-0.010642496744791667,1.0101765950520833,0,idle,446.380941755361,434.34501177121854,456.10588991583893,426.5220862166719,0.04,0.045
1791329433.338207,458.2602995747179,428.4963560652909,-378.0197627607016,161.98025621331297,1.789447593207108,5.500902774027734,-0.010642496744791667,1.0101765950520833,0.0,-0.5,1,braking,435.5585485326658,454.825194853227,456.77849806022704,433.163099283826,0.04,0.045
1791329433.355339,460.04220701827126,433.97407829547285,-378.0197628626022,161.98025150487769,1.781907443553318,5.477722230181934,-0.010642496744791667,1.0101765950520833,0.0,-0.5,1,braking,452.37819109795896,421.5806540030052,458.2512947834893,437.7878131384578,0.04,0.045
1791329433.3713138,461.8113245492452,439.41248219895556,-378.01976293503105,161.98024797319803,1.7691175309739562,5.438403903482732,-0.010642496744791667,1.0101765950520833,0.0,-0.5,1,braking,455.98553788613697,450.96542417399854,459.81866859304694,443.6131773985434,0.04,0.045
1791329433.387617,463.56295194818387,444.79711923685215,-378.01976298640574,161.98024531537263,1.7516273989386595,5.384637037896599,-0.010642496744791667,1.0101765950520833,0.0,-0.5,1,braking,457.65782333799075,442.9614730045104,461.37467235928585,448.69599736484355,0.04,0.045
1791329433.404653,465.2932290289372,450.1161231248158,-378.01976302280457,161.98024330799416,1.73027708075335,5.319003887963626,-0.010642496744791667,1.0101765950520833,0.0,-0.5,1,braking,467.7125935143517,448.2825858255488,463.33533164375484,453.7283804814442,0.04,0.045
1791329433.421099,466.99920624975425,455.3604269142214,-378.01976304857953,161.98024178675817,1.70597722081703,5.244303789405629,-0.010642496744791667,1.0101765950520833,0.0,-0.5,1,braking,450.29431961027194,443.4830680531955,464.3039594018569,458.19820345996715,0.04,0.045
1791329433.438744,468.67878745993875,460.52358700421837,-378.0197630668292,161.98024063057017,1.6795812101844678,5.163160089996966,-0.010642496744791667,1.0101765950520833,0.0,-0.5,1,braking,463.77201315538105,472.4870720915768,465.8729642392084,463.8176489770447,0.04,0.045
1791329433.455319,470.3303916512293,465.6007433499703,-378.0197630797451,161.9802397501291,1.6516041912906005,5.077156345751938,-0.010642496744791667,1.0101765950520833,0.0,-0.5,1,braking,460.7574217830309,462.3430623658511,467.18621109812557,468.56721817494935,0.04,0.045
1791329433.471927,471.95266164881474,470.58772396443834,-378.01976308887794,161.980239078879,1.6222699975854016,4.986980614468058,-0.010642496744791667,1.0101765950520833,0.0,-0.5,1,braking,477.0601882781924,484.46188831175385,469.22106645483507,474.0995832655342,0.04,0.045
1791329433.489604,473.5443256075775,475.48061915309256,-378.01976309532836,161.98023856668303,1.5916639587627623,4.892895188654239,-0.010642496744791667,1.0101765950520833,0.0,-0.5,1,steering,472.24727395765177,462.78435397000686,470.88445759080054,478.1820722299793,0.04,0.045
1791329433.506192,475.10309240734904,480.27839629663595,-377.9299169914887,162.0013555502951,1.5587667997715506,4.797777143543401,-0.010642496744791667,1.0101765950520833,-1.0,0.0,1,steering,462.20609711082864,477.33837714832856,471.9313680265849,482.697775762263,0.04,0.045
1791329433.523836,476.6235948281437,484.98263492812873,-377.62886685383006,162.08814742456545,1.520502420794696,4.704238631492784,-0.010642496744791667,1.0101765950520833,-1.0,0.0,1,steering,494.13506960058675,498.26239449960923,474.4860304050399,487.94503339904844,0.04,0.045
1791329433.540409,478.0972346119524,489.59688629762456,-377.05871148359176,162.28823187569114,1.4736397838086381,4.614251369495845,-0.010642496744791667,1.0101765950520833,-1.0,0.0,1,steering,475.1954932420766,485.3796225597091,475.92146134151,492.2003016581025,0.04,0.045
1791329433.555947,479.5128698742239,494.1259034762483,-376.20134815004843,162.64231737561735,1.415635262271515,4.529017178623729,-0.010642496744791667,1.0101765950520833,-1.0,0.0,1,steering,460.87123763189015,485.25339955521696,476.51380365518696,496.15552287265075,0.04,0.045
1791329433.5733209,480.85777529085004,498.5748922883539,-375.06276977842737,163.1802151142691,1.3449054166261267,4.448988812105597,-0.010642496744791667,1.0101765950520833,-1.0,0.0,1,steering,483.64531918337207,508.6014792411493,478.14803957739105,501.004360062576,0.04,0.045
1791329433.590106,482.1185916872687,502.9488703948872,-373.66278314215674,163.92016537820336,1.2608163964186705,4.37397810653329,-0.010642496744791667,1.0101765950520833,-1.0,0.0,1,steering,481.9689055198176,471.64048225080256,479.5368584511101,503.6914453731939,0.04,0.045
1791329433.607546,483.28214089111253,507.25217635634704,-372.02836518597155,164.86986903797487,1.163549203843857,4.303305961459868,-0.010642496744791667,1.0101765950520833,-1.0,0.0,1,steering,474.1889923287472,490.8410429760643,480.3748368886436,507.1370659167243,0.04,0.045
1791329433.623839,484.33606553175173,511.488138560097,-370.1894364340141,166.0282656576171,1.0539246406391722,4.235962203749958,-0.010642496744791667,1.0101765950520833,-1.0,0.0,1,steering,475.0071571786888,517.6365172574646,481.1076813117531,511.6862025773238,0.04,0.045
1791329433.641296,485.2692945587898,515.6588932968554,-368.1762321608568,167.38750703360753,0.9332290270380734,4.170754736758373,-0.010642496744791667,1.0101765950520833,-1.0,0.0,1,steering,490.2129547303175,545.8901390447974,482.4495125583675,517.3586164006178,0.04,0.045
1791329433.657826,486.0723532490586,519.7653296861665,-366.0177268631543,168.93483035758996,0.8030586902687942,4.106436389311185,-0.010642496744791667,1.0101765950520833,-1.0,0.0,1,steering,492.965666083848,517.4373191916809,483.73822599039687,521.2636661100166,0.04,0.045
1791329433.675358,486.7375426256315,523.8071342052605,-363.7407506069713,170.65419214060142,0.6651893765728725,4.041804519093986,-0.010642496744791667,1.0101765950520833,-1.0,0.0,1,steering,488.96062507930037,507.6121342452934,484.63127585258627,524.4208038099197,0.04,0.045
1791329433.691948,487.259013671939,527.7829071369846,-361.36955637250105,172.5276162336718,0.5214710463075221,3.975772931724161,-0.010642496744791667,1.0101765950520833,-1.0,0.0,1,steering,485.57930432015723,519.2634248885072,485.174074769957,527.939919148987,0.04,0.045
1791329433.709725,487.63275969465485,531.690325586738,-358.92567697589595,174.53625957358994,0.37374602271584895,3.9074184497534437,-0.010642496744791667,1.0101765950520833,-1.0,0.0,1,steering,510.6279214030243,535.5227588823254,486.8018258231904,532.0311086629197,0.04,0.045
1791329433.7262359,487.8565472562405,535.5263315203002,-356.4279629635402,176.66122357398484,0.22378756158564467,3.8360059335621757,-0.010642496744791667,1.0101765950520833,-1.0,0.0,1,steering,499.1831444983261,532.660638954513,487.63348994045356,535.7067908143835,0.04,0.045
1791329433.743941,487.9298029991607,539.2873276258789,-353.89272839605576,178.88414821234673,0.07325574292017634,3.7609961055786276,-0.010642496744791667,1.0101765950520833,-1.0,0.0,1,steering,494.097361558154,530.4846370900351,488.0262764771128,539.0186294284658,0.04,0.045
1791329433.7606778,487.85347073521564,542.9693681040928,-351.3339556084802,-178.8123731359609,-0.0763322639450848,3.6820404782139375,-0.010642496744791667,1.0101765950520833,-1.0,0.0,1,steering,497.8667394462766,560.7132945985488,488.44578397482314,543.6013011412732,0.04,0.045
1791329433.7776582,487.62985049533427,546.5683353826,-348.7635266224069,-176.4445229303739,-0.22362023988135732,3.5989672785072377,-0.010642496744791667,1.0101765950520833,-1.0,0.0,1,steering,481.7175817568801,530.1808241039769,487.8969346360387,546.3492962039902,0.04,0.045
1791329433.794328,487.2624288624393,550.0800970586567,-346.1914603218198,-174.0271019202988,-0.367421632894969,3.511761676056724,-0.010642496744791667,1.0101765950520833,-1.0,0.0,1,steering,485.35796650552317,543.234621404898,487.4209356782627,549.5297360562895,0.04,0.045
1791329433.811317,486.75570784317,553.500640035511,-343.6261423803095,-171.57345858765382,-0.5067210192693381,3.420542976854202,-0.010642496744791667,1.0101765950520833,-1.0,0.0,1,steering,465.7749860436028,548.7831085935677,485.85725322822384,552.741920511165,0.04,0.045
1791329433.827892,486.11503776068673,556.8261808571323,-341.0745403156276,-169.09548368303862,-0.6406700824832926,3.32554082162127,-0.010642496744791667,1.0101765950520833,-1.0,0.0,1,steering,504.60678285286633,576.4876641455145,486.18609313109687,557.0884714734227,0.04,0.045
1791329433.844886,485.3464581523825,560,-338.5423996866959,-166.6036518503683,0.0,0.0,-0.010642496744791667,1.0101765950520833,-1.0,0.0,1,steering,490.5992655397465,549.9723244390334,486.4067517515293,556.7326641217032,0.04,0.045
1791329433.861878,485.3462293556148,560,-338.54096088410813,-158.54096088410813,0.0,0.0,-0.010642496744791667,1.0101765950520833,-0.010642496744791667,1.0101765950520833,0,idle,484.5737676011296,547.2433116604741,486.31510254400933,556.2581964986418,0.04,0.045
1791329433.879406,485.34541287403556,560,-338.53727047178273,-158.53727047178273,0.0,0.0,-0.010642496744791667,1.0101765950520833,-0.010642496744791667,1.0101765950520833,0,idle,493.335219720036,583.2574800683325,486.66610840281066,557.6081606771264,0.04,0.045
1791329433.895971,485.3438121850121,560,-338.5320580926495,-158.53205809264952,0.0,0.0,-0.010642496744791667,1.0101765950520833,-0.010642496744791667,1.0101765950520833,0,idle,484.66201809935376,544.6340088050063,486.56590388763783,556.9594530835204,0.04,0.045
1791329433.913474,485.3413389618061,560,-338.52624875725047,-158.52624875725047,0.0,0.0,-0.010642496744791667,1.0101765950520833,-0.010642496744791667,1.0101765950520833,0,idle,494.17186475630797,554.5360237636041,486.94620193107136,556.8382816175247,0.04,0.045
1791329433.929995,485.3379750860959,560,-338.5205455049667,-158.52054550496675,0.0,0.0,-0.010642496744791667,1.0101765950520833,-0.010642496744791667,1.0101765950520833,0,idle,481.9685757839692,547.1173604126067,486.6973206237162,556.3522355572787,0.04,0.045
1791329433.9466581,485.3337463998098,560,-338.5153686577089,-158.5153686577089,0.0,0.0,-0.010642496744791667,1.0101765950520833,-0.010642496744791667,1.0101765950520833,0,idle,484.68112786904567,546.0669578951791,486.5965109859827,555.8379716741738,0.04,0.045
1791329433.963131,485.3287047302818,560,-338.5109110451519,-158.5109110451519,0.0,0.0,-0.010642496744791667,1.0101765950520833,-0.010642496744791667,1.0101765950520833,0,idle,493.45719939493216,567.5149143341374,486.93954540643017,556.4218188071719,0.04,0.045
1791329433.980646,485.3229157426591,560,-338.5072140113273,-158.5072140113273,0.0,0.0,-0.010642496744791667,1.0101765950520833,-0.010642496744791667,1.0101765950520833,0,idle,475.8874746975593,551.9422116358483,486.3869418709866,556.1978384486057,0.04,0.045
1791329433.99719,485.31645088399324,560,-338.50423160087803,-158.50423160087806,0.0,0.0,-0.010642496744791667,1.0101765950520833,-0.010642496744791667,1.0101765950520833,0,idle,469.93382430689786,565.0897425673744,485.5642859927822,556.6424336545441,0.04,0.045
1791329434.014323,485.3093821834488,560,-338.501875854474,-158.501875854474,0.0,0.0,-0.010642496744791667,1.0101765950520833,-0.010642496744791667,1.0101765950520833,0,idle,486.68062587930234,558.5369496546999,485.62010298710817,556.7371594545519,0.04,0.045
1791329434.0309498,485.3017790288271,560,-338.50004531470086,-158.50004531470088,0.0,0.0,-0.010642496744791667,1.0101765950520833,-0.010642496744791667,1.0101765950520833,0,idle,488.56535336295804,549.1164695890535,485.76736550590067,556.356124961277,0.04,0.045
1791329434.0487401,485.2937062945374,560,-338.4986411644401,-158.49864116444007,0.0,0.0,-0.010642496744791667,1.0101765950520833,-0.010642496744791667,1.0101765950520833,0,idle,504.9087020930648,556.2292551720376,486.7244323352589,556.349781471815,0.04,0.045
1791329434.065312,485.2852233793263,560,-338.4975751730525,-158.49757517305252,0.0,0.0,-0.010642496744791667,1.0101765950520833,-0.010642496744791667,1.0101765950520833,0,idle,495.60349761185137,536.9313560563268,487.1683855990885,555.3788602010407,0.04,0.045
1791329434.082133,485.2763838436044,560,-338.4967726462429,-158.49677264624293,0.0,0.0,-0.010642496744791667,1.0101765950520833,-0.010642496744791667,1.0101765950520833,0,idle,505.0706596103585,557.320644927587,488.063499299652,555.475949437368,0.04,0.045
1791329434.099942,485.2672354303687,560,-338.49617257652375,-158.49617257652378,0.0,0.0,-0.010642496744791667,1.0101765950520833,-0.010642496744791667,1.0101765950520833,0,idle,494.90270817723683,540.6404447113031,488.40545974353125,554.7341742010647,0.04,0.045
1791329434.116103,485.2578203208348,560,-338.4957263962751,-158.49572639627507,0.0,0.0,-0.010642496744791667,1.0101765950520833,-0.010642496744791667,1.0101765950520833,0,idle,476.6879755711189,566.8345308278836,487.81958553491063,555.3391920324057,0.04,0.045
1791329434.133404,485.24817552346894,560,-338.4953961716586,-158.49539617165863,0.0,0.0,-0.010642496744791667,1.0101765950520833,-0.010642496744791667,1.0101765950520833,0,idle,474.62486440172813,546.8990954051709,487.1598494782515,554.9171872010439,0.04,0.045
1791329434.150762,485.2383333286279,560,-338.4951527039341,-158.49515270393408,0.0,0.0,-0.010642496744791667,1.0101765950520833,-0.010642496744791667,1.0101765950520833,0,idle,491.124615735045,565.3007355280922,487.3580877910912,555.4363646173963,0.04,0.045
1791329434.167069,485.22832178445384,560,-338.4949737732257,-158.49497377322572,0.0,0.0,-0.010642496744791667,1.0101765950520833,-0.010642496744791667,1.0101765950520833,0,idle,455.5201339700691,548.0995421854891,485.7661901000401,555.0695234958009,0.04,0.045
1791329434.184303,485.218165165924,560,-338.4948426232347,-158.4948426232347,0.0,0.0,-0.010642496744791667,1.0101765950520833,-0.010642496744791667,1.0101765950520833,0,idle,488.62517041240807,569.615616335649,485.9091391156585,555.7968281377933,0.04,0.045
1791329434.201418,485.20788442010587,560,-338.494746709734,-158.49474670973402,0.0,0.0,-0.010642496744791667,1.0101765950520833,-0.010642496744791667,1.0101765950520833,0,idle,499.664616952254,558.2319891748601,486.59691300748824,555.9185861896467,0.04,0.045
1791329434.218348,485.19749757821864,560,-338.49467669730564,-158.49467669730566,0.0,0.0,-0.010642496744791667,1.0101765950520833,-0.010642496744791667,1.0101765950520833,0,idle,504.3423414421518,581.5416023214937,487.48418442922144,557.199736996239,0.04,0.045
1791329434.235414,485.1870201301252,560,-338.49462567218904,-158.49462567218907,0.0,0.0,-0.010642496744791667,1.0101765950520833,-0.010642496744791667,1.0101765950520833,0,idle,491.15157398843877,566.3250992951305,487.6675539071823,557.6560051111836,0.04,0.045
1791329434.252026,485.1764653601412,560,-338.4945885345409,-158.49458853454095,0.0,0.0,-0.010642496744791667,1.0101765950520833,-0.010642496744791667,1.0101765950520833,0,idle,505.63279084545405,577.9771816385366,488.5658157540959,558.6720639375512,0.04,0.045
1791329434.2690618,485.1666501862582,560,-338.494563582792,-158.49456358279204,0.0,0.0,-0.010642496744791667,0.7542561848958333,-0.010642496744791667,0.7542561848958333,0,idle,495.020980773387,572.6565411848317,488.8885740050605,559.3712877999153,0.04,0.045
1791329434.285679,485.1590698175151,560,-338.49454965985336,-158.49454965985336,0.0,0.0,-0.010642496744791667,0.18330281575520832,-0.010642496744791667,0.18330281575520832,0,idle,476.38077973790405,559.5297655368834,488.26318429170266,559.3792116867637,0.04,0.045
1791329434.301291,485.15359299933505,560,-338.49454239199235,-158.49454239199238,0.0,0.0,-0.010642496744791667,0.010420735677083333,-0.010642496744791667,0.010420735677083333,0,idle,481.5269677754948,573.2875819515912,487.92637346589225,560.0746302000051,0.04,0.045
1791329434.318818,485.149635997535,560,-338.4945385981235,-158.4945385981235,0.0,0.0,-0.010642496744791667,0.010420735677083333,-0.010642496744791667,0.010420735677083333,0,idle,482.0540840276722,540.2121147029111,487.63275899398127,559.0815044251505,0.04,0.045
1791329434.3352928,485.1467770634836,560,-338.49453661770025,-158.49453661770025,0.0,0.0,-0.010642496744791667,0.010420735677083333,-0.010642496744791667,0.010420735677083333,0,idle,500.1612994448885,552.8953956843446,488.25918601652666,558.7721989881102,0.04,0.045
1791329434.352675,485.1447114835369,560,-338.49453558390695,-158.49453558390695,0.0,0.0,-0.010642496744791667,0.010420735677083333,-0.010642496744791667,0.010420735677083333,0,idle,502.5503724676553,573.7009441577209,488.9737453390831,559.5186362465907,0.04,0.045
1791329434.369109,485.14321910198976,560,-338.4945350442604,-158.4945350442604,0.0,0.0,-0.010642496744791667,0.010420735677083333,-0.010642496744791667,0.010420735677083333,0,idle,482.08843336127603,563.9198542347057,488.6294797401928,559.7386971459965,0.04,0.045
1791329434.386612,485.14214085630846,560,-338.4945347625615,-158.49453476256153,0.0,0.0,-0.010642496744791667,0.010420735677083333,-0.010642496744791667,0.010420735677083333,0,idle,483.19149829356087,554.4517237701713,488.35758066786116,559.4743484772052,0.04,0.045
1791329434.403117,485.14136182379866,560,-338.4945346155129,-158.49453461551292,0.0,0.0,-0.010642496744791667,0.010420735677083333,-0.010642496744791667,0.010420735677083333,0,idle,483.10043215381774,527.706419486309,488.094723242159,557.8859520276604,0.04,0.045
1791329434.4207182,485.1407989728084,560,-338.49453453875265,-158.49453453875265,0.0,0.0,-0.010642496744791667,0.010420735677083333,-0.010642496744791667,0.010420735677083333,0,idle,512.0809655198457,548.3929994025093,489.2940353560433,557.4113043964029,0.04,0.045
1791329434.43745,485.1403923129672,560,-338.4945344986833,-158.49453449868332,0.0,0.0,-0.010642496744791667,0.010420735677083333,-0.010642496744791667,0.010420735677083333,0,idle,509.83436472029956,553.2843524185134,490.32105182425613,557.2049567975084,0.04,0.045
1791329434.454155,485.1400985012317,560,-338.4945344777669,-158.49453447776688,0.0,0.0,-0.010642496744791667,0.010420735677083333,-0.010642496744791667,0.010420735677083333,0,idle,494.17831555576356,556.6039045713952,490.5139150108315,557.1749041862028,0.04,0.045
1791329434.471842,485.1398862222527,560,-338.49453446684834,-158.49453446684836,0.0,0.0,-0.010642496744791667,0.010420735677083333,-0.010642496744791667,0.010420735677083333,0,idle,470.26948096361514,548.8151399464483,489.5016933084707,556.7569159742151,0.04,0.045
1791329434.488468,485.13973285069034,560,-338.4945344611488,-158.49453446114882,0.0,0.0,-0.010642496744791667,0.010420735677083333,-0.010642496744791667,0.010420735677083333,0,idle,474.1422691518677,566.1533951865055,488.73372210064053,557.2267399348295,0.04,0.045
1791329434.505265,485.1396220397365,560,-338.49453445817363,-158.49453445817363,0.0,0.0,-0.010642496744791667,0.010420735677083333,-0.010642496744791667,0.010420735677083333,0,idle,478.3172407379174,584.4454005445832,488.21289803250437,558.5876729653172,0.04,0.045
1791329434.522408,485.1395419788223,560,-338.49453445662056,-158.49453445662056,0.0,0.0,-0.010642496744791667,0.010420735677083333,-0.010642496744791667,0.010420735677083333,0,idle,479.1151495536951,541.3710483760782,487.7580106085639,557.7268417358553,0.04,0.045
1791329434.5389,485.1394841348118,560,-338.49453445580986,-158.49453445580986,0.0,0.0,-0.010642496744791667,0.010420735677083333,-0.010642496744791667,0.010420735677083333,0,idle,493.9140650027395,561.2335620649608,488.06581332827267,557.9021777523105,0.04,0.045
1791329434.5551841,485.13944234251426,560,-338.49453445538666,-158.49453445538666,0.0,0.0,-0.010642496744791667,0.010420735677083333,-0.010642496744791667,0.010420735677083333,0,idle,488.047762955786,550.8310800327421,488.0649108096483,557.5486228663322,0.04,0.045
1791329434.572236,485.13941214757926,560,-338.49453445516576,-158.49453445516576,0.0,0.0,-0.010642496744791667,0.010420735677083333,-0.010642496744791667,0.010420735677083333,0,idle,487.79678514371295,563.7862911294208,488.05150452635155,557.8605062794866,0.04,0.045
1791329434.589414,485.13939033173875,560,-338.4945344550504,-158.49453445505043,0.0,0.0,-0.010642496744791667,0.010420735677083333,-0.010642496744791667,0.010420735677083333,0,idle,472.82862720822345,558.2752762776612,487.2903606604451,557.8812447793953,0.04,0.045
1791329434.606577,485.139374569794,560,-338.49453445499023,-158.49453445499023,0.0,0.0,-0.010642496744791667,0.010420735677083333,-0.010642496744791667,0.010420735677083333,0,idle,486.52559926877916,531.7800086330935,487.2521225908618,556.5761829720802,0.04,0.045
1791329434.6236968,485.13936318178884,560,-338.4945344549588,-158.4945344549588,0.0,0.0,-0.010642496744791667,0.010420735677083333,-0.010642496744791667,0.010420735677083333,0,idle,491.3320908282198,560.1851308176732,487.4561210027297,556.7566303643599,0.04,0.045
1791329434.640197,485.13935495395515,560,-338.49453445494237,-158.4945344549424,0.0,0.0,-0.010642496744791667,0.010420735677083333,-0.010642496744791667,0.010420735677083333,0,idle,495.6604103902537,558.9156155674538,487.8663354721059,556.8645796245146,0.04,0.045
1791329434.6571531,485.1393490093453,560,-338.4945344549338,-158.49453445493378,0.0,0.0,-0.010642496744791667,0.010420735677083333,-0.010642496744791667,0.010420735677083333,0,idle,475.5388732282574,570.6772137480433,487.24996235991347,557.555211330691,0.04,0.045
1791329434.674808,485.1393447143647,560,-338.4945344549293,-158.49453445492932,0.0,0.0,-0.010642496744791667,0.010420735677083333,-0.010642496744791667,0.010420735677083333,0,idle,472.4419383872636,565.0658996060978,486.509561161281,557.9307457444613,0.04,0.045
1791329434.692051,485.1393416112412,560,-338.49453445492696,-158.494534454927,0.0,0.0,-0.010642496744791667,0.010420735677083333,-0.010642496744791667,0.010420735677083333,0,idle,503.9342092592321,543.1631331626279,487.38079356617857,557.1923651153696,0.04,0.045
1791329434.709595,485.1393393692345,560,-338.49453445492577,-158.49453445492577,0.0,0.0,-0.010642496744791667,0.010420735677083333,-0.010642496744791667,0.010420735677083333,0,idle,499.2866101573963,552.6412769181404,487.97608439573946,556.9648107055082,0.04,0.045
1791329434.726115,485.13933774938465,560,-338.49453445492514,-158.49453445492514,0.0,0.0,-0.010642496744791667,0.010420735677083333,-0.010642496744791667,0.010420735677083333,0,idle,488.2361035984004,562.7742571810277,487.98908535587253,557.2552830292841,0.04,0.045
1791329434.743625,485.1393365790431,560,-338.4945344549248,-158.4945344549248,0.0,0.0,-0.010642496744791667,0.010420735677083333,-0.010642496744791667,0.010420735677083333,0,idle,488.1103430470407,576.7289590098277,487.9951482404309,558.2289668283113,0.04,0.045
1791329434.76014,485.13933573347134,560,-338.49453445492463,-158.49453445492463,0.0,0.0,-0.010642496744791667,0.010420735677083333,-0.010642496744791667,0.010420735677083333,0,idle,477.1960828098096,574.3992795185752,487.45519496889983,559.0374824628245,0.04,0.045
1791329434.777736,485.13933512254573,560,-338.4945344549245,-158.49453445492455,0.0,0.0,-0.010642496744791667,0.010420735677083333,-0.010642496744791667,0.010420735677083333,0,idle,497.3806539877755,563.9100358844624,487.9514679198436,559.2811101339064,0.04,0.045
1791329434.794365,485.139334681152,560,-338.49453445492446,-158.4945344549245,0.0,0.0,-0.010642496744791667,0.010420735677083333,-0.010642496744791667,0.010420735677083333,0,idle,496.45016128243105,558.154049802385,488.37640258797296,559.2247571173303,0.04,0.045
1791329434.8110552,485.139334362245,560,-338.49453445492446,-158.4945344549245,0.0,0.0,-0.010642496744791667,0.010420735677083333,-0.010642496744791667,0.010420735677083333,0,idle,492.0497376402144,544.448641957488,488.560069340585,558.4859513593382,0.04,0.045
1791329434.828015,485.1393341318347,560,-338.49453445492446,-158.4945344549245,0.0,0.0,-0.010642496744791667,0.010420735677083333,-0.010642496744791667,0.010420735677083333,0,idle,479.83342716459543,571.4856913151191,488.1237372317855,559.1359383571272,0.04,0.045
1791329434.8448372,485.1393339653633,560,-338.49453445492446,-158.4945344549245,0.0,0.0,-0.010642496744791667,0.010420735677083333,-0.010642496744791667,0.010420735677083333,0,idle,471.77834358703984,575.8423767060868,487.30646754954824,559.9712602745752,0.04,0.045
1791329434.8613818,485.13933384508766,560,-338.49453445492446,-158.4945344549245,0.0,0.0,-0.010642496744791667,0.010420735677083333,-0.010642496744791667,0.010420735677083333,0,idle,491.9572924089867,554.0650639487493,487.5390087925202,559.675950458284,0.04,0.045
1791329434.878159,485.1393337581885,560,-338.49453445492446,-158.4945344549245,0.0,0.0,-0.010642496744791667,0.010420735677083333,-0.010642496744791667,0.010420735677083333,0,idle,473.01157308413815,562.1752464658075,486.8126370071011,559.8009152586601,0.04,0.045
1791329434.895066,485.1393336954039,560,-338.49453445492446,-158.4945344549245,0.0,0.0,-0.010642496744791667,0.010420735677083333,-0.010642496744791667,0.010420735677083333,0,idle,476.1251304757152,536.3437532816672,486.2782616805318,558.6280571598104,0.04,0.045
1791329434.911541,485.139333650042,560,-338.49453445492446,-158.4945344549245,0.0,0.0,-0.010642496744791667,0.010420735677083333,-0.010642496744791667,0.010420735677083333,0,idle,470.7287485601978,558.6046563381447,485.5007860245151,558.6268871187272,0.04,0.045
1791329434.9279182,485.139333617268,560,-338.49453445492446,-158.4945344549245,0.0,0.0,-0.010642496744791667,0.010420735677083333,-0.010642496744791667,0.010420735677083333,0,idle,469.96521363093467,553.9489678401416,484.7240074048361,558.3929911547979,0.04,0.045
1791329434.944669,485.1393335935888,560,-338.49453445492446,-158.4945344549245,0.0,0.0,-0.010642496744791667,0.010420735677083333,-0.010642496744791667,0.010420735677083333,0,idle,466.30794165487606,552.4300794546753,483.80320411733805,558.0948455697917,0.04,0.045
1791329434.961494,485.13933357648057,560,-338.49453445492446,-158.4945344549245,0.0,0.0,-0.010642496744791667,0.010420735677083333,-0.010642496744791667,0.010420735677083333,0,idle,482.14969666171237,573.9318976546757,483.72052874455676,558.8866981740359,0.04,0.045
1791329434.977556,485.1393335641199,560,-338.49453445492446,-158.4945344549245,0.0,0.0,-0.010642496744791667,0.010420735677083333,-0.010642496744791667,0.010420735677083333,0,idle,483.5844322175919,546.1006817905057,483.71372391820853,558.2473973548595,0.04,0.045
1791329434.994284,485.1393335551893,560,-338.49453445492446,-158.4945344549245,0.0,0.0,-0.010642496744791667,0.010420735677083333,-0.010642496744791667,0.010420735677083333,0,idle,490.9222590440295,565.4304008489472,484.0741506744996,558.6065475295638,0.04,0.045
1791329435.01137,485.13933354873694,560,-338.49453445492446,-158.4945344549245,0.0,0.0,-0.010642496744791667,0.010420735677083333,-0.010642496744791667,0.010420735677083333,0,idle,515.8371986305827,570.4015738155324,485.66230307230376,559.1962988438622,0.04,0.045
1791329435.028399,485.1393335440751,560,-338.49453445492446,-158.4945344549245,0.0,0.0,-0.010642496744791667,0.010420735677083333,-0.010642496744791667,0.010420735677083333,0,idle,490.3229342048662,574.8503473425546,485.8953346289319,559.9790012687969,0.04,0.045
1791329435.045343,485.13933354070696,560,-338.49453445492446,-158.4945344549245,0.0,0.0,-0.010642496744791667,0.010420735677083333,-0.010642496744791667,0.010420735677083333,0,idle,493.7757481340792,557.0725041821452,486.28935530418926,559.8336764144643,0.04,0.045
1791329435.062293,485.13933353827343,560,-338.49453445492446,-158.4945344549245,0.0,0.0,-0.010642496744791667,0.010420735677083333,-0.010642496744791667,0.010420735677083333,0,idle,483.49669824152556,558.6624842436198,486.14972245105605,559.7751168059222,0.04,0.045
1791329435.078547,485.1393335365152,560,-338.49453445492446,-158.4945344549245,0.0,0.0,-0.010642496744791667,0.010420735677083333,-0.010642496744791667,0.010420735677083333,0,idle,472.18684886790896,579.8277143274211,485.4515787718987,560.7777466819971,0.04,0.045
1791329435.094935,485.13933353524493,560,-338.49453445492446,-158.4945344549245,0.0,0.0,-0.010642496744791667,0.010420735677083333,-0.010642496744791667,0.010420735677083333,0,idle,464.0219891850235,553.6304785798828,484.380099292555,560.4203832768914,0.04,0.045
1791329435.111416,485.13933353432714,560,-338.49453445492446,-158.4945344549245,0.0,0.0,-0.010642496744791667,0.010420735677083333,-0.010642496744791667,0.010420735677083333,0,idle,477.61755035564664,559.426300976367,484.04197184570955,560.3706791618652,0.04,0.045
1791329435.127552,485.13933353366406,560,-338.49453445492446,-158.4945344549245,0.0,0.0,-0.010642496744791667,0.010420735677083333,-0.010642496744791667,0.010420735677083333,0,idle,470.1008435450603,552.789683072222,483.3449154306771,559.991629357383,0.04,0.045
1791329435.144177,485.139333533185,560,-338.49453445492446,-158.4945344549245,0.0,0.0,-0.010642496744791667,0.010420735677083333,-0.010642496744791667,0.010420735677083333,0,idle,477.24121098701704,564.752426741119,483.03973020849406,560.2296692265697,0.04,0.045
1791329435.160764,485.13933353283886,560,-338.49453445492446,-158.4945344549245,0.0,0.0,-0.010642496744791667,0.010420735677083333,-0.010642496744791667,0.010420735677083333,0,idle,494.0328944557862,575.4988935519839,483.58938842085865,560.9931304428404,0.04,0.045
1791329435.177968,485.13933353258875,560,-338.49453445492446,-158.4945344549245,0.0,0.0,-0.010642496744791667,0.010420735677083333,-0.010642496744791667,0.010420735677083333,0,idle,486.53188207171235,580.3465057272517,483.73651310340136,561.960799207061,0.04,0.045
1791329435.1955159,485.13933353240805,560,-338.49453445492446,-158.4945344549245,0.0,0.0,-0.010642496744791667,0.010420735677083333,-0.010642496744791667,0.010420735677083333,0,idle,485.42637628084424,551.3147079063903,483.8210062622735,561.4284946420274,0.04,0.045
1791329435.212094,485.1393335322775,560,-338.49453445492446,-158.4945344549245,0.0,0.0,-0.010642496744791667,0.010420735677083333,-0.010642496744791667,0.010420735677083333,0,idle,492.1510955257194,541.2605677575239,484.2375107254458,560.4200982978023,0.04,0.045
1791329435.228878,485.1393335321832,560,-338.49453445492446,-158.4945344549245,0.0,0.0,-0.010642496744791667,0.010420735677083333,-0.010642496744791667,0.010420735677083333,0,idle,495.505778221471,569.1317329888368,484.8009241002471,560.855680032354,0.04,0.045
1791329435.246625,485.139333532115,560,-338.49453445492446,-158.4945344549245,0.0,0.0,-0.010642496744791667,0.010420735677083333,-0.010642496744791667,0.010420735677083333,0,idle,480.0491024604968,561.0292145662936,484.5633330182596,560.864356759051,0.04,0.045
1791329435.263157,485.1393335320658,560,-338.49453445492446,-158.4945344549245,0.0,0.0,-0.010642496744791667,0.010420735677083333,-0.010642496744791667,0.010420735677083333,0,idle,476.5794604600256,550.6972492446176,484.1641393903479,560.3560013833294,0.04,0.045
1791329435.28104,485.1393335320302,560,-338.49453445492446,-158.4945344549245,0.0,0.0,-0.010642496744791667,0.010420735677083333,-0.010642496744791667,0.010420735677083333,0,idle,485.1224869110504,572.8651042281498,484.212056766383,560.9814565255704,0.04,0.045
1791329435.29705,485.1393335320045,560,-338.49453445492446,-158.4945344549245,0.0,0.0,-0.010642496744791667,0.010420735677083333,-0.010642496744791667,0.010420735677083333,0,idle,458.70406225100453,563.6065575058642,482.9366570406141,561.1127115745851,0.04,0.045
1791329435.314461,485.1393335319859,560,-338.49453445492446,-158.4945344549245,0.0,0.0,-0.010642496744791667,0.010420735677083333,-0.010642496744791667,0.010420735677083333,0,idle,479.1933938892831,555.1639064786439,482.74949388304753,560.815271319788,0.04,0.045
1791329435.331444,485.1393335319725,560,-338.49453445492446,-158.4945344549245,0.0,0.0,-0.010642496744791667,0.010420735677083333,-0.010642496744791667,0.010420735677083333,0,idle,472.9254292547704,548.4315027032167,482.2582906516337,560.1960828889595,0.04,0.045
1791329435.348258,485.1393335319628,560,-338.49453445492446,-158.4945344549245,0.0,0.0,-0.010642496744791667,0.010420735677083333,-0.010642496744791667,0.010420735677083333,0,idle,479.0181584333902,561.8286811876816,482.0962840407215,560.2777128038956,0.04,0.045
1791329435.364439,485.1393335319558,560,-338.49453445492446,-158.4945344549245,0.0,0.0,-0.010642496744791667,0.010420735677083333,-0.010642496744791667,0.010420735677083333,0,idle,492.92946467332575,547.97877153874,482.63794307235173,559.6627657406378,0.04,0.045
1791329435.38148,485.13933353195074,560,-338.49453445492446,-158.4945344549245,0.0,0.0,-0.010642496744791667,0.010420735677083333,-0.010642496744791667,0.010420735677083333,0,idle,486.18873210518524,580.239093004724,482.8154825239934,560.6915821038422,0.04,0.045
1791329435.398599,485.1393335319471,560,-338.49453445492446,-158.4945344549245,0.0,0.0,-0.010642496744791667,0.010420735677083333,-0.010642496744791667,0.010420735677083333,0,idle,473.11973335578597,577.4018842143703,482.33069506558303,561.5270972093685,0.04,0.045
1791329435.415582,485.1393335319445,560,-338.49453445492446,-158.4945344549245,0.0,0.0,-0.010642496744791667,0.010420735677083333,-0.010642496744791667,0.010420735677083333,0,idle,485.2302738769916,576.9634236420936,482.47567400615344,562.2989135310048,0.04,0.045
1791329435.432429,485.13933353194255,560,-338.49453445492446,-158.4945344549245,0.0,0.0,-0.010642496744791667,0.010420735677083333,-0.010642496744791667,0.010420735677083333,0,idle,478.16392508221605,569.5032391126888,482.26008655995656,562.659129810089,0.04,0.045
1791329435.4494662,485.1393335319412,560,-338.49453445492446,-158.4945344549245,0.0,0.0,-0.010642496744791667,0.010420735677083333,-0.010642496744791667,0.010420735677083333,0,idle,491.2558898798875,562.3602034429739,482.7098767259531,562.6441834917332,0.04,0.045
1791329435.4665082,485.13933353194017,560,-338.49453445492446,-158.4945344549245,0.0,0.0,-0.010642496744791667,0.010420735677083333,-0.010642496744791667,0.010420735677083333,0,idle,469.45053897859026,558.4156211930889,482.04690983858495,562.432755376801,0.04,0.045
1791329435.4836988,485.1393335319394,560,-338.49453445492446,-158.4945344549245,0.0,0.0,-0.010642496744791667,0.010420735677083333,-0.010642496744791667,0.010420735677083333,0,idle,471.40726051355824,557.7594590067627,481.5149273723336,562.1990905582991,0.04,0.045
1791329435.500048,485.1393335319389,560,-338.49453445492446,-158.4945344549245,0.0,0.0,-0.010642496744791667,0.010420735677083333,-0.010642496744791667,0.010420735677083333,0,idle,464.7440268272551,578.607990610312,480.6763823450797,563.0195355608997,0.04,0.045
1791329435.5161211,485.1393335319385,560,-338.49453445492446,-158.4945344549245,0.0,0.0,-0.010642496744791667,0.010420735677083333,-0.010642496744791667,0.010420735677083333,0,idle,483.30146228751045,559.3882274574892,480.8076363422012,562.8379701557292,0.04,0.045
1791329435.533688,485.13933353193823,560,-338.49453445492446,-158.4945344549245,0.0,0.0,-0.010642496744791667,0.010420735677083333,-0.010642496744791667,0.010420735677083333,0,idle,474.0779019211898,560.2516121619885,480.47114962115063,562.7086522560421,0.04,0.045
1791329435.550594,485.13933353193806,560,-338.49453445492446,-158.4945344549245,0.0,0.0,-0.010642496744791667,0.010420735677083333,-0.010642496744791667,0.010420735677083333,0,idle,488.72091130760424,554.8265094528346,480.8836377054733,562.3145451158817,0.04,0.045
1791329435.567182,485.13933353193795,560,-338.49453445492446,-158.4945344549245,0.0,0.0,-0.010642496744791667,0.010420735677083333,-0.010642496744791667,0.010420735677083333,0,idle,487.1410175082498,565.2022685654279,481.19650669561213,562.458931288359,0.04,0.045
1791329435.584658,485.13933353193784,560,-338.49453445492446,-158.4945344549245,0.0,0.0,-0.010642496744791667,0.010420735677083333,-0.010642496744791667,0.010420735677083333,0,idle,482.21921280884715,540.648159163591,481.2476420012739,561.3683926821207,0.04,0.045
1791329435.601173,485.1393335319378,560,-338.49453445492446,-158.4945344549245,0.0,0.0,-0.010642496744791667,0.010420735677083333,-0.010642496744791667,0.010420735677083333,0,idle,477.336970944678,548.2285220065439,481.05210844844413,560.7113991483418,0.04,0.045
1791329435.618631,485.1393335319377,560,-338.49453445492446,-158.4945344549245,0.0,0.0,-0.010642496744791667,0.010420735677083333,-0.010642496744791667,0.010420735677083333,0,idle,479.739407356155,561.497308436905,480.98647339382967,560.75069461277,0.04,0.045
1791329435.635239,485.13933353193767,560,-338.49453445492446,-158.4945344549245,0.0,0.0,-0.010642496744791667,0.010420735677083333,-0.010642496744791667,0.010420735677083333,0,idle,484.4976546601221,550.8022338192234,481.1620324571443,560.2532715730927,0.04,0.045
1791329435.65202,485.13933353193767,560,-338.49453445492446,-158.4945344549245,0.0,0.0,-0.010642496744791667,0.010420735677083333,-0.010642496744791667,0.010420735677083333,0,idle,487.4696321968059,570.8324240897116,481.47741244412737,560.7822291989236,0.04,0.045
1791329435.6695511,485.13933353193767,560.0,-338.49453445492446,-158.4945344549245,-2.0155540172396915e-14,5.1153509327207223e-14,-0.010642496744791667,0.010420735677083333,-0.010642496744791667,0.010420735677083333,0,idle,452.61644955381206,547.8134052893057,480.0343642996116,560.1337880034426,0.04,0.045
1791329435.68626,485.1393335319376,560,-338.49453445492446,-158.4945344549245,0.0,0.0,-0.010642496744791667,0.010420735677083333,-0.010642496744791667,0.010420735677083333,0,idle,490.56472010130307,545.6878140657636,480.5608820896962,559.4114893065587,0.04,0.045
1791329435.703955,485.1393335319376,560.0,-338.49453445492446,-158.4945344549245,-1.0521317942117268e-14,2.6702451578235466e-14,-0.010642496744791667,0.010420735677083333,-0.010642496744791667,0.010420735677083333,0,idle,478.0662677230938,571.8046962054005,480.43615137136607,560.0311496515008,0.04,0.045
1791329435.720957,485.1393335319376,560,-338.49453445492446,-158.4945344549245,0.0,0.0,-0.010642496744791667,0.010420735677083333,-0.010642496744791667,0.010420735677083333,0,idle,485.6774170413848,546.2604357411783,480.698214654867,559.3426139559847,0.04,0.045
1791329435.738961,485.1393335319376,560.0,-338.49453445492446,-158.4945344549245,-5.4921937240223504e-15,1.3938846614161275e-14,-0.010642496744791667,0.010420735677083333,-0.010642496744791667,0.010420735677083333,0,idle,465.36347621745387,558.2681944787189,479.93147773299637,559.2888929821214,0.04,0.045
1791329435.755906,485.1393335319376,560.0,-338.49453445492446,-158.4945344549245,-1.3469605108164815e-14,3.4185021321230526e-14,-0.010642496744791667,0.010420735677083333,-0.010642496744791667,0.010420735677083333,0,idle,484.6838419883775,579.5543720355274,480.16909594576543,560.3021669347917,0.04,0.045
1791329435.7714932,485.1393335319376,560.0,-338.49453445492446,-158.4945344549245,-2.2132613900119145e-14,5.6171199674703797e-14,-0.010642496744791667,0.010420735677083333,-0.010642496744791667,0.010420735677083333,0,idle,497.90596659138737,573.9967433090936,481.0559394780465,560.9868957535068,0.04,0.045
1791329435.788542,485.13933353193755,560,-338.49453445492446,-158.4945344549245,0.0,0.0,-0.010642496744791667,0.010420735677083333,-0.010642496744791667,0.010420735677083333,0,idle,491.5556188250418,563.6146386768238,481.5809234453963,561.1182828996726,0.04,0.045
1791329435.804998,485.13933353193755,560.0,-338.49453445492446,-158.4945344549245,-1.4965707514750946e-15,3.798203632331765e-15,-0.010642496744791667,0.010420735677083333,-0.010642496744791667,0.010420735677083333,0,idle,488.78835115696336,566.8623286595632,481.94129483097464,561.4054851876672,0.04,0.045
1791329435.8222551,485.13933353193755,560.0,-338.49453445492446,-158.4945344549245,-3.67033976799267e-15,9.315094408293654e-15,-0.010642496744791667,0.010420735677083333,-0.010642496744791667,0.010420735677083333,0,idle,496.73825025717395,545.0776717596667,482.6811426022846,560.5890945162672,0.04,0.045
1791329435.839372,485.13933353193755,560.0,-338.49453445492446,-158.4945344549245,-6.03092758213032e-15,1.5306119691434057e-14,-0.010642496744791667,0.010420735677083333,-0.010642496744791667,0.010420735677083333,0,idle,468.3147972086941,540.5514375238117,481.96282533260506,559.5872116666444,0.04,0.045
1791329435.856308,485.13933353193755,560.0,-338.49453445492446,-158.4945344549245,-8.300235921628214e-15,2.1065483336264123e-14,-0.010642496744791667,0.010420735677083333,-0.010642496744791667,0.010420735677083333,0,idle,492.6098524285365,570.0445414120748,482.4951766874016,560.1100781539159,0.04,0.045
1791329435.873179,485.13933353193755,560.0,-338.49453445492446,-158.4945344549245,-1.0334477721378579e-14,2.6228262700512257e-14,-0.010642496744791667,0.010420735677083333,-0.010642496744791667,0.010420735677083333,0,idle,476.8515971328796,567.7003430428339,482.2129977096755,560.4895913983618,0.04,0.045
1791329435.89011,485.13933353193755,560.0,-338.49453445492446,-158.4945344549245,-1.2072609530838611e-14,3.063953329741216e-14,-0.010642496744791667,0.010420735677083333,-0.010642496744791667,0.010420735677083333,0,idle,474.47566502444107,560.7195463409456,481.8261310754138,560.5010891454909,0.04,0.045
1791329435.907914,485.13933353193755,560.0,-338.49453445492446,-158.4945344549245,-1.350264821650596e-14,3.426888267827039e-14,-0.010642496744791667,0.010420735677083333,-0.010642496744791667,0.010420735677083333,0,idle,475.1258661328255,559.5490458788795,481.49111782828436,560.4534869821604,0.04,0.045
1791329435.924094,485.13933353193755,560.0,-338.49453445492446,-158.4945344549245,-1.4640015490947614e-14,3.715545019191558e-14,-0.010642496744791667,0.010420735677083333,-0.010642496744791667,0.010420735677083333,0,idle,474.9273441452933,557.4106412616198,481.1629291441348,560.3013446961334,0.04,0.045
1791329435.941216,485.13933353193755,560.0,-338.49453445492446,-158.4945344549245,-1.5513902364133643e-14,3.937332080893161e-14,-0.010642496744791667,0.010420735677083333,-0.010642496744791667,0.010420735677083333,0,idle,509.2952869002033,557.0084472612425,482.5695470319382,560.1366998243889,0.04,0.045
1791329435.957908,485.13933353193755,560.0,-338.49453445492446,-158.4945344549245,-1.6158925351941346e-14,4.101034909697876e-14,-0.010642496744791667,0.010420735677083333,-0.010642496744791667,0.010420735677083333,0,idle,472.216090974158,566.3136768497249,482.0518742290492,560.4455486756557,0.04,0.045
1791329435.97486,485.13933353193755,560.0,-338.49453445492446,-158.4945344549245,-1.6610229001782275e-14,4.2155729734961194e-14,-0.010642496744791667,0.010420735677083333,-0.010642496744791667,0.010420735677083333,0,idle,475.66431803470465,585.4695858609497,481.73249641933194,561.6967505349204,0.04,0.045
1791329435.99243,485.13933353193755,560.0,-338.49453445492446,-158.4945344549245,-1.690079564936247e-14,4.289316984274479e-14,-0.010642496744791667,0.010420735677083333,-0.010642496744791667,0.010420735677083333,0,idle,488.4851265008851,560.4344511682292,482.0701279234096,561.6336355665858,0.04,0.045
1791329436.008935,485.13933353193755,560.0,-338.49453445492446,-158.4945344549245,-1.7060137850280334e-14,4.329757045375061e-14,-0.010642496744791667,0.010420735677083333,-0.010642496744791667,0.010420735677083333,0,idle,477.270223578191,544.7857355915077,481.8301327061487,560.7912405678319,0.04,0.045
1791329436.026402,485.13933353193755,560.0,-338.49453445492446,-158.4945344549245,-1.711383075703567e-14,4.3433839716842613e-14,-0.010642496744791667,0.010420735677083333,-0.010642496744791667,0.010420735677083333,0,idle,493.83972942531386,531.8963018970177,482.4306125421069,559.3464936342912,0.04,0.045
1791329436.041981,485.13933353193755,560.0,-338.49453445492446,-158.4945344549245,-1.708353207881061e-14,4.3356943553012174e-14,-0.010642496744791667,0.010420735677083333,-0.010642496744791667,0.010420735677083333,0,idle,494.8829726244676,573.2316761064882,483.05323054622494,560.040752757901,0.04,0.045
1791329436.0595598,485.13933353193755,560.0,-338.49453445492446,-158.4945344549245,-1.6987264861542238e-14,4.311262333364212e-14,-0.010642496744791667,0.010420735677083333,-0.010642496744791667,0.010420735677083333,0,idle,465.4101120650006,558.0606304090907,482.1710746221637,559.9417466404606,0.04,0.045
1791329436.076274,485.13933353193755,560.0,-338.49453445492446,-158.4945344549245,-1.6839823062038515e-14,4.2738425202427416e-14,-0.010642496744791667,0.010420735677083333,-0.010642496744791667,0.010420735677083333,0,idle,478.2109290670892,572.0621960797799,481.97306734440997,560.5477691124265,0.04,0.045
1791329436.093544,485.13933353193755,560.0,-338.49453445492446,-158.4945344549245,-1.6653215520654126e-14,4.226482685045636e-14,-0.010642496744791667,0.010420735677083333,-0.010642496744791667,0.010420735677083333,0,idle,484.7414228075998,557.6047594576943,482.1114851175695,560.4006186296899,0.04,0.045
1791329436.110386,485.13933353193755,560.0,-338.49453445492446,-158.4945344549245,-1.6437099936898677e-14,4.171633891935496e-14,-0.010642496744791667,0.010420735677083333,-0.010642496744791667,0.010420735677083333,0,idle,473.47579753278796,557.3345772844515,481.67970073833044,560.247316562428,0.04,0.045
1791329436.1262798,485.13933353193755,560.0,-338.49453445492446,-158.4945344549245,-1.6199181317216894e-14,4.111251623700999e-14,-0.010642496744791667,0.010420735677083333,-0.010642496744791667,0.010420735677083333,0,idle,490.46293449936894,561.5559787873921,482.11886242638235,560.3127496736762,0.04,0.045
1791329436.143081,485.13933353193755,560.0,-338.49453445492446,-158.4945344549245,-1.594556352527519e-14,4.046885003036559e-14,-0.010642496744791667,0.010420735677083333,-0.010642496744791667,0.010420735677083333,0,idle,495.12709699891076,548.4606682609922,482.76927415500876,559.7201456030419,0.04,0.045
1791329436.160291,485.13933353193755,560.0,-338.49453445492446,-158.4945344549245,-1.5681051027401493e-14,3.9797533736611505e-14,-0.010642496744791667,0.010420735677083333,-0.010642496744791667,0.010420735677083333,0,idle,479.73143656767905,571.6475042696351,482.6173822756423,560.3165135363716,0.04,0.045
1791329436.177,485.13933353193755,560.0,-338.49453445492446,-158.4945344549245,-1.540940271303687e-14,3.9108107183727494e-14,-0.010642496744791667,0.010420735677083333,-0.010642496744791667,0.010420735677083333,0,idle,482.0713736883001,576.507722351183,482.59008184627515,561.1260739771122,0.04,0.045
1791329436.193277,485.13933353193755,560.0,-338.49453445492446,-158.4945344549245,-1.513354213371134e-14,3.8407990163948356e-14,-0.010642496744791667,0.010420735677083333,-0.010642496744791667,0.010420735677083333,0,idle,479.33823333895117,569.4670500922207,482.42748942090896,561.5431227828676,0.04,0.045
1791329436.210737,485.13933353193755,560.0,-338.49453445492446,-158.4945344549245,-1.4855729537716072e-14,3.7702919047078876e-14,-0.010642496744791667,0.010420735677083333,-0.010642496744791667,0.010420735677083333,0,idle,493.2135144434991,562.5954734135624,482.9667906720385,561.5957403144024,0.04,0.045
1791329436.227085,485.13933353193755,560.0,-338.49453445492446,-158.4945344549245,-1.4577701264716003e-14,3.699730055536444e-14,-0.010642496744791667,0.010420735677083333,-0.010642496744791667,0.010420735677083333,0,idle,493.8858800642089,554.205525402209,483.51274514164703,561.2262295687927,0.04,0.045
1791329436.244909,485.13933353193755,560.0,-338.49453445492446,-158.4945344549245,-1.4300781779895657e-14,3.629449609919598e-14,-0.010642496744791667,0.010420735677083333,-0.010642496744791667,0.010420735677083333,0,idle,478.49862014099125,567.2516171957935,483.2620388916142,561.5274989501428,0.04,0.045
1791329436.261782,485.13933353193755,560.0,-338.49453445492446,-158.4945344549245,-1.4025973106712587e-14,3.559704875188453e-14,-0.010642496744791667,0.010420735677083333,-0.010642496744791667,0.010420735677083333,0,idle,494.7048886996002,575.5793333661687,483.8341813820135,562.230090670944,0.04,0.045
1791329436.2786932,485.13933353193755,560.0,-338.49453445492446,-158.4945344549245,-1.3754025805114857e-14,3.490686338796957e-14,-0.010642496744791667,0.010420735677083333,-0.010642496744791667,0.010420735677083333,0,idle,491.69512322286124,575.3605926992071,484.2272284740559,562.8866157723572,0.04,0.045
1791329436.295747,485.13933353193755,560.0,-338.49453445492446,-158.4945344549245,-1.3485495022644044e-14,3.422534893743776e-14,-0.010642496744791667,0.010420735677083333,-0.010642496744791667,0.010420735677083333,0,idle,470.7618244524586,553.1628964704511,483.55395827297605,562.400429807262,0.04,0.045
1791329436.312691,485.13933353193755,560.0,-338.49453445492446,-158.4945344549245,-1.3220784565472795e-14,3.3553530235279477e-14,-0.010642496744791667,0.010420735677083333,-0.010642496744791667,0.010420735677083333,0,idle,477.8017171844499,568.1810344709369,483.26634621854976,562.6894600404457,0.04,0.045
1791329436.32971,485.13933353193755,560.0,-338.49453445492446,-158.4945344549245,-1.2960181417483983e-14,3.289213562876817e-14,-0.010642496744791667,0.010420735677083333,-0.010642496744791667,0.010420735677083333,0,idle,495.87997252402783,552.5893948904917,483.8970275338237,562.184456782948,0.04,0.045
1791329436.346682,485.13933353193755,560.0,-338.49453445492446,-158.4945344549245,-1.2703882685845717e-14,3.224166536365643e-14,-0.010642496744791667,0.010420735677083333,-0.010642496744791667,0.010420735677083333,0,idle,503.4549072415442,561.0252615891252,484.8749215192097,562.1264970232569,0.04,0.045
1791329436.3638039,485.13933353193755,560.0,-338.49453445492446,-158.4945344549245,-1.2452016570624486e-14,3.160244480375195e-14,-0.010642496744791667,0.010420735677083333,-0.010642496744791667,0.010420735677083333,0,idle,489.3357255597338,571.3046767053374,485.0979617212359,562.5854060073609,0.04,0.045
1791329436.3804522,485.13933353193755,560.0,-338.49453445492446,-158.4945344549245,-1.2204658638741391e-14,3.09746657332079e-14,-0.010642496744791667,0.010420735677083333,-0.010642496744791667,0.010420735677083333,0,idle,460.9440264414856,574.2317087120189,483.8902649572484,563.1677211425938,0.04,0.045
1791329436.397354,485.13933353193755,560.0,-338.49453445492446,-158.4945344549245,-1.196184442185125e-14,3.035841832915773e-14,-0.010642496744791667,0.010420735677083333,-0.010642496744791667,0.010420735677083333,0,idle,466.82801293639426,583.1594506708794,483.0371523562057,564.167307619008,0.04,0.045
1791329436.414003,485.13933353193755,560.0,-338.49453445492446,-158.4945344549245,-1.1723579145709433e-14,2.975371585424408e-14,-0.010642496744791667,0.010420735677083333,-0.010642496744791667,0.010420735677083333,0,idle,472.28770006195566,557.4402010213151,482.4996797414932,563.8309522891234,0.04,0.045
1791329436.431606,485.13933353193755,560.0,-338.49453445492446,-158.4945344549245,-1.1489845227679927e-14,2.916051368482858e-14,-0.010642496744791667,0.010420735677083333,-0.010642496744791667,0.010420735677083333,0,idle,487.8898482500643,558.0314303402233,482.76918816692177,563.5409761916784,0.04,0.045
1791329436.448155,485.13933353193755,560.0,-338.49453445492446,-158.4945344549245,-1.1260608042256554e-14,2.8578723943526766e-14,-0.010642496744791667,0.010420735677083333,-0.010642496744791667,0.010420735677083333,0,idle,485.67498258666205,551.9141035175545,482.9144778879088,562.9596325579722,0.04,0.045
1791329436.465698,485.13933353193755,560.0,-338.49453445492446,-158.4945344549245,-1.1035820345671296e-14,2.800822672858916e-14,-0.010642496744791667,0.010420735677083333,-0.010642496744791667,0.010420735677083333,0,idle,480.7794887027462,571.8346220089938,482.80772842865065,563.4033820305233,0.04,0.045
1791329436.482348,485.13933353193755,560.0,-338.49453445492446,-158.4945344549245,-1.081542566457684e-14,2.7448878714167212e-14,-0.010642496744791667,0.010420735677083333,-0.010642496744791667,0.010420735677083333,0,idle,495.46377119875257,558.6623106484096,483.44053056715575,563.1663284614176,0.04,0.045
1791329436.4991648,485.13933353193755,560.0,-338.49453445492446,-158.4945344549245,-1.0599360885982918e-14,2.6900519723410838e-14,-0.010642496744791667,0.010420735677083333,-0.010642496744791667,0.010420735677083333,0,idle,483.50283623049353,565.0863121723709,483.44364585032264,563.2623276469652,0.04,0.045
1791329436.516791,485.13933353193755,560.0,-338.49453445492446,-158.4945344549245,-1.0387558232427344e-14,2.6362977741329898e-14,-0.010642496744791667,0.010420735677083333,-0.010642496744791667,0.010420735677083333,0,idle,468.58386998676497,563.4555423538411,482.7006570571448,563.271988382309,0.04,0.045
1791329436.533142,485.13933353193755,560.0,-338.49453445492446,-158.4945344549245,-1.0179946764771142e-14,2.5836072728794884e-14,-0.010642496744791667,0.010420735677083333,-0.010642496744791667,0.010420735677083333,0,idle,498.42781418443707,585.0660360909242,483.48701491350937,564.3616907677398,0.04,0.045
1791329436.550828,485.13933353193755,560.0,-338.49453445492446,-158.4945344549245,-9.976453522590532e-15,2.531961951678099e-14,-0.010642496744791667,0.010420735677083333,-0.010642496744791667,0.010420735677083333,0,idle,472.65589697762,554.9467163086873,482.9454590167149,563.8909420447872,0.04,0.045
1791329436.568028,485.13933353193755,560.0,-338.49453445492446,-158.4945344549245,-9.777004386942557e-15,2.4813429996013666e-14,-0.010642496744791667,0.010420735677083333,-0.010642496744791667,0.010420735677083333,0,idle,472.1020943458134,551.4148765957069,482.40329078316984,563.2671387723332,0.04,0.045
1791329436.5851011,485.13933353193755,560.0,-338.49453445492446,-158.4945344549245,-9.581524730745764e-15,2.4317314767594425e-14,-0.010642496744791667,0.010420735677083333,-0.010642496744791667,0.010420735677083333,0,idle,483.23423356601467,554.7194387535826,482.4448379223121,562.8397537713956,0.04,0.045
1791329436.6029289,485.13933353193755,560.0,-338.49453445492446,-158.4945344549245,-9.389939906904702e-15,2.3831084381830487e-14,-0.010642496744791667,0.010420735677083333,-0.010642496744791667,0.010420735677083333,0,idle,492.17329980288974,559.9612654632546,482.931261016341,562.6958293559886,0.04,0.045
1791329436.6188831,485.13933353193755,560.0,-338.49453445492446,-158.4945344549245,-9.202175612639253e-15,2.3354550262880012e-14,-0.010642496744791667,0.010420735677083333,-0.010642496744791667,0.010420735677083333,0,idle,486.6448679622649,541.1566766050233,483.1169413636372,561.6188717184403,0.04,0.045
1791329436.6359491,485.13933353193755,560.0,-338.49453445492446,-158.4945344549245,-9.018158159488357e-15,2.2887525394004772e-14,-0.010642496744791667,0.010420735677083333,-0.010642496744791667,0.010420735677083333,0,idle,508.343565669731,557.682883505584,484.37827257894185,561.4220723077975,0.04,0.045
1791329436.6525812,485.13933353193755,560.0,-338.49453445492446,-158.4945344549245,-8.837814671540132e-15,2.2429824820665905e-14,-0.010642496744791667,0.010420735677083333,-0.010642496744791667,0.010420735677083333,0,idle,490.8347657976536,542.1666151807424,484.7010972398774,560.4592994514447,0.04,0.045
1791329436.669589,485.13933353193755,560.0,-338.49453445492446,-158.4945344549245,-8.661073229126663e-15,2.1981266015212353e-14,-0.010642496744791667,0.010420735677083333,-0.010642496744791667,0.010420735677083333,0,idle,492.44647502436095,566.6066654369577,485.0883661291016,560.7666677507203,0.04,0.045
1791329436.686825,485.13933353193755,560.0,-338.49453445492446,-158.4945344549245,-8.487862971145644e-15,2.1541669136566835e-14,-0.010642496744791667,0.010420735677083333,-0.010642496744791667,0.010420735677083333,0,idle,471.8156300991161,558.3940147114303,484.42472932760234,560.6480350987558,0.04,0.045
1791329436.703916,485.13933353193755,560.0,-338.49453445492446,-158.4945344549245,-8.318114166048443e-15,2.111085721038915e-14,-0.010642496744791667,0.010420735677083333,-0.010642496744791667,0.010420735677083333,0,idle,480.6552656255061,535.1862405723132,484.2362561424975,559.3749453724337,0.04,0.045
1791329436.720748,485.13933353193755,560.0,-338.49453445492446,-158.4945344549245,-8.151758259144888e-15,2.06886562491328e-14,-0.010642496744791667,0.010420735677083333,-0.010642496744791667,0.010420735677083333,0,idle,493.0358968287545,559.6443889847783,484.67623817681033,559.3884175530509,0.04,0.045
1791329436.737686,485.13933353193755,560.0,-338.49453445492446,-158.4945344549245,-7.988727902048889e-15,2.0274895326776117e-14,-0.010642496744791667,0.010420735677083333,-0.010642496744791667,0.010420735677083333,0,idle,485.01796261574657,560.2722664390269,484.6933243987571,559.4326099973497,0.04,0.045
1791329436.754499,485.13933353193755,560.0,-338.49453445492446,-158.4945344549245,-7.828956968694683e-15,1.9869406619470533e-14,-0.010642496744791667,0.010420735677083333,-0.010642496744791667,0.010420735677083333,0,idle,486.2070408140393,566.4927457099228,484.76901021952125,559.7856167829783,0.04,0.045
1791329436.7714748,485.13933353193755,560.0,-338.49453445492446,-158.4945344549245,-7.672380561289972e-15,1.9472025420649254e-14,-0.010642496744791667,0.010420735677083333,-0.010642496744791667,0.010420735677083333,0,idle,473.49209168624355,550.4909291517538,484.2051642928574,559.3208824014171,0.04,0.045
1791329436.788429,485.13933353193755,560.0,-338.49453445492446,-158.4945344549245,-7.51893500876165e-15,1.9082590137082625e-14,-0.010642496744791667,0.010420735677083333,-0.010642496744791667,0.010420735677083333,0,idle,503.4380978245259,560.7393712510903,485.1668109694408,559.3918068439008,0.04,0.045
1791329436.805192,485.13933353193755,560.0,-338.49453445492446,-158.4945344549245,-7.36855785963265e-15,1.8700942270799997e-14,-0.010642496744791667,0.010420735677083333,-0.010642496744791667,0.010420735677083333,0,idle,483.7267076078508,560.0666050944765,485.0948058013613,559.4255467564295,0.04,0.045
1791329436.821456,485.13933353193755,560.0,-338.49453445492446,-158.4945344549245,-7.221187870798882e-15,1.8326926390606292e-14,-0.010642496744791667,0.010420735677083333,-0.010642496744791667,0.010420735677083333,0,idle,499.92450037799387,568.045643069152,485.8362905301929,559.8565515720657,0.04,0.045
1791329436.83803,485.13933353193755,560.0,-338.49453445492446,-158.4945344549245,-7.076764993318183e-15,1.7960390096015264e-14,-0.010642496744791667,0.010420735677083333,-0.010642496744791667,0.010420735677083333,0,idle,494.4230585728789,558.7692839317325,486.2656289323272,559.802188190049,0.04,0.045
1791329436.8546402,485.13933353193755,560.0,-338.49453445492446,-158.4945344549245,-6.935230356052048e-15,1.760118397573319e-14,-0.010642496744791667,0.010420735677083333,-0.010642496744791667,0.010420735677083333,0,idle,466.6355427661443,554.5550420288463,485.2841246240181,559.5398308819889,0.04,0.045
1791329436.8712142,485.13933353193755,560.0,-338.49453445492446,-158.4945344549245,-6.796526247794914e-15,1.7249161562304145e-14,-0.010642496744791667,0.010420735677083333,-0.010642496744791667,0.010420735677083333,0,idle,493.73249766313864,551.2627805577309,485.7065432759741,559.1259783657761,0.04,0.045
1791329436.888715,485.13933353193755,560.0,-338.49453445492446,-158.4945344549245,-6.66059609836962e-15,1.6904179284131414e-14,-0.010642496744791667,0.010420735677083333,-0.010642496744791667,0.010420735677083333,0,idle,480.9699167021393,574.2032733104949,485.4697119472824,559.879843113012,0.04,0.045
1791329436.905251,485.13933353193755,560.0,-338.49453445492446,-158.4945344549245,-6.527384459049163e-15,1.6566096415789153e-14,-0.010642496744791667,0.010420735677083333,-0.010642496744791667,0.010420735677083333,0,idle,484.6165864353772,566.9764548576738,485.4270556716871,560.2346737002451,0.04,0.045
1791329436.921907,485.13933353193755,560.0,-338.49453445492446,-158.4945344549245,-6.3968369825751455e-15,1.623477502731044e-14,-0.010642496744791667,0.010420735677083333,-0.010642496744791667,0.010420735677083333,0,idle,494.217092529305,538.1842912907562,485.866557514568,559.1321545797707,0.04,0.045
1791329436.939771,485.13933353193755,560.0,-338.49453445492446,-158.4945344549245,-6.268900402975342e-15,1.5910079932965503e-14,-0.010642496744791667,0.010420735677083333,-0.010642496744791667,0.010420735677083333,0,idle,486.42084573840515,559.9739902274513,485.8942719257599,559.1742463621547,0.04,0.045
1791329436.956369,485.13933353193755,560.0,-338.49453445492446,-158.4945344549245,-6.143522515331375e-15,1.5591878639913357e-14,-0.010642496744791667,0.010420735677083333,-0.010642496744791667,0.010420735677083333,0,idle,496.8310190822863,572.9334665789987,486.44110928358623,559.8622073729969,0.04,0.045
1791329436.973275,485.13933353193755,560.0,-338.49453445492446,-158.4945344549245,-6.020652155608615e-15,1.5280041297011323e-14,-0.010642496744791667,0.010420735677083333,-0.010642496744791667,0.010420735677083333,0,idle,495.3927581607564,566.7300920700354,486.8886917274447,560.2056016078488,0.04,0.045
1791329436.9908962,485.13933353193755,560.0,-338.49453445492446,-158.4945344549245,-5.900239180631018e-15,1.4974440643992416e-14,-0.010642496744791667,0.010420735677083333,-0.010642496744791667,0.010420735677083333,0,idle,478.34589692673694,557.9263609451658,486.46155198740934,560.0916395747147,0.04,0.045
1791329437.007701,485.13933353193755,560.0,-338.49453445492446,-158.4945344549245,-5.782234448261425e-15,1.467495196116419e-14,-0.010642496744791667,0.010420735677083333,-0.010642496744791667,0.010420735677083333,0,idle,486.09665819914113,575.2509307247365,486.44330729799594,560.8496041322157,0.04,0.045
1791329437.0243552,485.13933353193755,560.0,-338.49453445492446,-158.4945344549245,-5.666589797831132e-15,1.438145301974018e-14,-0.010642496744791667,0.010420735677083333,-0.010642496744791667,0.010420735677083333,0,idle,489.3548019693439,549.6946707873537,486.58888203156334,560.2918574649726,0.04,0.045
1791329437.041257,485.13933353193755,560.0,-338.49453445492446,-158.4945344549245,-5.5532580308498866e-15,1.4093824032883084e-14,-0.010642496744791667,0.010420735677083333,-0.010642496744791667,0.010420735677083333,0,idle,498.9900115136039,573.320579681489,487.2089385056654,560.9432935757984,0.04,0.045
1791329437.0578492,485.13933353193755,560.0,-338.49453445492446,-158.4945344549245,-5.442192892018014e-15,1.3811947607514717e-14,-0.010642496744791667,0.010420735677083333,-0.010642496744791667,0.010420735677083333,0,idle,490.8131013917764,558.1314751155596,487.38914664997094,560.8027026527865,0.04,0.045
1791329437.074016,485.13933353193755,560.0,-338.49453445492446,-158.4945344549245,-5.333349050555217e-15,1.3535708696929663e-14,-0.010642496744791667,0.010420735677083333,-0.010642496744791667,0.010420735677083333,0,idle,492.1396248709111,557.3046471716148,487.62667056101793,560.6277998787278,0.04,0.045
1791329437.091308,485.13933353193755,560.0,-338.49453445492446,-158.4945344549245,-5.226682081855261e-15,1.3264994554235999e-14,-0.010642496744791667,0.010420735677083333,-0.010642496744791667,0.010420735677083333,0,idle,470.3725006877668,556.347165446985,486.76396206735535,560.4137681571407,0.04,0.045
1791329437.1083589,485.13933353193755,560.0,-338.49453445492446,-158.4945344549245,-5.122148449471729e-15,1.2999694686636273e-14,-0.010642496744791667,0.010420735677083333,-0.010642496744791667,0.010420735677083333,0,idle,492.161758203588,569.2211764016267,487.033851874167,560.854138569365,0.04,0.045
1791329437.125602,485.13933353193755,560.0,-338.49453445492446,-158.4945344549245,-5.019705487437077e-15,1.2739700810554354e-14,-0.010642496744791667,0.010420735677083333,-0.010642496744791667,0.010420735677083333,0,idle,497.5548617958717,553.846265490948,487.55990237025225,560.5037449154441,0.04,0.045
1791329437.142688,485.13933353193755,560.0,-338.49453445492446,-158.4945344549245,-4.919311382914974e-15,1.2484906807608151e-14,-0.010642496744791667,0.010420735677083333,-0.010642496744791667,0.010420735677083333,0,idle,487.44341147984477,558.4211044544959,487.5540778257319,560.3996128923967,0.04,0.045
1791329437.1598651,485.13933353193755,560.0,-338.49453445492446,-158.4945344549245,-4.820925159184276e-15,1.2235208681423998e-14,-0.010642496744791667,0.010420735677083333,-0.010642496744791667,0.010420735677083333,0,idle,492.1094408575057,538.7057511478071,487.7818459773206,559.3149198051672,0.04,0.045
1791329437.176557,485.13933353193755,560.0,-338.49453445492446,-158.4945344549245,-4.724506658951799e-15,1.1990504515285502e-14,-0.010642496744791667,0.010420735677083333,-0.010642496744791667,0.010420735677083333,0,idle,492.1340906729846,560.8915702082024,487.9994582121038,559.3937523253189,0.04,0.045
1791329437.193526,485.13933353193755,560.0,-338.49453445492446,-158.4945344549245,-4.630016527990149e-15,1.175069443060738e-14,-0.010642496744791667,0.010420735677083333,-0.010642496744791667,0.010420735677083333,0,idle,464.8591388653499,556.509563638264,486.84244224476606,559.2495428909662,0.04,0.045
1791329437.210218,485.13933353193755,560.0,-338.49453445492446,-158.4945344549245,-4.537416199096261e-15,1.1515680546223219e-14,-0.010642496744791667,0.010420735677083333,-0.010642496744791667,0.010420735677083333,0,idle,487.8076709433784,539.4013949961756,486.8907036796967,558.2571354962266,0.04,0.045
1791329437.227238,485.13933353193755,560.0,-338.49453445492446,-158.4945344549245,-4.4466678763658485e-15,1.1285366938475016e-14,-0.010642496744791667,0.010420735677083333,-0.010642496744791667,0.010420735677083333,0,idle,491.6224881057151,574.6760137069757,487.1272929009976,559.0780794067641,0.04,0.045
1791329437.244156,485.13933353193755,560.0,-338.49453445492446,-158.4945344549245,-4.357734519778667e-15,1.1059659602091522e-14,-0.010642496744791667,0.010420735677083333,-0.010642496744791667,0.010420735677083333,0,idle,479.5844199160976,564.9937840594711,486.7501492517526,559.3738646393995,0.04,0.045
1791329437.260781,485.13933353193755,560.0,-338.49453445492446,-158.4945344549245,-4.2705798300892794e-15,1.0838466411841947e-14,-0.010642496744791667,0.010420735677083333,-0.010642496744791667,0.010420735677083333,0,idle,499.81681796351654,545.8588463106063,487.4034826873408,558.6981137229598,0.04,0.045
1791329437.277341,485.13933353193755,560.0,-338.49453445492446,-158.4945344549245,-4.185168234017917e-15,1.0621697084951289e-14,-0.010642496744791667,0.010420735677083333,-0.010642496744791667,0.010420735677083333,0,idle,485.55612318518905,557.8480751097433,487.3111147122332,558.6556117922989,0.04,0.045
1791329437.293834,485.13933353193755,560.0,-338.49453445492446,-158.4945344549245,-4.1014648697359415e-15,1.0409263144263334e-14,-0.010642496744791667,0.010420735677083333,-0.010642496744791667,0.010420735677083333,0,idle,499.2051470875525,572.689613890692,487.90581633099913,559.3573118972186,0.04,0.045
1791329437.311297,485.13933353193755,560.0,-338.49453445492446,-158.4945344549245,-4.019435572640419e-15,1.020107788213741e-14,-0.010642496744791667,0.010420735677083333,-0.010642496744791667,0.010420735677083333,0,idle,489.3126366206993,555.7840719160199,487.9761573454841,559.1786498981586,0.04,0.045
1791329437.327431,485.13933353193755,560.0,-338.49453445492446,-158.4945344549245,-3.939046861412304e-15,9.997056325064918e-15,-0.010642496744791667,0.010420735677083333,-0.010642496744791667,0.010420735677083333,0,idle,493.1416609027887,538.7107484275715,488.23443252334937,558.1552548246292,0.04,0.045
1791329437.344071,485.13933353193755,560.0,-338.49453445492446,-158.4945344549245,-3.860265924352791e-15,9.797115198991853e-15,-0.010642496744791667,0.010420735677083333,-0.010642496744791667,0.010420735677083333,0,idle,472.89771163809496,547.1283906592275,487.46759647908664,557.6039116163591,0.04,0.045
1791329437.3609228,485.13933353193755,560.0,-338.49453445492446,-158.4945344549245,-3.7830606059924386e-15,9.601172895333583e-15,-0.010642496744791667,0.010420735677083333,-0.010642496744791667,0.010420735677083333,0,idle,492.81169273623715,569.5821516732713,487.73480129194417,558.2028236192048,0.04,0.045
1791329437.377989,485.13933353193755,560.0,-338.49453445492446,-158.4945344549245,-3.707399393967729e-15,9.40914943766837e-15,-0.010642496744791667,0.010420735677083333,-0.010642496744791667,0.010420735677083333,0,idle,463.71318879779005,553.2200773587339,486.5337206672365,557.9536863061812,0.04,0.045
1791329437.3951318,485.13933353193755,560.0,-338.49453445492446,-158.4945344549245,-3.6332514061598095e-15,9.220966449096299e-15,-0.010642496744791667,0.010420735677083333,-0.010642496744791667,0.010420735677083333,0,idle,482.87100726514046,578.3195420627086,486.3505849971317,558.9719790940076,0.04,0.045
1791329437.411645,485.13933353193755,560.0,-338.49453445492446,-158.4945344549245,-3.560586378090248e-15,9.036547120250494e-15,-0.010642496744791667,0.010420735677083333,-0.010642496744791667,0.010420735677083333,0,idle,505.34745410645945,565.0806784545056,487.3004284525981,559.2774140620324,0.04,0.045
1791329437.428202,485.13933353193755,560.0,-338.49453445492446,-158.4945344549245,-3.489374650568711e-15,8.855816177947681e-15,-0.010642496744791667,0.010420735677083333,-0.010642496744791667,0.010420735677083333,0,idle,500.4664537424932,562.2195303044037,487.95872971709287,559.424519874151,0.04,0.045
1791329437.445162,485.13933353193755,560.0,-338.49453445492446,-158.4945344549245,-3.4195871575875676e-15,8.678699854465452e-15,-0.010642496744791667,0.010420735677083333,-0.010642496744791667,0.010420735677083333,0,idle,469.0231507839764,565.8425151109475,487.01195077043707,559.7454196359909,0.04,0.045
1791329437.462137,485.13933353193755,560.0,-338.49453445492446,-158.4945344549245,-3.351195414458512e-15,8.505125857433743e-15,-0.010642496744791667,0.010420735677083333,-0.010642496744791667,0.010420735677083333,0,idle,504.15316383427734,585.7139121032789,487.8690114236291,561.0438442593553,0.04,0.045
1791329437.479188,485.13933353193755,560.0,-338.49453445492446,-158.4945344549245,-3.284171506186379e-15,8.335023340328307e-15,-0.010642496744791667,0.010420735677083333,-0.010642496744791667,0.010420735677083333,0,idle,491.1355060176613,546.4373483188152,488.03233615333073,560.3135194623283,0.04,0.045
1791329437.4961479,485.13933353193755,560.0,-338.49453445492446,-158.4945344549245,-3.218488076075441e-15,8.1683228735542e-15,-0.010642496744791667,0.010420735677083333,-0.010642496744791667,0.010420735677083333,0,idle,481.7277979497562,571.484626165927,487.717109243152,560.8720747975082,0.04,0.045
1791329437.5125172,485.13933353193755,560.0,-338.49453445492446,-158.4945344549245,-3.1541183145635323e-15,8.004956416107482e-15,-0.010642496744791667,0.010420735677083333,-0.010642496744791667,0.010420735677083333,0,idle,478.2449918284811,561.0665298802617,487.24350337241844,560.8817975516458,0.04,0.045
1791329437.5297668,485.13933353193755,560.0,-338.49453445492446,-158.4945344549245,-3.091035948279468e-15,7.844857287803621e-15,-0.010642496744791667,0.010420735677083333,-0.010642496744791667,0.010420735677083333,0,idle,494.93987622681595,563.6233114149402,487.62832201513834,561.0188732448105,0.04,0.045
1791329437.547018,485.13933353193755,560.0,-338.49453445492446,-158.4945344549245,-3.0292152293192876e-15,7.687960142061276e-15,-0.010642496744791667,0.010420735677083333,-0.010642496744791667,0.010420735677083333,0,idle,482.4587219133174,538.7546927370639,487.3698420100473,559.9056642194232,0.04,0.045
1791329437.563205,485.13933353193755,560.0,-338.49453445492446,-158.4945344549245,-2.9686309247369615e-15,7.534200939230354e-15,-0.010642496744791667,0.010420735677083333,-0.010642496744791667,0.010420735677083333,0,idle,505.7003992604204,558.19045795301,488.28636987256596,559.8199039061026,0.04,0.045
1791329437.580287,485.13933353193755,560.0,-338.49453445492446,-158.4945344549245,-2.9092583062452696e-15,7.38351692045348e-15,-0.010642496744791667,0.010420735677083333,-0.010642496744791667,0.010420735677083333,0,idle,498.6446916461149,543.4326945228039,488.8042859612434,559.0005434369376,0.04,0.045
1791329437.597375,485.13933353193755,560.0,-338.49453445492446,-158.4945344549245,-2.851073140122651e-15,7.235846582050214e-15,-0.010642496744791667,0.010420735677083333,-0.010642496744791667,0.010420735677083333,0,idle,482.558324560475,564.2568198614738,488.491987891205,559.2633572581644,0.04,0.045
1791329437.614516,485.13933353193755,560.0,-338.49453445492446,-158.4945344549245,-2.7940516773219145e-15,7.091129650413566e-15,-0.010642496744791667,0.010420735677083333,-0.010642496744791667,0.010420735677083333,0,idle,485.1859581258815,566.5436225482447,488.32668640293883,559.6273705226685,0.04,0.045
1791329437.6316211,485.13933353193755,560.0,-338.49453445492446,-158.4945344549245,-2.7381706437767642e-15,6.949307057408563e-15,-0.010642496744791667,0.010420735677083333,-0.010642496744791667,0.010420735677083333,0,idle,493.83761317803396,560.8239016612159,488.60223274169357,559.6871970795959,0.04,0.045
1791329437.648614,485.13933353193755,560.0,-338.49453445492446,-158.4945344549245,-2.6834072309021954e-15,6.810320916262846e-15,-0.010642496744791667,0.010420735677083333,-0.010642496744791667,0.010420735677083333,0,idle,474.0725064048754,553.908905070947,487.87574642485265,559.3982824791634,0.04,0.045
1791329437.6640341,485.13933353193755,560.0,-338.49453445492446,-158.4945344549245,-2.629739086284877e-15,6.6741144979394305e-15,-0.010642496744791667,0.010420735677083333,-0.010642496744791667,0.010420735677083333,0,idle,492.4346579254036,585.3796531735592,488.1036919998802,560.6973510138832,0.04,0.045
1791329437.680942,485.13933353193755,560.0,-338.49453445492446,-158.4945344549245,-2.577144304559724e-15,6.540632207982024e-15,-0.010642496744791667,0.010420735677083333,-0.010642496744791667,0.010420735677083333,0,idle,484.24681483182053,554.6448316943394,487.91084814147723,560.394725047906,0.04,0.045
1791329437.69852,485.13933353193755,560.0,-338.49453445492446,-158.4945344549245,-2.525601418468938e-15,6.40981956382342e-15,-0.010642496744791667,0.010420735677083333,-0.010642496744791667,0.010420735677083333,0,idle,476.2829984951157,553.2253257329228,487.3294556591592,560.0362550821569,0.04,0.045
1791329437.715019,485.13933353193755,560.0,-338.49453445492446,-158.4945344549245,-2.4750893900998657e-15,6.2816231725477296e-15,-0.010642496744791667,0.010420735677083333,-0.010642496744791667,0.010420735677083333,0,idle,477.4247523971436,555.990566121685,486.8342204960584,559.8339706341333,0.04,0.045
1791329437.732506,485.13933353193755,560.0,-338.49453445492446,-158.4945344549245,-2.4255876022980986e-15,6.1559907090973585e-15,-0.010642496744791667,0.010420735677083333,-0.010642496744791667,0.010420735677083333,0,idle,494.45471469506214,559.262424959561,487.21524520600855,559.8053933504046,0.04,0.045
1791329437.7490351,485.13933353193755,560.0,-338.49453445492446,-158.4945344549245,-2.377075850252309e-15,6.0328708949158494e-15,-0.010642496744791667,0.010420735677083333,-0.010642496744791667,0.010420735677083333,0,idle,519.639434119892,565.4994981367698,488.8364546517027,560.0900985897229,0.04,0.045
1791329437.766332,485.13933353193755,560.0,-338.49453445492446,-158.4945344549245,-2.3295343332473927e-15,5.912213477017861e-15,-0.010642496744791667,0.010420735677083333,-0.010642496744791667,0.010420735677083333,0,idle,500.89572465752246,551.8028776455516,489.43941815199366,559.6757375425143,0.04,0.045
1791329437.782999,485.13933353193755,560.0,-338.49453445492446,-158.4945344549245,-2.282943646582542e-15,5.793969207477751e-15,-0.010642496744791667,0.010420735677083333,-0.010642496744791667,0.010420735677083333,0,idle,480.81750180518475,563.267729717449,489.0083223346532,559.855337151261,0.04,0.045
1791329437.800822,485.13933353193755,560.0,-338.49453445492446,-158.4945344549245,-2.237284773650964e-15,5.678089823328382e-15,-0.010642496744791667,0.010420735677083333,-0.010642496744791667,0.010420735677083333,0,idle,484.04706046237885,560.9541098774885,488.7602592410395,559.9102757875723,0.04,0.045
1791329437.817502,485.13933353193755,560.0,-338.49453445492446,-158.4945344549245,-2.1925390781779996e-15,5.5645280268619524e-15,-0.010642496744791667,0.010420735677083333,-0.010642496744791667,0.010420735677083333,0,idle,471.2820461201142,551.3760829084652,487.88634858499324,559.4835661436169,0.04,0.045
1791329437.83424,485.13933353193755,560.0,-338.49453445492446,-158.4945344549245,-2.1486882966144805e-15,5.453237466324818e-15,-0.010642496744791667,0.010420735677083333,-0.010642496744791667,0.010420735677083333,0,idle,491.37081276350085,550.8659999081591,488.0605717939186,559.0526878318441,0.04,0.045
1791329437.852027,485.13933353193755,560.0,-338.49453445492446,-158.4945344549245,-2.1057145306822215e-15,5.344172716998399e-15,-0.010642496744791667,0.010420735677083333,-0.010642496744791667,0.010420735677083333,0,idle,469.0690013794025,560.4158230004971,487.1109932731928,559.1208445902768,0.04,0.045
1791329437.869334,485.13933353193755,560.0,-338.49453445492446,-158.4945344549245,-2.0636002400686e-15,5.237289262658489e-15,-0.010642496744791667,0.010420735677083333,-0.010642496744791667,0.010420735677083333,0,idle,486.6615937144163,582.4439168604442,487.08852329525394,560.2869982037852,0.04,0.045
1791329437.886527,485.13933353193755,560.0,-338.49453445492446,-158.4945344549245,-2.0223282352672454e-15,5.132543477405364e-15,-0.010642496744791667,0.010420735677083333,-0.010642496744791667,0.010420735677083333,0,idle,482.0372052013,559.6054518322072,486.83595739055625,560.2529208852063,0.04,0.045
1791329437.903296,485.13933353193755,560.0,-338.49453445492446,-158.4945344549245,-1.9818816705619134e-15,5.0298926078572894e-15,-0.010642496744791667,0.010420735677083333,-0.010642496744791667,0.010420735677083333,0,idle,474.27718888774433,552.8182184641785,486.20801896541565,559.8811857641549,0.04,0.045
1791329437.919862,485.13933353193755,560.0,-338.49453445492446,-158.4945344549245,-1.9422440371506847e-15,4.9292947557001685e-15,-0.010642496744791667,0.010420735677083333,-0.010642496744791667,0.010420735677083333,0,idle,496.28252903258164,546.642802151838,486.71174446877393,559.219266583539,0.04,0.045
1791329437.936936,485.13933353193755,560.0,-338.49453445492446,-158.4945344549245,-1.9033991564076784e-15,4.830708860586184e-15,-0.010642496744791667,0.010420735677083333,-0.010642496744791667,0.010420735677083333,0,idle,490.5788541610302,552.1985881563495,486.90509995338675,558.8682326621796,0.04,0.045
1791329437.9538848,485.13933353193755,560.0,-338.49453445492446,-158.4945344549245,-1.8653311732795303e-15,4.7340946833744735e-15,-0.010642496744791667,0.010420735677083333,-0.010642496744791667,0.010420735677083333,0,idle,473.99194624655314,565.9248138123359,486.25944226804506,559.2210617196874,0.04,0.045
1791329437.9706292,485.13933353193755,560.0,-338.49453445492446,-158.4945344549245,-1.8280245498139436e-15,4.639412789706995e-15,-0.010642496744791667,0.010420735677083333,-0.010642496744791667,0.010420735677083333,0,idle,488.06328937640467,551.5730923484973,486.34963462346303,558.838663251128,0.04,0.045
1791329437.9875689,485.13933353193755,560.0,-338.49453445492446,-158.4945344549245,-1.791464058817668e-15,4.5466245339128626e-15,-0.010642496744791667,0.010420735677083333,-0.010642496744791667,0.010420735677083333,0,idle,485.7091151091032,565.3851726018609,486.31760864774503,559.1659887186646,0.04,0.045
1791329438.004545,485.13933353193755,560.0,-338.49453445492446,-158.4945344549245,-1.755634777641317e-15,4.455692043234611e-15,-0.010642496744791667,0.010420735677083333,-0.010642496744791667,0.010420735677083333,0,idle,481.6760241592189,570.8761816761289,486.08552942331875,559.7514983665378,0.04,0.045
1791329438.021516,485.13933353193755,560.0,-338.49453445492446,-158.4945344549245,-1.7205220820884923e-15,4.366578202369923e-15,-0.010642496744791667,0.010420735677083333,-0.010642496744791667,0.010420735677083333,0,idle,465.6643270961471,562.5482150889342,485.0644693069602,559.8913342026576,0.04,0.045
1791329438.038072,485.13933353193755,560.0,-338.49453445492446,-158.4945344549245,-1.6861116404467238e-15,4.279246638322528e-15,-0.010642496744791667,0.010420735677083333,-0.010642496744791667,0.010420735677083333,0,idle,473.6701958461809,563.2678909721816,484.4947556339212,560.0601620411338,0.04,0.045
1791329438.05502,485.13933353193755,560.0,-338.49453445492446,-158.4945344549245,-1.6523894076377905e-15,4.19366170555608e-15,-0.010642496744791667,0.010420735677083333,-0.010642496744791667,0.010420735677083333,0,idle,493.1478689696976,546.620534271572,484.92741130071005,559.3881806526557,0.04,0.045
1791329438.071888,485.13933353193755,560.0,-338.49453445492446,-158.4945344549245,-1.6193416194850353e-15,4.10978847144496e-15,-0.010642496744791667,0.010420735677083333,-0.010642496744791667,0.010420735677083333,0,idle,486.1928656561493,578.3781151578954,484.990684018482,560.3376773779177,0.04,0.045
1791329438.088522,485.13933353193755,560.0,-338.49453445492446,-158.4945344549245,-1.586954787095335e-15,4.0275927020160626e-15,-0.010642496744791667,0.010420735677083333,-0.010642496744791667,0.010420735677083333,0,idle,491.68354713981176,556.3648266121609,485.3253271745485,560.1390348396299,0.04,0.045
1791329438.10544,485.13933353193755,560.0,-338.49453445492446,-158.4945344549245,-1.5552156913534288e-15,3.947040847975742e-15,-0.010642496744791667,0.010420735677083333,-0.010642496744791667,0.010420735677083333,0,idle,457.2989248736086,555.9043906088547,483.9240070595015,559.9273026280911,0.04,0.045
1791329438.1220381,485.13933353193755,560.0,-338.49453445492446,-158.4945344549245,-1.5241113775263606e-15,3.868100031016228e-15,-0.010642496744791667,0.010420735677083333,-0.010642496744791667,0.010420735677083333,0,idle,491.3739175095082,545.4595714163636,484.29650258200184,559.2039160675047,0.04,0.045
1791329438.1393018,485.13933353193755,560.0,-338.49453445492446,-158.4945344549245,-1.4936291499758336e-15,3.790738030395904e-15,-0.010642496744791667,0.010420735677083333,-0.010642496744791667,0.010420735677083333,0,idle,475.81147818287315,561.2345272887823,483.8722513620454,559.3054466285686,0.04,0.045
1791329438.1567822,485.13933353193755,560.0,-338.49453445492446,-158.4945344549245,-1.463756566976317e-15,3.714923269787987e-15,-0.010642496744791667,0.010420735677083333,-0.010642496744791667,0.010420735677083333,0,idle,481.3950547793222,553.944569239764,483.74839153290924,559.0374027591283,0.04,0.045
1791329438.174371,485.13933353193755,560.0,-338.49453445492446,-158.4945344549245,-1.4344814356367907e-15,3.640624804392227e-15,-0.010642496744791667,0.010420735677083333,-0.010642496744791667,0.010420735677083333,0,idle,469.87326106587915,545.8773348146896,483.0546350095577,558.3793993619064,0.04,0.045
1791329438.1909592,485.13933353193755,560.0,-338.49453445492446,-158.4945344549245,-1.405791806924055e-15,3.567812308304383e-15,-0.010642496744791667,0.010420735677083333,-0.010642496744791667,0.010420735677083333,0,idle,479.8901908445406,570.8127686352788,482.8964128013069,559.001067825575,0.04,0.045
1791329438.208888,485.13933353193755,560.0,-338.49453445492446,-158.4945344549245,-1.377675970785574e-15,3.4964560621382958e-15,-0.010642496744791667,0.010420735677083333,-0.010642496744791667,0.010420735677083333,0,idle,483.891029067333,578.3021124137568,482.9461436146082,559.9661200549841,0.04,0.045
1791329438.225573,485.13933353193755,560.0,-338.49453445492446,-158.4945344549245,-1.3501224513698626e-15,3.4265269408955297e-15,-0.010642496744791667,0.010420735677083333,-0.010642496744791667,0.010420735677083333,0,idle,464.95162831527597,553.931662246748,482.0464178496416,559.6643971645723,0.04,0.045
1791329438.24239,485.13933353193755,560.0,-338.49453445492446,-158.4945344549245,-1.3231200023424654e-15,3.357996402077619e-15,-0.010642496744791667,0.010420735677083333,-0.010642496744791667,0.010420735677083333,0,idle,495.34847671949484,561.6300244341028,482.7115207931343,559.7626785280488,0.04,0.045
1791329438.259066,485.13933353193755,560.0,-338.49453445492446,-158.4945344549245,-1.296657602295616e-15,3.2908364740360667e-15,-0.010642496744791667,0.010420735677083333,-0.010642496744791667,0.010420735677083333,0,idle,489.0930809757073,547.0716196595159,483.03059880226294,559.1281255846221,0.04,0.045
1791329438.276855,485.13933353193755,560.0,-338.49453445492446,-158.4945344549245,-1.2707244502497037e-15,3.2250197445553453e-15,-0.010642496744791667,0.010420735677083333,-0.010642496744791667,0.010420735677083333,0,idle,493.17565379962946,567.9719995143728,483.53785155213126,559.5703192811096,0.04,0.045
1791329438.293813,485.13933353193755,560.0,-338.49453445492446,-158.4945344549245,-1.2453099612447096e-15,3.1605193496642384e-15,-0.010642496744791667,0.010420735677083333,-0.010642496744791667,0.010420735677083333,0,idle,482.4085522860793,561.6475196349106,483.4813865888287,559.6741792987997,0.04,0.045
1791329438.310868,485.13933353193755,560.0,-338.49453445492446,-158.4945344549245,-1.2204037620198154e-15,3.0973089626709537e-15,-0.010642496744791667,0.010420735677083333,-0.010642496744791667,0.010420735677083333,0,idle,494.3869660674359,561.3969940389331,484.02666556275904,559.7603200358063,0.04,0.045
1791329438.327599,485.13933353193755,560.0,-338.49453445492446,-158.4945344549245,-1.195995686779419e-15,3.0353627834175343e-15,-0.010642496744791667,0.010420735677083333,-0.010642496744791667,0.010420735677083333,0,idle,486.1620648861742,549.0165258905145,484.1334355289298,559.2231303285417,0.04,0.045
1791329438.3438468,485.13933353193755,560.0,-338.49453445492446,-158.4945344549245,-1.1720757730438307e-15,2.9746555277491835e-15,-0.010642496744791667,0.010420735677083333,-0.010642496744791667,0.010420735677083333,0,idle,474.9418401157319,571.533357197905,483.6738557582699,559.8386416720099,0.04,0.045
1791329438.3609972,485.13933353193755,560.0,-338.49453445492446,-158.4945344549245,-1.1486342575829542e-15,2.9151624171942e-15,-0.010642496744791667,0.010420735677083333,-0.010642496744791667,0.010420735677083333,0,idle,467.15536574198535,559.1589345721218,482.8479312574557,559.8046563170154,0.04,0.045
1791329438.378149,485.13933353193755,560.0,-338.49453445492446,-158.4945344549245,-1.125661572431295e-15,2.856859168850316e-15,-0.010642496744791667,0.010420735677083333,-0.010642496744791667,0.010420735677083333,0,idle,486.2860843766978,567.8734025612055,483.0198389134178,560.2080936292249,0.04,0.045
1791329438.3951502,485.13933353193755,560.0,-338.49453445492446,-158.4945344549245,-1.1031483409826691e-15,2.7997219854733095e-15,-0.010642496744791667,0.010420735677083333,-0.010642496744791667,0.010420735677083333,0,idle,485.056865300216,555.7428684301528,483.1216902327577,559.9848323692713,0.04,0.045
1791329438.412779,485.13933353193755,560.0,-338.49453445492446,-158.4945344549245,-1.0810853741630158e-15,2.7437275457638435e-15,-0.010642496744791667,0.010420735677083333,-0.010642496744791667,0.010420735677083333,0,idle,479.2644934681912,570.8767798180431,482.92883039452937,560.5294297417099,0.04,0.045
1791329438.429496,485.13933353193755,560.0,-338.49453445492446,-158.4945344549245,-1.0594636666797554e-15,2.688852994848567e-15,-0.010642496744791667,0.010420735677083333,-0.010642496744791667,0.010420735677083333,0,idle,500.60522665073717,562.2736368153045,483.81265020733974,560.6166400953897,0.04,0.045
1791329438.446559,485.13933353193755,560.0,-338.49453445492446,-158.4945344549245,-1.0382743933461604e-15,2.6350759349515956e-15,-0.010642496744791667,0.010420735677083333,-0.010642496744791667,0.010420735677083333,0,idle,472.2399345211375,555.0135501152436,483.23401442302963,560.3364855963824,0.04,0.045
1791329438.4634829,485.13933353193755,560.0,-338.49453445492446,-158.4945344549245,-1.0175089054792372e-15,2.5823744162525638e-15,-0.010642496744791667,0.010420735677083333,-0.010642496744791667,0.010420735677083333,0,idle,488.93615036550693,571.3050022197725,483.5191212201535,560.884911427552,0.04,0.045
1791329438.4805892,485.13933353193755,560.0,-338.49453445492446,-158.4945344549245,-9.971587273696524e-16,2.5307269279275123e-15,-0.010642496744791667,0.010420735677083333,-0.010642496744791667,0.010420735677083333,0,idle,502.8061459965831,551.966616857315,484.48347245897503,560.4389966990401,0.04,0.045
1791329438.4977422,485.13933353193755,560.0,-338.49453445492446,-158.4945344549245,-9.772155528222593e-16,2.480112389368962e-15,-0.010642496744791667,0.010420735677083333,-0.010642496744791667,0.010420735677083333,0,idle,484.17869165100365,546.8740873860015,484.46823341857646,559.7607512333882,0.04,0.045
1791329438.5147898,485.13933353193755,560.0,-338.49453445492446,-158.4945344549245,-9.57671241765814e-16,2.4305101415815826e-15,-0.010642496744791667,0.010420735677083333,-0.010642496744791667,0.010420735677083333,0,idle,496.3431534814439,549.9118411497298,485.06197942171985,559.2683057292053,0.04,0.045
1791329438.5316129,485.13933353193755,560.0,-338.49453445492446,-158.4945344549245,-9.385178169304978e-16,2.381899938749951e-15,-0.010642496744791667,0.010420735677083333,-0.010642496744791667,0.010420735677083333,0,idle,481.1533425194807,565.0841289744995,484.8665475766079,559.55909689147,0.04,0.045
1791329438.548057,485.13933353193755,560.0,-338.49453445492446,-158.4945344549245,-9.19747460591888e-16,2.334261939974952e-15,-0.010642496744791667,0.010420735677083333,-0.010642496744791667,0.010420735677083333,0,idle,492.52633444203127,582.2485826264781,485.24953691987906,560.6935711782204,0.04,0.045
1791329438.565585,485.13933353193755,560.0,-338.49453445492446,-158.4945344549245,-9.013525113800501e-16,2.287576701175453e-15,-0.010642496744791667,0.010420735677083333,-0.010642496744791667,0.010420735677083333,0,idle,470.7984232667831,562.8865828700567,484.5269812372243,560.8032217628122,0.04,0.045
1791329438.582175,485.13933353193755,560.0,-338.49453445492446,-158.4945344549245,-8.833254611524492e-16,2.241825167151944e-15,-0.010642496744791667,0.010420735677083333,-0.010642496744791667,0.010420735677083333,0,idle,493.7567148799823,576.8327534756412,484.98846791936217,561.6046983484537,0.04,0.045
1791329438.59968,485.13933353193755,560.0,-338.49453445492446,-158.4945344549245,-8.656589519294003e-16,2.1969886638089053e-15,-0.010642496744791667,0.010420735677083333,-0.010642496744791667,0.010420735677083333,0,idle,513.2675700670001,547.6949993464834,486.40242302674403,560.9092133983552,0.04,0.045
1791329438.616244,485.13933353193755,560.0,-338.49453445492446,-158.4945344549245,-8.483457728908123e-16,2.153048890532727e-15,-0.010642496744791667,0.010420735677083333,-0.010642496744791667,0.010420735677083333,0,idle,479.2601229742803,566.1683776326588,486.04530802412086,561.1721716100703,0.04,0.045
1791329438.6329112,485.13933353193755,560.0,-338.49453445492446,-158.4945344549245,-8.31378857432996e-16,2.1099879127220728e-15,-0.010642496744791667,0.010420735677083333,-0.010642496744791667,0.010420735677083333,0,idle,495.25476024934585,561.2749627620983,486.5057806353821,561.1773111676717,0.04,0.045
1791329438.650432,485.13933353193755,560.0,-338.49453445492446,-158.4945344549245,-8.147512802843362e-16,2.0677881544676313e-15,-0.010642496744791667,0.010420735677083333,-0.010642496744791667,0.010420735677083333,0,idle,479.23517500284515,546.5514944298972,486.1422503537553,560.446020330783,0.04,0.045
1791329438.6669052,485.13933353193755,560.0,-338.49453445492446,-158.4945344549245,-7.984562546786495e-16,2.0264323913782785e-15,-0.010642496744791667,0.010420735677083333,-0.010642496744791667,0.010420735677083333,0,idle,489.5502237313468,538.9977920054487,486.31264902263484,559.3736089145162,0.04,0.045
1791329438.684374,485.13933353193755,560.0,-338.49453445492446,-158.4945344549245,-7.824871295850765e-16,1.985903743550713e-15,-0.010642496744791667,0.010420735677083333,-0.010642496744791667,0.010420735677083333,0,idle,487.34221629050444,561.383253453925,486.3641273860283,559.4740911414867,0.04,0.045
1791329438.700792,485.13933353193755,560.0,-338.49453445492446,-158.4945344549245,-7.66837386993375e-16,1.9461856686796987e-15,-0.010642496744791667,0.010420735677083333,-0.010642496744791667,0.010420735677083333,0,idle,475.66273984787443,562.0058159508453,485.8290580091206,559.6006773819547,0.04,0.045
1791329438.718336,485.13933353193755,560.0,-338.49453445492446,-158.49453445492446,-7.515006392535076e-16,1.9072619553061047e-15,-0.010642496744791667,0.010420735677083333,-0.010642496744791667,0.010420735677083333,0,idle,484.03707235669197,558.1238872885622,485.7394587264992,559.5268378772851,0.04,0.045
1791329438.735778,485.13933353193755,560.0,-338.49453445492446,-158.49453445492446,-7.364706264684375e-16,1.8691167161999826e-15,-0.010642496744791667,0.010420735677083333,-0.010642496744791667,0.010420735677083333,0,idle,481.3799211285542,565.3857313071024,485.52148184660194,559.819782548776,0.04,0.045
1791329438.7522209,485.13933353193755,560.0,-338.49453445492446,-158.4945344549245,-7.217412139390687e-16,1.8317343818759833e-15,-0.010642496744791667,0.010420735677083333,-0.010642496744791667,0.010420735677083333,0,idle,497.1485587445221,539.6886538919748,486.10283569149794,558.8132261159359,0.04,0.045
1791329438.769679,485.13933353193755,560.0,-338.49453445492446,-158.4945344549245,-7.073063896602874e-16,1.7950996942384636e-15,-0.010642496744791667,0.010420735677083333,-0.010642496744791667,0.010420735677083333,0,idle,492.2599894245665,561.5057344072184,486.4106933781514,558.9478515305,0.04,0.045
1791329438.78623,485.13933353193755,560.0,-338.49453445492446,-158.4945344549245,-6.931602618670817e-16,1.7591977003536944e-15,-0.010642496744791667,0.010420735677083333,-0.010642496744791667,0.010420735677083333,0,idle,502.8544476207649,544.4650069620021,487.2328810902821,558.2237093020751,0.04,0.045
1791329438.802519,485.13933353193755,560.0,-338.49453445492446,-158.4945344549245,-6.7929705662974e-16,1.7240137463466206e-15,-0.010642496744791667,0.010420735677083333,-0.010642496744791667,0.010420735677083333,0,idle,471.4731414265832,563.2965236843083,486.4448941070971,558.4773500211868,0.04,0.045
1791329438.819369,485.13933353193755,560.0,-338.49453445492446,-158.4945344549245,-6.657111154971452e-16,1.6895334714196882e-15,-0.010642496744791667,0.010420735677083333,-0.010642496744791667,0.010420735677083333,0,idle,500.12041381438684,572.9595218758328,487.1286700924616,559.201458613919,0.04,0.045
1791329438.8365812,485.13933353193755,560.0,-338.49453445492446,-158.4945344549245,-6.523968931872023e-16,1.6557428019912944e-15,-0.010642496744791667,0.010420735677083333,-0.010642496744791667,0.010420735677083333,0,idle,479.1123428205691,552.1453202932711,486.727853728867,558.8486516978867,0.04,0.045
1791329438.8531709,485.13933353193755,560.0,-338.49453445492446,-158.4945344549245,-6.393489553234582e-16,1.6226279459514685e-15,-0.010642496744791667,0.010420735677083333,-0.010642496744791667,0.010420735677083333,0,idle,491.32794757994975,571.9539234211762,486.9578584214211,559.5039152840511,0.04,0.045
1791329438.870357,485.13933353193755,560.0,-338.49453445492446,-158.4945344549245,-6.26561976216989e-16,1.5901753870324392e-15,-0.010642496744791667,0.010420735677083333,-0.010642496744791667,0.010420735677083333,0,idle,467.9231413838422,551.1861108426843,486.0061225695422,559.0880250619828,0.04,0.045
1791329438.887329,485.13933353193755,560.0,-338.49453445492446,-158.4945344549245,-6.140307366926493e-16,1.5583718792917904e-15,-0.010642496744791667,0.010420735677083333,-0.010642496744791667,0.010420735677083333,0,idle,483.7430541333331,568.0938356772117,485.8929691477317,559.5383155927442,0.04,0.045
1791329438.903678,485.13933353193755,560.0,-338.49453445492446,-158.4945344549245,-6.017501219587963e-16,1.5272044417059547e-15,-0.010642496744791667,0.010420735677083333,-0.010642496744791667,0.010420735677083333,0,idle,492.2864888875907,549.0048273384226,486.21264513472465,559.0116411800282,0.04,0.045
1791329438.9203358,485.13933353193755,560.0,-338.49453445492446,-158.4945344549245,-5.897151195196204e-16,1.4966603528718356e-15,-0.010642496744791667,0.010420735677083333,-0.010642496744791667,0.010420735677083333,0,idle,484.9158633136677,548.6445336636154,486.14780604367184,558.4932858042075,0.04,0.045
1791329438.9371,485.13933353193755,560.0,-338.49453445492446,-158.4945344549245,-5.779208171292281e-16,1.4667271458143989e-15,-0.010642496744791667,0.010420735677083333,-0.010642496744791667,0.010420735677083333,0,idle,494.63107301198096,562.5119905259462,486.5719693920873,558.6942210402945,0.04,0.045
1791329438.954096,485.13933353193755,560.0,-338.49453445492446,-158.4945344549245,-5.663624007866435e-16,1.4373926028981109e-15,-0.010642496744791667,0.010420735677083333,-0.010642496744791667,0.010420735677083333,0,idle,482.422510392844,559.6824453468009,486.36449644212513,558.7436322556198,0.04,0.045
1791329438.971086,485.13933353193755,560.0,-338.49453445492446,-158.4945344549245,-5.550351527709105e-16,1.4086447508401486e-15,-0.010642496744791667,0.010420735677083333,-0.010642496744791667,0.010420735677083333,0,idle,490.0769538263497,550.876641553455,486.55011931133635,558.3502827205116,0.04,0.045
1791329438.987892,485.13933353193755,560.0,-338.49453445492446,-158.4945344549245,-5.439344497154923e-16,1.3804718558233456e-15,-0.010642496744791667,0.010420735677083333,-0.010642496744791667,0.010420735677083333,0,idle,516.8596846553005,562.7323858498548,488.06559757853455,558.5693878769788,0.04,0.045
1791329439.005674,485.13933353193755,560.0,-338.49453445492446,-158.4945344549245,-5.330557607211825e-16,1.3528624187068787e-15,-0.010642496744791667,0.010420735677083333,-0.010642496744791667,0.010420735677083333,0,idle,477.7432021194731,540.9774271352579,487.5494778055815,557.6897898398928,0.04,0.045
1791329439.022495,485.13933353193755,560.0,-338.49453445492446,-158.4945344549245,-5.223946455067588e-16,1.3258051703327412e-15,-0.010642496744791667,0.010420735677083333,-0.010642496744791667,0.010420735677083333,0,idle,469.06696700314075,551.6979271594221,486.62535226545947,557.3901967058692,0.04,0.045
1791329439.038975,485.13933353193755,560.0,-338.49453445492446,-158.4945344549245,-5.119467525966236e-16,1.2992890669260864e-15,-0.010642496744791667,0.010420735677083333,-0.010642496744791667,0.010420735677083333,0,idle,478.1447304166195,541.1911025926008,486.20132117301745,556.5802420002058,0.04,0.045
1791329439.0563788,485.13933353193755,560.0,-338.49453445492446,-158.4945344549245,-5.017078175446912e-16,1.2733032855875647e-15,-0.010642496744791667,0.010420735677083333,-0.010642496744791667,0.010420735677083333,0,idle,490.4680681653634,560.8692476418612,486.41465852263474,556.7946922822886,0.04,0.045
1791329439.072823,485.13933353193755,560.0,-338.49453445492446,-158.4945344549245,-4.916736611937973e-16,1.2478372198758135e-15,-0.010642496744791667,0.010420735677083333,-0.010642496744791667,0.010420735677083333,0,idle,483.45167680122063,578.6761639159514,486.26650943656404,557.8887658639717,0.04,0.045
1791329439.09026,485.13933353193755,560.0,-338.49453445492446,-158.4945344549245,-4.818401879699214e-16,1.2228804754782972e-15,-0.010642496744791667,0.010420735677083333,-0.010642496744791667,0.010420735677083333,0,idle,502.8972197316157,564.6250291458722,487.09804495131664,558.2255790280667,0.04,0.045
1791329439.107734,485.13933353193755,560.0,-338.49453445492446,-158.4945344549245,-4.722033842105229e-16,1.1984228659687312e-15,-0.010642496744791667,0.010420735677083333,-0.010642496744791667,0.010420735677083333,0,idle,477.2811160936854,579.5758600603432,486.6071985084351,559.2930930796805,0.04,0.045
1791329439.124307,485.13933353193755,560.0,-338.49453445492446,-158.4945344549245,-4.627593165263125e-16,1.1744544086493565e-15,-0.010642496744791667,0.010420735677083333,-0.010642496744791667,0.010420735677083333,0,idle,478.42707228881176,546.8951746485301,486.1981921974539,558.673197158123,0.04,0.045
1791329439.1408908,485.13933353193755,560.0,-338.49453445492446,-158.4945344549245,-4.535041301957862e-16,1.1509653204763693e-15,-0.010642496744791667,0.010420735677083333,-0.010642496744791667,0.010420735677083333,0,idle,490.0011947835962,579.376204507108,486.38834232676106,559.7083475255722,0.04,0.045
1791329439.158646,485.13933353193755,560.0,-338.49453445492446,-158.4945344549245,-4.444340475918705e-16,1.1279460140668419e-15,-0.010642496744791667,0.010420735677083333,-0.010642496744791667,0.010420735677083333,0,idle,472.9053827358657,562.9870427315855,485.7141943472163,559.8722822858729,0.04,0.045
1791329439.1742778,485.13933353193755,560.0,-338.49453445492446,-158.4945344549245,-4.3554536664003314e-16,1.1053870937855052e-15,-0.010642496744791667,0.010420735677083333,-0.010642496744791667,0.010420735677083333,0,idle,492.02895116084795,560.878205778646,486.0299321878979,559.9225784605115,0.04,0.045
1791329439.191969,485.13933353193755,560.0,-338.49453445492446,-158.4945344549245,-4.2683445930723247e-16,1.083279351909795e-15,-0.010642496744791667,0.010420735677083333,-0.010642496744791667,0.010420735677083333,0,idle,476.10019241341826,553.4206437125101,485.5334451991739,559.5974817231115,0.04,0.045
1791329439.208799,485.13933353193755,560.0,-338.49453445492446,-158.4945344549245,-4.182977701210878e-16,1.0616137648715991e-15,-0.010642496744791667,0.010420735677083333,-0.010642496744791667,0.010420735677083333,0,idle,472.24798867475823,563.771176716156,484.86917237295313,559.8061664727637,0.04,0.045
