timestamp,x,y,heading,direction_of_travel,velocity_x,velocity_y,steering_input_raw,throttle_input_raw,steering_input_applied,throttle_input_applied,safety_active,safety_phase,sensor_x,sensor_y,estimated_x,estimated_y,steering_deadzone,throttle_deadzone
1791330744.7998788,400.0,299.9993385,0.0,0.0,0.0,-0.0006615,0.0,-1.0,0.0,-1.0,0,idle,415.9726636298835,293.01191017871054,402.1058891262603,299.70886506353827,0.12,0.12
1791330744.8048441,400.0,299.99593012125,0.0,0.0,0.0,-0.0034083787499999997,0.0,-1.0,0.0,-1.0,0,idle,423.3050421832885,316.0516900235419,403.1658467791117,300.5227683517259,0.12,0.12
1791330744.8215392,400.0,299.98614218275316,0.0,0.0,0.0,-0.009787938496874999,0.0,-1.0,0.0,-1.0,0,idle,398.9683314137513,327.1623048537405,402.95597101084365,301.84544663525463,0.12,0.12
1791330744.838271,400.0,299.96499695359864,0.0,0.0,0.0,-0.021145229154492184,0.0,-1.0,0.0,-1.0,0,idle,375.4256077873762,314.06009943383924,401.5794528496703,302.43609130748706,0.12,0.12
1791330744.8553421,400.0,299.926511606844,0.0,0.0,0.0,-0.0384853467546856,0.0,-1.0,0.0,-1.0,0,idle,405.69416997527713,283.6629999827714,401.78518870595065,301.46087566183434,0.12,0.12
1791330744.872086,400.0,299.86406818424587,0.0,0.0,0.0,-0.0624434225981078,0.0,-1.0,0.0,-1.0,0,idle,388.1582535460517,303.6645953427973,401.1038419479557,301.5117403944143,0.12,0.12
1791330744.8887439,400.0,299.77075629752255,0.0,0.0,0.0,-0.09331188672330307,0.0,-1.0,0.0,-1.0,0,idle,389.9432932325749,326.616351918243,400.54581451218667,302.6783246782186,0.12,0.12
1791330744.906424,400.0,299.6396621100378,0.0,0.0,0.0,-0.1310941874847485,0.0,-1.0,0.0,-1.0,0,idle,400.8591807770364,298.5517514374322,400.56148282542915,302.34745653806874,0.12,0.12
1791330744.924012,400.0,299.464095274424,0.0,0.0,0.0,-0.17556683561381814,0.0,-1.0,0.0,-1.0,0,idle,410.08013635648956,298.130737167873,401.0374155019822,301.96983207572583,0.12,0.12
1791330744.94115,400.0,299.23775556137474,0.0,0.0,0.0,-0.22633971304926548,0.0,-1.0,0.0,-1.0,0,idle,405.36709483574174,278.2585432121894,401.25389946867017,300.56924490515223,0.12,0.12
1791330744.958231,400.0,298.95484595412506,0.0,0.0,0.0,-0.2829096072496553,0.0,-1.0,0.0,-1.0,0,idle,387.75419459982453,284.2349000551039,400.5789142252279,299.4837635357626,0.12,0.12
1791330744.975893,400.0,298.6170449238023,0.0,0.0,0.0,-0.33780103032273934,0.0,0.0,0.0,0.0,0,idle,403.99110684989193,303.03252441199436,400.7495238564611,299.34029060076756,0.12,0.12
1791330744.9919832,400.0,298.22994737373745,0.0,0.0,0.0,-0.38709755006489555,0.0,0.0,0.0,0.0,0,idle,406.72874785448124,302.2588967892142,401.0484850563621,299.11847823762827,0.12,0.12
1791330745.0083342,400.0,297.8008647317568,0.0,0.0,0.0,-0.42908264198063173,0.0,0.0,0.0,0.0,0,idle,377.81890304878874,292.49582488567717,399.88700595598345,298.3797170601491,0.12,0.12
1791330745.025402,400.0,297.33751414222183,0.0,0.0,0.0,-0.46335058953494823,0.0,0.0,0.0,0.0,0,idle,376.41448880948616,291.84344766322465,398.7133800986586,297.6127205302447,0.12,0.12
1791330745.042811,400.0,296.84728036927817,0.0,0.0,0.0,-0.490233772943642,0.0,0.0,0.0,0.0,0,idle,414.4353679522334,318.63787082895703,399.49947949133735,298.19825596088384,0.12,0.12
1791330745.059381,400.0,296.33683923657577,0.0,0.0,0.0,-0.5104411327024146,0.0,0.0,0.0,0.0,0,idle,402.18084422123366,262.97975173934765,399.6335477278322,295.95241167373973,0.12,0.12
1791330745.076828,400.0,295.8120030916931,0.0,0.0,0.0,-0.5248361448826784,0.0,0.0,0.0,0.0,0,idle,397.9664729848098,296.0462388192503,399.55019399068107,295.4585086933767,0.12,0.12
1791330745.09299,400.0,295.2776972944981,0.0,0.0,0.0,-0.5343057971949876,0.0,0.0,0.0,0.0,0,idle,405.27485893163526,295.680463841345,399.8364272377288,294.9620159434399,0.12,0.12
1791330745.109528,400.0,294.7380093287512,0.0,0.0,0.0,-0.5396879657469154,0.0,0.0,0.0,0.0,0,idle,398.69622349309003,287.87231719629216,399.7794170504969,294.09482743862293,0.12,0.12
1791330745.1272268,400.0,294.19627385296604,0.0,0.0,0.0,-0.5417354757851843,0.0,0.0,0.0,0.0,0,idle,390.05480628446935,315.48251204918597,399.2931865121955,294.6495629671552,0.12,0.12
1791330745.1440709,400.0,293.65517131923514,0.0,0.0,0.0,-0.5411025337309019,0.0,0.0,0.0,0.0,0,idle,400.9153146879916,279.8246292630457,399.37429292098534,293.3942688749054,0.12,0.12
1791330745.1605692,400.0,293.1168270964227,0.0,0.0,0.0,-0.5383442228124575,0.0,0.0,0.0,0.0,0,idle,400.4551599677012,314.0980078976668,399.4283362733211,293.9180288143716,0.12,0.12
1791330745.1777248,400.0,292.5829039840187,0.0,0.0,0.0,-0.5339231124040164,0.0,0.0,0.0,0.0,0,idle,377.4450806417543,289.3137263498162,398.3291734917428,293.18058673436,0.12,0.12
1791330745.1946309,400.0,292.0546847205577,0.0,0.0,0.0,-0.5282192634609567,0.0,0.0,0.0,0.0,0,idle,390.8130940164336,288.06148895477895,397.9533695179773,292.422823545093,0.12,0.12
1791330745.211124,400.0,291.5331433405865,0.0,0.0,0.0,-0.5215413799712245,0.0,0.0,0.0,0.0,0,idle,422.916383176429,281.47663606599167,399.2015202008999,291.3800498601653,0.12,0.12
1791330745.227571,400.0,291.01900553292904,0.0,0.0,0.0,-0.5141378076574366,0.0,0.0,0.0,0.0,0,idle,402.3574371240424,294.32842271443684,399.359316047057,291.03903758560426,0.12,0.12
1791330745.2451708,399.99998075492465,290.5127988477039,-0.009142878481747769,-0.0021782833513670163,-1.9245075373414998e-05,-0.5062066852251277,-1.0,0.0,-1.0,0.0,0,idle,404.0877833465439,283.216698203171,399.5957211292098,290.1670242655187,0.12,0.12
1791330745.262166,399.99988412296597,290.01489393544193,-0.0398275728649382,-0.011119800571758617,-9.663195866462731e-05,-0.4979049122619624,-1.0,0.0,-1.0,0.0,0,idle,404.7077096951477,310.31817985578795,399.8512287571459,290.70157237838333,0.12,0.12
1791330745.278951,399.99961333239895,289.5255381088348,-0.0980158119282586,-0.031705262700780855,-0.00027079056698793216,-0.48935582660716875,-1.0,0.0,-1.0,0.0,0,idle,409.6212329662308,300.2815245023864,400.3394717165615,290.7156819493067,0.12,0.12
1791330745.295477,399.99904212367403,289.0448824471065,-0.18560042386970116,-0.06808997866568373,-0.0005712087249309648,-0.48065566172827423,-1.0,0.0,-1.0,0.0,0,idle,408.4366142707857,283.2369952188309,400.743786195984,289.8851247341411,0.12,0.12
1791330745.312906,399.9980266081991,288.5730035233129,-0.3019966311530964,-0.12330421636572544,-0.0010155154749205211,-0.4718789237936281,-1.0,0.0,-1.0,0.0,0,idle,401.7894289465293,303.17476032329023,400.7951035938101,290.1013215359946,0.12,0.12
1791330745.329387,399.99641666653844,288.10992069092134,-0.4451928268671964,-0.1991922056606954,-0.0016099416606601524,-0.4630828323915095,-1.0,0.0,-1.0,0.0,0,idle,393.3163202710979,283.66810755220587,400.41963498309684,289.3397321460332,0.12,0.12
1791330745.346829,399.994065458288,287.6556097337528,-0.6124334736721544,-0.2965218088397669,-0.002351208250435761,-0.45431095716857706,-1.0,0.0,-1.0,0.0,0,idle,397.4521393539842,264.8883276412875,400.2690265538033,287.6855665114858,0.12,0.12
1791330745.363316,399.99083659447655,287.210013564197,-0.8006552370677034,-0.41516746289272966,-0.0032288638114520204,-0.4455961695557702,-1.0,0.0,-1.0,0.0,0,idle,380.6466890102554,280.6684715340486,399.28484225600505,286.91139540153597,0.12,0.12
1791330745.3804858,399.9866090347717,286.7730505475542,-1.0067589391891818,-0.5543118350408703,-0.004227559704893644,-0.436963016642849,-1.0,0.0,-1.0,0.0,0,idle,385.00210865244634,270.5665964740266,398.56668939410747,285.6790405893498,0.12,0.12
1791330745.397899,399.9812800092087,286.3446209347205,-1.2277728255232088,-0.7126373141017208,-0.00532902556295492,-0.42842961283364456,-1.0,0.0,-1.0,0.0,0,idle,409.5376815438877,268.5422426690726,399.11017642731167,284.41519256114395,0.12,0.12
1791330745.414485,399.9747663469806,285.9246118009716,-1.4609442615827422,-0.888493628626159,-0.006513662228162185,-0.420009133748901,-1.0,0.0,-1.0,0.0,0,idle,355.31196902536095,297.6938828009742,396.9140780780974,284.680118396074,0.12,0.12
1791330745.431964,399.96700459505877,285.51290081508773,-1.7037847195535636,-1.080036645030046,-0.007761751921784878,-0.4117109858838706,-1.0,0.0,-1.0,0.0,0,idle,370.83085968149163,297.65017440826966,395.6025434939414,284.9374957600941,0.12,0.12
1791330745.448938,399.9580815563424,285.1093547118782,-1.8747039440477995,-1.266693342977412,-0.008923038716354841,-0.4035461032095312,0.0,0.0,0.0,0.0,0,idle,409.7523790135865,285.5179942471351,396.3015583831431,284.5831518863971,0.12,0.12
1791330745.465578,399.9481540049479,284.71383294819685,-1.9953493939666906,-1.4378156726376394,-0.009927551394454545,-0.39552176368138636,0.0,0.0,0.0,0.0,0,idle,407.0893454210564,267.3392126773771,396.831516561214,283.3452092504488,0.12,0.12
1791330745.4830651,399.93740228437986,284.32619064618063,-2.0806352219989894,-1.5887593054968407,-0.010751720568041008,-0.3876423020161929,0.0,0.0,0.0,0.0,0,idle,393.7438513053142,268.6949390834552,396.66691916387936,282.2444355551837,0.12,0.12
1791330745.4995,399.9260046233635,283.94628080217257,-2.1409714206770762,-1.7184131042091881,-0.011397661016353304,-0.37990984400804506,0.0,0.0,0.0,0.0,0,idle,392.94461032450783,277.05473413027727,396.46997594394526,281.62403613213075,0.12,0.12
1791330745.5169752,399.9141240331886,283.57395587601485,-2.1836739187020187,-1.8276423007883758,-0.01188059017488326,-0.3723249261577283,0.0,0.0,0.0,0.0,0,idle,425.93111945348943,289.80005271173997,397.93174655875634,281.6791282812614,0.12,0.12
1791330745.533491,399.9019026957023,283.2090689007991,-2.213902605981107,-1.918318379880524,-0.012221337486330574,-0.36488697521578967,0.0,0.0,0.0,0.0,0,idle,402.68442711726266,269.64229190954467,398.1577703160697,280.73064383622057,0.12,0.12
1791330745.551158,399.8894606573447,282.8514742387041,-2.235303527045057,-1.9927278037366438,-0.012442038357549742,-0.3575946620949941,0.0,0.0,0.0,0.0,0,idle,403.449160449443,295.47076357432013,398.41051988629863,281.1279348941353,0.12,0.12
1791330745.567931,399.87689685608814,282.50102808327097,-2.2504555341074726,-2.0532244617873494,-0.012563801256585629,-0.3504461554331493,0.0,0.0,0.0,0.0,0,idle,403.99570907815536,286.8272333866118,398.6778437346977,281.07997597109767,0.12,0.12
1791330745.5854552,399.86429128086405,282.1575887836474,-2.261183579256999,-2.102037214929921,-0.01260557522407333,-0.3434392996235642,0.0,0.0,0.0,0.0,0,idle,402.21685563253584,279.69208852468915,398.8428190331267,280.68431426413485,0.12,0.12
1791330745.6031082,399.8517075539065,281.82101704568083,-2.268779450859018,-2.1411743647571195,-0.012583726957503392,-0.3365717379665748,0.0,0.0,0.0,0.0,0,idle,396.23832818317254,278.05590750978945,398.70063995001937,280.2331507753494,0.12,0.12
1791330745.621633,399.8391687071031,281.4905021026456,-2.2742044870020868,-2.1726056669830798,-0.012538846803424365,-0.33051494303518747,0.0,-1.0,0.0,-1.0,0,idle,393.9139811924933,270.5053629519568,398.44939510767983,279.43277218829627,0.12,0.12
1791330745.636798,399.82662944951045,281.16380905346693,-2.2781602442925974,-2.198069547933357,-0.0125392575926658,-0.3266930491786966,0.0,-1.0,0.0,-1.0,0,idle,411.02959874666305,275.5886956226085,399.06649299491596,278.9302099632921,0.12,0.12
1791330745.6535711,399.8139733928833,280.83716040459393,-2.281120622161233,-2.2188247296351142,-0.012656056627138946,-0.32664864887299916,0.0,-1.0,0.0,-1.0,0,idle,386.35816809356527,291.46035065725704,398.41905349605264,279.24640078156096,0.12,0.12
1791330745.671419,399.8010229531493,280.5054404339234,-2.2833932492985576,-2.2357077513643286,-0.012950439734027456,-0.3317199706705001,0.0,-1.0,0.0,-1.0,0,idle,374.6241348858948,287.5046463084952,397.2170046477974,279.3441790857707,0.12,0.12
1791330745.688551,399.7875544719702,280.16253562172693,-2.2851749616121997,-2.2492850271850173,-0.013468481179059171,-0.3429048121964831,0.0,-1.0,0.0,-1.0,0,idle,389.33725071957184,279.4045052084306,396.810221894266,279.02143582031704,0.12,0.12
1791330745.705684,399.7733142788265,279.8017042236679,-2.286592708239323,-2.2600022657709906,-0.014240193143723708,-0.3608313980590372,0.0,-1.0,0.0,-1.0,0,idle,386.18713847964864,282.4285621740636,396.2655395400486,278.8490023098483,0.12,0.12
1791330745.7228281,399.758033430607,279.4159181791019,-2.2877307725861336,-2.268279721919317,-0.015280848219485488,-0.3857860445660437,0.0,-1.0,0.0,-1.0,0,idle,388.13596383707346,288.11629662905756,395.84454394909136,278.94587028347104,0.12,0.12
1791330745.7399302,399.7414401010437,278.99815117300676,-2.28864773550467,-2.274541198004694,-0.01659332956330203,-0.41776700609510237,0.0,-1.0,0.0,-1.0,0,idle,405.2866032071701,260.75461769294225,396.30088324891017,277.63942899815424,0.12,0.12
1791330745.756535,399.72326931750484,278.5416046788559,-2.289386556654916,-2.2791983046846966,-0.01817078353883128,-0.4565464941508979,0.0,-1.0,0.0,-1.0,0,idle,394.8058358979867,276.70413680592867,396.2088686370021,277.1589452190996,0.12,0.12
1791330745.775233,399.7032216309245,278.0398757406691,-2.3074266086919284,-2.288162044352155,-0.020047686580393322,-0.501728938186797,-1.0,-1.0,-1.0,-1.0,0,idle,423.41706171976443,276.6400382726838,397.55023298888887,276.6563573805014,0.12,0.12
1791330745.790394,399.6809019610513,277.48707216621466,-2.363082796415141,-2.3120846548914264,-0.022319669873204672,-0.5528035744544655,-1.0,-1.0,-1.0,-1.0,0,idle,400.40737714379287,285.85910806419776,397.6718865102545,276.59133151895446,0.12,0.12
1791330745.8079512,399.65606773247396,276.8847826450462,-2.469497065298953,-2.3611417282158453,-0.02483422857731728,-0.6022895211684558,-1.0,0.0,-1.0,0.0,0,idle,391.44880964322044,306.3165814269968,397.33714014975436,277.50541896924653,0.12,0.12
1791330745.8241029,399.6284964037694,276.2385192502682,-2.632729321661395,-2.442910134676037,-0.027571328704513332,-0.6462633947780023,-1.0,0.0,-1.0,0.0,0,idle,366.484656038539,270.32461370542114,395.7683231819243,276.5324284810162,0.12,0.12
1791330745.841343,399.59793391901394,275.5555181058963,-2.8534154282057957,-2.562124597813856,-0.030562484755473306,-0.6830011443719496,-1.0,0.0,-1.0,0.0,0,idle,393.64896097779587,259.4918762491955,395.63332071120016,275.03154978227184,0.12,0.12
1791330745.857634,399.56408917053045,274.8434285826087,-3.1285891642509975,-2.72115089532724,-0.03384474848351597,-0.7120895232876037,-1.0,0.0,-1.0,0.0,0,idle,371.1857465424464,284.45738771515227,394.3787894917032,274.82635663179263,0.12,0.12
1791330745.8747551,399.5266499907482,274.1095748368812,-3.453182034033351,-2.9205394662245685,-0.03743917978225873,-0.7338537457274571,-1.0,0.0,-1.0,0.0,0,idle,396.51101831477376,265.2516770623798,394.44983371206354,273.6504615948809,0.12,0.12
1791330745.891763,399.4853057108361,273.3605786035309,-3.8211115416912915,-3.1594967632574598,-0.041344279912086584,-0.748996233350322,-1.0,0.0,-1.0,0.0,0,idle,403.13855755357554,255.56198494901076,394.84499283822265,272.03449134090454,0.12,0.12
1791330745.9093199,399.4397683255131,272.60220378069965,-4.226009437242518,-3.4362573132723724,-0.04553738532295805,-0.7583748228312295,-1.0,0.0,-1.0,0.0,0,idle,410.77454989539825,282.6836332209198,395.59821017502463,271.84649235321564,0.12,0.12
1791330745.92592,399.38978881303274,271.83933186345007,-4.661675648400295,-3.7483730941663143,-0.0499795124803807,-0.7628719172495674,-1.0,0.0,-1.0,0.0,0,idle,401.870793240081,287.2901233656134,395.86435879142107,271.8939455824484,0.12,0.12
1791330745.942451,399.3351677583595,271.0760098949383,-5.122338252470273,-4.092939610906712,-0.054621054673248196,-0.7633219685117587,-1.0,0.0,-1.0,0.0,0,idle,405.6124408175868,269.36202829167877,396.29987289078974,271.04219384782374,0.12,0.12
1791330745.959166,399.27576074655593,270.3155343254028,-5.602783187791781,-4.466773997662163,-0.05940701180353034,-0.760475569535507,-1.0,0.0,-1.0,0.0,0,idle,407.4731568148638,274.2704421956232,396.80210042578005,270.48115447415495,0.12,0.12
1791330745.975275,399.2114795349252,269.5605484760101,-6.098400297489882,-4.866556016011394,-0.06428121163073829,-0.7549858493926553,-1.0,0.0,-1.0,0.0,0,idle,404.7845876893898,287.4446753305621,397.1401576379114,270.6120939600523,0.12,0.12
1791330745.9918568,399.1422901240328,268.81314059906185,-6.605178175992087,-5.288939403914022,-0.06918941089244804,-0.74740787694827,-1.0,0.0,-1.0,0.0,0,idle,413.32746819784353,257.4652833518087,397.88379322556017,269.24471594653926,0.12,0.12
1791330746.0094452,399.0686977627517,268.07487506242296,-6.961978717692094,-5.692597176024081,-0.07359236128111257,-0.7382655366388868,0.0,0.0,0.0,0.0,0,idle,380.64806919919744,247.38310049637244,396.952094281025,267.450282914224,0.12,0.12
1791330746.0258749,398.99144441896124,267.34690195889254,-7.213964026761965,-6.057622265392436,-0.07725334379044971,-0.7279731035304091,0.0,0.0,0.0,0.0,0,idle,409.97854626450436,281.6700887676693,397.530026203598,267.46969875854234,0.12,0.12
1791330746.0432231,398.9113353341991,266.6300473749125,-7.392191755433846,-6.376394612998645,-0.08010908476208864,-0.7168545839800087,0.0,0.0,0.0,0.0,0,idle,417.3773768563623,271.190009976289,398.44629010571225,266.97470246464866,0.12,0.12
1791330746.059604,398.82914447201006,265.9248859248041,-7.51834029927713,-6.648174526193154,-0.08219086218906768,-0.7051614501084739,0.0,0.0,0.0,0.0,0,idle,406.4187766012146,257.6708477154847,398.7668331114078,265.8396063495874,0.12,0.12
1791330746.077077,398.74556781116763,265.2317981750346,-7.607655751160314,-6.875868308480799,-0.08357666084245179,-0.6930877497694623,0.0,0.0,0.0,0.0,0,idle,388.7982629904605,269.91918347912207,398.1890067775601,265.38515184378315,0.12,0.12
1791330746.093557,398.6612050063774,264.55101568051214,-7.670900747003489,-7.064100554928277,-0.08436280479023708,-0.6807824945224633,0.0,0.0,0.0,0.0,0,idle,396.83508340290234,256.60291497281014,398.0411659442765,264.29929663043816,0.12,0.12
1791330746.1110342,398.57655720668,263.88265608785224,-7.715686767490507,-7.2180858060916275,-0.0846477996974121,-0.6683595926598794,0.0,0.0,0.0,0.0,0,idle,406.6991466983692,278.53674154714935,398.3936495722686,264.37622726324685,0.12,0.12
1791330746.127567,398.4920334627299,263.22675038122003,-7.747401323350267,-7.342992021465456,-0.08452374395003551,-0.6559057066322395,0.0,0.0,0.0,0.0,0,idle,398.2648593559855,274.0441719960131,398.30691250470187,264.23651407858455,0.12,0.12
1791330746.145144,398.4079611274369,262.58326396548165,-7.769859173193933,-7.443605510056018,-0.08407233529297574,-0.6434864157384038,0.0,0.0,0.0,0.0,0,idle,404.9692041294127,266.0645128076691,398.56015836740903,263.7166019200873,0.12,0.12
1791330746.161951,398.3245975490639,261.9521129425866,-7.785761820848007,-7.524178162812018,-0.08336357837302183,-0.6311510228950444,0.0,0.0,0.0,0.0,0,idle,393.07531435229265,278.53841852122133,398.2067207671989,263.85809927839375,0.12,0.12
1791330746.180536,398.2420279192121,261.3323480351819,-7.797086552858812,-7.588676376199319,-0.08256962985181276,-0.6197649074047382,0.0,-1.0,0.0,-1.0,0,idle,414.61982310320445,256.0611737529045,398.9489347356399,262.8794763400848,0.12,0.12
1791330746.1973948,398.1600883156955,260.72152982583714,-7.805246032119645,-7.640459783528848,-0.08193960351662574,-0.6108182093447542,0.0,-1.0,0.0,-1.0,0,idle,395.4915290013584,272.1804469215633,398.69822182558505,262.7642475702812,0.12,0.12
1791330746.213352,398.07836662560476,260.1156785624453,-7.811211708519707,-7.682110565917498,-0.08172169009070585,-0.60585126339187,0.0,-1.0,0.0,-1.0,0,idle,408.76468746592275,263.8168558506156,399.12390950201575,262.24131928407564,0.12,0.12
1791330746.22986,397.99624193792215,259.5095105784401,-7.815639871983919,-7.715553156227093,-0.08212468768263315,-0.6061679840051736,0.0,-1.0,0.0,-1.0,0,idle,393.08375472340464,266.6131885474409,398.7438833097867,261.884053162439,0.12,0.12
1791330746.2466922,397.912938777466,258.8967896722777,-7.818972365419676,-7.742242363405307,-0.08330316045611362,-0.6127209061624147,0.0,-1.0,0.0,-1.0,0,idle,405.5073322091404,277.18604628838756,399.0029177523211,262.06706795788216,0.12,0.12
1791330746.2634308,397.82758279292096,258.27069606241173,-7.821508918648362,-7.763331714144108,-0.08535598454508521,-0.6260936098659676,0.0,-1.0,0.0,-1.0,0,idle,379.10681585403506,250.37191195569815,397.927024472089,260.8875212284003,0.12,0.12
1791330746.27999,397.73925096004035,257.624161989524,-7.823456143405918,-7.779790182630108,-0.08833183288061075,-0.6465340728877186,0.0,-1.0,0.0,-1.0,0,idle,373.02327628154694,249.14420020801757,396.5979218213253,259.68614780813783,0.12,0.12
1791330746.297214,397.64701328460893,256.9501512832256,-7.824959582008422,-7.792464544428626,-0.0922376754314041,-0.6740107062984358,0.0,-1.0,0.0,-1.0,0,idle,384.282583150254,254.29153745749917,395.8945290961119,258.7761071196224,0.12,0.12
1791330746.3140612,397.5499652721062,256.2418766991188,-7.826124260926293,-7.802101283131637,-0.09704801250274737,-0.7082745841067927,0.0,-1.0,0.0,-1.0,0,idle,403.6806235493617,249.38048473825046,396.1916382068968,257.63346514565234,0.12,0.12
1791330746.330861,397.44725167148925,255.49295786506332,-7.827027770642024,-7.809347792784496,-0.1027136006169363,-0.7489188340554617,0.0,-1.0,0.0,-1.0,0,idle,408.44231147674947,283.15037247505256,396.70659394980333,258.19783761976964,0.12,0.12
1791330746.3475342,397.33808259717506,254.69752709149142,-7.827728617851885,-7.814749265935034,-0.10916907431416975,-0.7954307735718982,0.0,-1.0,0.0,-1.0,0,idle,387.11899723567655,261.64121454841785,396.1235034934985,257.6143472313087,0.12,0.12
1791330746.363895,397.2217433458984,253.8502919507034,-7.828271635902198,-7.818750070817908,-0.11633925127666286,-0.8472351407880347,0.0,-1.0,0.0,-1.0,0,idle,406.41765457578146,244.12278406768758,396.52768875889984,256.13489568937905,0.12,0.12
1791330746.3803918,397.09759922012705,252.94656360281775,-7.828691576483693,-7.8217015888180494,-0.12414412577134522,-0.9037283478856376,0.0,-1.0,0.0,-1.0,0,idle,406.0400832579891,269.6619503347291,396.8853715643715,255.9527064911552,0.12,0.12
1791330746.3979409,396.9650965515826,251.98225908955786,-7.829015572202307,-7.823874701571627,-0.13250266854445347,-0.96430451325989,0.0,-1.0,0.0,-1.0,0,idle,408.3110947621568,270.47925714668105,397.3307801891435,255.7629447363346,0.12,0.12
1791330746.4143438,396.82376095089205,250.95388468966166,-7.829264886938614,-7.825474127366618,-0.14133560069053464,-1.028374399896197,0.0,-1.0,0.0,-1.0,0,idle,396.54285269597864,229.5539240394491,397.1571149938293,253.47553802158893,0.12,0.12
1791330746.4318469,396.67319362987985,249.85850620160312,-7.829456204232905,-7.826652341657295,-0.1505673210122112,-1.0953784880585353,0.0,-1.0,0.0,-1.0,0,idle,372.7255501634184,254.96081429590984,395.79249779734715,252.50919227164937,0.12,0.12
1791330746.449312,396.51306647211686,248.69371084060325,-7.829602604338697,-7.827521779044155,-0.1601271577629894,-1.164795360999885,0.0,-1.0,0.0,-1.0,0,idle,409.7115935721172,261.75804182595266,396.3363317862108,251.86507915641465,0.12,0.12
1791330746.466814,396.3431163752465,247.45756438267682,-7.829714322068781,-7.828164833341144,-0.1699500968703435,-1.2361464579264374,0.0,-1.0,0.0,-1.0,0,idle,372.3309065846747,234.10460473957514,394.97460793410715,249.80271630054258,0.12,0.12
1791330746.483405,396.16313925916984,246.1485662883714,-7.829799343518491,-7.828641688097045,-0.1799771160766817,-1.3089980943054322,0.0,-1.0,0.0,-1.0,0,idle,396.2324511869983,265.48052420443116,394.8665218364789,249.34305850614686,0.12,0.12
1791330746.50098,395.9729840276233,244.76560479625445,-7.829863879963535,-7.8289962606524295,-0.19015523154656744,-1.3829614921169568,0.0,-1.0,0.0,-1.0,0,idle,383.0901943486858,243.87800324562468,394.09705799212,247.75599232560964,0.12,0.12
1791330746.5177732,395.77254668531117,243.30791338025463,-7.829912745576555,-7.829260620644562,-0.20043734231209653,-1.4576914159998229,0.0,-1.0,0.0,-1.0,0,idle,402.3748806514023,254.50816791198187,394.32053364988764,246.70879425972842,0.12,0.12
1791330746.535295,395.5617647459502,241.77502949814752,-7.829949658525194,-7.829458229849834,-0.21078193936094314,-1.5328838821071051,0.0,-1.0,0.0,-1.0,0,idle,373.52417673758964,248.22315236740852,393.0804729618798,245.32827247711066,0.12,0.12
1791330746.551423,395.34061201546444,240.16675620109694,-7.829977480482862,-7.829606297933501,-0.2211527304857283,-1.6082732970505866,0.0,-1.0,0.0,-1.0,0,idle,404.10180975601367,231.19684446289057,393.421444707625,243.09384144420162,0.12,0.12
1791330746.5683131,395.1090937963353,238.48312690689283,-7.829998406482471,-7.829717487662009,-0.2315182191291309,-1.6836292942041156,0.0,-1.0,0.0,-1.0,0,idle,396.47781185466636,229.6313981138724,393.3543207568044,240.82127144819125,0.12,0.12
1791330746.5854862,394.86724253122,236.72437344474002,-7.830014114768135,-7.829801147176683,-0.2418512651153374,-1.7587534621528045,0.0,-1.0,0.0,-1.0,0,idle,389.82880620636445,226.19658121538288,392.94828632742286,238.41922114750565,0.12,0.12
1791330746.602616,394.6151138842027,234.89089734180163,-7.830025884529488,-7.8298642008551536,-0.2521286470172719,-1.8334761029383797,0.0,-1.0,0.0,-1.0,0,idle,409.64830813349073,245.95561662194413,393.5437652030598,237.0542386234361,0.12,0.12
1791330746.6195788,394.3527832445848,232.98324422825573,-7.8300346879697615,-7.8299117945519665,-0.26233063961788294,-1.9076531135459114,0.0,-1.0,0.0,-1.0,0,idle,398.04900019033505,221.8022912368079,393.5198128447866,234.47937079623608,0.12,0.12
1791330746.636736,394.0803426294359,231.00208117775554,-7.830041261972289,-7.8299477642767945,-0.27244061514894014,-1.981163050500185,0.0,-1.0,0.0,-1.0,0,idle,373.489979075708,232.02280074365143,392.2595025719412,232.47443739563167,0.12,0.12
1791330746.653761,393.7978979560015,228.94817676533296,-7.830046163640126,-7.8299749778163426,-0.2824446734343622,-2.053904412422572,0.0,-1.0,0.0,-1.0,0,idle,396.03060889040313,221.57574923010344,392.1797354481016,229.9782937955538,0.12,0.12
1791330746.672163,393.5055666525305,226.8223836081769,-7.830049813157825,-7.829995584705509,-0.2923313034710218,-2.1257931571560604,0.0,-1.0,0.0,-1.0,0,idle,431.17680251088433,255.58527514563178,393.85187406294324,229.23913936375945,0.12,0.12
1791330746.68718,393.2034755753962,224.6256231510772,-7.830052526739463,-7.830011199868386,-0.30209107713426686,-2.196760457099685,0.0,-1.0,0.0,-1.0,0,idle,388.99597073521306,213.95896142554506,393.3220923732792,226.38820803260404,0.12,0.12
1791330746.70431,392.8917592009732,222.3588724636018,-7.830054541863135,-7.830023039067741,-0.31171637442304395,-2.2667506874754064,0.0,-1.0,0.0,-1.0,0,idle,396.3262209931125,218.55442050976217,393.17616824856896,223.84310550336033,0.12,0.12
1791330746.7204962,392.57055806215334,220.02315282721122,-7.830056036531943,-7.830032019194239,-0.3212011388198558,-2.3357196363905866,0.0,-1.0,0.0,-1.0,0,idle,385.4658985628593,233.12131618341428,392.48551368240464,222.08808238279198,0.12,0.12
1791330746.737391,392.2400174013309,217.61951990523914,-7.83005714392905,-7.830038832792097,-0.3305406608224915,-2.4036329219720836,0.0,-1.0,0.0,-1.0,0,idle,396.0483593328431,211.93360795063737,392.3496423371452,219.2969073853108,0.12,0.12
1791330746.755347,391.90028601391026,215.14905530532013,-7.830057963535626,-7.830044003625696,-0.3397313874205922,-2.4704645999190147,0.0,-1.0,0.0,-1.0,0,idle,378.0533157188348,200.21029247722927,391.3120811881801,215.99563526998367,0.12,0.12
1791330746.771939,391.55151525873663,212.61285936124455,-7.830058569542513,-7.830047928236898,-0.3487707551736171,-2.5361959440755966,0.0,-1.0,0.0,-1.0,0,idle,387.8753783100485,199.98247313695836,390.8089138268586,212.7855910164606,0.12,0.12
1791330746.788526,391.19385821419,210.01204497854332,-7.8300590171983995,-7.830050907110122,-0.35765704454661673,-2.6008143827012282,0.0,-1.0,0.0,-1.0,0,idle,387.5485073198045,216.78234232192332,390.3061193091866,210.51465491816757,0.12,0.12
1791330746.806008,390.827468960952,207.34773240480368,-7.830059347589576,-7.8300531681006,-0.3663892532380372,-2.664312573739643,0.0,-1.0,0.0,-1.0,0,idle,388.6009004727828,231.5070872123767,389.8727885767903,209.03317958782537,0.12,0.12
1791330746.8224971,390.45250197459086,204.62104480144313,-7.83005959123101,-7.830054884083675,-0.3749669863611361,-2.72668760336054,0.0,-1.0,0.0,-1.0,0,idle,372.5532586777113,173.58669095443065,388.6505934447933,204.6705019329631,0.12,0.12
1791330746.84044,390.0691116130941,201.8331045082251,-7.830059770758969,-7.83005618627486,-0.3833903614967433,-2.7879402932180564,0.0,-1.0,0.0,-1.0,0,idle,382.67740237821073,214.21857999176845,387.9877130480422,202.49936255734625,0.12,0.12
1791330746.856967,389.6774516862889,198.98502990508982,-7.830059902946222,-7.83005717429812,-0.3916599268051951,-2.848074603135285,0.0,-1.0,0.0,-1.0,0,idle,406.0903987530162,213.64675776500226,388.52077040282603,200.35106144475054,0.12,0.12
1791330746.873504,389.27767509573,196.07793278788094,-7.830060000207647,-7.830057923806133,-0.39977659055891557,-2.9070971172088784,0.0,-1.0,0.0,-1.0,0,idle,408.4198740613566,222.96531019101747,389.13593782472157,198.72003162071545,0.12,0.12
1791330746.891038,388.8699335351027,193.1129161852981,-7.8300600717233015,-7.83005849225395,-0.4077415606272756,-2.9650166025828417,0.0,-1.0,0.0,-1.0,0,idle,404.3513411660326,186.21503028027723,389.50935350919116,195.27801578123984,0.12,0.12
1791330746.90701,388.45437724249524,190.09107255396458,-7.830060124274889,-7.830058923277312,-0.41555629260745697,-3.02184363133353,0.0,-1.0,0.0,-1.0,0,idle,388.4897768382841,172.45239074936086,389.06359619766874,191.26598307987905,0.12,0.12
1791330746.924374,388.0311547970489,187.01348229694517,-7.830060162867893,-7.83005925001516,-0.4232224454463281,-3.0775902570193967,0.0,-1.0,0.0,-1.0,0,idle,391.54195094190055,161.09771056772297,388.7854526117063,186.83385871010282,0.12,0.12
1791330746.940599,387.6004129535115,183.88121255847614,-7.8300601911937,-7.830059497632287,-0.4307418435373395,-3.1322697384690485,0.0,-1.0,0.0,-1.0,0,idle,397.152571867085,175.58853178327138,388.79460382311476,183.29593611221566,0.12,0.12
1791330746.9583318,387.1622965091089,180.69531625417005,-7.8300602119724285,-7.830059685235415,-0.4381164444026122,-3.1858963043060973,0.0,-1.0,0.0,-1.0,0,idle,397.2254734163297,188.3238394371329,388.799936680593,180.52072978937073,0.12,0.12
1791330746.975202,386.7169481979251,177.45683130163002,-7.83006022720699,-7.830059827328977,-0.44534831118380336,-3.238484952540048,0.0,-1.0,0.0,-1.0,0,idle,373.29415169751405,174.9224550977757,387.60156653581447,177.16425534987795,0.12,0.12
1791330746.992461,386.2645086086586,174.16678002133727,-7.830060238371143,-7.8300599349213424,-0.4524395892664653,-3.290051280292757,0.0,-1.0,0.0,-1.0,0,idle,395.8898524773834,181.61683530754527,387.5861632230898,174.2613356314832,0.12,0.12
1791330747.010129,385.80671522594804,170.837797047859,-7.83006024643965,-7.830060015533272,-0.457793382710599,-3.328982973478265,0.0,-1.0,0.0,0.5,1,braking,406.02747207912284,189.98093931060754,388.0733249523164,171.88478199063505,0.12,0.12
1791330747.0261881,385.34591205094796,167.4869274860295,-7.830060252219663,-7.830060075864329,-0.46080317500007406,-3.3508695618295103,0.0,-1.0,0.0,0.5,1,braking,393.04162054317476,160.66601891567967,387.88397671560926,168.14051775314925,0.12,0.12
1791330747.0432599,384.88449085914687,164.1315638478956,-7.83006025633744,-7.830060121163897,-0.4614211918010772,-3.3553636381338974,0.0,-1.0,0.0,0.5,1,braking,390.33027580368395,156.84944576242953,387.56794153780197,164.38836869738606,0.12,0.12
1791330747.059832,384.4246021296978,160.7873439876475,-7.830060259261262,-7.830060155343106,-0.4598887294490436,-3.34421986024811,0.0,-1.0,0.0,0.5,1,braking,379.81603075979905,160.73980927381191,386.7434517059252,161.02893185897165,0.12,0.12
1791330747.077045,383.96802962002255,157.46723903267156,-7.830060261333507,-7.8300601812633275,-0.456572509675263,-3.3201049549759256,0.0,-1.0,0.0,0.5,1,braking,397.72158481035365,161.0126895856889,386.85861447695515,157.87402003808037,0.12,0.12
1791330747.0943081,383.5161601601264,154.18133373355656,-7.830060262800992,-7.8300602010112605,-0.4518694598961312,-3.2859052991149875,0.0,-1.0,0.0,0.5,1,braking,386.6466250370467,156.24495254553824,386.4187390180584,154.670956629294,0.12,0.12
1791330747.110879,383.07001049707867,150.9370216716602,-7.830060263840009,-7.830060216114333,-0.44614966304771253,-3.244312061896361,0.0,-1.0,0.0,0.5,1,braking,382.0679286278988,156.8782426565081,385.77735631865505,151.69922447185317,0.12,0.12
1791330747.127101,382.6303792046866,147.74010991604845,-7.8300602645751,-7.830060227690633,-0.43963129239205917,-3.1969117556117483,0.0,-1.0,0.0,0.5,1,braking,370.01341458644015,133.95269920710945,384.57150950427183,147.77483204078482,0.12,0.12
1791330747.144125,382.19797041135183,144.59571874786639,-7.830060265094401,-7.83006023657301,-0.4324087933348007,-3.144391168182077,0.0,-1.0,0.0,0.5,1,braking,371.33542707972407,125.67961497744261,383.4989170293764,143.68289957784475,0.12,0.12
1791330747.160724,381.77345200363874,141.50870490508112,-7.830060265460558,-7.830060243392205,-0.4245184077130787,-3.0870138427852583,0.0,-1.0,0.0,0.5,1,steering,364.6500770887274,140.28723621569696,382.15318254501653,140.58045325909137,0.12,0.12
1791330747.178568,381.3564819316708,138.48159749591835,-7.884547564487114,-7.842874631291079,-0.4169700719679367,-3.027107409162758,0.0,-1.0,-1.0,0.0,1,steering,381.0757445738342,152.82024291539844,381.7031890780879,138.31669070320208,0.12,0.12
1791330747.1952178,380.9451508003075,135.51556047534734,-8.066892304432388,-7.895441597706883,-0.41133113136336275,-2.966037020571003,0.0,-1.0,-1.0,0.0,1,steering,361.0314052514836,139.75020083830685,380.27883531196255,135.57063104041487,0.12,0.12
1791330747.211125,380.5360866036491,132.61098437667286,-8.411959425692668,-8.016492908901233,-0.4090641966583852,-2.904576098674482,0.0,-1.0,-1.0,0.0,1,steering,390.18647837099286,163.215176626271,380.3856064780886,134.19351102596693,0.12,0.12
1791330747.22773,380.12483619630945,129.7678537587404,-8.930559103099947,-8.230579141887262,-0.4112504073396753,-2.843130617932487,0.0,-1.0,-1.0,0.0,1,steering,380.8218884602297,154.6439544911516,380.016732690223,132.5150591121903,0.12,0.12
1791330747.244411,379.70631735825185,126.98597626108361,-9.618980161545537,-8.555685009372048,-0.4185188380575752,-2.781877497656785,0.0,-1.0,-1.0,0.0,1,steering,388.7059631530513,115.97963342815817,380.0536013172097,129.04550420521474,0.12,0.12
1791330747.262495,379.27523922550154,124.26512290032474,-10.465205918100489,-9.002820407448661,-0.43107813275033524,-2.720853360758866,0.0,-1.0,-1.0,0.0,1,steering,370.7924002407606,101.47484190181802,379.18101703727444,125.08216039732397,0.12,0.12
1791330747.278431,378.82644751846414,121.60510900719152,-11.45291884859127,-9.576629382868447,-0.4487917070374264,-2.6600138931332182,0.0,-1.0,-1.0,0.0,1,steering,374.8378465114459,101.07322412106046,378.5375063892975,121.35470038503423,0.12,0.12
1791330747.296113,378.35518277236747,119.00583429702512,-12.5640432398841,-10.276450896852156,-0.47126474609668906,-2.5992747101664015,0.0,-1.0,-1.0,0.0,1,steering,380.21746264746463,144.44090695763535,378.173802693414,120.03969973900621,0.12,0.12
1791330747.312546,377.8572558794062,116.4672946579383,-13.780324573166183,-11.097505297534461,-0.4979268929612873,-2.538539639086827,0.0,-1.0,-1.0,0.0,1,steering,362.2606597986146,99.74329384223785,376.9051150003608,116.61326678703531,0.12,0.12
1791330747.3302798,377.3291524529391,113.98957484377695,-15.084275243043788,-12.032028953022195,-0.528103426467046,-2.4777198141613446,0.0,-1.0,-1.0,0.0,1,steering,384.6755693708791,125.60151402216918,376.791939463743,114.70884532533873,0.12,0.12
1791330747.347569,376.7680798321401,111.57282906738742,-16.45970457531315,-13.070270607149679,-0.5610726207990576,-2.416745776389533,0.0,-1.0,-1.0,0.0,1,steering,393.22367856162106,113.2818171204799,377.0805074288778,112.34158542752573,0.12,0.12
1791330747.364325,376.17197030033196,109.21725487445127,-17.891978043070804,-14.201317331912305,-0.5961095318081191,-2.35557419293614,0.0,-1.0,-1.0,0.0,1,steering,380.231602829942,118.43324351764372,376.6717581437133,110.40837284874229,0.12,0.12
1791330747.381352,375.5394526312543,106.92306436728384,-19.368102637922483,-15.413748699733086,-0.632517669077681,-2.2941905071674324,0.0,-1.0,-1.0,0.0,1,steering,365.05182430251637,100.37337637555318,375.4898696660297,107.72714204327377,0.12,0.12
1791330747.3982852,374.86980215378907,104.69045574052274,-20.876703583271457,-16.69613374870049,-0.6696504774652307,-2.232608626761107,0.0,-1.0,-1.0,0.0,1,steering,361.20848969266126,88.05379916194131,374.1396327137693,104.6224967037841,0.12,0.12
1791330747.415335,374.1628775415418,102.51958715690066,-22.407936249868285,-18.03739228320927,-0.7069246122473073,-2.170868583622087,0.0,-1.0,-1.0,0.0,1,steering,382.8174978570829,95.16150599773107,373.90194758930005,102.08712201404046,0.12,0.12
1791330747.433089,373.41905069418897,100.41055422395326,-23.953362636760936,-19.42704383243994,-0.7438268473528062,-2.1090329329473962,0.0,-1.0,-1.0,0.0,1,steering,364.5009403548103,112.33097151586341,372.7252617225904,100.59573320283158,0.12,0.12
1791330747.449356,372.63913447390865,98.36337172547456,-25.505811832447076,-20.855366573370414,-0.7799162202802985,-2.04718249847869,0.0,-1.0,-1.0,0.0,1,steering,371.95789424144624,118.97210218469345,371.9459729392669,99.56972827836992,0.12,0.12
1791330747.46616,371.824311720017,96.37795980322447,-27.059237011161436,-22.313486166572957,-0.8148227538916195,-1.9854119222500897,0.0,-1.0,-1.0,0.0,1,steering,352.6186086670103,98.07439418707047,370.205523109457,97.60882024766735,0.12,0.12
1791330747.4822521,370.9760678812459,94.45413445752965,-28.60857679195009,-23.7934115950213,-0.848243838771098,-1.9238253456948173,0.0,-1.0,-1.0,0.0,1,steering,343.8584897201554,112.19973158095586,368.08233979315935,96.5107317359217,0.12,0.12
1791330747.499341,370.09612875374273,92.59160201915824,-30.149625551464094,-25.28803220182316,-0.8799391275031674,-1.8625324383714015,0.0,-1.0,-1.0,0.0,1,steering,382.72861068780924,96.84173333724715,367.97871116676384,94.75787599953513,0.12,0.12
1791330747.515991,369.18640416240936,90.78995711731085,-31.678915093390362,-26.791087428397923,-0.909724591333394,-1.801644901847402,0.0,-1.0,-1.0,0.0,1,steering,345.4781557974434,83.39842848287957,365.9894450365311,92.47834096694733,0.12,0.12
1791330747.5325491,368.2489379406075,89.04868360886671,-33.193608628025686,-28.297118365720056,-0.9374662218018577,-1.7412735084441338,0.0,-1.0,-1.0,0.0,1,steering,387.2669241501444,81.9409978544831,366.1627260815,90.29726397830218,0.12,0.12
1791330747.550173,367.2858642171275,87.36715792357354,-34.691407084171885,-29.80140818108905,-0.9630737234800089,-1.6815256852931602,0.0,-1.0,-1.0,0.0,1,steering,367.2198552596743,79.90412822340008,365.3006625031027,88.18015778952856,0.12,0.12
1791330747.5660958,366.2993697814202,85.74465430305031,-36.17046720441619,-31.299916766211098,-0.986494435707312,-1.6225036205232257,0.0,-1.0,-1.0,0.0,1,steering,362.9260564711035,81.1953196531318,364.24476248758083,86.28953744321166,0.12,0.12
1791330747.582747,365.2916621440643,84.1803514557799,-37.6293305508201,-32.789213544506325,-1.0077076373559157,-1.5643028472704164,0.0,-1.0,-1.0,0.0,1,steering,366.63814899155676,88.35486002066357,363.4071095572915,84.90671586717735,0.12,0.12
1791330747.6006799,364.26494281887096,82.67334020613329,-39.066862390273165,-34.26641124294692,-1.0267193251933187,-1.5070112496466044,0.0,-1.0,-1.0,0.0,1,steering,404.31130086975423,96.43558327756999,364.476935763981,84.05149855053271,0.12,0.12
1791330747.617144,363.22138530924434,81.22263177589934,-40.48219937999297,-35.729102539832155,-1.0435575096266398,-1.4507084302339495,0.0,-1.0,-1.0,0.0,1,steering,344.6527954899323,67.90497374103705,362.49434911613326,81.86599930133568,0.12,0.12
1791330747.632777,362.16311727109917,79.82716639694392,-41.87470499368501,-37.17530080842113,-1.0582680381452003,-1.3954653789554254,0.0,-1.0,-1.0,0.0,1,steering,357.0508365736205,87.84777441018215,361.21681885276973,80.83939594677035,0.12,0.12
1791330747.650264,361.0922063373663,78.4858220103399,-43.24393168991645,-38.60338565309212,-1.0709109337328961,-1.3413443866040267,0.0,-1.0,-1.0,0.0,1,steering,359.90136867570646,66.9620221580272,360.13368095687036,78.87125009005938,0.12,0.12
1791330747.66623,360.01064911690185,77.19742285873714,-44.589588907409954,-40.01205354863593,-1.0815572204644432,-1.2883991516027582,0.0,-1.0,-1.0,0.0,1,steering,379.49879051911967,64.2146026809932,360.0744570755416,76.91443852558345,0.12,0.12
1791330747.683295,358.9203629174679,75.96074782396907,-45.91151606467788,-41.40027361702705,-1.09028619943394,-1.2366750347680715,0.0,-1.0,-1.0,0.0,1,steering,375.0873637229131,68.57666070842575,359.78933051844797,75.3227083516959,0.12,0.12
1791330747.6999948,357.82317978398055,74.77453840066913,-47.209659835613394,-42.76724838596594,-1.0971831334873403,-1.1862094232999434,0.0,-1.0,-1.0,0.0,1,steering,352.3730506395558,85.1629244315371,358.3761925476904,74.687820203553,0.12,0.12
1791330747.716723,356.72084248630097,73.63750622918464,-48.48405506335887,-44.112379249789626,-1.102337297679611,-1.1370321714844867,0.0,-1.0,-1.0,0.0,1,steering,356.074420664666,67.16785824866058,357.21388352074354,73.23164154289812,0.12,0.12
1791330747.733419,355.6150021333247,72.54834013778381,-49.734808759136236,-45.43523627963072,-1.1058403529762408,-1.089166091400833,0.0,-1.0,-1.0,0.0,1,steering,341.0800269465814,60.77361640579777,355.356642356708,71.57403249921231,0.12,0.12
1791330747.751179,354.50721713059806,71.50571266565656,-50.96208670932226,-46.735531992727324,-1.1077850027266327,-1.0426274721272566,0.0,-1.0,-1.0,0.0,1,steering,365.2318366913027,57.28026307780165,354.79800632084743,69.86884792962088,0.12,0.12
1791330747.768776,353.39895323629526,70.50828605517385,-52.16610228239046,-48.01309868004919,-1.1082638943028003,-0.997426610482699,0.0,-1.0,-1.0,0.0,1,steering,371.14309184385553,73.89430609762495,354.5624098974102,69.12256555806252,0.12,0.12
1791330747.784835,352.29158450467526,69.55471771495631,-53.34710708750878,-49.26786889874221,-1.1073687316200276,-0.9535683402175412,0.0,-1.0,-1.0,0.0,1,steering,345.5729758231785,74.11713480895963,353.06093789865963,68.46640409740071,0.12,0.12
1791330747.801952,351.18639493692234,68.64366516513968,-54.50538318901761,-50.49985875507588,-1.1051895677528991,-0.9110525498166245,0.0,-1.0,-1.0,0.0,1,steering,375.43276878986484,75.47141024104693,353.12959935385464,67.95115448225722,0.12,0.12
1791330747.8191519,350.0845806865865,67.77379048338561,-55.641236626343996,-51.70915362995416,-1.1018142503358643,-0.8698746817540652,0.0,-1.0,-1.0,0.0,1,steering,346.1014438318389,57.93516471855578,351.7314680399348,66.62397404640579,0.12,0.12
1791330747.8355122,348.98725269082155,66.94376427517636,-56.75499202784599,-52.89589602922615,-1.0973279957649555,-0.8300262082092505,0.0,-1.0,-1.0,0.0,1,steering,352.65753202481494,73.3904542740539,350.7353096432021,66.17377315998941,0.12,0.12
1791330747.853714,347.89543961950295,66.15226919519132,-57.84698814035484,-54.0602752725979,-1.0918130713185832,-0.791495079985034,0.0,-1.0,-1.0,0.0,1,steering,357.65104290485453,68.89085140563965,350.043873888532,65.55770674628613,0.12,0.12
1791330747.8699892,346.8100910523545,65.39800304846237,-58.91757412449681,-55.202518766248225,-1.085348567148435,-0.7542661467289511,0.0,-1.0,-1.0,0.0,1,steering,352.86246893401454,71.6686292448118,349.1537225020151,65.1467000318199,0.12,0.12
1791330747.8865988,345.732080809715,64.67968150085468,-59.96710648988514,-56.322884634204556,-1.078010242639506,-0.7183215476076881,0.0,-1.0,-1.0,0.0,1,steering,349.6143611475773,68.1007733464729,348.1526447037857,64.61199822732524,0.12,0.12
1791330747.903851,344.6622103758136,63.99604042847559,-60.995946564574005,-57.4216555114776,-1.069870433901422,-0.6836410723790938,0.0,-1.0,-1.0,0.0,1,steering,334.3357752071467,67.12713136561086,346.4454243167474,64.08829586547938,0.12,0.12
1791330747.9221141,343.60121236467063,63.34583793508278,-62.00445841029073,-58.49913332752835,-1.0609980111429578,-0.6502024933928114,0.0,-1.0,-1.0,0.0,1,steering,337.07730930454073,58.104329449428356,344.9690704555513,63.17140517595366,0.12,0.12
1791330747.938127,342.5497539882544,62.72785606561145,-62.993007109379135,-59.55563493170395,-1.0514583764162209,-0.6179818694713272,0.0,-1.0,-1.0,0.0,1,steering,332.92596041012297,57.92010852686295,343.3680294956844,62.32175756750136,0.12,0.12
1791330747.954571,341.50844049453605,62.14090224269888,-63.961957361503515,-60.591488432833074,-1.041313493718372,-0.5869538229125714,0.0,-1.0,-1.0,0.0,1,steering,338.12018094274885,69.61700803431543,342.11638924900524,62.12891395907512,0.12,0.12
1791330747.972331,340.47781854980565,61.58381045165688,-64.9116723383324,-61.607030143316564,-1.0306219447304206,-0.5570917910419948,0.0,-1.0,-1.0,0.0,1,idle,346.7251292040475,41.727086752641654,341.3677353992635,60.57958539726355,0.12,0.12
1791330747.988967,339.45829026025916,61.05403344501675,-65.57827306211503,-62.54227928804268,-1.0195282895464977,-0.5297770066401307,0.0,-1.0,0.0,-1.0,0,idle,345.6120354703132,54.55176652853053,340.6113985277468,59.774906297518775,0.12,0.12
1791330748.005911,338.44904722285,60.548062748616545,-66.05154864425113,-63.37370621483684,-1.0092430374091241,-0.5059706964002045,0.0,-1.0,0.0,-1.0,0,idle,347.1140604797411,53.96492877156562,339.97775073980785,59.003735259640926,0.12,0.12
1791330748.02238,337.447772927435,60.061789759311196,-66.39122557119894,-64.09628116584098,-1.0012742954150158,-0.48627298930534896,0.0,-1.0,0.0,-1.0,0,idle,341.5626494289617,62.461765418205474,339.10578509362125,58.71467742772907,0.12,0.12
1791330748.03992,336.4507489216525,59.59079307719142,-66.63753119309948,-64.71383024399276,-0.9970240057824671,-0.47099668211977813,0.0,-1.0,0.0,-1.0,0,idle,343.26979686192686,34.21149420511391,338.3668128765432,57.04207141858453,0.12,0.12
1791330748.055459,335.4531449129438,59.1305576885684,-66.81782117508118,-65.23419852312377,-0.997604008708718,-0.4602353886230212,0.0,-1.0,0.0,-1.0,0,idle,330.72178078666667,78.64782859253225,337.03683746377607,57.68513565809005,0.12,0.12
1791330748.073141,334.4493658393254,58.676636890493356,-66.95088511393988,-65.66695316772353,-1.0037790736184022,-0.45392079807504526,0.0,-1.0,0.0,-1.0,0,idle,321.00187921794446,31.22478784954294,335.28149943154705,55.9308935094914,0.12,0.12
1791330748.0904388,333.4333871839108,58.224767843409616,-67.0497764108351,-66.02230299258379,-1.0159786554146502,-0.45186904708373854,0.0,-1.0,0.0,-1.0,0,idle,338.5158895060591,27.359939515807746,334.47803921262874,54.073070215077664,0.12,0.12
1791330748.107109,332.3990453520886,57.770950218082604,-67.12367820091369,-66.3105294566204,-1.0343418318221964,-0.4538176253270089,0.0,-1.0,0.0,-1.0,0,idle,323.5358972275906,64.3318289109169,332.9483073731458,54.154881405808965,0.12,0.12
1791330748.123907,331.3402708549593,57.31149584641843,-67.17913616755027,-66.54160464979822,-1.0587744971293214,-0.45945437166416886,0.0,-1.0,0.0,-1.0,0,idle,337.3273784668783,66.8577719782356,332.1614251555595,54.353544281349336,0.12,0.12
1791330748.1406028,330.25126373231745,56.843055916729604,-67.22087635081641,-66.72488624450263,-1.089007122641831,-0.4684399296888297,0.0,-1.0,0.0,-1.0,0,idle,326.6283958326046,84.95489879938035,330.85021692290206,55.4385940740465,0.12,0.12
1791330748.1584058,329.1266166343012,56.36263109986298,-67.25235163150877,-66.86887875192838,-1.1246470980162695,-0.480424816866624,0.0,-1.0,0.0,-1.0,0,idle,331.4573647425657,67.42559691002683,329.8121595707698,55.58154063982222,0.12,0.12
1791330748.176327,327.9613935447523,55.86756901675317,-67.27611085622864,-66.98107756076581,-1.1652230895488604,-0.49506208310980554,0.0,-1.0,0.0,-1.0,0,idle,342.1995637121333,47.45055191169567,329.3245678427665,54.70468222446158,0.12,0.12
1791330748.192276,326.7511727236681,55.355552625387936,-67.2940516065281,-67.06790397401484,-1.2102208210841656,-0.512016391365238,0.0,-1.0,0.0,-1.0,0,idle,335.1036849233285,72.91602469102783,328.4638139167646,55.128833775992916,0.12,0.12
1791330748.209258,325.492061978798,54.8245823928476,-67.30759603342806,-67.13472233541846,-1.259110744870111,-0.5309702325403325,0.0,-1.0,0.0,-1.0,0,idle,314.7582548205545,52.0042446118141,326.5823807543275,54.46818259687066,0.12,0.12
1791330748.22618,324.1806934020064,54.27295451147022,-67.31781521555952,-67.18591820197267,-1.3113685767915904,-0.5516278813773822,0.0,-1.0,0.0,-1.0,0,idle,306.94899677204427,42.70550665003637,324.35491140726134,53.35600231222043,0.12,0.12
1791330748.2434921,322.8142035523108,53.699236906742755,-67.3255185457301,-67.2250129041128,-1.3664898496956153,-0.5737176047274645,0.0,-1.0,0.0,-1.0,0,idle,333.7204135371924,78.78491372420521,323.5250211565471,54.082416158328584,0.12,0.12
1791330748.260743,321.39020391888704,53.10224435892484,-67.33131893820756,-67.25479271249638,-1.4239996334237557,-0.5969925478179101,0.0,-1.0,0.0,-1.0,0,idle,307.6110637071264,43.994710742449094,321.3765236323235,53.01088796710759,0.12,0.12
1791330748.276608,319.9067454491142,52.48101371149129,-67.33568100626447,-67.27743672762402,-1.4834584697728415,-0.6212306474335523,0.0,-1.0,0.0,-1.0,0,idle,333.4372520627753,46.161173698842475,320.5702745075619,52.07823313863246,0.12,0.12
1791330748.293581,318.36228002030526,51.83477985795445,-67.33895702667164,-67.29463379410669,-1.5444654288089534,-0.6462338535368436,0.0,-1.0,0.0,-1.0,0,idle,310.7522642547966,53.87883786699197,318.6121318375551,51.55434121419044,0.12,0.12
1791330748.3111491,316.7628344072345,51.16596393580726,-67.34137446726255,-67.3075207956824,-1.5994456130707948,-0.6688159221471873,0.0,0.0,0.0,0.0,0,idle,324.8559214639473,57.29947826031025,317.4048479864575,51.2062229404566,0.12,0.12
1791330748.3282838,315.1180696743001,50.47852264281906,-67.34313721666457,-67.31715909418436,-1.6447647329343866,-0.6874412929882034,0.0,0.0,0.0,0.0,0,idle,341.62687547925697,59.22266903305492,317.0534228648098,50.95397601674772,0.12,0.12
1791330748.344634,313.4388945629722,49.77694821143895,-67.34441199577236,-67.32439012265542,-1.6791751113278652,-0.7015744313801093,0.0,0.0,0.0,0.0,0,idle,293.3785948446493,53.77657933087082,314.2744651080403,50.42861047264277,0.12,0.12
1791330748.3617458,311.73608660696055,49.065690071742885,-67.34532852210201,-67.32984205618068,-1.702807956011687,-0.7112581396960642,0.0,0.0,0.0,0.0,0,idle,315.0652868105358,60.9174123046095,312.69633863495403,50.27735533152984,0.12,0.12
1791330748.3785868,310.0195550068595,48.3488449924657,-67.34598473436638,-67.33397415938603,-1.7165316001010518,-0.7168450792771847,0.0,0.0,0.0,0.0,0,idle,315.23848497474575,35.67004571177365,311.1927409318476,48.865987025228705,0.12,0.12
1791330748.3951051,308.29800240595296,47.63001411989983,-67.34645315825176,-67.33712099186184,-1.7215526009065514,-0.7188308725658692,0.0,0.0,0.0,0.0,0,idle,300.1901504018143,52.71976465974382,309.0071364344847,48.375786578016886,0.12,0.12
1791330748.411684,306.5788262800463,46.912260328268204,-67.34678680564485,-67.33952729699264,-1.7191761259066465,-0.7177537916316309,0.0,0.0,0.0,0.0,0,idle,300.6589864582005,24.541135234217386,306.9565116160592,46.50218790877686,0.12,0.12
1791330748.4281652,304.8681569970074,46.198122859776895,-67.34702407818142,-67.34137345620326,-1.7106692830389043,-0.7141374684913113,0.0,0.0,0.0,0.0,0,idle,337.143544477725,49.49396631056542,306.84072744025553,45.973346233799546,0.12,0.12
1791330748.444696,303.1709672780608,45.48966197703026,-67.34719261849435,-67.34279353818152,-1.6971897189466039,-0.7084608827466347,0.0,0.0,0.0,0.0,0,idle,296.4715957253379,40.21797900767235,304.7099406215104,45.01254003388388,0.12,0.12
1791330748.462048,301.49121273872606,44.78851676957047,-67.34731223508186,-67.34388800840624,-1.679754539334715,-0.7011452074597864,0.0,0.0,0.0,0.0,0,idle,302.1085468699272,46.43840844399286,302.98410412156323,44.41774550730253,0.12,0.12
1791330748.478675,299.8319795031818,44.09596606922799,-67.3473970766135,-67.3447327090938,-1.659233235544289,-0.6925507003424782,0.0,0.0,0.0,0.0,0,idle,287.9900743865696,44.67274316672038,300.6581310610465,43.772572224948064,0.12,0.12
1791330748.4953501,298.195625392939,43.41298681640167,-67.34745722539847,-67.34538525815253,-1.636354110242766,-0.6829792528263214,0.0,0.0,0.0,0.0,0,idle,310.733467044545,62.74947162501712,299.6073614554908,44.07258690476651,0.12,0.12
1791330748.512332,296.58390782097996,42.74030698876082,-67.34749985380364,-67.34588965854095,-1.6117175719590338,-0.67267982764085,0.0,0.0,0.0,0.0,0,idle,283.6489876138568,51.6351808536846,297.278311070048,43.81167076595361,0.12,0.12
1791330748.5301461,294.99809559192335,42.078451904640424,-67.34753005775644,-67.34627965699825,-1.5858122290566226,-0.6618550841204003,0.0,0.0,0.0,0.0,0,idle,294.4892853803267,45.287995833804764,295.63233816795815,43.25672468943179,0.12,0.12
1791330748.546101,293.43906420813767,41.42778371729618,-67.34755145458064,-67.34658121917829,-1.5590313837856538,-0.6506681873442443,0.0,0.0,0.0,0.0,0,idle,280.9117730505371,58.33156505832275,293.4152300974907,43.392331929899306,0.12,0.12
1791330748.562803,291.90737560964146,40.78853447288443,-67.34756661029992,-67.34681437272313,-1.531688598496183,-0.6392492444117495,0.0,0.0,0.0,0.0,0,idle,296.5563772043065,36.97904903776906,292.1171832842601,42.46438100310163,0.12,0.12
1791330748.5795982,290.40334393082105,40.16083338081543,-67.34757734428132,-67.3469945924082,-1.5040316788203887,-0.6277010920689963,0.0,0.0,0.0,0.0,0,idle,299.01649446549345,24.233806264463944,291.03331874844235,40.956536228704195,0.12,0.12
1791330748.5963929,288.9270891021983,40,-67.34758494602947,-67.34713384939381,0.0,0.0,0.0,0.0,0.0,0.0,0,idle,287.37188398708025,35.899456172194334,290.85024701037423,40.7036822258787,0.12,0.12
1791330748.613935,288.9270377144721,40,-67.34758494683996,-67.34758494683996,0.0,0.0,0.0,0.0,0.0,0.0,0,idle,296.9390519519296,46.958128758571156,291.154687257452,41.01640455251332,0.12,0.12
1791330748.630482,288.9270005868399,40,-67.34758494726303,-67.34758494726303,0.0,0.0,0.0,0.0,0.0,0.0,0,idle,299.67105470279887,62.54356868025647,291.58050562971937,42.09276275890048,0.12,0.12
1791330748.647987,288.9269737621256,40,-67.34758494748388,-67.34758494748388,0.0,0.0,0.0,0.0,0.0,0.0,0,idle,305.36796784299133,49.055380764852394,292.269878740383,42.440893659198075,0.12,0.12
1791330748.664511,288.9269543812696,40,-67.34758494759916,-67.34758494759916,0.0,0.0,0.0,0.0,0.0,0.0,0,idle,318.04659410532395,53.011626004352294,293.55871450863003,42.96943027645579,0.12,0.12
1791330748.681934,288.9269403786011,40,-67.34758494765934,-67.34758494765934,0.0,0.0,0.0,0.0,0.0,0.0,0,idle,289.9401268147797,21.37090713598449,293.37778512393754,41.889504119432225,0.12,0.12
1791330748.6983838,288.92693026167314,40,-67.34758494769076,-67.34758494769076,0.0,0.0,0.0,0.0,0.0,0.0,0,idle,275.3810150023778,44.758003207986356,292.4779466178596,42.03292907385993,0.12,0.12
1791330748.71577,288.9269229521927,40,-67.34758494770716,-67.34758494770716,0.0,0.0,0.0,0.0,0.0,0.0,0,idle,304.67469171383476,60.333064236591554,293.08778387265835,42.94793583199652,0.12,0.12
1791330748.733244,288.92691767109307,40,-67.34758494771572,-67.34758494771572,0.0,0.0,0.0,0.0,0.0,0.0,0,idle,290.0546277462485,37.54019696743363,292.93612606633786,42.67754888876837,0.12,0.12
1791330748.749456,288.9269138554986,40,-67.34758494772018,-67.34758494772018,0.0,0.0,0.0,0.0,0.0,0.0,0,idle,299.6751325767441,64.19563719749799,293.2730763918582,43.753453304204854,0.12,0.12
1791330748.767055,288.9269110987316,40,-67.34758494772251,-67.34758494772251,0.0,0.0,0.0,0.0,0.0,0.0,0,idle,295.90822819042165,35.99222450686662,293.40483398178634,43.365391864337944,0.12,0.12
1791330748.783254,288.9269091069674,40,-67.34758494772373,-67.34758494772373,0.0,0.0,0.0,0.0,0.0,0.0,0,idle,295.4991900593817,37.56884536665457,293.50955178566613,43.07556453945377,0.12,0.12
1791330748.799885,288.92690766791776,40,-67.34758494772437,-67.34758494772437,0.0,0.0,0.0,0.0,0.0,0.0,0,idle,276.74070050334063,27.8090766600416,292.67110922154984,42.312240145483166,0.12,0.12
1791330748.81644,288.9269066282044,40,-67.3475849477247,-67.3475849477247,0.0,0.0,0.0,0.0,0.0,0.0,0,idle,280.4788057581453,42.85833222136631,292.0614940483796,42.33954474927732,0.12,0.12
1791330748.833907,288.9269058770115,40,-67.34758494772487,-67.34758494772487,0.0,0.0,0.0,0.0,0.0,0.0,0,idle,286.2951685287227,54.20085414447646,291.77317777239676,42.93261021903728,0.12,0.12
1791330748.8504288,288.92690533427464,40,-67.34758494772495,-67.34758494772495,0.0,0.0,0.0,0.0,0.0,0.0,0,idle,281.105437065698,31.386863216677654,291.2397907370618,42.355322868919295,0.12,0.12
1791330748.86791,288.92690494214725,40,-67.347584947725,-67.347584947725,0.0,0.0,0.0,0.0,0.0,0.0,0,idle,290.0398656881944,22.88424331818059,291.17979448461847,41.38176889138236,0.12,0.12
1791330748.884501,288.9269046588352,40,-67.34758494772503,-67.34758494772503,0.0,0.0,0.0,0.0,0.0,0.0,0,idle,306.25652980868347,28.672770328578242,291.9336312508217,40.74631896324215,0.12,0.12
1791330748.901695,288.9269044541423,40,-67.34758494772504,-67.34758494772504,0.0,0.0,0.0,0.0,0.0,0.0,0,idle,297.2146173621203,33.77148396293237,292.1976805563866,40.39757721322666,0.12,0.12
1791330748.9192781,288.92690430625163,40,-67.34758494772504,-67.34758494772504,0.0,0.0,0.0,0.0,0.0,0.0,0,idle,269.6945021156886,47.43116677691275,291.0725216343517,40.74925669141096,0.12,0.12
1791330748.935963,288.9269041994006,40,-67.34758494772504,-67.34758494772504,0.0,0.0,0.0,0.0,0.0,0.0,0,idle,286.6626861331064,33.84184282457209,290.8520298592894,40.40388599806902,0.12,0.12
1791330748.953086,288.92690412220077,40,-67.34758494772504,-67.34758494772504,0.0,0.0,0.0,0.0,0.0,0.0,0,idle,283.7761797313135,43.15668288777413,290.4982373528906,40.54152584255428,0.12,0.12
1791330748.970858,288.9275029782216,40.00024992271551,-67.3475849477148,112.65241505228519,0.0005988560208218733,0.00024992271551002674,0.0,1.0,0.0,1.0,0,idle,302.80960581182194,31.95452402478827,291.11437468905694,40.11241317824572,0.12,0.12
1791330748.9867132,288.9306100237014,40.00154659706881,-67.34758494768192,112.65241505231333,0.0031070454797761902,0.0012966743533014658,0.0,1.0,0.0,1.0,0,idle,288.2658118827064,49.941908871111735,290.9748982419452,40.60511980352465,0.12,0.12
1791330749.004589,288.93956333776015,40.00528311550495,-67.34758494762274,112.65241505236062,0.008953314058790001,0.0037365184361413586,0.0,1.0,0.0,1.0,0,idle,289.2764294164907,30.99840808182683,290.8984804490283,40.128333909954094,0.12,0.12
1791330749.021896,288.95894514803666,40.01337179540032,-67.34758494754095,112.65241505242496,0.019381810276509884,0.0080886798953626,0.0,1.0,0.0,1.0,0,idle,295.24302461715786,46.601718517967576,291.13412037719746,40.45968738625537,0.12,0.12
1791330749.039101,288.9942687974503,40.028113539786816,-67.34758494744398,112.65241505250209,0.03532364941361947,0.014741744386495627,0.0,1.0,0.0,1.0,0,idle,292.6380823350779,30.279918961487535,291.2428759420344,39.964703622184146,0.12,0.12
1791330749.056365,289.0516372643814,40.05205532636283,-67.34758494733991,112.65241505258712,0.05736846693110878,0.023941786576020932,0.0,1.0,0.0,1.0,0,idle,277.413942871312,46.464202073953246,290.60592933208284,40.31242324201982,0.12,0.12
1791330749.072887,289.13742646801757,40.087858040185736,-67.34758494723579,112.65241505267541,0.08578920363617432,0.03580271382289997,0.0,1.0,0.0,1.0,0,idle,276.81930188969,50.67159251065132,289.99809770341756,40.86439428358315,0.12,0.12
1791330749.090158,289.25801799951034,40.13818493341382,-67.34758494713682,112.65241505276298,0.12059153149278556,0.05032689322808283,0.0,1.0,0.0,1.0,0,idle,290.29058906732394,51.00709579525053,290.127284226531,41.419339907733196,0.12,0.12
1791330749.1073642,289.41958909023253,40.205613972011285,-67.34758494704641,112.6524150528469,0.16157109072219894,0.06742903859746534,0.0,1.0,0.0,1.0,0,idle,275.3919189367039,43.7698122043543,289.5440084982257,41.60092110923185,0.12,0.12
1791330749.123573,289.6279582840676,40.29257342961524,-67.34758494696634,112.65241505292505,0.20836919383506097,0.0869594576039498,0.0,1.0,0.0,1.0,0,idle,292.05835272800925,24.48892021811435,289.86767644385816,40.827932549399726,0.12,0.12
1791330749.140784,289.8884805929548,40.401298132426035,-67.34758494689717,112.65241505299619,0.2605223088872372,0.10872470281079508,0.0,1.0,0.0,1.0,0,idle,273.29543211352865,60.29063220236497,289.28656042078455,41.90435599971825,0.12,0.12
1791330749.1578891,290.20598403532387,40.533802974566164,-67.34758494683864,112.65241505305971,0.3175034423690366,0.13250484214013017,0.0,1.0,0.0,1.0,0,idle,299.75818932090164,41.67066256591632,290.111770136041,42.01855092806127,0.12,0.12
1791330749.175117,290.5847391951542,40.691870214054184,-67.34758494678992,112.65241505311555,0.37875515983034935,0.15806723948802168,0.0,1.0,0.0,1.0,0,idle,286.9242850220208,46.17267439503947,290.31221328217885,42.376420978923804,0.12,0.12
1791330749.192224,291.0284540430554,40.877047311467635,-67.34758494674998,112.65241505316393,0.443714847901171,0.18517709741345195,0.0,1.0,0.0,1.0,0,idle,299.64112336230903,34.41256483600154,291.2001878916915,42.15414641432047,0.12,0.12
1791330749.2092311,291.54028726674767,41.09065249320005,-67.3475849467176,112.65241505320537,0.5118332236922803,0.2136051817324125,0.0,1.0,0.0,1.0,0,idle,292.5927269023879,35.430068401991385,291.75605640473395,42.02086743634981,0.12,0.12
1791330749.226259,292.1228744914318,41.33378569410119,-67.34758494669164,112.65241505324052,0.5825872246841403,0.24313320090113794,0.0,1.0,0.0,1.0,0,idle,286.0811634467299,51.59410239552935,292.02576962028365,42.730505725164875,0.12,0.12
1791330749.242868,292.77836287598745,41.60734299563175,-67.34758494667102,112.65241505327002,0.6554883845556798,0.27355730153055635,0.0,1.0,0.0,1.0,0,idle,272.3644933321684,56.66470839775521,291.6654197712058,43.687095295248426,0.12,0.12
1791330749.25934,293.5084505694729,41.912033092384824,-67.34758494665476,112.65241505329458,0.7300876934854565,0.30469009675308045,0.0,1.0,0.0,1.0,0,idle,290.8311234165512,55.42547325894772,292.31728826228425,44.563469785348815,0.12,0.12
1791330749.276885,294.31442837076486,42.24839467805181,-67.34758494664203,112.65241505331491,0.8059778012919424,0.336361585666988,0.0,1.0,0.0,1.0,0,idle,294.58124993433347,27.706986632516685,293.19616525711405,44.040189134090845,0.12,0.12
1791330749.2934148,295.1972216460307,42.616813938990305,-67.34758494663213,112.65241505333161,0.8827932752658273,0.3684192609384955,0.0,1.0,0.0,1.0,0,idle,302.81851892797823,35.82069476101063,294.5159365521598,43.9792127133284,0.12,0.12
1791330749.3110359,296.15743113244054,43.01754158298255,-67.34758494662445,112.65241505334525,0.9602094864098252,0.40072764399225036,0.0,1.0,0.0,1.0,0,idle,307.67766771776365,46.477729535557344,296.08622212252936,44.484829816232484,0.12,0.12
1791330749.32787,297.19537170763095,43.45070901903382,-67.34758494661854,112.65241505335635,1.0379405751904354,0.43316743605127006,0.0,1.0,0.0,1.0,0,idle,273.3529526702794,37.00977270823126,295.93560219634776,44.52258602508113,0.12,0.12
1791330749.345481,298.311108551039,43.91634344871064,-67.347584946614,112.6524150533653,1.1157368434080785,0.46563442967681873,0.0,1.0,0.0,1.0,0,idle,291.3803636728349,37.63568289617186,296.76779027140975,44.62059357682865,0.12,0.12
1791330749.362323,299.504490383412,44.41438173810379,-67.34758494661055,112.65241505337252,1.193381832372998,0.49803828939315214,0.0,1.0,0.0,1.0,0,idle,305.5788587012476,36.80953433441341,298.342056433656,44.70317698963138,0.12,0.12
1791330749.379072,300.7751796612215,44.94468301897064,-67.34758494660792,112.6524150533783,1.270689277809469,0.5303012808668484,0.0,1.0,0.0,1.0,0,idle,304.2595814730138,50.20330158582908,299.8450874995429,45.48196943626478,0.12,0.12
1791330749.396255,302.1226797379649,45.50704002405785,-67.34758494660592,112.65241505338292,1.3475000767433891,0.5623570050872062,0.0,1.0,0.0,1.0,0,idle,313.5689625776001,44.93784308492065,301.811406326352,45.98900227353042,0.12,0.12
1791330749.4133399,303.546359096786,46.101189200187136,-67.34758494660441,112.6524150533866,1.42367935882106,0.5941491761292825,0.0,1.0,0.0,1.0,0,idle,304.18351966333023,39.38826092476423,303.28250738408093,46.22340692341493,0.12,0.12
1791330749.4302468,305.0454728186827,46.72681966765892,-67.34758494660328,112.65241505338952,1.499113721896702,0.6256304674717882,0.0,1.0,0.0,1.0,0,idle,304.5208227947472,39.94231754593122,304.7685811904161,46.50370139863894,0.12,0.12
1791330749.44719,306.61918148603667,47.3835811093296,-67.34758494660242,112.65241505339182,1.5737086673539469,0.6567614416706729,0.0,1.0,0.0,1.0,0,idle,280.18478615134455,47.33161459852279,305.0344146724488,47.16902042822027,0.12,0.12
1791330749.46342,308.26656773882826,48.07109068007572,-67.34758494660178,112.65241505339364,1.6473862527916168,0.6875095707461236,0.0,1.0,0.0,1.0,0,idle,301.61865479816294,39.18357437652896,306.4286436188865,47.422882217844524,0.12,0.12
1791330749.505573,309.9866507058024,48.78893902940377,-67.3475849466013,112.65241505339506,1.7200829669741298,0.7178483493280512,0.0,1.0,0.0,1.0,0,idle,327.07805655891406,60.31791612735902,309.0951930845133,48.749589845181895,0.12,0.12
1791330749.506474,311.7783985289451,49.53669552833464,-67.34758494660095,112.65241505339618,1.7917478231427109,0.7477564989308677,0.0,1.0,0.0,1.0,0,idle,330.3813393963147,72.79371729535646,311.86166083208894,50.66216489167495,0.12,0.12
1791330749.523602,313.6407391898976,50.31391278762949,-67.34758494660068,112.65241505339706,1.8623406609524833,0.7772172592948475,0.0,1.0,0.0,1.0,0,idle,312.16712456638066,20.404010603233935,313.6461576467084,49.887613573583,0.12,0.12
1791330749.540441,315.5725698335823,51.12013054885185,-67.34758494660048,112.65241505339775,1.9318306436846922,0.8062177612223529,0.0,1.0,0.0,1.0,0,idle,298.47346986601826,30.607364110048927,314.72276236917435,49.68950797356753,0.12,0.12
1791330749.559119,317.5727647689708,51.954879023356554,-67.34758494660032,112.65241505339829,2.0001949353884907,0.8347484745047056,0.0,1.0,0.0,1.0,0,idle,311.1964817140576,37.46443207618232,316.44663352503756,49.87126522947774,0.12,0.12
1791330749.574253,319.64018231074374,52.817681747544086,-67.34758494660021,112.6524150533987,2.067417541772981,0.8628027241875346,0.0,1.0,0.0,1.0,0,idle,316.27686633320707,63.56973713085667,318.40219183013033,51.375851412524845,0.12,0.12
1791330749.589988,321.77367060938985,53.70805801595646,-67.34758494660012,112.65241505339901,2.133488298646096,0.8903762684123737,0.0,1.0,0.0,1.0,0,idle,326.49530464017647,66.52234794306352,320.8336613543465,52.97903369404354,0.12,0.12
1791330749.606742,323.9720726016073,54.625524947245985,-67.34758494660007,112.65241505339927,2.1984019922174687,0.9174669312895243,0.0,1.0,0.0,1.0,0,idle,329.363868742186,42.93855286054885,323.348653616345,53.348603237093855,0.12,0.12
1791330749.623378,326.2342301980579,55.56959923186551,-67.34758494660002,112.65241505339947,2.262157596450611,0.944074284619526,0.0,1.0,0.0,1.0,0,idle,349.8008425306736,39.25044333370923,326.8203127786895,53.54056581231317,0.12,0.12
1791330749.64166,328.5589878117793,56.539798604593315,-67.3475849466,112.65241505339962,2.3247576137213857,0.9701993727278084,0.0,1.0,0.0,1.0,0,idle,319.18166759777125,52.21487396613806,328.6469002526789,54.39597062409583,0.12,0.12
1791330749.658314,330.94519531799057,57.53564307975935,-67.34758494659997,112.65241505339974,2.38620750621132,0.995844475166038,0.0,1.0,0.0,1.0,0,idle,339.58914448136215,55.956994633007355,331.4609095950138,55.420074075949145,0.12,0.12
1791330749.674929,333.3917105246538,58.55665598229335,-67.34758494659995,112.65241505339982,2.446515206663183,1.0210129025340002,0.0,1.0,0.0,1.0,0,idle,334.6615660334805,43.02222938661656,333.9451318632672,55.770144098889816,0.12,0.12
1791330749.691436,335.8974012229568,59.6023648034603,-67.34758494659994,112.65241505339988,2.505690698302975,1.0457088211669503,0.0,1.0,0.0,1.0,0,idle,313.0634235976158,71.13150321287984,335.2814526133725,57.53163543469792,0.12,0.12
1791330749.708988,338.4611468778117,60.67230190636208,-67.34758494659992,112.65241505339993,2.563745654854916,1.0699371029017835,0.0,1.0,0.0,1.0,0,idle,337.93097911193246,52.95601561968038,337.84948731041266,58.31929469170373,0.12,0.12
1791330749.726069,341.0818400104362,61.766005102935054,-67.34758494659991,112.65241505339998,2.620693132624537,1.093703196572977,0.0,1.0,0.0,1.0,0,idle,319.0332182512803,79.2029928967663,339.39833233344933,60.402497638701185,0.12,0.12
1791330749.7426932,343.75838731802537,62.883018121226684,-67.34758494659991,112.65241505339999,2.676547307589172,1.1170130182916287,0.0,1.0,0.0,1.0,0,idle,337.65683373646596,50.80415733996827,341.8539773458099,60.98374299114159,0.12,0.12
1791330749.759509,346.4897105693362,64.02289097915306,-67.34758494659991,112.65241505340002,2.7313232513108368,1.1398728579263795,0.0,1.0,0.0,1.0,0,idle,334.130781114321,80.80714467848517,344.0625746229807,63.05779229053883,0.12,0.12
1791330749.776921,349.2747473096102,65.18518027868673,-67.34758494659991,112.65241505340005,2.785036740274014,1.1622892995336744,0.0,1.0,0.0,1.0,0,idle,365.9700234238525,55.36669114933416,347.8037319662846,63.77741206803558,0.12,0.12
1791330749.79317,352.1124514035636,66.36944943246475,-67.34758494659991,112.65241505340005,2.8377040939534437,1.184269153778016,0.0,1.0,0.0,1.0,0,idle,346.48012991985854,72.62064620698338,350.4333707532191,65.34462947107208,0.12,0.12
1791330749.811074,355.00179344110325,67.57526883310744,-67.34758494659991,112.65241505340006,2.889342037539607,1.2058194006427008,0.0,1.0,0.0,1.0,0,idle,360.1873607249769,62.00808548296298,353.6659451874696,66.32333070227719,0.12,0.12
1791330749.8265731,357.94176102690153,68.80221597406796,-67.34758494659991,112.65241505340008,2.939967585798291,1.2269471409605202,0.0,1.0,0.0,1.0,0,idle,359.22897953939906,78.46667401678839,356.73706611157445,68.09609765191524,0.12,0.12
1791330749.8444319,360.93135897192343,70.04987552956271,-67.34758494659991,112.65241505340008,2.9895979450218952,1.2476595554947476,0.0,1.0,0.0,1.0,0,idle,357.51642266874273,46.07486802121244,359.6161519872037,68.18031274810012,0.12,0.12
1791330749.860363,363.96960940237403,71.31783940003893,-67.34758494659991,112.65241505340008,3.0382504304505984,1.2679638704762213,0.0,1.0,0.0,1.0,0,idle,362.2998476141118,48.662974013591786,362.6366746774772,68.40901148832711,0.12,0.12
1791330749.876544,367.0555517992816,72.60570672869403,-67.34758494659991,112.65241505340009,3.085942396907589,1.2878673286550983,0.0,1.0,0.0,1.0,0,idle,383.6656398206758,92.66060265034662,366.6197682116993,70.84506500865042,0.12,0.12
1791330749.894807,370.18824297999197,73.91308389375251,-67.34758494659991,112.65241505340009,3.1326911807103457,1.3073771650584816,0.0,1.0,0.0,1.0,0,idle,355.26879948810847,80.20927173917221,369.0282763971946,72.55528365198207,0.12,0.12
1791330749.910746,373.3667570311871,75.23958448051246,-67.34758494659991,112.65241505340009,3.1785140511951058,1.3265005867599542,0.0,1.0,0.0,1.0,0,idle,396.506227496312,85.31931130382996,373.4217623007858,74.45366059199641,0.12,0.12
1791330749.927569,376.59018520161646,76.58482923657873,-67.34758494659991,112.65241505340009,3.2234281704294006,1.3452447560662681,0.0,1.0,0.0,1.0,0,idle,368.37152799511966,89.48915971723085,376.2315073474104,76.48341806652108,0.12,0.12
1791330749.944611,379.85763576150896,77.9484460131907,-67.34758494659991,112.65241505340009,3.2674505598925006,1.363616776611976,0.0,1.0,0.0,1.0,0,idle,390.3565639007092,82.57677375433488,380.04183820697324,78.08352178869315,0.12,0.12
1791330749.961571,383.16823383458905,79.33006969511715,-67.34758494659991,112.65241505340009,3.3105980730800737,1.3816236819264354,0.0,1.0,0.0,1.0,0,idle,374.22925227502026,83.96577177507002,382.8962770798017,79.69017678584211,0.12,0.12
1791330749.980165,386.52112120773006,80.72934212121805,-67.34758494659991,112.6524150534001,3.3528873731410274,1.3992724261009124,0.0,1.0,0.0,1.0,0,idle,399.2853127314844,84.2968097257223,386.9009718668698,81.24981723763199,0.12,0.12
1791330749.996286,389.91545612251474,82.1459119974559,-67.34758494659991,112.6524150534001,3.3943349147846877,1.4165698762378407,0.0,1.0,0.0,1.0,0,idle,407.6792637818062,75.83013555867144,391.16450463166206,82.3245745361099,0.12,0.12
1791330750.013033,393.35041305232284,83.57943480386677,-67.34758494659991,112.6524150534001,3.4349569298080995,1.4335228064108776,0.0,1.0,0.0,1.0,0,idle,354.59528668526985,85.06429312038436,392.59925281766016,83.82340713141396,0.12,0.12
1791330750.029886,396.8251824680117,85.02957269677108,-67.34758494659991,112.65241505340009,3.4747694156888502,1.4501378929043072,0.0,1.0,0.0,1.0,0,idle,401.62795362014555,95.13544881596434,396.3517188026888,85.76664021390057,0.12,0.12
1791330750.046585,400.3389705947823,86.49599440730556,-67.34758494659991,112.65241505340009,3.513788126770633,1.4664217105344797,0.0,1.0,0.0,1.0,0,idle,399.1113533538268,92.85108376716596,399.8277992506778,87.5139630165716,0.12,0.12
1791330750.064064,403.89099916242105,87.97837513719074,-67.34758494659991,112.65241505340009,3.5520285676387457,1.4823807298851848,0.0,1.0,0.0,1.0,0,idle,399.97757915112976,107.76541331652825,403.2097153849572,89.93479722496035,0.12,0.12
1791330750.080491,407.4805051507635,89.47639645250455,-67.34758494659991,112.65241505340009,3.589505988342493,1.4980213153138,0.0,1.0,0.0,1.0,0,idle,410.6308761473593,84.75367600138911,406.99080411200265,91.0988614133299,0.12,0.12
1791330750.098081,411.10674053193605,90.98974617611091,-67.34758494659991,112.6524150534001,3.626235381172526,1.5133497236063658,0.0,1.0,0.0,1.0,0,idle,412.9944485575873,95.48904687716669,410.7359099463958,92.75605292394779,0.12,0.12
1791330750.11461,414.7689720106808,92.51811827928883,-67.34758494659991,112.6524150534001,3.6622314787447134,1.5283721031779212,0.0,1.0,0.0,1.0,0,idle,422.4941164249369,73.62245694601941,414.80294017513035,93.2513266230704,0.12,0.12
1791330750.132166,418.4664807638601,94.06121277301878,-67.34758494659991,112.65241505340009,3.6975087531793216,1.543094493729948,0.0,1.0,0.0,1.0,0,idle,409.0307728427629,92.62667437411821,418.0269651240323,94.68603377966625,0.12,0.12
1791330750.149293,422.19856218005606,95.61873559930878,-67.34758494659991,112.6524150534001,3.732081416195957,1.5575228262899936,0.0,1.0,0.0,1.0,0,idle,403.15879596634574,111.27071763885684,420.82903401153413,96.99491465760127,0.12,0.12
1791330750.1658602,425.9645256000278,97.1903985228786,-67.34758494659991,112.6524150534001,3.7659634199717464,1.5716629235698183,0.0,1.0,0.0,1.0,0,idle,430.84217821023697,97.02782514420674,424.90735647044244,98.48963995932287,0.12,0.12
1791330750.182694,429.76369405866103,98.77591902346661,-67.34758494659991,112.65241505340009,3.7991684586332433,1.5855205005880166,0.0,1.0,0.0,1.0,0,idle,418.3083565085088,83.84271887854918,428.18661650804734,99.2635383808428,0.12,0.12
1791330750.1994398,433.59540402893316,100.37502018897786,-67.34758494659991,112.65241505340009,3.8317099702721347,1.5991011655112422,0.0,1.0,0.0,1.0,0,idle,429.8954696340755,111.48414362781836,431.9121836361073,101.39371475042726,0.12,0.12
1791330750.216249,437.45900516832467,101.98743060965299,-67.34758494659991,112.65241505340009,3.863601139391534,1.6124104206751255,0.0,1.0,0.0,1.0,0,idle,438.74689142147855,97.26593871121995,435.9243401077978,102.71911584810826,0.12,0.12
1791330750.233748,441.3538600680285,103.6128842734049,-67.34758494659991,112.65241505340009,3.8948548997038275,1.6254536637519097,0.0,1.0,0.0,1.0,0,idle,456.6756340653171,105.70577252461122,440.6620169603924,104.41262966249772,0.12,0.12
1791330750.249692,445.2793440052416,105.25112046244178,-67.34758494659991,112.65241505340009,3.925483937213141,1.6382361890368682,0.0,1.0,0.0,1.0,0,idle,456.12650866208423,102.30061520674032,445.1644512858295,105.86335331929489,0.12,0.12
1791330750.266717,449.2348446987674,106.90188365127163,-67.34758494659991,112.65241505340009,3.955500693525777,1.65076318882986,0.0,1.0,0.0,1.0,0,idle,468.15915646887004,119.64040460345635,450.071912203831,108.12043091289132,0.12,0.12
1791330750.283545,453.21976206810814,108.56492340616366,-67.34758494659991,112.65241505340009,3.9849173693407094,1.6630397548920308,0.0,1.0,0.0,1.0,0,idle,432.825641421523,120.28563511636597,452.9952701655893,110.30857889021247,0.12,0.12
1791330750.300967,457.2335079961878,110.23999428612443,-67.34758494659991,112.65241505340009,4.013745928079674,1.675070879960772,0.0,1.0,0.0,1.0,0,idle,448.9580775356286,102.0864921573889,456.606469165767,111.48879188953403,0.12,0.12
1791330750.317742,461.2755060958105,111.92685574543312,-67.34758494659991,112.65241505340009,4.041998099622696,1.686861459308682,0.0,1.0,0.0,1.0,0,idle,448.68494216674196,139.15880532616666,460.0502910104573,114.47481094770892,0.12,0.12
1791330750.33517,465.3451914799308,113.62527203776764,-67.34758494659991,112.65241505340009,4.0696853841202945,1.6984162923345245,0.0,1.0,0.0,1.0,0,idle,456.988554644275,124.60084174999918,463.76340530706244,116.59460796554123,0.12,0.12
1791330750.350825,469.44201053578894,115.33501212194372,-67.34758494659991,112.65241505340009,4.096819055858135,1.7097400841760815,0.0,1.0,0.0,1.0,0,idle,465.82304688240106,130.0930951449665,467.7583654888946,118.89378540447976,0.12,0.12
1791330750.36832,473.56542070294273,117.05584956928013,-67.34758494659991,112.65241505340009,4.123410167153817,1.7208374473364108,0.0,1.0,0.0,1.0,0,idle,475.85928306548476,121.05862905910651,472.0806510265202,120.63682316218068,0.12,0.12
1791330750.386228,477.71489025521146,118.78756247259653,-67.34758494659991,112.6524150534001,4.149469552268746,1.7317129033164027,0.0,1.0,0.0,1.0,0,idle,471.29890574822207,133.34689634856642,475.98355983726054,122.91745407965055,0.12,0.12
1791330750.402817,481.8898980865323,120.52993335684423,-67.34758494659991,112.65241505340009,4.1750078313208565,1.742370884247689,0.0,1.0,0.0,1.0,0,idle,478.8770313785955,131.1996738312705,480.0944908540821,124.98681740726686,0.12,0.12
1791330750.419392,486.0899335007186,122.28274909136518,-67.34758494659991,112.65241505340009,4.200035414186301,1.752815734520952,0.0,1.0,0.0,1.0,0,idle,479.8624054045698,126.56037027251516,484.07292022508346,126.73066999832417,0.12,0.12
1791330750.437143,490.3144960050989,124.04580080377069,-67.34758494659991,112.65241505340009,4.224562504380273,1.763051712405519,0.0,1.0,0.0,1.0,0,idle,481.6848774715815,139.51357592019204,487.96685246656966,129.0447144212028,0.12,0.12
1791330750.4537668,494.56309510800764,125.81888379542752,-67.34758494659991,112.65241505340009,4.248599102908789,1.7730829916568411,0.0,1.0,0.0,1.0,0,idle,517.1380564809818,137.26015471190158,493.4615818150536,131.13991527781175,0.12,0.12
1791330750.471209,498.8352501200924,127.60179745853658,-67.34758494659991,112.65241505340009,4.272155012084741,1.7829136631090614,0.0,1.0,0.0,1.0,0,idle,502.5793510532896,131.13720522705952,497.9760175384459,132.83354775522776,0.12,0.12
1791330750.488064,503.1304899593951,129.39434519478695,-67.34758494659991,112.65241505340009,4.295239839302742,1.7925477362503823,0.0,1.0,0.0,1.0,0,idle,503.18146507595986,113.13256377519699,502.3167677626592,133.5514189056641,0.12,0.12
1791330750.504538,507.4483529601634,131.19633433556632,-67.34758494659991,112.65241505340009,4.31786300076831,1.8019891407793818,0.0,1.0,0.0,1.0,0,idle,498.71897233884494,140.47907895084802,506.23884784219837,135.6096915916637,0.12,0.12
1791330750.521352,511.78838668534127,133.00757606370712,-67.34758494659991,112.65241505340009,4.340033725177853,1.8112417281407918,0.0,1.0,0.0,1.0,0,idle,514.8302637680015,134.2410493564774,510.7914506774075,137.26193912163814,0.12,0.12
1791330750.538847,516.1501477426879,134.82788533674668,-67.34758494659991,112.65241505340009,4.361761057346609,1.8203092730395616,0.0,1.0,0.0,1.0,0,idle,507.8893856033601,139.6053303204926,514.7900204281844,139.10840249096844,0.12,0.12
1791330750.555726,520.5332016044703,136.65708081167895,-67.34758494659991,112.65241505340009,4.383053861782365,1.8291954749322907,0.0,1.0,0.0,1.0,0,idle,535.4500858620804,117.68752034039488,519.9869248685725,139.77509408462544,0.12,0.12
1791330750.573269,524.9371224306735,138.4949847711743,-67.34758494659991,112.65241505340009,4.403920826203288,1.8379039594953357,0.0,1.0,0.0,1.0,0,idle,518.7829492955772,132.81520060241903,524.1104508748158,141.1731081720357,0.12,0.12
1791330750.589876,529.3614928956722,140.3414230512434,-67.34758494659991,112.65241505340009,4.424370464998639,1.846438280069084,0.0,1.0,0.0,1.0,0,idle,518.2607026071012,146.8326013392202,528.0211154031788,143.21019919646056,0.12,0.12
1791330750.606535,533.8059040183037,142.19622497032142,-67.34758494659991,112.6524150534001,4.4444111226315375,1.8548019190780416,0.0,1.0,0.0,1.0,0,idle,532.295809683895,128.47349770776736,532.4570406837146,144.23542594515004,0.12,0.12
1791330750.624356,538.269954995287,144.05922325974794,-67.34758494659991,112.65241505340009,4.464050976983241,1.862998289426513,0.0,1.0,0.0,1.0,0,idle,538.5920556127921,139.83435730787244,537.0046398583025,145.78522088824135,0.12,0.12
1791330750.641519,542.7532530379257,145.9302539956177,-67.34758494659991,112.65241505340009,4.483298042638674,1.8710307358697618,0.0,1.0,0.0,1.0,0,idle,553.1836103007445,147.96059553909893,542.0727215209314,147.6714688198605,0.12,0.12
1791330750.658357,547.2554132120389,147.80915653197835,-67.34758494659991,112.65241505340009,4.502160174113162,1.8789025363606369,0.0,1.0,0.0,1.0,0,idle,535.3704116696841,141.18038975364664,546.0146581937765,149.13187227609242,0.12,0.12
1791330750.675467,551.7760582810594,149.69577343535005,-67.34758494659991,112.65241505340009,4.52064506902051,1.8866169033717166,0.0,1.0,0.0,1.0,0,idle,551.8620891711945,145.1738039148818,550.6016425582169,150.726254916235,0.12,0.12
1791330750.69221,556.3148185522421,151.58995042054315,-67.34758494659991,112.65241505340009,4.538760271182717,1.8941769851930972,0.0,1.0,0.0,1.0,0,idle,578.2825921942226,172.93781664699438,556.2975122976408,153.63630113870641,0.12,0.12
1791330750.7088718,560.8713317259238,153.49153628774914,-67.34758494659991,112.65241505340009,4.556513173681741,1.9015858672059966,0.0,1.0,0.0,1.0,0,idle,558.9563638085809,150.78801167168524,560.7591423881854,155.30039323920104,0.12,0.12
1791330750.7264278,565.4452427477777,155.40038286088154,-67.34758494659991,112.6524150534001,4.573911021853841,1.908846573132395,0.0,1.0,0.0,1.0,0,idle,550.221125713544,156.2636436378442,564.5774570252145,157.16196000360898,0.12,0.12
1791330750.7425249,570.0362036640048,157.3163449271425,-67.34758494659991,112.65241505340009,4.590960916227102,1.9159620662609598,0.0,1.0,0.0,1.0,0,idle,571.5044645114394,168.08295245239157,569.2852202699415,159.52817358899603,0.12,0.12
1791330750.7604349,574.6438734794076,159.23928017779204,-67.34758494659991,112.65241505340009,4.6076698154028115,1.9229352506495447,0.0,1.0,0.0,1.0,0,idle,563.3325543307906,153.5791463099568,573.3648732976167,161.05751071316112,0.12,0.12
1791330750.777576,579.267918018289,161.1690491500966,-67.34758494659991,112.65241505340009,4.624044538881436,1.9297689723045615,0.0,1.0,0.0,1.0,0,idle,596.8937346884715,152.91376968791428,578.9341586790968,162.48360418558812,0.12,0.12
1791330750.7938602,583.908009788123,163.10551517043416,-67.34758494659991,112.65241505340009,4.640091769833954,1.9364660203375517,0.0,1.0,0.0,1.0,0,idle,596.5870037680864,183.35053493644307,584.2248881148885,165.36659344245155,0.12,0.12
1791330750.8121002,588.5638278459423,165.04854429853344,-67.34758494659991,112.6524150534001,4.655818057819369,1.9430291280992953,0.0,1.0,0.0,1.0,0,idle,597.3838192774293,156.0975286328661,589.3058618279439,166.7490178736666,0.12,0.12
1791330750.827513,593.2350576673916,166.99800527282525,-67.34758494659991,112.65241505340009,4.6712298214492325,1.9494609742918054,0.0,1.0,0.0,1.0,0,idle,609.5831651708997,174.1979978119009,594.7573953254685,168.97345479615552,0.12,0.12
1791330750.843603,597.9213910183917,168.95376945688383,-67.34758494659991,112.65241505340009,4.686333351000032,1.955764184058567,0.0,1.0,0.0,1.0,0,idle,597.4835898529152,164.9972424946059,599.3457217352908,170.6326201559337,0.12,0.12
1791330750.8608608,602.6225258293659,170.9157107869372,-67.34758494659991,112.65241505340009,4.701134810974319,1.9619413300533797,0.0,1.0,0.0,1.0,0,idle,598.8748350862061,168.44871839171245,603.7882554732621,172.38726933127333,0.12,0.12
1791330750.877822,607.3381660719774,172.88370572042538,-67.34758494659991,112.65241505340009,4.71564024261145,1.9679949334881748,0.0,1.0,0.0,1.0,0,idle,628.0305302660639,163.46189147934405,609.4802274433831,173.81059562549063,0.12,0.12
1791330750.895413,612.0680216383262,174.85763318558554,-67.34758494659991,112.65241505340009,4.729855566348816,1.973927465160171,0.0,1.0,0.0,1.0,0,idle,620.8465228528934,174.61489231928823,614.54190500189,175.72604155208268,0.12,0.12
1791330750.9118311,616.8118082225607,176.8373745320443,-67.34758494659991,112.6524150534001,4.743786584234469,1.9797413464587401,0.0,1.0,0.0,1.0,0,idle,616.6582315354395,171.1487511142264,619.1543185835902,177.37793130932567,0.12,0.12
1791330750.927804,621.5692472048527,178.82281348239664,-67.34758494659991,112.65241505340009,4.757438982291987,1.9854389503523484,0.0,1.0,0.0,1.0,0,idle,632.4910725271852,171.42925884243792,624.3407233139474,178.96666468881602,0.12,0.12
1791330750.9453561,626.3400655376912,180.81383608475258,-67.34758494659991,112.6524150534001,4.770818332838496,1.9910226023559436,0.0,1.0,0.0,1.0,0,idle,661.5187441694834,178.5999214341388,630.7319017729208,180.8397989983203,0.12,0.12
1791330750.961814,631.1239956344479,182.81033066623172,-67.34758494659991,112.65241505340009,4.783930096756695,1.9964945814791473,0.0,1.0,0.0,1.0,0,idle,641.4089766410677,198.34272012888655,635.8104891082469,183.6116149072538,0.12,0.12
1791330750.9787688,635.9207752601696,184.81218778738733,-67.34758494659991,112.65241505340009,4.796779625721758,2.001857121155615,0.0,1.0,0.0,1.0,0,idle,633.0263477650686,190.3247352788575,640.2282226855236,185.8490351909318,0.12,0.12
1791330750.995518,640.7193115688415,186.81477803129354,-67.34758494659991,112.65241505340009,4.798536308671855,2.002590243906222,0.0,1.0,0.0,-0.5,1,braking,652.7338782685957,191.70100309491323,645.4121149579155,188.04409431784177,0.12,0.12
1791330751.0130901,645.5043919796991,188.81175267745238,-67.34758494659991,112.65241505340009,4.7850804108576455,1.9969746461588347,0.0,1.0,0.0,-0.5,1,braking,642.7972741863707,191.1226896523713,649.827199309653,190.09514999841915,0.12,0.12
1791330751.029015,650.2604700966705,190.7966236930348,-67.34758494659991,112.65241505340009,4.756078116971313,1.9848710155824212,0.0,1.0,0.0,-0.5,1,braking,624.2284541304714,188.73192053387572,653.0655362618168,191.9126159899953,0.12,0.12
1791330751.045537,654.973624258396,192.76358110153464,-67.34758494659991,112.6524150534001,4.713154161725523,1.966957408499832,0.0,1.0,0.0,-0.5,1,braking,647.369644508705,172.4068641907105,657.2582381278004,192.8059379381059,0.12,0.12
1791330751.0634198,659.6324072160545,194.70784758184098,-67.34758494659991,112.65241505340009,4.6587829576585795,1.9442664803063487,0.0,1.0,0.0,-0.5,1,braking,661.8208429235827,188.39603333580772,661.9122121773652,194.432495864282,0.12,0.12
1791330751.0788622,664.2280506256345,196.62576380972592,-67.34758494659991,112.6524150534001,4.595643409580046,1.9179162278849566,0.0,1.0,0.0,-0.5,1,braking,655.8407064151296,210.28766720399227,665.9744981283544,197.04727484775822,0.12,0.12
1791330751.095488,668.7542834161028,198.51471265678572,-67.34758494659991,112.6524150534001,4.52623279046827,1.8889488470597802,0.0,1.0,0.0,-0.5,1,braking,661.6437816011055,203.50728937009495,670.0578834529368,199.16477697858187,0.12,0.12
1791330751.113194,673.2063032701835,200.37268995485195,-67.34758494659991,112.65241505340009,4.452019854080736,1.8579772980662406,0.0,1.0,0.0,-0.5,1,braking,653.8059530980541,212.00606126786462,673.4747057965694,201.57191962620894,0.12,0.12
1791330751.1297972,677.5799375000496,202.19795430125603,-67.34758494659991,112.65241505340009,4.373634229866094,1.8252643464040725,0.0,1.0,0.0,-0.5,1,braking,667.520825153429,199.94720949365296,677.3319642827852,203.22468524866503,0.12,0.12
1791330751.147006,681.8712482250052,203.98886228622544,-67.34758494659991,112.6524150534001,4.291310724955524,1.7909079849694118,0.0,1.0,0.0,-0.5,1,steering,679.0947190550903,195.6772131064557,681.4968472101082,204.54867422727548,0.12,0.12
1791330751.163121,686.077955328147,205.74610830928964,-67.26635773967607,112.6715053016029,4.206707103141896,1.7572460230641933,0.0,1.0,-1.0,0.0,1,steering,702.0031177887128,202.01805208111293,686.5185324870232,206.09152684187833,0.12,0.12
1791330751.179874,690.1980279022686,207.47379224629634,-66.99430099119775,112.74993046884434,4.120072574121505,1.727683937006689,0.0,1.0,-1.0,0.0,1,steering,681.1232063339314,214.762628718811,690.1628351247841,208.16638167588133,0.12,0.12
1791330751.196886,694.2291103286528,209.1791327955502,-66.4791637917111,112.93068508926982,4.031082426384296,1.7053405492538594,0.0,1.0,-1.0,0.0,1,steering,681.3682314636861,201.7527672976669,693.5526332467942,209.46577447876177,0.12,0.12
1791330751.2140858,698.1683547356442,210.8716083760316,-65.70463783296424,113.25052329726238,3.9392444069914077,1.692475580481393,0.0,1.0,-1.0,0.0,1,steering,684.6480985092592,198.1082121284309,696.8496886965593,210.50574816270256,0.12,0.12
1791330751.2310321,702.0124362958253,212.56195276282486,-64.67616389191868,113.73636269579634,3.844081560181106,1.6903443867932766,0.0,1.0,-1.0,0.0,1,steering,716.9041385235744,211.03259924663604,701.504288670082,212.13791788435285,0.12,0.12
1791330751.2471309,705.7576440891073,214.26122276493143,-63.41164570045382,114.40467396859391,3.74520779328199,1.6992700021065856,0.0,1.0,-1.0,0.0,1,steering,716.4906847989206,234.59729044284853,705.8115558801419,214.87519301427886,0.12,0.12
1791330751.264048,709.3999998592114,215.98003355466486,-61.9354529458882,115.26240723408299,3.6423557701041087,1.7188107897334375,0.0,1.0,-1.0,0.0,1,steering,708.4131857867052,244.45494692384352,709.401875357069,217.98705096000384,0.12,0.12
1791330751.280732,712.9353845888303,217.72798934568436,-60.27460751261123,116.3085935154183,3.535384729618882,1.747955791019495,0.0,1.0,-1.0,0.0,1,steering,712.9036524707578,203.90236198270216,712.9355797058913,218.94337451260728,0.12,0.12
1791330751.298261,716.3596641556563,219.5133014958624,-58.45641202044424,117.53612573181049,3.424279566826069,1.7853121501780436,0.0,1.0,-1.0,0.0,1,steering,725.2194616794839,199.6274470014637,716.8028393930557,219.67362467971924,0.12,0.12
1791330751.316277,719.6688093266853,221.3425694106338,-56.50702879406041,118.93345235386342,3.309145171028953,1.8292679147714035,0.0,1.0,-1.0,0.0,1,steering,707.3881965938128,230.88009647195256,719.4757951655711,221.97175278836374,0.12,0.12
1791330751.332385,722.8590065647088,223.2206936584807,-54.450682987423534,120.48605728472864,3.1901972380235404,1.8781242478468898,0.0,1.0,-1.0,0.0,1,steering,729.2995595139807,232.73811773784857,722.9976707591139,224.29428907129255,0.12,0.12
1791330751.349312,725.9267566260571,225.15089056901712,-52.309272512966835,122.17768227689977,3.0677500613482622,1.9301969105363974,0.0,1.0,-1.0,0.0,1,steering,737.7739868523855,243.3442555871576,726.6508491220584,227.0804744620954,0.12,0.12
1791330751.365961,728.8689584870277,227.13478037182202,-50.10223916268819,123.99129375728243,2.9422018609706417,1.9838898028049097,0.0,1.0,-1.0,0.0,1,steering,729.3705909875125,238.71848712057766,729.5819279832532,229.54707040768415,0.12,0.12
1791330751.382567,731.6829769042558,229.17252498089405,-47.84660296476988,125.90981837379293,2.8140184172281595,2.037744609072032,0.0,1.0,-1.0,0.0,1,steering,722.4402878348887,222.05732241975787,731.8981634722016,231.10844038690627,0.12,0.12
1791330751.4005601,734.3666928121941,231.26299589663228,-45.55709386013103,127.91668040552803,2.6837159079382227,2.0904709157382286,0.0,1.0,-1.0,0.0,1,steering,719.3252762697019,246.91268799622682,733.819049224618,233.88460013732362,0.12,0.12
1791330751.417185,736.9185366560781,233.40395687836275,-43.24633658007856,129.99617556065795,2.551843843884048,2.1409609817304784,0.0,1.0,-1.0,0.0,1,steering,751.2453820700276,236.05288705261236,737.1146175185783,236.026927415732,0.12,0.12
1791330751.433624,739.3375055414061,235.59224978374394,-40.925059566597426,132.13371339406865,2.4189688853279914,2.1882929053811884,0.0,1.0,-1.0,0.0,1,steering,766.8699119709448,238.5025412380086,740.9004026822582,238.22958636695796,0.12,0.12
1791330751.451196,741.6231656863938,237.82397517367073,-38.60230909036674,134.31595676602933,2.285660144987644,2.231725389926807,0.0,1.0,-1.0,0.0,1,steering,720.5865602148143,234.24465964821596,742.0560876966243,240.15047915145132,0.12,0.12
1791330751.4678242,743.77564207009,240.094661925076,-36.285656825349,136.53088256959978,2.152476383696204,2.2706867514052718,0.0,1.0,-1.0,0.0,1,steering,741.9857524638708,231.4154872153681,744.0974234994981,241.87088196848217,0.12,0.12
1791330751.4847722,745.795597385068,242.39942220969928,-33.98139399949719,138.76778391769432,2.0199553149780436,2.304760284623281,0.0,1.0,-1.0,0.0,1,steering,740.0685012990224,258.5600897274614,745.8149349387033,244.89486462682325,0.12,0.12
1791330751.502421,747.6842024577264,244.73308983962093,-31.69470852451434,141.01723031995132,1.888605072658338,2.333667629921658,0.0,1.0,-1.0,0.0,1,steering,734.7143740057633,240.15831237907676,747.0540817110818,246.87502126286148,0.12,0.12
1791330751.5190442,749.4431002273694,247.09034121583863,-29.42984368089511,143.27099915842263,1.7588977696429493,2.3572513762177008,0.0,1.0,-1.0,0.0,1,steering,760.803708735644,258.453007208726,749.4125159434708,249.6933093675615,0.12,0.12
1791330751.535556,751.0743652144414,249.4657990118823,-27.190238329745924,145.52198898661973,1.631264987071953,2.3754577960436594,0.0,1.0,-1.0,0.0,1,steering,758.7932070722499,262.8355324178444,751.4312522376281,252.60710542631713,0.12,0.12
1791330751.55233,752.5804601920705,251.85411934451022,-24.97864947765592,147.76412280190186,1.5060949776291348,2.3883203326279143,0.0,1.0,-1.0,0.0,1,steering,765.7653169582736,253.34113259573758,753.578745702408,254.9127111007847,0.12,0.12
1791330751.5687628,753.9641915312018,254.2500635857128,-22.797258505255165,149.99224744349038,1.3837313391312076,2.3959442412025838,0.0,1.0,-1.0,0.0,1,steering,764.7694668459346,260.7943933203079,755.452826531759,257.4829422409033,0.12,0.12
1791330751.586227,755.2286644394242,256.6485562047707,-20.64776260539392,152.20203361345486,1.2644729082224322,2.3984926190579103,0.0,1.0,-1.0,0.0,1,steering,765.0559844179054,258.56880180838317,757.1342336888775,259.81580320738226,0.12,0.12
1791330751.6028109,756.3772390723942,259.0447301382372,-18.53145304905615,154.38987967142637,1.14857463297005,2.39617393346646,0.0,1.0,-1.0,0.0,1,idle,740.464521946354,246.43347453996608,757.3918940030729,261.4230520108046,0.12,0.12
1791330751.619431,757.4195572002833,261.43167807257583,-17.049900352057442,156.4103568690777,1.0423181278891274,2.3869479343386595,0.0,1.0,0.0,-0.5,1,braking,761.6984759113957,264.8702737666511,758.5974253199837,263.8630136362186,0.12,0.12
1791330751.636152,758.3676362718933,263.8016383021564,-16.009135695577154,158.19661104452348,0.9480790716099685,2.3699602295805793,0.0,1.0,0.0,-0.5,1,braking,753.2904679303032,253.6842576303462,759.2327525685291,265.6055380540265,0.12,0.12
1791330751.653301,759.2337112067776,266.1466149947023,-15.27777507146594,159.7291984015783,0.866074934884335,2.3449766925459388,0.0,1.0,0.0,-0.5,1,braking,770.5718028167788,252.24174014756468,760.6224762690817,267.16507601662204,0.12,0.12
1791330751.669983,760,268.45873756343246,-14.764509538238757,161.0160884406997,0.0,0.0,0.0,1.0,0.0,-0.5,1,braking,770.078962762092,270.39206146968536,761.0953005937323,267.3264252892752,0.12,0.12
1791330751.686773,759.9999779280228,268.45865381466825,-14.764565616117949,-14.764565616117949,-2.2071977248776553e-05,-8.374876423133936e-05,0.0,1.0,0.0,1.0,0,idle,740.3672120910817,286.5867609416929,760.0588752002213,268.28936251057013,0.12,0.12
1791330751.7038841,760,268.4592756706994,-14.764234519206568,165.235798923828,0.0,0.0,0.0,1.0,0.0,1.0,0,idle,756.1698778452043,277.1225362380366,759.8644253324704,268.73102119694346,0.12,0.12
1791330751.7203672,760,268.4608898922127,-14.763670642846694,165.2363293571533,0.0,0.0,0.0,1.0,0.0,1.0,0,idle,754.0984811559402,297.45158477278,759.5761281236439,270.1670493757353,0.12,0.12
1791330751.7381508,760,268.4644232917597,-14.762778977440805,165.2372210225592,0.0,0.0,0.0,1.0,0.0,1.0,0,idle,749.1307747248203,245.78325973109204,759.0538604537028,268.94785989350316,0.12,0.12
1791330751.755114,760,268.470171629523,-14.761730974912433,165.2382690250876,0.0,0.0,0.0,1.0,0.0,1.0,0,idle,770.6914708315837,275.69133203748953,759.6357409725969,269.28503350070247,0.12,0.12
1791330751.7716548,760,268.47822435330534,-14.760670291924857,165.23932970807516,0.0,0.0,0.0,1.0,0.0,1.0,0,idle,772.7521889748031,263.16592034853386,760.2915633727072,268.97907784309405,0.12,0.12
1791330751.7891462,760,268.48854048147314,-14.75968856965434,165.24031143034568,0.0,0.0,0.0,1.0,0.0,1.0,0,idle,755.4021008775587,285.3302366017815,760.0470902479498,269.79663578102844,0.12,0.12
1791330751.805016,760,268.5010006347219,-14.758831871363341,165.24116812863664,0.0,0.0,0.0,1.0,0.0,1.0,0,idle,792.1301147982567,269.11766817465167,761.6512414754651,269.7626874007096,0.12,0.12
1791330751.822025,760,268.51544225477494,-14.758114481883306,165.2418855181167,0.0,0.0,0.0,1.0,0.0,1.0,0,idle,759.894192475108,259.2216561376809,761.5633890254472,269.23563583755816,0.12,0.12
1791330751.8385952,760,268.53168303148294,-14.757531598589836,165.24246840141015,0.0,0.0,0.0,1.0,0.0,1.0,0,idle,776.1321313473558,283.2370692686991,762.2918261415426,269.9357075091152,0.12,0.12
1791330751.856087,760,268.5495361128476,-14.757068658895454,165.24293134110457,0.0,0.0,0.0,1.0,0.0,1.0,0,idle,752.2687642223389,285.25864317775466,761.7906730455825,270.7018542925472,0.12,0.12
1791330751.872582,760,268.5688196352929,-14.756707386755616,165.2432926132444,0.0,0.0,0.0,1.0,0.0,1.0,0,idle,771.0408632239762,273.71773914237144,762.2531825545021,270.8526485350384,0.12,0.12
1791330751.890128,760,268.58936236895613,-14.7564293235671,165.2435706764329,0.0,0.0,0.0,1.0,0.0,1.0,0,idle,767.2392721399787,275.32837428837735,762.502487033776,271.0764348227053,0.12,0.12
1791330751.907221,760,268.61100674201697,-14.756217649511438,165.24378235048857,0.0,0.0,0.0,1.0,0.0,1.0,0,idle,770.4673881519036,259.8926200821084,762.9007320896824,270.5172440856755,0.12,0.12
1791330751.92385,760,268.6336101294885,-14.756057938946755,165.24394206105325,0.0,0.0,0.0,1.0,0.0,1.0,0,idle,752.9081900788204,273.9289294493901,762.4011049891393,270.6878283538612,0.12,0.12
1791330751.940504,760,268.65704502250475,-14.755938303277434,165.24406169672255,0.0,0.0,0.0,1.0,0.0,1.0,0,idle,739.2034291570868,290.8823743734025,761.2412211975367,271.6975556548383,0.12,0.12
1791330751.958167,760,268.6811985030442,-14.755849216121675,165.24415078387833,0.0,0.0,0.0,1.0,0.0,1.0,0,idle,761.8721199328013,251.9224797652995,761.2727661342999,270.70880186036135,0.12,0.12
1791330751.975034,760,268.7059713139723,-14.755783200248166,165.24421679975183,0.0,0.0,0.0,1.0,0.0,1.0,0,idle,761.0122016637441,266.91112145604967,761.2597379107721,270.5189178401458,0.12,0.12
1791330751.990782,760,268.73127671927546,-14.755734478357251,165.24426552164275,0.0,0.0,0.0,1.0,0.0,1.0,0,idle,742.0719162677842,253.84535775659407,760.3003468286227,269.6852398359682,0.12,0.12
1791330752.007675,760,268.7570392828939,-14.755698640858304,165.2443013591417,0.0,0.0,0.0,1.0,0.0,1.0,0,idle,765.6199753049958,253.7733252687974,760.5663282524413,268.8896441076097,0.12,0.12
1791330752.026114,760,268.77565273670893,-14.755679933459902,165.24432006654013,0.0,0.0,0.0,0.0,0.0,0.0,0,idle,748.2370914537415,281.5004830941942,759.9498664125063,269.5201860569389,0.12,0.12
1791330752.0422442,760,268.789100957694,-14.755670168081023,165.24432983191898,0.0,0.0,0.0,0.0,0.0,0.0,0,idle,753.0134253752117,282.94381274391725,759.6030443606415,270.1913673912878,0.12,0.12
1791330752.059353,760,268.7988172975834,-14.755665070492217,165.24433492950777,0.0,0.0,0.0,0.0,0.0,0.0,0,idle,749.9098979650147,287.290475856763,759.1183870408602,271.04632281456156,0.12,0.12
1791330752.0764039,760,268.8058373532394,-14.755662409519001,165.244337590481,0.0,0.0,0.0,0.0,0.0,0.0,0,idle,742.3648841485003,265.12926387487545,758.2807118962422,270.75046986757724,0.12,0.12
1791330752.092906,760,268.8109093434832,-14.755661020474351,165.24433897952565,0.0,0.0,0.0,0.0,0.0,0.0,0,idle,762.1803499787047,263.7240413762937,758.4756938003653,270.3991484430131,0.12,0.12
1791330752.109857,760,268.8145738564466,-14.755660295384363,165.24433970461564,0.0,0.0,0.0,0.0,0.0,0.0,0,idle,765.8103691528867,270.5626044446637,758.8424275679914,270.4073212430956,0.12,0.12
1791330752.12682,760,268.8172214670672,-14.755659916882857,165.24434008311715,0.0,0.0,0.0,0.0,0.0,0.0,0,idle,744.7094932851015,295.2886456178664,758.1357808538469,271.65138746183413,0.12,0.12
1791330752.143926,760,268.81913436574234,-14.755659719302706,165.2443402806973,0.0,0.0,0.0,0.0,0.0,0.0,0,idle,762.0058397824558,275.0443117173612,758.3292838002774,271.8210336746105,0.12,0.12
1791330752.160714,760,268.8205164350358,-14.755659616164632,165.24434038383538,0.0,0.0,0.0,0.0,0.0,0.0,0,idle,752.5000056399912,285.3737342007458,758.0378198922631,272.4986687009172,0.12,0.12
1791330752.177648,760,268.8215149801006,-14.755659562325912,165.2443404376741,0.0,0.0,0.0,0.0,0.0,0.0,0,idle,741.7457120415404,257.2339777697672,757.223214499727,271.7354341543597,0.12,0.12
1791330752.194688,760,268.82223642890995,-14.755659534221763,165.24434046577824,0.0,0.0,0.0,0.0,0.0,0.0,0,idle,773.2055883661517,256.66496008381284,758.0223331930482,270.9819104508324,0.12,0.12
1791330752.2122371,760,268.8227576756748,-14.755659519551223,165.24434048044878,0.0,0.0,0.0,0.0,0.0,0.0,0,idle,755.2435502747503,254.1119526591474,757.8833940471333,270.1384125612482,0.12,0.12
1791330752.2288,760,268.8231342764624,-14.755659511893109,165.2443404881069,0.0,0.0,0.0,0.0,0.0,0.0,0,idle,746.8806368080991,273.0038823674923,757.3332561851815,270.28168605156037,0.12,0.12
1791330752.2462661,760,268.8234063705314,-14.755659507895526,165.24434049210447,0.0,0.0,0.0,0.0,0.0,0.0,0,idle,762.3892574390129,273.5116036346759,757.5860562478731,270.44318193071615,0.12,0.12
1791330752.2627509,760,268.8236029584963,-14.755659505808763,165.24434049419125,0.0,0.0,0.0,0.0,0.0,0.0,0,idle,728.4370534257799,267.1375844662744,756.1286061067684,270.2779020574941,0.12,0.12
1791330752.2802188,760,268.8237449933009,-14.75565950471946,165.24434049528054,0.0,0.0,0.0,0.0,0.0,0.0,0,idle,772.351895387705,262.6395417294449,756.9397705708152,269.89598404109165,0.12,0.12
1791330752.29673,760,268.82384761344724,-14.755659504150838,165.24434049584917,0.0,0.0,0.0,0.0,0.0,0.0,0,idle,747.800332307681,274.6916967370818,756.4827986576585,270.13576967589114,0.12,0.12
1791330752.314212,760,268.82392175650295,-14.755659503854012,165.24434049614598,0.0,0.0,0.0,0.0,0.0,0.0,0,idle,756.760040173392,249.29632427036353,756.4966607334452,269.09379740561474,0.12,0.12
1791330752.3307478,760,268.8239753248607,-14.755659503699068,165.24434049630094,0.0,0.0,0.0,0.0,0.0,0.0,0,idle,773.5255013046151,284.24063872617285,757.3481027620037,269.8511394716426,0.12,0.12
1791330752.347327,760,268.8240140279992,-14.755659503618185,165.24434049638182,0.0,0.0,0.0,0.0,0.0,0.0,0,idle,774.8628477696805,254.30611652867285,758.2238400123875,269.07388832449413,0.12,0.12
1791330752.365031,760,268.82404199101677,-14.755659503575965,165.24434049642403,0.0,0.0,0.0,0.0,0.0,0.0,0,idle,739.4207069349645,279.85178754866956,757.2836833585164,269.6127832857029,0.12,0.12
1791330752.382517,760,268.82406219429697,-14.755659503553925,165.24434049644609,0.0,0.0,0.0,0.0,0.0,0.0,0,idle,766.10809642504,248.64326595614202,757.7249040118426,268.56430741922486,0.12,0.12
1791330752.3992908,760,268.82407679116693,-14.75565950354242,165.24434049645757,0.0,0.0,0.0,0.0,0.0,0.0,0,idle,771.0426475740762,281.396459529751,758.3907911899543,269.20591502475116,0.12,0.12
1791330752.416037,760,268.82408733740544,-14.755659503536414,165.2443404964636,0.0,0.0,0.0,0.0,0.0,0.0,0,idle,766.3233852758905,267.2403363466819,758.7874208942511,269.1076360908477,0.12,0.12
1791330752.432849,760,268.82409495706275,-14.755659503533279,165.24434049646675,0.0,0.0,0.0,0.0,0.0,0.0,0,idle,746.1539026626392,269.43448862714484,758.1557449826705,269.1239787176625,0.12,0.12
1791330752.450163,760,268.82410046226516,-14.755659503531643,165.24434049646837,0.0,0.0,0.0,0.0,0.0,0.0,0,idle,751.7265850845058,263.23400882809466,757.8342869877623,268.82948022318413,0.12,0.12
1791330752.4675462,760,268.8241044397739,-14.755659503530788,165.2443404964692,0.0,0.0,0.0,0.0,0.0,0.0,0,idle,754.6068164253473,274.4616777683514,757.6729134596416,269.1110901004425,0.12,0.12
1791330752.4838989,760,268.824107313524,-14.755659503530342,165.24434049646968,0.0,0.0,0.0,0.0,0.0,0.0,0,idle,771.1059563261937,262.3457932034608,758.3445656029692,268.7728252555934,0.12,0.12
1791330752.501405,760,268.8241093898084,-14.75565950353011,165.2443404964699,0.0,0.0,0.0,0.0,0.0,0.0,0,idle,761.4133350197806,288.5462536948426,758.4980040738097,269.76149667755584,0.12,0.12
1791330752.517872,760,268.82411088992393,-14.755659503529989,165.24434049647002,0.0,0.0,0.0,0.0,0.0,0.0,0,idle,757.9738021661364,256.65981835829893,758.471793978426,269.106412761593,0.12,0.12
1791330752.535219,760,268.8241119737574,-14.755659503529925,165.24434049647007,0.0,0.0,0.0,0.0,0.0,0.0,0,idle,734.8874907631564,278.7975437892004,757.2925788176625,269.59096931297336,0.12,0.12
1791330752.551677,760,268.82411275682705,-14.755659503529891,165.24434049647013,0.0,0.0,0.0,0.0,0.0,0.0,0,idle,764.4499588802547,274.5039180659976,757.6504478207921,269.83661675062456,0.12,0.12
1791330752.568369,760,268.8241133225949,-14.755659503529873,165.24434049647016,0.0,0.0,0.0,0.0,0.0,0.0,0,idle,766.8422676368934,268.6729666995853,758.1100388115972,269.7784342480726,0.12,0.12
1791330752.585152,760,268.82411373136216,-14.755659503529865,165.24434049647016,0.0,0.0,0.0,0.0,0.0,0.0,0,idle,764.2118147958255,276.8044803267864,758.4151276108086,270.1297365520083,0.12,0.12
1791330752.602203,760,268.8241140266965,-14.75565950352986,165.24434049647016,0.0,0.0,0.0,0.0,0.0,0.0,0,idle,777.8946451135907,256.4953057651738,759.3891034859477,269.4480150126666,0.12,0.12
1791330752.618386,760,268.8241142400756,-14.755659503529857,165.24434049647016,0.0,0.0,0.0,0.0,0.0,0.0,0,idle,760.1250012745876,270.18111648739955,759.4258983753797,269.48467008640324,0.12,0.12
1791330752.6359758,760,268.824114394242,-14.755659503529856,165.24434049647016,0.0,0.0,0.0,0.0,0.0,0.0,0,idle,762.4274667563334,296.8664701354864,759.5759767944273,270.85376008885737,0.12,0.12
1791330752.6525319,760,268.82411450562716,-14.755659503529856,165.24434049647016,0.0,0.0,0.0,0.0,0.0,0.0,0,idle,762.5090872574337,273.2518089649594,759.7226323175777,270.9736625326625,0.12,0.12
1791330752.66997,760,268.82411458610295,-14.755659503529856,165.24434049647016,0.0,0.0,0.0,0.0,0.0,0.0,0,idle,754.2915947828869,287.3331303976505,759.4510804408432,271.7916359259119,0.12,0.12
1791330752.686454,760,268.8241146442467,-14.755659503529856,165.24434049647016,0.0,0.0,0.0,0.0,0.0,0.0,0,idle,766.2629695278792,267.14130291033007,759.791674895195,271.55911927513284,0.12,0.12
1791330752.7039979,760,268.8241146862556,-14.755659503529856,165.24434049647016,0.0,0.0,0.0,0.0,0.0,0.0,0,idle,764.9338910353633,252.79455829454656,760.0487857022034,270.62089122610354,0.12,0.12
1791330752.7205188,760,268.824114716607,-14.755659503529856,165.24434049647016,0.0,0.0,0.0,0.0,0.0,0.0,0,idle,770.1397912417924,281.8354723463507,760.5533359791829,271.1816202821159,0.12,0.12
1791330752.738076,760,268.8241147385359,-14.755659503529856,165.24434049647016,0.0,0.0,0.0,0.0,0.0,0.0,0,idle,757.0645017664623,274.9418429407996,760.3788942685468,271.3696314150501,0.12,0.12
1791330752.754745,760,268.82411475437954,-14.755659503529856,165.24434049647016,0.0,0.0,0.0,0.0,0.0,0.0,0,idle,764.1930084870276,270.51617303141154,760.5695999794708,271.32695849586815,0.12,0.12
1791330752.772289,760,268.82411476582655,-14.755659503529856,165.24434049647016,0.0,0.0,0.0,0.0,0.0,0.0,0,idle,760.1353371191268,241.04989289140642,760.5478868364536,269.81310521564507,0.12,0.12
1791330752.788909,760,268.82411477409704,-14.755659503529856,165.24434049647016,0.0,0.0,0.0,0.0,0.0,0.0,0,idle,757.1263352278709,277.3388760165311,760.3768092560244,270.18939375568937,0.12,0.12
1791330752.805619,760,268.8241147800725,-14.755659503529856,165.24434049647016,0.0,0.0,0.0,0.0,0.0,0.0,0,idle,761.1977714878111,284.8632553286189,760.4178573676138,270.92308683433583,0.12,0.12
1791330752.8235579,760,268.82411478438974,-14.755659503529856,165.24434049647016,0.0,0.0,0.0,0.0,0.0,0.0,0,idle,759.3238746936913,259.13040401822707,760.3631582339177,270.3334526935304,0.12,0.12
1791330752.839901,760,268.82411478750896,-14.755659503529856,165.24434049647016,0.0,0.0,0.0,0.0,0.0,0.0,0,idle,765.5762303502071,291.0633991453982,760.6238118397322,271.36995001612377,0.12,0.12
1791330752.8571599,760,268.8241147897626,-14.755659503529856,165.24434049647016,0.0,0.0,0.0,0.0,0.0,0.0,0,idle,786.3260784754186,269.84390008954114,761.9089251715166,271.29364751979466,0.12,0.12
1791330752.8743439,760,268.8241147913908,-14.755659503529856,165.24434049647016,0.0,0.0,0.0,0.0,0.0,0.0,0,idle,744.6246657072742,265.59116960241755,761.0447121983044,271.0085236239258,0.12,0.12
1791330752.8913689,760,268.82411479256723,-14.755659503529856,165.24434049647016,0.0,0.0,0.0,0.0,0.0,0.0,0,idle,742.6996715506222,271.1193613681616,760.1274601659203,271.0140655111376,0.12,0.12
1791330752.908452,760,268.8241147934172,-14.755659503529856,165.24434049647016,0.0,0.0,0.0,0.0,0.0,0.0,0,idle,749.363565806868,259.17572073463936,759.5892654479677,270.42214827231265,0.12,0.12
1791330752.925266,760,268.8241147940313,-14.755659503529856,165.24434049647016,0.0,0.0,0.0,0.0,0.0,0.0,0,idle,770.6258843516299,259.95874144275984,760.1410963931509,269.89897793083503,0.12,0.12
1791330752.942492,760,268.82411479447495,-14.755659503529856,165.24434049647016,0.0,0.0,0.0,0.0,0.0,0.0,0,idle,752.5182913184278,270.8744315929754,759.7599561394147,269.94775061394205,0.12,0.12
1791330752.9586592,760,268.8241147947955,-14.755659503529856,165.24434049647016,0.0,0.0,0.0,0.0,0.0,0.0,0,idle,776.3250528060306,289.8251344628146,760.5882109727455,270.9416198063857,0.12,0.12
1791330752.97717,759.99983172032,268.823475880129,-14.755659503529863,-14.75565950352986,-0.00016827968003858956,-0.0006389146664947834,0.0,-1.0,0.0,-1.0,0,idle,751.9587697181668,276.38840585834043,760.1565790443206,271.2133521400503,0.12,0.12
1791330752.9925718,759.9989642843336,268.82018244877816,-14.755659503529888,-14.755659503529886,-0.000867435986396171,-0.003293431350872488,0.0,-1.0,0.0,-1.0,0,idle,765.8844356454202,256.60844987837294,760.4421478101884,270.47997826718307,0.12,0.12
1791330753.010371,759.9964727071655,268.8107225710613,-14.755659503529934,-14.755659503529921,-0.0024915771680917233,-0.0094598777168597,0.0,-1.0,0.0,-1.0,0,idle,747.603515579276,262.609384389136,759.7978492003331,270.0774616894497,0.12,0.12
1791330753.02754,759.9910893733085,268.79028343690624,-14.755659503529996,-14.755659503529971,-0.005383333857007795,-0.02043913415506523,0.0,-1.0,0.0,-1.0,0,idle,775.4332397326895,272.7342098360403,760.5745045597868,270.1908819193319,0.12,0.12
1791330753.043545,759.981290610006,268.75308005271876,-14.75565950353007,-14.755659503530028,-0.009798763302408437,-0.0372033841874662,0.0,-1.0,0.0,-1.0,0,idle,757.5010052537625,262.2618247029783,760.4115207693483,269.7590858435361,0.12,0.12
1791330753.061098,759.9653909173354,268.69271300877347,-14.75565950353015,-14.755659503530092,-0.015899692670574044,-0.06036704394529192,0.0,-1.0,0.0,-1.0,0,idle,763.3497003900204,268.3197642190381,760.5433250423448,269.6297710705632,0.12,0.12
1791330753.0775812,759.9416302608513,268.6024999069315,-14.75565950353023,-14.755659503530163,-0.023760656484127327,-0.09021310184195569,0.0,-1.0,0.0,-1.0,0,idle,766.9548978791264,280.2893839426421,760.841331060524,270.0770492674173,0.12,0.12
1791330753.095104,759.9082476845772,268.47575485023765,-14.755659503530307,-14.755659503530229,-0.033382576274118975,-0.12674505669385513,0.0,-1.0,0.0,-1.0,0,idle,763.0135048534577,250.70440038477267,760.9182263027103,268.98800901942593,0.12,0.12
1791330753.111598,759.8635391218845,268.30600793595966,-14.755659503530376,-14.755659503530293,-0.04470856269266295,-0.16974691427801936,0.0,-1.0,0.0,-1.0,0,idle,747.0226290070257,265.8083891711468,760.1809733033681,268.6677684584479,0.12,0.12
1791330753.12918,759.8058998450343,268.08716642558056,-14.755659503530438,-14.755659503530353,-0.05763927685021321,-0.2188415103790795,0.0,-1.0,0.0,-1.0,0,idle,747.302080137836,281.62307664430443,759.4822713320838,269.10763443288056,0.12,0.12
1791330753.145798,759.7338532782951,267.8136241407977,-14.755659503530492,-14.755659503530406,-0.07204656673922297,-0.2735422847828516,0.0,-1.0,0.0,-1.0,0,idle,764.8733327615097,250.63630429604603,759.6833801651528,267.9242027554951,0.12,0.12
1791330753.162621,759.6460684126274,267.4803275826006,-14.755659503530536,-14.755659503530458,-0.08778486566770467,-0.3332965581970845,0.0,-1.0,0.0,-1.0,0,idle,780.38960494976,266.6494121719872,760.6352957819988,267.54383149603245,0.12,0.12
1791330753.179486,759.5413681290534,267.08280753296464,-14.755659503530573,-14.755659503530499,-0.10470028357410816,-0.397520049635924,0.0,-1.0,0.0,-1.0,0,idle,760.5648594804002,276.31094958122253,760.5323086975235,267.6045433531378,0.12,0.12
1791330753.19677,759.4187305696444,266.6171842601395,-14.755659503530604,-14.755659503530538,-0.12263755940901519,-0.4656232728251751,0.0,-1.0,0.0,-1.0,0,idle,759.4502004259297,272.4076026140585,760.3616976025053,267.4023542069999,0.12,0.12
1791330753.21355,759.2772854167875,266.0801533919796,-14.755659503530628,-14.75565950353057,-0.14144515285677922,-0.537030868159866,0.0,-1.0,0.0,-1.0,0,idle,763.8498054322539,263.3188224972379,760.4017300987787,266.68799829675993,0.12,0.12
1791330753.2314339,759.1163066285819,265.46895833411213,-14.755659503530648,-14.755659503530598,-0.160978788205585,-0.6111950578674419,0.0,-1.0,0.0,-1.0,0,idle,778.1089585996109,271.45394597404595,761.134161675025,266.34566037565014,0.12,0.12
1791330753.247608,758.9352028733359,264.7813539521845,-14.755659503530664,-14.755659503530618,-0.18110375524595881,-0.6876043819276582,0.0,-1.0,0.0,-1.0,0,idle,783.5973708785382,265.3725174519103,762.085273567717,265.64377906663185,0.12,0.12
1791330753.264727,758.7335066309055,264.0155651924473,-14.755659503530676,-14.755659503530635,-0.2016962424304828,-0.7657887597371493,0.0,-1.0,0.0,-1.0,0,idle,789.4305767533539,229.14202599270166,763.2609272966899,263.091192091185,0.12,0.12
1791330753.282018,758.5108626921074,263.1702434169861,-14.755659503530685,-14.755659503530651,-0.22264393879809116,-0.8453217754611775,0.0,-1.0,0.0,-1.0,0,idle,768.5812690617953,269.0852817657994,763.315432643087,262.5878408882276,0.12,0.12
1791330753.2992902,758.2670165913694,262.2444224854672,-14.755659503530692,-14.755659503530667,-0.2438461007379522,-0.9258209315189224,0.0,-1.0,0.0,-1.0,0,idle,781.6796070304969,253.13898992665094,764.0019875667564,261.23586845520583,0.12,0.12
1791330753.3164952,758.0018033497905,261.2374760154331,-14.755659503530698,-14.755659503530675,-0.2652132415788274,-1.0069464700341095,0.0,-1.0,0.0,-1.0,0,idle,768.4758088481883,260.996997793279,763.9737260513281,260.2673257755771,0.12,0.12
1791330753.3327281,757.715136781593,260.1490767816506,-14.755659503530703,-14.755659503530683,-0.28666656819761,-1.0883992337825252,0.0,-1.0,0.0,-1.0,0,idle,768.5546750249931,253.98675933632893,763.9304402602236,258.9193181815213,0.12,0.12
1791330753.3498318,757.4069995215427,258.9791588527931,-14.755659503530707,-14.755659503530694,-0.3081372600501598,-1.1699179288575183,0.0,-1.0,0.0,-1.0,0,idle,765.6359573368635,265.35104209259293,763.7229857170079,258.12948234466023,0.12,0.12
1791330753.367043,757.0774338593186,257.7278827918941,-14.755659503530708,-14.755659503530696,-0.329565662224095,-1.2512760608989832,0.0,-1.0,0.0,-1.0,0,idle,757.0718654857055,258.3611637545211,763.0773423263298,256.9523541572992,0.12,0.12
1791330753.384213,756.7265334144175,256.3956040481061,-14.75565950353071,-14.7556595035307,-0.3509004449011196,-1.3322787437879877,0.0,-1.0,0.0,-1.0,0,idle,765.2295268323567,239.08673865739735,762.8515961289752,254.79340857570554,0.12,0.12
1791330753.40132,756.3544356479904,254.98284452606688,-14.755659503530712,-14.755659503530703,-0.3720977664271391,-1.412759522039247,0.0,-1.0,0.0,-1.0,0,idle,749.1806704937254,244.72298415701033,761.8145569691069,252.9477658088335,0.12,0.12
1791330753.4184802,755.9613151825861,253.49026722268428,-14.755659503530714,-14.755659503530707,-0.39312046540435674,-1.492577303382593,0.0,-1.0,0.0,-1.0,0,idle,750.2966855149194,250.7422393568681,760.8651989542634,251.41954104802176,0.12,0.12
1791330753.434743,755.5473778843419,251.91865375873698,-14.755659503530714,-14.755659503530707,-0.4139372982441447,-1.571613463947315,0.0,-1.0,0.0,-1.0,0,idle,756.8569150708494,269.4417778737611,760.2715443267607,250.82762009855878,0.12,0.12
1791330753.45224,755.1128556524292,250.26888459573752,-14.755659503530714,-14.75565950353071,-0.43452223191273853,-1.6497691629994526,0.0,-1.0,0.0,-1.0,0,idle,749.4260630952846,241.2911303847619,759.3164741448697,248.78351490801944,0.12,0.12
1791330753.469569,754.6580018557341,248.54192171018494,-14.755659503530714,-14.75565950353071,-0.45485379669508264,-1.7269628855525785,0.0,-1.0,0.0,-1.0,0,idle,759.4179576504135,244.19029925950719,758.8894372132867,246.91323938431887,0.12,0.12
1791330753.48612,754.1830873554333,246.73879349230592,-14.755659503530714,-14.75565950353071,-0.4749145003008487,-1.8031282178790289,0.0,-1.0,0.0,-1.0,0,idle,749.0503390885199,261.9908854483648,757.9463135317625,245.9541498805361,0.12,0.12
1791330753.5025878,753.6883970532173,244.86058164054805,-14.755659503530714,-14.755659503530712,-0.494690302215967,-1.8782118517578577,0.0,-1.0,0.0,-1.0,0,idle,740.2964207180667,253.0987221300535,756.5938631039725,244.527077233842,0.12,0.12
1791330753.520084,753.1742269076167,242.9084098333363,-14.755659503530714,-14.75565950353071,-0.5141701456005785,-1.9521718072117478,0.0,-1.0,0.0,-1.0,0,idle,758.0158871857444,256.7054311376432,756.1765026697406,243.28143171218088,0.12,0.12
1791330753.536576,752.6408813645752,240.88343397362075,-14.755659503530714,-14.755659503530712,-0.5333455430414712,-2.0249758597155476,0.0,-1.0,0.0,-1.0,0,idle,739.5559416827152,232.10517651924368,754.8387963544999,240.79889188580427,0.12,0.12
1791330753.55467,752.088671152655,238.786833817838,-14.755659503530714,-14.755659503530712,-0.5522102119201941,-2.09660015578278,0.0,-1.0,0.0,-1.0,0,idle,766.4015166583889,254.858138879158,754.8923326683702,239.51008408747833,0.12,0.12
1791330753.5713081,751.5179113977244,236.61980581786528,-14.755659503530714,-14.755659503530712,-0.570759754930543,-2.167027999972697,0.0,-1.0,0.0,-1.0,0,idle,760.300315625378,240.863942399384,754.6205100490365,237.51910040309954,0.12,0.12
1791330753.58721,750.9289200164502,234.3835570215233,-14.755659503530714,-14.755659503530712,-0.5889913812742379,-2.236248796341976,0.0,-1.0,0.0,-1.0,0,idle,746.0699732948855,226.0147055954875,753.6334413991184,234.81944430619404,0.12,0.12
1791330753.603764,750.3220163522418,232.07929989360827,-14.755659503530714,-14.755659503530712,-0.6069036642084543,-2.3042571279150454,0.0,-1.0,0.0,-1.0,0,idle,773.3987725292827,236.3490387126323,754.0451494746286,232.70687975499666,0.12,0.12
1791330753.621533,749.6975200213826,229.70824793494876,-14.755659503530714,-14.755659503530712,-0.6244963308591903,-2.371051958659498,0.0,-1.0,0.0,-1.0,0,idle,757.5155080436751,251.3950912831836,753.6253958887647,231.38879097067948,0.12,0.12
1791330753.640657,749.055749940872,227.2716119913713,-14.755659503530714,-14.755659503530712,-0.6417700805106111,-2.4366359435774654,0.0,-1.0,0.0,-1.0,0,idle,751.1292697110778,227.34378887027464,752.8909080033953,228.87173671926064,0.12,0.12
1791330753.6556768,748.3970235129681,224.77059715761922,-14.755659503530714,-14.755659503530712,-0.6587264279040075,-2.5010148337520635,0.0,-1.0,0.0,-1.0,0,idle,743.971956252988,227.0496914447183,751.8191703093662,226.40467036346905,0.12,0.12
1791330753.673524,747.7216559445571,222.20640019317497,-14.755659503530714,-14.755659503530712,-0.675367568410878,-2.5641969644442613,0.0,-1.0,0.0,-1.0,0,idle,750.2269791578268,232.5671724086203,751.0979615617988,224.27680834950456,0.12,0.12
1791330753.689701,747.0299596822879,219.58020737760683,-14.755659503530714,-14.755659503530712,-0.6916962622692985,-2.626192815568147,0.0,-1.0,0.0,-1.0,0,idle,766.6520105550101,220.4770347813878,751.2185525623036,221.591936496309,0.12,0.12
1791330753.7068942,746.3222439469056,216.8931927425588,-14.755659503530714,-14.755659503530712,-0.7077157353823406,-2.6870146350480373,0.0,-1.0,0.0,-1.0,0,idle,758.2555263240771,203.32273964690296,750.898071301779,218.12581275054305,0.12,0.12
1791330753.72464,745.5988143524391,214.14651662590003,-14.755659503530714,-14.755659503530715,-0.7234295944664717,-2.746676116658774,0.0,-1.0,0.0,-1.0,0,idle,740.7566919064409,208.07321158211187,749.703744217269,215.01384038129567,0.12,0.12
1791330753.740693,744.8599725978354,211.34132450094006,-14.755659503530714,-14.755659503530715,-0.7388417546037319,-2.805192124959973,0.0,-1.0,0.0,-1.0,0,idle,745.7593346894913,208.87296613513308,748.8046240740066,212.04186415027556,0.12,0.12
1791330753.7579021,744.1060162203424,208.47874604008837,-14.755659503530714,-14.755659503530715,-0.7539563774929298,-2.862578460851693,0.0,-1.0,0.0,-1.0,0,idle,747.8105523034565,221.65372335518416,748.0386619268608,209.8030075727119,0.12,0.12
1791330753.774981,743.3372384014302,205.55989437798505,-14.755659503530714,-14.755659503530715,-0.7687778189122141,-2.918851662103335,0.0,-1.0,0.0,-1.0,0,idle,741.8611811043872,209.42684607319129,746.9994489577705,207.0112904187377,0.12,0.12
1791330753.792104,742.5539278173312,202.58586554404212,-14.755659503530714,-14.755659503530712,-0.7833105840990584,-2.974028833942917,0.0,-1.0,0.0,-1.0,0,idle,760.5107165662105,207.33873048395304,746.9308672832984,204.2023350297527,0.12,0.12
1791330753.810126,741.7563685274059,199.55773803859663,-14.755659503530714,-14.755659503530712,-0.797559289925319,-3.0281275054454975,0.0,-1.0,0.0,-1.0,0,idle,732.9207000771736,192.8640948291953,745.4726775975631,200.75870188955162,0.12,0.12
1791330753.825999,740.9448398945096,196.4765725305629,-14.755659503530714,-14.755659503530712,-0.8115286328962681,-3.0811655080337363,0.0,-1.0,0.0,-1.0,0,idle,731.295434517094,206.13727376952116,743.9928632422882,198.10052325091806,0.12,0.12
1791330753.842968,740.1196165323745,193.34341165765565,-14.755659503530714,-14.75565950353071,-0.8252233621351611,-3.1331608729072418,0.0,-1.0,0.0,-1.0,0,idle,733.6096726788718,187.6321691809285,742.689741520089,194.6006027181567,0.12,0.12
1791330753.860917,739.2819207085873,190.15902963896707,-14.690257685383337,-14.738523846997833,-0.8376958237871845,-3.1843820186885763,1.0,-1.0,1.0,-1.0,0,idle,744.1594867821667,208.98640920129236,741.9674177505951,192.29473012455932,0.12,0.12
1791330753.876553,738.4351474709906,186.92361944626666,-14.463242875296345,-14.666514018632645,-0.8467732375967646,-3.2354101927004164,1.0,-1.0,1.0,-1.0,0,idle,752.6865122976899,188.03538085446567,741.698937902233,189.00812297798925,0.12,0.12
1791330753.8925729,737.5852720121901,183.63672527567581,-14.018152687639773,-14.497170547629352,-0.8498754588005342,-3.286894170590854,1.0,-1.0,1.0,-1.0,0,idle,738.0101859595212,197.9722827164561,740.7071186192369,186.33378150285128,0.12,0.12
1791330753.910141,736.7407953673351,180.2973405529382,-13.325731723816531,-14.191653408760237,-0.8444766448550847,-3.339384722737596,1.0,-1.0,1.0,-1.0,0,idle,739.8448093874849,177.04619359120412,739.861750345037,182.69698662066818,0.12,0.12
1791330753.926145,735.9124530716019,176.90411155177995,-12.37500076823562,-13.718522367374241,-0.8283422957330945,-3.3932290011582698,1.0,-1.0,1.0,-1.0,0,idle,737.7313771555819,159.24037766326433,738.9683065046178,178.30058862169764,0.12,0.12
1791330753.942602,735.1128217088735,173.4555994799275,-11.166982456013908,-13.054874960714608,-0.7996313627284154,-3.4485120718524334,1.0,-1.0,1.0,-1.0,0,idle,746.1741268852818,158.75540639786286,738.568947729059,174.0472430422461,0.12,0.12
1791330753.959666,734.3558998264718,169.95056454816333,-9.710331193465997,-12.18604584882164,-0.7569218824017103,-3.5050349317641807,1.0,-1.0,1.0,-1.0,0,idle,733.4066647014813,166.35839416504115,737.5917577893986,170.33301741320986,0.12,0.12
1791330753.976403,733.6480006148494,166.40138698907086,-8.661468508927683,-11.279873110356133,-0.7078992116224496,-3.54917755909247,1.0,-1.0,0.0,0.5,1,braking,744.2507023294571,165.1499229164198,737.2522007653602,166.7021440072325,0.12,0.12
1791330753.992341,732.9901105155973,162.825868031934,-7.911582065952781,-10.425725000093001,-0.6578900992520808,-3.5755189571368664,1.0,-1.0,0.0,0.5,1,braking,717.4050753628493,155.47164838749373,735.6348489009451,162.74387621696553,0.12,0.12
1791330754.0091178,732.3799420825154,159.24257431706152,-7.377901160965559,-9.66371728001621,-0.6101684330818882,-3.583293714872481,1.0,-1.0,0.0,0.5,1,braking,712.1635725848398,169.11454252355526,733.8816250737121,159.65828050316617,0.12,0.12
1791330754.02612,731.8134565609455,155.6684089711146,-6.999155465972484,-9.006151097006118,-0.5664855215699539,-3.574165345946946,1.0,-1.0,0.0,0.5,1,braking,734.9405067081913,144.35015477182355,733.3964079099446,155.49741713794944,0.12,0.12
1791330754.0425951,731.2858873302488,152.11753365294996,-6.730784222207109,-8.450866427256994,-0.5275692306967054,-3.550875318164623,1.0,-1.0,0.0,0.5,1,braking,734.0645273486938,132.49997934857305,732.9286231127202,150.9742136962242,0.12,0.12
1791330754.0604239,730.7923741225826,148.60107567428784,-6.540753027862808,-7.988931221585186,-0.49351320766618084,-3.516457978662121,1.0,-1.0,0.0,0.5,1,braking,734.8914946609735,160.83283598528487,732.55792914285,148.12650973094824,0.12,0.12
1791330754.077482,730.3283265632332,145.12730069656294,-6.4062120875304585,-7.608864415577049,-0.46404755934937675,-3.473774977724891,1.0,-1.0,0.0,0.5,1,braking,740.9633011546391,159.4054097339196,732.5373525620574,145.39036850225816,0.12,0.12
1791330754.094261,729.8896857603953,141.7027235608528,-6.311023444984831,-7.299051108219901,-0.43864080283789464,-3.4245771357101282,1.0,-1.0,0.0,0.5,1,braking,735.4761211540284,151.35507484601766,732.26758222896,142.4352555405215,0.12,0.12
1791330754.111243,729.4730407247351,138.3330272623259,-6.2437687837835965,-7.048544454319416,-0.4166450356601803,-3.3696962985268915,1.0,-1.0,0.0,0.5,1,braking,732.7847458779518,134.6746250435569,731.8976276275324,138.84601253207273,0.12,0.12
1791330754.128841,729.0756283377436,135.02350787341936,-6.196335104463607,-6.847382395047203,-0.3974123869915375,-3.309519388906556,0.0,-1.0,0.0,0.5,1,steering,733.6590887113225,113.65054053626133,731.60815891408,134.44219551282094,0.12,0.12
1791330754.144577,728.6945336393417,131.77698325574121,-6.199749271632994,-6.695050953242187,-0.3810946984020052,-3.2465246176781593,0.0,-1.0,-1.0,0.0,1,steering,737.3033789500762,114.1479970837469,731.530879952398,130.34328720457302,0.12,0.12
1791330754.162134,728.326430522722,128.59470894379314,-6.282615733640254,-6.598248472895499,-0.36810311661963535,-3.1822743119480825,0.0,-1.0,-1.0,0.0,1,steering,721.6885721430102,142.1054002079733,730.68906660114,127.90823225839236,0.12,0.12
1791330754.1782022,727.9669253734825,125.47705177297601,-6.511329453963499,-6.577872565410749,-0.359505149239556,-3.1176571708171243,0.0,-1.0,-1.0,0.0,1,steering,725.6723730205347,126.70808843319547,730.0967020303322,124.88645075485624,0.12,0.12
1791330754.1951911,727.6105832553609,122.42390466002402,-6.915823752742021,-6.657047034302434,-0.356342118121551,-3.053147112951992,0.0,-1.0,-1.0,0.0,1,steering,750.0392194891898,119.0610025521845,730.7553028910595,121.69468858741827,0.12,0.12
1791330754.211971,727.2512472140982,119.43494754904758,-7.503352584065065,-6.855267578411666,-0.35933604126272356,-2.988957110976444,0.0,-1.0,-1.0,0.0,1,steering,741.6837743707869,122.06013440171435,730.9603572258462,118.87345162270546,0.12,0.12
1791330754.229117,726.882440221454,116.50981295248712,-8.26759125224279,-7.186051802096958,-0.3688069926442191,-2.925134596560458,0.0,-1.0,-1.0,0.0,1,steering,742.2833366999864,136.2696457631707,731.1761395565412,116.9643834629963,0.12,0.12
1791330754.245872,726.4977441612299,113.64818811471288,-9.194569238470496,-7.656525359115666,-0.3846960602240458,-2.861624837774247,0.0,-1.0,-1.0,0.0,1,steering,719.1425346664952,113.43459149644848,730.208998054826,114.06935026878337,0.12,0.12
1791330754.2626822,726.0911099330626,110.8498722760791,-10.266487835563817,-8.268002043842172,-0.40663422816724903,-2.7983158386337865,0.0,-1.0,-1.0,0.0,1,steering,719.8769100034165,116.99561952493912,729.3060911354967,111.55726368488907,0.12,0.12
1791330754.27982,725.6570853006153,108.11480100025094,-11.464136844762946,-9.016999811700607,-0.4340246324473377,-2.7350712758281563,0.0,-1.0,-1.0,0.0,1,steering,740.2353894733812,114.76698426006969,729.440232651566,109.11943200161134,0.12,0.12
1791330754.2966862,725.1909637505863,105.44304641828892,-12.768386857697717,-9.896373202253747,-0.4661215500289886,-2.6717545819620203,0.0,-1.0,-1.0,0.0,1,steering,713.8343084362037,113.70382411989368,728.2171209682704,106.81048475466154,0.12,0.12
1791330754.314354,724.6888651794962,102.83480057186371,-14.16107293095388,-10.896390349026598,-0.5020985710900623,-2.608245846425202,0.0,-1.0,-1.0,0.0,1,steering,727.6030724945783,78.72891672075107,727.7094249020502,102.92857279886208,0.12,0.12
1791330754.3305228,724.1477617568947,100.29034786747211,-15.625479155194046,-12.005672650837807,-0.5411034226014556,-2.544452704391598,0.0,-1.0,-1.0,0.0,1,steering,730.5124985238718,105.78445547358027,727.3355303316698,100.65413686342596,0.12,0.12
1791330754.347202,723.5654622100406,97.81003160962985,-17.146563804812768,-13.211968029162035,-0.5822995468541915,-2.48031625784226,0.0,-1.0,-1.0,0.0,1,steering,733.961438581855,63.513890119408856,727.1136411746676,96.44082408127495,0.12,0.12
1791330754.36383,722.9405664053065,95.39421856384155,-18.711018738947526,-14.502758073828184,-0.6248958047340444,-2.415813045788293,0.0,-1.0,-1.0,0.0,1,steering,721.83584795401,62.852069691154135,726.2561004991373,92.46636396827003,0.12,0.12
1791330754.380503,722.2724002336552,93.04326452222685,-20.307226091690485,-15.865714255172207,-0.6681661716513226,-2.350954041614696,0.0,-1.0,-1.0,0.0,1,steering,740.8374141345644,99.06630649432614,726.3504083178399,90.56295475503887,0.12,0.12
1791330754.398284,721.5609388579313,90.75748294922629,-21.92515464184251,-17.289024627347487,-0.7114613757238477,-2.2857815730005653,0.0,-1.0,-1.0,0.0,1,steering,707.7807077377081,82.8384330976341,724.7460349818956,88.0052361778181,0.12,0.12
1791330754.415006,720.8067245612214,88.53711800974122,-23.556224175230472,-18.761613814765507,-0.7542142967099659,-2.220364939485073,0.0,-1.0,-1.0,0.0,1,steering,718.7670628855058,76.69797796170728,723.7305827952016,85.33052657450175,0.12,0.12
1791330754.431818,720.0107838444457,86.38232264822992,-25.193156476788495,-20.27327787549281,-0.7959407167756779,-2.1547953615113062,0.0,-1.0,-1.0,0.0,1,steering,731.6615154423624,75.0201711487316,723.3709857466228,82.7679532097775,0.12,0.12
1791330754.4486341,719.1745470885755,84.2931418981832,-26.829824916882956,-21.814753243822267,-0.8362367558701234,-2.0891807500467263,0.0,-1.0,-1.0,0.0,1,steering,710.5373444628832,92.22619405546858,721.9348787643592,81.25614353951767,0.12,0.12
1791330754.465718,718.2997730177761,82.26950124737982,-28.46111000434383,-23.377736146677837,-0.8747740707993893,-2.0236406508033764,0.0,-1.0,-1.0,0.0,1,steering,736.1865806387767,76.77328277978849,721.8164284908206,79.10954188326801,0.12,0.12
1791330754.483528,717.3884793517167,80.31119964768583,-30.082765143539046,-24.95486608238317,-0.9112936660594806,-1.958301599694003,0.0,-1.0,-1.0,0.0,1,steering,723.0151493519812,81.05979713699038,721.0106355511222,77.34666812624484,0.12,0.12
1791330754.500271,716.4428803877729,78.4179066176456,-31.69129472297566,-26.53968435339126,-0.945598963943741,-1.893293030040219,0.0,-1.0,-1.0,0.0,1,steering,703.031209273528,90.27083361991119,719.2133452214958,76.19424802238994,0.12,0.12
1791330754.517256,715.4653317744372,76.58916282012903,-33.283845274372844,-28.12657634708805,-0.9775486133357254,-1.8287437975165672,0.0,-1.0,-1.0,0.0,1,steering,723.5669120143056,50.03552549388657,718.5023523784674,73.14900528832403,0.12,0.12
1791330754.534026,714.4582823948125,74.8243834860015,-34.858109557432684,-29.710704287345266,-1.0070493796246853,-1.7647793341275317,0.0,-1.0,-1.0,0.0,1,steering,735.1611690814511,73.63507078354928,718.3785963029732,71.49676819566413,0.12,0.12
1791330754.551074,713.4242330454751,73.12286408115733,-36.412242891640815,-31.287935527334977,-1.0340493493373626,-1.7015194048441673,0.0,-1.0,-1.0,0.0,1,steering,724.6003698768476,68.13835198970725,717.7073380997964,69.71240395076433,0.12,0.12
1791330754.5679932,712.3657014468378,71.4837876644962,-37.94479076141,-32.85477009766347,-1.0585315986374004,-1.6390764166611231,0.0,-1.0,-1.0,0.0,1,steering,714.2984947152394,76.52636569029654,716.531290911863,68.49597944191287,0.12,0.12
1791330754.585257,711.2851930359176,69.9062334478629,-39.45462658566864,-34.40827013175818,-1.0805084109201464,-1.577554216633306,0.0,-1.0,-1.0,0.0,1,steering,715.7703075685242,62.92892512095272,715.466758754322,66.71895022006322,0.12,0.12
1791330754.60225,710.1851769542934,68.38918613775934,-40.94089851169691,-35.94599292842123,-1.1000160816241933,-1.5170473101035653,0.0,-1.0,-1.0,0.0,1,steering,718.9001100957206,62.46500596771063,714.593411043849,65.0650580628472,0.12,0.12
1791330754.619447,709.068066639545,66.93154570728524,-42.402984126554664,-37.46592874531275,-1.1171103147483645,-1.4576404304741073,0.0,-1.0,-1.0,0.0,1,steering,698.7409039555728,62.395467798663624,712.7395308904241,63.54682014068762,0.12,0.12
1791330754.6362948,707.9362044470473,65.53213731167402,-43.840452050912546,-38.9664439143112,-1.1318621924977124,-1.3994083956112235,0.0,-1.0,-1.0,0.0,1,steering,726.1003675454589,94.38760040222787,712.332303640303,63.75942117793397,0.12,0.12
1791330754.652482,706.7918497625155,64.1897211198212,-45.25302947129508,-40.44622950040293,-1.1443546845317845,-1.3424161918528141,0.0,-1.0,-1.0,0.0,1,steering,724.0271034082009,48.40510396261084,711.8299066783927,61.716409934907645,0.12,0.12
1791330754.669163,705.6371701080824,62.90300188627884,-46.64057476567006,-41.90425546346674,-1.1546796544331088,-1.2867192335423607,0.0,-1.0,-1.0,0.0,1,steering,690.3442768596581,41.572025195961835,709.6586795157444,59.48680742609511,0.12,0.12
1791330754.6859462,704.4742347914569,61.67063813298957,-48.00305447631642,-43.33973010406575,-1.1629353166255685,-1.232363753289266,0.0,-1.0,-1.0,0.0,1,steering,692.2724810448714,55.04290486407803,707.6845810414065,58.093866732369456,0.12,0.12
1791330754.7032099,703.3050106956922,60.491250847737746,-49.340523978328925,-44.75206446070659,-1.1692240957646531,-1.1793872852518263,0.0,-1.0,-1.0,0.0,1,steering,687.141747656125,45.933361413045326,705.5466764811661,56.36542354541401,0.12,0.12
1791330754.720078,702.1313598540952,59.363431637393894,-50.653111279374585,-46.14084126089256,-1.1736508415970637,-1.1278192103438485,0.0,-1.0,-1.0,0.0,1,steering,713.7434327532156,58.66185541491341,704.8415459952514,55.40881688906232,0.12,0.12
1791330754.73646,700.9550384994078,58.28575029918687,-51.94100346517148,-47.505787998663294,-1.1763213546873441,-1.0776813382070234,0.0,-1.0,-1.0,0.0,1,steering,691.5900533303756,52.260153021829716,703.0614660750546,54.22758642440402,0.12,0.12
1791330754.754071,699.7776973177389,57.256761793191686,-53.20443537526632,-48.84675370684395,-1.1773411816689172,-1.0289885059951895,0.0,-1.0,-1.0,0.0,1,steering,694.0912585590555,32.24104179860001,701.4944815766692,52.1507201124184,0.12,0.12
1791330754.770717,698.6008826753543,56.27501261471509,-54.443680155245396,-50.16368900489418,-1.1768146423845305,-0.9817491784765987,0.0,-1.0,-1.0,0.0,1,steering,720.3695732308338,44.81885518115183,701.320262249112,50.8514651463023,0.12,0.12
1791330754.7878232,697.4260386202094,55.33904657700338,-55.659041385047324,-51.45662902693924,-1.174844055144914,-0.9359660377117092,0.0,-1.0,-1.0,0.0,1,steering,690.5642753519539,51.98752532990654,699.6663610518665,50.01910041965639,0.12,0.12
1791330754.8045151,696.2545094900548,54.447410023336445,-56.85084652924924,-52.72567886473551,-1.1715291301545554,-0.8916365536669341,0.0,-1.0,-1.0,0.0,1,steering,693.7555962078706,67.3271114720391,698.2578701360198,50.037446246291935,0.12,0.12
1791330754.822109,695.0875429852555,53.59865649368498,-58.01944149483112,-53.97100119367231,-1.1669665047993325,-0.8487535296514656,0.0,-1.0,-1.0,0.0,1,steering,694.5512152466898,49.469151113609605,696.9639192119939,49.202715636488925,0.12,0.12
1791330754.838665,693.9262935873726,52.791350875194254,-59.165186115753535,-55.19280578411534,-1.1612493978828649,-0.8073056184907241,0.0,-1.0,-1.0,0.0,1,steering,686.9424447964766,49.53271284967986,695.3596585632293,48.452275159582285,0.12,0.12
1791330754.8555012,692.7718262243781,52.02407306824397,-60.28845041244504,-56.39134063388042,-1.1544673629944864,-0.7672778069502841,0.0,-1.0,-1.0,0.0,1,steering,683.6422153763585,77.85685040486936,693.677042409041,49.19359000524387,0.12,0.12
1791330754.873114,691.6251201004027,51.29542120107664,-61.38961149866588,-57.56688448937265,-1.1467061239753753,-0.728651867167331,0.0,-1.0,-1.0,0.0,1,steering,695.8336405107791,46.076006786037624,692.6955014963512,48.34549157047459,0.12,0.12
1791330754.888803,690.4870726224806,50.60401442628172,-62.46905102880803,-58.71974055233766,-1.138047477922132,-0.6914067747949186,0.0,-1.0,-1.0,0.0,1,steering,720.9144788552974,44.92443158079889,693.0253052602725,47.517602134935636,0.12,0.12
1791330754.906395,689.3585033691385,49.94849533200968,-63.52715309605392,-59.85023119594011,-1.1285692533420548,-0.6555190942720462,0.0,-1.0,-1.0,0.0,1,steering,680.5891357382035,66.28459784499,691.3313559934941,47.833208780879914,0.12,0.12
1791330754.922152,688.2401580561667,49.32753199986294,-64.56430250642643,-60.95869353791768,-1.1183453129717402,-0.6209633321467352,0.0,-1.0,-1.0,0.0,1,steering,714.3517668022129,33.127712881347215,691.4199484866068,46.50801882036388,0.12,0.12
1791330754.938814,687.1327124637523,48.73981974012344,-65.58088336603787,-62.045475739895046,-1.1074455924143696,-0.5877122597395065,0.0,-1.0,-1.0,0.0,1,idle,709.7197697222032,44.26858354065981,691.282866235593,45.837720409626144,0.12,0.12
1791330754.955474,686.0367421538513,48.18250771709714,-66.29430401868265,-63.046201737090925,-1.0959703099011116,-0.5573120230263019,0.0,-1.0,0.0,-1.0,0,idle,696.254251432809,43.686824411445066,690.4902637010478,45.20072918784211,0.12,0.12
1791330754.972173,684.951607196392,47.65173730550736,-66.80054011057211,-63.93542633160367,-1.0851349574591964,-0.5307704115897788,0.0,-1.0,0.0,-1.0,0,idle,695.908768183228,35.78775049952439,689.7303107155705,44.22584836241593,0.12,0.12
1791330754.988807,683.875133479309,47.14306616265797,-67.16348465770719,-64.70764215763724,-1.0764737170829908,-0.5086711428493877,0.0,-1.0,0.0,-1.0,0,idle,668.8952505017024,47.17423417282961,687.6659076736482,43.890030067229695,0.12,0.12
1791330755.005505,682.8037123376747,46.65178465577797,-67.42623871028225,-65.36700147329395,-1.0714211416343962,-0.49128150687999955,0.0,-1.0,0.0,-1.0,0,idle,667.0738134637413,43.4174809723749,685.6184528786002,43.399685180950954,0.12,0.12
1791330755.0233028,681.7325913116716,46.173144465134335,-67.6181649333661,-65.92208501872432,-1.0711210260030672,-0.4786401906436416,0.0,-1.0,0.0,-1.0,0,idle,678.3545279862433,39.61822852440944,684.2376916592794,42.755904167012424,0.12,0.12
1791330755.0403368,680.6562250826626,45.70251929904744,-67.75946384213803,-66.38335964161533,-1.0763662290090505,-0.470625166086895,0.0,-1.0,0.0,-1.0,0,idle,681.4995082068469,39.81419983899094,683.0782345690992,42.1617250428288,0.12,0.12
1791330755.056981,679.5686157427261,45.23551413556667,-67.86418411294508,-66.76194995711622,-1.0876093399363895,-0.4670051634807732,0.0,-1.0,0.0,-1.0,0,idle,677.7871944707578,21.96843778424788,681.7804536912425,40.70840577459302,0.12,0.12
1791330755.073766,678.4636081349247,44.768035678732375,-67.94221220830033,-67.06898857358371,-1.1050076078014115,-0.46747845683429073,0.0,-1.0,0.0,-1.0,0,idle,679.8916867184287,55.75727428961503,680.6362581151905,41.01674466635154,0.12,0.12
1791330755.090712,677.3351275032377,44.296333703564464,-68.00059128699849,-67.31519903732556,-1.1284806316870393,-0.47170197516790713,0.0,-1.0,0.0,-1.0,0,idle,682.4152403868776,32.10089010684388,679.6531506286722,40.12283506196665,0.12,0.12
1791330755.107866,676.1773586956976,43.81702070760394,-68.04439942794335,-67.51058406626896,-1.157768807540069,-0.47931299596052845,0.0,-1.0,0.0,-1.0,0,idle,662.8313798161856,53.22833046299057,677.7121817208848,40.32276248585534,0.12,0.12
1791330755.12472,674.9848723153181,43.327075614187855,-68.07733869166404,-67.66419450694993,-1.1924863803795627,-0.48994509341608444,0.0,-1.0,0.0,-1.0,0,idle,658.8147862371371,49.51910711152283,675.6344498853368,40.31713187839344,0.12,0.12
1791330755.141731,673.7527058576109,42.82383600919505,-68.10213431932844,-67.78398595605246,-1.2321664577071574,-0.5032396049928074,0.0,-1.0,0.0,-1.0,0,idle,667.8101772894888,47.21061000987797,674.0726781207226,40.1837281602245,0.12,0.12
1791330755.15886,672.4764085008546,42.304982412925895,-68.12080876897463,-67.8767661668724,-1.2762973567562848,-0.51885359626915,0.0,-1.0,0.0,-1.0,0,idle,688.1651505176077,32.20900797094983,673.5648192516484,39.292081234305066,0.12,0.12
1791330755.1744719,671.1520577556148,41.76851731106489,-68.13487259829706,-67.94822258113295,-1.3243507452398537,-0.5364651018610074,0.0,-1.0,0.0,-1.0,0,idle,681.3163507665115,56.787638099367584,672.6942626194137,39.65721723079024,0.12,0.12
1791330755.19222,669.7831127113033,41.2154899818543,-68.14526970444352,-68.00224416026671,-1.368945044311533,-0.5530273292105913,0.0,0.0,0.0,0.0,0,idle,663.3361493313672,34.66833114726275,670.9258591629155,38.8823969638638,0.12,0.12
1791330755.208734,668.376748890702,40.648505858385555,-68.15286064825473,-68.04287243252982,-1.4063638206013502,-0.5669841234687452,0.0,0.0,0.0,0.0,0,idle,655.158274788411,23.622688074959335,668.801434314619,37.58077660212327,0.12,0.12
1791330755.2263198,666.9416144647366,40.07081321234309,-68.15835509847565,-68.07346120817489,-1.4351344259653427,-0.5776926460424622,0.0,0.0,0.0,0.0,0,idle,663.675286589337,26.97904625585164,667.1817492236878,36.501882071069346,0.12,0.12
1791330755.242869,665.4865126995919,40,-68.16230791919024,-68.0965766159824,0.0,0.0,0.0,0.0,0.0,0.0,0,idle,668.2269234126437,40.88621125995909,667.2340079331356,36.721098530513835,0.12,0.12
1791330755.259416,665.4821875897675,40,-68.162340532002,-68.162340532002,0.0,0.0,0.0,0.0,0.0,0.0,0,idle,663.2863363420342,37.27268887755254,667.0366243535805,36.74867804786577,0.12,0.12
1791330755.2769861,665.4790626975472,40,-68.16235755609277,-68.16235755609277,0.0,0.0,0.0,0.0,0.0,0.0,0,idle,656.6635554499956,45.00471209660092,666.5179709084013,37.16147975030253,0.12,0.12
1791330755.293482,665.4768049627777,40,-68.16236644277433,-68.16236644277433,0.0,0.0,0.0,0.0,0.0,0.0,0,idle,658.4480763041443,22.03351653774988,666.1144761781884,36.4050815896749,0.12,0.12
1791330755.3109848,665.4751737493539,40,-68.16237108167759,-68.16237108167759,0.0,0.0,0.0,0.0,0.0,0.0,0,idle,653.433906885146,66.67273173636707,665.4804477135363,37.91846409700951,0.12,0.12
1791330755.3274891,665.4739951976352,40,-68.16237350321407,-68.16237350321407,0.0,0.0,0.0,0.0,0.0,0.0,0,idle,667.921852086725,30.638681873952596,665.6025179321957,37.554474985856665,0.12,0.12
1791330755.344971,665.4731436940109,40,-68.16237476727125,-68.16237476727125,0.0,0.0,0.0,0.0,0.0,0.0,0,idle,678.2927077786699,44.129822539870545,666.2370274245194,37.88324236355736,0.12,0.12
1791330755.361537,665.4725284826395,40,-68.16237542711698,-68.16237542711698,0.0,0.0,0.0,0.0,0.0,0.0,0,idle,658.7968327896803,40.91792366091556,665.8650176927774,38.03497642842527,0.12,0.12
1791330755.379115,665.4720839924227,40,-68.16237577156059,-68.16237577156059,0.0,0.0,0.0,0.0,0.0,0.0,0,idle,638.7895884257525,37.11708009379213,664.5112462294262,37.989081611693614,0.12,0.12
1791330755.3963861,665.4721310406555,40.000018853797556,-68.1623757452193,111.8376242547807,4.704823293014063e-05,1.88537975545012e-05,0.0,1.0,0.0,1.0,0,idle,658.0966505788982,51.77741568151982,664.1905611427211,38.6785162262926,0.12,0.12
1791330755.413022,665.4731494039495,40.00042694597358,-68.16237534755261,111.83762463866827,0.0010183632939927529,0.0004080921760218107,0.0,1.0,0.0,1.0,0,idle,655.5532503468418,23.977290328146445,663.7596630480564,37.943842618952516,0.12,0.12
1791330755.430422,665.4774570426249,40.00215316070231,-68.16237431182205,111.83762550209303,0.004307638675419747,0.0017262147287317438,0.0,1.0,0.0,1.0,0,idle,659.625807181328,25.839861230721247,663.5570625114616,37.34028345353325,0.12,0.12
1791330755.446888,665.4887790614839,40.00669027222066,-68.1623726032823,111.8376268560881,0.011322018859052468,0.00453711151834215,0.0,1.0,0.0,1.0,0,idle,676.1213118078333,18.623229022617394,664.1960308941963,36.40874098792989,0.12,0.12
1791330755.463708,665.5120135576045,40.01600111251487,-68.16237035406962,111.83762862632639,0.02323449612063595,0.009310840294211455,0.0,1.0,0.0,1.0,0,idle,656.9205505647824,46.04122980348028,663.8543296490402,36.89921072698691,0.12,0.12
1791330755.481172,665.5529015536882,40.032386302850995,-68.1623677679395,111.83763069534884,0.04088799608365894,0.016385190336123574,0.0,1.0,0.0,1.0,0,idle,665.1382309114538,22.262194155923012,663.9573683084404,36.18292582925303,0.12,0.12
1791330755.4981241,665.6176865569358,40.05834782777325,-68.16236505076657,111.83763293565616,0.06478500324763345,0.025961524922250373,0.0,1.0,0.0,1.0,0,idle,645.7027570809435,47.60494116167717,663.1061835001508,36.77869004455037,0.12,0.12
1791330755.515192,665.7128080014489,40.09646618719327,-68.16236237334384,111.83763523045796,0.09512144451311175,0.03811835942002184,0.0,1.0,0.0,1.0,0,idle,667.0751810086423,34.03222902845695,663.3949987478628,36.67757943519473,0.12,0.12
1791330755.532352,665.8446478143018,40.14929883676467,-68.16235985831553,111.83763748412447,0.13183981285286364,0.05283264957139891,0.0,1.0,0.0,1.0,0,idle,663.2372157589034,33.58240175265804,663.512357420625,36.57301156816072,0.12,0.12
1791330755.548542,666.0193348129873,40.21930180313341,-68.16235758141221,111.83763962548335,0.17468699868551238,0.0700029663687383,0.0,1.0,0.0,1.0,0,idle,664.7559358287401,31.537670535511275,663.740488989782,36.387747334578556,0.12,0.12
1791330755.566176,666.2426037456299,40.30877319634449,-68.16235557944916,111.83764160678295,0.22326893264262973,0.08947139321107628,0.0,1.0,0.0,1.0,0,idle,665.8286021081942,25.82341314064713,664.0570001317132,35.94452844843251,0.12,0.12
1791330755.583078,666.5197019870516,40.419815819564235,-68.16235386033334,111.83764340042492,0.27709824142165107,0.11104262321974705,0.0,1.0,0.0,1.0,0,idle,676.9081872563875,27.14168802632599,664.9628028172974,35.60987691938594,0.12,0.12
1791330755.599584,666.855335550683,40.55431553402922,-68.16235241252028,111.83764499486317,0.33563356363140584,0.13449971446498601,0.0,1.0,0.0,1.0,0,idle,676.7708488915853,34.6090778716413,665.8720570064617,35.68761169574044,0.12,0.12
1791330755.617054,667.2536461090281,40.7139320502248,-68.16235121280944,111.83764639050727,0.39831055834507506,0.15961651619557943,0.0,1.0,0.0,1.0,0,idle,657.7571184233377,44.90664233849391,665.8447051077333,36.300198918263916,0.12,0.12
1791330755.633547,667.7182114686648,40.900099118145754,-68.16235023220635,111.83764759607209,0.4645653596366568,0.18616706792095217,0.0,1.0,0.0,1.0,0,idle,666.3658912217899,42.421303922623515,666.3121015050909,36.7831128830068,0.12,0.12
1791330755.651041,668.2520630133494,41.11403151729954,-68.16234944000456,111.83764862555863,0.5338515446845408,0.2139323991537851,0.0,1.0,0.0,1.0,0,idle,662.962433501043,43.56191368091463,666.6517770723389,37.325288702098284,0.12,0.12
1791330755.667626,668.8577147723223,41.356736705359836,-68.16234880641159,111.83764949589666,0.6056517589729239,0.2427051880603014,0.0,1.0,0.0,1.0,0,idle,661.6207897527754,50.24721718863959,666.975596877385,38.201955055082635,0.12,0.12
1791330755.685441,669.5371998590068,41.62902942041285,-68.16234830407487,111.83765022519627,0.6794850866844546,0.2722927150530115,0.0,1.0,0.0,1.0,0,idle,684.9060520142751,48.720491940678556,668.5176304665798,38.9865599786628,0.12,0.12
1791330755.7019908,670.292110993188,41.931547919608825,-68.16234790882842,111.83765083151762,0.7549111341811214,0.3025184991959778,0.0,1.0,0.0,1.0,0,idle,669.3397435459129,50.964380564933485,669.2759016980185,39.87284358221251,0.12,0.12
1791330755.7187011,671.1236426429099,42.26477086689689,-68.1623475999203,111.83765133205814,0.8315316497219443,0.3332229472880656,0.0,1.0,0.0,1.0,0,idle,668.1630638425632,74.19974381584319,670.0102148724816,41.905750393817705,0.12,0.12
1791330755.735878,672.0326329993356,42.6290341538235,-68.16234735991766,111.83765174266068,0.9089903564257941,0.3642632869266083,0.0,1.0,0.0,1.0,0,idle,700.5545951860058,53.80025767760734,672.4009747267622,42.846525880587464,0.12,0.12
1791330755.752705,673.0196045396573,43.024547154511666,-68.16234717443035,111.83765207755887,0.9869715403216314,0.3955130006881713,0.0,1.0,0.0,1.0,0,idle,666.6054109049727,43.81135279584452,673.0488194989783,43.270504577004075,0.12,0.12
1791330755.76971,674.0848023564948,43.45140808559111,-68.1623470317485,111.83765234929021,1.0651978168375813,0.426860931079447,0.0,1.0,0.0,1.0,0,idle,659.3401206188353,41.347741072132806,673.3753224809668,43.57988428628599,0.12,0.12
1791330755.786953,675.2176108720763,43.90536292409612,-68.16234692582456,111.83765256295963,1.1328085155814303,0.45395483850500484,0.0,1.0,0.0,-0.5,1,braking,666.0748325600222,59.04218999803871,674.086466074722,44.78425666845338,0.12,0.12
1791330755.803336,676.4031411488745,44.38044516657424,-68.162346848833,111.83765272963012,1.1855302767982112,0.4750822424781262,0.0,1.0,0.0,-0.5,1,braking,667.3539557721464,44.36203015552257,674.8760943225516,45.21447347316106,0.12,0.12
1791330755.8194828,677.6259640144478,44.870471819052135,-68.16234679357896,111.83765285973342,1.2228228655733666,0.49002665247789534,0.0,1.0,0.0,-0.5,1,braking,678.0743129392413,50.67619181527391,676.1976869756808,45.9530847101207,0.12,0.12
1791330755.835683,678.872057545426,45.369823820062514,-68.16234675422008,111.83765296165207,1.246093530978111,0.49935200101037974,0.0,1.0,0.0,-0.5,1,braking,686.2324171936301,51.88304992958402,677.8832123410074,46.72396737205373,0.12,0.12
1791330755.85358,680.1296688131548,45.87379137142689,-68.16234672629633,111.8376530418084,1.2576112677288434,0.5039675513643749,0.0,1.0,0.0,-0.5,1,braking,666.9679910206587,40.3372590880205,678.5321819793323,46.88340113164823,0.12,0.12
1791330755.8702211,681.3895419287928,46.378665323689354,-68.16234670651966,111.83765310506526,1.2598731156379837,0.5048739522624633,0.0,1.0,0.0,-0.5,1,braking,668.2378540407956,58.573146453228574,679.2143450422616,47.94751865237659,0.12,0.12
1791330755.88726,682.6447256406475,46.88166007384039,-68.16234669251915,111.83765315510199,1.2551837118546814,0.5029947501510387,0.0,1.0,0.0,-0.5,1,braking,699.7366185233138,76.26463355169057,681.4328832425762,49.841219409985776,0.12,0.12
1791330755.904613,683.8895237282086,47.380492952549375,-68.1623466826277,111.83765319465417,1.2447980875611315,0.4988328787089802,0.0,1.0,0.0,-0.5,1,braking,689.6495666806638,53.826890911467935,683.0262755976636,50.51439421983341,0.12,0.12
1791330755.921064,685.1187440985777,47.87308331159064,-68.16234667566458,111.8376532258419,1.2292203703691769,0.4925903590412686,0.0,1.0,0.0,-0.5,1,braking,673.9199506200262,50.802585749661446,683.7387187006324,50.99676463741402,0.12,0.12
1791330755.937809,686.3273607712687,48.35741706966466,-68.16234667078554,111.83765325036337,1.2086166726909728,0.4843337580740248,0.0,1.0,0.0,-0.5,1,steering,693.4300998948967,32.771760608277425,685.371473599402,50.545631506127506,0.12,0.12
1791330755.954823,687.5125729273177,48.83250052657406,-68.13955987915647,111.84301314041848,1.1852121560490612,0.47508345690939885,0.0,1.0,-1.0,0.0,1,steering,683.2666808289611,42.2665481614976,686.3921855091265,50.583006622959935,0.12,0.12
1791330755.9724748,688.672942058633,49.298139760372884,-68.06359351132333,111.86487280234117,1.1603691313152527,0.4656392337988229,0.0,1.0,-1.0,0.0,1,steering,694.1907176277965,55.95907358655675,687.8844627898095,51.29416724324866,0.12,0.12
1791330755.9891598,689.807848267794,49.75471524054173,-67.92022256036604,111.91504086318555,1.1349062091609985,0.4565754801688451,0.0,1.0,-1.0,0.0,1,steering,683.0648722823181,69.0926066077644,688.721644163138,52.61783591763485,0.12,0.12
1791330756.005302,690.9171510322033,50.20298361812385,-67.7051749401937,112.0035950806744,1.1093027644092635,0.4482683775821235,0.0,1.0,-1.0,0.0,1,steering,694.3016581069654,59.08923186087494,690.054482486518,53.36726067349987,0.12,0.12
1791330756.022124,692.0009805322281,50.64391719426479,-67.42012081822878,112.13793120545365,1.083829500024865,0.4409335761409382,0.0,0.0,-1.0,0.0,1,steering,672.0382747553057,68.65231926619438,690.1833101249811,54.550400500468484,0.12,0.12
1791330756.037786,693.0596119030647,51.078581320817975,-67.07009871610207,112.3225940285312,1.0586313708365203,0.4346641265531887,0.0,0.0,-1.0,0.0,1,steering,671.3625693092133,41.867331375737244,690.2479728864874,54.32917796445745,0.12,0.12
1791330756.053837,694.093391694845,51.5080455252435,-66.66187558717829,112.5595146584303,1.033779791780275,0.42946420442553185,0.0,0.0,-1.0,0.0,1,steering,678.920272369135,43.21053451882678,690.6636786628111,54.18123678638017,0.12,0.12
1791330756.070409,695.1026967626267,51.9333226314518,-66.20291349184185,112.84843418031583,1.009305067781691,0.42527710620830006,0.0,0.0,-1.0,0.0,1,steering,707.8932395687609,63.653626058591946,692.4839965225012,55.05886950088864,0.12,0.12
1791330756.087184,696.087912896732,52.35533006304031,-65.70073099346072,113.18738493826544,0.9852161341052721,0.4220074315885087,0.0,0.0,-1.0,0.0,1,steering,716.5148307122225,69.0419394542698,694.6214935593873,56.15893005856678,0.12,0.12
1791330756.103779,697.049425108572,52.7748680746086,-65.16252208642868,113.57315672056531,0.9615122118400601,0.4195380115682836,0.0,0.0,-1.0,0.0,1,steering,690.9202146188109,58.985307710156064,695.3498662136066,56.69881005213612,0.12,0.12
1791330756.121321,697.9879522618437,53.19189621954604,-64.7833316397586,113.95764406417564,0.9385271532717097,0.4170281449374407,0.0,0.0,0.0,0.0,0,idle,683.3841976316492,40.351535174960134,695.6431835801168,56.277623045967886,0.12,0.12
1791330756.137899,698.904362372505,53.60596082880769,-64.51555983147388,114.31503725739589,0.9164101106613727,0.414064609261654,0.0,0.0,0.0,0.0,0,idle,685.5771224777161,46.17581609834054,696.010470130125,56.16589407738509,0.12,0.12
1791330756.1544461,699.7995625675984,54.016444015720964,-64.32623812274511,114.63324847722664,0.8952001950933521,0.4104831869132769,0.0,0.0,0.0,0.0,0,idle,683.1690503598255,62.59348996632716,696.2188393269487,56.87723289939981,0.12,0.12
1791330756.172002,700.6744371576282,54.422703550746235,-64.19229590100721,114.90841943526017,0.874874590029737,0.4062595350252692,0.0,0.0,0.0,0.0,0,idle,715.8665169443407,31.24323184240629,698.0323540683465,55.981479404824135,0.12,0.12
1791330756.1885262,701.5298159977881,54.82414638297669,-64.09750070877354,115.14140866780262,0.8553788401599427,0.40144283223045885,0.0,0.0,0.0,0.0,0,idle,690.0296946166247,48.410030026708355,698.4448309939123,55.984277626537285,0.12,0.12
1791330756.206086,702.3664613308162,55.22026249113816,-64.03039832076708,115.33557151079194,0.8366453330280081,0.39611610816146503,0.0,0.0,0.0,0.0,0,idle,730.7803024798711,17.69232079154274,700.8564176345869,54.44599008754095,0.12,0.12
1791330756.22268,703.1850654259463,55.61063571619074,-63.98289372663175,115.49538696649626,0.8186040951301132,0.39037322505258376,0.0,0.0,0.0,0.0,0,idle,699.7555077682845,38.870350212873745,701.5790460316455,54.03806265760755,0.12,0.12
1791330756.2403111,703.9862541163662,55.99494188798959,-63.94926121799272,115.62563637866364,0.8011886904199699,0.3843061717988493,0.0,0.0,0.0,0.0,0,idle,706.9827640375732,41.41525662582015,702.6103611878408,53.772013219227084,0.12,0.12
1791330756.25664,704.770593195256,56.37294053419678,-63.92544910240521,115.73093735535016,0.784339078889717,0.37799864620718865,0.0,0.0,0.0,0.0,0,idle,728.6161007639242,54.380691453664966,704.6557702915902,54.161545844845804,0.12,0.12
1791330756.273699,705.5385958477445,56.7444639116445,-63.90858956451949,115.81550227198548,0.768002652488602,0.3715233774477254,0.0,0.0,0.0,0.0,0,idle,714.8486160100396,53.05473905176194,705.8950150973768,54.45915271376695,0.12,0.12
1791330756.2911968,706.2907300788431,57.10940550031149,-63.89665246426836,115.88303512677138,0.7521342310986099,0.36494158866699006,0.0,0.0,0.0,0.0,0,idle,688.5975418286916,54.61807576928596,705.7446689534862,54.813793375776534,0.12,0.12
1791330756.307894,707.0274255896118,57.467709109208954,-63.88820054229442,115.9367104895774,0.7366955107686197,0.3583036088974617,0.0,0.0,0.0,0.0,0,idle,712.9778304328363,74.63445918247558,706.806187762684,56.14521509456408,0.12,0.12
1791330756.324655,707.7490798547491,57.819359142519076,-63.88221622840197,115.9791983986839,0.7216542651373216,0.3516500333101236,0.0,0.0,0.0,0.0,0,idle,676.9643434431898,58.52341813982049,705.9996670985897,56.598192778471514,0.12,0.12
1791330756.342609,708.4560633318636,58.16437222093193,-63.877979069513174,116.01271245287218,0.7069834771144466,0.34501307841285267,0.0,0.0,0.0,0.0,0,idle,702.5400128684375,44.45379315110738,706.4983186903409,56.31873522159552,0.12,0.12
1791330756.360041,709.1487238310532,58.502790154966334,-63.87497896657694,116.03906717332798,0.6926604991896527,0.3384179340344009,0.0,0.0,0.0,0.0,0,idle,705.9415401333637,61.564710894703055,707.1285072367222,56.902531042583576,0.12,0.12
1791330756.376943,709.8273901229338,58.83467416453927,-63.87285475255193,116.0597364523544,0.6786662918805824,0.3318840095729393,0.0,0.0,0.0,0.0,0,idle,706.2334680857025,58.74101419374922,707.7284882564578,57.30974500923615,0.12,0.12
1791330756.393677,710.4923748833448,59.16010019398656,-63.87135070735032,116.07590858054675,0.664984760411015,0.32542602944728394,0.0,0.0,0.0,0.0,0,idle,698.9938849371705,69.99737337883535,707.9234936128839,58.253281155691035,0.12,0.12
1791330756.4121149,711.1439504685492,59.479209377151655,-63.8499625077385,116.0933050901932,0.6515755852043016,0.319109183165099,-1.0,0.0,-1.0,0.0,0,idle,700.5031593142016,79.6586866151124,708.171473703894,59.62670515266895,0.12,0.12
1791330756.427352,711.7823409117758,59.79222503118171,-63.79447673424054,116.11964071063885,0.6383904432266734,0.3130156540300535,-1.0,0.0,-1.0,0.0,0,idle,728.4418185634962,45.84428140159065,709.7914618679393,59.234948836443586,0.12,0.12
1791330756.444084,712.4077271207011,60.09944217388019,-63.69860442522525,116.1622958081508,0.6253862089252968,0.3072171426984863,-1.0,0.0,-1.0,0.0,0,idle,719.0559319356372,78.61483588543892,710.8488022698033,60.49579947445691,0.12,0.12
1791330756.4607282,713.0202572214201,60.40120607677803,-63.56100285577352,116.2272339218341,0.6125301007190216,0.30176390289783767,-1.0,0.0,-1.0,0.0,0,idle,713.7857575418618,29.569233608055697,711.5775536290893,59.2361468888898,0.12,0.12
1791330756.478272,713.6200577886724,60.69788880266745,-63.38329183502387,116.31863891944025,0.5998005672522537,0.29668272588941613,-1.0,0.0,-1.0,0.0,0,idle,713.93030163005,56.14279793940123,712.265001568027,59.36332803101032,0.12,0.12
1791330756.494868,714.2072439319622,60.989868144433075,-63.168753165955266,116.43894259539269,0.5871861432898091,0.29197934176562335,-1.0,0.0,-1.0,0.0,0,idle,732.991230729435,66.18652701165645,713.8591398622227,59.98186835471997,0.12,0.12
1791330756.511459,714.7819274516876,61.277510767167435,-62.9214909694211,116.58904290407499,0.5746835197252979,0.28764262273435764,-1.0,0.0,-1.0,0.0,0,idle,708.5073382677258,51.942228135612766,714.1374991262369,59.85314683536225,0.12,0.12
1791330756.529144,715.3442229320937,61.56115992233402,-62.64589946811601,116.76859589317314,0.5622954804060349,0.28364915516658673,-1.0,0.0,-1.0,0.0,0,idle,706.1146043977086,62.679747637956915,714.2705350961962,60.263943572900246,0.12,0.12
1791330756.545872,715.8942519497763,61.84112737803586,-62.34633465881859,116.97631615635858,0.550029017682588,0.27996745570183956,-1.0,0.0,-1.0,0.0,0,idle,703.7036059474041,73.3518263975266,714.2647162055551,61.18430679704831,0.12,0.12
1791330756.562738,716.4321457002181,62.117688896510934,-62.02692062737173,117.21025219113459,0.5378937504418817,0.27656151847507493,-1.0,0.0,-1.0,0.0,0,idle,730.057634429112,53.26905388413369,715.5653611796528,61.0512775939539,0.12,0.12
1791330756.580409,716.9580463699764,62.39108250666255,-61.6914442733673,117.46802180574169,0.5259006697582577,0.27339361015161345,-1.0,0.0,-1.0,0.0,0,idle,712.8576662327984,70.11209760256384,715.9295820685804,61.764042524028426,0.12,0.12
1791330756.597363,717.4721075595166,62.66150885616363,-61.343307481536584,117.74700348389658,0.5140611895402324,0.2704263495010765,-1.0,0.0,-1.0,0.0,0,idle,702.3233499619564,78.61827672788887,715.7376285933125,62.863659266247474,0.12,0.12
1791330756.614382,717.9744940192764,62.92913301999707,-60.98551592176582,118.04448546511148,0.5023864597597802,0.2676241638334407,-1.0,0.0,-1.0,0.0,0,idle,723.305432439056,53.079449715483776,716.5932859223715,62.62869174435106,0.12,0.12
1791330756.629948,718.4653809140794,63.19408725345625,-60.62069045324885,118.3577771739909,0.49088689480301917,0.2649542334591864,-1.0,0.0,-1.0,0.0,0,idle,729.8211581701138,67.45375608294543,717.7210220848215,63.121651483067005,0.12,0.12
1791330756.646966,718.9449527857962,63.45647428768045,-60.25109170547728,118.68428875090069,0.4795718717167875,0.2623870342241996,-1.0,0.0,-1.0,0.0,0,idle,720.7005680736489,65.64091433904731,718.3255926623938,63.49688230837901,0.12,0.12
1791330756.664106,719.413402344337,63.71637086483634,-59.87865154985148,119.02158455550929,0.46844955854072634,0.2598965771558903,-1.0,0.0,-1.0,0.0,0,idle,713.4135891416405,61.457853360491185,718.5250195669698,63.641832609282716,0.12,0.12
1791330756.6806242,719.8709291836608,63.97383129405346,-59.50500733595555,119.36741610033084,0.457526839323789,0.2574604292171165,-1.0,0.0,-1.0,0.0,0,idle,735.6114221667316,68.70635565261827,719.8139901943156,64.13964616920576,0.12,0.12
1791330756.6984699,720.3177384923823,64.22889087746661,-59.13153625530241,119.71973920685289,0.4468093087215521,0.255059583413156,-1.0,0.0,-1.0,0.0,0,idle,755.2517605269828,57.44708947906225,722.0103475542344,64.04732493894109,0.12,0.12
1791330756.71554,720.7540398071288,64.4815691092519,-58.75938821814646,120.07671942998648,0.43630131474656186,0.25267823178527715,-1.0,0.0,-1.0,0.0,0,idle,715.0129475505776,41.510788173186754,722.0749638030608,63.16054242084939,0.12,0.12
1791330756.731797,721.1800458402389,64.73187259121632,-58.38951632547295,120.43672906282625,0.42600603311010765,0.25030348196441626,-1.0,0.0,-1.0,0.0,0,idle,706.2823331103425,87.1331298919975,721.6900379998795,64.59696010227299,0.12,0.12
1791330756.7488158,721.5959714008683,64.97979763842923,-58.022704485428136,120.79833836325615,0.4159255606293246,0.2479250472129177,-1.0,0.0,-1.0,0.0,0,idle,726.0311353270023,67.69094594772716,722.3022221488335,64.98718818939797,0.12,0.12
1791330756.767506,722.0006393582619,65.22443830489588,-57.664987930608355,121.15492020297168,0.4046679573936093,0.24464066646664834,-1.0,-1.0,-1.0,-1.0,0,idle,732.5268906061334,74.37496219267759,723.1978901312224,65.68898552270527,0.12,0.12
1791330756.78266,722.3899051589373,65.46291537039991,-57.33004030645732,121.49300942607314,0.3892658006754144,0.2384770655040245,-1.0,-1.0,-1.0,-1.0,0,idle,721.6285067739421,74.08285125359198,723.489223474,66.33523202147843,0.12,0.12
1791330756.79985,722.7564412962626,65.6901444187741,-57.03566219263406,121.79627546453989,0.3665361373253047,0.22722904837417868,-1.0,-1.0,-1.0,-1.0,0,idle,700.7718116644564,50.17521964087388,722.7015622139819,65.74309899840368,0.12,0.12
1791330756.816098,723.0901892369013,65.89907184678684,-56.80136034936465,122.04671627692093,0.3337479406388081,0.20892742801273648,-1.0,-1.0,-1.0,-1.0,0,idle,730.5099735123473,44.08242287639059,723.409043322507,64.85854624891513,0.12,0.12
1791330756.833217,723.3790651488398,66.08115121107683,-56.64673616560087,122.22335545979504,0.28887591193848206,0.1820793642899831,-1.0,-1.0,-1.0,-1.0,0,idle,723.895690609941,73.8297037370987,723.7078078032202,65.4800795193998,0.12,0.12
1791330756.849652,723.6096867479108,66.22692207018393,-56.59046192294348,122.29608344556233,0.2306215990710544,0.14577085910709586,-1.0,-1.0,-1.0,-1.0,0,idle,725.0602306456352,51.629647789479954,723.9945194644584,64.92604024905555,0.12,0.12
1791330756.865946,723.7680038246425,66.32660911023446,-56.649675172082844,122.19726755412897,0.15831707673167278,0.09968704005053092,-1.0,-1.0,-1.0,-1.0,0,idle,713.490120846015,65.58734966516793,723.6197007564314,65.05380840790916,0.12,0.12
1791330756.882485,723.8593517478798,66.38342403889074,-56.760598708450104,121.88003844596776,0.09134792323731628,0.05681492865627578,-1.0,-1.0,-1.0,-1.0,0,idle,727.938556503101,69.51517979173512,723.9224240708403,65.33085115932393,0.12,0.12
1791330756.8999228,723.8864224473517,66.39905010024385,-56.92855428919579,119.99489742195685,0.027070699471851076,0.01562606135312168,-1.0,-1.0,-1.0,-1.0,0,idle,715.7267345316458,59.965524785572164,723.5383567583789,65.0774295989218,0.12,0.12
1791330756.916378,723.8500753368155,66.37420244159588,-57.1580840000545,-55.64265706431403,-0.036347110536252045,-0.024847658647970686,-1.0,-1.0,-1.0,-1.0,0,idle,710.75937190936,53.072086815296956,722.8648777609185,64.45355718402499,0.12,0.12
1791330756.933781,723.7499312658314,66.30905051484827,-57.452986103843784,-56.952698052232314,-0.10014407098411848,-0.06515192674761176,-1.0,-1.0,-1.0,-1.0,0,idle,719.9455664734428,77.29200165084778,722.6237753291098,65.03358507695589,0.12,0.12
1791330756.951288,723.5848016301727,66.20353286614314,-57.81636953746612,-57.4214686577631,-0.1651296356586856,-0.10551764870512545,-1.0,-1.0,-1.0,-1.0,0,idle,736.4035039433528,75.0843207503893,723.1558886059462,65.43588009435769,0.12,0.12
1791330756.967935,723.3529938404722,66.05758847643709,-58.25071775420094,-57.80579945807647,-0.23180778970055332,-0.1459443897060495,-1.0,-1.0,-1.0,-1.0,0,idle,720.523093172733,47.20870133775687,722.8040314340701,64.3858739863069,0.12,0.12
1791330756.985444,723.0525253337788,65.87132378546184,-58.75795570010288,-58.20463870305133,-0.30046850669335834,-0.18626469097524861,-1.0,-1.0,-1.0,-1.0,0,idle,716.8274007880314,47.57690741162543,722.2197548204094,63.36847420114634,0.12,0.12
1791330757.002125,722.6812709890561,65.64513047307925,-59.339515918725844,-58.64739452092032,-0.371254344722714,-0.22619331238259235,-1.0,-1.0,-1.0,-1.0,0,idle,713.676750519778,79.86600222372404,721.4399129778913,63.97846695551176,0.12,0.12
1791330757.0187929,722.2370629358785,65.37976581394331,-59.996401328169796,-59.14640250626461,-0.4442080531775861,-0.2653646591359348,-1.0,-1.0,-1.0,-1.0,0,idle,731.5718695176523,61.23337504136927,721.5245131543606,63.5891159336255,0.12,0.12
1791330757.035316,721.7177570932771,65.07640481574025,-60.72924328526866,-59.707964998821076,-0.5193058426013976,-0.3033609982030616,-1.0,-1.0,-1.0,-1.0,0,idle,707.4003075930844,68.34064610554447,720.3249623258255,63.53849949392854,0.12,0.12
1791330757.051648,721.121277129648,64.73667127415655,-61.538354276679954,-60.33571633496899,-0.5964799636290655,-0.3397335415837024,-1.0,-1.0,-1.0,-1.0,0,idle,729.986829795784,66.5172450702546,720.2413997338757,63.36468990824032,0.12,0.12
1791330757.068863,720.4456437066134,64.36265322705512,-62.42377505468227,-61.03190523278232,-0.6756334230345364,-0.3740180471014295,-1.0,-1.0,-1.0,-1.0,0,idle,706.4837827200412,58.30750618026216,718.9116671313011,62.756513577095056,0.12,0.12
1791330757.0860312,719.6889946980407,63.956906982902844,-63.38531633944849,-61.79796476185174,-0.7566490085726911,-0.40574624415227845,-1.0,-1.0,-1.0,-1.0,0,idle,710.7332320203194,49.315024949412106,717.783928817608,61.69898021376625,0.12,0.12
1791330757.103256,718.8496004242168,63.52245286682314,-64.42259539246935,-62.634796836676706,-0.8393942738239314,-0.4344541160797045,-1.0,-1.0,-1.0,-1.0,0,idle,716.4518252245789,65.38283570612123,716.9198990778237,61.47044157810828,0.12,0.12
1791330757.1204329,717.9258766982553,63.06276501721354,-65.5350678659015,-63.54292831005513,-0.9237237259614914,-0.45968784960959114,-1.0,-1.0,-1.0,-1.0,0,idle,712.756014818261,65.09208579665184,715.8341673251822,61.214820331906346,0.12,0.12
1791330757.136631,716.9163975559114,62.58175693266084,-66.72205537722796,-64.52260400786471,-1.009479142343809,-0.4810080845527048,-1.0,-1.0,-1.0,-1.0,0,idle,722.8753945770799,50.83058338443221,715.2272235025505,60.238650804207566,0.12,0.12
1791330757.154293,715.8199088577961,62.083763977417505,-67.98276926706258,-65.57384655079802,-1.0964886981152522,-0.49799295524333176,-1.0,-1.0,-1.0,-1.0,0,idle,697.5064340872735,80.3843706788922,713.299519768577,60.77284349046063,0.12,0.12
1791330757.1716192,714.6353434563314,61.57352367537773,-69.31633098370312,-66.69649761810062,-1.1845654014647735,-0.5102403020397753,-1.0,-1.0,-1.0,-1.0,0,idle,706.7002751232886,52.29058747149762,711.8442204049211,59.86400240257469,0.12,0.12
1791330757.18897,713.3618382629782,61.056154334286845,-70.721789510449,-67.89024826848558,-1.273505193353245,-0.5173693410908838,-1.0,-1.0,-1.0,-1.0,0,idle,741.1336820776602,52.54800262317114,712.0988635548724,59.006701539568176,0.12,0.12
1791330757.2059698,711.9987532987752,60.53713232532454,-72.19813621706194,-69.15466245787954,-1.3630849642029559,-0.5190220089623013,-1.0,-1.0,-1.0,-1.0,0,idle,708.6008090443238,71.14579354508682,710.6290301133522,59.12058523132992,0.12,0.12
1791330757.223242,710.5456926357108,60.02226818335936,-73.74431747925117,-70.48919608984055,-1.45306066306446,-0.5148641419651813,-1.0,-1.0,-1.0,-1.0,0,idle,722.3959287556955,52.57125229143796,709.8369674155582,58.3039976494684,0.12,0.12
1791330757.24041,709.0025270170825,59.51768157817657,-75.35924537240984,-71.89321296081394,-1.5431656186283775,-0.504586605182787,-1.0,-1.0,-1.0,-1.0,0,idle,719.3815325010704,48.90544355933385,708.8481883321369,57.354712670038026,0.12,0.12
1791330757.2572422,707.3694178660738,59.029775127320825,-77.04180670968371,-73.36599842049209,-1.6331091510085816,-0.4879064508557459,-1.0,-1.0,-1.0,-1.0,0,idle,721.2127218439541,67.40218129402643,707.9149613142696,57.39357497292449,0.12,0.12
1791330757.2727969,705.6468423415819,58.56520696928709,-78.7908706607749,-74.90677125869463,-1.7225755244919347,-0.464568158033736,-1.0,-1.0,-1.0,-1.0,0,idle,689.1275196645345,80.69891333678923,705.3391424835155,58.11750214098568,0.12,0.12
1791330757.2896829,703.8356190702423,58.13086198561281,-80.60529515715761,-76.51469415082374,-1.8112232713395922,-0.4343449836742774,-1.0,-1.0,-1.0,-1.0,0,idle,703.588278683327,68.3659551816786,703.5309371857335,58.21729705852976,0.12,0.12
1791330757.3072,701.9369341673722,57.73382154719421,-82.48393226177778,-78.18888288813504,-1.898684902870006,-0.3970404384185977,-1.0,-1.0,-1.0,-1.0,0,idle,712.9884431592185,74.8264864392613,702.2000618266811,58.67056811106867,0.12,0.12
1791330757.323895,699.9529228560655,57.375909448918755,-83.8711422336473,-79.7739278378161,-1.9840113113067703,-0.357912098275459,0.0,-1.0,0.0,-1.0,0,idle,697.4843618907878,64.72642803186876,700.079466084145,58.63334461374699,0.12,0.12
1791330757.340825,697.8860619435019,57.05580775934936,-84.89937026035422,-81.1963529781513,-2.0668609125635644,-0.32010168956939306,0.0,-1.0,0.0,-1.0,0,idle,708.3705586512827,71.5075640969195,698.5305028455665,58.972958982814696,0.12,0.12
1791330757.358334,695.7388695090941,56.77044617382309,-85.66248541081042,-82.4297600841476,-2.147192434407804,-0.28536158552627267,0.0,-1.0,0.0,-1.0,0,idle,675.5128724944802,20.488582165041578,695.3397885153248,56.77764663567608,0.12,0.12
1791330757.3749819,693.5137662600835,56.515907112008534,-86.22886586938633,-83.47405873067298,-2.2251032490106386,-0.254539061814555,0.0,-1.0,0.0,-1.0,0,idle,678.4118988712058,43.04598341502593,692.3795459465588,55.84925136591974,0.12,0.12
1791330757.391692,691.2130212991658,56.28800228164653,-86.64899832473567,-84.34290837178946,-2.3007449609176365,-0.22790483036200482,0.0,-1.0,0.0,-1.0,0,idle,688.8405405075147,49.185926249869965,690.0168879617348,55.29957552127335,0.12,0.12
1791330757.4085052,688.838740522196,56.082625848171695,-86.96038978010641,-85.0561933073375,-2.3742807769698855,-0.20537643347483392,0.0,-1.0,0.0,-1.0,0,idle,694.3007039533613,43.49816143802014,687.9755120231948,54.5143972053096,0.12,0.12
1791330757.4270349,686.3928750954456,55.89595695018337,-87.1909707208022,-85.6356362818254,-2.445865426750447,-0.18666889798832548,0.0,-1.0,0.0,-1.0,0,idle,688.1573026199727,33.543036215277915,685.6610293976208,53.28849370271911,0.12,0.12
1791330757.442419,683.8772380639646,55.724562318169966,-87.36154979583353,-86.1023644387415,-2.515637031480956,-0.17139463201340105,0.0,-1.0,0.0,-1.0,0,idle,678.7936672416702,67.61978557925755,682.9278061099163,53.842233396133295,0.12,0.12
1791330757.459213,681.2935229903121,55.56543436216317,-87.487622338486,-86.47567233581678,-2.5837150736524817,-0.15912795600680185,0.0,-1.0,0.0,-1.0,0,idle,687.7222050150725,53.07055818010316,680.7129967352043,53.65247807712533,0.12,0.12
1791330757.475914,678.6433217125859,55.41598916580255,-87.58071651342951,-86.77250159374911,-2.65020127772622,-0.14944519636061632,0.0,-1.0,0.0,-1.0,0,idle,689.6870009282931,28.682552821777755,678.6440057310189,52.26200887781537,0.12,0.12
1791330757.492859,675.9281400121847,55.274041041973945,-87.64939960981914,-87.00733436408487,-2.7151817004012693,-0.14194812382860547,0.0,-1.0,0.0,-1.0,0,idle,679.4348483459003,72.73162356284882,676.1041252463817,53.15063889442987,0.12,0.12
1791330757.510827,673.1494108561578,55.137764784017556,-87.70003120553005,-87.19231235647118,-2.778729156026843,-0.13627625795639176,0.0,-1.0,0.0,-1.0,0,idle,668.9783794266369,51.594338823998804,673.1080452571689,52.943361445849746,0.12,0.12
1791330757.526869,670.3085053004496,55.00565286176871,-87.73732671268041,-87.33746652492563,-2.8409055557081837,-0.13211192224884796,0.0,-1.0,0.0,-1.0,0,idle,657.0546806213222,50.8334549200559,669.6065167474537,52.71235979342365,0.12,0.12
1791330757.5438342,667.4067413193932,54.87647211044726,-87.76477862058306,-87.45098907773045,-2.9017639810564146,-0.12918075132145032,0.0,-1.0,0.0,-1.0,0,idle,672.4996523741811,56.06358500313825,666.9944977467865,52.757199340154,0.12,0.12
1791330757.559853,664.4453908807419,54.74922261062175,-87.78497095839441,-87.53950873086573,-2.961350438651233,-0.12724949982551062,0.0,-1.0,0.0,-1.0,0,idle,640.1426075598854,73.75261323506996,662.8386203207227,53.686083010065566,0.12,0.12
1791330757.57621,661.4256855786415,54.62310021528287,-87.7998137157829,-87.60834826769243,-3.0197053021003777,-0.12612239533888303,0.0,-1.0,0.0,-1.0,0,idle,666.3515251191492,38.98917559951491,660.1455455236487,52.83142136396609,0.12,0.12
1791330757.5936158,658.348821103709,54.497463366935555,-87.81071735046325,-87.66175451666042,-3.076864474932432,-0.12563684834731292,0.0,-1.0,0.0,-1.0,0,idle,639.0868230421495,39.78449905237362,656.1695881483879,52.05972024245652,0.12,0.12
1791330757.6088839,655.2159607876437,54.37180433365361,-87.81872251958468,-87.70309740759225,-3.1328603160653556,-0.12565903328195052,0.0,-1.0,0.0,-1.0,0,idle,673.9380755515405,51.6608934349296,654.0817952182834,51.92040282046232,0.12,0.12
1791330757.625857,652.0282384182838,54.245724684464896,-87.82459640008918,-87.73503848465178,-3.1877223693598964,-0.12607964918871165,0.0,-1.0,0.0,-1.0,0,idle,664.1622474101016,59.146724049831505,651.5574815769825,52.161943215201504,0.12,0.12
1791330757.642862,648.7867604836047,54.1189146542053,-87.82890411619883,-87.75967121256461,-3.2414779346791254,-0.1268100302596006,0.0,-1.0,0.0,-1.0,0,idle,662.416507646973,55.87321273376351,649.0210288425369,52.227037162382985,0.12,0.12
1791330757.660049,645.4926079711357,53.99113596868336,-87.8320616471106,-87.77863629886531,-3.294152512468927,-0.12777868552193972,0.0,-1.0,0.0,-1.0,0,idle,646.973873799032,50.040579153117314,645.7892262035161,51.99632451067386,0.12,0.12
1791330757.677887,642.1468378227362,53.86220767953388,-87.8343749749393,-87.79321550682184,-3.3457701483995774,-0.12892828914947724,0.0,-1.0,0.0,-1.0,0,idle,644.7120982982168,71.40130388169564,642.5568881672716,52.84409160453294,0.12,0.12
1791330757.6936479,638.7504841231103,53.73199457174173,-87.83606902242941,-87.80440732807085,-3.3963536996258816,-0.130213107792152,0.0,-1.0,0.0,-1.0,0,idle,624.1578157584767,65.06041032658248,638.4103985321872,53.33120508823288,0.12,0.12
1791330757.7106318,635.3045590831762,53.60039774011816,-87.83730902327316,-87.81298759351094,-3.4459250399340506,-0.1315968316235688,0.0,-1.0,0.0,-1.0,0,idle,650.9573204734246,67.53607899006423,635.7641158413117,53.91643179328206,0.12,0.12
1791330757.7284632,631.8100538657053,53.46734697387392,-87.83821629000444,-87.8195577309756,-3.494505217470893,-0.13305076624423884,0.0,-1.0,0.0,-1.0,0,idle,617.7786697006875,46.17690589954632,631.5450635776831,53.40305727066325,0.12,0.12
1791330757.7460768,628.267939289868,53.332794634376064,-87.83887983851231,-87.82458299079715,-3.542114575837294,-0.13455233949785636,0.0,-1.0,0.0,-1.0,0,idle,619.2567131752834,47.128440734535225,627.5656372105176,52.96150172133388,0.12,0.12
1791330757.763045,624.6791664428827,53.19671075623647,-87.83936495121854,-87.82842259029037,-3.58877284698536,-0.13608387813959483,0.0,-1.0,0.0,-1.0,0,idle,628.467303106191,52.081213882368544,624.2013863006653,52.788207645153,0.12,0.12
1791330757.779607,621.0446672203888,53.05907914379994,-87.83971948045453,-87.83135339299783,-3.634499222493891,-0.13763161243652794,0.0,-1.0,0.0,-1.0,0,idle,617.6925783424911,70.53856063957471,620.4231716413874,53.544975263059385,0.12,0.12
1791330757.796392,617.3653548120653,52.91989427274557,-87.83997848514429,-87.83358844535198,-3.6793124083234328,-0.1391848710543683,0.0,-1.0,0.0,-1.0,0,idle,620.0669338960939,59.84838742209141,616.9100129662155,53.72792024350934,0.12,0.12
1791330757.814112,613.6421241450709,52.77915883947716,-87.84016763922854,-87.83529144318767,-3.7232306669945063,-0.14073543326840743,0.0,-1.0,0.0,-1.0,0,idle,601.8167999857217,77.66970641850224,612.618283183546,54.791310890653996,0.12,0.12
1791330757.831738,609.8758018003813,52.63824616874237,-87.92057368783854,-87.85734290541279,-3.7663223446895766,-0.14091267073479027,-1.0,-1.0,-1.0,-1.0,0,idle,613.238904687691,54.070694416999906,609.0713080312983,54.62141302977324,0.12,0.12
1791330757.847462,606.0671044888314,52.50140378588146,-88.18628121202391,-87.94230960460459,-3.808697311549829,-0.13684238286091416,-1.0,-1.0,-1.0,-1.0,0,idle,597.2401462899384,61.41853266054292,604.8614874982579,54.83126874759385,0.12,0.12
1791330757.864207,602.2166798957619,52.37617367579101,-88.69749131773871,-88.13718506463515,-3.85042459306955,-0.12523011009044938,-1.0,-1.0,-1.0,-1.0,0,idle,599.1766190794816,47.041097099825606,600.919340713903,54.322791560619514,0.12,0.12
1791330757.880987,598.3252279312596,52.273212636638014,-89.4840233950246,-88.48440708911087,-3.89145196450224,-0.10296103915299701,-1.0,-1.0,-1.0,-1.0,0,idle,598.1757015237713,55.560320416205016,597.0852793881193,54.28685501620345,0.12,0.12
1791330757.898164,594.3936867747134,52.20581380465045,-90.55554300094192,-89.01786850677762,-3.9315411565462437,-0.06739883198756784,-1.0,-1.0,-1.0,-1.0,0,idle,606.1039710184256,38.77609355107177,593.8012498709156,53.447288052558676,0.12,0.12
1791330757.9140968,590.4234589976248,52.189308659577115,-91.9086808217417,-89.76180971011948,-3.970227777088508,-0.016505145073328703,-1.0,-1.0,-1.0,-1.0,0,idle,610.1866025697486,60.51795341387921,590.8488011176231,53.78514143280504,0.12,0.12
1791330757.9309702,586.4166510632505,52.24045046451656,-93.53194418233244,-90.73126801195068,-4.00680793437441,0.05114180493944634,-1.0,-1.0,-1.0,-1.0,0,idle,587.1535129669029,42.64807170531639,586.8575691724315,53.276872661123086,0.12,0.12
1791330757.948203,582.3763025602138,52.37683164522445,-95.40908352998899,-91.93327390759087,-4.040348503036671,0.13638118070788477,-1.0,-1.0,-1.0,-1.0,0,idle,580.5461501648685,48.735205728289074,582.7036671441685,53.17935143615388,0.12,0.12
1791330757.965291,578.3065870547522,52.61635893484653,-97.52138303667647,-93.36831626936504,-4.0697155054616765,0.23952728962208278,-1.0,-1.0,-1.0,-1.0,0,idle,562.0906638128571,94.0109309074974,577.8067872474144,55.44848133486203,0.12,0.12
1791330757.982453,574.2129725502101,52.97679399133692,-99.84920144149065,-95.0318093920611,-4.093614504542064,0.36043505649039126,-1.0,-1.0,-1.0,-1.0,0,idle,553.2978526425346,38.70283487793358,572.6924067378554,54.953612315681475,0.12,0.12
1791330757.9995751,570.1023351178663,53.47535874781289,-102.37298882660293,-96.91542599815182,-4.11063743234376,0.49856475647597454,-1.0,-1.0,-1.0,-1.0,0,idle,561.402577290625,48.805810439158115,568.2228097047673,55.11985874050748,0.12,0.12
1791330758.01649,565.9788893654058,54.112570620865974,-104.20049206810704,-98.78464832640786,-4.123445752460553,0.6372118730530828,0.0,-1.0,0.0,-1.0,0,idle,566.4609605138631,53.52731697661615,564.2174437803847,55.64558293171334,0.12,0.12
1791330758.032737,561.8445660857994,54.87990686100166,-105.52693972636048,-100.51453263901152,-4.1343232796063525,0.7673362401356837,0.0,-1.0,0.0,-1.0,0,idle,555.4829790245223,59.959776815789056,559.8531134269655,56.59026205404603,0.12,0.12
1791330758.050066,557.6996447472962,55.764526508112375,-106.49079791366485,-102.04746382214654,-4.144921338503179,0.8846196471107161,0.0,-1.0,0.0,-1.0,0,idle,558.0839242044017,38.75028775789147,555.8269786942592,56.538652003993484,0.12,0.12
1791330758.067244,553.5433535126789,56.752108009314,-107.19153107445194,-103.36625139455951,-4.156291234617394,0.987581501201626,0.0,-1.0,0.0,-1.0,0,idle,556.6668371618872,45.97337572694293,551.9204949447541,56.9485906162825,0.12,0.12
1791330758.0845299,549.37434418692,57.82848484126655,-107.70105859197065,-104.47678103387247,-4.1690093257589504,1.0763768319525484,0.0,-1.0,0.0,-1.0,0,idle,538.8424296922847,64.13535649243025,547.3060328226596,58.33048690044481,0.12,0.12
1791330758.100688,545.1910313785485,58.98052269026118,-108.07155662921822,-105.39696408154771,-4.183312808371539,1.1520378489946335,0.0,-1.0,0.0,-1.0,0,idle,563.6272653167212,51.501617263371564,544.1479472794098,59.08347937513605,0.12,0.12
1791330758.117526,540.9918156073339,60.19652691425786,-108.3409401669663,-106.14990019549128,-4.1992157712145755,1.216004223996674,0.0,-1.0,0.0,-1.0,0,idle,551.9563612698481,61.24448664096724,540.5491129962779,60.346733751224455,0.12,0.12
1791330758.133847,536.7752177039561,61.46636750693867,-108.53678187601248,-106.75982592992021,-4.2165979033778616,1.2698405926808076,0.0,-1.0,0.0,-1.0,0,idle,552.3197007113722,59.64390240222872,537.1318743738236,61.51794074682144,0.12,0.12
1791330758.1498199,532.5399501182977,62.78144190427835,-108.67913928449786,-107.24986250284861,-4.235267585658348,1.3150743973396826,0.0,-1.0,0.0,-1.0,0,idle,535.6097964775128,67.21276875422177,533.0322662726327,63.05200282466416,0.12,0.12
1791330758.167367,528.2849459238016,64.13455188560248,-108.78260403678739,-107.64089204439681,-4.255004194496154,1.353109981324124,0.0,-1.0,0.0,-1.0,0,idle,518.9937323801378,54.6702337316854,528.2880855932366,63.91836885227314,0.12,0.12
1791330758.1839302,524.0093611053272,65.51974185342796,-108.8577908214255,-107.95111744457385,-4.275584818474399,1.3851899678254818,0.0,-1.0,0.0,-1.0,0,idle,517.2919261588136,84.94819558586195,523.6764720439647,66.28579065838679,0.12,0.12
1791330758.200553,519.7125611990027,66.9321268777215,-108.91242040790686,-108.19601790996256,-4.296799906324566,1.412385024293536,0.0,-1.0,0.0,-1.0,0,idle,521.7739386471928,67.01708803156355,519.4993854631178,67.66412130012449,0.12,0.12
1791330758.218086,515.3940997971422,68.36772669837202,-108.9521078245384,-108.3885183779824,-4.318461401860552,1.4355998206505263,0.0,-1.0,0.0,-1.0,0,idle,507.88570654041536,66.1775020895016,514.8161631852153,68.95361016921134,0.12,0.12
1791330758.2345338,511.0536937969162,69.8233141428432,-108.9809360405789,-108.53926085449362,-4.340406000225978,1.4555874444711812,0.0,-1.0,0.0,-1.0,0,idle,514.7756808857081,75.76604790226065,510.6907533700252,70.67704012811143,0.12,0.12
1791330758.251987,506.69119840188176,71.296281621444,-109.00187351777402,-108.65691094565491,-4.362495395034436,1.472967478600796,0.0,-1.0,0.0,-1.0,0,idle,522.5414491175023,44.76425484579182,507.13891753211635,70.7807199686662,0.12,0.12
1791330758.268437,502.3065836054907,72.78452649397039,-109.01707809107702,-108.74846158140936,-4.384614796391076,1.488244872526395,0.0,-1.0,0.0,-1.0,0,idle,482.7198561445288,99.11012087787144,501.75258040616546,73.61102264302654,0.12,0.12
1791330758.285836,497.8999130390846,74.28635447716088,-109.02811809089793,-108.81951385817221,-4.406670566406109,1.5018279831904884,0.0,-1.0,0.0,-1.0,0,idle,507.8908427200165,75.35240640744716,497.8731564837722,75.12482841527854,0.12,0.12
1791330758.303317,493.4713255278218,75.80039942774202,-109.03613321859429,-108.87452587458635,-4.428587511262805,1.514044950581132,0.0,-1.0,0.0,-1.0,0,idle,496.9601537338787,89.23337948313775,493.62034821057784,77.26859867172358,0.12,0.12
1791330758.31988,489.0210193708434,77.32555748960253,-109.04195156982449,-108.91702691116082,-4.450306156978402,1.5251580618605156,0.0,-1.0,0.0,-1.0,0,idle,508.0976589676236,70.16381190211516,490.11642289930063,78.36225949201064,0.12,0.12
1791330758.3363998,484.54923917687523,78.86093353835608,-109.04617474445125,-108.94979795436858,-4.471780193968214,1.5353760487535495,0.0,-1.0,0.0,-1.0,0,idle,485.231076173446,90.75111881678238,485.62396437873815,80.4403097045651,0.12,0.12
1791330758.353933,480.0562649937649,80.40579796460193,-109.04923973555746,-108.97502145400338,-4.492974183110348,1.5448644262458469,0.0,-1.0,0.0,-1.0,0,idle,476.1660581968728,89.89254971553638,480.88274359569004,82.38054291004721,0.12,0.12
1791330758.3705049,475.54240343580557,81.95955202766604,-109.05146392552057,-108.99440401703693,-4.513861557959316,1.5537540630641091,0.0,-1.0,0.0,-1.0,0,idle,508.26776490911493,80.07211488473256,477.9638261812999,83.74118786869238,0.12,0.12
1791330758.38841,471.0079805128375,83.52170023459652,-109.05307779485538,-109.00927592267436,-4.5344229229680675,1.5621482069304944,0.0,-1.0,0.0,-1.0,0,idle,478.12673239204247,73.19558389742592,473.6642697150174,84.69794846671302,0.12,0.12
1791330758.4042969,466.45333588467327,85.09182842512419,-109.05424869539455,-109.02067117139221,-4.5546446281642465,1.570128190527675,0.0,-1.0,0.0,-1.0,0,idle,455.6863583674926,51.023879936988266,468.43846175088515,84.50586682122807,0.12,0.12
1791330758.421039,461.8788182934698,86.66958645574007,-109.05509812628036,-109.02939143004703,-4.574517591203473,1.5777580306158812,0.0,-1.0,0.0,-1.0,0,idle,455.979008918741,66.72573808201233,463.46969739763466,85.11573051335237,0.12,0.12
1791330758.438067,457.2847819591213,88.254674566857,-109.05571428658317,-109.03605681207837,-4.594036334348536,1.5850881111169277,0.0,-1.0,0.0,-1.0,0,idle,442.47486461592734,112.63480531487893,458.0556212409182,87.99751795898979,0.12,0.12
1791330758.455209,452.6715837549257,89.8468326831881,-109.05616119463802,-109.04114599886857,-4.6131982041956405,1.5921581163310974,0.0,-1.0,0.0,-1.0,0,idle,443.37017994969017,102.11222872106875,452.9388108823709,90.21580370760827,0.12,0.12
1791330758.472577,448.0395810106772,91.44583203897804,-109.05648531221762,-109.04502779996064,-4.632002744248506,1.598999355789937,0.0,-1.0,0.0,-1.0,0,idle,443.30104637520554,103.61353426637986,448.05652004997654,92.4047396235473,0.12,0.12
1791330758.488826,443.38912981699406,93.05146863820438,-109.05672035559937,-109.0479858830639,-4.65045119368315,1.6056365992263426,0.0,-1.0,0.0,-1.0,0,idle,445.7922502014093,89.85018362062925,443.52537792354923,93.80236659266643,0.12,0.12
1791330758.5059872,438.72058372778787,94.66355815776743,-109.05689078933496,-109.05023808594481,-4.668546089206199,1.6120895195630376,0.0,-1.0,0.0,-1.0,0,idle,448.1974121705173,104.95170276055488,439.3238608511518,95.89131844464575,0.12,0.12
1791330758.523166,434.03429277737854,96.28193198172588,-109.05701436308345,-109.05195145153664,-4.686290950409354,1.6183738239584489,0.0,-1.0,0.0,-1.0,0,idle,413.8605361503753,98.29523484668404,433.5987182132241,97.54896939750819,0.12,0.12
1791330758.539417,429.3306027451219,97.90643411950158,-109.05710395338369,-109.05325390166315,-4.703690032256625,1.6245021377757083,0.0,-1.0,0.0,-1.0,0,idle,428.00501718092187,89.18942254599061,428.8505276309652,98.67426908581923,0.12,0.12
1791330758.555646,424.6098546139086,99.53691881316172,-109.05716890064404,-109.05424327879248,-4.720748131213256,1.6304846936601436,0.0,-1.0,0.0,-1.0,0,idle,429.73824244781343,97.66206909743536,424.410202647155,100.17261954537717,0.12,0.12
1791330758.573098,419.8723841799017,101.17324868061058,-109.05721597958463,-109.05499433381948,-4.737470434006916,1.636329867448871,0.0,-1.0,0.0,-1.0,0,idle,423.78639673825614,88.3232190196437,419.8784154394035,101.13466289316692,0.12,0.12
1791330758.590131,415.11852177978903,102.81529327470439,-109.05725010354477,-109.05556411569357,-4.753862400112675,1.6420445940938067,0.0,-1.0,0.0,-1.0,0,idle,434.46667632121944,113.23772532978393,416.0916592033873,103.29975837938689,0.12,0.12
1791330758.606696,410.3485921089845,104.46292796456811,-109.05727483558476,-109.05599612085287,-4.769929670804513,1.6476346898637277,0.0,-1.0,0.0,-1.0,0,idle,437.08283860455657,128.1953869402788,412.60978498618147,106.10979276280202,0.12,0.12
1791330758.624156,405.56291410992674,106.11603306610033,-109.0572927593425,-109.05632348254433,-4.785677999057789,1.6531051015322125,0.0,-1.0,0.0,-1.0,0,idle,414.3554551816916,108.11362583856102,408.1506743968521,107.78043426304558,0.12,0.12
1791330758.640662,400.76180091416444,107.77449316491757,-109.05730574810028,-109.05657141846018,-4.801113195762287,1.6584600988172395,0.0,-1.0,0.0,-1.0,0,idle,391.5705329840677,83.19003200349644,402.7606097902387,108.1264512439445,0.12,0.12
1791330758.658145,395.9455598255091,109.43819658772637,-109.05731515998043,-109.05675910654776,-4.81624108865531,1.6637034228088,0.0,-1.0,0.0,-1.0,0,idle,399.69536847260076,118.82682571374485,398.0319186901342,110.24198821910288,0.12,0.12
1791330758.674728,391.11449233436224,111.10703498805503,-109.0573219795371,-109.05690112073579,-4.831067491146887,1.6688384003286698,0.0,-1.0,0.0,-1.0,0,idle,386.4300954166965,122.2502272461136,392.8623134098728,112.42779665076564,0.12,0.12
1791330758.691595,386.2688941555446,112.78090302002143,-109.05732692045483,-109.05700852851862,-4.845598178817614,1.6738680319663959,0.0,-1.0,0.0,-1.0,0,idle,375.0486125622149,115.89773943115816,387.3683100976132,114.19146842015334,0.12,0.12
1791330758.708101,381.4090552836919,114.45969807982952,-109.0573305000305,-109.0570897291147,-4.859838871852758,1.6787950598080899,0.0,-1.0,0.0,-1.0,0,idle,388.94458330219663,107.190516144302,382.83027682958226,115.43627611317847,0.12,0.12
1791330758.723864,376.53526006163383,116.14332009935212,-109.05733309318636,-109.05715109286362,-4.873795222058031,1.683622019522605,0.0,-1.0,0.0,-1.0,0,idle,381.03362973657113,107.71964238884277,378.11033901397656,116.64988534550815,0.12,0.12
1791330758.741649,371.6477872582308,117.83167137976656,-109.0573349716358,-109.05719744853333,-4.8874728034030435,1.6883512804144352,0.0,-1.0,0.0,-1.0,0,idle,367.6204602017833,129.94793757742724,372.94274591013397,118.91872167349783,0.12,0.12
1791330758.75897,366.7469101529565,119.52465645599777,-109.05733633228095,-109.05723245438602,-4.900877105274253,1.6929850762312073,0.0,-1.0,0.0,-1.0,0,idle,372.7948220463707,95.76629300315975,368.27951646693526,119.36943606240057,0.12,0.12
1791330758.77616,361.83289662515284,121.2221819848734,-109.05733731780079,-109.05725888049737,-4.914013527803645,1.697525528875623,0.0,-1.0,0.0,-1.0,0,idle,366.50817347214485,137.82004055669572,363.5226364657823,121.90461553954717,0.12,0.12
1791330758.793303,356.90600924636965,122.9241566515506,-109.05733803157621,-109.05727882338924,-4.926887378783219,1.701974666677204,0.0,-1.0,0.0,-1.0,0,idle,358.4999649798818,110.12570974986194,358.59095988164324,122.93254618340625,0.12,0.12
1791330758.809877,351.96650537458237,124.63049109004729,-109.05733854850908,-109.0572938690858,-4.939503871787254,1.7063344384966774,0.0,-1.0,0.0,-1.0,0,idle,354.8936120249289,110.42288252360996,353.7135638106096,123.92808071698828,0.12,0.12
1791330758.82653,347.01463724937116,126.34109781468774,-109.05733892286408,-109.05730521690332,-4.951868125211179,1.710606724640455,0.0,-1.0,0.0,-1.0,0,idle,375.4711437100901,120.43256267213002,350.097168086633,125.3783812031538,0.12,0.12
1791330758.842655,342.050652087368,128.05589116002267,-109.05733919395226,-109.05731377337007,-4.963985162003145,1.7147933453349335,0.0,-1.0,0.0,-1.0,0,idle,350.63412297253615,145.40335349717174,345.40822992702516,128.0086834959229,0.12,0.12
1791330758.859628,337.0747921774516,129.7747872273577,-109.05733939025014,-109.05732022344131,-4.975859909916391,1.7188960673350477,0.0,-1.0,0.0,-1.0,0,idle,328.5115867718738,101.15268027127246,339.836330854847,128.29883459865866,0.12,0.12
1791330758.876153,332.08729497530095,131.49770383646444,-109.05733953238452,-109.05732508446759,-4.987497202150664,1.7229166091067376,0.0,-1.0,0.0,-1.0,0,idle,333.18009226516716,115.14625478340697,334.7653965833199,129.27797638654746,0.12,0.12
1791330758.8930671,327.0883931970191,133.22456048138397,-109.05733963529552,-109.05732874707219,-4.998901778281836,1.7268566449195464,0.0,-1.0,0.0,-1.0,0,idle,340.48246154699245,145.4618683533589,330.3022931421358,131.7276847975616,0.12,0.12
1791330758.909835,322.0783149116164,134.9552782894902,-109.05733970980373,-109.057331506097,-5.01007828540269,1.7307178081062096,0.0,-1.0,0.0,-1.0,0,idle,313.30726170761875,111.02557683358728,324.6929671992774,132.3367613170638,0.12,0.12
1791330758.926542,317.0572836322003,136.68977998317553,-109.05733976374566,-109.05733358401932,-5.0210312794160865,1.7345016936853401,0.0,-1.0,0.0,-1.0,0,idle,303.8661798863269,133.0425373586783,318.8816481181846,134.0198267281456,0.12,0.12
1791330758.9432,312.02551840576456,138.42798984367232,-109.0573398027964,-109.05733514866321,-5.0317652264357875,1.7382098604968022,0.0,-1.0,0.0,-1.0,0,idle,293.2964830977625,119.3763968631556,312.82221290204956,134.93895460236806,0.12,0.12
1791330758.9598122,306.98323390150364,140.16983367663616,-109.05733983106559,-109.0573363265902,-5.042284504260919,1.741843832963824,0.0,-1.0,0.0,-1.0,0,idle,284.1599212538175,155.19866234887488,306.59892804059007,137.60669163100906,0.12,0.12
1791330758.9766898,301.93064049760534,141.9152387792049,-109.05733985152904,-109.05733721321893,-5.052593403898308,1.7454051025687463,0.0,-1.0,0.0,-1.0,0,idle,310.1624550135244,144.88067923552853,301.9771406555334,139.62852585867535,0.12,0.12
1791330758.994393,296.8679443664921,143.6641339083135,-109.05733986634147,-109.05733788047034,-5.062696131113199,1.7488951291085817,0.0,-1.0,0.0,-1.0,0,idle,305.1012735747804,159.0817710079042,297.3237859769382,142.26263848878995,0.12,0.12
1791330759.011282,291.79534755849846,145.41644925009425,-109.05733987706297,-109.0573383825412,-5.072596807993671,1.7523153417807684,0.0,-1.0,0.0,-1.0,0,idle,303.33932069320605,153.94481778544062,292.80559574515763,144.5114470283142,0.12,0.12
1791330759.027858,286.71304808398077,147.1721163902317,-109.0573398848231,-109.0573387602627,-5.082299474517718,1.7556671401374548,0.0,-1.0,0.0,-1.0,0,idle,297.9254991552102,155.64779242587795,288.23340641486845,146.73614808132297,0.12,0.12
1791330759.045344,281.62123999386597,148.9310682851692,-109.05733989043956,-109.05733904438982,-5.091808090114782,1.758951894937491,0.0,-1.0,0.0,-1.0,0,idle,302.0075477680497,133.21575240830012,284.08489579691843,147.73113259786246,0.12,0.12
1791330759.0618198,276.52011345865037,150.69323923408754,-109.0573398945044,-109.05733925808316,-5.101126535215606,1.762170948918327,0.0,-1.0,0.0,-1.0,0,idle,269.65165637006237,145.75506208325044,278.5171636171208,149.30639147360426,0.12,0.12
1791330759.078937,271.40985484586446,152.45856485159226,-109.05733989744614,-109.05733941878081,-5.110258612785938,1.76532561750471,0.0,-1.0,0.0,-1.0,0,idle,284.9843625817618,146.94071581176885,273.9857778832062,150.86516702714198,0.12,0.12
1791330759.095499,266.2906467960237,154.2269820410593,-109.05733989957503,-109.05733953960977,-5.119208049840799,1.7684171894670446,0.0,-1.0,0.0,-1.0,0,idle,264.47955661898584,149.84088139926422,268.64721917264643,152.4939490757418,0.12,0.12
1791330759.113226,261.16266829708667,155.99842896859852,-109.05733990111561,-109.05733963044996,-5.127978498936988,1.7714469275392155,0.0,-1.0,0.0,-1.0,0,idle,249.1729787697904,149.533209981614,262.80192757851347,154.02878670219766,0.12,0.12
1791330759.129187,256.02609475744447,157.77284503760185,-109.05733990223042,-109.05733969873614,-5.136573539642207,1.7744160690033444,0.0,-1.0,0.0,-1.0,0,idle,250.29612701473832,164.44172800934163,257.29689268766464,156.23512903310802,0.12,0.12
1791330759.145761,250.8810980774648,159.55017086384905,-109.05733990303712,-109.05733975006224,-5.144996679979666,1.7773258262471914,0.0,-1.0,0.0,-1.0,0,idle,258.7684038360465,167.74378258803614,252.48272139910304,158.49902124578927,0.12,0.12
1791330759.1626618,245.72784671961728,161.33034825114763,-109.05733990362083,-109.05733978863638,-5.153251357847524,1.7801773872985667,0.0,-1.0,0.0,-1.0,0,idle,253.26356999733645,171.9362016679861,247.62617503905958,160.86204878483275,0.12,0.12
1791330759.17996,240.56650577720455,163.11332016748773,-109.05733990404318,-109.05733981762374,-5.161340942412715,1.7829719163401014,0.0,-1.0,0.0,-1.0,0,idle,257.35899242516496,158.30459200579998,243.20954201307276,162.4279992664042,0.12,0.12
1791330759.1971562,235.39723704172553,164.8990307216947,-109.05733990434875,-109.05733983940475,-5.169268735479029,1.785710554206966,0.0,-1.0,0.0,-1.0,0,idle,229.15883643469755,160.75494707703345,237.59620143544893,164.0407716834323,0.12,0.12
1791330759.214271,230.2201990688961,166.68742514056422,-109.05733990456984,-109.05733985576937,-5.1770379728294325,1.7883944188695229,0.0,-1.0,0.0,-1.0,0,idle,227.42264964992881,149.2031697010831,232.16933777198497,164.9978662822409,0.12,0.12
1791330759.231442,225.03554724335336,168.47844974646668,-109.0573399047298,-109.05733986806341,-5.184651825542741,1.7910246059024684,0.0,-1.0,0.0,-1.0,0,idle,218.543833691929,159.82502872958895,226.56264333371655,166.44069778021563,0.12,0.12
1791330759.24865,219.84343384206846,170.27205193540837,-109.05733990484553,-109.05733987729857,-5.192113401284891,1.7936021889416822,0.0,-1.0,0.0,-1.0,0,idle,220.1718962140079,168.744620574108,221.31059824651047,168.25981599940485,0.12,0.12
1791330759.265913,214.6440080964934,172.0681801555381,-109.05733990492925,-109.05733988423539,-5.199425745575056,1.7961282201297406,0.0,-1.0,0.0,-1.0,0,idle,211.96863024164156,164.23743715824105,215.90404538797074,169.76501886646992,0.12,0.12
1791330759.283167,209.4374162534664,173.86678388608897,-109.05733990498982,-109.05733988944542,-5.206591843026984,1.798603730550862,0.0,-1.0,0.0,-1.0,0,idle,206.65376303286428,179.64858756943434,210.4952690193398,171.96787084564147,0.12,0.12
1791330759.300425,204.22380163490052,175.66781361674487,-109.05733990503363,-109.05733989335823,-5.2136146185658845,1.8010297306559018,0.0,-1.0,0.0,-1.0,0,idle,183.1681619115226,158.29105413619348,204.17597977631135,172.99500825429217,0.12,0.12
1791330759.317512,199.00330469627923,177.47122082742277,-109.05733990506532,-109.05733989629658,-5.220496938621287,1.8034072106779053,0.0,-1.0,0.0,-1.0,0,idle,213.85675423398405,168.72731016475996,199.70054640750476,174.49486019995956,0.12,0.12
1791330759.3336499,193.77606308398296,179.2769579684614,-109.05733990508824,-109.05733989850299,-5.227241612296262,1.8057371410386365,0.0,-1.0,0.0,-1.0,0,idle,185.30225189836094,169.72163862189117,194.01475215036612,175.97164940504285,0.12,0.12
1791330759.350234,188.54221169146953,181.08497844120785,-109.05733990510483,-109.0573399001597,-5.233851392513425,1.808020472746441,0.0,-1.0,0.0,-1.0,0,idle,222.38708329758288,173.27858646574745,190.4612098848392,177.55461570718722,0.12,0.12
1791330759.367305,183.30188271433138,182.8952365789936,-109.05733990511682,-109.05733990140358,-5.240328977138157,1.8102581377857474,0.0,-1.0,0.0,-1.0,0,idle,196.5203057780251,180.688368011638,185.78585215121726,179.43104855330623,0.12,0.12
1791330759.384406,178.05520570425193,184.70768762849207,-109.0573399051255,-109.05733990233745,-5.246677010079448,1.8124510494984745,0.0,-1.0,0.0,-1.0,0,idle,180.25765016550642,196.54884605191302,180.52509889235623,182.00876692526012,0.12,0.12
1791330759.401516,172.80230762188313,186.52228773144964,-109.05733990513178,-109.05733990303851,-5.252898082368803,1.8146001029575793,0.0,-1.0,0.0,-1.0,0,idle,180.08315848655826,174.28385043352577,175.51274869381598,183.3463911984831,0.12,0.12
1791330759.418207,167.5544109820086,188.33516009904264,-109.05733990513629,-109.05733990356146,-5.247896639874549,1.8128723675930112,0.0,-1.0,0.0,0.5,1,braking,166.06375354629193,182.40058236548626,170.05479712855896,185.0213295060466,0.12,0.12
1791330759.435173,162.32696051123548,190.14096939026015,-109.0573399051395,-109.05733990395134,-5.227450470773121,1.8058092912175117,0.0,-1.0,0.0,0.5,1,braking,160.72549169393218,197.35549124631163,164.62225390959316,187.3535564197165,0.12,0.12
1791330759.45183,157.13574555032622,191.93426121802287,-109.05733990514179,-109.05733990424272,-5.19121496090926,1.7932918277627097,0.0,-1.0,0.0,0.5,1,braking,144.11303809353356,187.12408632720002,158.66513890592637,189.04571015146527,0.12,0.12
1791330759.469322,151.99489405107514,193.71015511779075,-109.05733990514341,-109.05733990446126,-5.14085149925108,1.775893899767894,0.0,-1.0,0.0,0.5,1,braking,160.19062066523287,202.24573856722876,153.85760406960316,191.39281077703296,0.12,0.12
1791330759.485885,146.91600228219025,195.46464518842242,-109.05733990514456,-109.05733990462583,-5.0788917688848745,1.7544900706316715,0.0,-1.0,0.0,0.5,1,braking,141.57218696633376,191.28802614661492,148.41838603399904,193.05433711261216,0.12,0.12
1791330759.50156,141.90792533587654,197.19467246113547,-109.05733990514537,-109.05733990475021,-5.008076946313721,1.7300272727130404,0.0,-1.0,0.0,0.5,1,braking,135.61648993063724,194.53461032818763,143.02061812983294,194.77187668246833,0.12,0.12
1791330759.519156,136.97696310411786,198.89806065447885,-109.05733990514594,-109.05733990484451,-4.930962231758677,1.7033881933433799,0.0,-1.0,0.0,0.5,1,braking,121.97332515442082,194.37425725524338,137.2838393608916,196.3702144947833,0.12,0.12
1791330759.535838,132.12791363881612,200.57315229378767,-109.05733990514635,-109.05733990491615,-4.849049465301725,1.675091639308806,0.0,-1.0,0.0,0.5,1,braking,121.52754985251495,200.43424231362795,131.8894278934361,198.16475294306892,0.12,0.12
1791330759.552601,127.3649325345105,202.2185118396376,-109.05733990514663,-109.05733990497063,-4.762981104305629,1.6453595458499466,0.0,-1.0,0.0,0.5,1,braking,123.81364955728372,202.11451877480064,126.96080692753814,199.92533280321294,0.12,0.12
1791330759.570405,122.6919372575701,203.8327860133674,-109.05733990514683,-109.05733990501216,-4.672995276940399,1.6142741737298059,0.0,-1.0,0.0,0.5,1,steering,109.74071878312249,208.2099027046261,121.66045700722398,201.8731217633269,0.12,0.12
1791330759.587422,118.11111126567086,205.41703682821353,-109.14369254744264,-109.07763305887393,-4.5808259918992436,1.5842508148461132,0.0,-1.0,-1.0,0.0,1,steering,137.51430788695646,194.33962205521732,118.10136485890632,203.00148505202523,0.12,0.12
1791330759.603471,113.62431124942529,206.9760834968918,-109.43294198872107,-109.16101380538376,-4.48680001624557,1.5590466686782571,0.0,-1.0,-1.0,0.0,1,steering,106.81578743000668,205.44765346267866,113.27462597202805,204.60488780780224,0.12,0.12
1791330759.6202838,109.2336672254339,208.51824421588566,-109.9806699969767,-109.35320949478047,-4.390644023991381,1.5421607189938693,0.0,-1.0,-1.0,0.0,1,steering,114.6338167555142,191.42889470866635,109.17147368841054,205.41114083588963,0.12,0.12
1791330759.637126,104.94179164142678,210.05439299587707,-110.80423805258889,-109.69331228783406,-4.291875584007126,1.536148779991413,0.0,-1.0,-1.0,0.0,1,steering,119.05191182137575,215.7831737074782,105.58821379025203,207.38908382046088,0.12,0.12
1791330759.65378,100.7518100287562,211.5968323380927,-111.89787375332084,-110.20995109725465,-4.189981612670576,1.5424393422156226,0.0,-1.0,-1.0,0.0,1,steering,114.58773021424756,201.33098967074355,102.05770707941475,208.55149648807986,0.12,0.12
1791330759.6711,96.66731148484106,213.15823710193717,-113.24254521163724,-110.92064326328686,-4.084498543915137,1.561404763844466,0.0,-1.0,-1.0,0.0,1,steering,97.42520511162859,211.6342274617438,97.94580836430607,210.1889675624153,0.12,0.12
1791330759.6881979,92.69226075528242,214.75078279909565,-114.81233978063851,-111.83278261900229,-3.9750507295586446,1.5925456971584613,0.0,-1.0,-1.0,0.0,1,steering,106.71926045482635,210.9492631861599,94.60818277575137,211.73990075590308,0.12,0.12
1791330759.705399,88.83088927443195,216.3854924525132,-116.57852135121603,-112.945345203097,-3.861371480850459,1.6347096534175605,0.0,-1.0,-1.0,0.0,1,steering,98.15363575885154,203.09796486835938,91.11715251809844,212.86077813227257,0.12,0.12
1791330759.7215831,85.08757378886523,218.07179475201423,-118.51205357135686,-114.25078415161703,-3.7433154855667286,1.6863022995010266,0.0,-1.0,-1.0,0.0,1,steering,109.83300684109372,215.7960430203065,88.49679552295981,214.60952856120025,0.12,0.12
1791330759.738842,81.46670895928773,219.81726678229762,-120.58511194267562,-115.73682972276961,-3.6208648295774943,1.745472030283405,0.0,-1.0,-1.0,0.0,1,steering,84.25633786307712,228.71941314344224,84.84495105186706,216.97322121908158,0.12,0.12
1791330759.756375,77.97258008159348,221.62752751188668,-122.77193182292949,-117.38806057574588,-3.494128877694255,1.8102607295890605,0.0,-1.0,-1.0,0.0,1,steering,92.30411855042192,213.19777808387556,81.89848699298526,218.50419675543088,0.12,0.12
1791330759.773206,74.60924188300201,223.50624781032522,-125.04922356617665,-119.18720076729753,-3.363338198591467,1.8787202984385363,0.0,-1.0,-1.0,0.0,1,steering,72.34439512176553,238.67630883609922,78.22561111076237,221.29758664298092,0.12,0.12
1791330759.790327,71.38040866653084,225.4552456836926,-127.39630973576499,-121.11614531449897,-3.228833216471174,1.9489978733673672,0.0,0.0,-1.0,0.0,1,steering,84.07698722599825,217.94108782280776,75.45078836087656,222.98130968167126,0.12,0.12
1791330759.808749,68.28935991964357,227.4746397912909,-129.79508862505767,-123.1567407368843,-3.091048746887263,2.019394107598306,-1.0,0.0,-1.0,0.0,0,idle,59.42674636229888,213.00117293975282,71.71308995140477,224.40072724679374,0.12,0.12
1791330759.824264,65.33886409167872,229.56303907549207,-132.22989422723074,-125.29135602539367,-2.9504958279648594,2.08839928420117,-1.0,0.0,-1.0,0.0,0,steering,84.89862157419435,235.97568077351033,69.56939549597763,226.96345424312068,0.12,0.12
1791330759.840418,62.53112181268218,231.7177509373021,-134.68729960011737,-127.50328066179918,-2.8077422789965323,2.1547118618100227,-1.0,0.0,-1.0,0.0,0,idle,65.00930674641265,245.8168750990712,66.67403589345268,229.95310155463773,0.12,0.12
1791330759.858007,59.86772854690827,233.93499453973362,-137.15589465140704,-129.77698369274867,-2.663393265773909,2.2172436024315183,-1.0,0.0,-1.0,0.0,0,steering,43.4382592097936,218.00905047796414,62.98202345678452,231.46228042311398,0.12,0.12
1791330759.874592,57.34965564662774,236.2101093998676,-139.62605839424697,-132.0982637409529,-2.518072900280531,2.275114860133991,-1.0,0.0,-1.0,0.0,0,idle,30.521551085554776,220.41127830547825,58.966830582956526,233.07108943435946,0.12,0.12
1791330759.8921359,54.97724803141976,238.53775241209559,-142.08973816420504,-134.45431539434063,-2.3724076152079747,2.3276430122279765,-1.0,0.0,-1.0,0.0,0,steering,43.207435708982956,240.59344519511535,55.92507360481027,235.65846808401383,0.12,0.12
1791330759.908684,52.75023625514754,240.91207885544955,-144.54024311670543,-136.83373319120716,-2.2270117762722186,2.374326443353975,-1.0,0.0,-1.0,0.0,0,idle,43.456459230211706,231.80399432599089,53.18598169862173,237.72135451729895,0.12,0.12
1791330759.926219,50.66776050078786,243.32690483101968,-146.97205583078681,-139.2264706167423,-2.082475754359684,2.414825975570114,-1.0,0.0,-1.0,0.0,0,steering,56.093415767250804,230.51630127925856,51.353001435411485,239.65518653218854,0.12,0.12
1791330759.9426188,48.728404013397075,245.77585001793508,-149.38066353304458,-141.62376818808423,-1.939356487390782,2.448945186915419,-1.0,0.0,-1.0,0.0,0,idle,36.6574346772162,243.84826909751462,48.77583443448048,242.19133858802448,0.12,0.12
1791330759.9597352,46.930233592857334,248.25246069843865,-151.76240897146107,-144.018061814402,-1.7981704205397422,2.476610680503559,-1.0,0.0,-1.0,0.0,0,steering,40.918712871495295,238.5868407677272,46.674716456818466,244.363893843488,0.12,0.12
1791330759.9765818,45.270844973913846,250.7503137521677,-154.1143600597049,-146.402880141747,-1.6593886189434892,2.4978530537290586,-1.0,0.0,-1.0,0.0,0,idle,58.608816515516835,244.45352028798928,45.69500227175707,246.74133556675565,0.12,0.12
1791330759.9934661,43.74741118197907,253.26310281920482,-156.43419689739878,-148.7727374949304,-1.5234337919347793,2.51278906703713,-1.0,0.0,-1.0,0.0,0,steering,60.83905491249823,249.02773596110626,45.00494280145609,249.24280520015844,0.12,0.12
1791330760.010327,42.35673223823558,255.78470813577505,-158.72011452170406,-151.1230272780911,-1.3906789437434899,2.5216053165702217,-1.0,0.0,-1.0,0.0,0,idle,53.097024811010186,266.2084583779432,44.08840190537748,252.48661290978941,0.12,0.12
1791330760.026541,41.09528487385753,258.30925170263833,-160.97073966890792,-153.44991926045333,-1.2614473643780504,2.524543566863299,-1.0,0.0,-1.0,0.0,0,steering,18.99947049084872,255.46171064069162,41.6355803384919,255.03368418485465,0.12,0.12
1791330760.043466,40,260.83113949333836,-163.1850598574429,-155.7502630218253,0.0,0.0,-1.0,0.0,-1.0,0.0,0,idle,21.85089478794471,266.31518654823054,40.64634606096454,255.59775930302345,0.12,0.12
1791330760.060163,40.00000002871786,260.8311393983098,-163.18505952150758,16.814940478492414,2.8717854758632224e-08,-9.502856114327518e-08,-1.0,0.0,-1.0,0.0,0,idle,68.22508981517521,265.5258517834335,42.02528327595704,256.0941638367668,0.12,0.12
1791330760.0774488,40.000000099148394,260.83113916525224,-163.18505894795138,16.814940876649178,7.043054041509655e-08,-2.330575457144502e-07,-1.0,0.0,-1.0,0.0,0,idle,25.859042573865445,282.7417955795221,41.21697130776147,257.4265452024999,0.12,0.12
1791330760.093719,40.00000021487651,260.8311387823032,-163.18505820822583,16.814941374074788,1.1572811452512099e-07,-3.8294906352877595e-07,-1.0,0.0,-1.0,0.0,0,idle,25.124070828327206,270.7189416753131,40.41232639373146,258.09116466233894,0.12,0.12
1791330760.110487,40.00000037415063,260.8311382552586,-163.1850573541829,16.81494195278387,1.5927412033177575e-07,-5.270445582817843e-07,-1.0,0.0,-1.0,0.0,0,idle,33.46488232545252,265.17655248039745,40.06495434162793,258.4454335525495,0.12,0.12
1791330760.126701,40.000000572460046,260.8311375990447,-163.18505642339363,16.81494259846479,1.9830941253759272e-07,-6.562139050764584e-07,-1.0,0.0,-1.0,0.0,0,idle,20.780904959610474,286.5207887466766,39.100752060921,259.84920068885265,0.12,0.12
1791330760.143081,40.000000804122664,260.83113683246376,-163.18505544303528,16.81494329956835,2.31662621502819e-07,-7.665809950909036e-07,-1.0,0.0,-1.0,0.0,0,idle,28.052960843434327,246.16762067563977,38.54836272012616,259.1651209599401,0.12,0.12
1791330760.1604538,40.00000106322646,260.83113597507884,-163.18505443272764,16.814944046620386,2.5910380104945657e-07,-8.573849289953211e-07,-1.0,0.0,-1.0,0.0,0,idle,35.00461484695083,263.62242031375894,38.371175572616,259.3879851131154,0.12,0.12
1791330760.176803,40.00000134415534,260.8311350454739,-163.18505340659976,16.814944831707813,2.8092887945375367e-07,-9.29604947781692e-07,-1.0,0.0,-1.0,0.0,0,idle,53.101039280940014,266.01390503417497,39.10766902491464,259.7192802260437,0.12,0.12
1791330760.1944818,40.00000164185335,260.83113406037927,-163.18505237479414,16.814945648099116,2.97698005531348e-07,-9.850946089447753e-07,-1.0,0.0,-1.0,0.0,0,idle,39.29359280293129,245.63585632386597,39.11696549662858,259.0151080950949,0.12,0.12
1791330760.2115111,40,260.83270715792423,-163.1906972063472,-163.19069985664902,0.0,0.0,-1.0,-1.0,-1.0,-1.0,0,idle,51.74329040768969,226.6084690993539,39.74828174218164,257.39477614530784,0.12,0.12
1791330760.226882,40,260.83486884875447,-163.19845523486762,-163.19845523486762,0.0,0.0,-1.0,-1.0,-1.0,-1.0,0,idle,46.06450905810094,255.60652875673844,40.064093107977605,257.30536377587936,0.12,0.12
1791330760.243653,40,260.8390532748393,-163.21347976104778,-163.21347976104778,0.0,0.0,-1.0,-1.0,-1.0,-1.0,0,idle,59.5856172291069,258.4875688475247,41.04016931403407,257.36447402946163,0.12,0.12
1791330760.260031,40,260.84547803824387,-163.23655650323298,-163.23655650323298,0.0,0.0,-1.0,-1.0,-1.0,-1.0,0,idle,30.680412307386852,260.99362129005647,40.522181463701706,257.54593139249135,0.12,0.12
1791330760.276671,40,260.85418410521083,-163.26783475062766,-163.26783475062766,0.0,0.0,-1.0,-1.0,-1.0,-1.0,0,idle,24.094396221797187,271.2503954142305,39.70079220160648,258.2311545935783,0.12,0.12
1791330760.294313,40,260.8651023455071,-163.3070659858119,-163.3070659858119,0.0,0.0,-1.0,-1.0,-1.0,-1.0,0,idle,33.22517424435865,251.01263478628547,39.37701130374409,257.87022860321366,0.12,0.12
1791330760.310863,40,260.87809893992977,-163.35376727482537,-163.35376727482537,0.0,0.0,-1.0,-1.0,-1.0,-1.0,0,idle,46.12858889557572,256.6758180351956,39.71459018333567,257.8105080748128,0.12,0.12
1791330760.328419,40,260.89300593145623,-163.4073315432944,-163.4073315432944,0.0,0.0,-1.0,-1.0,-1.0,-1.0,0,idle,38.80582806215923,255.61436020308125,39.66915207727685,257.70070068122624,0.12,0.12
1791330760.345988,40,260.9096413907606,-163.46710057563615,-163.46710057563618,0.0,0.0,-1.0,-1.0,-1.0,-1.0,0,idle,15.044499393312563,266.5188819689812,38.437919443078634,258.141609745614,0.12,0.12
1791330760.3625689,40,260.9278223714875,-163.53241204114073,-163.53241204114073,0.0,0.0,-1.0,-1.0,-1.0,-1.0,0,idle,41.748208982399014,282.7945028699231,38.60343392004465,259.3742544018295,0.12,0.12
1791330760.380197,40,260.94737290320654,-163.60262858613444,-163.60262858613444,0.0,0.0,-1.0,-1.0,-1.0,-1.0,0,idle,58.70653570156221,281.15935189979655,39.60858900912053,260.46350927672785,0.12,0.12
1791330760.396836,40,260.9681286073388,-163.67715468571245,-163.67715468571245,0.0,0.0,-1.0,-1.0,-1.0,-1.0,0,idle,44.064841507907715,255.32279731863534,39.83140163405989,260.2064736788232,0.12,0.12
1791330760.413505,40,260.989939048933,-163.75544526715393,-163.75544526715393,0.0,0.0,-1.0,-1.0,-1.0,-1.0,0,idle,36.13941293931138,261.31870885262924,39.64680219932246,260.2620854375135,0.12,0.12
1791330760.431351,40,261.01266860114623,-163.8370089152068,-163.8370089152068,0.0,0.0,-1.0,-1.0,-1.0,-1.0,0,idle,42.71791844530401,281.65758205385345,39.80035801162153,261.3318602683305,0.12,0.12
1791330760.447024,40,261.03619636089024,-163.92140761287789,-163.92140761287789,0.0,0.0,-1.0,-1.0,-1.0,-1.0,0,idle,41.9891200618322,256.3262921247777,39.909796114132064,261.08158186115287,0.12,0.12
1791330760.463223,40,261.0604154854971,-164.00825436312854,-164.00825436312854,0.0,0.0,-1.0,-1.0,-1.0,-1.0,0,idle,31.631565264685786,261.92062075530265,39.49588457165975,261.12353380586035,0.12,0.12
1791330760.479501,40,261.08523220145423,-164.09720960679527,-164.09720960679527,0.0,0.0,-1.0,-1.0,-1.0,-1.0,0,idle,43.877035550541905,237.3188617882244,39.71494212060386,259.93330020497854,0.12,0.12
1791330760.496217,40,261.11056465293484,-164.18797704949637,-164.1879770494964,0.0,0.0,-1.0,-1.0,-1.0,-1.0,0,idle,61.38815109126029,257.5406771883168,40.798602569136676,259.81366905414546,0.12,0.12
1791330760.512971,40,261.1363416997505,-164.2802992987652,-164.2802992987652,0.0,0.0,-1.0,-1.0,-1.0,-1.0,0,idle,48.29378630673384,268.5022356058081,41.17336175601653,260.2480973817286,0.12,0.12
1791330760.528954,40,261.1625017341389,-164.37395356592276,-164.37395356592276,0.0,0.0,-1.0,-1.0,-1.0,-1.0,0,idle,37.92987454894841,264.16567426206916,41.01118739566313,260.44397622574564,0.12,0.12
1791330760.546081,40,261.18899155823163,-164.46874758642116,-164.46874758642116,0.0,0.0,-1.0,-1.0,-1.0,-1.0,0,idle,58.3743354953425,262.3435747851993,41.8793448006471,260.53895615371835,0.12,0.12
1791330760.5634089,40,261.21576534538474,-164.56451584404977,-164.56451584404977,0.0,0.0,-1.0,-1.0,-1.0,-1.0,0,idle,42.640911616854126,244.3415138863116,41.91742314145745,259.729084040348,0.12,0.12
1791330760.580093,40,261.2427836961311,-164.6611161388447,-164.6611161388447,0.0,0.0,-1.0,-1.0,-1.0,-1.0,0,idle,61.067255012544436,266.61162246055045,42.8749147350118,260.07321096135814,0.12,0.12
1791330760.596847,40,261.2700127914377,-164.75842650889007,-164.75842650889007,0.0,0.0,-1.0,-1.0,-1.0,-1.0,0,idle,29.249163805783226,266.35148197039837,42.19362718855037,260.38712451181016,0.12,0.12
1791330760.614065,40,261.29742364087963,-164.85634249755492,-164.85634249755492,0.0,0.0,-1.0,-1.0,-1.0,-1.0,0,idle,42.79511453058271,255.02517887320317,42.22370155565199,260.1190272298798,0.12,0.12
1791330760.6314812,40,261.324991420326,-164.95477474660512,-164.95477474660512,0.0,0.0,-1.0,-1.0,-1.0,-1.0,0,idle,47.487354656414745,259.0744291835441,42.48688421069013,260.066797327563,0.12,0.12
1791330760.6476989,40,261.3526948921034,-165.05364688961922,-165.05364688961922,0.0,0.0,-1.0,-1.0,-1.0,-1.0,0,idle,38.968960207467596,267.2496544014398,42.310988010529,260.4259401812568,0.12,0.12
1791330760.6649642,40,261.3805158998939,-165.15289371750853,-165.15289371750853,0.0,0.0,-1.0,-1.0,-1.0,-1.0,0,idle,37.42830820942216,268.2450120626774,42.06685402047366,260.81689377532786,0.12,0.12
1791330760.681664,40,261.40843893051056,-165.25245958749963,-165.25245958749963,0.0,0.0,-1.0,-1.0,-1.0,-1.0,0,idle,22.960222661791185,240.763075643328,41.11152245253954,259.8142028687279,0.12,0.12
1791330760.699122,40,261.4364507349469,-165.35229704785664,-165.35229704785664,0.0,0.0,-1.0,-1.0,-1.0,-1.0,0,idle,48.52623318917611,262.4853256287301,41.48225798937137,259.947759006728,0.12,0.12
1791330760.7156448,40,261.46454000157144,-165.45236565233938,-165.45236565233938,0.0,0.0,-1.0,-1.0,-1.0,-1.0,0,idle,58.90622517769915,266.64806639100885,42.35345634878776,260.28277437594204,0.12,0.12
1791330760.733294,40,261.4926934464843,-165.52400074387484,-165.52400074387484,0.0,0.0,0.0,-1.0,0.0,-1.0,0,idle,31.29692506513149,248.91130901877005,41.80062978460494,259.71420110808344,0.12,0.12
1791330760.749832,40,261.52090029569877,-165.57554480722249,-165.57554480722249,0.0,0.0,0.0,-1.0,0.0,-1.0,0,idle,32.265165300976605,256.61671458767887,41.32385656042353,259.55932678206324,0.12,0.12
1791330760.766412,40,261.5491517298389,-165.6127265001045,-165.6127265001045,0.0,0.0,0.0,-1.0,0.0,-1.0,0,idle,54.9717702503362,253.90829054784325,42.00625224491916,259.2767749703522,0.12,0.12
1791330760.784014,40,261.57744048404066,-165.6395806410924,-165.6395806410924,0.0,0.0,0.0,-1.0,0.0,-1.0,0,idle,46.85886250170159,247.4241826538406,42.24888275775828,258.68414535452666,0.12,0.12
1791330760.800818,40,261.60576054570873,-165.65898677807078,-165.65898677807078,0.0,0.0,0.0,-1.0,0.0,-1.0,0,idle,49.560077345852655,256.2731773801295,42.614442487163,258.5635969558068,0.12,0.12
1791330760.81773,40,261.6341069198358,-165.6730139173699,-165.6730139173699,0.0,0.0,0.0,-1.0,0.0,-1.0,0,idle,46.856589655591506,261.7501343189333,42.826549845584424,258.72292382396313,0.12,0.12
1791330760.834969,40,261.6545878432883,-165.68033455339193,-165.68033455339193,0.0,0.0,0.0,0.0,0.0,0.0,0,idle,19.40350968991349,257.5237717589531,41.65539783780088,258.66296622071263,0.12,0.12
1791330760.852,40,261.66938556234857,-165.68415553033915,-165.68415553033915,0.0,0.0,0.0,0.0,0.0,0.0,0,idle,51.534771359562036,269.07964391529146,42.149366513888936,259.18380010544155,0.12,0.12
1791330760.869052,40,261.68007700933606,-165.68614998409538,-165.68614998409538,0.0,0.0,0.0,0.0,0.0,0.0,0,idle,26.32913520463503,260.3878835220715,41.35835494842624,259.244004276273,0.12,0.12
1791330760.8857532,40,261.68780161559624,-165.68719106870134,-165.68719106870134,0.0,0.0,0.0,0.0,0.0,0.0,0,idle,26.347900368300326,271.58914630730493,40.60783221941994,259.86126137782463,0.12,0.12
1791330760.90317,40,261.69338265712463,-165.687734512457,-165.687734512457,0.0,0.0,0.0,0.0,0.0,0.0,0,idle,54.76652859948681,271.42245280909714,41.31576703842328,260.4393209493883,0.12,0.12
1791330760.920236,40,261.69741496472227,-165.68801819106469,-165.68801819106469,0.0,0.0,0.0,0.0,0.0,0.0,0,idle,51.811942668810865,268.4689696321606,41.84057581994266,260.8408033835269,0.12,0.12
1791330760.93788,40,261.69823624616083,-165.68805993570945,-165.68805993570945,0.0,0.0,0.0,1.0,0.0,1.0,0,idle,45.427967714283355,256.83959866080914,42.019945414659695,260.64074314739105,0.12,0.12
1791330760.953822,40.00000023417556,261.69823532825274,-165.68805990200053,14.311940097999473,2.341755603799134e-07,-9.179080757778343e-07,0.0,1.0,0.0,1.0,0,idle,41.988011305327646,258.34932396577045,42.01834893165987,260.52617131629734,0.12,0.12
1791330760.970712,40.000174851985896,261.6975508721705,-165.68804175973546,14.311958222016939,0.00017461781033872707,-0.0006844560822385819,0.0,1.0,0.0,1.0,0,idle,37.4824632929197,264.7688964758698,41.791720536642686,260.7376573409978,0.12,0.12
1791330760.988472,40.001053095896644,261.6941083980503,-165.68798560846415,14.312006015533743,0.0008782439107475268,-0.0034424741202391186,0.0,1.0,0.0,1.0,0,idle,45.191792106534166,257.4038236307439,41.96255844685247,260.5676953050709,0.12,0.12
1791330761.005255,40.00354593087977,261.68433722839427,-165.6878860344541,14.312085441709602,0.00249283498312198,-0.009771169655991374,0.0,1.0,0.0,1.0,0,idle,25.280603177321364,261.0269570624846,41.13082887660988,260.5813757817684,0.12,0.12
1791330761.0225,40.00889424112897,261.66337361123016,-165.6877495889075,14.31219274178456,0.005348310249205439,-0.0209636171640938,0.0,1.0,0.0,1.0,0,idle,31.320785059732714,268.680738070167,40.64540758050277,260.9664284598824,0.12,0.12
1791330761.0386188,40.018584198946606,261.6253925180546,-165.68758866214918,14.312320847532172,0.009689957817636905,-0.03798109317558804,0.0,1.0,0.0,1.0,0,idle,27.36865704231481,255.81460083986101,39.99077551352013,260.67275504036456,0.12,0.12
1791330761.05656,40.03425587798181,261.5639658940891,-165.68741659139414,14.312461649305392,0.015671679035206967,-0.06142662396545346,0.0,1.0,0.0,1.0,0,idle,39.14497213326681,273.6114170927882,39.96337343959091,261.26133285021854,0.12,0.12
1791330761.072741,40.05761893010944,261.47239318097286,-165.6872448604177,14.31260748556597,0.023363052127625888,-0.09157271311624116,0.0,1.0,0.0,1.0,0,idle,51.70900672050095,257.381984779425,40.57285000315766,260.9803713692184,0.12,0.12
1791330761.0898,40.09038166521777,261.3439792669937,-165.68708197824412,14.312751937982764,0.03276273510832993,-0.12841391397918397,0.0,1.0,0.0,1.0,0,idle,46.19408344033116,256.71474855193446,40.885036273369245,260.645097010074,0.12,0.12
1791330761.106761,40.134195479575105,261.17225225089186,-165.6869334003579,14.312890126635812,0.04381381435733512,-0.17172701610184773,0.0,1.0,0.0,1.0,0,idle,62.74371030434932,273.741468212002,42.01959309855772,261.1367749048736,0.12,0.12
1791330761.1234581,40.190614146542515,260.95112294004736,-165.68680197253275,14.31301869282625,0.05641866696741033,-0.2211293108444924,0.0,1.0,0.0,1.0,0,idle,54.59568741256585,262.34992533294474,42.70199554787717,260.9873595809749,0.12,0.12
1791330761.1410198,40.26106627037353,260.67499275631906,-165.68668855691217,14.31313561398519,0.07045212383101634,-0.2761301837283034,0.0,1.0,0.0,1.0,0,idle,44.046456185153495,288.40707336011593,42.83614809738045,262.0960215953901,0.12,0.12
1791330761.157548,40.346838724780724,260.3388185962807,-165.68659265024397,14.313239948995383,0.08577245440718928,-0.3361741600383771,0.0,1.0,0.0,1.0,0,idle,24.8157023274908,266.695253020401,42.0166096405728,262.0066177146042,0.12,0.12
1791330761.175052,40.44906884087429,259.938143411903,-165.68651290655575,14.313331574310212,0.10223011609356539,-0.4006751843776657,0.0,1.0,0.0,1.0,0,idle,53.66885857321678,275.5493228156548,42.69634069749389,262.30311154449794,0.12,0.12
1791330761.191545,40.5687432770226,259.4691006159394,-165.68644753764258,14.313410943829917,0.11967443614831186,-0.4690427959636187,0.0,1.0,0.0,1.0,0,idle,42.28246035247206,245.3003500966522,42.78933739458369,261.0073828159402,0.12,0.12
1791330761.209007,40.70670177492929,258.92839934884637,-165.68639459671888,14.31347888733417,0.1379584979066933,-0.5407012670930458,0.0,1.0,0.0,1.0,0,idle,25.864700998064382,265.4106402381086,42.074166147769084,260.7138794833103,0.12,0.12
1791330761.225472,40.86364430982397,258.31329645290174,-165.68635216438443,14.313536451170373,0.15694253489467455,-0.6151028959446341,0.0,1.0,0.0,1.0,0,idle,44.34220174555969,246.9709265144217,42.33666333580855,259.4423840837185,0.12,0.12
1791330761.2431161,41.04014043773569,257.6215598422958,-165.68631845959632,14.313584778731313,0.17649612791171684,-0.6917366106059131,0.0,1.0,0.0,1.0,0,idle,48.753837477267254,255.38824884734453,42.82519336439762,258.58252754182416,0.12,0.12
1791330761.2596679,41.236639908758704,256.8514269158098,-165.68629189676412,14.313625025312021,0.1964994710230174,-0.7701329264860157,0.0,1.0,0.0,1.0,0,idle,46.66538824792852,265.30421378246325,43.203877606046035,258.18698557369436,0.12,0.12
1791330761.277183,41.453483843480264,256.0015607645041,-165.68627110643956,14.313658300962285,0.21684393472155647,-0.8498661513056551,0.0,1.0,0.0,1.0,0,idle,52.00141934506668,262.4575305395148,43.84975643098255,257.593139978245,0.12,0.12
1791330761.2937841,41.69091595881314,255.07100618634013,-165.68625493300462,14.313685635092599,0.23743211533287795,-0.9305545781640044,0.0,1.0,0.0,1.0,0,idle,26.483113686898175,247.66270389880324,43.20698480334457,256.2125913250171,0.12,0.12
1791330761.310533,41.949093481700075,254.05914692356558,-165.68624241906235,14.31370795729089,0.25817752288693147,-1.0118592627745369,0.0,1.0,0.0,1.0,0,idle,53.94832776693554,256.2192303765974,43.9893205982667,255.2516569779603,0.12,0.12
1791330761.327956,42.22809750873004,252.96566507049886,-165.6862327832053,14.313726089724677,0.27900402702996285,-1.0934818530667214,0.0,1.0,0.0,1.0,0,idle,51.66760063236755,251.8923153116142,44.63828842565021,254.0448821342296,0.12,0.12
1791330761.344427,42.527942661486264,251.7905032399795,-165.686225395515,14.313740747441752,0.29984515275622997,-1.1751618305193545,0.0,1.0,0.0,1.0,0,idle,28.044896246959112,254.7236275636824,44.09347171183407,252.96241566670884,0.12,0.12
1791330761.3619,42.848585956264266,250.5338298072819,-165.68621975345846,14.313752543740582,0.32064329477800313,-1.256673432697609,0.0,1.0,0.0,1.0,0,idle,60.71250798134432,268.18343548461434,45.229034655348684,252.5296268965414,0.12,0.12
1791330761.379346,43.189934857097164,249.19600735331326,-165.68621545967386,14.31376199851359,0.3413489008328964,-1.3378224539686523,0.0,1.0,0.0,1.0,0,idle,36.6189992459506,244.39663630591684,45.12281434067003,250.85204603573996,0.12,0.12
1791330761.395819,43.55185451669314,247.77756428921998,-165.68621220235661,14.31376954806317,0.3619196595959759,-1.4184430640932737,0.0,1.0,0.0,1.0,0,idle,38.5902406847352,263.845080254799,45.14000933448947,250.1541768358043,0.12,0.12
1791330761.413279,43.934174234213955,246.27916954923649,-165.68620973846132,14.313775555358081,0.38231971752081184,-1.4983947399835063,0.0,1.0,0.0,1.0,0,idle,68.46497177004045,249.32789167684396,46.66946118791179,248.68938757487194,0.12,0.12
1791330761.429783,44.33669317451457,244.70161017712127,-165.68620787964147,14.313780320053525,0.4025189403006186,-1.5775593721152152,0.0,1.0,0.0,1.0,0,idle,44.05977827649396,248.88266824142545,46.92137003562649,247.20037020469016,0.12,0.12
1791330761.4480581,44.75918540270986,243.04577159527634,-165.68620648068907,14.313784087860862,0.4224922281952863,-1.655838581844943,0.0,1.0,0.0,1.0,0,idle,61.36676901748849,255.22412698748914,48.04500760150511,246.02851139107742,0.12,0.12
1791330761.4637408,45.201404292469235,241.31262032784684,-165.6862054301652,14.31378705904061,0.4422188897593755,-1.7331512674294807,0.0,1.0,0.0,1.0,0,idle,62.90841457017252,249.25094858465047,49.20828589520989,244.54313954669806,0.12,0.12
1791330761.4805682,45.663086367618064,239.50318894445337,-165.68620464289543,14.313789395922488,0.4616820751488321,-1.8094313833934648,0.0,1.0,0.0,1.0,0,idle,25.748870270810173,228.17335533322048,48.47391308538129,242.00569052180037,0.12,0.12
1791330761.4978912,46.14395463548484,237.618562995645,-165.68620405401796,14.31379122944271,0.4808682678667729,-1.8846259488083654,0.0,1.0,0.0,1.0,0,idle,51.218322420361616,244.49451632695516,49.06795840660374,240.33973716069016,0.12,0.12
1791330761.514721,46.64372146776292,235.65986972159965,-165.68620361430223,14.313792664743037,0.4997668322780843,-1.9586932740453342,0.0,1.0,0.0,1.0,0,idle,34.85058043735189,227.9626998556794,48.83186799880533,237.86012668509656,0.12,0.12
1791330761.531478,47.162091081040565,233.62826832974216,-165.68620328649357,14.313793785907437,0.5183696132776423,-2.031601391857487,0.0,1.0,0.0,1.0,0,idle,42.68814698575171,253.52429058264696,49.017133080766406,236.71331355770945,0.12,0.12
1791330761.5480719,47.69876166502065,231.5249416531247,-165.68620304247634,14.31379465992768,0.5366705839800856,-2.1033266766174474,0.0,1.0,0.0,1.0,0,idle,53.00281140211495,256.26377311340866,49.726254051614916,235.69267619270784,0.12,0.12
1791330761.5645912,48.25342720210902,229.35108901841843,-165.68620286108458,14.313795339993675,0.5546655370883758,-2.173852634706253,0.0,1.0,0.0,1.0,0,idle,82.24877282279994,238.79340626538996,51.87931225040813,233.782552693371,0.12,0.12
1791330761.5820642,48.82577901770985,227.10792016936279,-165.6862027264202,14.313795868202558,0.572351815600824,-2.2431688490556425,0.0,1.0,0.0,1.0,0,idle,54.018442815479304,219.46213643165368,52.53000300348247,230.93552147368226,0.12,0.12
1791330761.5985699,49.41550709637157,224.79665010795006,-165.68620262656665,14.313796277773802,0.5897280786617214,-2.3112700614127335,0.0,1.0,0.0,1.0,0,idle,64.06561703186586,242.97736577146674,53.667025379630275,229.3419071302294,0.12,0.12
1791330761.616683,50.02230119496873,222.41849473112993,-165.68620255260888,14.313796594849638,0.6067940985971633,-2.37815537682014,0.0,1.0,0.0,1.0,0,idle,53.884417131543245,231.6434822780616,54.25434936089323,227.1977382796419,0.12,0.12
1791330761.633339,50.64585178043573,219.97466715519343,-165.686202497889,14.313796839950388,0.6235505854669908,-2.443827575936492,0.0,1.0,0.0,1.0,0,idle,57.86742099042275,229.66758782979718,55.02737599856335,224.99959456001,0.12,0.12
1791330761.650091,51.28585081621446,217.46637463313834,-165.68620245744304,14.313797029145158,0.6399990357787367,-2.50829252205509,0.0,1.0,0.0,1.0,0,idle,48.703885797393355,217.50663028951436,55.31920057249465,222.24206845053288,0.12,0.12
1791330761.666144,51.941992418545375,214.89481598220132,-165.68620242757544,14.313797174989428,0.6561416023309121,-2.5715586509370127,0.0,1.0,0.0,1.0,0,idle,56.5988968355054,211.4647180747808,56.006519907859555,219.2602202133551,0.12,0.12
1791330761.682276,52.613973401013304,212.2611794493928,-165.68620240553884,14.313797287272944,0.6719809824679301,-2.6336365328085165,0.0,1.0,0.0,1.0,0,idle,70.81617493033521,230.8026919083112,57.38538459232787,217.33538909193481,0.12,0.12
1791330761.700332,53.301493723342304,209.56664095234498,-165.68620238929344,14.313797373614031,0.6875203223290018,-2.6945384970478368,0.0,1.0,0.0,1.0,0,idle,47.647442978925135,205.94689900288637,57.55163181787028,214.20615301528696,0.12,0.12
1791330761.71634,54.004256858295676,206.8123626411614,-165.68620237732665,14.313797439930404,0.702763134953374,-2.7542783111835796,0.0,1.0,0.0,1.0,0,idle,72.74231547027483,219.53613676433127,58.97879097869621,211.85608780711476,0.12,0.12
1791330761.7329001,54.72197008865725,203.99949173432637,-165.6862023685181,14.313797490810813,0.7177132303615736,-2.8128709068350286,0.0,1.0,0.0,1.0,0,idle,61.33328152675673,198.1569439476782,59.77834307494273,208.49890325264965,0.12,0.12
1791330761.750006,55.45434474462314,201.12915958818647,-165.6862023620388,14.313797529807763,0.732374655965895,-2.8703321461399014,0.0,1.0,0.0,1.0,0,idle,55.296365546995894,192.03409722751502,60.250000121712986,204.94884741256,0.12,0.12
1791330761.767103,56.20109639049644,198.20248096514865,-165.68620235727596,14.313797559667293,0.7467516458732938,-2.926678623037818,0.0,1.0,0.0,1.0,0,idle,50.97723840299429,191.4052213501986,60.49577609935668,201.491321417556,0.12,0.12
1791330761.785297,56.95992867757804,195.22845574313735,-165.68620235381218,14.313797582330487,0.7588322870816055,-2.9740252220113192,0.0,0.0,0.0,0.0,0,idle,61.867677587509775,200.58831099355376,61.285261846491856,198.62084693544514,0.12,0.12
1791330761.801117,57.72763725732896,192.21964244493236,-165.68620235131192,14.313797599495308,0.7677085797509139,-3.0088132982049745,0.0,0.0,0.0,0.0,0,idle,52.325560430010974,203.5428641427966,61.56659992643118,196.00857516251799,0.12,0.12
1791330761.817657,58.500770498878225,189.18956874560408,-165.6862023495167,14.313797612510625,0.7731332415492647,-3.030073699328285,0.0,0.0,0.0,0.0,0,idle,53.963211514873336,180.89307119134455,61.92090708532509,192.37422994959744,0.12,0.12
1791330761.834976,59.276004221766705,186.15126281510712,-165.68620234823257,14.313797622404604,0.7752337228884827,-3.038305930496972,0.0,0.0,0.0,0.0,0,idle,80.133660826576,188.73217250996552,63.56801680913169,189.30573644364372,0.12,0.12
1791330761.853469,60.051116087085944,183.11669347205031,-165.6270363684544,14.328537405822932,0.7751118653192417,-3.0345693430567957,-1.0,0.0,-1.0,0.0,0,idle,53.15897157662745,194.44519399296618,63.78392081955976,186.6798684452059,0.12,0.12
1791330761.868624,60.82589251175477,180.0966647837995,-165.42750840693915,14.388694666667552,0.7747764246688269,-3.0200286882508163,-1.0,0.0,-1.0,0.0,0,idle,45.20128913872804,165.0806507404927,63.590826838953554,182.73088030613195,0.12,0.12
1791330761.885706,61.60215618211375,177.10077928481195,-165.04777767830632,14.526437516077738,0.7762636703589764,-2.9958854989875356,-1.0,0.0,-1.0,0.0,0,idle,64.5648802748956,179.78272101413776,64.37697999759169,179.73738111749407,0.12,0.12
1791330761.902832,62.38336983730944,174.13746583116094,-164.47469444998015,14.768773177620044,0.7812136551956825,-2.9633134536510086,-1.0,0.0,-1.0,0.0,0,idle,63.773950829288296,168.32578722292575,65.08898151161242,176.35165364179718,0.12,0.12
1791330761.919199,63.17409056744162,171.21405648498825,-163.71160559100963,15.13514999760089,0.7907207301321779,-2.9234093461726904,-1.0,0.0,-1.0,0.0,0,idle,47.461454710443505,162.90223806894338,64.95878986517954,172.90194398429043,0.12,0.12
1791330761.935829,63.979426183339875,168.33689192657778,-162.7714689980939,15.637251952496351,0.8053356158982562,-2.877164558410461,-1.0,0.0,-1.0,0.0,0,idle,78.21964485454603,179.63953948042007,66.3869014497512,170.50551742860696,0.12,0.12
1791330761.952615,64.80456746487454,165.5114366073459,-161.67231076998542,16.279828514567907,0.8251412815346687,-2.8254553192318874,-1.0,0.0,-1.0,0.0,0,idle,60.88596747949866,160.09060922185088,66.89573896869652,167.30058946499886,0.12,0.12
1791330761.970222,65.65442380744804,162.74238986826177,-160.43429498788652,17.061928832133248,0.8498563425734986,-2.769046739084128,-1.0,0.0,-1.0,0.0,0,idle,57.08479473603929,150.7687637511783,67.21255528250849,163.8434037771779,0.12,0.12
1791330761.9867861,66.53336413004075,160.03378483058313,-159.07788472841813,17.97820825406364,0.8789403225927074,-2.7086050376786455,-1.0,0.0,-1.0,0.0,0,idle,64.18947584109549,153.9141253704232,67.89639461690092,160.77376507104546,0.12,0.12
1791330762.004321,67.44505208255262,157.38907155630022,-157.62273327548743,19.020143020806213,0.9116879525118641,-2.6447132742829202,-1.0,0.0,-1.0,0.0,0,idle,72.81456654610052,162.01391130588635,69.00840676824717,158.32329477221873,0.12,0.12
1791330762.020865,68.39235935966504,154.81118427931267,-156.08705919925637,20.17708187930524,0.9473072771124178,-2.5778872769875574,-1.0,0.0,-1.0,0.0,0,idle,58.324896119115,146.55411879209777,69.37417314904735,155.2858430600745,0.12,0.12
1791330762.037513,69.37733994952326,152.30259447554667,-154.48733820843844,21.437113714728497,0.9849805898582251,-2.5085898037660024,-1.0,0.0,-1.0,0.0,0,idle,69.61043155039897,152.87300417089114,70.32171762948025,152.78204080203764,0.12,0.12
1791330762.0553548,70.40124936533657,149.86535245286103,-152.83819864069068,22.787756396171623,1.0239094158133033,-2.4372420226856475,-1.0,0.0,-1.0,0.0,0,idle,75.62067659998792,151.99312171952522,71.55937952302827,150.42721492636068,0.12,0.12
1791330762.071488,71.46459511106272,147.5011203297565,-151.15244410373563,24.21648444587114,1.0633457457261515,-2.364232123104541,-1.0,0.0,-1.0,0.0,0,idle,72.70423963842894,137.31700362339816,72.62680098723814,147.52568384426326,0.12,0.12
1791330762.0882711,72.56720712793702,145.2111990259887,-149.44115175172928,25.711117954475476,1.1026120168743059,-2.289921303767803,-1.0,0.0,-1.0,0.0,0,idle,60.189528765256014,126.6829444974306,73.05241879216962,144.30812163834221,0.12,0.12
1791330762.1052759,73.70831938599459,142.99655142845114,-147.7138117821746,27.260095899324906,1.141112258057554,-2.2146475975375526,-1.0,0.0,-1.0,0.0,0,idle,61.18404431862742,149.13706347284065,73.54305671364719,142.44565351240647,0.12,0.12
1791330762.122466,74.88665594367698,140.85782337151252,-145.97848549437046,28.85265569055513,1.1783365576824054,-2.138728056938605,-1.0,0.0,-1.0,0.0,0,idle,60.10738021867071,156.61362837065346,73.99069261869664,141.12226060122714,0.12,0.12
1791330762.1386108,76.10051662920453,138.7953635727861,-144.24196733876147,30.478938496830438,1.2138606855275473,-2.062459798726425,-1.0,0.0,-1.0,0.0,0,idle,95.19312367057847,150.43933403398538,76.2039818225419,139.62877746407494,0.12,0.12
1791330762.1557372,77.34785899123615,136.80924323987483,-142.5099419340224,32.130037300113784,1.2473423620316177,-1.9861203329112629,-1.0,0.0,-1.0,0.0,0,idle,64.07652027706133,146.00114895614723,76.78258398919792,138.06058172241285,0.12,0.12
1791330762.1729732,78.62637434720334,134.89927572836132,-140.78713080320796,33.79800201759942,1.2785153559671831,-1.909967511513507,-1.0,0.0,-1.0,0.0,0,idle,105.71384966306987,149.28625735307398,79.44373686106034,136.80739636800806,0.12,0.12
1791330762.190191,79.93355666415195,133.06503638557047,-139.07742611360987,35.475813569642476,1.30718231694861,-1.8342393427908525,-1.0,0.0,-1.0,0.0,0,idle,71.53038383836848,125.44108849213384,80.28989241102693,134.49655359856303,0.12,0.12
1791330762.208956,81.26581787365333,131.30685160136213,-137.38840898815607,37.1529606125534,1.332261209501382,-1.758184784208335,-1.0,-1.0,-1.0,-1.0,0,idle,69.07160216731904,114.8347998865307,80.99462604786784,131.84319036796347,0.12,0.12
1791330762.224242,82.616917230534,129.6271611520187,-135.73516052248698,38.812295225806835,1.3510993568806644,-1.6796904493434464,-1.0,-1.0,-1.0,-1.0,0,idle,64.511776621564,137.338779650143,81.45402796558928,130.52226390519618,0.12,0.12
1791330762.2414699,83.9774118994902,128.03052938009222,-134.1368002911148,40.434415309984786,1.3604946689562119,-1.5966317719264806,-1.0,-1.0,-1.0,-1.0,0,idle,87.5848338649702,114.9813362574737,83.05303819606672,128.2284173394799,0.12,0.12
1791330762.257552,85.33236812376283,126.52045014944264,-133.0548742920882,41.900832834056835,1.354956224272621,-1.510079230649578,0.0,-1.0,0.0,-1.0,0,idle,74.58016284739882,134.0798128530406,83.91660284169232,127.08641184604083,0.12,0.12
1791330762.272715,86.66396866317447,125.10060740661606,-132.33044953980155,43.16308281171351,1.3316005394116444,-1.4198427428265705,0.0,-1.0,0.0,-1.0,0,idle,76.13937826916434,118.34012067458484,84.79276212550698,125.30024668178278,0.12,0.12
1791330762.289993,87.95328074987626,123.77540349958296,-131.8530975152507,44.213498536402064,1.2893120867017829,-1.3252039070330994,0.0,-1.0,0.0,-1.0,0,idle,66.99251894234769,125.45991070798324,85.1275964487157,124.04928617141135,0.12,0.12
1791330762.307266,89.18144855688791,122.5500582851062,-131.54505844766092,45.06591469732305,1.228167807011665,-1.2253452144767556,0.0,-1.0,0.0,-1.0,0,idle,90.71773593520153,125.03767379917812,86.57386283970108,122.93462759904676,0.12,0.12
1791330762.324398,90.33047168879908,121.43047287949742,-131.35158716116604,45.74343492543348,1.1490231319111688,-1.1195854056087895,0.0,-1.0,0.0,-1.0,0,idle,88.45955517511744,100.57370329662727,87.7597194317875,120.75297524859744,0.12,0.12
1791330762.3416,91.3836830976957,120.42298396640193,-131.23441955549114,46.27106122277579,1.0532114088966158,-1.0074889130954878,0.0,-1.0,0.0,-1.0,0,idle,106.37514795198675,120.55455875363396,89.69104169624924,119.78593995640855,0.12,0.12
1791330762.359327,92.3260114323753,119.53408834856307,-131.16710489163975,46.67134159719135,0.9423283346796046,-0.8888956178388588,0.0,-1.0,0.0,-1.0,0,idle,106.57936308477198,116.39465616860137,91.430669683621,118.77192493007128,0.12,0.12
1791330762.375264,93.14409250834679,118.77018488355587,-131.13160263913744,46.96141977284536,0.8180810759714958,-0.7639034650071973,0.0,-1.0,0.0,-1.0,0,idle,119.61691237256858,130.18546645514812,93.6171588402413,118.61689371456828,0.12,0.12
1791330762.391932,93.82627860803849,118.13735829945007,-131.115796775149,47.14961034736211,0.6821860996917115,-0.6328265841057963,0.0,-1.0,0.0,-1.0,0,idle,86.48291511658488,98.56425631803394,93.9085234487656,117.01307658984105,0.12,0.12
1791330762.40852,94.36258152239897,117.64121429365818,-131.1116929954598,47.22750106353525,0.5363029143604763,-0.49614400579188966,0.0,-1.0,0.0,-1.0,0,idle,87.44656879812759,130.91958620322794,94.09491348487616,117.2370652650081,0.12,0.12
1791330762.4258728,94.74457516131494,117.28676592354911,-131.1141254881941,47.14204549333583,0.38199363891597216,-0.3544483701090725,0.0,-1.0,0.0,-1.0,0,idle,78.22651551278716,120.55573496119419,93.66438754324189,117.06627279821379,0.12,0.12
1791330762.443349,94.99285488284558,117.0542876538667,-131.1174450101966,46.88250785730804,0.2482797215306296,-0.23247826968242236,0.0,-1.0,0.0,-1.0,0,idle,82.73180966452635,132.39378132692758,93.35362438476021,117.61179386845119,0.12,0.12
1791330762.459861,95.12268699125732,116.9291467102234,-131.12098337506873,46.05404715302427,0.1298321084117544,-0.12514094364329217,0.0,-1.0,0.0,-1.0,0,idle,102.16309380658569,115.56714558217362,93.91743835884265,117.39067755767618,0.12,0.12
1791330762.476521,95.1454195204494,116.90046090313872,-131.12436819346098,38.395630941709676,0.022732529192073525,-0.028685807084681547,0.0,-1.0,0.0,-1.0,0,idle,84.2929206872567,125.42534336102823,93.45780837799582,117.76515933111334,0.12,0.12
1791330762.494359,95.06952903405532,116.96010151560088,-131.1274133831556,-128.16300193424487,-0.07589048639407375,0.05964061246216762,0.0,-1.0,0.0,-1.0,0,idle,105.20021094759277,122.77648982014465,93.9728325444013,118.07238443740395,0.12,0.12
1791330762.510704,94.90139575397345,117.10195411779225,-131.13004627027973,-130.15403824093937,-0.16813328008187453,0.14185260219136675,0.0,-1.0,0.0,-1.0,0,idle,101.10050695200708,111.335641381618,94.1694896487038,117.87030725669645,0.12,0.12
1791330762.528394,94.64587614761633,117.32137190807006,-131.13225997572715,-130.653087130413,-0.255519606357106,0.21941779027781294,0.0,-1.0,0.0,-1.0,0,idle,99.87570434274906,121.05810998913044,94.21205675736681,118.23814429408208,0.12,0.12
1791330762.54497,94.30672471131143,117.61477254248932,-131.1340830150517,-130.86315287206213,-0.33915143630489875,0.29340063441925224,0.0,-1.0,0.0,-1.0,0,idle,109.54880393214503,113.67911427535412,94.65670025161606,118.28892339584397,0.12,0.12
1791330762.5621471,93.8869036426239,117.97934172430399,-131.13556043346688,-130.97078148984122,-0.4198210686875307,0.3645691818146779,0.0,-1.0,0.0,-1.0,0,idle,92.14469018645647,128.61567798987608,94.13226973310493,119.15160184826951,0.12,0.12
1791330762.580792,93.38888694255677,118.41290490425966,-131.16452497419584,-131.04216546302305,-0.4980167000671399,0.4335631799556635,-1.0,-1.0,-1.0,-1.0,0,idle,104.34046289511105,125.75754419034597,94.16956352614146,119.89378398633121,0.12,0.12
1791330762.59594,92.81491952641434,118.9138761459261,-131.25074891299437,-131.1151628961783,-0.5739674161424256,0.5009712416664351,-1.0,-1.0,-1.0,-1.0,0,idle,82.11886505349197,146.12185663727143,93.02175955717368,121.68111029846133,0.12,0.12
1791330762.612719,92.16721798058776,119.4812335543458,-131.41758343792958,-131.21690097012907,-0.6477015458265768,0.5673574084197128,-1.0,-1.0,-1.0,-1.0,0,idle,105.47210368958035,127.1002763241527,93.02896029525877,122.49105813774463,0.12,0.12
1791330762.629616,91.44812192747996,120.11450425258143,-131.68249984276272,-131.36870341588363,-0.7190960531078117,0.6332706982356253,-1.0,-1.0,-1.0,-1.0,0,idle,102.0471618695199,150.192500364991,92.79672912351941,124.47773741243078,0.12,0.12
1791330762.646723,90.660204896541,120.81374833356243,-132.0578774765921,-131.58774177471275,-0.7879170309389532,0.699244080980998,-1.0,-1.0,-1.0,-1.0,0,idle,99.71280349590029,118.51900114086483,92.39401166274645,124.84408247578443,0.12,0.12
1791330762.663409,89.80635296306171,121.579535862051,-132.55184543720634,-131.88773010709022,-0.8538519334792949,0.7657875284885803,-1.0,-1.0,-1.0,-1.0,0,idle,93.55439042968185,108.19547704039533,91.6408712642879,124.73915035607912,0.12,0.12
1791330762.680382,88.88981839718166,122.4129142337442,-133.16908305656113,-132.27934037781338,-0.9165345658800499,0.8333783716931976,-1.0,-1.0,-1.0,-1.0,0,idle,98.6427582028121,128.36275761721805,91.12025777362805,125.71204017224461,0.12,0.12
1791330762.696681,87.914254373609,123.31536535019069,-133.9115381778011,-132.77054694613406,-0.9755640235726637,0.9024511164464897,-1.0,-1.0,-1.0,-1.0,0,idle,104.49130056992452,133.67951866120455,90.86202409104885,126.96774265731678,0.12,0.12
1791330762.713282,86.88373559035286,124.2887534106252,-134.7790495663834,-133.36695858396251,-1.030518783256138,0.973388060434516,-1.0,-1.0,-1.0,-1.0,0,idle,90.57538919996547,124.22106200738125,89.86869950240134,127.75512728223279,0.12,0.12
1791330762.730526,85.80276853665217,125.33526487123419,-135.7698730535152,-134.07214692185323,-1.0809670537006877,1.0465114606089856,-1.0,-1.0,-1.0,-1.0,0,steering,74.67013441041635,142.1080343777409,88.08185254678644,129.46695852458674,0.12,0.12
1791330762.746725,84.67629419148207,126.45734245108096,-136.8811172873324,-134.8879653288559,-1.126474345170093,1.122077579846772,-1.0,-1.0,-1.0,-1.0,0,idle,81.08117387778532,116.83613650459802,86.66166798542478,129.90139112444174,0.12,0.12
1791330762.7640278,83.50968514416951,127.65761510848981,-138.10909784131772,-135.81484965541077,-1.1666090473125659,1.200272657408839,-1.0,-1.0,-1.0,-1.0,0,steering,69.43061187117075,106.29321255695143,84.69183658476516,129.86124122060562,0.12,0.12
1791330762.781224,82.30873850423485,128.93882577831747,-139.44961957774242,-136.85209384160882,-1.2009466399346573,1.2812106698276569,-1.0,-1.0,-1.0,-1.0,0,idle,69.72005490874184,127.49973900930733,82.80234819302606,130.96031624637698,0.12,0.12
1791330762.798424,81.07966549181343,130.3037584292044,-140.8981973604704,-137.99809600867027,-1.2290730124214195,1.3649326508869528,-1.0,-1.0,-1.0,-1.0,0,steering,94.37319455261373,128.12843464772686,82.2132711492051,132.11540818478707,0.12,0.12
1791330762.81455,79.82907825003046,131.7551657281684,-142.45022483735258,-139.25057314376352,-1.250587241782973,1.4514072989639881,-1.0,-1.0,-1.0,-1.0,0,idle,74.35510139413705,118.81620694290712,80.63230478175788,132.82928505670887,0.12,0.12
1791330762.832136,78.56397417235213,133.29569832679925,-144.1011002865131,-140.60674447322887,-1.2651040776783358,1.5405325986308496,-1.0,-1.0,-1.0,-1.0,0,steering,92.15546889385419,123.94025015288929,80.00661411356828,133.8483392802172,0.12,0.12
1791330762.8484428,77.29171786866435,134.92783653313236,-145.84631759185606,-142.06348503242958,-1.2722563036877776,1.6321382063331222,-1.0,-1.0,-1.0,-1.0,0,idle,64.47866269448922,151.63488475112078,78.02157305411093,136.28819784977884,0.12,0.12
1791330762.865997,76.0200207841693,136.65382491918393,-147.681529391727,-143.617451842624,-1.2716970844950437,1.7259883860515723,-1.0,-1.0,-1.0,-1.0,0,steering,69.17165144013394,131.04637155064626,76.37096474314178,137.6657955015712,0.12,0.12
1791330762.882485,74.75691841925928,138.47561024132582,-149.60258841316485,-145.2651855976008,-1.2631023649100277,1.8217853221419018,-1.0,-1.0,-1.0,-1.0,0,idle,56.05517646036061,131.98381874360751,74.1552280823382,139.11239271970783,0.12,0.12
1791330762.900126,73.51074506395109,140.39478291902734,-151.60557202043702,-147.00319094955051,-1.2461733553081926,1.9191726777015186,-1.0,-1.0,-1.0,-1.0,0,steering,78.68239847260566,131.64677641569372,73.19772191430879,140.56232594832355,0.12,0.12
1791330762.916963,72.29010594795837,142.41252222357554,-153.68679410727492,-148.82799845662103,-1.220639115992725,2.017739304548191,-1.0,-1.0,-1.0,-1.0,0,idle,59.75792813775763,125.98523150744876,71.36612506528814,141.7503235656006,0.12,0.12
1791330762.9345112,71.10384671030897,144.5295452670292,-155.8428076669508,-150.73621108827223,-1.186259237649388,2.117023043453665,-1.0,-1.0,-1.0,-1.0,0,steering,61.34798148044732,144.24024759172534,69.73827161027918,143.88599165818783,0.12,0.12
1791330762.9498508,69.96102010584032,146.74605984699048,-158.07040068963946,-152.7245379358906,-1.1428266044686537,2.21651457996129,-1.0,-1.0,-1.0,-1.0,0,idle,63.878370441037774,155.43064666866258,68.3595912775719,146.5689132596748,0.12,0.12
1791330762.967166,68.87084988667534,149.06172118892474,-160.36658746001046,-154.78981748669574,-1.0901702191649747,2.315661341934255,-1.0,-1.0,-1.0,-1.0,0,idle,56.40398299302787,128.71048407461004,66.72614915513796,147.8758700752591,0.12,0.12
1791330762.984321,67.84269182271453,151.47559262927902,-162.72859685172102,-156.92903251769286,-1.028158063960818,2.4138714403542973,-1.0,-1.0,-1.0,-1.0,0,idle,68.29930936383754,145.05238047828598,65.82805700481016,150.027873463747,0.12,0.12
1791330763.0007098,66.88599185482558,153.98611029474353,-165.15385882845413,-159.13931837240605,-0.9566999678889483,2.510517665464494,-1.0,-1.0,-1.0,-1.0,0,idle,52.9219045905157,133.45807992109116,64.27388441460093,151.58437556880548,0.12,0.12
1791330763.0179908,66.01024140680778,156.59105185159737,-167.63999005126016,-161.4179661081406,-0.8757504480177964,2.6049415568538468,-1.0,-1.0,-1.0,-1.0,0,idle,56.826897496436814,159.9346676537732,63.06957214307582,154.47658465206501,0.12,0.12
1791330763.0349581,65.22492991668624,159.28750942084164,-170.1847792471931,-163.76242175206792,-0.7853114901215426,2.6964575692442856,-1.0,-1.0,-1.0,-1.0,0,idle,63.577758195670924,174.5392892186577,62.3489355300901,158.0413545711767,0.12,0.12
1791330763.0517068,64.53949468396084,162.07186677708071,-172.78617280339796,-166.1702826833397,-0.6854352327254003,2.7843573562390582,-1.0,-1.0,-1.0,-1.0,0,idle,35.04770545085543,146.19848796929193,60.332710555039235,160.09435072950959,0.12,0.12
1791330763.07006,63.963268166692174,164.93978096980533,-175.4422609039233,-168.63929196610763,-0.5762265172686658,2.867914192724598,-1.0,-1.0,-1.0,-1.0,0,idle,62.14373947920088,175.58977250181766,59.87584680984209,163.59364030121336,0.12,0.12
1791330763.08564,63.50542290038433,167.88616852330424,-178.15126441498498,-171.16733129359426,-0.45784526630784245,2.946387553498906,-1.0,-1.0,-1.0,-1.0,0,idle,54.28112068747316,161.21469501113265,59.16115750073119,166.2737612125333,0.12,0.12
1791330763.103128,63.17491424915892,170.90519638476064,-180.91152264091664,-173.7524130641591,-0.3305086512254125,3.0190278614564106,-1.0,-1.0,-1.0,-1.0,0,idle,55.422145126331415,177.78290409716115,58.66022366334706,169.71729482514826,0.12,0.12
1791330763.11963,62.980421238329974,173.99027779840293,-183.72148201158814,-176.39267199409863,-0.19449301082894474,3.085081413642299,-1.0,-1.0,-1.0,-1.0,0,idle,49.06455660730116,195.70968022606598,57.99567195025727,173.9477414381543,0.12,0.12
1791330763.136988,62.93028575579085,177.13407328638357,-186.5796857177406,-179.0863565760013,-0.050135482539125226,3.143795487980636,-1.0,-1.0,-1.0,-1.0,0,idle,66.39868225577781,206.19630601024417,58.36819375712113,178.54677538034042,0.12,0.12
1791330763.154071,63.03245044719734,180.32849691408842,-189.48476427952278,178.16817938682672,0.10216469140649567,3.1944236277048503,-1.0,-1.0,-1.0,-1.0,0,idle,54.664315840097416,186.08411521630939,58.28005631810611,181.95834481845847,0.12,0.12
1791330763.171273,63.29439566634574,183.5647280087424,-192.43542701236575,175.37248500257897,0.2619452191484045,3.2362310946539923,-1.0,-1.0,-1.0,-1.0,0,idle,57.2874224655052,200.70527433820058,58.47927258366705,185.97011083436686,0.12,0.12
1791330763.1889322,63.72307587695797,186.8332284855259,-195.43045434072025,172.52802015300406,0.4286802106122265,3.268500476783499,-1.0,-1.0,-1.0,-1.0,0,idle,87.17595779024708,208.53586526077686,60.32135304407767,190.20347400863167,0.12,0.12
1791330763.2048151,64.3248559348515,190.12376591511116,-198.4686909021576,169.6361629183051,0.6017800578935291,3.2905374295852843,-1.0,-1.0,-1.0,-1.0,0,idle,60.03229155494704,194.9213503634359,60.878591024619986,193.5653783844779,0.12,0.12
1791330763.222431,65.10544770974298,193.4254424408174,-201.5490393803993,166.69821651886303,0.7805917748914819,3.301676525706229,-1.0,-1.0,-1.0,-1.0,0,idle,41.570520100718475,215.60374247029566,60.65474966457182,197.8038892881897,0.12,0.12
1791330763.2396119,66.0698475332721,196.72672962278395,-204.67045500483275,163.71541575148854,0.9643998235291208,3.3012871819665475,-1.0,-1.0,-1.0,-1.0,0,idle,60.249711036507115,213.3442697394121,61.55067756552125,201.71713113361906,0.12,0.12
1791330763.2561789,67.22227498381068,200.01550925105087,-207.83194065510904,160.68893291573988,1.1524274505385765,3.288779628266923,-1.0,-1.0,-1.0,-1.0,0,idle,57.100443312178896,168.69884688308744,62.42297193086578,203.19055756794606,0.12,0.12
1791330763.2726772,68.56611353883378,203.27912012963353,-211.0325425118408,157.61988323893283,1.3438385550230905,3.2636108785826585,-1.0,-1.0,-1.0,-1.0,0,idle,68.43760851727939,212.48993719667902,64.0003503874584,206.75595688403624,0.12,0.12
1791330763.2902029,70.1038536416917,206.50441079004753,-214.27134619772056,154.50932981778107,1.5377401028579252,3.225290660413994,-1.0,-1.0,-1.0,-1.0,0,idle,78.88462974780236,215.13637728222704,66.20541745319062,210.23900403133908,0.12,0.12
1791330763.306734,71.83703874118011,209.67779804577543,-217.5474733572014,151.3582881009378,1.7331850994884053,3.173387255727905,-1.0,-1.0,-1.0,-1.0,0,idle,76.40641968207613,195.23568130583106,68.36199340914888,212.50355578800517,0.12,0.12
1791330763.324918,73.76621486903893,212.7853312493929,-220.86007862695044,148.1677299407226,1.9291761278588193,3.1075332036174625,-1.0,-1.0,-1.0,-1.0,0,idle,76.6678242253949,208.33157161976325,70.61000227142706,215.24711312302966,0.12,0.12
1791330763.340765,75.89088432213758,215.8127620620384,-224.20834695341364,144.9385872445505,2.1246694530986514,3.0274308126454885,-1.0,-1.0,-1.0,-1.0,0,idle,67.72912821046958,209.93610048139365,72.4843945488229,217.8576217629611,0.12,0.12
1791330763.3584971,78.20946401238199,218.74561949119015,-227.59149121788266,141.67175525746742,2.3185796902444014,2.932857429151772,-1.0,-1.0,-1.0,-1.0,0,idle,96.53640937982145,220.1218897239848,75.88964599610502,220.75704971870644,0.12,0.12
1791330763.374725,80.71924903811355,221.56928989789617,-231.00875013334422,138.36809550708767,2.509785025731562,2.8236704067060083,-1.0,-1.0,-1.0,-1.0,0,idle,98.59787194208094,228.36118318111323,79.4093530678488,223.8197432781975,0.12,0.12
1791330763.392194,83.41638201581449,224.26910161929328,-234.45938638106034,135.0284384414037,2.69713297770094,2.699811721397112,-1.0,-1.0,-1.0,-1.0,0,idle,77.59242679416847,207.3820316877261,81.88078308298068,225.5626788340012,0.12,0.12
1791330763.4097438,86.29582869019268,226.8304137970684,-237.94268495824267,131.65358578861503,2.8794466743781824,2.5613121777751005,-1.0,-1.0,-1.0,-1.0,0,idle,80.88826608689207,205.95026600306753,84.56663157383554,227.01530476134087,0.12,0.12
1791330763.426383,89.35136031415207,229.23870894808053,-241.4579517113297,128.24431266647258,3.055531623959399,2.408295151012133,-1.0,-1.0,-1.0,-1.0,0,idle,82.9395756843369,233.27947561771535,87.38803382212203,229.61639369762113,0.12,0.12
1791330763.443306,92.5755432577777,231.47968876030853,-245.00451203224836,124.80136946678695,3.224182943625618,2.240979812228003,-1.0,-1.0,-1.0,-1.0,0,idle,101.67962416654527,232.57915334531083,91.16558713578753,231.89346250162222,0.12,0.12
1791330763.4602199,95.95973626735031,233.53937254624006,-248.58170969764672,121.32548353880725,3.384193009572618,2.0596837859315245,-1.0,-1.0,-1.0,-1.0,0,idle,82.53633557705358,222.50697255595364,93.94910791694481,233.38083760097373,0.12,0.12
1791330763.477661,99.48818063662775,235.42205604186526,-251.15878197011662,118.08318750928504,3.5284443692774436,1.882683495625199,0.0,-1.0,0.0,-1.0,0,idle,90.57552143773644,243.64161590279622,97.13245074379796,235.6824258369088,0.12,0.12
1791330763.4944608,103.14339623357543,237.14203376616325,-253.0249940803686,115.19953574129742,3.655215596947688,1.719977724297977,0.0,-1.0,0.0,-1.0,0,idle,86.30724525836968,228.87453200688287,100.06364528662685,236.9760099834906,0.12,0.12
1791330763.5103931,106.90868642337655,238.7182766117109,-254.37988369520005,112.71538161921978,3.7652901898011253,1.576242845547665,0.0,-1.0,0.0,-1.0,0,idle,111.69957013062393,217.32161261371397,104.22246720913778,237.49072081827205,0.12,0.12
1791330763.527498,110.76917459201367,240.1711332235344,-255.36474846165552,110.62333274378268,3.860488168637119,1.4528566118234936,0.0,-1.0,0.0,-1.0,0,idle,99.20392948341974,240.55760157057844,107.63900408305713,239.0242786371197,0.12,0.12
1791330763.543423,114.7121041098801,241.5203895548599,-256.081028248141,108.89076247633814,3.9429295178664314,1.3492563313254635,0.0,-1.0,0.0,-1.0,0,idle,98.97703576489403,248.4274749469393,110.95168870912208,240.77623196736985,0.12,0.12
1791330763.5602932,118.72678430570942,242.7842194883488,-256.60206702770336,107.47411373758156,4.014680195829314,1.2638299334889158,0.0,-1.0,0.0,-1.0,0,idle,117.88203638980893,217.25098486655327,115.11215227919428,240.8006080491435,0.12,0.12
1791330763.577015,122.80438230613102,243.9787040357326,-256.9810859507159,106.32732777197637,4.077598000421597,1.1944845473837904,0.0,-1.0,0.0,-1.0,0,idle,139.53110409975838,226.91087545018937,120.206817970623,241.24088173921038,0.12,0.12
1791330763.5932028,126.93766342591346,245.1177002210268,-257.2567727751551,105.40645345606728,4.13328111978244,1.1389961852942239,0.0,-1.0,0.0,-1.0,0,idle,123.50139292930871,252.5524549096713,124.29816378235061,242.88850677376294,0.12,0.12
1791330763.609867,131.12073086315988,246.2129138388969,-257.4572736092603,104.6718854789751,4.183067437246435,1.0952136178700727,0.0,-1.0,0.0,-1.0,0,idle,132.0370302388634,258.08253770520173,128.65902117056038,244.68866125731145,0.12,0.12
1791330763.626951,135.34878782869617,247.27408108986162,-257.6030719450302,104.08919948474926,4.228056965536294,1.061167250964736,0.0,-1.0,0.0,-1.0,0,idle,157.89212846750746,256.37164925993295,134.1373306526672,246.280919545859,0.12,0.12
1791330763.643719,139.61793077171828,248.30919889048707,-257.7090758039214,103.6292011753342,4.269142943022111,1.0351178006254325,0.0,-1.0,0.0,-1.0,0,idle,132.3615418371988,247.1663556637604,138.1042270077648,247.30855326234825,0.12,0.12
1791330763.660031,143.92497503003437,249.32476710605158,-257.78613469845027,103.26756761015571,4.3070442583160835,1.0155682155645198,0.0,-1.0,0.0,-1.0,0,idle,134.24856356812268,248.48141623336554,142.00313588118297,248.33198621568542,0.12,0.12
1791330763.6763341,148.26731074901394,250.3260214709938,-257.8421435308857,102.98430483367338,4.34233571897958,1.0012543649422196,0.0,-1.0,0.0,-1.0,0,idle,154.91452110225316,276.61086988952394,146.77392407526708,250.69712204607245,0.12,0.12
1791330763.6928189,152.64278548013186,251.31714601040176,-257.8828463274393,102.76314997615574,4.375474731117918,0.9911245394079667,0.0,-1.0,0.0,-1.0,0,idle,150.89259028168098,241.3987149869225,151.13655838014978,251.1737700055525,0.12,0.12
1791330763.710125,157.04960950158227,252.30146010371163,-257.912421522609,102.59098764211832,4.406824021450405,0.9843140933098691,0.0,-1.0,0.0,-1.0,0,idle,153.0786667805145,248.68932937574905,155.4201466205459,251.9846463627067,0.12,0.12
1791330763.726291,161.48628006069364,253.28157916797159,-257.93390815791685,102.45731563588018,4.43667055911137,0.9801190642599499,0.0,-1.0,0.0,-1.0,0,idle,174.34856554780077,266.0018083007719,160.58140459806444,253.61661757065693,0.12,0.12
1791330763.74228,165.95152112876227,254.25955013437905,-257.94951620054957,102.35377476907905,4.465241068068632,0.9779709664074561,0.0,-1.0,0.0,-1.0,0,idle,155.66921887086298,268.882017923763,164.57777432636956,255.30896000639933,0.12,0.12
1791330763.758778,170.44423572830743,255.23696403198747,-257.96085245288515,102.27374596773863,4.492714599545154,0.9774138976084049,0.0,-1.0,0.0,-1.0,0,idle,172.0443418441099,245.7915010719297,169.2191815718245,255.76163026240386,0.12,0.12
1791330763.775664,174.96346836129922,256.2150484712543,-257.96908498343095,102.21201165914975,4.519232632991786,0.9780844392668295,0.0,-1.0,0.0,-1.0,0,idle,161.5192787263517,272.8415333150154,173.12745743089306,257.5448056323379,0.12,0.12
1791330763.792851,179.50837549701015,257.194742900579,-257.9750627875765,102.16447534312816,4.544907135710936,0.9796944293247151,0.0,-1.0,0.0,-1.0,0,idle,172.06843381647514,255.33496354513898,177.39216802909755,258.3650232358364,0.12,0.12
1791330763.80974,184.07820245484277,258.17675936352475,-257.97940285164503,102.1279320383757,4.569826957832606,0.9820164629457737,0.0,-1.0,0.0,-1.0,0,idle,184.1335790686456,254.0402645755018,182.07057419101594,259.08170094261817,0.12,0.12
1791330763.825794,188.67226533780902,259.16163122353333,-257.98255348823426,102.09988214692346,4.594062882966252,0.9848718600085774,0.0,-1.0,0.0,-1.0,0,idle,204.7549232620711,250.60072693146745,187.56915138338664,259.5932805090688,0.12,0.12
1791330763.842669,193.2899369392946,260.1497520154716,-257.9848404016648,102.07838171068069,4.617671601485579,0.9881207919382585,0.0,-1.0,0.0,-1.0,0,idle,169.39433617982652,257.116197591687,191.04719864461993,260.40814111554107,0.12,0.12
1791330763.8603678,197.93063576501743,261.1414062704778,-257.98650018672816,102.06192274736095,4.640698825722824,0.9916542550061417,0.0,-1.0,0.0,-1.0,0,idle,200.7424424616559,262.502732451207,195.9406247199084,261.45494222458024,0.12,0.12
1791330763.8769631,202.59381749024115,262.13679386544345,-257.9877046848115,102.04933817092208,4.6631817252237155,0.9953875949656675,0.0,-1.0,0.0,-1.0,0,idle,197.6366926118636,272.3524178061294,200.4554507534687,262.9454342188751,0.12,0.12
1791330763.8935559,207.27896831580864,263.13604918269215,-257.98857868973266,102.03972662124889,4.6851508255675,0.9992553172487058,0.0,-1.0,0.0,-1.0,0,idle,195.83023345361778,246.14374072991558,204.67508317276528,263.0546420958134,0.12,0.12
1791330763.9113688,211.98559980136076,264.139256133468,-257.9892128170562,102.03239329305279,4.706631485552135,1.0032069507758576,0.0,-1.0,0.0,-1.0,0,idle,204.8324318688622,266.74692805993175,209.15425051884463,264.1923029972564,0.12,0.12
1791330763.927906,216.71324484542,265.1464599009602,-257.9896728565885,102.02680353785381,4.72764504405924,1.0072037674922414,0.0,-1.0,0.0,-1.0,0,idle,227.31401965427457,255.97342858675705,214.55350176747243,264.738202855849,0.12,0.12
1791330763.9446511,221.46145455430346,266.15767609262565,-257.9900065680839,102.02254660607873,4.748209708883459,1.0112161916654112,0.0,-1.0,0.0,-1.0,0,idle,233.94032072255374,289.93865409394385,220.03364193866577,266.9588807998359,0.12,0.12
1791330763.961782,226.22979579881425,267.17289785423753,-257.99024861842287,102.01930739968583,4.768341244510788,1.0152217616118682,0.0,-1.0,0.0,-1.0,0,idle,232.8047201708797,267.2222570959852,225.2021200325617,267.9365102881747,0.12,0.12
1791330763.979307,231.0178493024216,268.19210138566723,-257.99042416803877,102.01684452584591,4.788053503607362,1.0192035314296857,0.0,-1.0,0.0,-1.0,0,idle,229.6138826719883,266.63309342717497,229.97135899296003,268.8395827999829,0.12,0.12
1791330763.995271,235.8252081396894,269.2152502071874,-257.99055147578787,102.01497328825484,4.807358837267788,1.0231488215201896,0.0,-1.0,0.0,-1.0,0,idle,257.2702114342576,274.85083197848155,235.9032925104293,270.112136639352,0.12,0.12
1791330764.012435,240.6514765510792,270.2422984516221,-257.9906437906516,102.01355253466147,4.826268411389799,1.027048244434714,0.0,-1.0,0.0,-1.0,0,idle,236.84566424337402,287.05071750719935,240.53536608789685,271.93476151495736,0.12,0.12
1791330764.029675,245.49626900156886,271.27319339887424,-257.99071072534804,102.01247450699604,4.844792450489645,1.0308949472521234,0.0,-1.0,0.0,-1.0,0,idle,256.23060597429674,275.37886149696186,245.922680910182,273.0863167139471,0.12,0.12
1791330764.0469592,250.3587921715608,272.3098312681057,-257.8996814990402,102.03468117134055,4.8625231699919205,1.0366378692314888,1.0,-1.0,1.0,-1.0,0,idle,259.972743918476,293.1384619240831,251.24458107208903,275.0737299502238,0.12,0.12
1791330764.0624819,255.23728356655369,273.35856331810106,-257.57918730946557,102.13226815650044,4.878491394992887,1.0487320499953674,1.0,-1.0,1.0,-1.0,0,idle,280.55922940744534,290.5208933381293,257.34488031410007,276.84238356711467,0.12,0.12
1791330764.080228,260.12877854717874,274.4307717075787,-256.95212248592514,102.36360894389634,4.89149498062505,1.0722083894776406,1.0,-1.0,1.0,-1.0,0,idle,275.3257300176912,289.7683947893637,262.89084303087344,278.50728209823086,0.12,0.12
1791330764.0965362,265.028986756468,275.5424015828951,-255.98228623964087,102.78142928018725,4.900208209289269,1.111629875316377,1.0,-1.0,1.0,-1.0,0,idle,263.5047062379461,301.14777859870276,267.5767339900519,280.69535530480505,0.12,0.12
1791330764.114068,269.93217658401244,276.7129949555284,-254.66011706696915,103.42751742062669,4.903189827544473,1.170593372633327,1.0,-1.0,1.0,-1.0,0,idle,271.22713383215125,264.03076378067107,272.41728431832405,280.97418943260004,0.12,0.12
1791330764.130628,274.8310417495733,277.96454728174456,-252.99289701916115,104.33126471560773,4.898865165560842,1.2515523262161579,1.0,-1.0,1.0,-1.0,0,idle,298.51650645594896,267.86493111175025,278.3761673324881,281.50770122646287,0.12,0.12
1791330764.1476228,279.7165617122543,279.3203651604907,-250.99809219504476,105.51027195478024,4.885519962681046,1.35581787874614,1.0,-1.0,1.0,-1.0,0,idle,288.04139478963623,278.1699421296716,283.5006726698925,282.62884025643217,0.12,0.12
1791330764.165266,284.5778803246844,280.8040163945131,-248.69886263704964,106.9719389858936,4.861318612430055,1.4836512340223624,1.0,-1.0,1.0,-1.0,0,idle,279.62936890503573,281.8354832716447,287.9253601634582,283.9986410795141,0.12,0.12
1791330764.182088,289.4022262515665,282.43841255314646,-246.1210643026952,108.71539754276844,4.824345926882108,1.6343961586333489,1.0,-1.0,1.0,-1.0,0,idle,291.048654072113,274.07130565398586,292.664653489429,285.05495065893933,0.12,0.12
1791330764.198752,294.17489182644425,284.2450356976301,-243.29127691725466,110.73343124887575,4.772665574877738,1.80662314448363,1.0,-1.0,1.0,-1.0,0,idle,297.8830686923401,273.6627716998646,297.4596065457084,286.2016336982451,0.12,0.12
1791330764.2164302,298.8792787202159,286.2433060815062,-240.23553830840413,113.01420498182316,4.704386893771614,1.9982703838761142,1.0,-1.0,1.0,-1.0,0,idle,273.5910323198106,275.0380183233901,300.73534538349656,287.54180979418464,0.12,0.12
1791330764.233324,303.4970113231815,288.45008064237953,-236.97856553538708,115.54273295740164,4.6177326029656065,2.2067745608733293,1.0,-1.0,1.0,-1.0,0,idle,295.2385157396566,292.3298771408899,304.84734987412185,289.87764899434956,0.12,0.12
1791330764.250423,308.0081130254636,290.8792694048928,-233.54331047112493,118.3020751427211,4.511101702282134,2.4291887625132853,1.0,-1.0,1.0,-1.0,0,idle,280.52787748528493,289.1713716153578,307.91692287184804,292.1500644497876,0.12,0.12
1791330764.2668328,312.3912367875914,293.5415564304099,-229.9507432647053,121.27428205477727,4.3831237621278225,2.662287025517111,1.0,-1.0,1.0,-1.0,0,idle,326.94737821461894,290.55285228708755,313.032413213008,294.5993765158938,0.12,0.12
1791330764.284056,316.6239393173847,296.44421250885426,-226.2197886251043,124.44112059617999,4.232702529793323,2.9026560784443447,1.0,-1.0,1.0,-1.0,0,idle,308.1058380113288,302.0947525175088,316.8071518562277,297.7316685904967,0.12,0.12
1791330764.3012831,320.68298745487846,299.5909877759382,-222.36736190160218,127.7846163093562,4.059048137493739,3.146775267083907,1.0,-1.0,1.0,-1.0,0,idle,324.6060800672052,307.01661246438186,321.0531939973956,301.1853522879207,0.12,0.12
1791330764.318534,324.5446856329608,302.9820735517068,-218.40846756330384,131.2874453131106,3.86169817808237,3.3910857757686,1.0,-1.0,1.0,-1.0,0,idle,321.4233554336829,292.7668052084168,324.7403153383882,303.9859564209257,0.12,0.12
1791330764.334717,328.18521418449194,306.6141237987345,-214.3563338815346,134.93320514512635,3.64052855153114,3.6320502470277307,1.0,-1.0,1.0,-1.0,0,idle,321.89586890985214,287.6705857715923,328.056595140916,306.62063562313534,0.12,0.12
1791330764.3519309,331.58096952731177,310.4803276382936,-210.22256569666868,138.7065893147897,3.395755342819827,3.8662038395591134,1.0,-1.0,1.0,-1.0,0,idle,328.8013771619011,319.9338197935737,331.3198018176441,310.9591884792384,0.12,0.12
1791330764.369107,334.70889866583457,314.5705253249878,-206.01730298346962,142.59348627472556,3.127929138522796,4.090197686694173,1.0,-1.0,1.0,-1.0,0,idle,346.8767882473681,312.66519588392015,335.06918382072695,314.9301766518319,0.12,0.12
1791330764.386299,337.5468218541243,318.87136096292267,-201.74937712653397,146.58101998065695,2.8379231882896954,4.300835637934892,1.0,-1.0,1.0,-1.0,0,idle,351.4375541387447,309.25733174619336,338.58362936550304,318.7323282625881,0.12,0.12
1791330764.403418,340.07373857560054,323.36646605100117,-197.42645981560608,150.6575462331911,2.5269167214762414,4.4951050880785,1.0,-1.0,1.0,-1.0,0,idle,338.96736804489785,320.9292488428496,341.00338718487524,323.11252412527574,0.12,0.12
1791330764.420568,342.2701131553481,328.03666867266674,-193.0552015870783,154.8126164994463,2.196374579747547,4.670202621665576,1.0,-1.0,1.0,-1.0,0,idle,327.2940524436783,331.75190796824995,342.40447629857556,327.9811858080067,0.12,0.12
1791330764.437592,344.11813730933324,332.86022379690843,-188.64135850784945,159.03691879992573,1.848024153985153,4.823555124241692,1.0,-1.0,1.0,-1.0,0,idle,361.4953950289651,338.7678906969589,345.1146451813809,333.10289842048394,0.12,0.12
1791330764.454056,345.601967748645,337.8130607329851,-184.18990649587442,163.32220343623743,1.4838304393117523,4.952836936076642,1.0,-1.0,1.0,-1.0,0,idle,355.5497790766539,330.780071870289,347.04604079349076,337.691952182247,0.12,0.12
1791330764.471189,346.70793760760006,342.86904428215837,-179.70514342876947,167.66119977217906,1.1059698589550657,5.055983549173267,1.0,-1.0,1.0,-1.0,0,idle,344.67466045982826,344.65545975536895,347.97814314281493,342.8433119326177,0.12,0.12
1791330764.486917,347.42474097126626,348.0002465579567,-175.19077960492888,172.0475289294888,0.7168033636661971,5.131202275798304,1.0,-1.0,1.0,-1.0,0,idle,347.93873314103314,347.3488903917848,348.6571358382087,347.9432330175845,0.12,0.12
1791330764.503886,347.74359016321756,353.17722680574326,-170.65001736272947,176.47561609932362,0.3188491919513111,5.176980247786544,1.0,-1.0,1.0,-1.0,0,idle,334.87752124739023,344.01600615973206,348.27106184102155,352.6650029100891,0.12,0.12
1791330764.521301,347.6583457412685,358.3693168476121,-166.08562078544588,-179.05939481257937,-0.08524442194909776,5.1920900418688465,1.0,-1.0,1.0,-1.0,0,idle,339.7539298713298,363.7310854870015,347.76422304168534,358.1507925787101,0.12,0.12
1791330764.537884,347.1656193594131,363.5449100159996,-161.49997646100087,-174.56172230689504,-0.4927263818553828,5.175593168387517,1.0,-1.0,1.0,-1.0,0,idle,336.07311242136683,380.032366015211,346.7115774479068,364.1616847605033,0.12,0.12
1791330764.555823,346.2648498077519,368.6717516257967,-156.89514625439728,-170.03502294283038,-0.9007695516612011,5.126841609797061,1.0,-1.0,1.0,-1.0,0,idle,346.8614322773733,358.0921461378315,345.863339115302,368.7287073586769,0.12,0.12
1791330764.572335,344.95835265551557,373.7172291775567,-152.27291300637907,-165.482460813378,-1.3064971522362965,5.045477551760045,1.0,-1.0,1.0,-1.0,0,idle,327.1409791918381,388.82341734435516,343.68604882450427,374.5266465321328,0.12,0.12
1791330764.58883,343.2513440091061,378.6486605911172,-147.63482000840438,-160.90677054094246,-1.707008646409491,4.93143141356053,1.0,-1.0,1.0,-1.0,0,idle,349.9044175666454,388.5132793875298,342.37530904752236,379.9108380177852,0.12,0.12
1791330764.6064372,341.1519389682155,383.43357884692847,-142.98220503092082,-156.31031379130548,-2.099405040890607,4.784918255811266,1.0,-1.0,1.0,-1.0,0,idle,345.9581076340768,393.744949116138,340.560014188004,385.1482159157235,0.12,0.12
1791330764.622884,338.67112542679405,388.0400114685706,-138.3162296056259,-151.6951295174582,-2.480813541421472,4.606432621642129,1.0,-1.0,1.0,-1.0,0,idle,350.34850660426514,383.16127819207657,338.6926659444667,389.42498002010115,0.12,0.12
1791330764.6414452,335.82271392787027,392.43675332075094,-133.63790418705113,-147.06297828774387,-2.848411498923766,4.3967418521803445,1.0,-1.0,1.0,-1.0,0,idle,348.5217661081603,379.36429840440053,336.4781300286738,393.0988506988875,0.12,0.12
1791330764.657284,332.6232643460017,396.5936312282678,-128.9481097470221,-142.41538114006727,-3.1994495818685955,4.15687790751685,1.0,-1.0,1.0,-1.0,0,idle,322.50480081457584,376.69329477296833,332.73998646519374,396.2276069147325,0.12,0.12
1791330764.674242,329.09199024088196,400.48175894805684,-124.24761628881248,-137.7536534488256,-3.5312741051197185,3.8881277197890824,1.0,-1.0,1.0,-1.0,0,idle,349.2883898589418,402.75977549417894,330.2126962350174,400.2479366775044,0.12,0.12
1791330764.691489,325.2506418015093,404.07378105282817,-119.5370987068682,-133.0789343048514,-3.841348439372662,3.5920221047713565,1.0,-1.0,1.0,-1.0,0,idle,341.50749789795395,415.2027464571836,327.1281553007602,404.40809816602115,0.12,0.12
1791330764.7076821,321.12336838249206,407.34410431456104,-114.81715036306386,-128.39221190018054,-4.127273419017217,3.270323261732858,1.0,-1.0,1.0,-1.0,0,idle,347.50018678429296,416.3870713112264,324.2258471268705,408.1138539219276,0.12,0.12
1791330764.726196,316.73656172195246,410.26911521217573,-110.08829470147849,-123.69434538614145,-4.386806660539618,2.925010897614682,1.0,-1.0,1.0,-1.0,0,idle,307.4993195881424,420.9006613877024,319.2220544224215,411.53195464795033,0.12,0.12
1791330764.741985,312.11868102295534,412.82738223232644,-105.35099518035061,-118.98608364073466,-4.617880698997134,2.558267020150724,1.0,-1.0,1.0,-1.0,0,idle,326.45120601945257,411.19367786980314,315.1965253382258,413.94539447818613,0.12,0.12
1791330764.758166,307.30006117593814,414.99984168715173,-100.60566376178768,-114.26808134375104,-4.8186198470171835,2.172459454825289,1.0,-1.0,1.0,-1.0,0,idle,303.1798092167328,432.9289904500482,310.0180006774848,416.95841075886324,0.12,0.12
1791330764.775292,302.3127054965044,416.76996583914445,-95.85266816650291,-109.5409127186254,-4.987355679433707,1.7701241519927435,1.0,-1.0,1.0,-1.0,0,idle,313.1247237367785,402.14022589553616,305.4353489349874,417.89911946009,0.12,0.12
1791330764.79183,297.1900644492995,418.12391220175317,-91.09233807185424,-104.80508326078083,-5.122641047204933,1.353946362608715,1.0,-1.0,1.0,-1.0,0,idle,299.78911958105505,426.90160298276436,300.2865284724461,419.635492680702,0.12,0.12
1791330764.8103418,291.9668019225973,419.050652975175,-86.32497040629865,-100.06103973460714,-5.223262526702176,0.9267407734218184,1.0,-1.0,1.0,-1.0,0,idle,294.4695941578448,425.0354733525087,295.033582356349,420.7858954490431,0.12,0.12
1791330764.825632,286.67855070780087,419.5420836799615,-81.5508338716043,-95.30917868611553,-5.2882512147964436,0.4914307047864904,1.0,-1.0,1.0,-1.0,0,idle,279.45952426148534,407.12699067649726,289.23104079754916,420.569809379963,0.12,0.12
1791330764.843452,281.3616589214757,419.5931101661291,-76.770172805372,-90.54985368620063,-5.316891786325197,0.05102648616765182,1.0,-1.0,1.0,-1.0,0,idle,282.0526672382885,439.7187645598146,283.82107492257717,421.5757323008148,0.12,0.12
1791330764.860317,276.0529291830909,419.2017133017777,-71.98321048022996,-85.78338149051632,-5.308729738384772,-0.39139686435139065,1.0,-1.0,1.0,-1.0,0,idle,283.8373889963644,439.4144451776524,278.778597374801,422.09584092352287,0.12,0.12
1791330764.8763862,270.7893524277644,418.368990781876,-67.19015192214545,-81.01004727623473,-5.263576755326461,-0.832722519901746,1.0,-1.0,1.0,-1.0,0,idle,272.0743131768131,425.22203126484214,273.4429852473414,421.4610640466822,0.12,0.12
1791330764.894662,265.60783828858627,417.0991756437891,-62.39118631834219,-76.23010909328161,-5.181514139178147,-1.2698151380868765,1.0,-1.0,1.0,-1.0,0,idle,278.1070966188886,422.9900522747297,268.7537523836995,420.3311890769021,0.12,0.12
1791330764.9097521,260.54494402628893,415.3996312300581,-57.58648907505855,-71.44380164781941,-5.062894262297354,-1.6995444137309992,1.0,-1.0,1.0,-1.0,0,idle,244.43419843180737,423.6926497307,262.72802513692244,418.8846949165475,0.12,0.12
1791330764.926347,255.6366040140829,413.2808224995287,-52.776223576595115,-66.6513395185379,-4.908340012206026,-2.118808730529412,1.0,-1.0,1.0,-1.0,0,idle,261.71564257733246,421.1197806851181,258.0144829973472,416.9835809109731,0.12,0.12
1791330764.9428349,250.91786180150535,410.7562637537078,-47.96054268957832,-61.85291989144474,-4.71874221257756,-2.524558745820892,1.0,-1.0,1.0,-1.0,0,idle,260.4058578566604,425.67761377630876,253.6512466383642,415.01995174571005,0.12,0.12
1791330764.960304,246.4226067824491,407.84244301466185,-43.13959004993134,-57.04872488606395,-4.4952550190562715,-2.913820739045942,1.0,-1.0,1.0,-1.0,0,idle,227.5247039919277,417.3269272377048,248.07442723793892,412.36717081821615,0.12,0.12
1791330764.977102,242.1833174786465,404.5587234622788,-38.31350116454154,-52.23892353499447,-4.2392893038025985,-3.2837195523830616,1.0,-1.0,1.0,-1.0,0,idle,240.58173558905904,403.83238866457316,243.67246781688246,408.8208981357701,0.12,0.12
1791330764.993622,238.23081342045666,400.92722251068136,-33.48240435491219,-47.42367346942273,-3.952504058189839,-3.6315009515974337,1.0,-1.0,1.0,-1.0,0,idle,262.67882112602314,376.0748552149531,240.86790662705914,403.7336700857117,0.12,0.12
1791330765.0111492,234.59401756170664,396.97266927437875,-28.646421566070885,-42.603122355204476,-3.636795858750014,-3.954553236302605,1.0,-1.0,1.0,-1.0,0,idle,240.04873037400714,390.88615560914917,237.371991748594,399.3344687873961,0.12,0.12
1791330765.027793,231.29973110460483,392.7222413427603,-23.805669060578303,-37.7774091173452,-3.294286457101798,-4.250427931618448,1.0,-1.0,1.0,-1.0,0,idle,225.5573197884465,393.59657659599117,233.6516860163399,395.0096676427883,0.12,0.12
1791330765.044699,228.37242253458217,388.205381945176,-18.960258014555095,-32.946664984943084,-2.9273085700226473,-4.516859397584329,1.0,-1.0,1.0,-1.0,0,idle,240.433024557644,378.1140401208831,231.20980980188358,389.87386983898796,0.12,0.12
1791330765.0633228,225.83403257369505,383.4535987465598,-14.110295030148054,-28.111014383766843,-2.538389960887114,-4.751783198616195,1.0,-1.0,1.0,-1.0,0,idle,229.71437306180164,374.8768830144427,228.72356750203673,384.6098264590753,0.12,0.12
1791330765.079129,223.70379665546702,378.50024566383223,-9.255882576726984,-23.270575699493737,-2.1302359182280353,-4.953353082727554,1.0,-1.0,1.0,-1.0,0,idle,222.43549132356392,388.8000797979393,226.38543957079645,380.1136536974273,0.12,0.12
1791330765.0959911,221.99808640442768,373.38028923473104,-4.3971193712876335,-18.425461931119386,-1.7057102510393278,-5.119956429101184,1.0,-1.0,1.0,-1.0,0,idle,208.0937063465795,351.1818927819109,223.85042817109823,373.80310704400534,0.12,0.12
1791330765.113258,220.73027147093805,368.13006120190806,0.46589929301257627,-13.57578125107547,-1.2678149334896398,-5.250228032822982,1.0,-1.0,1.0,-1.0,0,idle,203.028373479804,347.5887821066627,221.60490124971838,367.5046741659564,0.12,0.12
1791330765.130431,219.91060292711214,362.7869990948256,5.333081262579435,-8.721637486071467,-0.8196685438259079,-5.343062107082446,1.0,-1.0,1.0,-1.0,0,idle,204.98273946995016,348.3342781063808,219.99510804409536,361.4702453612493,0.12,0.12
1791330765.148587,219.54611927381637,357.3893766990191,10.20433727688608,-3.8631305305437516,-0.3644836532957575,-5.397622395806492,1.0,-1.0,1.0,-1.0,0,idle,253.66518043859708,350.8348701949426,221.33235219318948,355.8107353269178,0.12,0.12
1791330765.164481,219.64057594301718,351.97602639560347,15.079580754234033,0.9996432972110407,0.0944566692008052,-5.413350303415663,1.0,-1.0,1.0,-1.0,0,idle,227.86909985028475,358.5613021813238,221.748923411785,350.8055808813932,0.12,0.12
1791330765.180733,220.19439900542116,346.58605543254646,19.95872760506606,5.86659094767051,0.5538230624039923,-5.389970963057033,1.0,-1.0,1.0,-1.0,0,idle,215.06931025161524,346.42278315328826,221.9410746630603,345.4659685800838,0.12,0.12
1791330765.196922,221.20466361176094,341.25855825239506,24.841696068822007,10.737622374236246,1.0102646063397662,-5.327497180151416,1.0,-1.0,1.0,-1.0,0,idle,228.797285191956,346.208174418927,223.24363656552788,340.44195655088214,0.12,0.12
1791330765.2134058,222.66509750864716,336.03232704813263,29.72840657092215,15.612650302743303,1.4604338968862263,-5.226231204262453,1.0,-1.0,1.0,-1.0,0,idle,252.79264191188398,369.6880588001895,226.10849903488761,336.9393420192982,0.12,0.12
1791330765.231195,224.56610977812005,330.9455627491175,34.61878159696794,20.491590031103428,1.9010122694728873,-5.086764299015096,1.0,-1.0,1.0,-1.0,0,idle,226.76476752824968,353.82378551402905,227.94727411555496,332.9511381099704,0.12,0.12
1791330765.246807,226.89484475542153,326.03558865219793,39.51274558168057,25.374359254643945,2.328734977301477,-4.909974096919576,1.0,-1.0,1.0,-1.0,0,idle,231.946703537685,326.77484409514386,230.35954381509788,327.97784801715545,0.12,0.12
1791330765.263859,229.6352608836419,321.3385689088481,44.41022481046457,30.260877913372198,2.740416128220377,-4.697019743349805,1.0,-1.0,1.0,-1.0,0,idle,241.8651937182101,324.01681049632595,233.53822163206286,323.31762738493165,0.12,0.12
1791330765.280714,232.76823406835814,316.8892340574127,49.311147331795986,35.151068057962,3.1329731847162403,-4.449334851435443,1.0,-1.0,1.0,-1.0,0,idle,230.46584761404324,332.6028907150464,236.3609274566423,319.5550224425737,0.12,0.12
1791330765.2980092,236.27168490177127,312.7206157503057,54.215442878900774,40.04485373173891,3.5034508334131313,-4.168618307107029,1.0,-1.0,1.0,-1.0,0,idle,232.1509799267503,322.09355209935177,239.47870837189015,315.721761533661,0.12,0.12
1791330765.314493,240.12072893575706,308.8637927694699,59.12304279941558,44.94216086634941,3.849044033985792,-3.8568229808358003,1.0,-1.0,1.0,-1.0,0,idle,256.60064821094846,330.92074064805234,243.99139719612955,312.81772865758654,0.12,0.12
1791330765.331868,244.28784899823683,305.3476503498819,64.03387999191612,49.84291718914467,4.167120062479772,-3.5161424195879927,1.0,-1.0,1.0,-1.0,0,idle,247.26353314791808,306.9933966687485,248.11376805307475,309.18617675953607,0.12,0.12
1791330765.34941,248.74308836889142,302.1986547408585,68.94788884836277,54.747052140604126,4.455239370654584,-3.1489956090234426,1.0,-1.0,1.0,-1.0,0,idle,247.5869948026681,288.36167295689023,252.31990679267628,305.15340574083154,0.12,0.12
1791330765.3658502,253.4542634599723,299.44064482898847,73.86500520165266,59.65449680037331,4.711175091080903,-2.7580099118700443,1.0,-1.0,1.0,-1.0,0,idle,269.1691188714035,307.37285112123476,257.6379837331395,302.6442685935752,0.12,0.12
1791330765.383839,258.3799701826547,297.0604119407518,77.38025403460114,64.20892745798662,4.925706722682389,-2.3802328882366535,0.0,-1.0,0.0,-1.0,0,idle,259.305326145509,297.0208373102095,262.40077224030625,300.1018757855821,0.12,0.12
1791330765.4002712,263.4798150157687,295.02504341919666,79.9069288882153,68.24285975545996,5.099844833114012,-2.0353685215551587,0.0,-1.0,0.0,-1.0,0,idle,280.17263557668633,303.0712405017245,268.13421799858355,298.3167439259118,0.12,0.12
1791330765.416872,268.71540095999904,293.2736904554128,80.94480526656385,71.5044248285266,5.235585944230339,-1.7513529637838423,-1.0,-1.0,-1.0,-1.0,0,idle,263.5748123676755,270.50295784119794,272.880054364057,295.2622693060814,0.12,0.12
1791330765.434344,274.05472492410763,291.74231461446016,81.23273114848551,73.99653622680434,5.3393239641085835,-1.531375840952638,-1.0,-1.0,-1.0,-1.0,0,idle,258.2792175552401,288.72029662871876,277.2223702895193,293.4803636233083,0.12,0.12
1791330765.450855,279.47271744388695,290.37619518673404,81.24884542171806,75.84814791591604,5.417992519779343,-1.3661194277260955,-1.0,-1.0,-1.0,-1.0,0,idle,241.55580698337207,307.40981360603416,280.58613501800227,292.8790226661048,0.12,0.12
1791330765.468415,284.950312304953,289.13268660593627,81.19981438256794,77.20965293987621,5.477594861066054,-1.2435085807977855,-1.0,-1.0,-1.0,-1.0,0,idle,264.7541410054206,299.9452833785561,284.99825043538596,292.0510025499695,0.12,0.12
1791330765.485995,290.47234059685036,287.97439983537834,80.93176546201764,78.15352968330237,5.522028291897368,-1.1582867705579205,-1.0,-1.0,-1.0,-1.0,0,idle,283.8945547697948,276.28397072096635,290.1889925294089,290.1622785264893,0.12,0.12
1791330765.502801,296.0260388087978,286.8652887014288,80.33910129382498,78.70622306711728,5.553698211947422,-1.1091111339495228,-1.0,-1.0,-1.0,-1.0,0,idle,286.0836651359631,273.779851282248,295.25973946108667,288.2895015870252,0.12,0.12
1791330765.520244,301.59995819147326,285.76906720425677,79.36985097071164,78.87365328565463,5.5739193826754505,-1.0962214971720774,-1.0,-1.0,-1.0,-1.0,0,idle,293.9074455613769,279.92874386256136,300.4873481796429,286.83005327848855,0.12,0.12
1791330765.537009,307.1830757032544,284.6489309371141,78.00696700827629,78.65540908706102,5.5831175117811735,-1.120136267142688,-1.0,-1.0,-1.0,-1.0,0,idle,309.00231718047706,285.4676524677029,306.2170582658767,285.6978037841637,0.12,0.12
1791330765.5538108,312.76402913663827,283.4679550985052,76.25550277889305,78.0519950642951,5.580953433383876,-1.180975838608894,-1.0,-1.0,-1.0,-1.0,0,idle,336.1345855159341,263.00766970676426,313.0148403900942,283.44137003361527,0.12,0.12
1791330765.570154,318.33046417777695,282.18979842330896,74.13392175792775,77.06799528483609,5.566435041138672,-1.278156675196219,-1.0,-1.0,-1.0,-1.0,0,idle,329.194373473644,278.82073345599656,319.1119303333534,281.9960893632979,0.12,0.12
1791330765.587311,323.8685065823955,280.77950239221093,71.66826120214061,75.71295308994814,5.538042404618553,-1.410296031098051,-1.0,-1.0,-1.0,-1.0,0,idle,320.0764449222362,276.1390914208516,324.4212963471852,280.3634582366325,0.12,0.12
1791330765.604494,329.362375747793,279.2042714488379,68.88825175391996,74.00106668794427,5.4938691653975065,-1.5752309433730107,-1.0,-1.0,-1.0,-1.0,0,idle,312.99641245828866,267.6418282776628,329.06922785986796,278.2309073424796,0.12,0.12
1791330765.6207402,334.7941489373554,277.4341760347404,65.82477462651799,71.9503500714156,5.431773189562353,-1.7700954140975393,-1.0,-1.0,-1.0,-1.0,0,idle,340.3058335290947,297.0677754287056,334.79124267341354,277.4911601033983,0.12,0.12
1791330765.637881,340.14367549362447,275.4427518245091,62.50823420707331,69.58162512628427,5.349526556269088,-1.9914242102312802,-1.0,-1.0,-1.0,-1.0,0,idle,359.81261944842254,279.0616988969234,341.12436174061963,275.6778340433548,0.12,0.12
1791330765.6550322,345.3886312498286,273.2074857834574,58.967557392419685,66.9175368557376,5.244955756204147,-2.235266041051734,-1.0,-1.0,-1.0,-1.0,0,idle,352.997794431738,294.250973325457,346.7007413435695,274.48298826846076,0.12,0.12
1791330765.671905,350.50469654328003,270.71018884802817,55.229620895343004,63.98168107705139,5.11606529345142,-2.4972969354292203,-1.0,-1.0,-1.0,-1.0,0,idle,332.2937116580655,265.77321672483106,350.8406518880732,271.6750676026215,0.12,0.12
1791330765.689069,355.46583707394825,267.9372598317407,51.31896853003437,60.79787663177236,4.9611405306682,-2.772929016287504,-1.0,-1.0,-1.0,-1.0,0,idle,364.7716943907701,259.2818077187431,356.2502875173428,268.42112204295444,0.12,0.12
1791330765.705987,360.2446650730051,264.87984765247785,47.25772201341726,57.38958440941823,4.778827999056848,-3.0574121792628217,-1.0,-1.0,-1.0,-1.0,0,idle,363.3210987976684,260.484184952674,361.1437146804631,265.11973361814074,0.12,0.12
1791330765.7225332,364.81285834619104,261.5339202582721,43.0656176108762,53.779461695492664,4.568193273185954,-3.3459273942057917,-1.0,-1.0,-1.0,-1.0,0,idle,380.18243326617295,250.68367879028315,366.4354342192753,261.2192998522524,0.12,0.12
1791330765.739136,369.14161618682084,257.90024925131394,38.76012120041328,49.98903518554082,4.328757840629814,-3.6336710069581653,-1.0,-1.0,-1.0,-1.0,0,idle,367.6365776969494,241.67129590577622,370.6078113417573,256.78991219831835,0.12,0.12
1791330765.7559319,373.2021334149402,253.98431943913988,34.3565887248869,46.03847508713471,4.060517228119375,-3.9159298121740465,-1.0,-1.0,-1.0,-1.0,0,idle,376.7501283350483,256.7761502605891,374.77241855813526,253.06909077986654,0.12,0.12
1791330765.7726028,376.9660764851683,249.79617250415697,29.868449307949515,41.94645363639466,3.7639430702280867,-4.188146934982909,-1.0,-1.0,-1.0,-1.0,0,idle,365.52797241913333,274.5593832716976,377.8859421679019,250.16486581622434,0.12,0.12
1791330765.789935,380.40604840882736,245.35019374426835,25.307395702465108,37.73007286725261,3.439971923659094,-4.445978759888614,-1.0,-1.0,-1.0,-1.0,0,idle,388.73215665892303,247.8530893369111,381.69622621992903,245.8255971703645,0.12,0.12
1791330765.8074281,383.4960319419761,240.6648504432539,20.683572029878516,33.40484806653126,3.0899835331487715,-4.685343301014455,-1.0,-1.0,-1.0,-1.0,0,idle,360.37221191728105,231.31441518200484,383.565509861288,240.64896193498276,0.12,0.12
1791330765.824461,386.21180296466537,235.76238991878472,16.005752527028946,28.984734861023085,2.7157710226892227,-4.90246052446918,-1.0,-1.0,-1.0,-1.0,0,idle,399.67755091610877,212.09465610811083,386.9510943855838,234.56390914539344,0.12,0.12
1791330765.841193,388.531308145013,230.66850470611882,11.281507656197842,24.482189303869653,2.319505180347619,-5.093885212665904,-1.0,-1.0,-1.0,-1.0,0,idle,386.7230221249751,201.9130740292937,389.1432206938836,228.09217643755585,0.12,0.12
1791330765.857823,390.4350028174368,225.41197170235205,6.517355757538894,19.908251689711992,1.9036946724238073,-5.25653300376678,-1.0,-1.0,-1.0,-1.0,0,idle,393.9211617109717,226.49097907375344,391.19062768354064,223.0184102157873,0.12,0.12
1791330765.8746219,391.9061465123203,220.02427145155625,1.7188996543388138,15.272646156462155,1.4711436948834837,-5.387700250795806,-1.0,-1.0,-1.0,-1.0,0,idle,405.12082980617464,230.93794458790282,393.28472429981167,218.29607169613706,0.12,0.12
1791330765.893043,392.9310547795127,214.53919312178652,-3.109051573195986,10.583889428094686,1.0249082671924192,-5.48507832976972,-1.0,-1.0,-1.0,-1.0,0,idle,395.5245100025912,196.6017670830719,394.37037643878347,212.00053205220257,0.12,0.12
1791330765.9084108,393.49930688667774,208.99243013101855,-7.96237492784748,5.849403299336023,0.5682521071650539,-5.546762990767965,-1.0,-1.0,-1.0,-1.0,0,idle,398.6954513358787,230.23464518714357,395.12646968544504,207.64281286772004,0.12,0.12
1791330765.925128,393.603909686661,203.42117083437233,-12.837538941742482,1.0756266308647124,0.10460279998323557,-5.571259296646204,-1.0,-1.0,-1.0,-1.0,0,idle,400.20985741799973,187.9957811073255,395.4800117320569,201.3677649478864,0.12,0.12
1791330765.941958,393.241418477034,197.86368819732286,-17.73152107882269,-3.731876316570511,-0.36249120962697945,-5.55748263704948,-1.0,-1.0,-1.0,-1.0,0,steering,390.2337003242229,206.72691051065118,394.87332951251955,196.35611372082764,0.12,0.12
1791330765.9591548,392.4120160584242,192.35893195174583,-22.64173589836282,-8.568313451530498,-0.8294024186098283,-5.504756245577036,-1.0,-1.0,-1.0,-1.0,0,idle,384.5090737358773,194.67617913381173,393.56718442600805,191.04259855817867,0.12,0.12
1791330765.9773922,391.1195514704659,186.94612636233524,-27.565972803658973,-13.429569781302677,-1.2924645879582548,-5.4128055894106035,-1.0,-1.0,-1.0,-1.0,0,steering,407.4635351423496,187.34893375360738,393.0341606032648,185.71575000801005,0.12,0.12
1791330765.993524,389.3715400744503,181.66437641594914,-32.50234225873259,-18.312120517542677,-1.7480113960155939,-5.281749946386101,-1.0,-1.0,-1.0,-1.0,0,idle,392.56487194747695,181.97986982762578,391.3500853442606,180.51129354992403,0.12,0.12
1791330766.010654,387.1791267840174,176.5522849796301,-37.44922943715491,-23.212952672776623,-2.1924132904329205,-5.112091436319054,-1.0,-1.0,-1.0,-1.0,0,idle,378.73504826407924,186.3130776831222,388.63654086434025,175.94489589208084,0.12,0.12
1791330766.027665,384.5570143385716,171.64758324713745,-42.40525435926794,-28.12949508644889,-2.6221124454458122,-4.904701732492649,-1.0,-1.0,-1.0,-1.0,0,idle,369.89999819765586,161.67112037867085,385.20870690783255,170.57174047054232,0.12,0.12
1791330766.044796,381.52335858305753,166.9867766011311,-47.36923766940582,-33.05955655181761,-3.0336557555140664,-4.6608066460063355,-1.0,-1.0,-1.0,-1.0,0,idle,404.3734407762491,151.63475454643526,383.284970633515,165.19712486063096,0.12,0.12
1791330766.0623848,378.0996327729662,162.60480785106597,-52.34017129820834,-38.001271537656905,-3.4237258100913657,-4.381968750065133,-1.0,-1.0,-1.0,-1.0,0,idle,374.84837936791587,160.98044158708083,379.61060155064825,160.82342038439157,0.12,0.12
1791330766.0782368,374.3104629723391,158.53473965826942,-57.31719334370672,-42.953052893183695,-3.789169800627072,-4.0700681927965565,-1.0,-1.0,-1.0,-1.0,0,idle,377.5983067997003,153.3863752496944,375.91027550250516,156.5850033445,0.12,0.12
1791330766.095863,370.2006154401759,154.77570356855557,-60.87441494777602,-47.552676489797214,-4.109847532163189,-3.7590360897138373,0.0,-1.0,0.0,-1.0,0,idle,368.70628148924413,143.09923378267115,371.6457206462871,152.3396305811804,0.12,0.12
1791330766.1120682,365.81968285379355,151.30702745595374,-63.4305163388209,-51.62899489187789,-4.380932586382331,-3.46867611260182,0.0,-1.0,0.0,-1.0,0,idle,366.0554768431988,158.89995303600975,367.20432249906946,149.37240439695012,0.12,0.12
1791330766.1291158,361.2149066924417,148.0980398638081,-65.27229267739246,-55.12803715204156,-4.604776161351878,-3.2089875921456446,0.0,-1.0,0.0,-1.0,0,idle,361.0275482332498,151.11630624746743,362.5209464324942,146.41106127693763,0.12,0.12
1791330766.146373,356.4281875870683,145.11443381032274,-66.60124994585526,-58.06433318666636,-4.786719105373381,-2.983606053485378,0.0,-1.0,0.0,-1.0,0,idle,355.4778689538897,132.94796748130926,357.6214094084593,142.9034808363451,0.12,0.12
1791330766.1632829,351.4952151883035,142.3221392086713,-67.56087990422625,-60.48809615514651,-4.932972398764769,-2.7922946016514407,0.0,-1.0,0.0,-1.0,0,idle,346.8697759348732,162.90970313165573,352.3975039559534,141.25111207954177,0.12,0.12
1791330766.179758,346.4456245602273,139.68948974043545,-68.25408463239953,-62.46431124565502,-5.049590628076183,-2.632649468235865,0.0,-1.0,0.0,-1.0,0,idle,352.14959340658515,149.77823331622366,347.58799733181263,139.1764511465518,0.12,0.12
1791330766.19678,341.3036036451066,137.18827308586944,-68.75493068658358,-64.06047101712528,-5.142020915120747,-2.501216654566003,0.0,-1.0,0.0,-1.0,0,idle,345.528318122684,111.25891740932727,342.6000935019915,135.40441863785287,0.12,0.12
1791330766.213863,336.0886539096651,134.79408229281475,-69.11683220415873,-65.34007785676097,-5.214949735441486,-2.394190793054689,0.0,-1.0,0.0,-1.0,0,idle,318.86601500017974,135.59492711891002,336.4591873282315,133.13946280850377,0.12,0.12
1791330766.231221,330.8163556017991,132.4862535030439,-69.37834821200762,-66.35969315742452,-5.27229830786599,-2.3078287897708445,0.0,-1.0,0.0,-1.0,0,idle,293.3791825204647,129.19609503939938,329.29650369537046,130.74985706976625,0.12,0.12
1791330766.2477598,325.4990690312203,130.24757844532337,-69.56732853413067,-67.16801571934867,-5.317286570578792,-2.238675057720547,0.0,-1.0,0.0,-1.0,0,idle,320.0961862131243,124.51339715078302,323.7850655792083,128.31129276898258,0.12,0.12
1791330766.265284,320.1465455410853,128.06391202744516,-69.70389354716089,-67.80603783490213,-5.352523490135022,-2.1836664178782135,0.0,-1.0,0.0,-1.0,0,idle,307.1387463542659,128.52387844319128,317.86785230233295,126.24743895570872,0.12,0.12
1791330766.2818692,314.76644350825563,125.92374884793969,-69.80258142873333,-68.30771803079735,-5.380102032829682,-2.140163179505467,0.0,-1.0,0.0,-1.0,0,idle,319.7692771087264,110.6309066148306,312.85182661146445,123.43345731813461,0.12,0.12
1791330766.299417,309.3647551804254,123.81781147714682,-69.87389761979209,-68.70085540614703,-5.4016883278302394,-2.1059373707928684,0.0,-1.0,0.0,-1.0,0,idle,308.8963741577567,107.7506980531422,307.52245007734035,120.64867885263176,0.12,0.12
1791330766.316009,303.946154594941,121.73867327091801,-69.92543372409109,-69.00799689142376,-5.418600585484371,-2.0791382062288104,0.0,-1.0,0.0,-1.0,0,idle,301.0858437283986,123.60560136220163,302.05294920368306,118.82134368219289,0.12,0.12
1791330766.332628,298.5142780814707,119.68042584544993,-69.96267578994615,-69.24729271749246,-5.431876513470282,-2.0582474254680854,0.0,-1.0,0.0,-1.0,0,idle,272.85599704866763,109.00343959485087,295.4328189081355,116.3751134236311,0.12,0.12
1791330766.350164,293.07194850627957,117.63839370345386,-69.98958831692879,-69.43326226764327,-5.442329575191131,-2.042032141996079,0.0,-1.0,0.0,-1.0,0,idle,282.69642689380544,122.11356287145284,289.6257862109874,114.72210536112593,0.12,0.12
1791330766.3665469,287.62135333628527,115.60889414337234,-70.00903625868821,-69.57745800968647,-5.4505951699942745,-2.029499560081522,0.0,-1.0,0.0,-1.0,0,idle,287.824477401356,151.38202094106845,284.3576553590113,114.62707655804562,0.12,0.12
1791330766.3839622,282.1641852548912,113.58903832655022,-70.02308997674247,-69.68902862790446,-5.45716808139407,-2.019855816822115,0.0,-1.0,0.0,-1.0,0,idle,286.5988326582516,114.8870818696671,279.2854045466489,112.72121379764567,0.12,0.12
1791330766.401419,276.7017526940429,111.57656842743377,-70.03324561569687,-69.77518910023548,-5.462432560848301,-2.0124698991164554,0.0,-1.0,0.0,-1.0,0,idle,280.84041676509145,106.06318782667464,274.17384422476516,110.4764660949365,0.12,0.12
1791330766.418863,271.2350663781942,109.56972562222907,-70.04058435921688,-69.841608299253,-5.46668631584876,-2.006842805204691,0.0,-1.0,0.0,-1.0,0,idle,279.19968647315767,90.31152370284377,269.2317843371285,107.56171831038739,0.12,0.12
1791330766.4363048,265.7649068567377,107.56714393956534,-70.04588751800604,-69.89272543851447,-5.470159521456506,-2.002581682663731,0.0,-1.0,0.0,-1.0,0,idle,252.68796640597705,108.15622512540388,263.2079418951873,105.68899105260768,0.12,0.12
1791330766.4527318,260.2918770452524,105.56776548515063,-70.04971969926974,-69.93200630974044,-5.473029811485278,-1.9993784544147053,0.0,-1.0,0.0,-1.0,0,idle,254.55607994335185,129.86244885165178,257.5759704766845,104.99825441086591,0.12,0.12
1791330766.4701738,254.8164429965259,103.57077312728025,-70.05248890980064,-69.96214931985455,-5.47543404872652,-1.9969923578703872,0.0,-1.0,0.0,-1.0,0,idle,240.35464090267857,111.05219794697075,251.51324165169402,103.4038088476943,0.12,0.12
1791330766.486699,249.3389654644811,101.57553731238585,-70.05448998981234,-69.98525016307669,-5.477477532044778,-1.9952358148944038,0.0,-1.0,0.0,-1.0,0,idle,263.6777883416846,106.54102898712065,246.917865330751,101.66519583051593,0.12,0.12
1791330766.5043352,243.85972428924396,99.58157422606028,-70.05593600052477,-70.00293273711087,-5.479241175237146,-1.9939630863255708,0.0,-1.0,0.0,-1.0,0,idle,241.49064133259543,84.95216109281137,241.44122501436792,98.93527916162141,0.12,0.12
1791330766.521208,238.37893720072043,97.58851300394724,-70.0569809064029,-70.01645273690161,-5.480787088523513,-1.993061222113047,0.0,-1.0,0.0,-1.0,0,idle,242.3068898056516,90.00562375872626,236.27776051983477,96.59538823046927,0.12,0.12
1791330766.537817,232.89677429360285,95.59607012096112,-70.05773596641032,-70.02677928758195,-5.4821629071175835,-1.9924428829861314,0.0,-1.0,0.0,-1.0,0,idle,253.7629143871527,97.49875968135778,231.94396345143898,94.74773606417688,0.12,0.12
1791330766.5554051,227.41336915307699,93.60402944685383,-70.058281579053,-70.03465903301921,-5.483405140525853,-1.9920406741072836,0.0,-1.0,0.0,-1.0,0,idle,221.24753685486422,91.97641510478205,226.19990723811068,92.71673137580521,0.12,0.12
1791330766.5726552,221.92882739424593,91.61222675581917,-70.05867584209689,-70.0406662826151,-5.4845417588310665,-1.9918026910346696,0.0,-1.0,0.0,-1.0,0,idle,227.11019964050516,108.32114936692135,221.0351071873409,91.60473971887808,0.12,0.12
1791330766.5887291,216.44323320815067,89.62053772428109,-70.05896073814897,-70.04524213114763,-5.485594186095252,-1.991689031538075,0.0,-1.0,0.0,-1.0,0,idle,195.79574144766036,80.57842318479436,214.5618244235664,89.16131931221273,0.12,0.12
1791330766.605668,210.95665437393822,87.62886865154543,-70.05916660457869,-70.0487248933432,-5.4865788342124615,-1.9916690727356587,0.0,-1.0,0.0,-1.0,0,idle,216.6384641648235,90.57801854653293,209.45340651812742,87.34006865482986,0.12,0.12
1791330766.623507,205.4691460925949,85.63714929973698,-70.05931536363035,-70.05137372298918,-5.487508281343298,-1.9917193518084613,0.0,-1.0,0.0,-1.0,0,idle,198.50668830456715,88.75909100823424,203.69293774017328,85.51888638828206,0.12,0.12
1791330766.6410508,199.98075391657963,83.64532737895216,-70.05942285659997,-70.05338690165144,-5.488392176015291,-1.9918219207848094,0.0,-1.0,0.0,-1.0,0,idle,178.61293590743244,59.00318237275312,197.22496508132173,82.30087036276004,0.12,0.12
1791330766.657588,194.49151598672157,81.65336430661651,-70.05950053057605,-70.05491597095357,-5.48923792985806,-1.9919630723356552,0.0,-1.0,0.0,-1.0,0,idle,202.78308389950269,89.58164658707697,192.28809498886562,80.77254425525702,0.12,0.12
1791330766.675031,189.0014647389643,79.661231951615,-70.05955665732058,-70.05607663258311,-5.490051247757274,-1.992132355001515,0.0,-1.0,0.0,-1.0,0,idle,181.09831912145785,81.04472786955043,186.51305751012583,78.89362769872025,0.12,0.12
1791330766.691561,183.5106282058237,77.66891013804593,-70.05959721406003,-70.05695714085982,-5.49083653314058,-1.9923218135690608,0.0,-1.0,0.0,-1.0,0,idle,189.38244676697735,77.52023056130808,181.44023226648486,76.93225211895903,0.12,0.12
1791330766.709155,178.01903100833033,75.67638473389889,-70.05962651996245,-70.05762475448296,-5.49159719749338,-1.992525404147041,0.0,-1.0,0.0,-1.0,0,idle,178.39553159688853,86.60864187665663,176.07097989538633,75.52317247290422,0.12,0.12
1791330766.725823,172.526695111815,73.68364618941337,-70.0596476960671,-70.05813068907756,-5.492335896515331,-1.9927385444855146,0.0,-1.0,0.0,-1.0,0,idle,165.10785903620578,82.14946776492297,170.30510475073774,73.96138562024392,0.12,0.12
1791330766.743424,167.03364040166468,71.69068842063665,-70.05966299763666,-70.05851391381574,-5.493054710150329,-1.9929577687767206,0.0,-1.0,0.0,-1.0,0,idle,180.2078380619451,83.96047805291165,165.58183944165532,72.56803036153941,0.12,0.12
1791330766.760149,161.53988512194337,69.69750795761573,-70.05967405431922,-70.0588040583,-5.493755279721326,-1.9931804630209145,0.0,-1.0,0.0,-1.0,0,idle,179.63387278205886,48.97188059131349,161.06537359294026,69.49470143315824,0.12,0.12
1791330766.7768881,156.0454462096281,67.70410329520709,-70.05968204369178,-70.05902363566345,-5.494438912315282,-1.9934046624086301,0.0,-1.0,0.0,-1.0,0,idle,155.3903019673413,66.84518454997567,155.56190304496081,67.46849115971091,0.12,0.12
1791330766.7938619,150.56137724575225,65.71447877367004,-70.05968777029805,-70.05918872693016,-5.484068963875836,-1.9896245215370456,0.0,-1.0,0.0,0.5,1,braking,161.80678708991087,64.24811641981937,150.66428173152627,65.41732912725612,0.12,0.12
1791330766.8111858,145.10293266339184,63.73416416702478,-70.05969185360505,-70.05931273687487,-5.458444582360408,-1.9803146066452602,0.0,-1.0,0.0,0.5,1,braking,124.38576083739942,48.487062780514464,144.16483333357755,62.68951693360604,0.12,0.12
1791330766.828077,139.68571135115033,61.76881527918248,-70.05969475554157,-70.05940606109377,-5.4172213122415,-1.9653488878422984,0.0,-1.0,0.0,0.5,1,braking,126.46794653826993,50.888051315384175,138.13362874718274,60.23236220924477,0.12,0.12
1791330766.844939,134.32366163173492,59.82348991195131,-70.05969681376475,-70.05947650543806,-5.362049719415405,-1.945325367231172,0.0,-1.0,0.0,0.5,1,braking,136.42330766166637,55.017641961728444,132.95416545946227,58.12356709799934,0.12,0.12
1791330766.8623328,129.028215743516,57.902333668068906,-70.05969827195678,-70.05952985504824,-5.295445888218935,-1.9211562438824084,0.0,-1.0,0.0,0.5,1,braking,143.6911299520488,58.67852305473392,128.4603400902836,56.326216464147784,0.12,0.12
1791330766.879392,123.80808150766872,56.00850422185778,-70.05969930452838,-70.05957038388055,-5.220134235847281,-1.893829446211129,0.0,-1.0,0.0,0.5,1,braking,113.07954205486853,39.73423735492838,122.73217266445793,53.69747953478624,0.12,0.12
1791330766.8965619,118.669427298643,54.1442383122273,-70.05970003562558,-70.0596012549501,-5.1386542090257095,-1.8642659096304723,0.0,-1.0,0.0,0.5,1,braking,130.6382940755083,52.30023518436097,118.24575723643602,51.85656470311602,0.12,0.12
1791330766.91264,113.61692966755123,52.31123172516612,-70.05970055303051,-70.05962480951528,-5.052497631091775,-1.833006587061184,0.0,-1.0,0.0,0.5,1,braking,111.83913585086032,62.34079553173131,113.12555341762005,50.63941998683866,0.12,0.12
1791330766.929989,108.65462803593095,50.510949303752845,-70.05970091887738,-70.0596427993125,-4.9623016316202815,-1.8002824214132744,0.0,-1.0,0.0,0.5,1,braking,118.53502193686955,51.161182695744145,108.68184029354326,48.955239821941326,0.12,0.12
1791330766.945856,103.78632680663287,48.74477078101103,-70.0597011772629,-70.05965654839595,-4.868301229298076,-1.7661785227418167,0.0,-1.0,0.0,0.5,1,steering,96.89961443810951,45.69702667010023,103.4678428329384,47.11445956774455,0.12,0.12
1791330766.962743,99.01290616602441,47.01502431836431,-70.1504051146201,-70.08098148690992,-4.773420640608462,-1.7297464626467187,0.0,-1.0,-1.0,0.0,1,idle,95.4672723087764,31.55938159517214,98.53306469815226,44.693446529601545,0.12,0.12
1791330766.9800909,94.33608276479254,45.32316925477222,-70.21442711745965,-70.11225555788977,-4.676823401231873,-1.6918550635920968,0.0,-1.0,0.0,0.5,1,braking,79.08942972307943,55.23815857223481,93.11790071822834,43.61341982132072,0.12,0.12
1791330766.9966662,89.75817646932653,43.67020649099114,-70.25955377096123,-70.14666860136049,-4.577906295466011,-1.6529627637810778,0.0,-1.0,0.0,0.5,1,braking,84.76018056208687,51.764331001954915,88.35100372972856,42.4506507547604,0.12,0.12
1791330767.014112,85.2818738969741,42.056903547085504,-70.29131625104012,-70.18034461161618,-4.476302572352419,-1.613302943905639,0.0,-1.0,0.0,0.5,1,braking,77.65813402069345,29.476382575132003,83.563872800542,40.26929954906863,0.12,0.12
1791330767.0311239,80.91001701916153,40.48390871131057,-70.31364002678043,-70.2112602451661,-4.3718568778125775,-1.5729948357749328,0.0,-1.0,0.0,0.5,1,braking,89.68349557349151,54.9624101288195,79.71658990526753,39.50960998406998,0.12,0.12
1791330767.04779,76.64542903651497,40,-70.32930746069538,-70.23852957635219,0.0,0.0,0.0,-1.0,0.0,0.5,1,braking,99.76976593122644,31.783459751550488,80.71924870656547,39.12330247244401,0.12,0.12
1791330767.0654132,76.64606902197175,40.00022877880093,-70.32930011110629,109.6706998888937,0.0006399854567930978,0.00022877880093003346,0.0,-1.0,0.0,-1.0,0,idle,67.06854971905133,45.99701377845189,80.03732174337371,39.46720537760529,0.12,0.12
1791330767.081975,76.64714636018864,40.00061390033789,-70.32929515479015,109.67070263701042,0.001077338216891031,0.0003851215369603617,0.0,-1.0,0.0,-1.0,0,idle,77.20654942415165,30.520856871261365,79.89680659871865,39.020253817748205,0.12,0.12
1791330767.098058,76.64659452828036,40.00041663435592,-70.32930330661743,-70.32931200940074,-0.0005518319082762444,-0.00019726598196677,0.0,-1.0,0.0,-1.0,0,idle,74.76298781130683,40.03071075447406,79.6395914190352,39.07058926190163,0.12,0.12
1791330767.114561,76.64247943099288,40,-70.32931933728698,-70.32931860028832,0.0,0.0,0.0,-1.0,0.0,-1.0,0,idle,71.51519607101037,45.208307677512536,79.23337165163396,39.377475182682176,0.12,0.12
1791330767.132185,76.63808032033884,40,-70.32933310332804,-70.32933310332804,0.0,0.0,0.0,-1.0,0.0,-1.0,0,idle,87.12965646734877,45.73620801325989,79.6281858924197,39.695411824211064,0.12,0.12
1791330767.148791,76.63146496605232,40,-70.32934806000418,-70.32934806000418,0.0,0.0,0.0,-1.0,0.0,-1.0,0,idle,89.96178346178945,68.19472800502012,80.14486577088819,41.120377633251515,0.12,0.12
1791330767.1664221,76.62261156545001,40,-70.32936252205582,-70.32936252205582,0.0,0.0,0.0,-1.0,0.0,-1.0,0,idle,71.56809449915373,11.812618308641692,79.71602720730147,39.65498966702102,0.12,0.12
1791330767.183074,76.61159988755341,40,-70.32937551809783,-70.32937551809783,0.0,0.0,0.0,-1.0,0.0,-1.0,0,idle,81.74073470039669,43.68031944397558,79.81726258195623,39.85625615586875,0.12,0.12
1791330767.199726,76.59856875877553,40,-70.32938662971998,-70.32938662971999,0.0,0.0,0.0,-1.0,0.0,-1.0,0,idle,80.84139756743815,40.8585974637713,79.86846933123033,39.90637322126388,0.12,0.12
1791330767.217474,76.58368749553046,40,-70.32939579768724,-70.32939579768724,0.0,0.0,0.0,-1.0,0.0,-1.0,0,idle,56.15576393174858,52.532889036387274,78.68283406125624,40.53769901202005,0.12,0.12
1791330767.233691,76.56713709112174,40,-70.32940316450109,-70.32940316450109,0.0,0.0,0.0,-1.0,0.0,-1.0,0,idle,69.91151792912854,25.98561568940865,78.24426825464985,39.81009484588948,0.12,0.12
1791330767.251043,76.54909817607994,40,-70.32940896572107,-70.32940896572107,0.0,0.0,0.0,-1.0,0.0,-1.0,0,idle,62.41543033703533,45.968838233922675,77.45282635876913,40.11803201529114,0.12,0.12
1791330767.2683709,76.52974363940075,40,-70.32941346278996,-70.32941346278996,0.0,0.0,0.0,-1.0,0.0,-1.0,0,idle,82.38248249317289,42.23876646495697,77.69930916548932,40.22406873777443,0.12,0.12
1791330767.285619,76.5092344193024,40,-70.329416905764,-70.329416905764,0.0,0.0,0.0,-1.0,0.0,-1.0,0,idle,73.93090494938942,33.58182167555427,77.51088895468433,39.89195638466342,0.12,0.12
1791330767.301905,76.48771741567543,40,-70.32941951554606,-70.32941951554606,0.0,0.0,0.0,-1.0,0.0,-1.0,0,idle,79.51291554960257,23.095493945954836,77.61099028443024,39.05213326272799,0.12,0.12
1791330767.319467,76.4653247924117,40,-70.32942147784544,-70.32942147784544,0.0,0.0,0.0,-1.0,0.0,-1.0,0,idle,67.0301309403798,45.631409145881705,77.08194731722772,39.38109705688568,0.12,0.12
1791330767.335671,76.4421741623337,40,-70.329422943599,-70.329422943599,0.0,0.0,0.0,-1.0,0.0,-1.0,0,idle,82.48677067711621,45.26652258209473,77.35218848522214,39.67536833314613,0.12,0.12
1791330767.352735,76.41836930645312,40,-70.32942403253297,-70.32942403253297,0.0,0.0,0.0,-1.0,0.0,-1.0,0,idle,100.6703158033598,43.94377945774773,78.51809485112902,39.888788889376215,0.12,0.12
1791330767.369787,76.39400119143505,40,-70.32942483790357,-70.32942483790357,0.0,0.0,0.0,-1.0,0.0,-1.0,0,idle,91.01061462909429,64.93209017646524,79.14272084002728,41.140953953730666,0.12,0.12
1791330767.386188,76.36914912784584,40,-70.32942543133993,-70.32942543133993,0.0,0.0,0.0,-1.0,0.0,-1.0,0,idle,86.59600775725718,48.13991918951285,79.51538518588877,41.490902215519775,0.12,0.12
1791330767.4034162,76.34388196664727,40,-70.32942586725912,-70.32942586725912,0.0,0.0,0.0,-1.0,0.0,-1.0,0,idle,86.55815773016667,35.326339785970255,79.86752381310266,41.1826740940423,0.12,0.12
1791330767.420596,76.31825926937488,40,-70.32942618664244,-70.32942618664244,0.0,0.0,0.0,-1.0,0.0,-1.0,0,idle,86.66799067127957,32.22005076446185,80.20754715601151,40.734542927563275,0.12,0.12
1791330767.4365141,76.29233241344615,40,-70.3294264201361,-70.3294264201361,0.0,0.0,0.0,-1.0,0.0,-1.0,0,idle,71.19346877798718,25.23725680075176,79.7568432371103,39.9596786212227,0.12,0.12
1791330767.453165,76.26614561162191,40,-70.32942659052667,-70.32942659052667,0.0,0.0,0.0,-1.0,0.0,-1.0,0,idle,83.80699479052024,29.758905458361717,79.9593508147808,39.44963996307965,0.12,0.12
1791330767.4703722,76.23973683631198,40,-70.32942671467737,-70.32942671467737,0.0,0.0,0.0,-1.0,0.0,-1.0,0,idle,91.82085253039455,32.51013254308856,80.55242590056149,39.102664592080096,0.12,0.12
1791330767.487,76.21313864696896,40,-70.32942680501961,-70.32942680501961,0.0,0.0,0.0,-1.0,0.0,-1.0,0,idle,73.87972141207639,39.96960451244277,80.21879067613723,39.14601158809823,0.12,0.12
1791330767.503542,76.1863789235259,40,-70.32942687068828,-70.32942687068828,0.0,0.0,0.0,-1.0,0.0,-1.0,0,idle,92.5674114471645,36.888900647004554,80.83622171468859,39.03315604104355,0.12,0.12
1791330767.521128,76.15948151160362,40,-70.32942691837802,-70.32942691837802,0.0,0.0,0.0,-1.0,0.0,-1.0,0,idle,78.7334832614307,29.800982597141573,80.7310847920257,38.57154736884845,0.12,0.12
1791330767.537726,76.13246678667697,40,-70.32942695298414,-70.32942695298414,0.0,0.0,0.0,-1.0,0.0,-1.0,0,idle,76.23275411398757,49.3162375616139,80.5061682581238,39.108781878486724,0.12,0.12
1791330767.555414,76.10535214498829,40,-70.32942697807954,-70.32942697807954,0.0,0.0,0.0,-1.0,0.0,-1.0,0,idle,81.51602360911075,49.1945958849769,80.55666102567314,39.613072578811234,0.12,0.12
1791330767.572216,76.07815242904012,40,-70.32942699626786,-70.32942699626786,0.0,0.0,0.0,-1.0,0.0,-1.0,0,idle,85.08263769652231,42.515908569939526,80.7829598592156,39.75821437836765,0.12,0.12
1791330767.589546,76.0585006342664,40,-70.32942700576227,-70.32942700576227,0.0,0.0,0.0,0.0,0.0,0.0,0,idle,66.27001952156562,28.044974149863634,80.05731284233309,39.17255236694245,0.12,0.12
1791330767.606071,76.04430221254194,40,-70.32942701071842,-70.32942701071842,0.0,0.0,0.0,0.0,0.0,0.0,0,idle,86.7823364085026,42.107506989874864,80.39356402064156,39.319300098089066,0.12,0.12
1791330767.622934,76.03404385284585,40,-70.32942701330556,-70.32942701330556,0.0,0.0,0.0,0.0,0.0,0.0,0,idle,78.33116810868705,35.426747695381586,80.29044422504384,39.124672477953695,0.12,0.12
1791330767.6398,76.02663218796538,40,-70.32942701465606,-70.32942701465606,0.0,0.0,0.0,0.0,0.0,0.0,0,idle,51.959120125008795,51.03418133838743,78.87387802004208,39.72014792097538,0.12,0.12
1791330767.656993,76.0212772600892,40,-70.32942701536103,-70.32942701536103,0.0,0.0,0.0,0.0,0.0,0.0,0,idle,74.4103135694241,42.19237730668056,78.65069979751118,39.84375939026064,0.12,0.12
1791330767.6742918,76.01740832469866,40,-70.32942701572904,-70.32942701572904,0.0,0.0,0.0,0.0,0.0,0.0,0,idle,82.62391841553035,32.689484589173915,78.84936072841214,39.4860456502063,0.12,0.12
1791330767.6916218,76.01461301887899,40,-70.32942701592114,-70.32942701592114,0.0,0.0,0.0,0.0,0.0,0.0,0,idle,106.74746182156373,42.03184695467234,80.24426578306972,39.6133357154296,0.12,0.12
1791330767.7079139,76.01259341042427,40,-70.32942701602141,-70.32942701602141,0.0,0.0,0.0,0.0,0.0,0.0,0,idle,100.53771068707931,44.94849531144271,81.2589380282702,39.88009369523026,0.12,0.12
1791330767.72479,76.01113424331574,40,-70.32942701607375,-70.32942701607375,0.0,0.0,0.0,0.0,0.0,0.0,0,idle,68.2603695157939,28.798443456836253,80.60900960264638,39.326011183310555,0.12,0.12
1791330767.741339,76.01007999507982,40,-70.32942701610108,-70.32942701610108,0.0,0.0,0.0,0.0,0.0,0.0,0,idle,68.90738423421101,52.58435061842089,80.0239283342246,39.98892815506607,0.12,0.12
1791330767.7580512,76.00931830072938,40,-70.32942701611535,-70.32942701611535,0.0,0.0,0.0,0.0,0.0,0.0,0,idle,65.55527521912627,35.703627198619856,79.30049567846969,39.77466310724376,0.12,0.12
1791330767.776577,76.00932054748962,40.000000803155004,-70.32942701611532,109.67057298388468,2.2467602424101963e-06,8.031550045329212e-07,0.0,1.0,0.0,1.0,0,idle,80.85384234555444,47.51387538342217,79.37816514624616,40.16162448404994,0.12,0.12
1791330767.792533,76.01001255171043,40.000248175634994,-70.32942701610857,109.67057298389142,0.0006920042208142046,0.00024737247998870724,0.0,1.0,0.0,1.0,0,idle,57.2998336901039,49.7047797648538,78.27490597744881,40.63901725194612,0.12,0.12
1791330767.809546,76.01344111218461,40.00147379172486,-70.32942701608802,109.67057298390887,0.0034285604741763425,0.0012256160898717824,0.0,1.0,0.0,1.0,0,idle,83.67096606408234,41.04147339174577,78.54796611423096,40.66030439422148,0.12,0.12
1791330767.826522,76.02310513102877,40.00492841271739,-70.32942701605182,109.67057298393773,0.00966401884416394,0.0034546209925305953,0.0,1.0,0.0,1.0,0,idle,59.53516110275952,34.76223540303902,77.60650668155934,40.36868283460525,0.12,0.12
1791330767.8435972,76.04375422087287,40.012309894521444,-70.32942701600241,109.67057298397658,0.02064908984410553,0.007381481804055948,0.0,1.0,0.0,1.0,0,idle,57.94202013483395,39.15981644719504,76.64289898957496,40.31525192294859,0.12,0.12
1791330767.8588622,76.08106494814326,40.025647453538454,-70.32942701594428,109.67057298402288,0.03731072727039875,0.013337559017007346,0.0,1.0,0.0,1.0,0,idle,76.14307379071052,34.94921010408996,76.65335292053861,40.05962051307182,0.12,0.12
1791330767.876435,76.14129284728195,40.0471772713148,-70.32942701588222,109.67057298407369,0.06022789913867586,0.021529817776347993,0.0,1.0,0.0,1.0,0,idle,73.60716801542871,37.257130627964806,76.55826017946487,39.939949345704,0.12,0.12
1791330767.8924,76.23095211242442,40.07922799312463,-70.32942701582036,109.67057298412627,0.08965926514246608,0.03205072180982921,0.0,1.0,0.0,1.0,0,idle,79.57545884981178,18.843024602299856,76.79429641486756,38.915551294253135,0.12,0.12
1791330767.908979,76.35654666492579,40.12412459200559,-70.32942701576174,109.6705729841783,0.12559455250136684,0.04489659888095881,0.0,1.0,0.0,1.0,0,idle,68.18556782726321,30.705710718592044,76.48317481036364,38.547711034406994,0.12,0.12
1791330767.926414,76.5243597421882,40.184113152550594,-70.3294270157083,109.67057298422804,0.167813077262406,0.05998856054499843,0.0,1.0,0.0,1.0,0,idle,82.52695263398502,22.70076115504033,76.94478612494399,37.812352672956415,0.12,0.12
1791330767.9439008,76.74030000785947,40.26130585953553,-70.32942701566107,109.6705729842743,0.21594026567127345,0.07719270698493538,0.0,1.0,0.0,1.0,0,idle,64.51905469417697,29.497104227574994,76.52864280579335,37.469923322323034,0.12,0.12
1791330767.960779,77.00979763852173,40.3576438517679,-70.32942701562033,109.67057298431635,0.26949763066225807,0.096337992232366,0.0,1.0,0.0,1.0,0,idle,66.1038584120111,39.294196133979966,76.26342633523339,37.65265805552663,0.12,0.12
1791330767.9782221,77.33774206440559,40.47487496610413,-70.32942701558588,109.67057298435387,0.3279444258838542,0.11723111433623547,0.0,1.0,0.0,1.0,0,idle,73.7679530976095,39.27872414809478,76.45019987794186,37.84533091877446,0.12,0.12
1791330767.995073,77.7284528522926,40.61454332888792,-70.32942701555724,109.67057298438681,0.3907107878870171,0.13966836278378614,0.0,1.0,0.0,1.0,0,idle,82.19465782543757,27.96013555251384,77.10859802380931,37.483756095106024,0.12,0.12
1791330768.011292,78.18567587366897,40.77798798617048,-70.32942701553378,109.67057298441533,0.45722302137636384,0.16344465728256147,0.0,1.0,0.0,1.0,0,idle,66.6281192079914,38.72639800454557,77.01893595332596,37.70116061499643,0.12,0.12
1791330768.027982,78.71259794309617,40.966348136525575,-70.32942701551478,109.67057298443973,0.5269220694272012,0.188360150355095,0.0,1.0,0.0,1.0,0,idle,92.7877114520878,43.100609855221975,78.3079506942199,38.15007521984505,0.12,0.12
1791330768.044657,79.31187426979633,41.18057294423638,-70.32942701549956,109.6705729844604,0.5992763267001691,0.21422480771080452,0.0,1.0,0.0,1.0,0,idle,54.758310353501976,61.605172291112076,77.69978118754916,39.526343640733664,0.12,0.12
1791330768.062658,79.9856641879689,41.421434311901166,-70.32942701548747,109.67057298447776,0.673789918172558,0.24086136766478777,0.0,1.0,0.0,1.0,0,idle,104.8528481154552,14.304030629126881,79.6975349562084,38.49404628943487,0.12,0.12
1791330768.0798779,80.7356716413697,41.6895413525571,-70.32942701547795,109.67057298449221,0.7500074534008159,0.26810704065593455,0.0,1.0,0.0,1.0,0,idle,84.7736778080029,46.01705386308549,80.6638491795289,39.12489835674054,0.12,0.12
1791330768.0969589,81.563187763587,41.98535561095798,-70.32942701547049,109.67057298450416,0.8275161222172827,0.2958142584008818,0.0,1.0,0.0,1.0,0,idle,76.86946706902938,26.512611891332213,81.26027039011035,38.77530757895096,0.12,0.12
1791330768.114059,82.46913361207226,42.309206339815205,-70.32942701546469,109.67057298451398,0.905945848485253,0.3238507288572203,0.0,1.0,0.0,1.0,0,idle,87.87809336228258,38.547290356393766,82.45181009477996,39.07156491023746,0.12,0.12
1791330768.131108,83.45410169055341,42.66130534291865,-70.3294270154602,109.670572984522,0.9849680784811653,0.3520990031034447,0.0,1.0,0.0,1.0,0,idle,79.24784906815145,16.63654745973668,83.22733171800563,38.2843080906607,0.12,0.12
1791330768.148294,84.51839534710263,43.04176105886254,-70.32942701545674,109.67057298452849,1.0642936565492085,0.38045571594389116,0.0,1.0,0.0,1.0,0,idle,83.8261307948484,61.85185264889091,84.26835064556951,39.824118248718904,0.12,0.12
1791330768.165461,85.66206548239616,43.45059168323896,-70.3294270154541,109.67057298453376,1.1436701352935357,0.40883062437641904,0.0,1.0,0.0,1.0,0,idle,93.09623233804764,62.643895043360835,85.79623135872228,41.3534961816086,0.12,0.12
1791330768.181765,86.88494426297235,43.88773722020049,-70.32942701545208,109.67057298453798,1.2228787805761934,0.43714553696152747,0.0,1.0,0.0,1.0,0,idle,70.64366425468069,38.85838562318101,86.2003378450676,41.644028913800675,0.12,0.12
1791330768.198113,88.18667572443132,44.35307042226258,-70.32942701545055,109.67057298454137,1.3017314614589697,0.4653332020620879,0.0,1.0,0.0,1.0,0,idle,84.0189510058838,57.87258241700164,87.32791339149443,42.89752313091971,0.12,0.12
1791330768.214328,89.56674328427385,44.8464066253869,-70.32942701544938,109.67057298454408,1.3800675598425236,0.49333620312431165,0.0,1.0,0.0,1.0,0,idle,80.77152060451677,27.640850567657687,88.31115793399596,42.6033588957247,0.12,0.12
1791330768.230379,91.02449427590636,45.36751251921345,-70.3294270154485,109.67057298454623,1.4577509916325126,0.5211058938265537,0.0,1.0,0.0,1.0,0,idle,79.18237079976383,30.87709025110284,89.23958201933523,42.512096062628835,0.12,0.12
1791330768.2466502,92.55916167450997,45.916113913461366,-70.32942701544783,109.67057298454793,1.534667398603609,0.5486013942479175,0.0,1.0,0.0,1.0,0,idle,101.99116106123935,44.077910171219685,91.33509500010386,43.111558092593896,0.12,0.12
1791330768.265523,94.16988322026576,46.49190257395607,-70.32942701544734,109.67057298454928,1.6107215457557968,0.5757886604946992,0.0,1.0,0.0,1.0,0,idle,90.61565615415947,37.04722064414538,92.82930852627464,43.35534044764144,0.12,0.12
1791330768.281323,95.85571816141194,47.09454220781178,-70.32942701544697,109.67057298455035,1.6858349411461773,0.6026396338557086,0.0,1.0,0.0,1.0,0,idle,84.6715224436761,58.782343839453,94.0229624162336,44.69919826939494,0.12,0.12
1791330768.297904,97.61566184390182,47.72367367883309,-70.32942701544668,109.67057298455119,1.7599436824898742,0.6291314710213077,0.0,1.0,0.0,1.0,0,idle,88.98545561176682,40.24643237831926,95.44303357437565,45.0742348723114,0.12,0.12
1791330768.314461,99.44865836997043,48.378919532604414,-70.32942701544647,109.67057298455185,1.8329965260686125,0.6552458537713293,0.0,1.0,0.0,1.0,0,idle,77.57788368349541,44.14543544008499,96.29112277959682,45.65027846178284,0.12,0.12
1791330768.331415,101.35361153767758,49.05988790707584,-70.32942701544631,109.67057298455236,1.9049531677071556,0.6809683744714231,0.0,1.0,0.0,1.0,0,idle,94.57297663422912,45.76971562707287,98.01492098165022,46.303170275795196,0.12,0.12
1791330768.347188,103.32939425969244,49.76617589951957,-70.3294270154462,109.67057298455276,1.9757827220148587,0.7062879924437303,0.0,1.0,0.0,1.0,0,idle,87.60120907473322,33.2693414463436,99.37122897221849,46.32245242714416,0.12,0.12
1791330768.3641741,105.37485664383813,50.49737245510246,-70.32942701544611,109.67057298455308,2.0454623841457,0.731196555582893,0.0,1.0,0.0,1.0,0,idle,95.37076281573557,39.51277578233685,101.11439492933275,46.67660532270754,0.12,0.12
1791330768.380029,107.48883290138222,51.25306083640987,-70.32942701544604,109.67057298455332,2.1139762575440915,0.7556883813074176,0.0,1.0,0.0,1.0,0,idle,112.77125650024432,12.028740998322014,103.70551545254521,45.662116068730306,0.12,0.12
1791330768.396529,109.67014723254569,52.03282072735332,-70.329427015446,109.6705729845535,2.181314331163469,0.7797598909434442,0.0,1.0,0.0,1.0,0,idle,115.06578691751521,48.68345135922671,106.345777640399,46.5539547296514,0.12,0.12
1791330768.4141078,111.91761882275051,52.83623001919155,-70.32942701544596,109.67057298455364,2.247471590204821,0.8034092918382254,0.0,1.0,0.0,1.0,0,idle,116.5519281959948,51.90266752612221,108.99118317887338,47.58462919672126,0.12,0.12
1791330768.43177,114.23006606807648,53.66286632101519,-70.32942701544593,109.67057298455376,2.3124472453259677,0.8266363018236372,0.0,1.0,0.0,1.0,0,idle,99.13321186330722,45.090996417427334,110.69510949615474,48.24525204448902,0.12,0.12
1791330768.448371,116.60631013445197,54.51230823205957,-70.32942701544592,109.67057298455386,2.3762440663754933,0.8494419110443828,0.0,1.0,0.0,1.0,0,idle,108.17690050026694,54.6544720768435,112.82663090941708,49.3726828615989,0.12,0.12
1791330768.4649851,119.04517794235649,55.384136408653816,-70.3294270154459,109.67057298455391,2.4388678079045163,0.8718281765942468,0.0,1.0,0.0,1.0,0,idle,126.313693860451,46.636057849654065,115.81790847447806,50.0640883787662,0.12,0.12
1791330768.480819,121.5455046572891,56.27793445449482,-70.32942701544589,109.67057298455397,2.5003267149326085,0.8937980458410022,0.0,1.0,0.0,1.0,0,idle,107.33656378297115,60.2958823775429,117.76915161908869,51.424786222253985,0.12,0.12
1791330768.497771,124.10613575593116,57.1932896592436,-70.32942701544587,109.67057298455401,2.5606310986420677,0.9153552047487807,0.0,1.0,0.0,1.0,0,idle,155.533103360473,44.716213417624765,122.08994874986786,51.95894502653386,0.12,0.12
1791330768.515913,126.72592872874671,58.12979360715812,-70.32942701544587,109.67057298455406,2.6197929728155502,0.9365039479145233,0.0,1.0,0.0,1.0,0,idle,133.45142669006367,68.42339086770896,125.14682597105242,53.67184606911141,0.12,0.12
1791330768.531646,129.40375447164323,59.08704267457376,-70.32942701544587,109.67057298455407,2.677825742896518,0.9572490674156403,0.0,1.0,0.0,1.0,0,idle,131.75035587810683,51.255205664812,128.02093692215684,54.460400662941296,0.12,0.12
1791330768.548453,132.13849841217308,60.064638432489346,-70.32942701544587,109.6705729845541,2.7347439405298606,0.9775957579155846,0.0,1.0,0.0,1.0,0,idle,127.51901270936816,68.76264886606191,130.59384745502075,56.10422904311714,0.12,0.12
1791330768.565454,134.9290614095007,61.06218796828066,-70.32942701544587,109.6705729845541,2.7905629973276094,0.9975495357913142,0.0,1.0,0.0,1.0,0,idle,132.8385608593614,61.251138517869876,133.357117972699,57.30924657585652,0.12,0.12
1791330768.582083,137.77436046190306,62.07930413861244,-70.32942701544587,109.67057298455411,2.845299052402356,1.0171161703317826,0.0,1.0,0.0,1.0,0,idle,132.0864383397468,59.38931091262976,135.99661809083364,58.37951015451038,0.12,0.12
1791330768.600074,140.67332925082536,63.11560576392331,-70.32942701544587,109.67057298455411,2.8989687889223124,1.0363016253108661,0.0,1.0,0.0,1.0,0,idle,117.20006032485728,61.1574865018191,137.810810552011,59.50289551592113,0.12,0.12
1791330768.615795,143.6249185463974,64.1707177733867,-70.32942701544587,109.67057298455411,2.9515892955720378,1.0551120094633855,0.0,1.0,0.0,1.0,0,idle,133.2645367436658,78.13651845963804,140.38750669238718,61.4369330720972,0.12,0.12
1791330768.633609,146.6280964957554,65.24427130797801,-70.32942701544587,109.67057298455413,3.003177949357981,1.0735535345913076,0.0,1.0,0.0,1.0,0,idle,132.49829543141325,70.01131377568711,142.84606518122857,62.88552796513844,0.12,0.12
1791330768.6506722,149.6818488124401,66.33590378817924,-70.32942701544587,109.67057298455413,3.053752316684735,1.0916324802012285,0.0,1.0,0.0,1.0,0,idle,174.2538279324184,54.07398988980678,147.31751801963856,63.48200191756302,0.12,0.12
1791330768.668597,152.78517888249317,67.44525895190544,-70.32942701544587,109.67057298455413,3.1033300700530746,1.109355163726211,0.0,1.0,0.0,1.0,0,idle,146.3447459220888,53.546141009616065,150.21704298131147,64.03909627770557,0.12,0.12
1791330768.686862,155.9371078005941,68.5719868674228,-70.32942701544587,109.67057298455413,3.151928918100928,1.1267279155173568,0.0,1.0,0.0,1.0,0,idle,158.78661202943076,64.63986529010384,153.63985390591333,65.13952624806697,0.12,0.12
1791330768.702975,159.13667434762374,69.7157439253281,-70.32942701544587,109.67057298455413,3.199566547029643,1.1437570579053076,0.0,1.0,0.0,1.0,0,idle,163.72539626857898,84.32406875032264,157.18371924372477,67.1853225781898,0.12,0.12
1791330768.7195451,162.3829349193597,70.87619281305938,-70.32942701544587,109.67057298455413,3.246260571735985,1.1604488877312773,0.0,1.0,0.0,1.0,0,idle,142.2154248484652,72.73766507360526,159.51925206711095,68.56536614630528,0.12,0.12
1791330768.7365398,165.67496341457024,72.05300247489247,-70.32942701544587,109.67057298455413,3.2920284952105314,1.1768096618330943,0.0,1.0,0.0,1.0,0,idle,175.7448413568632,58.32491582406972,163.45795860204856,69.17131280893494,0.12,0.12
1791330768.754516,169.01222876714806,73.24478950198137,-70.399296880644,109.6524010524394,3.3372653525778224,1.1917870270889028,1.0,1.0,1.0,1.0,0,idle,172.30191196974707,69.5835152071269,167.07055835538242,70.32412060457901,0.12,0.12
1791330768.771026,172.39506308718504,74.44777357212654,-70.64130092869743,109.57611099844462,3.3828343200369653,1.2029840701451673,1.0,1.0,1.0,1.0,0,idle,188.13872968413904,74.64614521047638,171.33765952585537,71.68305670151179,0.12,0.12
1791330768.787549,175.82476485566136,75.6553510113358,-71.1148074079476,109.39686078660992,3.429701768476333,1.2075774392092624,1.0,1.0,1.0,1.0,0,idle,164.20469796448378,85.40463257375688,174.23922812783928,73.51633406237283,0.12,0.12
1791330768.8050308,179.30346758475477,76.85817581177051,-71.84999172545598,109.07375832826989,3.4787027290934045,1.202824800434706,1.0,1.0,1.0,1.0,0,idle,173.24180234178866,81.98319644922186,177.4941244311755,75.08236074212826,0.12,0.12
1791330768.821355,182.83386722723336,78.04449313083893,-72.85754533043743,108.57385110843047,3.5303996424785917,1.1863173190684158,1.0,1.0,1.0,1.0,0,idle,193.48276639240063,76.5130873181255,181.64743618959142,76.28089852404312,0.12,0.12
1791330768.837806,186.41887713254945,79.20057542149037,-74.13546284082551,107.87330397162566,3.585009905316091,1.1560822906514374,1.0,1.0,1.0,1.0,0,idle,191.01972861524624,94.82256476795321,185.52181022092446,78.3062600123575,0.12,0.12
1791330768.854599,190.0612605197147,80.3111787809105,-75.6737449790165,106.95704905192505,3.6423833871652502,1.1106033594201241,1.0,1.0,1.0,1.0,0,idle,201.40068348078836,90.0783485391353,189.77601810172465,79.94993763014551,0.12,0.12
1791330768.87217,193.76327525494477,81.35997823010071,-77.45763713283164,105.81769355141908,3.702014735230085,1.0487994491902122,1.0,1.0,1.0,1.0,0,idle,223.07025793979622,77.07551297652293,194.9576440920968,80.80257587419509,0.12,0.12
1791330768.8889432,197.5263535941301,82.32996438443546,-79.46984467509753,104.45415013348818,3.7630783391853178,0.969986154334743,1.0,1.0,1.0,1.0,0,idle,202.24339248604124,61.0071684084212,198.8968559340201,80.7342923475244,0.12,0.12
1791330768.905694,201.3508301553937,83.20379679672257,-81.69203276652449,102.87025100090237,3.8244765612636193,0.8738324122871111,1.0,1.0,1.0,1.0,0,idle,192.76965977425283,87.85848076461939,202.22374885923216,81.92064256005192,0.12,0.12
1791330768.922814,205.23572438616702,83.96411553180938,-84.1058241838651,101.07348001733851,3.8848942307733063,0.7603187350868112,1.0,1.0,1.0,1.0,0,idle,196.0269646129078,77.2492730756118,205.60455916615058,82.40937688416238,0.12,0.12
1791330768.940583,209.17857880198687,84.59381509919388,-86.69344403111917,99.07388086692347,3.9428544158198457,0.6296995673844914,1.0,1.0,1.0,1.0,0,idle,206.19047140278292,68.78651963675325,209.37956647301107,82.32644861080719,0.12,0.12
1791330768.956897,213.1753509138706,85.07628547894465,-89.43811609608387,96.8831554137685,3.9967721118837254,0.4824703797507862,1.0,1.0,1.0,1.0,0,idle,216.81913676419913,81.45985580568276,213.54847849386002,82.74146583131422,0.12,0.12
1791330768.974081,217.22035466684858,85.3956246585532,-92.32428536544776,94.51394310322037,4.045003752977971,0.3193391796085543,1.0,1.0,1.0,1.0,0,idle,225.3346629716887,99.55567538632269,217.98054128308053,83.88554852969276,0.12,0.12
1791330768.991457,221.30624606763644,85.53682642803128,-95.33772015982665,91.97926138489292,4.085891400787855,0.14120176947806956,1.0,1.0,1.0,1.0,0,idle,213.58501995723802,75.4078408969393,221.64236204753686,83.59580482905925,0.12,0.12
1791330769.008666,225.4240472194902,85.48594645207149,-98.46553244042374,89.29208346100526,4.117801151853783,-0.05087997595978261,1.0,1.0,1.0,1.0,0,idle,217.6814238033909,78.08130258758229,225.35622622959067,83.2717437398236,0.12,0.12
1791330769.025886,229.56320299300975,85.23024898360981,-101.69614410367369,86.46502984146427,4.139155773519551,-0.25569746846167213,1.0,1.0,1.0,1.0,0,idle,219.4277543890841,95.06515846548247,228.9920006224089,83.61850188106796,0.12,0.12
1791330769.043006,233.71166487576468,84.75833604650617,-105.01921925097753,83.51015221134206,4.148461882754933,-0.47191293710363624,1.0,1.0,1.0,1.0,0,idle,250.92793945193745,78.55123429190505,234.0298363525025,82.91682121136135,0.12,0.12
1791330769.059883,237.85599703446408,84.06026049639709,-108.42557666554694,80.43879084402809,4.144332158699388,-0.69807555010908,1.0,1.0,1.0,1.0,0,idle,230.3591983078384,81.91148556044739,237.78342000103373,82.20338265621203,0.12,0.12
1791330769.07695,241.98150019833315,83.12762405000483,-111.90709248576812,77.26148962101296,4.125503163869079,-0.9326364463922688,1.0,1.0,1.0,1.0,0,idle,251.5428421247728,74.92902505663328,242.3906191128963,80.95366015216044,0.12,0.12
1791330769.0938292,246.07234956633877,81.95366113171448,-115.4565999420746,73.98795536172585,4.090849368005622,-1.1739629182903497,1.0,1.0,1.0,1.0,0,idle,247.13324061170275,60.38895567993537,246.51405708744196,78.81016015617335,0.12,0.12
1791330769.1101172,250.11174351059677,80.53330920141607,-119.06779073915959,70.62705051424872,4.039393944257991,-1.4203519302984096,1.0,1.0,1.0,1.0,0,idle,242.12572863192196,65.37546968608567,250.13206491171104,76.78909129888548,0.12,0.12
1791330769.1268969,254.0820603670182,78.86326608321333,-122.73512100814551,67.18681028883431,3.9703168564214306,-1.670043118202747,1.0,1.0,1.0,1.0,0,idle,250.17872363721844,93.91390303524597,253.90619886158674,76.0587909234109,0.12,0.12
1791330769.143441,257.96502105768485,76.9420346991048,-126.45372356653674,63.674477049006164,3.882960690666691,-1.9212313841085376,1.0,1.0,1.0,1.0,0,idle,232.94890916594406,69.68460117908126,256.5471470329379,73.91491162129131,0.12,0.12
1791330769.1606772,261.7418556721248,74.7699555176947,-130.2193273877815,60.09654624114874,3.776834614439977,-2.172079181410102,1.0,1.0,1.0,1.0,0,idle,255.01683465498309,67.20476190189176,260.0586242977581,71.51592891298174,0.12,0.12
1791330769.1776462,265.4003011640127,72.37349992947081,-132.89990087579622,56.77329659722578,3.6584454918878873,-2.396455588223885,1.0,1.0,0.0,-0.5,1,braking,269.8360644484558,65.76714489623606,264.0230195225865,68.95185690333176,0.12,0.12
1791330769.194303,268.9351006424708,69.7905637202723,-134.80481213242012,53.84378509599601,3.5347994784580834,-2.5829362091985066,1.0,1.0,0.0,-0.5,1,braking,268.8336957597245,70.9032945908883,267.62161283897854,66.59563938897101,0.12,0.12
1791330769.210907,272.3465859651217,67.06164988967443,-136.15624293498416,51.34300222257883,3.4114853226508814,-2.728913830597879,1.0,1.0,0.0,-0.5,1,braking,263.97065497816544,59.183252318342056,270.6799760024562,63.63255189637158,0.12,0.12
1791330769.2285,275.6389098013031,64.22501653813623,-137.11382479918163,49.2521410051611,3.292323836181415,-2.836633351538201,1.0,1.0,0.0,-0.5,1,braking,291.3480871481122,78.06431337283193,274.84108920411137,61.65933828623331,0.12,0.12
1791330769.246645,278.81851855378414,61.31434119574618,-137.79184377763633,47.52841174698232,3.1796087524810215,-2.910675342390053,1.0,1.0,0.0,-0.5,1,braking,276.62075072260933,65.43928773534736,277.95070059489325,59.08319418341846,0.12,0.12
1791330769.261784,281.89301455683056,58.357899183176265,-138.271784221289,46.121406267112086,3.074496003046435,-2.9564420125699136,1.0,1.0,0.0,-0.5,1,braking,278.1059419114206,72.90261218595366,280.8792338636137,56.9655451716038,0.12,0.12
1791330769.278498,284.8703560959876,55.37862602503942,-138.61152697479343,44.98142004864882,2.9773415391569866,-2.979273158136838,1.0,1.0,0.0,-0.5,1,braking,287.8486363240842,51.27895038746541,284.05617844883636,53.85090593216688,0.12,0.12
1791330769.296489,287.7578610358653,52.39517514505768,-138.85190799176127,44.06372858578741,2.887504939877738,-2.983450879981748,1.0,1.0,0.0,-0.5,1,braking,294.3014353064281,53.15997890712243,287.31157098459977,50.982081244932,0.12,0.12
1791330769.313389,290.56159719357635,49.4229639643113,-139.0218014722589,43.32924868286663,2.8037361577110773,-2.9722111807463807,1.0,1.0,0.0,-0.5,1,braking,295.7565273786705,55.99948909788579,290.3973681541288,48.40935101587063,0.12,0.12
1791330769.3308601,293.28622211503205,46.47489704543416,-139.14170257311628,42.74433919043274,2.7246249214557228,-2.9480669188771422,1.0,1.0,0.0,-0.5,1,steering,289.60356722938184,57.87689114490327,292.94607178327436,46.08206444938897,0.12,0.12
1791330769.3466392,295.93761359971387,43.560992310085666,-139.142357723978,42.29937807898566,2.6513914846818034,-2.913904735348499,1.0,1.0,-1.0,0.0,1,steering,303.39937072569643,53.44874362961909,295.9875586408432,43.6821889098194,0.12,0.12
1791330769.365003,298.5215666699518,40.68858534599857,-139.08427531436635,41.97383974408813,2.583953070237933,-2.872406964087096,0.0,1.0,-1.0,0.0,1,steering,290.01615155202995,40.28853677542305,298.14374370312856,40.783719687216845,0.12,0.12
1791330769.3813581,301.0447770976086,40,-138.87046129108037,41.77549951125443,0.0,0.0,0.0,1.0,-1.0,0.0,1,steering,291.36634837241814,26.065873433562203,297.804873936593,40.047827374534116,0.12,0.12
1791330769.3977568,301.0448131059658,40,-138.87045178689357,41.129548213106446,0.0,0.0,0.0,1.0,0.0,1.0,0,idle,297.23183898041333,30.653230991863033,297.77622218878406,39.57809755540056,0.12,0.12
1791330769.415513,301.045487024115,40,-138.87032327510974,41.12967672489026,0.0,0.0,0.0,1.0,0.0,1.0,0,idle,284.5723406147831,56.1895980081208,297.116028110084,40.40867257803657,0.12,0.12
1791330769.43213,301.04732961300306,40,-138.870069415667,41.129930584333,0.0,0.0,0.0,1.0,0.0,1.0,0,idle,321.1653498080111,39.62543435253056,298.31849419498036,40.36951066676127,0.12,0.12
1791330769.4488919,301.050618194484,40,-138.8697420711578,41.13025792884221,0.0,0.0,0.0,1.0,0.0,1.0,0,idle,312.02331626059174,39.79005066407572,299.00373529826095,40.34053766662699,0.12,0.12
1791330769.466623,301.0554629015831,40,-138.86939365602004,41.13060634397997,0.0,0.0,0.0,1.0,0.0,1.0,0,idle,304.25621716434284,28.09738436918717,299.26635939156506,39.728380001755,0.12,0.12
1791330769.48289,301.06186660380894,40,-138.86906092396103,41.13093907603896,0.0,0.0,0.0,1.0,0.0,1.0,0,idle,313.67408423398695,54.05753708204625,299.98674563368616,40.44483785576956,0.12,0.12
1791330769.4993181,301.0697661740923,40,-138.86876437133404,41.13123562866596,0.0,0.0,0.0,1.0,0.0,1.0,0,idle,310.70798956332914,54.32900736425413,300.5228078301683,41.13904633119379,0.12,0.12
1791330769.516317,301.0790605802693,40,-138.8685122814813,41.13148771851871,0.0,0.0,0.0,1.0,0.0,1.0,0,idle,305.32521307325277,47.9410883328349,300.7629280923225,41.479148431275846,0.12,0.12
1791330769.5334249,301.089629715762,40,-138.8683051676497,41.13169483235029,0.0,0.0,0.0,1.0,0.0,1.0,0,idle,307.2630672050674,38.31451609880679,301.0879350479598,41.32091681465239,0.12,0.12
1791330769.5511491,301.0972659326546,40,-138.86819705295244,41.131802947047554,0.0,0.0,0.0,0.0,0.0,0.0,0,idle,309.2388182690487,45.657915634327374,301.4954792090142,41.53776675563614,0.12,0.12
1791330769.5677938,301.1027831055821,40,-138.86814061640945,41.13185938359056,0.0,0.0,0.0,0.0,0.0,0.0,0,idle,290.46808879927096,55.80242245869191,300.944109688527,42.25099954078893,0.12,0.12
1791330769.584898,301.10676926536905,40,-138.86811115618258,41.13188884381742,0.0,0.0,0.0,0.0,0.0,0.0,0,idle,289.3458244797504,28.75205671283645,300.3641954280882,41.57605239939131,0.12,0.12
1791330769.6016471,301.1096492667003,40,-138.86809577776037,41.13190422223962,0.0,0.0,0.0,0.0,0.0,0.0,0,idle,310.4976828558353,27.459296146719034,300.87086979947554,40.8702145867577,0.12,0.12
1791330769.619297,301.1117300679959,40,-138.86808775012796,41.13191224987206,0.0,0.0,0.0,0.0,0.0,0.0,0,idle,295.7761841274988,28.28024693486137,300.6161355158767,40.24071620416288,0.12,0.12
1791330769.635862,301.1132334470579,40,-138.86808355965368,41.13191644034633,0.0,0.0,0.0,0.0,0.0,0.0,0,idle,308.9466814712624,52.320592288286726,301.03266281364597,40.84471000836907,0.12,0.12
1791330769.65247,301.11431963847764,40,-138.86808137219992,41.13191862780009,0.0,0.0,0.0,0.0,0.0,0.0,0,idle,312.37222105366305,30.201236938361077,301.59964072564685,40.31253635486867,0.12,0.12
1791330769.670013,301.1151044117963,40,-138.8680802303354,41.131919769664584,0.0,0.0,0.0,0.0,0.0,0.0,0,idle,294.59586987105894,38.37972395198612,301.2494521829175,40.21589573472454,0.12,0.12
1791330769.6866748,301.1156714105258,40,-138.86807963427498,41.13192036572504,0.0,0.0,0.0,0.0,0.0,0.0,0,idle,298.2335793794445,46.929181896650285,301.0986585427438,40.551560042820824,0.12,0.12
1791330769.703636,301.11608106711043,40,-138.86807932312772,41.13192067687229,0.0,0.0,0.0,0.0,0.0,0.0,0,idle,281.0875718974371,40.91801430093142,300.0981042104785,40.569882755726354,0.12,0.12
1791330769.721261,301.1163770439938,40,-138.8680791607069,41.131920839293095,0.0,0.0,0.0,0.0,0.0,0.0,0,idle,303.71599090486893,46.704573935121715,300.278998545198,40.87661731469612,0.12,0.12
1791330769.737644,301.1165908872924,40,-138.86807907592222,41.131920924077775,0.0,0.0,0.0,0.0,0.0,0.0,0,idle,302.07645438041493,22.388036047549257,300.3688713369589,39.952188251338775,0.12,0.12
1791330769.754768,301.11674538907573,40,-138.86807903166408,41.13192096833593,0.0,0.0,0.0,0.0,0.0,0.0,0,idle,301.95605296424475,54.42624293864052,300.4482304183232,40.67589098570386,0.12,0.12
1791330769.772064,301.11685701661423,40,-138.86807900856107,41.131920991438946,0.0,0.0,0.0,0.0,0.0,0.0,0,idle,279.81320703356306,46.82483950502256,299.41647924908517,40.98333841166979,0.12,0.12
1791330769.7893279,301.11693766751085,40,-138.86807899650114,41.131921003498874,0.0,0.0,0.0,0.0,0.0,0.0,0,idle,319.0379695484802,40.16972585438339,300.3975537640549,40.94265778380547,0.12,0.12
1791330769.806238,301.11699593778366,40,-138.8680789902058,41.131921009794205,0.0,0.0,0.0,0.0,0.0,0.0,0,idle,319.88043154776506,23.235670418649313,301.3716976532404,40.057308415547666,0.12,0.12
1791330769.823565,301.11703803805574,40,-138.86807898691958,41.13192101308041,0.0,0.0,0.0,0.0,0.0,0.0,0,idle,300.53851188053807,39.52009549476088,301.3300383646053,40.03044776950833,0.12,0.12
1791330769.8398552,301.11706845550236,40,-138.86807898520416,41.131921014795836,0.0,0.0,0.0,0.0,0.0,0.0,0,idle,285.56379155223044,53.012895542510094,300.54172602398654,40.67957015815841,0.12,0.12
1791330769.857067,301.11709043210755,40,-138.8680789843087,41.131921015691276,0.0,0.0,0.0,0.0,0.0,0.0,0,idle,303.44220571471044,36.54407673852441,300.6867500085227,40.47279548717671,0.12,0.12
1791330769.8741279,301.1171063102048,40,-138.8680789838413,41.13192101615873,0.0,0.0,0.0,0.0,0.0,0.0,0,idle,286.3415866505478,24.691387809632126,299.96949184062396,39.68372510329948,0.12,0.12
1791330769.891378,301.11711778213004,40,-138.8680789835973,41.131921016402714,0.0,0.0,0.0,0.0,0.0,0.0,0,idle,294.6196746612937,30.562405184122834,299.7020009816574,39.22765910734065,0.12,0.12
1791330769.908597,301.11712607059604,40,-138.8680789834699,41.131921016530114,0.0,0.0,0.0,0.0,0.0,0.0,0,idle,313.24458674272694,34.99482928261172,300.3791302697109,39.0160176161042,0.12,0.12
1791330769.9247859,301.1171320590127,40,-138.86807898340342,41.13192101659657,0.0,0.0,0.0,0.0,0.0,0.0,0,idle,295.6905515966872,47.15820333006164,300.1447013360597,39.42312690180207,0.12,0.12
1791330769.9425669,301.11713638564373,40,-138.86807898336872,41.13192101663128,0.0,0.0,0.0,0.0,0.0,0.0,0,idle,289.4331087257212,21.673465905384603,299.6091217055428,38.5356438519812,0.12,0.12
1791330769.959021,301.11713951163466,40,-138.8680789833506,41.13192101664939,0.0,0.0,0.0,0.0,0.0,0.0,0,idle,306.43393662172747,40.851240213395336,299.950362451352,38.651423670051905,0.12,0.12
1791330769.9755452,301.11714177016313,40,-138.86807898334115,41.13192101665886,0.0,0.0,0.0,0.0,0.0,0.0,0,idle,295.6731844702185,31.034155552195898,299.73650355229535,38.2705602641591,0.12,0.12
1791330769.992429,301.11714340194993,40,-138.8680789833362,41.131921016663796,0.0,0.0,0.0,0.0,0.0,0.0,0,idle,312.91063866408007,59.079528808956894,300.39521030788455,39.31100869139899,0.12,0.12
1791330770.009428,301.1171445809159,40,-138.86807898333362,41.13192101666638,0.0,0.0,0.0,0.0,0.0,0.0,0,idle,295.03219174194595,25.74701482560885,300.12705937958765,38.63280899810948,0.12,0.12
1791330770.026217,301.1171454327188,40,-138.86807898333228,41.13192101666772,0.0,0.0,0.0,0.0,0.0,0.0,0,idle,304.8746368805948,43.532878884279505,300.364438254638,38.87781249241798,0.12,0.12
1791330770.043233,301.11674241461026,40.000461469083774,-138.86807898379215,-138.86807898379215,-0.00040301810858400756,0.0004614690837743307,0.0,-1.0,0.0,-1.0,0,idle,305.02279434295633,30.377711825936032,300.5969731918508,38.45324585472347,0.12,0.12
1791330770.059671,301.11460697737573,40.002906615451,-138.8680789853034,-138.8680789850895,-0.002135437234555601,0.0024451463672322555,0.0,-1.0,0.0,-1.0,0,idle,309.4861047597434,46.750246214998285,301.03940110487264,38.87041876178608,0.12,0.12
1791330770.077211,301.10838980520816,40.01002548351939,-138.86807898805262,-138.8680789872893,-0.00621717216755522,0.00711886806839199,0.0,-1.0,0.0,-1.0,0,idle,294.2680885841514,32.244531447266,300.6949291652774,38.54588732072504,0.12,0.12
1791330770.0937119,301.09484888533865,40.02553028529875,-138.86807899187323,-138.86807899029472,-0.013540919869531555,0.015504801779355322,0.0,-1.0,0.0,-1.0,0,idle,309.09257950496783,53.0796112375856,301.1019478083859,39.28730307825846,0.12,0.12
1791330770.1113422,301.07007113489954,40.053901630292074,-138.8680789964196,-138.86807899390922,-0.024777750439098765,0.02837134499332703,0.0,-1.0,0.0,-1.0,0,idle,304.91737058433813,27.985934730514053,301.26918008426634,38.7491874386149,0.12,0.12
1791330770.128096,301.02971589018904,40.10010972222308,-138.8680790013105,-138.86807899790224,-0.040355244710520814,0.04620809193100489,0.0,-1.0,0.0,-1.0,0,idle,302.9251500294177,52.36307579562295,301.31364109904894,39.47377954379976,0.12,0.12
1791330770.145609,300.9692415245674,40.16935487403833,-138.86807900621338,-138.8680790020538,-0.06047436562161935,0.06924515181525209,0.0,-1.0,0.0,-1.0,0,idle,293.28116642945827,42.72388020633047,300.85456671822885,39.702067471150784,0.12,0.12
1791330770.163383,300.88409715647475,40.26684799587666,-138.86807901087917,-138.86807900617796,-0.08514436809262528,0.09749312183832765,0.0,-1.0,0.0,-1.0,0,idle,320.00756701558703,44.16974119641516,301.73132958340875,40.018069623160414,0.12,0.12
1791330770.1801229,300.76987360761854,40.39763774294344,-138.86807901514632,-138.86807901013242,-0.11422354885619974,0.13078974706677626,0.0,-1.0,0.0,-1.0,0,idle,291.9664208884665,34.73527354216874,301.13457177724825,39.87818007882427,0.12,0.12
1791330770.197286,300.6224145595844,40.566483237508486,-138.86807901892877,-138.86807901381846,-0.14745904803416413,0.1688454945650501,0.0,-1.0,0.0,-1.0,0,idle,283.29114599690405,49.1467987843489,300.1023143925986,40.5020142339373,0.12,0.12
1791330770.214422,300.43789227671783,40.77776736369753,-138.86807902219834,-138.8680790171758,-0.184522282866593,0.2112841261890449,0.0,-1.0,0.0,-1.0,0,idle,294.6753264168411,18.32140555690639,299.6556688250875,39.59370371996535,0.12,0.12
1791330770.23139,300.2128536490681,41.035444046795796,-138.86807902496702,-138.86807902017568,-0.22503862764975155,0.25767668309826885,0.0,-1.0,0.0,-1.0,0,idle,303.09069155413096,24.731568774066453,299.6136332652724,39.09538982161376,0.12,0.12
1791330770.2483132,299.9442425216011,41.34301268555919,-138.8680790272718,-138.86807902281302,-0.26861112746701166,0.30756863876339396,0.0,-1.0,0.0,-1.0,0,idle,285.1432015946035,39.461124105079875,298.6349311106453,39.40586674261229,0.12,0.12
1791330770.2651908,299.62940385857826,41.703513383862244,-138.86807902916297,-138.86807902509977,-0.31483866302285857,0.3605006983030531,0.0,-1.0,0.0,-1.0,0,idle,305.54503520365955,52.37309656960422,298.6813395854243,40.39670389734979,0.12,0.12
1791330770.281947,299.2660745801846,42.119537443062384,-138.8680790306959,-138.86807902705897,-0.3633292783937029,0.4160240592001382,0.0,-1.0,0.0,-1.0,0,idle,299.014252086466,46.58547684462698,298.3528223960024,41.10136540095378,0.12,0.12
1791330770.2993522,298.8523651015848,42.59324850039211,-138.86807903192545,-138.86807902872005,-0.4137094785997856,0.4737110573297244,0.0,-1.0,0.0,-1.0,0,idle,320.7417716883583,36.13345225843754,299.0792458559504,41.302995248291204,0.12,0.12
1791330770.315721,298.3867348149788,43.12641060281779,-138.86807903290273,-138.86807903011552,-0.46563028660596173,0.5331621024256856,0.0,-1.0,0.0,-1.0,0,idle,299.2251709834182,70.5249165625636,298.6441933400481,43.27059531130922,0.12,0.12
1791330770.333191,297.86796404068923,43.72042032397374,-138.86807903367335,-138.8680790312783,-0.5187707742895954,0.5940097211559473,0.0,-1.0,0.0,-1.0,0,idle,308.3841169319934,47.234719624768594,298.63835728407025,44.03311076208034,0.12,0.12
1791330770.349628,297.2951243583051,44.37634073598533,-138.8680790342768,-138.86807903224022,-0.5728396823841556,0.6559204120115915,0.0,-1.0,0.0,-1.0,0,idle,281.88684260512474,50.85672255852966,297.25658385185807,44.997415743313816,0.12,0.12
1791330770.367081,296.667548718385,45.09493563255928,-138.86807903474644,-138.8680790330307,-0.627575639920103,0.7185948965739473,0.0,-1.0,0.0,-1.0,0,idle,308.3549646187194,60.724504253367414,297.21530603227706,46.46643532056174,0.12,0.12
1791330770.383569,295.98480232344156,45.876702871221106,-138.86807903510996,-138.86807903367654,-0.6827463949434266,0.7817672386618285,0.0,-1.0,0.0,-1.0,0,idle,303.8408883502577,40.92434039696825,296.8979760729798,46.93200945111081,0.12,0.12
1791330770.400962,295.24665494292117,46.72190607358058,-138.86807903538997,-138.86807903420134,-0.7381473805204044,0.8452032023594691,0.0,-1.0,0.0,-1.0,0,idle,290.4535688836602,51.14460346527913,295.8745157020195,47.94558219406072,0.12,0.12
1791330770.417574,294.45305507776766,47.630604207762026,-138.86807903560472,-138.86807903462574,-0.7935998651535103,0.908698134181452,0.0,-1.0,0.0,-1.0,0,idle,298.10527537301147,45.45162356321681,295.2321338136733,48.6841474899909,0.12,0.12
1791330770.43518,293.60410620301246,48.602678791425895,-138.86807903576877,-138.8680790349674,-0.8489488747552228,0.972074583663866,0.0,-1.0,0.0,-1.0,0,idle,299.44589230827813,42.11240663617937,294.6363203073861,49.279031301780996,0.12,0.12
1791330770.451637,292.7000451797536,49.63785861076776,-138.86807903589366,-138.86807903524132,-0.9040610232588867,1.0351798193418646,0.0,-1.0,0.0,-1.0,0,idle,299.9589762175749,40.34496563343791,294.0435951307996,49.815748846738614,0.12,0.12
1791330770.46908,291.74122283042294,50.73574196248094,-138.86807903598842,-138.86807903546008,-0.9588223493306676,1.0978833517131785,0.0,-1.0,0.0,-1.0,0,idle,310.0644129141964,47.04388727202064,293.9337547881053,50.720144952130234,0.12,0.12
1791330770.485522,290.7280866045329,51.89581650205074,-138.8680790360601,-138.8680790356342,-1.0131362258900345,1.1600745395698058,0.0,-1.0,0.0,-1.0,0,idle,270.70547422964455,64.28483315652136,291.80986134558674,52.50045017494111,0.12,0.12
1791330770.502996,289.66116521883004,53.11747683128745,-138.86807903611418,-138.86807903577235,-1.0669213857028665,1.2216603292367079,0.0,-1.0,0.0,-1.0,0,idle,294.49004811678446,70.35094971929837,290.9302953677289,54.553552464933844,0.12,0.12
1791330770.5195131,288.5410551300504,54.400039987469455,-138.8680790361549,-138.8680790358816,-1.1201100887796287,1.2825631561820048,0.0,-1.0,0.0,-1.0,0,idle,274.94598207232184,58.15487355361886,289.06697511861785,55.952053517741,0.12,0.12
1791330770.537138,287.36840868557726,55.74275901123276,-138.8680790361855,-138.8680790359678,-1.172646444473114,1.3427190237633024,0.0,-1.0,0.0,-1.0,0,idle,290.78676338283253,57.06022290235901,288.0389504095791,57.283045059547035,0.12,0.12
1791330770.5548952,286.143923793578,57.14483477460649,-138.86807903620843,-138.8680790360356,-1.2244848919992943,1.4020757633737304,0.0,-1.0,0.0,-1.0,0,idle,266.7707541587498,81.30447813524624,285.8122799496383,59.816088688537036,0.12,0.12
1791330770.571521,284.8683349568228,58.60542624758718,-138.86807903622557,-138.8680790360888,-1.2755888367551635,1.460591472980695,0.0,-1.0,0.0,-1.0,0,idle,297.21246190094246,50.989916528992396,285.17047965228613,60.76234197989147,0.12,0.12
1791330770.588205,283.54240552122747,60.12365937381458,-138.86807903623838,-138.86807903613044,-1.3259294355953832,1.5182331262273996,0.0,-1.0,0.0,-1.0,0,idle,279.01841055123305,58.166165387412995,283.6032432334179,62.07485462018357,0.12,0.12
1791330770.605032,282.1669209996164,61.69863471508352,-138.86807903624793,-138.868079036163,-1.3754845216110705,1.5749753412689382,0.0,-1.0,0.0,-1.0,0,idle,274.46263692570597,60.00479937205134,281.8395026225018,63.46757843198245,0.12,0.12
1791330770.622082,280.74268334211405,63.329434011936044,-138.86807903625504,-138.86807903618836,-1.424237657502363,1.6307992968525227,0.0,-1.0,0.0,-1.0,0,idle,283.9782722111658,82.55768536544156,280.59341532730775,65.9713431106653,0.12,0.12
1791330770.640674,279.270506036093,65.01512579438283,-138.86807903626033,-138.86807903620812,-1.4721773060210122,1.6856917824467752,0.0,-1.0,0.0,-1.0,0,idle,271.9300981256417,65.86983492066784,278.76168102650445,67.56767489448987,0.12,0.12
1791330770.655961,277.75120993016543,66.75477016357159,-138.86807903626425,-138.86807903622346,-1.5192961059276118,1.7396443691887686,0.0,-1.0,0.0,-1.0,0,idle,290.8535473272637,66.11765468563547,277.9229430409112,69.14783603477647,0.12,0.12
1791330770.673874,276.1860380552182,68.54778791220697,-138.91718902402704,-138.8814456607491,-1.5651718749472305,1.7930177486353736,-1.0,-1.0,-1.0,-1.0,0,idle,271.5534062028207,62.34007532073221,276.11755291780685,70.51081486027788,0.12,0.12
1791330770.6886919,274.57722956434566,70.39446226419227,-139.08952736460813,-138.93787054086303,-1.6088084908725506,1.8466743519852946,-1.0,-1.0,-1.0,-1.0,0,idle,282.7487723135024,72.80140888083058,274.9207458212627,72.37968519569155,0.12,0.12
1791330770.705339,272.92826769930485,72.296137242121,-139.43092939052312,-139.07110607364365,-1.6489618650407765,1.9016749779287305,-1.0,-1.0,-1.0,-1.0,0,idle,282.1932697398564,74.12073377380278,273.71785824540365,74.27332885362941,0.12,0.12
1791330770.7225258,271.24393434867665,74.25521814966179,-139.96726777967774,-139.31247632637533,-1.684333350628215,1.959080907540776,-1.0,-1.0,-1.0,-1.0,0,idle,261.04809323591223,68.50083389042152,271.4842533118323,75.84583096763275,0.12,0.12
1791330770.738186,269.53025874938567,76.27504816701614,-140.71055108905833,-139.68787190685399,-1.7136755992910029,2.0198300173543573,-1.0,-1.0,-1.0,-1.0,0,idle,276.3877219720561,71.44055513823433,270.101434925517,77.54440569264946,0.12,0.12
1791330770.755328,267.79441473664593,78.35971301623773,-141.6633289380787,-140.2167665753627,-1.735844012739711,2.084664849221591,-1.0,-1.0,-1.0,-1.0,0,idle,291.5690872617639,75.22933280951938,269.5257657302266,79.40908365525347,0.12,0.12
1791330770.772417,266.0445981657158,80.5138098152304,-142.82184724564516,-140.91234330877046,-1.7498165709301348,2.154096798992673,-1.0,-1.0,-1.0,-1.0,0,idle,245.26136083858725,68.52863073252954,266.650219743261,80.9114529681603,0.12,0.12
1791330770.7894971,264.2899013711955,82.74220475505206,-144.17829806004707,-141.78217419910297,-1.7546967945202805,2.228394939821658,-1.0,-1.0,-1.0,-1.0,0,idle,259.5098907118838,61.555545396364096,264.62624133689786,82.06063278240107,0.12,0.12
1791330770.8060439,262.5401925057088,85.04979590537275,-145.72241789906204,-142.82912547138028,-1.7497088654867567,2.307591150320691,-1.0,-1.0,-1.0,-1.0,0,idle,255.12831992179315,77.26975886238323,262.4891218439302,84.01330067920483,0.12,0.12
1791330770.822973,260.8060024353621,87.44129144268076,-147.44261671356676,-144.05230101405917,-1.7341900703467146,2.3914955373080113,-1.0,-1.0,-1.0,-1.0,0,idle,260.2812906396956,88.676946512771,260.7312497168891,86.51840373132576,0.12,0.12
1791330770.839709,259.09841917131513,89.9210093038115,-149.32676705341527,-145.44792538027215,-1.7075832640469466,2.4797178611307444,-1.0,-1.0,-1.0,-1.0,0,idle,252.82699499952975,100.95108382043145,258.71383288017654,89.59576970385524,0.12,0.12
1791330770.856653,257.4289886129273,92.49270125257108,-151.36274605797198,-147.01012000844182,-1.66943055838784,2.57169194875958,-1.0,-1.0,-1.0,-1.0,0,idle,245.35231000838618,88.57702396979482,256.4597977061186,91.98793976847382,0.12,0.12
1791330770.8744252,255.80962002242433,95.15940228185902,-153.53879722077733,-148.73155721818418,-1.6193685905029742,2.6667010292879287,-1.0,-1.0,-1.0,-1.0,0,idle,278.6257448965896,93.51206797513183,256.0296949046643,94.59751215663026,0.12,0.12
1791330770.8909829,254.25249473419692,97.92330491133814,-155.84376094489397,-150.60399362381244,-1.5571252882274198,2.763902629479126,-1.0,-1.0,-1.0,-1.0,0,idle,245.06105403668678,103.25439853993926,254.00199383744942,97.65606397380087,0.12,0.12
1791330770.9084501,252.76997687684275,100.78565709435362,-158.2672101702763,-152.61869329758278,-1.482517857354157,2.86235218301549,-1.0,-1.0,-1.0,-1.0,0,idle,258.63954994551887,101.00823967370975,252.82547967836643,100.54290733266103,0.12,0.12
1791330770.9259431,251.3745252136536,103.746681974714,-160.79951811797093,-154.76675471318396,-1.395451663189122,2.9610248803603674,-1.0,-1.0,-1.0,-1.0,0,idle,266.11770574703326,112.24712665794858,252.1644119017701,103.94109193526776,0.12,0.12
1791330770.942079,250.07860551631867,106.80551752497566,-163.43187836035463,-157.03935635303188,-1.2959196973349478,3.0588355502616573,-1.0,-1.0,-1.0,-1.0,0,idle,251.58104454564827,120.69751000852123,250.90411982149584,107.68480661167902,0.12,0.12
1791330770.9587252,248.8946031470705,109.96017406985843,-166.15629228746562,-159.42793519455418,-1.184002369248154,3.154656544882762,-1.0,-1.0,-1.0,-1.0,0,idle,239.73956142564788,99.4025450427446,249.2210896509177,110.26761725087091,0.12,0.12
1791330770.976331,247.83473572931646,113.20750778852587,-168.96553513734824,-161.92431089430352,-1.0598674177540615,3.247333718667455,-1.0,-1.0,-1.0,-1.0,0,idle,237.0955865412076,129.52834384782082,247.60794044856584,114.31562061345248,0.12,0.12
1791330770.99295,246.91096594062822,116.54320845084149,-171.85310878319586,-164.52076682246945,-0.9237697886882417,3.3357006623156105,-1.0,-1.0,-1.0,-1.0,0,idle,263.07576668693827,114.81736635577967,247.50375046123062,117.50962352976867,0.12,0.12
1791330771.009711,246.13491457426707,119.96179984107745,-174.8131872034263,-167.2100974153967,-0.7760513663611439,3.418591390235955,-1.0,-1.0,-1.0,-1.0,0,idle,230.03988171268458,121.7673098739043,245.89330822576022,120.97016966769962,0.12,0.12
1791330771.0275352,245.51777409657333,123.45665153345129,-177.84055884181896,-169.98562973760693,-0.6171404776937279,3.494851692373846,-1.0,-1.0,-1.0,-1.0,0,idle,252.1662381001126,126.49017595460153,245.6206712656688,124.56627908979986,0.12,0.12
1791330771.044489,245.07022298687576,127.02000089043871,-180.93056877095412,-172.8412257337701,-0.44755110969756023,3.5633493569874113,-1.0,-1.0,-1.0,-1.0,0,idle,226.67645464211637,132.30933278310593,244.24828688027847,128.3386136636032,0.12,0.12
1791330771.0607371,244.80234119154048,130.64298434600326,-184.07906260793646,-175.77127042193362,-0.26788179533528256,3.6229834555645644,-1.0,-1.0,-1.0,-1.0,0,idle,227.98878504838214,126.46608862710721,243.18082408311514,131.68682169456474,0.12,0.12
1791330771.078906,244.70804742558832,134.3175281526447,-186.3549848138675,-178.53003537620208,-0.09429376595215574,3.6745438066414637,0.0,-1.0,0.0,-1.0,0,idle,241.75417157750766,147.54462940083357,243.01991238018022,135.97052869618756,0.12,0.12
1791330771.0947032,244.7729241204122,138.03730326356316,-188.0078291189332,179.0008041203695,0.06487669482389133,3.7197751109184525,0.0,-1.0,0.0,-1.0,0,idle,263.17401623029474,135.45991814091715,244.08925043276864,139.47878452379655,0.12,0.12
1791330771.11249,244.9789752645302,141.79774544540123,-189.21086946828007,176.8636489579668,0.20605114411800157,3.760442181838081,0.0,-1.0,0.0,-1.0,0,idle,252.5692225197431,155.31867024175637,244.70899762402945,143.8431988824407,0.12,0.12
1791330771.1287198,245.3074418375249,145.59574878512535,-190.08740991418782,175.05712990782112,0.3284665729946967,3.7980033397241275,0.0,-1.0,0.0,-1.0,0,idle,263.50132525566397,164.41411033769023,245.96065724995614,148.4798476279411,0.12,0.12
1791330771.1457129,245.74038619868946,149.429294375924,-190.72631505490074,173.55655964654326,0.4329443611645782,3.8335455907986526,0.0,-1.0,0.0,-1.0,0,idle,254.7110750740523,148.81920146580447,246.8094752842673,152.138683631093,0.12,0.12
1791330771.162953,246.26150398014246,153.29711730278825,-191.19204612831092,172.32665846779537,0.5211177814530105,3.8678229268642474,0.0,-1.0,0.0,-1.0,0,idle,232.21519800234236,160.6830268822917,246.57482331255142,156.24033257417395,0.12,0.12
1791330771.1802912,246.8564610370092,157.19844310766905,-191.53151395568568,171.32912862671054,0.5949570568667562,3.9013258048808024,0.0,-1.0,0.0,-1.0,0,idle,261.8454666025517,151.67986329968932,247.90356468107484,159.71856862508648,0.12,0.12
1791330771.197557,247.51294817843342,161.13279416178125,-191.77890967406245,170.52688156266439,0.6564871414242082,3.9343510541121955,0.0,-1.0,0.0,-1.0,0,idle,240.96012667542828,166.32486557132015,248.18005556514552,163.78651697380474,0.12,0.12
1791330771.214724,248.22057741618823,165.09985504879697,-191.9591698567807,169.88616893537315,0.7076292377548044,3.9670608870157325,0.0,-1.0,0.0,-1.0,0,idle,252.37313854448087,190.46898109130706,249.06195748997936,168.8893480223448,0.12,0.12
1791330771.232095,248.97069793295344,169.09938353721427,-192.0904850238054,169.37745341410584,0.7501205167652025,3.9995284884172864,0.0,-1.0,0.0,-1.0,0,idle,252.29539474151986,165.97252649774447,249.93624384348334,172.54305901011122,0.12,0.12
1791330771.2491698,249.7561799973993,173.13115482434625,-192.18612416551446,168.9755572467245,0.7854820644458506,4.031771287131978,0.0,-1.0,0.0,-1.0,0,idle,240.28328533166567,172.3481775052358,250.19980387911602,176.36349765764285,0.12,0.12
1791330771.265862,250.57119546833195,177.1949290272317,-192.25576481934704,168.65942371464115,0.815015470932638,4.063774202885446,0.0,-1.0,0.0,-1.0,0,idle,247.84003996901984,175.60407332247308,250.85608038099724,180.18611193362554,0.12,0.12
1791330771.281976,251.4110108918239,181.29043429433185,-192.30646369177228,168.4116940178856,0.8398154234919637,4.095505267100164,0.0,-1.0,0.0,-1.0,0,idle,252.86446648114978,173.12506723495537,251.75432433832222,183.7237897024372,0.12,0.12
1791330771.298597,252.27180118834718,185.41735999473872,-192.34336523351837,168.2182181062482,0.8607902965232881,4.126925700406862,0.0,-1.0,0.0,-1.0,0,idle,252.01600444854634,215.68926487975546,252.58515912553054,189.24264287668962,0.12,0.12
1791330771.316258,253.15048698840297,189.57535609585472,-192.37021893509768,168.06756586765556,0.8786858000557964,4.157996101115986,0.0,-1.0,0.0,-1.0,0,idle,255.88682949705986,190.0566836727734,253.58499415416,193.233441212554,0.12,0.12
1791330771.332834,254.04459574927336,193.76403608556734,-192.38975692960076,167.9505733627713,0.8941087608703852,4.1886799897126386,0.0,-1.0,0.0,-1.0,0,idle,258.83485007168514,205.99344804557643,254.69689027286313,197.8506875444321,0.12,0.12
1791330771.3503659,254.95214516109235,197.98298169757177,-192.40396956770095,167.85993985749218,0.9075494118189908,4.218945612004446,0.0,-1.0,0.0,-1.0,0,idle,252.08305599045082,205.75643521180774,255.42837049997055,202.2539732592051,0.12,0.12
1791330771.366715,255.87154655088085,202.23174833385383,-192.41430648266186,167.78988040056856,0.9194013897885169,4.248766636282065,0.0,-1.0,0.0,-1.0,0,idle,266.3343256841163,198.98541189554925,256.84709957947695,206.12687349549026,0.12,0.12
1791330771.384299,256.8015257017753,206.50987051409822,-192.42182325285316,167.73583257071323,0.9299791508944244,4.278122180244383,0.0,-1.0,0.0,-1.0,0,idle,244.9109834221792,193.3789105122405,257.1337739649618,209.55369141755995,0.12,0.12
1791330771.400814,257.74105851327477,210.8168669730851,-192.42728835321964,167.69421286891898,0.9395328114994876,4.306996458986876,0.0,-1.0,0.0,-1.0,0,idle,244.20283438300615,214.9807156300918,257.3797831567885,213.91668926422406,0.12,0.12
1791330771.418245,258.68931910228105,215.152245216477,-192.4312611276865,167.66221686662513,0.9482605890062819,4.335378243391905,0.0,-1.0,0.0,-1.0,0,idle,264.1931075463102,227.1566453226307,258.62129693582057,218.69729639836672,0.12,0.12
1791330771.434628,259.64563819871177,219.5155054643296,-192.43414862004883,167.63765689599109,0.956319096430729,4.363260247852595,0.0,-1.0,0.0,-1.0,0,idle,280.48165962520045,232.92852772444334,260.62281821189873,223.5539552001305,0.12,0.12
1791330771.451425,260.6094699710997,223.9061439829917,-192.43624698544193,167.61883132282216,0.9638317723879365,4.390638518662078,0.0,-1.0,0.0,-1.0,0,idle,266.0430460180774,239.77562732718363,261.8094697859762,228.53614539921213,0.12,0.12
1791330771.46879,261.58036569601535,228.32365584592773,-192.4377716587943,167.60441999078634,0.9708957249156487,4.41751186293603,0.0,-1.0,0.0,-1.0,0,idle,269.08335399557535,213.76719711409547,263.095514935126,231.99433425474552,0.12,0.12
1791330771.48621,262.5579529435144,232.76753718360442,-192.4388793276157,167.5934010949041,0.9775872474990721,4.443881337676682,0.0,-1.0,0.0,-1.0,0,idle,234.21893587636546,244.26386965699373,262.58039386731207,236.82949829565078,0.12,0.12
1791330771.5026429,263.5419191810979,237.2372869895733,-192.43968393201519,167.5849854316301,0.9839662375834806,4.469749805968899,0.0,-1.0,0.0,-1.0,0,idle,259.8054659911548,227.3609820525092,263.37641539920855,240.60233479916414,0.12,0.12
1791330771.520152,264.5319988982859,241.73240854937126,-192.44026831299558,167.5785646259434,0.9900797171879951,4.4951215597979655,0.0,-1.0,0.0,-1.0,0,idle,253.90504113460335,247.21247785643385,263.8434224173069,245.2032074338357,0.12,0.12
1791330771.536674,265.52796352342307,246.25241055420415,-192.44069269085432,167.57367052461265,0.9959646251371355,4.520002004832886,0.0,-1.0,0.0,-1.0,0,idle,274.8882231871742,244.46123910731896,265.34182884968055,249.4601109221011,0.12,0.12
1791330771.5541701,266.5296135460482,250.79680795472223,-192.44100083508772,167.56994345825393,1.001650022625146,4.544397400518066,0.0,-1.0,0.0,-1.0,0,idle,269.91866157323983,262.57468612098074,266.5222380073524,254.43301721253727,0.12,0.12
1791330771.570894,267.5367723751715,255.36512260286395,-192.44122455348486,167.5671075120899,1.0071588291232905,4.568314648141712,0.0,-1.0,0.0,-1.0,0,idle,285.53468435815967,259.21333174540695,268.4296612125599,259.01193185491536,0.12,0.12
1791330771.588076,268.5492815594446,259.95688372252084,-192.44138695768692,167.56495131116824,1.012509184273066,4.5917611196568915,0.0,-1.0,0.0,-1.0,0,idle,264.20022924632997,252.21289828266606,269.18007333930785,263.03415323997694,0.12,0.12
1791330771.604751,269.5669970727374,264.57162824308705,-192.44150483826493,167.56331312763922,1.0177155132928513,4.614744520566225,0.0,-1.0,0.0,-1.0,0,idle,257.68167740693093,252.8323304059263,269.5719832803172,266.9080693928123,0.12,0.12
1791330771.621984,270.58978643103836,269.2089010240053,-192.44159039183765,167.56206936396472,1.022789358300948,4.637272780918217,0.0,-1.0,0.0,-1.0,0,idle,262.76111475720165,267.0558371549018,270.20308974454736,271.3208669227891,0.12,0.12
1791330771.638884,271.61752645652166,273.868254993269,-192.4416524767907,167.56112566502438,1.027740025483289,4.659353969263716,0.0,-1.0,0.0,-1.0,0,idle,283.5878549849063,285.9785601631443,271.84868103077446,276.4801378556074,0.12,0.12
1791330771.656064,272.65010154436806,278.5492512184728,-192.4416975261107,167.56041007181506,1.0325750878464204,4.68099622520386,0.0,-1.0,0.0,-1.0,0,idle,268.33424844439065,275.4601212936386,272.65390573490936,280.8760834414526,0.12,0.12
1791330771.673204,273.6874023194125,283.25145892535517,-192.44173021085658,167.55986775675964,1.0373007750444823,4.702207706882347,0.0,-1.0,0.0,-1.0,0,idle,257.7554391589342,289.9128833579473,272.89441814240286,285.79502075881555,0.12,0.12
1791330771.689863,274.72932459454364,287.9744554757699,-192.44175392231378,167.55945698156287,1.041922275131151,4.722996550414742,0.0,-1.0,0.0,-1.0,0,idle,268.3935768805309,287.3783450731987,273.65920224068384,290.3610336974287,0.12,0.12
1791330771.706676,275.77576856232326,292.71782631456995,-192.4417711223301,167.55914599816845,1.046443967779644,4.743370838800067,0.0,-1.0,0.0,-1.0,0,idle,275.90061051107017,303.5253730076954,274.7653944235938,295.52545295980207,0.12,0.12
1791330771.723351,276.82663816661443,297.4811648928975,-192.44178359783515,167.55891067591435,1.0508696042911854,4.763338578327526,0.0,-1.0,0.0,-1.0,0,idle,258.4507208748567,297.97020362619094,274.9479868702336,300.17286214253267,0.12,0.12
1791330771.739833,277.88184061298233,302.2640725737786,-192.44179264572324,167.55873268693267,1.055202446367926,4.782907680881136,0.0,-1.0,0.0,-1.0,0,idle,274.0808889512541,303.53051206357264,275.9070742983341,304.8845069354217,0.12,0.12
1791330771.757301,278.9412859859703,307.06615852464466,-192.44179920713376,167.5585981200263,1.059445372987954,4.80208595086608,0.0,-1.0,0.0,-1.0,0,idle,289.5072115543561,314.25444531479565,277.5935542654738,309.91498550771314,0.12,0.12
1791330771.773799,280.0048869486162,311.88703960038714,-192.4418039649665,167.55849642295664,1.0636009626459488,4.820881075742454,0.0,-1.0,0.0,-1.0,0,idle,286.1262949114946,295.746063084187,279.0306122122885,313.7863764084922,0.12,0.12
1791330771.79128,281.07255850521386,316.726340219751,-192.44180741468884,167.55841959611868,1.0676715565976378,4.839300619363873,0.0,-1.0,0.0,-1.0,0,idle,294.2244509958576,330.98253016230433,280.8045921302347,319.2435196845785,0.12,0.12
1791330771.807706,282.1442178126899,321.5836922372396,-192.44180991574302,167.55836157841298,1.0716593074760226,4.857352017488525,0.0,-1.0,0.0,-1.0,0,idle,288.1785074810452,324.59786065268645,282.19136423987743,324.125721149598,0.12,0.12
1791330771.824548,283.2197840293471,326.4587348122057,-192.44181172886502,167.5583177798985,1.075566216657268,4.875042574966139,0.0,-1.0,0.0,-1.0,0,idle,297.32379910328143,331.7306459038178,283.969773888872,329.1372578335268,0.12,0.12
1791330771.842006,284.2991781923313,331.35111427641795,-192.4418130431721,167.55828472642483,1.0793941629841741,4.892379464212263,0.0,-1.0,0.0,-1.0,0,idle,269.83423255055675,311.84815375495685,284.2884212767912,332.9205631205999,0.12,0.12
1791330771.8585,285.38232311718895,336.2604840010846,-192.44181399582226,167.55825978961383,1.0831449248576424,4.909369724666651,0.0,-1.0,0.0,-1.0,0,idle,270.4313602158166,334.2119144025562,284.62455590235726,337.6490319231311,0.12,0.12
1791330771.8760152,286.4691433144327,341.1865042640844,-192.441814686281,167.558240981833,1.0868201972437466,4.926020262999815,0.0,-1.0,0.0,-1.0,0,idle,290.9627540603103,339.09131689859987,285.97394499763647,342.40086542175436,0.12,0.12
1791330771.8926451,287.55956491921893,346.12884211796904,-192.44181518667318,167.55822680062,1.0904216047862019,4.942337853884634,0.0,-1.0,0.0,-1.0,0,idle,283.3303254012524,355.4074909214641,286.8776645423642,347.74641765793024,0.12,0.12
1791330771.9096708,288.6535156311568,351.0871712591603,-192.44181554929392,167.55821611070203,1.0939507119378225,4.958329141191244,0.0,-1.0,0.0,-1.0,0,idle,283.64416979219465,334.7880536855504,287.75524298119666,351.80891214344297,0.12,0.12
1791330771.927435,289.7509246619685,356.061171898656,-192.44181581205734,167.5582080545776,1.0974090308116968,4.9740006394957,0.0,-1.0,0.0,-1.0,0,idle,272.23966663546395,332.60251167726994,288.02200274318113,355.5738927276553,0.12,0.12
1791330771.943928,290.8517226892575,361.05053063447406,-192.44181600244906,167.5582019847818,1.10079802728896,4.989358735818058,0.0,-1.0,0.0,-1.0,0,idle,286.91201983139035,362.43054646401123,289.01226172351613,360.65661621350023,0.12,0.12
1791330771.961605,291.9558418150516,366.05494032599904,-192.44181614039306,167.55819741260373,1.1041191257941232,5.004409691524975,0.0,-1.0,0.0,-1.0,0,idle,288.2533537205441,368.93828847108256,290.02322949287196,365.8248890333281,0.12,0.12
1791330771.978562,293.06321552810385,371.07409997034614,-192.4418162403309,167.5581939692782,1.1073737130522376,5.019159644347121,0.0,-1.0,0.0,-1.0,0,idle,284.6611778340937,356.25716793803764,290.8071319373327,370.1147046406933,0.12,0.12
1791330771.994192,294.1737786691719,376.1077145808195,-192.4418163127295,167.55819137663119,1.110563141068028,5.033614610473345,0.0,-1.0,0.0,-1.0,0,idle,310.17366542831206,382.4240450729117,292.8304935958963,375.5121055422539,0.12,0.12
1791330772.0114298,295.2874673986822,381.1554950675121,-192.4418163651745,167.558189424885,1.113688729510355,5.047780486692598,0.0,-1.0,0.0,-1.0,0,idle,291.3964544058544,365.3732879795581,293.816795929429,379.8005561264771,0.12,0.12
1791330772.02847,296.40421916632414,386.2171581200737,-192.44181640316305,167.5581879558846,1.116751767641889,5.061663052561563,0.0,-1.0,0.0,-1.0,0,idle,298.9814388659699,404.65288777197674,295.1359422555159,385.85175260868556,0.12,0.12
1791330772.0455701,297.5239726822248,391.29242609265503,-192.44181643067844,167.55818685042473,1.1197535159006673,5.075267972581324,0.0,-1.0,0.0,-1.0,0,idle,300.7755580845908,383.40273075872875,296.4816888870752,390.55080609014,0.12,0.12
1791330772.0619159,298.6466678894396,396.3810268910255,-192.44181645060695,167.55818601867995,1.1226952072148197,5.088600798370489,0.0,-1.0,0.0,-1.0,0,idle,299.6109274304272,390.9107033640181,297.70471126109686,395.4029717122858,0.12,0.12
1791330772.078891,299.77224593755193,401.48269386185086,-192.44181646503975,167.5581853929791,1.1255780481123636,5.101666970825377,0.0,-1.0,0.0,-1.0,0,idle,295.0461045082962,385.8846977571821,298.64108006916354,399.7736416368147,0.12,0.12
1791330772.09521,300.90064915722513,406.59716568411113,-192.44181647549183,167.5581849223529,1.1284032196732126,5.114471822260267,0.0,-1.0,0.0,-1.0,0,idle,293.44510562186423,405.57332741844573,299.4532644054881,404.9223741570435,0.12,0.12
1791330772.112009,302.0318210355844,411.72418626263374,-192.44181648306073,167.5581845684196,1.1311718783592744,5.127020578522584,0.0,-1.0,0.0,-1.0,0,idle,296.93159336146203,435.3468161558352,300.4017941377281,411.31426580657956,0.12,0.12
1791330772.129014,303.16570619233437,416.863504623713,-192.4418164885415,167.55818430228243,1.1338851567499326,5.139318361079286,0.0,-1.0,0.0,-1.0,0,idle,295.5378363634946,424.8582727710092,301.2357871479289,416.87381859782636,0.12,0.12
1791330772.145971,304.2997206459794,422.0034089363831,-192.44181649247489,167.55818410352515,1.134014453645,5.139904312670094,0.0,-1.0,0.0,0.5,1,braking,312.7513273990447,418.4774176556576,302.88887789144746,421.83690764775446,0.12,0.12
1791330772.1624992,305.43031851933875,427.1278275846491,-192.44181649528156,167.55818395518065,1.1305978733593751,5.124418648265985,0.0,-1.0,0.0,0.5,1,braking,314.1711029897534,442.5083038288057,304.52705712605416,427.7386751726597,0.12,0.12
1791330772.180021,306.55387589234414,432.2203352191329,-192.44181649727696,167.55818384419265,1.1235573730053725,5.092507634483828,0.0,-1.0,0.0,0.5,1,braking,305.68130817037695,419.77011807255536,305.6521491826254,432.1781295704141,0.12,0.12
1791330772.1966028,307.6671480419883,437.26622519176306,-192.44181649869245,167.55818376084724,1.11327214964416,5.045889972630185,0.0,-1.0,0.0,0.5,1,braking,320.9923030269655,439.36297085359973,307.47676541700434,437.33096710857205,0.12,0.12
1791330772.2140548,308.7674678078896,442.25340864576526,-192.44181649969534,167.55818369801185,1.1003197659012827,4.987183454002232,0.0,-1.0,0.0,0.5,1,braking,295.6416310197503,455.1340903460185,307.9303124747479,442.95894755174646,0.12,0.12
1791330772.229949,309.852793334528,447.17263090737134,-192.4418165004055,167.5581836504634,1.08532552663839,4.919222261606082,0.0,-1.0,0.0,0.5,1,braking,313.22784168068284,456.3307093835241,309.2262481853511,448.3007967918611,0.12,0.12
1791330772.2474298,310.921665669952,452.01727930311483,-192.44181650090835,167.55818361436803,1.0688723354240088,4.844648395743494,0.0,-1.0,0.0,0.5,1,braking,307.33011566130307,452.00699966948014,310.14687027780155,453.08852291169836,0.12,0.12
1791330772.263971,311.9729686523553,456.78229484963293,-192.44181650126419,167.5581835869093,1.0513029824032638,4.765015546518092,0.0,-1.0,0.0,0.5,1,braking,290.03780357828157,442.011902192402,310.14015477610866,457.0614566449257,0.12,0.12
1791330772.28059,313.00573301227183,461.4632843500183,-192.44181650151575,167.5581835659935,1.032764359916567,4.680989500385334,0.0,-1.0,0.0,0.5,1,braking,319.2352036031312,475.3480885151448,311.5760333593805,462.42272826380275,0.12,0.12
1791330772.298322,314.0190442003293,466.0561026246807,-192.44181650169338,167.55818355004635,1.013311188057458,4.592818274662443,0.0,-1.0,0.0,0.5,1,steering,322.89701854109944,482.3529469114805,313.10472824712105,467.78241655711594,0.12,0.12
1791330772.315022,315.0140287063618,470.55864239881316,-192.52397864024095,167.53887386537875,0.9949845060324747,4.502539774132437,0.0,-1.0,-1.0,0.0,1,steering,292.46114806597205,477.322970169474,313.0177845187945,472.53685702315966,0.12,0.12
1791330772.331796,315.99518879562913,474.9696291759063,-192.79915992630254,167.45954746006964,0.9811600892673336,4.410986777093138,0.0,-1.0,-1.0,0.0,1,steering,333.5689839834787,496.9092545462538,314.9774465768327,477.94591433755284,0.12,0.12
1791330772.349129,316.9702208613915,479.28800384929536,-193.32021281760223,167.27671480151986,0.9750320657623773,4.318374673389094,0.0,-1.0,-1.0,0.0,1,steering,311.6320429914462,474.0924429404831,315.7364568600376,481.855696707419,0.12,0.12
1791330772.36591,317.9491825006767,483.5126057566119,-194.10363524202904,166.95319852604902,0.9789616392852092,4.224601907316535,0.0,-1.0,-1.0,0.0,1,steering,309.5357144919564,484.49379784092247,316.3564332989545,486.0009735760449,0.12,0.12
1791330772.383163,318.94347928125103,487.64201026884734,-195.14392563478268,166.46177142416173,0.9942967805743252,4.12940451223545,0.0,-1.0,-1.0,0.0,1,steering,321.6642723678199,494.9884805897893,317.5664071939434,490.37328321335576,0.12,0.12
1791330772.400109,319.96490973697934,491.6744536316118,-196.42297547968042,165.78577362760035,1.0214304557283191,4.032443362764477,0.0,-1.0,-1.0,0.0,1,steering,308.0154853364023,494.48121338397226,318.05922003400826,494.40950091651285,0.12,0.12
1791330772.4165661,321.02487373350044,495.6078153374094,-197.91613535539196,164.91817505486813,1.059963996521128,3.9333617057975925,0.0,-1.0,-1.0,0.0,1,steering,315.53362570881666,486.5878554967607,318.9399061144437,497.755112266033,0.12,0.12
1791330772.433511,322.13377591273036,499.439643441596,-199.5960727422859,163.85995505596267,1.1089021792299258,3.8318281041865525,0.0,-1.0,-1.0,0.0,1,steering,331.8839311092609,508.5659039957559,320.640564434453,501.93588855149636,0.12,0.12
1791330772.450488,323.30061796297235,503.1672129216329,-201.43517092942085,162.61830078402946,1.1668420502420171,3.7275694800369115,0.0,-1.0,-1.0,0.0,1,steering,317.91168321335084,503.3096442121181,321.6126203211278,505.5457673405625,0.12,0.12
1791330772.467488,324.53275588714206,506.787607981717,-203.4069665114851,161.20489425565304,1.232137924169718,3.6203950600840926,0.0,-1.0,-1.0,0.0,1,steering,323.2320064341638,492.33791281242156,322.8641206547408,508.32474992123537,0.12,0.12
1791330772.4843872,325.83579218412746,510.2978192252505,-205.4869555059722,159.63441588744533,1.3030362969853853,3.5102112435335324,0.0,-1.0,-1.0,0.0,1,steering,333.24464469964687,480.0259605204194,324.6210313391222,510.24451113255145,0.12,0.12
1791330772.5009978,327.21357259456397,513.6948470321996,-207.6529879521196,157.92330854086273,1.3777804104365148,3.397027806949119,0.0,-1.0,-1.0,0.0,1,steering,314.3076870572466,527.9904562961398,325.41425551494314,514.3589848073326,0.12,0.12
1791330772.518216,328.6682597409495,516.9758035169787,-209.88539829095708,156.08880003397957,1.454687146385545,3.280956484779003,0.0,-1.0,-1.0,0.0,1,steering,326.3570684005359,523.1205591718112,326.843348948289,517.9139721860967,0.12,0.12
1791330772.535041,330.2004599049277,520.1380069460126,-212.16697061872227,154.14815943226085,1.5322001639781788,3.1622034290340197,0.0,-1.0,-1.0,0.0,1,steering,308.0894601475793,505.11854739023624,327.3612446640328,520.2782942038859,0.12,0.12
1791330772.552127,331.809383402001,523.1790642016632,-214.48280549372112,152.1181535607657,1.6089234970733157,3.041057255650523,0.0,-1.0,-1.0,0.0,1,steering,315.40500172153645,522.9965884901496,328.29190983912764,523.3032133110671,0.12,0.12
1791330772.568983,333.4930230505694,526.0969385573359,-216.82013292691443,150.01466883211762,1.683639648568351,2.917874355672681,0.0,-1.0,-1.0,0.0,1,steering,340.58279576095856,508.5890861005057,330.50591180135916,525.339487588428,0.12,0.12
1791330772.585543,335.24833885389955,528.8900015157274,-219.16810105239173,147.85246583384273,1.7553158033301803,2.793062958391433,0.0,-1.0,-1.0,0.0,1,steering,341.694876214521,510.4250290840763,332.7329100351809,527.2471744736823,0.12,0.12
1791330772.60308,337.07144012728725,531.5570686712333,-221.51755954062526,145.64503798484552,1.8231012733876906,2.6670671555059577,0.0,-1.0,-1.0,0.0,1,steering,337.51435253332914,523.170590533119,334.70392836980665,529.5770590743848,0.12,0.12
1791330772.619616,338.9577588935122,534.0974204615152,-223.8608496312551,143.4045498094742,1.886318766224949,2.5403517902818264,0.0,-1.0,-1.0,0.0,1,steering,310.05027332995815,532.7455191841472,335.2632484457279,532.1488162806407,0.12,0.12
1791330772.637129,340.9022104654813,536.510809286274,-226.19160774516536,141.14183444898126,1.944451571969052,2.413388824758819,0.0,-1.0,-1.0,0.0,1,steering,355.04083692707303,544.6088108115267,338.0993568631658,535.0645353907059,0.12,0.12
1791330772.653696,342.8993387851587,538.7974548315439,-228.50458631425414,138.86643371781187,1.9971283196774057,2.2866455452698675,0.0,-1.0,-1.0,0.0,1,steering,326.1394129204144,543.4161871101455,339.3986315697218,537.6544312446842,0.12,0.12
1791330772.6703281,344.9434453512645,540.9580295940195,-230.7954932689158,136.5866672556505,2.044106566105779,2.1605747624756897,0.0,-1.0,-1.0,0.0,1,steering,362.6109135721959,553.1045738206798,342.50114690764593,540.4794843978359,0.12,0.12
1791330772.6870441,347.02870150541247,542.9936366022476,-233.06085021191052,134.3097201308132,2.0852561541480235,2.0356070082280815,0.0,-1.0,-1.0,0.0,1,steering,348.8292620858592,544.7353580825669,344.7985460129972,542.6261047398891,0.12,0.12
1791330772.7038112,349.1492445154191,544.9057812259558,-235.29786844269216,132.04174064429253,2.120543010006671,1.9121446237081607,0.0,-1.0,-1.0,0.0,1,steering,349.7357830470697,533.9359842831516,347.0599237242071,544.008136109575,0.12,0.12
1791330772.7204921,351.2992583483976,546.6963387904285,-237.5043415063492,129.78794209990107,2.150013832978441,1.7905575644727305,0.0,-1.0,-1.0,0.0,1,steering,346.99463690800576,536.3954172463177,349.0991725247266,545.3285298526613,0.12,0.12
1791330772.738249,353.4730403115506,548.3675195007974,-239.67855270333334,127.55270397834084,2.1737819631530337,1.6711807103688188,0.0,-1.0,-1.0,0.0,1,steering,337.05337726038664,535.1299668760531,350.561975626505,546.4062233786813,0.12,0.12
1791330772.755162,355.66505489509007,549.9218319548639,-241.81919592316478,125.33966931560033,2.1920145835394367,1.5543124540666122,0.0,-1.0,-1.0,0.0,1,steering,369.7108166504795,572.9903426475676,353.60183153206617,549.2120261734888,0.12,0.12
1791330772.771192,357.8699762125853,551.362046299284,-243.9253081963757,123.15183617337614,2.204921317495218,1.4402143444200797,0.0,-1.0,-1.0,0.0,1,steering,372.9847738111046,545.6481458624096,356.66565389763855,550.4020357851339,0.12,0.12
1791330772.788182,360.08272042624606,552.6911578736411,-245.99621245196786,120.99164193637299,2.2127442136607534,1.3291115743572044,0.0,-1.0,-1.0,0.0,1,steering,377.5438885567654,545.0060755689497,359.8116726335726,551.394893769964,0.12,0.12
1791330772.8050282,362.2984694896249,553.9123519967349,-248.03146909400775,118.86103981343436,2.215749063378813,1.2211941230937222,0.0,-1.0,-1.0,0.0,1,steering,347.4540886463002,558.8655589969162,361.29875504441884,552.9285614482507,0.12,0.12
1791330772.821673,364.5126874546715,555.0289703825649,-250.03083515168467,116.76156739048481,2.214217965046625,1.1166183858301213,0.0,-1.0,-1.0,0.0,1,idle,380.46975842755967,548.4237170487824,364.36081228037017,553.7641066948158,0.12,0.12
1791330772.8383849,366.7189472585784,556.0497285180815,-251.4301068945267,114.82830616221875,2.2062598039069017,1.0207581355165785,0.0,-1.0,0.0,0.5,1,braking,376.4826537360383,562.398032144344,367.06285116686513,555.165523196033,0.12,0.12
1791330772.855328,368.9099610057161,556.9852956374539,-252.41279949577785,113.1225761542643,2.191013747137707,0.9355671193724315,0.0,-1.0,0.0,0.5,1,braking,353.9912423512318,554.7825619689057,368.49073378586434,556.0351638980804,0.12,0.12
1791330772.872399,371.0781427231065,557.8464233150899,-253.10309571705653,111.66128459473303,2.168181717390401,0.861127677635998,0.0,-1.0,0.0,0.5,1,braking,371.63265441530666,564.6298408269298,370.7076024488573,557.2829690382771,0.12,0.12
1791330772.889377,373.2159535414868,558.6429864683895,-253.5872852901464,110.43574289790695,2.13781081838025,0.7965631532996477,0.0,-1.0,0.0,0.5,1,braking,366.3663639872953,562.3030754443411,372.5214608032405,558.290709354215,0.12,0.12
1791330772.906385,375.3161301019738,559.3835629491836,-253.9261023396541,109.42396606367905,2.100176560487009,0.7405764807940534,0.0,-1.0,0.0,0.5,1,braking,362.5776907813584,557.1941553882237,374.01944003460903,558.9394293126697,0.12,0.12
1791330772.923164,377.37183940798764,560,-254.16251822741967,108.59847070495357,0.0,0.0,0.0,-1.0,0.0,0.5,1,braking,374.68086839287025,548.2033295909806,374.0525114525221,558.4026243265853,0.12,0.12
1791330772.940387,377.3714644605905,559.9998936346663,-254.1623849892295,-74.16238498922954,-0.00037494739711580106,-0.00010636533376169949,0.0,-1.0,0.0,-1.0,0,idle,384.04246126143534,522.8506574390312,374.55165274294046,556.6249249351405,0.12,0.12
1791330772.956864,377.37100798406647,559.9997641409453,-254.16233999621096,-74.16236771397881,-0.00045647652404186403,-0.0001294937208934366,0.0,-1.0,0.0,-1.0,0,idle,382.70957568614847,568.4243839309236,374.959115237403,557.2147748658948,0.12,0.12
1791330772.974004,377.37316371489686,560,-254.16280330086494,105.83712752224095,0.0,0.0,0.0,-1.0,0.0,-1.0,0,idle,362.6705443151308,547.6009262157324,374.3446866912894,556.7340824333867,0.12,0.12
1791330772.9908118,377.3759731673693,560,-254.16317974828317,105.83682025171682,0.0,0.0,0.0,-1.0,0.0,-1.0,0,idle,385.75630585143483,569.6202432138729,374.91526764929665,557.378390472411,0.12,0.12
1791330773.0084229,377.3809125173285,560,-254.16365791826874,105.83634208173129,0.0,0.0,0.0,-1.0,0.0,-1.0,0,idle,387.99135991649933,543.5674815613748,375.5690722626568,556.6878450268591,0.12,0.12
1791330773.024966,377.3881316308379,560,-254.16416284635326,105.83583715364674,0.0,0.0,0.0,-1.0,0.0,-1.0,0,idle,371.80345127185865,557.9283060477305,375.3807912131169,556.7498680779026,0.12,0.12
1791330773.0415628,377.39762765319364,560,-254.1646427149314,105.83535728506862,0.0,0.0,0.0,-1.0,0.0,-1.0,0,idle,380.04402238358693,578.9334489747763,375.61395277164036,557.8590471227463,0.12,0.12
1791330773.059107,377.40930405685043,560,-254.16506902504184,105.83493097495817,0.0,0.0,0.0,-1.0,0.0,-1.0,0,idle,378.55171804255076,559.7106876101037,375.7608410351859,557.9516291471142,0.12,0.12
1791330773.075105,377.4230108040584,560,-254.1654305909665,105.8345694090335,0.0,0.0,0.0,-1.0,0.0,-1.0,0,idle,370.39333973041875,554.5434261362856,375.49246596994755,557.7812189965728,0.12,0.12
1791330773.09169,377.438571239724,560,-254.16572715043054,105.83427284956946,0.0,0.0,0.0,-1.0,0.0,-1.0,0,idle,373.50945427008696,573.1579772413651,375.3933153849545,558.5500569088124,0.12,0.12
1791330773.109289,377.45579971535045,560,-254.16596438287814,105.83403561712186,0.0,0.0,0.0,-1.0,0.0,-1.0,0,idle,392.81267223346845,559.3028167427349,376.2642832273802,558.5876949005085,0.12,0.12
1791330773.1258612,377.4745127869223,560,-254.16615055287582,105.83384944712418,0.0,0.0,0.0,-1.0,0.0,-1.0,0,idle,380.9113205335669,544.9986849630943,376.49663509268953,557.9082444036378,0.12,0.12
1791330773.1420228,377.49453600015397,560,-254.1662944777607,105.83370552223931,0.0,0.0,0.0,-1.0,0.0,-1.0,0,idle,361.50229104040335,559.4168182774586,375.7469178900752,557.9836730973288,0.12,0.12
1791330773.158468,377.51570768332016,560,-254.16640442772675,105.83359557227327,0.0,0.0,0.0,-1.0,0.0,-1.0,0,idle,380.6185419540935,584.025336915714,375.9904990932761,559.2857562882481,0.12,0.12
1791330773.175524,377.5378807444557,560,-254.1664876238386,105.8335123761614,0.0,0.0,0.0,-1.0,0.0,-1.0,0,idle,378.16336637550086,564.1226501263175,376.09914245738736,559.5276009801515,0.12,0.12
1791330773.1922061,377.56092316816597,560,-254.16655008977372,105.83344991022628,0.0,0.0,0.0,-1.0,0.0,-1.0,0,idle,348.78345291840407,554.7566368591923,374.7333579804382,559.2890527741035,0.12,0.12
1791330773.209028,377.584717693152,560,-254.16659669449072,105.83340330550926,0.0,0.0,0.0,-1.0,0.0,-1.0,0,idle,393.33853440105,558.7070978536303,375.6636168014688,559.2599550280798,0.12,0.12
1791330773.225875,377.6091610000165,560,-254.16663128449147,105.83336871550856,0.0,0.0,0.0,-1.0,0.0,-1.0,0,idle,387.67496668339805,567.6351650732007,376.26418429556526,559.6787155303359,0.12,0.12
1791330773.24293,377.63416263213134,560,-254.1666568466055,105.8333431533945,0.0,0.0,0.0,-1.0,0.0,-1.0,0,idle,365.0519995583396,556.9303408029956,375.70357505870396,559.5412967939689,0.12,0.12
1791330773.260066,377.65964379749346,560,-254.1666756694608,105.83332433053923,0.0,0.0,0.0,-1.0,0.0,-1.0,0,idle,380.7777619294645,561.4025884839393,375.957284402242,559.6343613784674,0.12,0.12
1791330773.2766888,377.685536147368,560,-254.16668948842545,105.83331051157457,0.0,0.0,0.0,-1.0,0.0,-1.0,0,idle,355.36878268896334,553.1482875741091,374.92785931657806,559.3100576882495,0.12,0.12
1791330773.294292,377.71178059151714,560,-254.166699608396,105.833300391604,0.0,0.0,0.0,-1.0,0.0,-1.0,0,idle,387.1467043479232,569.5182343504187,375.53880156814535,559.820466521358,0.12,0.12
1791330773.311362,377.73832618521436,560,-254.1667070039744,105.83329299602559,0.0,0.0,0.0,-1.0,0.0,-1.0,0,idle,375.1269403007732,577.6118430029414,375.51820850477674,560.7100353454372,0.12,0.12
1791330773.327851,377.76512910667316,560,-254.16671239907663,105.83328760092336,0.0,0.0,0.0,-1.0,0.0,-1.0,0,idle,368.61583120055076,565.9232403463731,375.17308963956543,560.970695595484,0.12,0.12
1791330773.3447711,377.7921517325668,560,-254.16671632898962,105.83328367101039,0.0,0.0,0.0,-1.0,0.0,-1.0,0,idle,391.44730250832146,564.3368381573754,375.9868002830032,561.1390027235786,0.12,0.12
1791330773.361691,377.8193618122702,560,-254.16671918804815,105.83328081195188,0.0,0.0,0.0,-1.0,0.0,-1.0,0,idle,385.9085740488641,565.0909359811021,376.4828889712963,561.3365993864548,0.12,0.12
1791330773.378378,377.84673173710166,560,-254.16672126585266,105.83327873414737,0.0,0.0,0.0,-1.0,0.0,-1.0,0,idle,382.1612477469716,560.6386676048377,376.76680691008005,561.301702797374,0.12,0.12
1791330773.3953779,377.87423789832525,560,-254.16672277453884,105.83327722546117,0.0,0.0,0.0,-1.0,0.0,-1.0,0,idle,397.46407371832106,581.9504986907259,377.8016702504921,562.3341425920416,0.12,0.12
1791330773.4120371,377.9018601263855,560,-254.16672386916414,105.83327613083588,0.0,0.0,0.0,-1.0,0.0,-1.0,0,idle,382.23854466085265,552.2735587256834,378.0235139710102,561.8311133987237,0.12,0.12
1791330773.428664,377.9295812033717,560,-254.16672466286113,105.83327533713889,0.0,0.0,0.0,-1.0,0.0,-1.0,0,idle,378.58961980502824,553.9863953727604,378.0518192627111,561.4388774974256,0.12,0.12
1791330773.445942,377.9573864407477,560,-254.16672523804814,105.83327476195186,0.0,0.0,0.0,-1.0,0.0,-1.0,0,idle,388.617758530411,572.132509402492,378.5801162260961,561.9735590926789,0.12,0.12
1791330773.462485,377.9852633147399,560,-254.16672565469145,105.83327434530857,0.0,0.0,0.0,-1.0,0.0,-1.0,0,idle,372.2059603741156,574.1329175417317,378.2614084334971,562.5815270151315,0.12,0.12
1791330773.480021,378.01320115231147,560,-254.16672595637453,105.83327404362547,0.0,0.0,0.0,-1.0,0.0,-1.0,0,idle,387.669221836125,556.4406721494317,378.7317991036285,562.2744842718465,0.12,0.12
1791330773.496528,378.04119086127474,560,-254.16672617474526,105.83327382525474,0.0,0.0,0.0,-1.0,0.0,-1.0,0,idle,378.9021846656366,553.7515830858244,378.74031838172886,561.8483392125454,0.12,0.12
1791330773.513143,378.06922469874314,560,-254.16672633276684,105.83327366723319,0.0,0.0,0.0,-1.0,0.0,-1.0,0,idle,363.39645187131475,563.2190035733886,377.9731250562082,561.9168724305875,0.12,0.12
1791330773.529953,378.0972960727675,560,-254.16672644709033,105.8332735529097,0.0,0.0,0.0,-1.0,0.0,-1.0,0,idle,373.015900950878,572.0287769515318,377.72526385094164,562.4224676566348,0.12,0.12
1791330773.546657,378.12539937260783,560,-254.16672652978298,105.83327347021701,0.0,0.0,0.0,-1.0,0.0,-1.0,0,idle,390.21537745415736,549.9047659350667,378.3497695311024,561.7965825705564,0.12,0.12
1791330773.564301,378.15352982365636,560,-254.16672658958615,105.83327341041388,0.0,0.0,0.0,-1.0,0.0,-1.0,0,idle,362.01237197762225,580.6758514838042,377.53289965342844,562.7405460162188,0.12,0.12
1791330773.581155,378.181683363538,560,-254.16672663282938,105.83327336717065,0.0,0.0,0.0,-1.0,0.0,-1.0,0,idle,382.8291955141746,564.7007472946102,377.79771444646576,562.8385560801383,0.12,0.12
1791330773.598418,378.2098565363741,560,-254.16672666409443,105.83327333590559,0.0,0.0,0.0,-1.0,0.0,-1.0,0,idle,383.0805805604195,563.6902877073485,378.06185775216346,562.8811426614989,0.12,0.12
1791330773.6150432,378.2380464026013,560,-254.1667266866968,105.8332733133032,0.0,0.0,0.0,-1.0,0.0,-1.0,0,idle,388.2277424497434,590.0206885627858,378.57015198704244,564.2381199565632,0.12,0.12
1791330773.632193,378.2662504620979,560,-254.16672670303524,105.83327329696476,0.0,0.0,0.0,-1.0,0.0,-1.0,0,idle,383.35529668482496,574.891557089135,378.80940922193156,564.7707918131917,0.12,0.12
1791330773.6493309,378.2944665886818,560,-254.1667267148448,105.83327328515519,0.0,0.0,0.0,-1.0,0.0,-1.0,0,idle,368.4997541288071,553.6642937320819,378.29392646727536,564.2154669091362,0.12,0.12
1791330773.666414,378.32269297431895,560,-254.16672672338032,105.83327327661969,0.0,0.0,0.0,-1.0,0.0,-1.0,0,idle,389.65477809777315,534.2781627473106,378.86196904880023,562.7186017010449,0.12,0.12
1791330773.68341,378.3509280816173,560,-254.16672672954914,105.83327327045085,0.0,0.0,0.0,-1.0,0.0,-1.0,0,idle,398.5218891342121,563.3244807723496,379.84496505307084,562.7488956546101,0.12,0.12
1791330773.700501,378.3791706033869,560,-254.16672673400728,105.83327326599273,0.0,0.0,0.0,-1.0,0.0,-1.0,0,idle,382.23590501371353,547.9050842841542,379.964512051103,562.0067050860873,0.12,0.12
1791330773.7175748,378.4074194282223,560,-254.166726737229,105.833273262771,0.0,0.0,0.0,-1.0,0.0,-1.0,0,idle,354.97729118882546,547.0652610911114,378.7151510079891,561.2596328863385,0.12,0.12
1791330773.733687,378.43567361121643,560,-254.16672673955713,105.83327326044288,0.0,0.0,0.0,-1.0,0.0,-1.0,0,idle,386.2432020057921,558.7011150423008,379.09155355787925,561.1317069941366,0.12,0.12
1791330773.7506812,378.463932349045,560,-254.16672674123947,105.83327325876056,0.0,0.0,0.0,-1.0,0.0,-1.0,0,idle,410.69464457272045,573.5143338379858,380.6717081086213,561.750838336329,0.12,0.12
1791330773.7677171,378.4921949587715,560,-254.16672674245513,105.83327325754486,0.0,0.0,0.0,-1.0,0.0,-1.0,0,idle,379.10780511795457,544.8310532772631,380.593512959088,560.9048490833758,0.12,0.12
1791330773.783724,378.5204608598197,560,-254.16672674333356,105.83327325666647,0.0,0.0,0.0,-1.0,0.0,-1.0,0,idle,377.9032732515252,551.3333467717789,380.45900097370986,560.426273967796,0.12,0.12
1791330773.8014421,378.54872955864204,560,-254.16672674396827,105.83327325603173,0.0,0.0,0.0,-1.0,0.0,-1.0,0,idle,393.7993498023379,557.8806938803687,381.1260184151413,560.2989949634245,0.12,0.12
1791330773.818332,378.5770006356812,560,-254.16672674442688,105.83327325557312,0.0,0.0,0.0,-1.0,0.0,-1.0,0,idle,389.3519531327827,554.4229353747319,381.53731515102334,560.0051919839899,0.12,0.12
1791330773.8349838,378.60527373428334,560,-254.16672674475825,105.83327325524174,0.0,0.0,0.0,-1.0,0.0,-1.0,0,idle,362.728214327521,578.5004986617334,380.5968601098482,560.9299573178771,0.12,0.12
1791330773.8515399,378.6335485512708,560,-254.16672674499767,105.83327325500235,0.0,0.0,0.0,-1.0,0.0,-1.0,0,idle,383.2819184362743,564.9413590100069,380.7311130261695,561.1305274024836,0.12,0.12
1791330773.8690078,378.66182482892685,560,-254.16672674517068,105.83327325482934,0.0,0.0,0.0,-1.0,0.0,-1.0,0,idle,393.8681057959863,561.6927883435951,381.38796266466034,561.1586404495392,0.12,0.12
1791330773.8855228,378.69010234818086,560,-254.16672674529568,105.83327325470435,0.0,0.0,0.0,-1.0,0.0,-1.0,0,idle,366.4045230999975,548.5531926602691,380.63879068642717,560.5283680600758,0.12,0.12
1791330773.9031098,378.71838092281456,560,-254.166726745386,105.83327325461403,0.0,0.0,0.0,-1.0,0.0,-1.0,0,idle,377.13918880222695,546.7068840693638,380.46381059221716,559.8372938605402,0.12,0.12
1791330773.9198148,378.7466603945365,560,-254.16672674545126,105.83327325454873,0.0,0.0,0.0,-1.0,0.0,-1.0,0,idle,366.20558849164775,559.6668271315746,379.7508994871887,559.8287705240919,0.12,0.12
1791330773.936615,378.77494062879464,560,-254.1667267454984,105.8332732545016,0.0,0.0,0.0,-1.0,0.0,-1.0,0,idle,394.88341142397314,556.4738348686419,380.5075250840279,559.6610237413194,0.12,0.12
1791330773.954101,378.80322151121663,560,-254.1667267455325,105.83327325446751,0.0,0.0,0.0,-1.0,0.0,-1.0,0,idle,375.57284864317927,542.7676428671301,380.2607912619855,558.8163546976099,0.12,0.12
1791330773.971312,378.8315029445837,560,-254.1667267455571,105.83327325444289,0.0,0.0,0.0,-1.0,0.0,-1.0,0,idle,399.81082158195954,538.7417314280731,381.2382927779842,557.8126235341331,0.12,0.12
1791330773.988053,378.8597848462583,560,-254.1667267455749,105.83327325442512,0.0,0.0,0.0,-1.0,0.0,-1.0,0,idle,369.6215711871488,563.600817781311,380.65745669844245,558.1020332464919,0.12,0.12
1791330774.0050821,378.8880671459974,560,-254.16672674558774,105.83327325441225,0.0,0.0,0.0,-1.0,0.0,-1.0,0,idle,386.7192251763763,549.1344055192994,380.9605451223391,557.6536518601323,0.12,0.12
1791330774.022175,378.9163497840935,560,-254.16672674559703,105.83327325440298,0.0,0.0,0.0,-1.0,0.0,-1.0,0,idle,366.02291090092893,563.8423996263786,380.2136634112686,557.9630892484446,0.12,0.12
1791330774.039366,378.94463270979463,560,-254.16672674560374,105.83327325439627,0.0,0.0,0.0,-1.0,0.0,-1.0,0,idle,360.72374966895313,553.9615375883155,379.2391677241528,557.7630116654382,0.12,0.12
1791330774.05653,378.9729158799612,560,-254.16672674560857,105.83327325439143,0.0,0.0,0.0,-1.0,0.0,-1.0,0,idle,389.60781906342226,562.2419791385869,379.7576002911163,557.9869600390956,0.12,0.12
1791330774.0734699,379.0011992579242,560,-254.16672674561207,105.83327325438792,0.0,0.0,0.0,-1.0,0.0,-1.0,0,idle,398.81039838612753,539.6954818423711,380.7102401958669,557.0723861292594,0.12,0.12
1791330774.090548,379.0294828125148,560,-254.1667267456146,105.83327325438543,0.0,0.0,0.0,-1.0,0.0,-1.0,0,idle,386.02450955576836,548.8319588330039,380.97595366386196,556.6603647644466,0.12,0.12
1791330774.106713,379.05776651723926,560,-254.16672674561642,105.8332732543836,0.0,0.0,0.0,-1.0,0.0,-1.0,0,idle,374.5066478577052,580.9814512464699,380.6524883735541,557.8764190885478,0.12,0.12
1791330774.1234062,379.0860503495779,560,-254.16672674561772,105.83327325438228,0.0,0.0,0.0,-1.0,0.0,-1.0,0,idle,399.99826526342645,557.6581158071533,381.6197772180477,557.865503924478,0.12,0.12
1791330774.140646,379.1143342903887,560,-254.1667267456187,105.83327325438131,0.0,0.0,0.0,-1.0,0.0,-1.0,0,idle,367.6607055559969,544.8103844696001,380.92182363494516,557.2127479517342,0.12,0.12
1791330774.156798,379.14261832340105,560,-254.16672674561937,105.83327325438064,0.0,0.0,0.0,-1.0,0.0,-1.0,0,idle,367.2606521081764,565.6642368404554,380.2387650586067,557.6353223961702,0.12,0.12
1791330774.173994,379.17090243478486,560,-254.16672674561988,105.83327325438013,0.0,0.0,0.0,-1.0,0.0,-1.0,0,idle,381.72142885055445,567.982067772255,380.3128982482041,558.1526596649744,0.12,0.12
1791330774.191107,379.19918661278444,560,-254.16672674562025,105.83327325437973,0.0,0.0,0.0,-1.0,0.0,-1.0,0,idle,408.70236725650545,537.0722950989285,381.73237169861915,557.0986414366721,0.12,0.12
1791330774.2082958,379.2274708474075,560,-254.1667267456205,105.83327325437948,0.0,0.0,0.0,-1.0,0.0,-1.0,0,idle,390.5835388453062,553.792862055041,382.1749300559535,556.9333524675906,0.12,0.12
1791330774.225185,379.25575513016065,560,-254.1667267456207,105.83327325437932,0.0,0.0,0.0,-1.0,0.0,-1.0,0,idle,379.61570589163915,527.3560664497612,382.0469688477378,555.4544881666991,0.12,0.12
1791330774.2417972,379.28403945382433,560,-254.16672674562085,105.83327325437916,0.0,0.0,0.0,-1.0,0.0,-1.0,0,idle,370.81020908920885,537.2664507845583,381.48513085981136,554.5450862975921,0.12,0.12
1791330774.259383,379.312323812262,560,-254.16672674562093,105.83327325437907,0.0,0.0,0.0,-1.0,0.0,-1.0,0,idle,372.96246970025095,553.2981957961954,381.05899780183336,554.4827417725222,0.12,0.12
1791330774.275947,379.3406082002575,560,-254.166726745621,105.83327325437902,0.0,0.0,0.0,-1.0,0.0,-1.0,0,idle,365.3273889811777,563.1584119599368,380.27241736080055,554.916525281893,0.12,0.12
1791330774.292545,379.3688926133773,560,-254.16672674562105,105.83327325437897,0.0,0.0,0.0,-1.0,0.0,-1.0,0,idle,366.0434541565009,564.8107793532562,379.5609692005856,555.4112379854612,0.12,0.12
1791330774.310038,379.39717704785267,560,-254.16672674562108,105.83327325437891,0.0,0.0,0.0,-1.0,0.0,-1.0,0,idle,393.5379972561091,549.2385747971719,380.2598206033618,555.1026048260467,0.12,0.12
1791330774.327418,379.4254615004803,560,-254.1667267456211,105.83327325437891,0.0,0.0,0.0,-1.0,0.0,-1.0,0,idle,389.1308412872815,531.1881528842142,380.7033716375578,553.906882228955,0.12,0.12
1791330774.344815,379.4537459685374,560,-254.16672674562113,105.83327325437887,0.0,0.0,0.0,-1.0,0.0,-1.0,0,idle,387.4021196429698,557.7086412588064,381.03830903782836,554.0969701804477,0.12,0.12
1791330774.362328,379.48203044970955,560,-254.16672674562113,105.83327325437887,0.0,0.0,0.0,-1.0,0.0,-1.0,0,idle,378.495093374699,554.2395567197888,380.9111482546719,554.1040995074147,0.12,0.12
1791330774.378807,379.5103149420295,560,-254.16672674562113,105.83327325437887,0.0,0.0,0.0,-1.0,0.0,-1.0,0,idle,384.1344476661804,558.5881083335306,381.07231322524734,554.3282999487205,0.12,0.12
1791330774.396312,379.538599443825,560,-254.16672674562113,105.83327325437887,0.0,0.0,0.0,-1.0,0.0,-1.0,0,idle,383.20884276942314,561.5789431707278,381.17913970245615,554.6908321098209,0.12,0.12
1791330774.412809,379.56688395367473,560,-254.16672674562113,105.83327325437887,0.0,0.0,0.0,-1.0,0.0,-1.0,0,idle,382.6816516615412,547.2497828944116,381.2542653004104,554.3187796490505,0.12,0.12
1791330774.4303958,379.59516847037065,560,-254.16672674562113,105.83327325437887,0.0,0.0,0.0,-1.0,0.0,-1.0,0,idle,379.0722897593327,561.1598612291847,381.1451665233565,554.6608337280572,0.12,0.12
1791330774.446995,379.62345299288575,560,-254.16672674562113,105.83327325437887,0.0,0.0,0.0,-1.0,0.0,-1.0,0,idle,385.21770600544534,561.6111346979029,381.348793497461,555.0083487765495,0.12,0.12
1791330774.463978,379.6517375203472,560,-254.16672674562113,105.83327325437887,0.0,0.0,0.0,-1.0,0.0,-1.0,0,idle,390.71971790101674,574.8235877664209,381.8173397176388,555.9991107260431,0.12,0.12
1791330774.480924,379.680022052013,560,-254.16672674562113,105.83327325437887,0.0,0.0,0.0,-1.0,0.0,-1.0,0,idle,362.39435474273125,547.8299013308421,380.8461904688934,555.5906502562831,0.12,0.12
1791330774.4976819,379.70830658725254,560,-254.16672674562113,105.83327325437887,0.0,0.0,0.0,-1.0,0.0,-1.0,0,idle,380.89151569747474,564.5224790091382,380.8484567303224,556.0372416939258,0.12,0.12
1791330774.515628,379.73659112552974,560,-254.16672674562113,105.83327325437887,0.0,0.0,0.0,-1.0,0.0,-1.0,0,idle,392.318514398935,555.0959863416857,381.4219596137531,555.9901789263138,0.12,0.12
1791330774.531873,379.76487566638895,560,-254.16672674562113,105.83327325437887,0.0,0.0,0.0,-1.0,0.0,-1.0,0,idle,384.09297863870626,568.3485714265602,381.55551056500076,556.6080985513261,0.12,0.12
1791330774.549021,379.7931602094429,560,-254.16672674562113,105.83327325437887,0.0,0.0,0.0,-1.0,0.0,-1.0,0,idle,384.5090719398872,558.7334853505722,381.70318863374507,556.7143678912884,0.12,0.12
1791330774.565699,379.82144475436235,560,-254.16672674562113,105.83327325437887,0.0,0.0,0.0,-1.0,0.0,-1.0,0,idle,369.6005706526781,571.6157128990616,381.09805773469174,557.459435141677,0.12,0.12
1791330774.58192,379.84972930086747,560,-254.16672674562113,105.83327325437887,0.0,0.0,0.0,-1.0,0.0,-1.0,0,idle,369.4122793538999,570.0385461020536,380.51376881565216,558.0883906896958,0.12,0.12
1791330774.599034,379.8780138487204,560,-254.16672674562113,105.83327325437887,0.0,0.0,0.0,-1.0,0.0,-1.0,0,idle,374.3920737015485,540.4423571523294,380.207684059947,557.2060890128274,0.12,0.12
1791330774.615792,379.906298397719,560,-254.16672674562113,105.83327325437887,0.0,0.0,0.0,-1.0,0.0,-1.0,0,idle,376.99259613569365,545.6873503663654,380.0469296637343,556.6301520805043,0.12,0.12
1791330774.632589,379.9345829476914,560,-254.16672674562113,105.83327325437887,0.0,0.0,0.0,-1.0,0.0,-1.0,0,idle,386.2665232792395,545.6723638420891,380.35790934450955,556.0822626685836,0.12,0.12
1791330774.649635,379.96286749849156,560,-254.16672674562113,105.83327325437887,0.0,0.0,0.0,-1.0,0.0,-1.0,0,idle,383.38736571595507,568.1717403404363,380.50938216308185,556.6867365521762,0.12,0.12
1791330774.665588,379.99115204999526,560,-254.16672674562113,105.83327325437887,0.0,0.0,0.0,-1.0,0.0,-1.0,0,idle,389.99463661313416,569.4679693294627,380.98364488558445,557.3257981910405,0.12,0.12
1791330774.6819851,380.019436602097,560,-254.16672674562113,105.83327325437887,0.0,0.0,0.0,-1.0,0.0,-1.0,0,idle,363.0275548042442,562.2490203819063,380.0858403815174,557.5719593005838,0.12,0.12
1791330774.6986282,380.0477211547071,560,-254.16672674562113,105.83327325437887,0.0,0.0,0.0,-1.0,0.0,-1.0,0,idle,361.84053872515807,549.1549050216393,379.17357529869946,557.1511065866366,0.12,0.12
1791330774.716193,380.0760057077493,560,-254.16672674562113,105.83327325437887,0.0,0.0,0.0,-1.0,0.0,-1.0,0,idle,392.64861041145633,556.7392114271597,379.8473270543373,557.1305118286627,0.12,0.12
1791330774.732665,380.1042902611587,560,-254.16672674562113,105.83327325437887,0.0,0.0,0.0,-1.0,0.0,-1.0,0,idle,371.27342489162265,563.0471191566821,379.4186319462016,557.4263421950637,0.12,0.12
1791330774.750175,380.13257481488034,560,-254.16672674562113,105.83327325437887,0.0,0.0,0.0,-1.0,0.0,-1.0,0,idle,396.0647025398537,571.8844296350536,380.2509354758842,558.1492465670632,0.12,0.12
1791330774.766725,380.1608593688673,560,-254.16672674562113,105.83327325437887,0.0,0.0,0.0,-1.0,0.0,-1.0,0,idle,388.1002213719065,571.240500379806,380.64339977068533,558.8038092577003,0.12,0.12
1791330774.784338,380.1891439230798,560,-254.16672674562113,105.83327325437887,0.0,0.0,0.0,-1.0,0.0,-1.0,0,idle,367.5246799535261,549.5663767480295,379.98746377982735,558.3419376322167,0.12,0.12
1791330774.801116,380.2174284774841,560,-254.16672674562113,105.83327325437887,0.0,0.0,0.0,-1.0,0.0,-1.0,0,idle,389.6082879217445,562.4475552855265,380.4685049869232,558.5472185148823,0.12,0.12
1791330774.816763,380.2457130320513,560,-254.16672674562113,105.83327325437887,0.0,0.0,0.0,-1.0,0.0,-1.0,0,idle,377.3419136232487,567.0818606935052,380.3121754187395,558.9739506238134,0.12,0.12
1791330774.834089,380.27399758675705,560,-254.16672674562113,105.83327325437887,0.0,0.0,0.0,-1.0,0.0,-1.0,0,idle,378.056686212163,554.0091809529533,380.1994009584107,558.7257121402704,0.12,0.12
1791330774.8503392,380.3022821415805,560,-254.16672674562113,105.83327325437887,0.0,0.0,0.0,-1.0,0.0,-1.0,0,idle,374.55118426076297,553.5835846675006,379.9169901235283,558.4686057666319,0.12,0.12
1791330774.8672462,380.3305666965041,560,-254.16672674562113,105.83327325437887,0.0,0.0,0.0,-1.0,0.0,-1.0,0,idle,394.9574199717494,561.1610977327188,380.6690116159394,558.6032303649362,0.12,0.12
1791330774.883992,380.3588512515127,560,-254.16672674562113,105.83327325437887,0.0,0.0,0.0,-1.0,0.0,-1.0,0,idle,380.2633004455435,556.0139951648074,380.6487260574196,558.4737686049298,0.12,0.12
1791330774.901129,380.3871358065936,560,-254.16672674562113,105.83327325437887,0.0,0.0,0.0,-1.0,0.0,-1.0,0,idle,379.474689347138,568.4301988008085,380.59002422190554,558.9715901147238,0.12,0.12
1791330774.918402,380.415420361736,560,-254.16672674562113,105.83327325437887,0.0,0.0,0.0,-1.0,0.0,-1.0,0,idle,388.2673708623409,551.867422244357,380.97389155392733,558.6163817212055,0.12,0.12
1791330774.935047,380.4437049169306,560,-254.16672674562113,105.83327325437887,0.0,0.0,0.0,-1.0,0.0,-1.0,0,idle,380.3838964119093,565.7320118621925,380.94439179682644,558.9721632282548,0.12,0.12
1791330774.95169,380.4719894721696,560,-254.16672674562113,105.83327325437887,0.0,0.0,0.0,-1.0,0.0,-1.0,0,idle,402.71958138119567,562.8896750612589,382.0331512760449,559.168038819905,0.12,0.12
1791330774.968689,380.5002740274463,560,-254.16672674562113,105.83327325437887,0.0,0.0,0.0,-1.0,0.0,-1.0,0,idle,383.70389690259054,555.0901889485824,382.1166885573722,558.9641463263388,0.12,0.12
1791330774.985764,380.5285585827552,560,-254.16672674562113,105.83327325437887,0.0,0.0,0.0,-1.0,0.0,-1.0,0,idle,392.41265580789076,570.1408340853683,382.6314869198981,559.5229807142903,0.12,0.12
1791330775.002816,380.5568431380913,560,-254.16672674562113,105.83327325437887,0.0,0.0,0.0,-1.0,0.0,-1.0,0,idle,370.74439689213824,575.8776969198547,382.0371324185101,560.3407165245685,0.12,0.12
1791330775.0191512,380.5851276934506,560,-254.16672674562113,105.83327325437887,0.0,0.0,0.0,-1.0,0.0,-1.0,0,idle,380.95316663888093,566.7343706851098,381.98293412952864,560.6603992325955,0.12,0.12
1791330775.036215,380.6134122488296,560,-254.16672674562113,105.83327325437887,0.0,0.0,0.0,-1.0,0.0,-1.0,0,idle,382.1786100353924,564.3613457649058,381.9927179248218,560.845446559211,0.12,0.12
1791330775.053272,380.6416968042254,560,-254.16672674562113,105.83327325437887,0.0,0.0,0.0,-1.0,0.0,-1.0,0,idle,369.9519237805786,568.5644347930004,381.39067821760966,561.2313959709005,0.12,0.12
1791330775.070317,380.66998135963536,560,-254.16672674562113,105.83327325437887,0.0,0.0,0.0,-1.0,0.0,-1.0,0,idle,376.8004829381219,560.0893949615986,381.1611684536353,561.1742959204354,0.12,0.12
1791330775.087488,380.69826591505745,560,-254.16672674562113,105.83327325437887,0.0,0.0,0.0,-1.0,0.0,-1.0,0,idle,365.598743389749,563.5809002254836,380.38304720044096,561.2946261356878,0.12,0.12
1791330775.103727,380.7265504704898,560,-254.16672674562113,105.83327325437887,0.0,0.0,0.0,-1.0,0.0,-1.0,0,idle,375.88172691841214,547.6411364235177,380.1579811863395,560.6119516500794,0.12,0.12
1791330775.120938,380.75483502593096,560,-254.16672674562113,105.83327325437887,0.0,0.0,0.0,-1.0,0.0,-1.0,0,idle,374.0066015188736,541.6627038344836,379.8504122029662,559.6644892592996,0.12,0.12
1791330775.1375191,380.7831195813795,560,-254.16672674562113,105.83327325437887,0.0,0.0,0.0,-1.0,0.0,-1.0,0,idle,357.29722396189084,537.6173924336579,378.7227527909124,558.5621344180174,0.12,0.12
1791330775.1550012,380.81140413683437,560,-254.16672674562113,105.83327325437887,0.0,0.0,0.0,-1.0,0.0,-1.0,0,idle,392.6196707559041,547.8368832919425,379.417598689162,558.0258718617137,0.12,0.12
1791330775.171513,380.8396886922946,560,-254.16672674562113,105.83327325437887,0.0,0.0,0.0,-1.0,0.0,-1.0,0,idle,390.00026909471205,554.9480320621864,379.9467322094395,557.8719798717373,0.12,0.12
1791330775.189064,380.8679732477594,560,-254.16672674562113,105.83327325437887,0.0,0.0,0.0,-1.0,0.0,-1.0,0,idle,378.29383958307847,550.2086381060205,379.8640875781215,557.4888127834514,0.12,0.12
1791330775.2056682,380.896257803228,560,-254.16672674562113,105.83327325437887,0.0,0.0,0.0,-1.0,0.0,-1.0,0,idle,379.5764644922503,565.9017831726879,379.8497064238279,557.9094613029132,0.12,0.12
1791330775.223414,380.92454235869997,560,-254.16672674562113,105.83327325437887,0.0,0.0,0.0,-1.0,0.0,-1.0,0,idle,366.60217775040064,539.6197352375649,379.18732999015657,556.9949749996458,0.12,0.12
1791330775.239916,380.95282691417475,560,-254.16672674562113,105.83327325437887,0.0,0.0,0.0,-1.0,0.0,-1.0,0,idle,374.35662274215815,553.4075636374891,378.94579462775664,556.815604431538,0.12,0.12
1791330775.256641,380.9811114696519,560,-254.16672674562113,105.83327325437887,0.0,0.0,0.0,-1.0,0.0,-1.0,0,idle,390.98492849273555,574.0542547718004,379.5477513210056,557.677536948551,0.12,0.12
1791330775.274198,381.0093960251311,560,-254.16672674562113,105.83327325437887,0.0,0.0,0.0,-1.0,0.0,-1.0,0,idle,356.2753071255607,573.8798303202818,378.38412911123334,558.4876516171375,0.12,0.12
1791330775.2907379,381.037680580612,560,-254.16672674562113,105.83327325437887,0.0,0.0,0.0,-1.0,0.0,-1.0,0,idle,370.53510474013166,561.2799252569259,377.99167789267824,558.627265299127,0.12,0.12
1791330775.308206,381.06596513609435,560,-254.16672674562113,105.83327325437887,0.0,0.0,0.0,-1.0,0.0,-1.0,0,idle,400.58665114048506,563.322618871932,379.1214265550686,558.8620329777673,0.12,0.12
1791330775.324631,381.09424969157794,560,-254.16672674562113,105.83327325437887,0.0,0.0,0.0,-1.0,0.0,-1.0,0,idle,398.737567272516,557.002601045467,380.10223359094095,558.7690613811523,0.12,0.12
1791330775.3420858,381.1225342470626,560,-254.16672674562113,105.83327325437887,0.0,0.0,0.0,-1.0,0.0,-1.0,0,idle,381.4260959757269,575.5658230066852,380.16842671018026,559.6088994624289,0.12,0.12
1791330775.358571,381.1508188025482,560,-254.16672674562113,105.83327325437887,0.0,0.0,0.0,-1.0,0.0,-1.0,0,idle,379.43227996694264,570.1250252761544,380.1316193730184,560.1347057531152,0.12,0.12
1791330775.3759959,381.1791033580345,560,-254.16672674562113,105.83327325437887,0.0,0.0,0.0,-1.0,0.0,-1.0,0,idle,388.0167046140669,562.3076973224256,380.5258736350708,560.2433553315807,0.12,0.12
1791330775.392533,381.2073879135215,560,-254.16672674562113,105.83327325437887,0.0,0.0,0.0,-1.0,0.0,-1.0,0,idle,373.65825255502557,560.7072886803038,380.1824925810686,560.2665519990169,0.12,0.12
1791330775.4103072,381.235672469009,560,-254.16672674562113,105.83327325437887,0.0,0.0,0.0,-1.0,0.0,-1.0,0,idle,383.96107395784287,549.8619687866626,380.3714216499073,559.7463228383991,0.12,0.12
1791330775.4261508,381.26395702449696,560,-254.16672674562113,105.83327325437887,0.0,0.0,0.0,-1.0,0.0,-1.0,0,idle,390.8054341767947,560.3776017164159,380.8931222762517,559.7778867823,0.12,0.12
1791330775.4425511,381.29224157998533,560,-254.16672674562113,105.83327325437887,0.0,0.0,0.0,-1.0,0.0,-1.0,0,idle,388.9442211315546,534.1181851799969,381.29567721901685,558.4949017021848,0.12,0.12
1791330775.459262,381.32052613547404,560,-254.16672674562113,105.83327325437887,0.0,0.0,0.0,-1.0,0.0,-1.0,0,idle,369.1721641212835,535.8858695631752,380.6895015641302,557.3644500952344,0.12,0.12
1791330775.476127,381.34881069096303,560,-254.16672674562113,105.83327325437887,0.0,0.0,0.0,-1.0,0.0,-1.0,0,idle,387.23036693439565,542.3754540774837,381.01654483264343,556.6150002943468,0.12,0.12
1791330775.49299,381.3770952464523,560,-254.16672674562113,105.83327325437887,0.0,0.0,0.0,-1.0,0.0,-1.0,0,idle,369.89782250975423,574.0551286582103,380.460608716499,557.48700671254,0.12,0.12
1791330775.5105448,381.3975308377933,560,-254.16672674562113,105.83327325437887,0.0,0.0,0.0,0.0,0.0,0.0,0,idle,408.40278325605476,556.6630165026255,381.85771744347676,557.4458072020443,0.12,0.12
1791330775.5272498,381.41229555253716,560,-254.16672674562113,105.83327325437887,0.0,0.0,0.0,0.0,0.0,0.0,0,idle,389.8081824534164,552.1846492121736,382.25524069397375,557.1827493025507,0.12,0.12
1791330775.5441651,381.4229630589396,560,-254.16672674562113,105.83327325437887,0.0,0.0,0.0,0.0,0.0,0.0,0,idle,348.4263353035191,556.4900350661482,380.56379542445103,557.1481135907306,0.12,0.12
1791330775.559722,381.4306703323154,560,-254.16672674562113,105.83327325437887,0.0,0.0,0.0,0.0,0.0,0.0,0,idle,382.11284100237816,566.8477456616121,380.6412477033474,557.6330951942747,0.12,0.12
1791330775.576428,381.43623883732937,560,-254.16672674562113,105.83327325437887,0.0,0.0,0.0,0.0,0.0,0.0,0,idle,395.9985001599091,562.7762273300282,381.4091103261755,557.8902518010624,0.12,0.12
1791330775.592777,381.44026208220197,560,-254.16672674562113,105.83327325437887,0.0,0.0,0.0,0.0,0.0,0.0,0,idle,372.9076789410975,557.7339429750436,380.9840387569216,557.8824363597614,0.12,0.12
1791330775.609667,381.44316887662245,560,-254.16672674562113,105.83327325437887,0.0,0.0,0.0,0.0,0.0,0.0,0,idle,377.1201921876415,557.599347180885,380.7908464284576,557.8682819008176,0.12,0.12
1791330775.626325,381.44526903559125,560,-254.16672674562113,105.83327325437887,0.0,0.0,0.0,0.0,0.0,0.0,0,idle,364.1571089120951,555.3363587156382,379.95915955263945,557.7416857415586,0.12,0.12
1791330775.643011,381.4467864004462,560,-254.16672674562113,105.83327325437887,0.0,0.0,0.0,0.0,0.0,0.0,0,idle,376.3765304373148,554.1681170933352,379.7800280968732,557.5630073091475,0.12,0.12
1791330775.659789,381.44788269655385,560,-254.16672674562113,105.83327325437887,0.0,0.0,0.0,0.0,0.0,0.0,0,idle,378.9783776620553,560.730895754151,379.7399455751323,557.7214017313976,0.12,0.12
1791330775.6773992,381.44867477049166,560,-254.16672674562113,105.83327325437887,0.0,0.0,0.0,0.0,0.0,0.0,0,idle,393.61786526693703,565.246365679207,380.43384155972257,558.0976499287881,0.12,0.12
1791330775.694135,381.4492470439117,560,-254.16672674562113,105.83327325437887,0.0,0.0,0.0,0.0,0.0,0.0,0,idle,388.47465024819246,560.711314018343,380.83588199414606,558.2283331332658,0.12,0.12
1791330775.710885,381.44966051145775,560,-254.16672674562113,105.83327325437887,0.0,0.0,0.0,0.0,0.0,0.0,0,idle,383.25886185913754,555.7843687279905,380.9570309873956,558.106134913002,0.12,0.12
1791330775.7278578,381.44995924175976,560,-254.16672674562113,105.83327325437887,0.0,0.0,0.0,0.0,0.0,0.0,0,idle,370.06081124564605,549.6590879615907,380.41222000030814,557.6837825654314,0.12,0.12
1791330775.744886,381.4501750744029,560,-254.16672674562113,105.83327325437887,0.0,0.0,0.0,0.0,0.0,0.0,0,idle,383.34222963542163,581.6193367565287,380.5587204820638,558.8805602749864,0.12,0.12
1791330775.762039,381.45033101348764,560,-254.16672674562113,105.83327325437887,0.0,0.0,0.0,0.0,0.0,0.0,0,idle,386.5310865555567,541.4019822233981,380.8573387857384,558.0066313724069,0.12,0.12
1791330775.779119,381.45044367947634,560,-254.16672674562113,105.83327325437887,0.0,0.0,0.0,0.0,0.0,0.0,0,idle,377.79446148769705,577.7344895317311,380.70419492083636,558.9930242803731,0.12,0.12
1791330775.796196,381.45052508065316,560,-254.16672674562113,105.83327325437887,0.0,0.0,0.0,0.0,0.0,0.0,0,idle,377.17773397201273,574.3543959863223,380.52787187339516,559.7610928656705,0.12,0.12
1791330775.813374,381.45058389300345,560,-254.16672674562113,105.83327325437887,0.0,0.0,0.0,0.0,0.0,0.0,0,idle,399.7558553375123,544.0295603139862,381.489271046601,558.9745162380864,0.12,0.12
1791330775.830425,381.4506263849265,560,-254.16672674562113,105.83327325437887,0.0,0.0,0.0,0.0,0.0,0.0,0,idle,381.3837269381,569.046874186678,381.48399384117596,559.4781341355159,0.12,0.12
1791330775.847533,381.45065708534094,560,-254.16672674562113,105.83327325437887,0.0,0.0,0.0,0.0,0.0,0.0,0,idle,398.55818030903094,546.38787243466,382.3377031645687,558.8236210504731,0.12,0.12
1791330775.8645859,381.45067926639035,560,-254.16672674562113,105.83327325437887,0.0,0.0,0.0,0.0,0.0,0.0,0,idle,369.55713757455686,548.5255392741395,381.69867488506816,558.3087169616564,0.12,0.12
1791330775.881658,381.45069529219853,560,-254.16672674562113,105.83327325437887,0.0,0.0,0.0,0.0,0.0,0.0,0,idle,388.578821008207,565.8836339583773,382.0426821912251,558.6874628114924,0.12,0.12
1791330775.8993542,381.45070687084495,560,-254.16672674562113,105.83327325437887,0.0,0.0,0.0,0.0,0.0,0.0,0,idle,397.85829036882666,550.7760220233868,382.8334626001052,558.2918907720872,0.12,0.12
1791330775.9164631,381.450715236417,560,-254.16672674562113,105.83327325437887,0.0,0.0,0.0,0.0,0.0,0.0,0,idle,390.2499114411759,590.3543134158806,383.20428504215874,559.8950119042769,0.12,0.12
1791330775.933644,381.45072128054284,560,-254.16672674562113,105.83327325437887,0.0,0.0,0.0,0.0,0.0,0.0,0,idle,373.2617296907907,546.8851039821348,382.7071572745903,559.2445165081698,0.12,0.12
1791330775.950677,381.4507256474237,560,-254.16672674562113,105.83327325437887,0.0,0.0,0.0,0.0,0.0,0.0,0,idle,375.72934375719734,557.6730839428977,382.35826659872066,559.1659448799062,0.12,0.12
1791330775.967618,381.4507288024952,560,-254.16672674562113,105.83327325437887,0.0,0.0,0.0,0.0,0.0,0.0,0,idle,383.0892226835626,540.3928348310508,382.39481440296277,558.2272893774634,0.12,0.12
1791330775.9851918,381.4507310820343,560,-254.16672674562113,105.83327325437887,0.0,0.0,0.0,0.0,0.0,0.0,0,idle,386.81619169078294,568.3572478980103,382.61588326735375,558.7337873034908,0.12,0.12
1791330776.0016901,381.4507327290013,560,-254.16672674562113,105.83327325437887,0.0,0.0,0.0,0.0,0.0,0.0,0,idle,373.53597721076113,558.9410295429119,382.1618879645241,558.7441494154618,0.12,0.12
1791330776.019202,381.45073391893493,560,-254.16672674562113,105.83327325437887,0.0,0.0,0.0,0.0,0.0,0.0,0,idle,370.2365524781207,561.0220770925637,381.56562119020396,558.8580457993169,0.12,0.12
1791330776.0357141,381.450734778662,560,-254.16672674562113,105.83327325437887,0.0,0.0,0.0,0.0,0.0,0.0,0,idle,374.7541486239784,545.6168623512257,381.22504756189267,558.1959866269123,0.12,0.12
1791330776.053335,381.45073539981485,560,-254.16672674562113,105.83327325437887,0.0,0.0,0.0,0.0,0.0,0.0,0,idle,397.7923717677053,532.9906826356018,382.0534137721833,556.9357214273467,0.12,0.12
1791330776.069927,381.45073584859773,560,-254.16672674562113,105.83327325437887,0.0,0.0,0.0,0.0,0.0,0.0,0,idle,390.0992834508818,557.5534564888102,382.4557072561182,556.9666081804199,0.12,0.12
1791330776.087421,381.4507361728434,560,-254.16672674562113,105.83327325437887,0.0,0.0,0.0,0.0,0.0,0.0,0,idle,382.2216746527177,570.0983656462936,382.4440056259482,557.6231960537136,0.12,0.12
1791330776.104099,381.45073640711087,560,-254.16672674562113,105.83327325437887,0.0,0.0,0.0,0.0,0.0,0.0,0,idle,397.1364439965728,568.337321167383,383.1786275444794,558.1589023093971,0.12,0.12
1791330776.1207502,381.45073657636914,560,-254.16672674562113,105.83327325437887,0.0,0.0,0.0,0.0,0.0,0.0,0,idle,386.010762461334,552.7986981755189,383.32023429032216,557.8908921027032,0.12,0.12
1791330776.137724,381.4507366986582,560,-254.16672674562113,105.83327325437887,0.0,0.0,0.0,0.0,0.0,0.0,0,idle,392.6323521331703,549.7369596368615,383.78584018246454,557.4831954794112,0.12,0.12
1791330776.154853,381.4507367870121,560,-254.16672674562113,105.83327325437887,0.0,0.0,0.0,0.0,0.0,0.0,0,idle,383.1506819791857,574.6571068570713,383.7540822723006,558.3418910482942,0.12,0.12
1791330776.171977,381.45073685084776,560,-254.16672674562113,105.83327325437887,0.0,0.0,0.0,0.0,0.0,0.0,0,idle,359.7932009287616,566.9135792036857,382.5560382051236,558.7704754560638,0.12,0.12
1791330776.1890402,381.45073689696903,560,-254.16672674562113,105.83327325437887,0.0,0.0,0.0,0.0,0.0,0.0,0,idle,375.3633397018187,551.4890818318152,382.19640327995836,558.4064057748514,0.12,0.12
1791330776.206196,381.45073693029167,560,-254.16672674562113,105.83327325437887,0.0,0.0,0.0,0.0,0.0,0.0,0,idle,406.7864429486573,541.3805253918789,383.4259052633933,557.5551117557027,0.12,0.12
1791330776.223275,381.45073695436724,560,-254.16672674562113,105.83327325437887,0.0,0.0,0.0,0.0,0.0,0.0,0,idle,391.36439691452324,568.1345554605248,383.8228298459498,558.0840839409437,0.12,0.12
1791330776.240441,381.45073697176184,560,-254.16672674562113,105.83327325437887,0.0,0.0,0.0,0.0,0.0,0.0,0,idle,370.0279231164019,549.9446974947318,383.1330845094724,557.6771146186331,0.12,0.12
1791330776.2575018,381.45073698432947,560,-254.16672674562113,105.83327325437887,0.0,0.0,0.0,0.0,0.0,0.0,0,idle,374.0962250592427,560.5596548876322,382.6812415369609,557.8212416320831,0.12,0.12
1791330776.274645,381.4507369934096,560,-254.16672674562113,105.83327325437887,0.0,0.0,0.0,0.0,0.0,0.0,0,idle,378.30246190972224,555.8051915232974,382.46230255559897,557.7204391266438,0.12,0.12
1791330776.291747,381.45073699996993,560,-254.16672674562113,105.83327325437887,0.0,0.0,0.0,0.0,0.0,0.0,0,idle,381.26300365576634,561.3062841632072,382.40233761060733,557.899731378472,0.12,0.12
1791330776.308958,381.4507370047098,560,-254.16672674562113,105.83327325437887,0.0,0.0,0.0,0.0,0.0,0.0,0,idle,386.2136827138805,557.6320974940804,382.592904865771,557.8863496842524,0.12,0.12
1791330776.326369,381.45073700813435,560,-254.16672674562113,105.83327325437887,0.0,0.0,0.0,0.0,0.0,0.0,0,idle,370.9908522949427,571.5506049083484,382.0128022372296,558.5695624454572,0.12,0.12
1791330776.343022,381.4507370106086,560,-254.16672674562113,105.83327325437887,0.0,0.0,0.0,0.0,0.0,0.0,0,idle,392.9612965032597,537.7173301981034,382.5602269505311,557.5269508330896,0.12,0.12
1791330776.359963,381.4507370123962,560,-254.16672674562113,105.83327325437887,0.0,0.0,0.0,0.0,0.0,0.0,0,idle,392.47326190265846,567.2515947843316,383.05587869813746,558.0131830306517,0.12,0.12
1791330776.376458,381.4507370136878,560,-254.16672674562113,105.83327325437887,0.0,0.0,0.0,0.0,0.0,0.0,0,idle,354.6736349377469,557.5102077553023,381.6367665101179,557.9880342668843,0.12,0.12
1791330776.393174,381.4507370146209,560,-254.16672674562113,105.83327325437887,0.0,0.0,0.0,0.0,0.0,0.0,0,idle,380.43207758099123,566.6220333598002,381.5765320636616,558.41973422153,0.12,0.12
1791330776.409747,381.45073701529515,560,-254.16672674562113,105.83327325437887,0.0,0.0,0.0,0.0,0.0,0.0,0,idle,379.88989745439386,552.8150197568615,381.49220033319824,558.1394984982966,0.12,0.12
1791330776.4273741,381.45073701578224,560,-254.16672674562113,105.83327325437887,0.0,0.0,0.0,0.0,0.0,0.0,0,idle,410.45939311646225,549.2284356444114,382.9405599723614,557.6939453556023,0.12,0.12
1791330776.443881,381.45073701613416,560,-254.16672674562113,105.83327325437887,0.0,0.0,0.0,0.0,0.0,0.0,0,idle,370.6024093650424,560.1131699001901,382.3236524419955,557.8149065828317,0.12,0.12
1791330776.461421,381.4507370163884,560,-254.16672674562113,105.83327325437887,0.0,0.0,0.0,0.0,0.0,0.0,0,idle,389.1614779210804,565.2478113081988,382.66554371594975,558.1865518191,0.12,0.12
1791330776.4778838,381.45073701657213,560,-254.16672674562113,105.83327325437887,0.0,0.0,0.0,0.0,0.0,0.0,0,idle,388.4653759984786,556.7749747128969,382.9555353300762,558.1159729637899,0.12,0.12
1791330776.495292,381.45073701670486,560,-254.16672674562113,105.83327325437887,0.0,0.0,0.0,0.0,0.0,0.0,0,idle,371.4401356569972,573.9178759809238,382.37976534642223,558.9060681146466,0.12,0.12
1791330776.5117419,381.45073701680076,560,-254.16672674562113,105.83327325437887,0.0,0.0,0.0,0.0,0.0,0.0,0,idle,376.6646957522384,554.5468386604778,382.09401186671306,558.6881066419381,0.12,0.12
1791330776.529221,381.45073701687005,560,-254.16672674562113,105.83327325437887,0.0,0.0,0.0,0.0,0.0,0.0,0,idle,376.1547709924255,553.9975261446929,381.7970498229987,558.4535776170759,0.12,0.12
1791330776.545686,381.45073701692013,560,-254.16672674562113,105.83327325437887,0.0,0.0,0.0,0.0,0.0,0.0,0,idle,365.5351163171985,554.8285525592595,380.9839531477087,558.2723263641851,0.12,0.12
1791330776.563157,381.4507370169563,560,-254.16672674562113,105.83327325437887,0.0,0.0,0.0,0.0,0.0,0.0,0,idle,373.2434144087693,533.3412804645507,380.5969262107617,557.0257740692034,0.12,0.12
1791330776.57966,381.45073701698243,560,-254.16672674562113,105.83327325437887,0.0,0.0,0.0,0.0,0.0,0.0,0,idle,399.26806627243684,557.867004899825,381.53048321384546,557.0678356107345,0.12,0.12
1791330776.5972438,381.4507370170013,560,-254.16672674562113,105.83327325437887,0.0,0.0,0.0,0.0,0.0,0.0,0,idle,384.34786426396806,574.6150805229264,381.67135226635156,557.9451978563441,0.12,0.12
1791330776.61391,381.45073701701494,560,-254.16672674562113,105.83327325437887,0.0,0.0,0.0,0.0,0.0,0.0,0,idle,396.38979216603923,570.7042077369251,382.40727426133594,558.5831483503731,0.12,0.12
1791330776.6314518,381.4507370170248,560,-254.16672674562113,105.83327325437887,0.0,0.0,0.0,0.0,0.0,0.0,0,idle,379.95858539406,576.1270325885758,382.28483981797217,559.4603425622832,0.12,0.12
1791330776.648215,381.4507370170319,560,-254.16672674562113,105.83327325437887,0.0,0.0,0.0,0.0,0.0,0.0,0,idle,395.77524814627475,543.9441440786779,382.9593602343873,558.684532638103,0.12,0.12
1791330776.664895,381.45073701703706,560,-254.16672674562113,105.83327325437887,0.0,0.0,0.0,0.0,0.0,0.0,0,idle,386.9409281659383,556.5803508841256,383.15843863096484,558.5793235504041,0.12,0.12
1791330776.682061,381.45073701704075,560,-254.16672674562113,105.83327325437887,0.0,0.0,0.0,0.0,0.0,0.0,0,idle,379.22177345018554,549.4683579102051,382.9616053719259,558.1237752683941,0.12,0.12
1791330776.69924,381.4507370170434,560,-254.16672674562113,105.83327325437887,0.0,0.0,0.0,0.0,0.0,0.0,0,idle,376.91062487884096,554.0098844382853,382.65905634727164,557.9180807268887,0.12,0.12
1791330776.715476,381.45073701704536,560,-254.16672674562113,105.83327325437887,0.0,0.0,0.0,0.0,0.0,0.0,0,idle,431.94782683948307,543.4614777716298,385.1234948718822,557.1952505791257,0.12,0.12
1791330776.732577,381.4507370170468,560,-254.16672674562113,105.83327325437887,0.0,0.0,0.0,0.0,0.0,0.0,0,idle,352.33927829953586,543.9643342203707,383.4842840432649,556.533704761188,0.12,0.12
1791330776.748718,381.4507370170478,560,-254.16672674562113,105.83327325437887,0.0,0.0,0.0,0.0,0.0,0.0,0,idle,379.9874707111417,578.1599710571426,383.30944337665875,557.6150180759857,0.12,0.12
1791330776.765772,381.45073701704854,560,-254.16672674562113,105.83327325437887,0.0,0.0,0.0,0.0,0.0,0.0,0,idle,382.78014908391583,577.719327278314,383.2829786620216,558.6202335361022,0.12,0.12
1791330776.782837,381.45073701704905,560,-254.16672674562113,105.83327325437887,0.0,0.0,0.0,0.0,0.0,0.0,0,idle,390.1048326911344,575.1111180847753,383.62407136347724,559.4447777635359,0.12,0.12
1791330776.800447,381.45073701704945,560,-254.16672674562113,105.83327325437887,0.0,0.0,0.0,0.0,0.0,0.0,0,idle,385.39608906287026,558.7313141021712,383.7126722484469,559.4091045804677,0.12,0.12
1791330776.816486,381.45073701704973,560,-254.16672674562113,105.83327325437887,0.0,0.0,0.0,0.0,0.0,0.0,0,idle,378.48639988695703,585.7899570914421,383.4513586303724,560.7281472060164,0.12,0.12
1791330776.8340511,381.45073701704996,560.0,-254.16672674562113,105.83327325437887,1.994066423242701e-13,5.655148622254833e-14,0.0,0.0,0.0,0.0,0,idle,388.84069954861917,577.7883032525414,383.72082567628496,561.5811550083426,0.12,0.12
1791330776.8505101,381.45073701705047,560,-254.16672674562113,105.83327325437887,0.0,0.0,0.0,0.0,0.0,0.0,0,idle,403.3304139443301,563.3073422385344,384.7013050896872,561.6674643698523,0.12,0.12
1791330776.8680398,381.4507370170506,560.0,-254.16672674562113,105.83327325437887,1.040915135847835e-13,2.952022925495912e-14,0.0,0.0,0.0,0.0,0,idle,386.6583038186468,540.3340503137899,384.7991550261353,560.6007936670492,0.12,0.12
1791330776.884552,381.4507370170508,560,-254.16672674562113,105.83327325437887,0.0,0.0,0.0,0.0,0.0,0.0,0,idle,386.3763411394407,539.9773027154534,384.87801433180056,559.5696191194694,0.12,0.12
1791330776.9021099,381.45073701705087,560.0,-254.16672674562113,105.83327325437887,5.433642066321688e-14,1.54097441725215e-14,0.0,0.0,0.0,0.0,0,idle,383.9287920944064,551.9696027064615,384.8305532199309,559.189618298819,0.12,0.12
1791330776.918847,381.450737017051,560.0,-254.16672674562113,105.83327325437887,1.332600716765394e-13,3.779239758310898e-14,0.0,0.0,0.0,0.0,0,idle,365.56490564677927,571.2079908008686,383.8672708412734,559.7905369239215,0.12,0.12
1791330776.936467,381.4507370170512,560,-254.16672674562113,105.83327325437887,0.0,0.0,0.0,0.0,0.0,0.0,0,idle,393.4495559826481,552.1821940270625,384.3463850983421,559.4101197790786,0.12,0.12
1791330776.9530659,381.4507370170512,560.0,-254.16672674562113,105.83327325437887,2.0492954733928492e-14,5.811777550571651e-15,0.0,0.0,0.0,0.0,0,idle,391.34109481577457,558.0329672350578,384.69612058421376,559.3412621518776,0.12,0.12
1791330776.970279,381.45073701705127,560.0,-254.16672674562113,105.83327325437887,5.025897148495962e-14,1.4253384442776972e-14,0.0,0.0,0.0,0.0,0,idle,385.5831799601622,548.4745914808865,384.7404735530112,558.797928618328,0.12,0.12
1791330776.987654,381.4507370170513,560.0,-254.16672674562113,105.83327325437887,8.258314939162046e-14,2.3420482791342095e-14,0.0,0.0,0.0,0.0,0,idle,369.0436815828254,550.1657606951712,383.955633954502,558.3663202221702,0.12,0.12
1791330777.004138,381.45073701705144,560.0,-254.16672674562113,105.83327325437887,1.1365741235768427e-13,3.2233106751699095e-14,0.0,0.0,0.0,0.0,0,idle,369.2953140531995,569.6156217113486,383.222617959437,558.9287852966291,0.12,0.12
1791330777.021486,381.45073701705155,560.0,-254.16672674562113,105.83327325437887,1.4151284457100265e-13,4.0132874144968503e-14,0.0,0.0,0.0,0.0,0,idle,368.2947014783279,558.6589705736266,382.47622213538165,558.915294560479,0.12,0.12
1791330777.03869,381.4507370170517,560.0,-254.16672674562113,105.83327325437887,1.6531356128136022e-13,4.6882729051726246e-14,0.0,0.0,0.0,0.0,0,idle,384.70155153168315,559.2230697742636,382.5874886051969,558.9306833211682,0.12,0.12
1791330777.055943,381.4507370170519,560.0,-254.16672674562113,105.83327325437887,1.8489547414733225e-13,5.2436136213812434e-14,0.0,0.0,0.0,0.0,0,idle,398.9245102826667,570.6417956513874,383.4043396890705,559.5162389376792,0.12,0.12
1791330777.073161,381.4507370170521,560,-254.16672674562113,105.83327325437887,0.0,0.0,0.0,0.0,0.0,0.0,0,idle,390.5461727459725,556.3324858492398,383.7614313419156,559.3570512832572,0.12,0.12
1791330777.0902798,381.4507370170521,560.0,-254.16672674562113,105.83327325437887,1.52162414918068e-15,4.3153079609231636e-16,0.0,0.0,0.0,0.0,0,idle,370.57469749556907,566.7025098428292,383.1020946495983,559.7243242112357,0.12,0.12
1791330777.107158,381.4507370170521,560.0,-254.16672674562113,105.83327325437887,3.731783225865617e-15,1.0583292774164057e-15,0.0,0.0,0.0,0.0,0,idle,372.8196250106445,562.2072988399874,382.5879711676506,559.8484729426733,0.12,0.12
1791330777.124119,381.4507370170521,560.0,-254.16672674562113,105.83327325437887,6.1318885471229665e-15,1.7389962874301942e-15,0.0,0.0,0.0,0.0,0,idle,382.95416692687786,560.8500111076961,382.60628095561196,559.8985498509245,0.12,0.12
1791330777.141248,381.4507370170521,560.0,-254.16672674562113,105.83327325437887,8.439186326338298e-15,2.3933431890766657e-15,0.0,0.0,0.0,0.0,0,idle,375.1736245813321,561.1424017748695,382.234648136898,559.9607424471218,0.12,0.12
1791330777.158388,381.4507370170521,560.0,-254.16672674562113,105.83327325437887,1.0507482425752236e-14,2.9799094990391588e-15,0.0,0.0,0.0,0.0,0,idle,406.25881207873607,562.437483663708,383.4358563339899,560.084579507951,0.12,0.12
1791330777.175534,381.4507370170521,560.0,-254.16672674562113,105.83327325437887,1.2274711494693124e-14,3.4810935578017477e-15,0.0,0.0,0.0,0.0,0,idle,384.40000345884386,533.0580914465776,383.4840636902326,558.7332551048823,0.12,0.12
1791330777.192616,381.4507370170521,560.0,-254.16672674562113,105.83327325437887,1.3728689795571505e-14,3.893440071897784e-15,0.0,0.0,0.0,0.0,0,idle,372.61509306853645,561.849855567677,382.9406151591478,558.8890851280221,0.12,0.12
1791330777.208794,381.4507370170521,560.0,-254.16672674562113,105.83327325437887,1.488509720870077e-14,4.221395836705689e-15,0.0,0.0,0.0,0.0,0,idle,372.77628271564373,562.7650709855906,382.4323985369726,559.0828844209005,0.12,0.12
1791330777.2263758,381.4507370170521,560.0,-254.16672674562113,105.83327325437887,1.5773613417226966e-14,4.473377975010138e-15,0.0,0.0,0.0,0.0,0,idle,374.2190700084032,559.4319461479125,382.0217321105441,559.1003375072512,0.12,0.12
1791330777.2432861,381.4507370170521,560.0,-254.16672674562113,105.83327325437887,1.642943443608456e-14,4.659368034719744e-15,0.0,0.0,0.0,0.0,0,idle,385.8699066679708,568.0398732211687,382.21414083841546,559.547314292947,0.12,0.12
1791330777.2597709,381.4507370170521,560.0,-254.16672674562113,105.83327325437887,1.6888293151273588e-14,4.789499819737771e-15,0.0,0.0,0.0,0.0,0,idle,388.8837491809991,560.1005201319355,382.54762125554464,559.5749745848965,0.12,0.12
1791330777.27726,381.4507370170521,560.0,-254.16672674562113,105.83327325437887,1.718372404050399e-14,4.873283667995242e-15,0.0,0.0,0.0,0.0,0,idle,390.9984720076932,557.6570328466047,382.9701637931521,559.479077497982,0.12,0.12
1791330777.2937632,381.4507370170521,560.0,-254.16672674562113,105.83327325437887,1.734573371539657e-14,4.919229418802821e-15,0.0,0.0,0.0,0.0,0,idle,379.3981979948949,564.2827101592857,382.7915655032392,559.7192591310471,0.12,0.12
1791330777.31129,381.4507370170521,560.0,-254.16672674562113,105.83327325437887,1.7400325470232146e-14,4.93471157544246e-15,0.0,0.0,0.0,0.0,0,idle,375.72172451997886,567.2485278819872,382.4380734540762,560.0957225685942,0.12,0.12
1791330777.327908,381.4507370170521,560.0,-254.16672674562113,105.83327325437887,1.736951957586994e-14,4.925975060498467e-15,0.0,0.0,0.0,0.0,0,idle,385.556450061849,565.0548934928472,382.59399228446483,560.3436811148068,0.12,0.12
1791330777.3446999,381.4507370170521,560.0,-254.16672674562113,105.83327325437887,1.7271640793710396e-14,4.898216754474868e-15,0.0,0.0,0.0,0.0,0,idle,401.6434660615695,546.425723190113,383.54646597332004,559.6477832185722,0.12,0.12
1791330777.3622599,381.4507370170521,560.0,-254.16672674562113,105.83327325437887,1.7121730739339504e-14,4.85570244163372e-15,0.0,0.0,0.0,0.0,0,idle,380.13755954363444,568.7517591345284,383.37602065183574,560.10298201437,0.12,0.12
1791330777.3783429,381.4507370170521,560.0,-254.16672674562113,105.83327325437887,1.6931999287545562e-14,4.801894827920126e-15,0.0,0.0,0.0,0.0,0,idle,372.9459613751906,554.6688549811117,382.8545176880035,559.8312756627071,0.12,0.12
1791330777.395146,381.4507370170521,560.0,-254.16672674562113,105.83327325437887,1.671226581291201e-14,4.7395786762687446e-15,0.0,0.0,0.0,0.0,0,idle,386.1798870232966,564.9240047866701,383.0207861547682,560.0859121189052,0.12,0.12
1791330777.411346,381.4507370170521,560.0,-254.16672674562113,105.83327325437887,1.647036430782733e-14,4.6709756975888064e-15,0.0,0.0,0.0,0.0,0,idle,402.50820656264506,546.3882826095116,383.99515717516203,559.4010306434355,0.12,0.12
1791330777.428501,381.4507370170521,560.0,-254.16672674562113,105.83327325437887,1.6212500817912133e-14,4.597845919025444e-15,0.0,0.0,0.0,0.0,0,idle,384.8536489926475,556.6526573381631,384.0380817660363,559.2636119781719,0.12,0.12
1791330777.4457269,381.4507370170521,560.0,-254.16672674562113,105.83327325437887,1.5943560238839607e-14,4.521574691172503e-15,0.0,0.0,0.0,0.0,0,idle,387.86485714303365,556.720662239704,384.2294205348862,559.1364644912485,0.12,0.12
1791330777.4630249,381.4507370170521,560.0,-254.16672674562113,105.83327325437887,1.5667364385877748e-14,4.4432458762873e-15,0.0,0.0,0.0,0.0,0,idle,384.57602468151674,569.0214361804989,384.2467507422177,559.630713075711,0.12,0.12
1791330777.480046,381.4507370170521,560.0,-254.16672674562113,105.83327325437887,1.5386885752378484e-14,4.363702469943498e-15,0.0,0.0,0.0,0.0,0,idle,377.2184299365385,558.9689372502704,383.8953347019338,559.597624284439,0.12,0.12
1791330777.495971,381.4507370170521,560.0,-254.16672674562113,105.83327325437887,1.5104422424402635e-14,4.283596206610376e-15,0.0,0.0,0.0,0.0,0,idle,384.79068056372876,571.565740522404,383.94010199502355,560.1960300963373,0.12,0.12
1791330777.512577,381.4507370170521,560.0,-254.16672674562113,105.83327325437887,1.482173980887315e-14,4.203427753588268e-15,0.0,0.0,0.0,0.0,0,idle,388.0698483724321,558.355912151732,384.14658931389397,560.104024199107,0.12,0.12
1791330777.5302742,381.4491460108777,559.9995487925441,-254.16672674562113,-74.16672674562113,-0.0015910061744094047,-0.0004512074557967317,0.0,1.0,0.0,1.0,0,idle,383.7251908628932,568.9021429899967,384.12400793547823,560.5435014915685,0.12,0.12
1791330777.546255,381.44421548268997,559.9981505006235,-254.16672674562113,-74.16672674562113,-0.0049305281877502685,-0.0013982919206172743,0.0,1.0,0.0,1.0,0,idle,390.1282958672064,567.7524195923888,384.4195383302863,560.9026190192849,0.12,0.12
1791330777.563435,381.4326435019046,559.9948687006578,-254.16672674562113,-74.16672674562113,-0.011571980785370714,-0.0032817999657568896,0.0,1.0,0.0,1.0,0,idle,386.92387524473884,554.0538386932244,384.5337617942628,560.5570622930144,0.12,0.12
1791330777.580514,381.4097855140426,559.9883862025293,-254.16672674562113,-74.16672674562113,-0.022857987862004395,-0.006482498128378483,0.0,1.0,0.0,1.0,0,idle,360.94112573878255,582.2907616286093,383.33241490301987,561.6375888865721,0.12,0.12
1791330777.596801,381.3699935555352,559.9771012504983,-254.16672674562113,-74.16672674562115,-0.03979195850743318,-0.011284952031045936,0.0,1.0,0.0,1.0,0,idle,386.86695392896286,567.9354901034786,383.471339493735,561.9417632429879,0.12,0.12
1791330777.6138391,381.3069813008914,559.9592310501439,-254.16672674562113,-74.16672674562115,-0.06301225464380243,-0.01787020035443919,0.0,1.0,0.0,1.0,0,idle,395.93318806467,565.5417761288584,384.03457028037013,562.1047871969447,0.12,0.12
1791330777.630931,381.21416060088353,559.9329072101931,-254.16672674562113,-74.16672674562115,-0.09282070000787655,-0.026323839950760958,0.0,1.0,0.0,1.0,0,idle,389.8396606818325,543.1536649640469,384.2366451354358,561.1322234373465,0.12,0.12
1791330777.647588,381.08492462937056,559.8962560426227,-254.16672674562113,-74.16672674562113,-0.12923597151294858,-0.036651167570372525,0.0,1.0,0.0,1.0,0,idle,397.2803749351366,546.8352466168967,384.76605745248355,560.3825559871322,0.12,0.12
1791330777.663861,380.9128700575929,559.8474615710244,-254.16672674562113,-74.16672674562113,-0.17205457177768013,-0.04879447159833995,0.0,1.0,0.0,1.0,0,idle,377.11888802916343,552.111886139593,384.22024713812874,559.9226677467368,0.12,0.12
1791330777.681477,380.6919602459453,559.7848118115971,-254.16672674562113,-74.16672674562115,-0.22090981164756707,-0.06264975942725966,0.0,1.0,0.0,1.0,0,idle,400.69175035580065,536.3196493001186,384.83395797794714,558.68299955295,0.12,0.12
1791330777.698074,380.4166362111788,559.7067302433136,-254.16672674562113,-74.16672674562113,-0.2753240347665087,-0.07808156828354351,0.0,1.0,0.0,1.0,0,idle,400.5564306861873,569.8457977990947,385.3585237803309,559.166961975388,0.12,0.12
1791330777.714627,380.0818840034561,559.6117949159727,-254.16672674562113,-74.16672674562113,-0.3347522077227053,-0.09493532734086921,0.0,1.0,0.0,1.0,0,idle,374.96790650948327,566.926860017826,384.52097831945196,559.464768316536,0.12,0.12
1791330777.732175,379.68326734292026,559.4987477058918,-254.16672674562113,-74.16672674562115,-0.3986166605358158,-0.11304721008095397,0.0,1.0,0.0,1.0,0,idle,396.055552926238,552.1325843607193,384.7190212222822,558.9907642691683,0.12,0.12
1791330777.7487779,379.21693369593885,559.3664960391219,-254.16672674562113,-74.16672674562113,-0.46633364698141433,-0.13225166676993091,0.0,1.0,0.0,1.0,0,idle,354.2108613867975,570.8792852076781,382.75059626587563,559.4595512326623,0.12,0.12
1791330777.766439,378.67960089455397,559.21410909674,-254.16672674562113,-74.16672674562113,-0.5373328013848566,-0.1523869423819117,0.0,1.0,0.0,1.0,0,idle,362.55234102900096,561.8050375160119,381.2302173427163,559.432057951567,0.12,0.12
1791330777.783248,378.06853020206745,559.040810176281,-254.16672674562113,-74.16672674562113,-0.6110706924865428,-0.17329892045902934,0.0,1.0,0.0,1.0,0,idle,376.52023380225296,553.4197582210896,380.4142010078309,558.9668089906071,0.12,0.12
1791330777.799892,377.38149056186467,558.8459665527466,-254.16672674562113,-74.16672674562113,-0.6870396402027569,-0.1948436235343094,0.0,1.0,0.0,1.0,0,idle,396.0344206629003,564.6435598002466,380.54252433239174,559.0655450887315,0.12,0.12
1791330777.815957,376.61671771634553,558.6290778847833,-254.16672674562113,-74.16672674562113,-0.7647728455191557,-0.21688866796335254,0.0,1.0,0.0,1.0,0,idle,360.8260940371163,542.1427380223377,378.8301686143848,558.0133605008466,0.12,0.12
1791330777.8336608,375.7728709815689,558.3897639560223,-254.16672674562113,-74.16672674562113,-0.8438467347766775,-0.23931392876102556,0.0,1.0,0.0,1.0,0,idle,363.38784909328376,567.2171986616245,377.2563982402919,558.2462041765625,0.12,0.12
1791330777.8491452,374.848989716672,558.1277523298593,-254.16672674562113,-74.16672674562113,-0.9238812648968818,-0.26201162616300416,0.0,1.0,0.0,1.0,0,idle,389.66606176907845,573.501083910011,376.9991942150792,558.7600371183801,0.12,0.12
1791330777.8662322,373.84445092594655,557.8428663254535,-254.16672674562113,-74.16672674562115,-1.0045387907254493,-0.28488600440573886,0.0,1.0,0.0,1.0,0,idle,363.8192533945787,573.5883873777212,375.385885322865,559.2308129271617,0.12,0.12
1791330777.882727,372.7589289590325,557.5350135887509,-254.16672674562113,-74.16672674562115,-1.0855219669140443,-0.30785273670265056,0.0,1.0,0.0,1.0,0,idle,362.3493202474983,567.9191857165079,373.70281120052834,559.3727714667614,0.12,0.12
1791330777.8998861,371.5923579118552,557.2041754294343,-254.16672674562113,-74.16672674562113,-1.1665710471773578,-0.33083815931664506,0.0,1.0,0.0,1.0,0,idle,362.0793004205433,562.197142830398,372.0133931667106,559.1996937835925,0.12,0.12
1791330777.917696,370.34489705862774,556.8503970174808,-254.16672674562113,-74.16672674562113,-1.2474608532274187,-0.3537784119534945,0.0,1.0,0.0,1.0,0,idle,386.3692638685152,548.7213770114417,371.5460988912348,558.3396884536292,0.12,0.12
1791330777.934848,369.01689944597496,556.4737784764926,-254.16672674562113,-74.16672674562113,-1.327997612652794,-0.37661854098814534,0.0,1.0,0.0,1.0,0,idle,346.8007401604964,551.6453936478607,369.04723322267773,557.647186099402,0.12,0.12
1791330777.952582,367.6088836386866,556.0744668708264,-254.16672674562113,-74.16672674562113,-1.4080158072883444,-0.39931160566613555,0.0,1.0,0.0,1.0,0,idle,361.894317400296,540.4383059658093,367.3519724146347,556.4073960673395,0.12,0.12
1791330777.9687119,366.12150850983704,555.6526490561013,-254.16672674562113,-74.16672674562113,-1.4873751288495738,-0.4218178147251224,0.0,1.0,0.0,1.0,0,idle,354.903627276109,551.8320356280968,365.31654878530134,555.7779011213885,0.12,0.12
1791330777.985996,364.55555090532846,555.2085453448897,-254.16672674562113,-74.16672674562113,-1.5659576045085697,-0.44410371121164366,0.0,1.0,0.0,1.0,0,idle,337.54619844856535,562.2743336862889,362.4403715441814,555.6808242239824,0.12,0.12
1791330778.003232,362.9118859757187,554.7424039288472,-254.16672674562113,-74.16672674562113,-1.6436649296097534,-0.4661414160424813,0.0,1.0,0.0,1.0,0,idle,352.70165149137694,541.5542256150508,360.3919538584119,554.5316599482956,0.12,0.12
1791330778.0218701,361.191469949638,554.2544959932744,-254.16672674562113,-74.16672674562113,-1.720416026080643,-0.48790793557286266,0.0,1.0,0.0,1.0,0,idle,365.6555048379535,541.7284924699323,359.0207361826124,553.4279890355832,0.12,0.12
1791330778.036852,359.3953251178522,553.7451114586146,-254.16672674562113,-74.16672674562113,-1.7961448317857787,-0.509384534659867,0.0,1.0,0.0,1.0,0,idle,350.1856051074506,537.7261440845767,356.8726420386578,552.158981480106,0.12,0.12
1791330778.053997,357.52452680098503,553.2145552845157,-254.16672674562113,-74.16672674562113,-1.8707983168671987,-0.5305561740989475,0.0,1.0,0.0,1.0,0,idle,376.39886247709876,548.0212131086881,356.071694659556,551.4480646961412,0.12,0.12
1791330778.0709171,355.58019208396894,552.6631442749338,-254.16672674562113,-74.16672674562115,-1.9443347170161145,-0.5514110095818829,0.0,1.0,0.0,1.0,0,idle,350.55583633747625,564.9939515200243,353.9487837622867,551.6015185782326,0.12,0.12
1791330778.0879831,353.56347011413317,552.0912043266826,-254.16672674562113,-74.16672674562115,-2.016721969835748,-0.571939948251141,0.0,1.0,0.0,1.0,0,idle,338.73463450726956,550.9007421910087,351.2721904281919,551.0231368080327,0.12,0.12
1791330778.105452,351.4755337757694,551.4990680683501,-254.16672674562113,-74.16672674562115,-2.0879363383637486,-0.5921362583324754,0.0,1.0,0.0,1.0,0,idle,344.636818312293,553.0310733516837,348.95688230095135,550.5610041897994,0.12,0.12
1791330778.121918,349.3175725708256,550.8870728412717,-254.16672674562113,-74.16672674562113,-2.157961204943824,-0.6119952270783573,0.0,1.0,0.0,1.0,0,idle,351.75592810923695,563.5397432920113,347.04677144666897,550.6285456791855,0.12,0.12
1791330778.139193,347.09078655222237,550.2555589790262,-254.16672674562113,-74.16672674562113,-2.2267860186031956,-0.6315138622454753,0.0,1.0,0.0,1.0,0,idle,349.09733958993786,572.7905534625572,345.0338531361594,551.1367078992209,0.12,0.12
1791330778.1551812,344.7963811725938,549.6048683465447,-254.16672674562113,-74.16672674562113,-2.2944053796285635,-0.6506906324815699,0.0,1.0,0.0,1.0,0,idle,321.37237479404644,548.8216127044869,341.6710941084066,550.4027970386268,0.12,0.12
1791330778.1717,342.435562926661,548.9353431042927,-254.16672674562113,-74.16672674562113,-2.3608182459327387,-0.6695252422519555,0.0,1.0,0.0,1.0,0,idle,326.5228890689721,543.2229974677616,338.67090652279876,549.4077580799441,0.12,0.12
1791330778.189858,340.00953567974454,548.2473246670411,-254.16672674562113,-74.16672674562115,-2.426027246916495,-0.6880184372515596,0.0,1.0,0.0,1.0,0,idle,339.606271935234,563.6029104081309,336.4129489088499,549.4638981809644,0.12,0.12
1791330778.2057421,337.51949758799714,547.5411528304476,-254.16672674562113,-74.16672674562115,-2.4900380917473974,-0.7061718365935026,0.0,1.0,0.0,1.0,0,idle,337.51591356933153,550.507875710257,334.10256095471397,548.8452338126652,0.12,0.12
1791330778.223354,334.96663852777357,546.8171650420289,-254.16672674562113,-74.16672674562113,-2.55285906022357,-0.7239877884186692,0.0,1.0,0.0,1.0,0,idle,315.8807261150152,542.7577539818775,330.7662531055166,547.8530714221281,0.12,0.12
1791330778.2406988,332.3521379621596,546.0756957961112,-254.16672674562113,-74.16672674562113,-2.6145005656139695,-0.7414692459177309,0.0,1.0,0.0,1.0,0,idle,332.8681793806101,565.6180619256736,328.387573881938,548.0369251636835,0.12,0.12
1791330778.257787,329.67716318212547,545.3170761350231,-254.16672674562113,-74.16672674562113,-2.6749747800341046,-0.758619661088146,0.0,1.0,0.0,1.0,0,idle,319.19369383173034,542.7735589412704,325.3866538383952,547.0530681745291,0.12,0.12
1791330778.2762082,326.94286786811864,544.5416332411651,-254.16672674562113,-74.16672674562113,-2.7342953140068404,-0.7754428938579858,0.0,1.0,0.0,1.0,0,idle,327.3500638214629,552.9956917482889,322.8872437892421,546.613528604052,0.12,0.12
1791330778.291195,324.1503909252577,543.7496901066721,-254.16672674562113,-74.16672674562113,-2.7924769428609855,-0.7919431344928994,0.0,1.0,0.0,1.0,0,idle,317.7848714781685,533.4124806330801,319.9792720779705,545.2011302277351,0.12,0.12
1791330778.308106,321.3008555517262,542.9415652692112,-254.16672674562113,-74.16672674562113,-2.8495353735314484,-0.8081248374609162,0.0,1.0,0.0,1.0,0,idle,318.7328366278616,539.4712130054257,317.20989170061017,544.1469157710318,0.12,0.12
1791330778.325184,318.39536850558204,542.1175726040491,-254.16672674562113,-74.16672674562113,-2.9054870461441578,-0.8239926651621655,0.0,1.0,0.0,1.0,0,idle,303.7809774688566,533.5298779297743,313.77823329518554,542.8332708470649,0.12,0.12
1791330778.342417,315.43501954008207,541.2780211639111,-254.16672674562113,-74.16672674562113,-2.960348965499983,-0.8395514401379172,0.0,1.0,0.0,1.0,0,idle,301.73741715496465,538.585555306399,310.36386097094953,541.8233112019005,0.12,0.12
1791330778.3606122,312.4208809818623,540.4232150593541,-254.16672674562113,-74.16672674562113,-3.0141385582197557,-0.8548061045570797,0.0,1.0,0.0,1.0,0,idle,301.2121912750831,537.3860684350624,307.0428458558474,540.7893832642294,0.12,0.12
1791330778.376683,309.3540074299788,539.5534533734138,-254.16672674562113,-74.16672674562113,-3.0668735518834525,-0.8697616859402167,0.0,1.0,0.0,1.0,0,idle,328.6997261439651,529.1405881531906,305.212159995964,539.3806699070342,0.12,0.12
1791330778.3945842,306.2354355569814,538.6690301051907,-254.16672674562113,-74.16672674562113,-3.1185718729974243,-0.8844232682231747,0.0,1.0,0.0,1.0,0,idle,311.0285216251612,547.9333843537048,302.5403347980763,538.9681035245558,0.12,0.12
1791330778.410764,303.06618399592026,537.7702341378042,-254.16672674562113,-74.16672674562113,-3.169251561061116,-0.8987959673865068,0.0,1.0,0.0,1.0,0,idle,286.0040593107371,496.4191878786717,298.7027320407013,535.9868015732444,0.12,0.12
1791330778.427894,299.8472532995346,536.8573492268193,-254.16672674562113,-74.16672674562115,-3.2189306963856668,-0.9128849109849142,0.0,1.0,0.0,1.0,0,idle,312.77103177245715,546.3398377379784,296.3481628657227,535.6372127160455,0.12,0.12
1791330778.446178,296.5796259598871,535.9306540058146,-254.16672674562113,-74.16672674562113,-3.267627339647506,-0.9266952210047179,0.0,1.0,0.0,1.0,0,idle,315.18462676628866,551.5167272395267,294.1857400880859,535.5508279822651,0.12,0.12
1791330778.4624681,293.2642664784407,534.990422006256,-254.16672674562113,-74.16672674562113,-3.3153594814464014,-0.9402319995585806,0.0,1.0,0.0,1.0,0,idle,295.58418769398793,560.3852961495404,291.1060709610069,535.8993309910483,0.12,0.12
1791330778.47936,289.90212147805585,534.0369216892592,-254.16672674562113,-74.16672674562113,-3.3621450003848112,-0.9535003169968621,0.0,1.0,0.0,1.0,0,idle,297.9747578570656,544.1392471711987,288.2554675554442,535.4055014989087,0.12,0.12
1791330778.496342,286.4941198496571,533.0704164871837,-254.16672674562113,-74.16672674562113,-3.408001628398732,-0.9665052020754878,0.0,1.0,0.0,1.0,0,idle,278.6179322317914,551.6950070179954,284.5359892422828,535.3017968328913,0.12,0.12
1791330778.512637,283.0411729274033,532.0911648533114,-254.16672674562113,-74.16672674562113,-3.4529469222538416,-0.9792516338722899,0.0,1.0,0.0,1.0,0,idle,309.83730537198676,529.022857039728,282.5207554726269,534.0575607910545,0.12,0.12
1791330778.530117,279.5441746871247,531.0994203181228,-254.16672674562113,-74.16672674562113,-3.496998240278592,-0.9917445351885394,0.0,1.0,0.0,1.0,0,idle,273.7513586834746,549.3782088021882,278.7601373049046,533.881435883182,0.12,0.12
1791330778.546675,276.00400196358333,530.095431550912,-254.16672674562113,-74.16672674562113,-3.5401727235413993,-1.00398876721082,0.0,1.0,0.0,1.0,0,idle,259.0836000651693,529.9294925998414,274.4131463555535,532.7300493901647,0.12,0.12
1791330778.564139,272.4215146827881,529.0794424256708,-254.16672674562113,-74.16672674562113,-3.582487280795226,-1.0159891252413298,0.0,1.0,0.0,1.0,0,idle,257.16373871075,528.8658071078409,270.14731305655783,531.5716476070693,0.12,0.12
1791330778.580656,268.7975561061757,528.0516920903378,-254.16672674562113,-74.16672674562113,-3.6239585766123934,-1.0277503353329271,0.0,1.0,0.0,1.0,0,idle,278.3179438817916,538.0995497657397,267.1130839500378,530.9216798964366,0.12,0.12
1791330778.597813,265.1329530839581,527.0124150386484,-254.16672674562113,-74.16672674562113,-3.664603022217579,-1.0392770516893812,0.0,1.0,0.0,1.0,0,idle,274.419637242287,504.8701168966552,263.9970387435435,528.6317885473426,0.12,0.12
1791330778.616071,261.4285163153583,525.9618411839365,-254.16672674562113,-74.16672674562113,-3.704436768599804,-1.050573854711939,0.0,1.0,0.0,1.0,0,idle,259.85987072453366,516.0500822886262,260.2709654124232,527.0046580724304,0.12,0.12
1791330778.632052,257.6850406138119,524.9001959343456,-254.16672674562113,-74.16672674562113,-3.7434757015464077,-1.0616452495909656,0.0,1.0,0.0,1.0,0,idle,250.0698896097627,514.6871594991326,256.2046097058211,525.3802201566541,0.12,0.12
1791330778.648823,253.90330517551675,523.827700268989,-254.16672674562113,-74.16672674562115,-3.781735438295155,-1.0724956653564877,0.0,1.0,0.0,1.0,0,idle,257.7145022207969,521.3900820394595,252.68745566518947,524.1618423687056,0.12,0.12
1791330778.6665332,250.0840738499708,522.7445708146747,-254.16672674562113,-74.16672674562115,-3.8192313255459664,-1.0831294543143213,0.0,1.0,0.0,1.0,0,idle,239.55960274724958,520.0509528153619,248.40279326002383,522.9273249094398,0.12,0.12
1791330778.682614,246.22809541135837,521.6510199228693,-254.16672674562113,-74.16672674562113,-3.8559784386124374,-1.0935508918054437,0.0,1.0,0.0,1.0,0,idle,229.24728669816113,503.3405391305581,243.7818384152489,520.9091122732806,0.12,0.12
1791330778.7006059,242.33610382983207,520.5472557466337,-254.16672674562113,-74.16672674562113,-3.8919915815263,-1.103764176235619,0.0,1.0,0.0,1.0,0,idle,255.91869367971785,520.829568743898,240.69128917602237,519.8565591293876,0.12,0.12
1791330778.71569,238.40881854189598,519.4334823173034,-254.16672674562113,-74.16672674562113,-3.9272852879360896,-1.1137734293302586,0.0,1.0,0.0,1.0,0,idle,257.9727835663052,545.5010238128025,237.82444287199723,520.0806976056946,0.12,0.12
1791330778.7328372,234.44694471923074,518.3098996207272,-254.16672674562113,-74.16672674562113,-3.9618738226652326,-1.1235826965762934,0.0,1.0,0.0,1.0,0,idle,230.87760752850778,513.2063263863031,233.7133209732908,518.6695754829776,0.12,0.12
1791330778.7501068,230.4511735354156,517.1767036729085,-254.16672674562113,-74.16672674562113,-3.995771183815161,-1.1331959478186147,0.0,1.0,0.0,1.0,0,idle,244.2085962219735,518.4383138609965,230.44210211110052,517.5814762514508,0.12,0.12
1791330778.7671869,226.42218243009916,516.0340865949249,-254.16672674562113,-74.16672674562113,-4.028991105316436,-1.1426170779835692,0.0,1.0,0.0,1.0,0,idle,212.36016910936615,520.8238248476124,225.7104639109632,516.6581074571745,0.12,0.12
1791330778.7850082,222.3606353702535,514.8822366870187,-254.16672674562113,-74.16672674562115,-4.0615470598456405,-1.1518499079061866,0.0,1.0,0.0,1.0,0,idle,202.8446014354285,526.2777951179316,220.7087010803331,516.0448344277015,0.12,0.12
1791330778.8007529,218.26718310821514,513.7213385017773,-254.16672674562113,-74.16672674562115,-4.0934522620383795,-1.1608981852413829,0.0,1.0,0.0,1.0,0,idle,210.6838988241953,524.451423865188,216.31868131858977,515.3623106235965,0.12,0.12
1791330778.8184268,214.1424634362757,512.5515729163349,-254.16672674562113,-74.16672674562115,-4.124719671939433,-1.169765585442419,0.0,1.0,0.0,1.0,0,idle,224.82709460962667,498.065583743761,212.82561829479914,513.3861969734345,0.12,0.12
1791330778.835205,209.9871014376355,511.3731172035424,-254.16672674562113,-74.16672674562115,-4.1553619986402035,-1.1784557127924775,0.0,1.0,0.0,1.0,0,idle,208.83099937189866,520.4311994464517,208.6782934499459,512.6189141699325,0.12,0.12
1791330778.852314,205.80170973357414,510.186145102065,-254.16672674562113,-74.16672674562115,-4.185391704061347,-1.1869721014774108,0.0,1.0,0.0,1.0,0,idle,172.04891757340832,530.9394116092959,202.87070253726074,512.4073155454971,0.12,0.12
1791330778.870817,201.58688872672911,508.9908268853754,-254.16672674562113,-74.16672674562115,-4.214821006845039,-1.195318216689585,0.0,1.0,0.0,1.0,0,idle,206.7235509873504,506.8779139108685,199.05926500326245,510.99529315791057,0.12,0.12
1791330778.885961,197.34322684040217,507.7873294296211,-254.16672674562113,-74.16672674562115,-4.243661886326946,-1.203497455754325,0.0,1.0,0.0,1.0,0,idle,185.15964769688793,510.1305469155068,194.33280534593314,509.8087332628238,0.12,0.12
1791330778.903253,193.07130075383947,506.5758162803493,-254.16672674562113,-74.16672674562115,-4.2719260865627,-1.2115131492718172,0.0,1.0,0.0,1.0,0,idle,203.9730340960827,484.4004684169182,190.75648700120604,507.3873825287203,0.12,0.12
1791330778.920655,188.77167563345176,505.3564477180808,-254.16672674562113,-74.16672674562113,-4.299625120387711,-1.2193685622684705,0.0,1.0,0.0,1.0,0,idle,184.59347162633324,494.78542652798336,186.3636923680941,505.5988845945284,0.12,0.12
1791330778.9378932,184.44490535995917,504.1293808227281,-254.16672674562113,-74.16672674562113,-4.326770273492612,-1.2270668953527037,0.0,1.0,0.0,1.0,0,idle,184.13263374336555,516.3427008653662,182.1417076770397,504.9703618574852,0.12,0.12
1791330778.9538429,180.09153275145968,502.8947695368571,-254.16672674562113,-74.16672674562113,-4.353372608499482,-1.2346112858709604,0.0,1.0,0.0,1.0,0,idle,205.62028192934758,507.78028211192566,179.17993241158058,503.9379771486298,0.12,0.12
1791330778.9711502,175.71208978243317,501.65276472779664,-254.16672674562113,-74.16672674562113,-4.379442969026524,-1.2420048090604456,0.0,1.0,0.0,1.0,0,idle,169.78059989977157,517.0905494493994,174.54949496541494,503.4157011950608,0.12,0.12
1791330778.9875898,171.30709779870224,500.40351424860097,-254.16672674562113,-74.16672674562113,-4.4049919837309295,-1.2492504791956776,0.0,1.0,0.0,1.0,0,idle,180.63168440067676,482.00656207829286,170.66886205263364,501.15845628398654,0.12,0.12
1791330779.005174,166.8883638649023,499.15036656873565,-254.16672674562113,-74.16672674562113,-4.418733933799944,-1.2531476798653276,0.0,1.0,0.0,-0.5,1,braking,149.83405571251853,507.09933494147606,165.42932449851793,500.265009920989,0.12,0.12
1791330779.0217202,162.47198492469758,497.89788676224856,-254.16672674562113,-74.16672674562113,-4.416378940204698,-1.252479806487072,0.0,1.0,0.0,-0.5,1,braking,159.06193139626868,495.9947717476296,160.915394850211,498.8616421961583,0.12,0.12
1791330779.039904,158.07440116075475,496.65073724535984,-254.16672674562113,-74.16672674562113,-4.39758376394283,-1.2471495168887197,0.0,1.0,0.0,-0.5,1,braking,137.23717460842934,493.87509188497694,155.55377926237622,497.4275226395549,0.12,0.12
1791330779.055585,153.7103543443785,495.4130987668505,-254.16672674562113,-74.16672674562115,-4.36404681637627,-1.2376384785093033,0.0,1.0,0.0,-0.5,1,braking,198.63577331590324,486.9028838693606,153.56203448949512,495.72553414646137,0.12,0.12
1791330779.0732648,149.39200215769668,494.1884192308894,-254.16672674562113,-74.16672674562115,-4.318352186681807,-1.2246795359610974,0.0,1.0,0.0,-0.5,1,braking,159.53879404341453,499.9053365916371,149.75843788984338,494.7710787095571,0.12,0.12
1791330779.090037,145.1287051055562,492.9793532655005,-254.16672674562113,-74.16672674562115,-4.263297052140463,-1.2090659653888978,0.0,1.0,0.0,-0.5,1,braking,132.6239491205976,485.24772320202845,144.85158125184765,493.14629826706124,0.12,0.12
1791330779.1070678,140.92721595233007,491.7878159466158,-254.16672674562113,-74.16672674562115,-4.201489153226142,-1.191537318884666,0.0,1.0,0.0,-0.5,1,braking,135.4309115204855,488.1289867878222,140.38913306971472,491.7634722401588,0.12,0.12
1791330779.124725,136.79275201933777,490.6152869003465,-254.16672674562113,-74.16672674562113,-4.134463932992296,-1.1725290462692848,0.0,1.0,0.0,-0.5,1,braking,131.70075547851926,515.5236194703317,136.02697345381225,491.8375770077116,0.12,0.12
1791330779.141504,132.7298700371029,489.46305841004096,-254.16672674562113,-74.16672674562113,-4.062881982234857,-1.1522284903055593,0.0,1.0,0.0,-0.5,1,braking,116.09529432365514,471.0045766294113,131.17065161418125,489.7013099230063,0.12,0.12
1791330779.1578739,128.74287782169353,488.3323521672044,-254.16672674562113,-74.16672674562113,-3.9869922154093613,-1.1307062428365637,0.0,1.0,0.0,-0.5,1,steering,142.20508535219284,498.28662163209015,127.93473069644294,489.05640457776576,0.12,0.12
1791330779.174222,124.83407010680617,487.2225642977955,-254.09431869546077,-74.14970629461348,-3.908807714887361,-1.1097878694089407,0.0,1.0,-1.0,0.0,1,steering,135.0880804061326,496.8434016290937,124.57903085278443,488.3914559543937,0.12,0.12
1791330779.191006,121.00490976420123,486.1303401872459,-253.85184550620446,-74.0798081929346,-3.8291603426049354,-1.0922241105495882,0.0,1.0,-1.0,0.0,1,steering,136.57739564018982,493.19065211858276,121.54124676668,487.593802857581,0.12,0.12
1791330779.2070231,117.25661777942543,485.04977931187375,-253.3927879228512,-73.91874045236796,-3.7482919847757983,-1.0805608753721683,0.0,1.0,-1.0,0.0,1,steering,129.57556915485884,473.4325556100007,118.38208550055194,485.85920766359845,0.12,0.12
1791330779.223797,113.59045445542426,483.97311652447974,-252.70264994349753,-73.63377231231485,-3.666163324001162,-1.0766627873939956,0.0,1.0,-1.0,0.0,1,steering,134.44178344923827,494.8880353251762,115.70221524018515,485.287819398653,0.12,0.12
1791330779.241651,110.00784230556089,482.89152567370206,-251.7863017471757,-73.20093113221724,-3.5826121498633805,-1.0815908507776488,0.0,1.0,-1.0,0.0,1,steering,100.36751770967746,466.0749821834984,111.53199882128956,483.2996662296565,0.12,0.12
1791330779.258024,106.51040576412333,481.79586733702945,-250.6597058277566,-72.6055469672648,-3.497436541437547,-1.0956583366726167,0.0,1.0,-1.0,0.0,1,steering,122.31818668815124,486.5605330969357,108.74874350026697,482.42183415318146,0.12,0.12
1791330779.274963,103.09996410554037,480.6773032670396,-249.34457685292563,-71.84143167675104,-3.410441658582969,-1.1185640699898827,0.0,1.0,-1.0,0.0,1,steering,112.28575352469397,482.01976406065836,105.68567442583449,481.33909478206493,0.12,0.12
1791330779.29291,99.77849583115947,479.5277556403664,-247.86498697706665,-70.90945631160552,-3.321468274380886,-1.149547626673155,0.0,1.0,-1.0,0.0,1,steering,90.75433882511446,489.1005858688055,101.78371278513664,480.63509909106244,0.12,0.12
1791330779.3089359,96.54808503347927,478.3402178390531,-246.24525551797737,-69.81596612972972,-3.2304107976802037,-1.1875378013133469,0.0,1.0,-1.0,0.0,1,steering,72.82212759076597,474.7771815878031,97.26674326762192,479.2140423046518,0.12,0.12
1791330779.3258612,93.4108571312924,477.1089366365925,-244.5086846290139,-68.57127058196151,-3.1372279021868676,-1.231281202460591,0.0,1.0,-1.0,0.0,1,steering,88.72749535280211,475.3672625522099,93.85941436480341,477.8519861746921,0.12,0.12
1791330779.3436081,90.3689099818792,475.8294901534748,-242.67685040097496,-67.1883217222799,-3.04194714941321,-1.2794464831176757,0.0,1.0,-1.0,0.0,1,steering,81.0608248124619,472.56408610662567,90.32963509524379,476.372117012327,0.12,0.12
1791330779.360704,87.4242454323112,474.49878583926983,-240.76925592990898,-65.68162125575996,-2.944664549567998,-1.3307043142049906,0.0,1.0,-1.0,0.0,1,steering,95.25850150002731,475.4706026937711,87.77864709339336,475.0628721979045,0.12,0.12
1791330779.376436,84.57870541804292,473.1150003778584,-238.80321677952523,-64.06635574309969,-2.8455400142682743,-1.3837854614114111,0.0,1.0,-1.0,0.0,1,steering,96.6800576067713,465.4193310803613,85.5204546055074,473.2660989536865,0.12,0.12
1791330779.393068,81.83391568021945,471.6774801300573,-236.7938916856037,-62.357739070415896,-2.74478973782347,-1.437520247801095,0.0,1.0,-1.0,0.0,1,steering,59.680107971605366,472.6080417713859,81.62088702288,471.8675518591604,0.12,0.12
1791330779.409765,79.19123912021642,470.18661725527824,-234.75439985828197,-60.57053294001397,-2.642676560003029,-1.4908628747790624,0.0,1.0,-1.0,0.0,1,steering,76.66432761005497,461.8933236126532,78.86251632023587,469.95252071579495,0.12,0.12
1791330779.427179,76.65173983227982,468.64371337387604,-232.6959856282021,-58.718714507333246,-2.5394992879366036,-1.5429038814021743,0.0,0.0,-1.0,0.0,1,steering,56.99420844905677,483.46516023627294,75.35657660313714,469.16239400448677,0.12,0.12
1791330779.44385,74.21615802242904,467.05083972600784,-230.62820449045097,-56.81526208641359,-2.4355818098507793,-1.592873647868208,0.0,0.0,-1.0,0.0,1,steering,60.65476230367028,471.03962270008094,72.30768316880557,467.7430254737917,0.12,0.12
1791330779.460365,71.88489537018705,465.41070031787336,-228.55911377512354,-54.87203314968918,-2.331262652241985,-1.6401394081344782,0.0,0.0,-1.0,0.0,1,steering,93.85611466927325,462.77732763460114,71.17040522419906,465.9366081441044,0.12,0.12
1791330779.477014,69.65800992548292,463.72650252477706,-226.4954574935923,-52.899712608957,-2.226885444704142,-1.6841977930963021,0.0,0.0,-1.0,0.0,1,steering,58.588630985545535,472.97219725290375,68.42577533979745,464.6883996961029,0.12,0.12
1791330779.493729,67.53521934146141,462.0018380110022,-224.44283923485105,-50.90781305458759,-2.122790584021498,-1.7246645137748549,0.0,0.0,-1.0,0.0,1,steering,66.32646814502394,453.28333958973514,66.30415892523835,462.4797154026984,0.12,0.12
1791330779.511383,65.51591109818,460.2405755810518,-222.4058799085523,-48.904712011222514,-2.0193082432814107,-1.761262429950357,0.0,0.0,-1.0,0.0,1,steering,83.16975021116409,457.6044415743631,65.2290956584173,460.5627524028288,0.12,0.12
1791330779.527076,63.59915834083755,458.44676664154997,-220.38835906599522,-46.8977142528243,-1.9167527573424543,-1.793808939501845,0.0,0.0,-1.0,0.0,1,steering,79.71892989793375,454.3080717030862,64.13267225091779,458.5458998753149,0.12,0.12
1791330779.54354,61.78374000817822,456.62456327449337,-218.39333977263001,-44.893129793016804,-1.8154183326593265,-1.8222033670565905,0.0,0.0,-1.0,0.0,1,steering,52.40461573244903,459.7310126581991,61.82162200896799,456.87406231575534,0.12,0.12
1791330779.561038,60.06816403430371,454.7781484508919,-216.42327776690024,-42.89636034540191,-1.7155759738745076,-1.8464148236015012,0.0,0.0,-1.0,0.0,1,steering,36.994114345900144,464.2769979463636,58.95044945063382,455.49011501486433,0.12,0.12
1791330779.577606,58.4506925473299,452.9116776050093,-214.48011607175252,-40.91198886343129,-1.6174714869738103,-1.8664708458826063,0.0,0.0,-1.0,0.0,1,steering,50.36462153439021,467.17749842213817,56.984560142196514,454.30133688163954,0.12,0.12
1791330779.595175,56.92936814326858,451.0292306055604,-212.5653664348799,-38.94386825602518,-1.5213244040613159,-1.8824469994489383,0.0,0.0,-1.0,0.0,1,steering,41.54438746018691,472.3458374159392,54.767293324237784,453.41523725887805,0.12,0.12
1791330779.611713,55.50204047012403,449.1347730697491,-210.68017903822994,-36.99520657082675,-1.4273276731445537,-1.8944575358113056,0.0,0.0,-1.0,0.0,1,steering,49.97599677786489,460.5999610567996,53.17176720743181,451.9747387897534,0.12,0.12
1791330779.629388,54.16639250652969,447.2321259432351,-208.8254018901265,-35.068646879374185,-1.3356479635943426,-1.9026471265140301,0.0,0.0,-1.0,0.0,1,steering,54.31385102891441,462.97442381993835,51.96000583309132,450.71720827107436,0.12,0.12
1791330779.6451771,52.91996605573065,445.32494229352557,-207.00163123160445,-33.16634082439745,-1.246426450799043,-1.9071836497095105,0.0,0.0,-1.0,0.0,1,steering,47.33267257187174,457.7822541513152,50.54453404177126,449.25863609786234,0.12,0.12
1791330779.661537,51.76018609634131,443.4166903199785,-205.20925417742208,-31.29001533402679,-1.1597799593893412,-1.90825197354706,0.0,0.0,-1.0,0.0,1,steering,51.25898401252853,452.66554899252003,49.47846557888925,447.6161423677255,0.12,0.12
1791330779.6786869,50.684383734959496,441.510641658448,-203.4484846884168,-29.441032403516882,-1.0758023613818082,-1.906048661530503,0.0,0.0,-1.0,0.0,1,steering,38.74917126795117,410.8493211468035,47.91998862002963,443.9670550782254,0.12,0.12
1791330779.695799,49.68981759258446,439.6098641436067,-201.71939384615905,-27.620442121520053,-0.9945661423750382,-1.9007775148412613,0.0,0.0,-1.0,0.0,1,idle,60.944147873621475,444.4387645214021,47.62635874745294,442.18490191128507,0.12,0.12
1791330779.712606,48.76973388022038,437.7186802641242,-200.50843388119247,-25.943479026859826,-0.9200837123640845,-1.8911838794825004,0.0,0.0,0.0,0.0,0,idle,17.733138088955222,424.3413023450028,45.25761818778218,439.49609724746256,0.12,0.12
1791330779.729645,47.91580366246047,435.84151453112656,-199.65584107128933,-24.46097839461683,-0.8539302177599086,-1.877165732997629,0.0,0.0,0.0,0.0,0,idle,31.641643191729155,416.61548181942726,43.76558573110761,436.568759029713,0.12,0.12
1791330779.747225,47.11949793054418,433.9823757828507,-199.05392873611586,-23.18640397291282,-0.7963057319162886,-1.859138748275863,0.0,0.0,0.0,0.0,0,idle,43.96436740066293,455.10566568254933,43.0190343692649,435.72942255149275,0.12,0.12
1791330779.7638552,46.37281641757698,432.14466038950013,-198.62839396319413,-22.11238221989055,-0.7466815129672023,-1.8377153933505415,0.0,0.0,0.0,0.0,0,idle,49.41354661817659,439.77473115990483,42.62941254439165,434.18585835823035,0.12,0.12
1791330779.780807,45.66862717893573,430.3311161676333,-198.32733337336097,-21.220917209793953,-0.7041892386412496,-1.8135442218668143,0.0,0.0,0.0,0.0,0,idle,48.39103036547292,427.2797773695127,42.24851365873653,432.117687298021,0.12,0.12
1791330779.797458,45.000777994479776,428.543882980302,-198.1142557454843,-20.489594632409627,-0.6678491844559502,-1.787233187331317,0.0,0.0,0.0,0.0,0,idle,55.67935012219463,434.41050164294006,42.28559875667628,430.5344564873022,0.12,0.12
1791330779.8138602,44.364080304164986,426.7845655914485,-197.96341875200298,-19.895211036588737,-0.6366976903147934,-1.7593173888534883,0.0,0.0,0.0,0.0,0,idle,53.28684142544347,429.87864614226004,42.23079808431559,428.83031445063926,0.12,0.12
1791330779.831445,43.75422780203601,425.05431555902516,-197.85663067142198,-19.415768182115297,-0.6098525021289749,-1.7302500324233439,0.0,0.0,0.0,0.0,0,idle,40.19215124736149,430.193846442337,41.549505865445354,427.25475351942197,0.12,0.12
1791330779.848015,43.16768708604815,423.35391051133024,-197.7810238250501,-19.031452509223755,-0.5865407159878688,-1.700405047694893,0.0,0.0,0.0,0.0,0,idle,57.53401738472367,421.72185792991775,41.791517761220796,425.36272394463657,0.12,0.12
1791330779.864681,42.60158202885437,421.68382547486476,-197.72749204369458,-18.725004294829134,-0.5661050571937788,-1.6700850364654771,0.0,0.0,0.0,0.0,0,idle,22.991141232356714,408.4019663021521,40.3136991304435,422.92810527787015,0.12,0.12
1791330779.882305,42.05358366836923,420.0442943445829,-197.68958947439597,-18.481735837021983,-0.5479983604851361,-1.6395311302818432,0.0,0.0,0.0,0.0,0,idle,38.84551615375711,436.91607872910424,39.7196915391483,422.0699493766641,0.12,0.12
1791330779.899064,41.521811361673265,418.43536138225244,-197.66275278513675,-18.28936149246406,-0.5317723066959636,-1.6089329623304762,0.0,0.0,0.0,0.0,0,idle,38.794786683951436,440.9342723358091,39.168262605027294,421.4846792104074,0.12,0.12
1791330779.915927,41.004747343602276,416.8569235075256,-197.6437511504615,-18.13773932478677,-0.517064018070986,-1.5784378747268142,0.0,0.0,0.0,0.0,0,idle,32.65615665906404,424.3852962194623,38.3514464905617,420.1301940798697,0.12,0.12
1791330779.933132,40.501164786224244,415.30876451417134,-197.63029707377413,-18.018583576104053,-0.5035825573780313,-1.548158993354253,0.0,0.0,0.0,0.0,0,idle,33.43128895300834,414.4263607303014,37.6270351841749,418.37425136870473,0.12,0.12
1791330779.949884,40.01006838010108,413.7905824335773,-197.62077092614425,-17.92518151577508,-0.49109640612316013,-1.5181820805940704,0.0,0.0,0.0,0.0,0,idle,41.696947588244136,401.0952658786245,37.36398921856136,416.0680291176364,0.12,0.12
1791330779.966778,40,412.3020112133845,-197.61402594151957,-17.852132264116474,0.0,0.0,0.0,0.0,0.0,0.0,0,idle,33.44913931226797,426.4925512691595,37.16824672324669,416.5892552252126,0.12,0.12
1791330779.9840288,40.00000000004513,412.30201121352667,-197.61402594152156,162.38597405847844,4.512971980556558e-11,1.4214616003895346e-10,0.0,0.0,0.0,0.0,0,idle,39.997226811292855,417.27236704920756,37.30969572769187,416.6234108165474,0.12,0.12
1791330780.001183,40.00000000015581,412.3020112138753,-197.614025941524,162.38597405847673,1.1068063782315992e-10,3.486134574955301e-10,0.0,0.0,0.0,0.0,0,idle,20.73258077557978,414.1293831918376,36.48083998019141,416.4987094356431,0.12,0.12
1791330780.017905,40.00000000033767,412.3020112144481,-197.61402594152628,162.38597405847509,1.8186515517624545e-10,5.728250377924653e-10,0.0,0.0,0.0,0.0,0,idle,37.44031142170576,416.57853384479057,36.5288135524399,416.50270065664466,0.12,0.12
1791330780.034948,40.00000000058797,412.30201121523646,-197.61402594152815,162.3859740584736,2.502971016198593e-10,7.883667795283902e-10,0.0,0.0,0.0,0.0,0,idle,50.800325408804426,422.00118391638546,37.242389145495906,416.77762482038065,0.12,0.12
1791330780.0514271,40.00000000089961,412.30201121621803,-197.61402594152963,162.38597405847233,3.1164051779251505e-10,9.815816075879496e-10,0.0,0.0,0.0,0.0,0,idle,43.07307087656531,419.43040403528386,37.53392323234544,416.9102637820583,0.12,0.12
1791330780.0683782,40.000000001263665,412.3020112173647,-197.61402594153077,162.38597405847122,3.6405461279525103e-10,1.1466715387607722e-09,0.0,0.0,0.0,0.0,0,idle,58.51892814331383,392.0484565221138,38.58317347823971,415.6671734201504,0.12,0.12
1791330780.084843,40.00000000167084,412.3020112186472,-197.6140259415316,162.3859740584703,4.071780302025017e-10,1.28249840005309e-09,0.0,0.0,0.0,0.0,0,idle,30.283996488449606,399.4261323619722,38.16821462913702,414.85512136845983,0.12,0.12
1791330780.102138,40.000000002112316,412.3020112200377,-197.61402594153222,162.38597405846951,4.414758182362652e-10,1.3905269649949635e-09,0.0,0.0,0.0,0.0,0,idle,20.27009115300447,418.75247246444013,37.27330845574979,415.04998892457985,0.12,0.12
1791330780.1179478,40.000000002580144,412.30201122151124,-197.61402594153267,162.3859740584689,4.678282440669977e-10,1.4735298321894417e-09,0.0,0.0,0.0,0.0,0,idle,30.03686556978127,411.19364034409637,36.9114863118958,414.8571714969556,0.12,0.12
1791330780.1348941,40.00000000306742,412.302011223046,-197.614025941533,162.38597405846835,4.872791832753544e-10,1.5347949215701706e-09,0.0,0.0,0.0,0.0,0,idle,34.610018240026825,414.7759944314387,36.79641290876526,414.85311264513774,0.12,0.12
1791330780.1514502,40.00000000356831,412.30201122462364,-197.6140259415332,162.38597405846795,5.008884344547617e-10,1.5776603061657288e-09,0.0,0.0,0.0,0.0,0,idle,39.80569617643098,417.2077403917123,36.946877072624396,414.97084403396525,0.12,0.12
1791330780.168031,40.00000000407796,412.3020112262289,-197.61402594153338,162.38597405846758,5.096505937961986e-10,1.6052586894350797e-09,0.0,0.0,0.0,0.0,0,idle,50.13590490547578,425.1593912554264,37.60632846475114,415.4802713965633,0.12,0.12
1791330780.185081,40.000000004592415,412.3020112278493,-197.6140259415335,162.3859740584673,5.144556248136454e-10,1.6203932107868432e-09,0.0,0.0,0.0,0.0,0,idle,32.91312406268434,418.1094119435865,37.371668245136526,415.6117284254538,0.12,0.12
1791330780.2019641,40.00000000510849,412.3020112294748,-197.61402594153358,162.3859740584671,5.160747569763161e-10,1.6254930301632904e-09,0.0,0.0,0.0,0.0,0,idle,35.54005062910053,420.60494548218753,37.28008736482499,415.8613892798347,0.12,0.12
1791330780.2187781,40.00000000562365,412.30201123109737,-197.61402594153364,162.38597405846693,5.15161087604239e-10,1.6226152238452762e-09,0.0,0.0,0.0,0.0,0,idle,26.660133476484646,403.34790369509244,36.749089670897376,415.2357150021391,0.12,0.12
1791330780.236346,40.000000006135906,412.3020112327108,-197.61402594153367,162.3859740584668,5.122581092201581e-10,1.613471643256889e-09,0.0,0.0,0.0,0.0,0,idle,36.598580338563224,422.3059222485331,36.741564204767315,415.5892253659916,0.12,0.12
1791330780.2528288,40.00000000664372,412.30201123431027,-197.6140259415337,162.38597405846667,5.078119398074041e-10,1.5994674369017737e-09,0.0,0.0,0.0,0.0,0,idle,47.362174995911815,381.8564960297249,37.27259474480696,413.9025889006977,0.12,0.12
1791330780.2703848,40.0000000071459,412.302011235892,-197.61402594153373,162.38597405846656,5.021847109924724e-10,1.5817432194426555e-09,0.0,0.0,0.0,0.0,0,idle,57.733265245339126,437.3954768727293,38.295628270310644,415.07723330080194,0.12,0.12
1791330780.28687,40.00000000764157,412.3020112374532,-197.61402594153375,162.3859740584665,4.956676547618267e-10,1.5612162912468895e-09,0.0,0.0,0.0,0.0,0,idle,45.37125100579671,404.4380709391971,38.64940940755583,414.54527518420485,0.12,0.12
1791330780.3043141,40.00000000813006,412.30201123899184,-197.61402594153375,162.38597405846645,4.884931188221209e-10,1.5386184834545094e-09,0.0,0.0,0.0,0.0,0,idle,14.467024708369948,419.0076362853031,37.4402901730606,414.7683932407215,0.12,0.12
1791330780.3206651,40.000000008610904,412.3020112405064,-197.61402594153375,162.3859740584664,4.808451677467978e-10,1.514529548663731e-09,0.0,0.0,0.0,0.0,0,idle,43.411997256423675,396.3454292740934,37.73887552768556,413.8472450438289,0.12,0.12
1791330780.338055,40.00000000908377,412.3020112419958,-197.61402594153375,162.38597405846636,4.728686822366067e-10,1.4894058210898788e-09,0.0,0.0,0.0,0.0,0,idle,45.367502793068525,424.5059383909573,38.12030689140393,414.38017971260024,0.12,0.12
1791330780.3554711,40.000000009548444,412.3020112434594,-197.61402594153375,162.38597405846633,4.6467701318196737e-10,1.4636043247490451e-09,0.0,0.0,0.0,0.0,0,idle,11.509005445609699,397.65571171542877,36.78974181955566,413.54395631413206,0.12,0.12
1791330780.3719501,40.000000010004804,412.3020112448968,-197.61402594153375,162.3859740584663,4.563583215076186e-10,1.4374027422187218e-09,0.0,0.0,0.0,0.0,0,idle,31.57506549796203,421.65458741799796,36.52900800390952,413.94948787069086,0.12,0.12
1791330780.389444,40.00000001045279,412.3020112463078,-197.61402594153375,162.3859740584663,4.4798076595044e-10,1.4110157547059331e-09,0.0,0.0,0.0,0.0,0,idle,34.491821209996516,446.94179139436267,36.427148664639454,415.59910304821494,0.12,0.12
1791330780.405814,40.000000010892386,412.3020112476924,-197.61402594153375,162.3859740584663,4.395967065625633e-10,1.3846082819217259e-09,0.0,0.0,0.0,0.0,0,idle,52.014927235492394,406.8967309768848,37.20653759359972,415.1639844459638,0.12,0.12
1791330780.423475,40.00000001132363,412.30201124905074,-197.61402594153375,162.3859740584663,4.312460831481114e-10,1.3583061232243328e-09,0.0,0.0,0.0,0.0,0,idle,55.11401164401544,427.6440822442679,38.10191129653018,415.78798933716945,0.12,0.12
1791330780.4412858,40.000000011746586,412.3020112503829,-197.61402594153375,162.38597405846627,4.2295911214545403e-10,1.3322044520538462e-09,0.0,0.0,0.0,0.0,0,idle,17.992052763249475,421.1675464754944,37.096418370267955,416.05696719535126,0.12,0.12
1791330780.457927,40.000000012161344,412.3020112516893,-197.61402594153375,162.38597405846627,4.147584270051781e-10,1.3063745575320077e-09,0.0,0.0,0.0,0.0,0,idle,29.306958990127583,415.5031078258539,36.706945401654956,416.02927422811746,0.12,0.12
1791330780.475636,40.000000012568,412.30201125297015,-197.61402594153375,162.38597405846627,4.0666076843464924e-10,1.2808691682660098e-09,0.0,0.0,0.0,0.0,0,idle,39.94191960250494,413.87697133317636,36.86869411208378,415.9216590845872,0.12,0.12
1791330780.492508,40.00000001296668,412.3020112542259,-197.61402594153375,162.38597405846627,3.9867831337866567e-10,1.255726638270713e-09,0.0,0.0,0.0,0.0,0,idle,33.558443038248726,428.01154324917906,36.70318155877077,416.5261532940097,0.12,0.12
1791330780.509686,40.0000000133575,412.3020112554569,-197.61402594153375,162.38597405846627,3.908197159567937e-10,1.2309742256339178e-09,0.0,0.0,0.0,0.0,0,idle,39.023807712414154,406.00832735860627,36.81921286682422,416.000261998409,0.12,0.12
1791330780.525845,40.00000001374059,412.3020112566635,-197.61402594153375,162.38597405846627,3.8309092001850355e-10,1.2066306518407494e-09,0.0,0.0,0.0,0.0,0,idle,37.266854232732264,421.69985602862846,36.84159493548356,416.28524170106624,0.12,0.12
1791330780.542242,40.00000001411608,412.3020112578462,-197.61402594153375,162.38597405846627,3.7549579149066446e-10,1.1827080934937176e-09,0.0,0.0,0.0,0.0,0,idle,51.2145889990472,435.55444439106486,37.560244639018464,417.24870183668975,0.12,0.12
1791330780.559293,40.00000001448412,412.3020112590054,-197.61402594153375,162.38597405846627,3.6803660912553226e-10,1.1592137280334143e-09,0.0,0.0,0.0,0.0,0,idle,26.35630436238219,422.79374862903865,37.00004762553629,417.52595417740844,0.12,0.12
1791330780.576406,40.00000001484484,412.3020112601415,-197.61402594153375,162.38597405846627,3.607144443950868e-10,1.1361509303008134e-09,0.0,0.0,0.0,0.0,0,idle,44.95566201371737,383.8825683565834,37.39782834528802,415.84378488744653,0.12,0.12
1791330780.593614,40.00000001519837,412.302011261255,-197.61402594153375,162.38597405846627,3.5352945488417695e-10,1.1135201966446899e-09,0.0,0.0,0.0,0.0,0,idle,56.372590274890015,403.48336406924886,38.34656644210397,415.22576384759446,0.12,0.12
1791330780.609609,40.00000001554485,412.30201126234635,-197.61402594153375,162.38597405846627,3.464811103810262e-10,1.091319857044304e-09,0.0,0.0,0.0,0.0,0,idle,44.111982828005864,412.388804131464,38.63483726172822,415.0839158628247,0.12,0.12
1791330780.626017,40.00000001588442,412.3020112634159,-197.61402594153375,162.38597405846627,3.3956836673894763e-10,1.069546622725813e-09,0.0,0.0,0.0,0.0,0,idle,37.32622992368334,399.88209163561544,38.56940689514857,414.3238246524803,0.12,0.12
1791330780.6427252,40.00000001621721,412.3020112644641,-197.61402594153375,162.38597405846627,3.3278979930226683e-10,1.0481960064170955e-09,0.0,0.0,0.0,0.0,0,idle,30.783555369325168,388.79410407759434,38.18011431917355,413.0473386247318,0.12,0.12
1791330780.66028,40.00000001654335,412.3020112654914,-197.61402594153375,162.38597405846627,3.26143705093468e-10,1.027262644209057e-09,0.0,0.0,0.0,0.0,0,idle,33.27254100423917,418.7541158377773,37.93473565373667,413.33267748636,0.12,0.12
1791330780.676796,40.000000016862984,412.30201126649814,-197.61402594153375,162.38597405846627,3.196281809138121e-10,1.0067405415510181e-09,0.0,0.0,0.0,0.0,0,idle,42.590068924995634,442.2732948942074,38.167502317603265,414.7797083577088,0.12,0.12
1791330780.694266,40.00000001717623,412.3020112674848,-197.61402594153375,162.38597405846627,3.132411829054498e-10,9.866232608549277e-10,0.0,0.0,0.0,0.0,0,idle,42.81596088970724,395.7701818779575,38.399925246506044,413.8292320346585,0.12,0.12
1791330780.709986,40.00000001748321,412.3020112684517,-197.61402594153375,162.38597405846627,3.0698057186883966e-10,9.669040642327226e-10,0.0,0.0,0.0,0.0,0,idle,54.01917636387517,417.7919975898414,39.180887802666135,414.02737031333623,0.12,0.12
1791330780.726625,40.00000001778405,412.30201126939926,-197.61402594153375,162.38597405846627,3.0084414765174777e-10,9.475760218121836e-10,0.0,0.0,0.0,0.0,0,idle,16.785640172205603,416.0350742350153,38.06112542142891,414.1277555103204,0.12,0.12
1791330780.744426,40.000000018078886,412.3020112703279,-197.61402594153375,162.38597405846627,2.9482967516630766e-10,9.286320936834921e-10,0.0,0.0,0.0,0.0,0,idle,38.69117506965992,411.87464647525024,38.092627904120555,414.01510005944914,0.12,0.12
1791330780.7609541,40.00000001836782,412.302011271238,-197.61402594153375,162.38597405846627,2.8893490400152304e-10,9.100651916732002e-10,0.0,0.0,0.0,0.0,0,idle,35.0416174749592,406.86098279962397,37.94007738293698,413.65739419732245,0.12,0.12
1791330780.778603,40.00000001865098,412.30201127212985,-197.61402594153375,162.38597405846627,2.83157583142867e-10,8.918682257069054e-10,0.0,0.0,0.0,0.0,0,idle,48.923897094447966,402.9783628669111,38.489268368781524,413.12344263164914,0.12,0.12
1791330780.795383,40.000000018928475,412.30201127300387,-197.61402594153375,162.38597405846627,2.7749547195878634e-10,8.740341384137061e-10,0.0,0.0,0.0,0.0,0,idle,35.89707509979972,411.56075820039496,38.359658705596054,413.04530841091673,0.12,0.12
1791330780.8126101,40.00000001920042,412.30201127386044,-197.61402594153375,162.38597405846627,2.71946348342777e-10,8.56555930771492e-10,0.0,0.0,0.0,0.0,0,idle,22.80537490796976,398.72956224745565,37.581944515973085,412.3295211035574,0.12,0.12
1791330780.828832,40.00000001946693,412.30201127469985,-197.61402594153375,162.38597405846627,2.6650801469109684e-10,8.394266809350893e-10,0.0,0.0,0.0,0.0,0,idle,55.05169502420078,422.0629557368218,38.45543204163766,412.81619283601805,0.12,0.12
1791330780.846091,40.00000001972811,412.3020112755225,-197.61402594153375,162.38597405846627,2.611783022359424e-10,8.226395578845713e-10,0.0,0.0,0.0,0.0,0,idle,26.929350054509634,425.8206506341357,37.87912794252938,413.46641572670546,0.12,0.12
1791330780.863177,40.000000019984064,412.3020112763287,-197.61402594153375,162.38597405846627,2.5595507413100075e-10,8.061878311438951e-10,0.0,0.0,0.0,0.0,0,idle,21.04559083778998,420.17131007983556,37.037451087535565,413.8016604451279,0.12,0.12
1791330780.8804832,40.0000000202349,412.30201127711877,-197.61402594153375,162.38597405846627,2.5083622759212474e-10,7.900648775234375e-10,0.0,0.0,0.0,0.0,0,idle,19.77880422276403,429.69897597581814,36.174518744535284,414.59652622241293,0.12,0.12
1791330780.8975859,40.00000002048072,412.30201127789303,-197.61402594153375,162.38597405846627,2.458196953238285e-10,7.742641856130625e-10,0.0,0.0,0.0,0.0,0,idle,23.493235880397187,434.855571857506,35.540454601561905,415.6094785049031,0.12,0.12
1791330780.913733,40.00000002072162,412.30201127865183,-197.61402594153375,162.38597405846627,2.409034464072325e-10,7.587793585789029e-10,0.0,0.0,0.0,0.0,0,idle,33.693484238291994,422.6322948913474,35.448106083627266,415.9606193249462,0.12,0.12
1791330780.930079,40.00000002095771,412.30201127939546,-197.61402594153375,162.38597405846627,2.360854867830404e-10,7.436041156846037e-10,0.0,0.0,0.0,0.0,0,idle,53.750456037385476,414.01152426558303,36.36322358153946,415.86316457268447,0.12,0.12
1791330780.947273,40.000000021189074,412.3020112801242,-197.61402594153375,162.38597405846627,2.3136385943105814e-10,7.287322928567583e-10,0.0,0.0,0.0,0.0,0,idle,28.750896130870274,434.0737794247789,35.9826072092258,416.7736953159815,0.12,0.12
1791330780.963983,40.00000002141581,412.30201128083837,-197.61402594153375,162.38597405846627,2.267366443233244e-10,7.141578425372821e-10,0.0,0.0,0.0,0.0,0,idle,45.36980126922081,390.77225333049194,36.451966912440945,415.4736232173855,0.12,0.12
1791330780.980716,40.00000002163801,412.3020112815382,-197.61402594153375,162.38597405846627,2.2220195820930877e-10,6.998748330068459e-10,0.0,0.0,0.0,0.0,0,idle,45.13584996016843,408.7548406344332,36.88616106503841,415.13768408890274,0.12,0.12
1791330780.9980202,40.00000002185577,412.3020112822241,-197.61402594153375,162.38597405846627,2.1775795427747564e-10,6.858774473188958e-10,0.0,0.0,0.0,0.0,0,idle,22.79406446151496,423.20797511019924,36.18155623506911,415.54119864061914,0.12,0.12
1791330781.014955,40.00000002206917,412.3020112828963,-197.61402594153375,162.38597405846627,2.134028217267442e-10,6.721599819498703e-10,0.0,0.0,0.0,0.0,0,idle,42.33157942652505,419.7410922853729,36.48905739484464,415.7511933234954,0.12,0.12
1791330781.032236,40.00000002227831,412.302011283555,-197.61402594153375,162.38597405846627,2.091347852731976e-10,6.587168452454705e-10,0.0,0.0,0.0,0.0,0,idle,47.4250625119423,409.2936868958231,37.0358576508982,415.4283180027375,0.12,0.12
1791330781.0489118,40.000000022483256,412.30201128420055,-197.61402594153375,162.38597405846627,2.0495210461118434e-10,6.455425557232783e-10,0.0,0.0,0.0,0.0,0,idle,31.04210380867834,412.52748797397334,36.73616995898191,415.2832765019126,0.12,0.12
1791330781.0659819,40.00000002268411,412.30201128483316,-197.61402594153375,162.38597405846627,2.0085307384324378e-10,6.326317402771787e-10,0.0,0.0,0.0,0.0,0,idle,48.24464523003272,407.0647157265335,37.31159372272526,414.87234846374463,0.12,0.12
1791330781.082509,40.00000002288095,412.30201128545315,-197.61402594153375,162.38597405846627,1.9683602088971598e-10,6.199791323177942e-10,0.0,0.0,0.0,0.0,0,idle,38.250976708714866,420.26301851881993,37.358562872211735,415.1418819670874,0.12,0.12
1791330781.099961,40.000000023073845,412.30201128606075,-197.61402594153375,162.38597405846627,1.9289930688618956e-10,6.075795698746117e-10,0.0,0.0,0.0,0.0,0,idle,23.67505833043682,411.71171679559995,36.67438764530624,414.9703737090902,0.12,0.12
1791330781.1174579,40.000000023262885,412.3020112866562,-197.61402594153375,162.38597405846627,1.8904132557489198e-10,5.954279936790297e-10,0.0,0.0,0.0,0.0,0,idle,42.86684427118047,422.8385317110147,36.98401047677954,415.3637816097521,0.12,0.12
1791330781.1339781,40.000000023448145,412.3020112872397,-197.61402594153375,162.38597405846627,1.8526050269457535e-10,5.835194452426676e-10,0.0,0.0,0.0,0.0,0,idle,29.469335909441902,411.86733186537543,36.60827674858865,415.18895912308756,0.12,0.12
1791330781.149612,40.0000000236297,412.3020112878115,-197.61402594153375,162.38597405846627,1.8155529537227845e-10,5.718490649415832e-10,0.0,0.0,0.0,0.0,0,idle,25.829520442171557,387.8282231009748,36.06933893344028,413.8209223225252,0.12,0.12
1791330781.167255,40.00000002380763,412.30201128837194,-197.61402594153375,162.38597405846627,1.7792419151945962e-10,5.604120901142586e-10,0.0,0.0,0.0,0.0,0,idle,30.45245522189841,397.0884741582043,35.788494748032214,412.98429991484153,0.12,0.12
1791330781.1840582,40.000000023982,412.30201128892116,-197.61402594153375,162.38597405846627,1.7436570923432547e-10,5.492038531791003e-10,0.0,0.0,0.0,0.0,0,idle,40.46545229061952,400.0681733059708,36.02234262532723,412.3384935849198,0.12,0.12
1791330781.200896,40.000000024152875,412.30201128945936,-197.61402594153375,162.38597405846627,1.7087839621167615e-10,5.382197797756147e-10,0.0,0.0,0.0,0.0,0,idle,50.88784733400383,425.4290484501308,36.76561786092339,412.9930213286916,0.12,0.12
1791330781.218047,40.000000024320336,412.3020112899868,-197.61402594153375,162.38597405846627,1.6746082916120733e-10,5.274553869322201e-10,0.0,0.0,0.0,0.0,0,idle,22.614580758880333,402.70354199152234,36.05806600598033,412.4785473623342,0.12,0.12
1791330781.2351959,40.00000002448445,412.30201129050374,-197.61402594153375,162.38597405846627,1.641116132349228e-10,5.169062812627541e-10,0.0,0.0,0.0,0.0,0,idle,45.384898178103185,416.5707342433508,36.52440761474238,412.6831567068761,0.12,0.12
1791330781.25255,40.00000002464528,412.30201129101033,-197.61402594153375,162.38597405846627,1.6082938146409666e-10,5.065681571930605e-10,0.0,0.0,0.0,0.0,0,idle,36.0303803169722,398.4845640276854,36.49970625000666,411.9732270733978,0.12,0.12
1791330781.26878,40.000000024802894,412.30201129150674,-197.61402594153375,162.38597405846627,1.5761279420606256e-10,4.964367952185276e-10,0.0,0.0,0.0,0.0,0,idle,47.150440350558796,394.4787625208819,37.032242955183996,411.0985038462436,0.12,0.12
1791330781.285965,40.00000002495735,412.30201129199327,-197.61402594153375,162.38597405846627,1.544605386009867e-10,4.865080601930729e-10,0.0,0.0,0.0,0.0,0,idle,40.86277364295504,416.22895064668063,37.22376948971928,411.3550261867276,0.12,0.12
1791330781.3030772,40.000000025108726,412.30201129247007,-197.61402594153375,162.38597405846627,1.5137132803869138e-10,4.767778996497854e-10,0.0,0.0,0.0,0.0,0,idle,42.67712728894002,412.34577994963956,37.49643737982412,411.4045638753262,0.12,0.12
1791330781.319393,40.00000002525707,412.3020112929373,-197.61402594153375,162.38597405846627,1.4834390163552901e-10,4.672423421532223e-10,0.0,0.0,0.0,0.0,0,idle,34.13453260735831,420.29884730212376,37.328342141341764,411.8492780471099,0.12,0.12
1791330781.336695,40.00000002540245,412.3020112933952,-197.61402594153375,162.38597405846627,1.4537702372125692e-10,4.5789749568320636e-10,0.0,0.0,0.0,0.0,0,idle,49.39932577178065,392.0198345346191,37.931891323001814,410.85780587192033,0.12,0.12
1791330781.352849,40.00000002554492,412.3020112938439,-197.61402594153375,162.38597405846627,1.4246948333582671e-10,4.487395460498517e-10,0.0,0.0,0.0,0.0,0,idle,36.94529063570353,415.44999662133796,37.882561288772244,411.0874154098175,0.12,0.12
1791330781.37005,40.00000002568454,412.30201129428366,-197.61402594153375,162.38597405846627,1.3962009373597638e-10,4.3976475533946476e-10,0.0,0.0,0.0,0.0,0,idle,29.962131651833552,411.6872231592454,37.48653980705795,411.1174057977066,0.12,0.12
1791330781.387174,40.00000002582137,412.30201129471465,-197.61402594153375,162.38597405846627,1.368276919114932e-10,4.309694603909061e-10,0.0,0.0,0.0,0.0,0,idle,50.33994715702826,403.8363322470384,38.129210174686456,410.75335212058263,0.12,0.12
1791330781.40352,40.000000025955465,412.302011295137,-197.61402594153375,162.38597405846627,1.3409113811100321e-10,4.2235007130195824e-10,0.0,0.0,0.0,0.0,0,idle,55.6636166497778,406.69256556890986,39.00593049856841,410.5503127934002,0.12,0.12
1791330781.4206662,40.00000002608687,412.30201129555087,-197.61402594153375,162.38597405846627,1.3140931537713334e-10,4.1390306996521433e-10,0.0,0.0,0.0,0.0,0,idle,51.73463541723702,432.8815506534605,39.64236574462668,411.6668746867964,0.12,0.12
1791330781.436866,40.00000002621565,412.3020112959565,-197.61402594153375,162.38597405846627,1.2878112909088602e-10,4.0562500863298444e-10,0.0,0.0,0.0,0.0,0,idle,3.8371762440018884,412.981372395689,37.85210626971778,411.7325995726264,0.12,0.12
1791330781.45399,40.00000002634186,412.302011296354,-197.61402594153375,162.38597405846625,1.2620550652506344e-10,3.9751250851070496e-10,0.0,0.0,0.0,0.0,0,idle,57.38031341453764,396.69638397596935,38.82851662707867,410.98078879317114,0.12,0.12
1791330781.470718,40.00000002646554,412.30201129674356,-197.61402594153375,162.38597405846625,1.236813964065756e-10,3.895622583783298e-10,0.0,0.0,0.0,0.0,0,idle,53.80986684524309,420.9395112743488,39.57758413810439,411.4787249176001,0.12,0.12
1791330781.487904,40.00000002658675,412.3020112971253,-197.61402594153375,162.38597405846625,1.2120776848746647e-10,3.8177101323918124e-10,0.0,0.0,0.0,0.0,0,idle,42.284088982153044,402.3422267075184,39.71290938042197,411.0219000074587,0.12,0.12
1791330781.504833,40.00000002670553,412.30201129749946,-197.61402594153375,162.38597405846627,1.1878361312449284e-10,3.7413559299573924e-10,0.0,0.0,0.0,0.0,0,idle,39.650717058728134,431.60817805652266,39.70979976445012,412.05121391026734,0.12,0.12
1791330781.5223548,40.00000002682194,412.3020112978661,-197.61402594153375,162.38597405846627,1.164079408670912e-10,3.6665288115185095e-10,0.0,0.0,0.0,0.0,0,idle,33.933877238008904,409.06717693737914,39.421003638238645,411.9020120619712,0.12,0.12
1791330781.5388858,40.000000026936014,412.3020112982254,-197.61402594153375,162.38597405846627,1.1407978205357018e-10,3.5931982354084844e-10,0.0,0.0,0.0,0.0,0,idle,54.57716475046566,421.9793778889402,40.178811693958366,412.405880353661,0.12,0.12
1791330781.5564349,40.00000002704781,412.30201129857755,-197.61402594153375,162.38597405846627,1.1179818641536775e-10,3.5213342707906797e-10,0.0,0.0,0.0,0.0,0,idle,54.240962959691544,409.7166373328349,40.88191925735123,412.27141820295424,0.12,0.12
1791330781.572939,40.00000002715738,412.30201129892265,-197.61402594153375,162.38597405846627,1.0956222268921455e-10,3.450907585442716e-10,0.0,0.0,0.0,0.0,0,idle,48.76851125502711,405.2495753945219,41.27624885733911,411.92032606286045,0.12,0.12
1791330781.589927,40.00000002726475,412.3020112992608,-197.61402594153375,162.38597405846627,1.0737097823704763e-10,3.3818894337848043e-10,0.0,0.0,0.0,0.0,0,idle,49.68068286159919,393.4610133512471,41.696470557654116,410.99736042760105,0.12,0.12
1791330781.607347,40.00000002736997,412.3020112995922,-197.61402594153375,162.38597405846627,1.0522355867352097e-10,3.314251645147355e-10,0.0,0.0,0.0,0.0,0,idle,23.795714450577247,415.25541414027947,40.80143275240024,411.2102631135498,0.12,0.12
1791330781.623749,40.00000002747309,412.302011299917,-197.61402594153375,162.38597405846627,1.0311908750096219e-10,3.247966612273122e-10,0.0,0.0,0.0,0.0,0,idle,34.014975653102525,410.38285178469613,40.46210989753332,411.1688925474157,0.12,0.12
1791330781.6411798,40.000000027574146,412.30201130023534,-197.61402594153375,162.38597405846627,1.0105670575162733e-10,3.183007280049216e-10,0.0,0.0,0.0,0.0,0,idle,24.934360942193038,400.11797446783373,39.685722449862304,410.616346643739,0.12,0.12
1791330781.657639,40.00000002767318,412.3020113005473,-197.61402594153375,162.38597405846627,9.903557163710855e-11,3.119347134464414e-10,0.0,0.0,0.0,0.0,0,idle,60.14453311459979,426.94101984065134,40.708662983193264,411.43258030388097,0.12,0.12
1791330781.675165,40.000000027770234,412.302011300853,-197.61402594153375,162.38597405846627,9.705486020475206e-11,3.0569601917872736e-10,0.0,0.0,0.0,0.0,0,idle,33.25741630659731,433.0968353954273,40.336100649455666,412.5157930587487,0.12,0.12
1791330781.691193,40.00000002786535,412.30201130115256,-197.61402594153375,162.38597405846627,9.511376300094653e-11,2.995820987960647e-10,0.0,0.0,0.0,0.0,0,idle,49.893253485550446,425.3942417423959,40.813958291350765,413.1597154932157,0.12,0.12
1791330781.707175,40.000000027958556,412.30201130144616,-197.61402594153375,162.38597405846627,9.32114877411449e-11,2.935904568208279e-10,0.0,0.0,0.0,0.0,0,idle,40.398618039226086,421.1635262149612,40.79319127883308,413.5599060295819,0.12,0.12
1791330781.72326,40.000000028049904,412.3020113017339,-197.61402594153375,162.38597405846627,9.134725798648512e-11,2.877186476849251e-10,0.0,0.0,0.0,0.0,0,idle,49.106884293877336,399.7041503517563,41.20887592967207,412.867118245964,0.12,0.12
1791330781.739855,40.000000028139425,412.30201130201584,-197.61402594153375,162.38597405846627,8.952031282687786e-11,2.819642747316122e-10,0.0,0.0,0.0,0.0,0,idle,43.94715135331335,415.2285428660823,41.34578970093918,412.9851894772377,0.12,0.12
1791330781.757616,40.000000028227156,412.30201130229216,-197.61402594153375,162.38597405846627,8.772990657043219e-11,2.763249892372694e-10,0.0,0.0,0.0,0.0,0,idle,39.06885628106874,409.0592013308949,41.231943030029,412.7888900701831,0.12,0.12
1791330781.77449,40.00000002831313,412.30201130256296,-197.61402594153375,162.38597405846627,8.597530843909252e-11,2.7079848945274127e-10,0.0,0.0,0.0,0.0,0,idle,40.738302412801126,412.4501991727773,41.207260999249286,412.77195552557004,0.12,0.12
1791330781.7916532,40.00000002839739,412.30201130282836,-197.61402594153375,162.38597405846627,8.425580227036243e-11,2.6538251966384944e-10,0.0,0.0,0.0,0.0,0,idle,46.89569520748008,434.7555921596145,41.49168270974087,413.8711373575244,0.12,0.12
1791330781.8078878,40.00000002847996,412.3020113030884,-197.61402594153375,162.38597405846627,8.257068622499403e-11,2.600748692706948e-10,0.0,0.0,0.0,0.0,0,idle,45.224432000114874,406.69582348999535,41.67832017433801,413.512371664395,0.12,0.12
1791330781.825122,40.000000028560876,412.3020113033433,-197.61402594153375,162.38597405846627,8.09192725005233e-11,2.5487337188537275e-10,0.0,0.0,0.0,0.0,0,idle,41.08062310862032,398.55481157130004,41.648435321129,412.7644936599824,0.12,0.12
1791330781.8423412,40.00000002864018,412.3020113035931,-197.61402594153375,162.38597405846627,7.930088705053471e-11,2.497759044477342e-10,0.0,0.0,0.0,0.0,0,idle,45.663214701261225,395.9917794153867,41.84917429021095,411.9258579479899,0.12,0.12
1791330781.859205,40.00000002871789,412.30201130383784,-197.61402594153375,162.38597405846627,7.771486930954044e-11,2.447803863588312e-10,0.0,0.0,0.0,0.0,0,idle,37.56174750972915,417.80865195974604,41.63480295126068,412.21999764881025,0.12,0.12
1791330781.876286,40.000000028794055,412.3020113040777,-197.61402594153375,162.38597405846627,7.616057192336195e-11,2.398847786316934e-10,0.0,0.0,0.0,0.0,0,idle,49.31237669101168,400.95500145604547,42.01868163832059,411.6567478393999,0.12,0.12
1791330781.892776,40.00000002886869,412.3020113043128,-197.61402594153375,162.38597405846625,7.463736048490397e-11,2.3508708305908863e-10,0.0,0.0,0.0,0.0,0,idle,21.38212477775829,394.77691750560973,40.98685379536337,410.81275632293375,0.12,0.12
1791330781.909748,40.000000028941834,412.3020113045432,-197.61402594153375,162.38597405846625,7.314461327521282e-11,2.303853413979287e-10,0.0,0.0,0.0,0.0,0,idle,53.7171767429071,428.32741221779645,41.623369942810044,411.68848911789576,0.12,0.12
1791330781.926592,40.00000002901351,412.302011304769,-197.61402594153375,162.38597405846627,7.168172100971377e-11,2.2577763456998655e-10,0.0,0.0,0.0,0.0,0,idle,33.27829658815266,415.4251698932734,41.20611627514527,411.8753231568791,0.12,0.12
1791330781.9441679,40.000000029083765,412.30201130499023,-197.61402594153375,162.38597405846627,7.02480865895234e-11,2.2126208187859912e-10,0.0,0.0,0.0,0.0,0,idle,47.00551369759505,410.9814392104083,41.4960861463345,411.83062895976576,0.12,0.12
1791330781.960641,40.00000002915261,412.3020113052071,-197.61402594153375,162.38597405846627,6.884312485773586e-11,2.1683684024103638e-10,0.0,0.0,0.0,0.0,0,idle,40.413083712948776,404.72805884118014,41.441936024730616,411.4755004540425,0.12,0.12
1791330781.978122,40.000000029220075,412.30201130541957,-197.61402594153375,162.38597405846627,6.746626236058335e-11,2.125001034362226e-10,0.0,0.0,0.0,0.0,0,idle,28.532823098778774,407.7998417000056,40.796480378497115,411.2917175165425,0.12,0.12
1791330781.994514,40.00000002928619,412.30201130562784,-197.61402594153375,162.38597405846627,6.611693711337333e-11,2.0825010136750332e-10,0.0,0.0,0.0,0.0,0,idle,40.22191577409446,423.91998055490717,40.767752148339795,411.9231306686586,0.12,0.12
1791330782.011342,40.000000029350986,412.3020113058319,-197.61402594153375,162.38597405846625,6.47945983711071e-11,2.0408509934015715e-10,0.0,0.0,0.0,0.0,0,idle,44.02048639022016,427.0324826171043,40.93038886049537,412.6785982662747,0.12,0.12
1791330782.027961,40.00000002941449,412.3020113060319,-197.61402594153375,162.38597405846625,6.34987064036859e-11,2.0000339735335692e-10,0.0,0.0,0.0,0.0,0,idle,26.12120456459813,399.4530721046148,40.189929645760834,412.0173219583817,0.12,0.12
1791330782.0444741,40.000000029476716,412.3020113062279,-197.61402594153375,162.38597405846625,6.222873227561288e-11,1.9600332940629199e-10,0.0,0.0,0.0,0.0,0,idle,30.379429295441692,409.99348792059476,39.699404628303995,411.9161302566785,0.12,0.12
1791330782.060823,40.0000000295377,412.30201130641996,-197.61402594153375,162.38597405846625,6.098415763010114e-11,1.9208326281816781e-10,0.0,0.0,0.0,0.0,0,idle,31.16338106320432,396.0700650227497,39.27260345010695,411.12382699516456,0.12,0.12
1791330782.077578,40.000000029597466,412.3020113066082,-197.61402594153375,162.38597405846625,5.976447447749951e-11,1.882415975618057e-10,0.0,0.0,0.0,0.0,0,idle,38.17196332836913,415.2279727192305,39.21757144407683,411.3290342815467,0.12,0.12
1791330782.094629,40.000000029656036,412.3020113067927,-197.61402594153375,162.38597405846627,5.856918498794981e-11,1.844767656105705e-10,0.0,0.0,0.0,0.0,0,idle,20.022205155477078,409.1642871726581,38.25780312970249,411.2207969262775,0.12,0.12
1791330782.11101,40.00000002971343,412.30201130697344,-197.61402594153375,162.38597405846625,5.739780128819104e-11,1.8078723029835978e-10,0.0,0.0,0.0,0.0,0,idle,48.969562997637325,425.95755652859077,38.79339112315376,411.95763490656486,0.12,0.12
1791330782.128221,40.00000002976968,412.3020113071506,-197.61402594153375,162.38597405846627,5.624984526242738e-11,1.771714856923931e-10,0.0,0.0,0.0,0.0,0,idle,32.46894927111714,398.290768673305,38.47716903060537,411.27429159507017,0.12,0.12
1791330782.14529,40.000000029824804,412.3020113073242,-197.61402594153375,162.38597405846627,5.5124848357178953e-11,1.7362805597854564e-10,0.0,0.0,0.0,0.0,0,idle,53.65830450353003,411.492825507097,39.23622580430397,411.28521829083644,0.12,0.12
1791330782.162295,40.00000002987883,412.30201130749435,-197.61402594153375,162.38597405846627,5.4022351390035464e-11,1.70155494858975e-10,0.0,0.0,0.0,0.0,0,idle,33.443713120315984,413.11113190091174,38.94660017015589,411.3765139715018,0.12,0.12
1791330782.179429,40.00000002993177,412.30201130766113,-197.61402594153375,162.38597405846627,5.2941904362234825e-11,1.6675238496179573e-10,0.0,0.0,0.0,0.0,0,idle,36.19894751903818,419.1624825415299,38.8092175376503,411.7658124001617,0.12,0.12
1791330782.198064,40,412.30043509121515,-197.61402594153375,-17.61402594153375,0.0,0.0,0.0,1.0,0.0,1.0,0,idle,46.336678815034276,404.2318183850143,39.18559060151949,411.38911269940434,0.12,0.12
1791330782.213093,40,412.2982772506769,-197.61402594153375,-17.614025941533754,0.0,0.0,0.0,1.0,0.0,1.0,0,idle,44.805215086096446,415.4038130229296,39.46657182574834,411.5898477155806,0.12,0.12
1791330782.229996,40,412.29410484374966,-197.61402594153375,-17.61402594153375,0.0,0.0,0.0,1.0,0.0,1.0,0,idle,47.645949975205696,394.50696363507507,39.87554073322121,410.73570351155536,0.12,0.12
1791330782.2464151,40,412.2877025173862,-197.61402594153375,-17.614025941533754,0.0,0.0,0.0,1.0,0.0,1.0,0,idle,19.977034700398292,412.0264852764479,38.88061543158006,410.80024259979996,0.12,0.12
1791330782.263394,40,412.2790308382929,-197.61402594153375,-17.61402594153375,0.0,0.0,0.0,1.0,0.0,1.0,0,idle,28.458322188241645,422.0915547525136,38.35950076941314,411.36480820743566,0.12,0.12
1791330782.280572,40,412.2681600513057,-197.61402594153375,-17.614025941533754,0.0,0.0,0.0,1.0,0.0,1.0,0,idle,42.89486297226406,414.69911078663273,38.58626887955568,411.53152333639554,0.12,0.12
1791330782.297278,40,412.2552248334006,-197.61402594153375,-17.61402594153375,0.0,0.0,0.0,1.0,0.0,1.0,0,idle,43.85279729695051,409.111245396395,38.84959530042542,411.4105094393955,0.12,0.12
1791330782.314153,40,412.24039382501235,-197.61402594153375,-17.61402594153375,0.0,0.0,0.0,1.0,0.0,1.0,0,idle,32.42576745835425,415.7638818764162,38.52840390832186,411.62817806124656,0.12,0.12
1791330782.331189,40,412.2238495047269,-197.61402594153375,-17.61402594153375,0.0,0.0,0.0,1.0,0.0,1.0,0,idle,31.35827648447591,416.9826272920217,38.169897537129565,411.8959005227853,0.12,0.12
1791330782.348031,40,412.2057752538135,-197.61402594153375,-17.61402594153375,0.0,0.0,0.0,1.0,0.0,1.0,0,idle,40.771318825176465,402.2889751949226,38.29996860153191,411.41555425639217,0.12,0.12
1791330782.3645911,40,412.1863473746565,-197.61402594153375,-17.614025941533754,0.0,0.0,0.0,1.0,0.0,1.0,0,idle,31.587235959941303,425.12875788131976,37.96433196945238,412.10121443763853,0.12,0.12
1791330782.382069,40,412.16573048373346,-197.61402594153375,-17.61402594153375,0.0,0.0,0.0,1.0,0.0,1.0,0,idle,9.285896919594084,413.59580492974703,36.53041021695947,412.17594396224393,0.12,0.12
1791330782.398585,40,412.14407516875326,-197.61402594153375,-17.614025941533754,0.0,0.0,0.0,1.0,0.0,1.0,0,idle,46.528559969924416,415.81339700346587,37.03031770460771,412.357816614305,0.12,0.12
1791330782.416119,40,412.1215171337941,-197.61402594153375,-17.61402594153375,0.0,0.0,0.0,1.0,0.0,1.0,0,idle,36.96495551342978,415.3604644481825,37.027049595048815,412.5079490059989,0.12,0.12
1791330782.432632,40,412.09817729384207,-197.61402594153375,-17.614025941533754,0.0,0.0,0.0,1.0,0.0,1.0,0,idle,36.91824865619362,404.69675379821524,37.021609548106056,412.11738924560973,0.12,0.12
1791330782.450473,40,412.07416244844586,-197.61402594153375,-17.61402594153375,0.0,0.0,0.0,1.0,0.0,1.0,0,idle,58.415467370504814,403.5606462294819,38.09130243922599,411.68955209480333,0.12,0.12
1791330782.466188,40,412.0495662829799,-197.61402594153375,-17.61402594153375,0.0,0.0,0.0,1.0,0.0,1.0,0,idle,45.318934925093096,409.4638295326575,38.45268406351935,411.57826596669605,0.12,0.12
1791330782.483217,40,412.02447052942273,-197.61402594153375,-17.614025941533754,0.0,0.0,0.0,1.0,0.0,1.0,0,idle,43.973852230962976,418.1028359755957,38.72874247189153,411.90449446714103,0.12,0.12
1791330782.500022,40,411.9989461767799,-197.61402594153375,-17.61402594153375,0.0,0.0,0.0,1.0,0.0,1.0,0,idle,30.884217724423472,428.56184029763074,38.33651623451813,412.73736175866554,0.12,0.12
1791330782.5169878,40,411.9730546616114,-197.61402594153375,-17.61402594153375,0.0,0.0,0.0,1.0,0.0,1.0,0,idle,37.59264051002285,438.1294551160127,38.29932244829337,414.0069664265329,0.12,0.12
1791330782.534153,40,411.9468489967848,-197.61402594153375,-17.61402594153375,0.0,0.0,0.0,1.0,0.0,1.0,0,idle,52.44269773170115,396.6052139124959,39.00649121246376,413.1368788008311,0.12,0.12
1791330782.551404,40,411.92037481530684,-197.61402594153375,-17.61402594153375,0.0,0.0,0.0,1.0,0.0,1.0,0,idle,51.468406837107615,425.84705754779867,39.62958699369595,413.7723877381795,0.12,0.12
1791330782.568607,40,411.89367131855346,-197.61402594153375,-17.61402594153375,0.0,0.0,0.0,1.0,0.0,1.0,0,idle,49.048293935474405,405.57132302307167,40.10052234078488,413.36233450242406,0.12,0.12
1791330782.584884,40,411.866772126318,-197.61402594153375,-17.61402594153375,0.0,0.0,0.0,1.0,0.0,1.0,0,idle,44.79794821454715,434.01131721784014,40.33539363447299,414.3947836381949,0.12,0.12
1791330782.602035,40,411.8397060311804,-197.61402594153375,-17.614025941533754,0.0,0.0,0.0,1.0,0.0,1.0,0,idle,39.66181637525999,407.79599582627543,40.301714771512344,414.0648442475989,0.12,0.12
1791330782.619364,40,411.8124976627173,-197.61402594153375,-17.614025941533754,0.0,0.0,0.0,1.0,0.0,1.0,0,idle,42.003488033572026,411.76044761988015,40.38680343461533,413.94962441621294,0.12,0.12
1791330782.6366851,40,411.7851680686944,-197.61402594153375,-17.614025941533754,0.0,0.0,0.0,1.0,0.0,1.0,0,idle,48.1598418040422,413.9096945180981,40.77545535308668,413.9476279213072,0.12,0.12
1791330782.652965,40,411.75773522108494,-197.61402594153375,-17.61402594153375,0.0,0.0,0.0,1.0,0.0,1.0,0,idle,32.94458104729148,403.7145235537367,40.38391163779692,413.43597270292867,0.12,0.12
1791330782.66959,40,411.7302144548574,-197.61402594153375,-17.61402594153375,0.0,0.0,0.0,1.0,0.0,1.0,0,idle,51.407487192171075,413.3506389388173,40.93509041551563,413.4317060147231,0.12,0.12
1791330782.685965,40,411.7026188472118,-197.61402594153375,-17.61402594153375,0.0,0.0,0.0,1.0,0.0,1.0,0,idle,26.549336636900478,403.44626208196127,40.215802726584876,412.932433818085,0.12,0.12
1791330782.704573,40,411.67495954445764,-197.61402594153375,-17.61402594153375,0.0,0.0,0.0,1.0,0.0,1.0,0,idle,34.1884953012228,413.24166015980035,39.91443735531677,412.94789513517077,0.12,0.12
1791330782.7198012,40,411.64724604313113,-197.61402594153375,-17.61402594153375,0.0,0.0,0.0,1.0,0.0,1.0,0,idle,57.31559186739504,399.13119835655624,40.784495080920685,412.25706029624007,0.12,0.12
1791330782.7369988,40,411.6194864313082,-197.61402594153375,-17.61402594153375,0.0,0.0,0.0,1.0,0.0,1.0,0,idle,32.56152348728681,407.0132377325282,40.37334650123899,411.9948691680545,0.12,0.12
1791330782.753654,40,411.5916875954278,-197.61402594153375,-17.61402594153375,0.0,0.0,0.0,1.0,0.0,1.0,0,idle,36.85051429195181,438.0344893044795,40.197204890774636,413.2968501748758,0.12,0.12
1791330782.770806,40,411.5638553973257,-197.61402594153375,-17.614025941533754,0.0,0.0,0.0,1.0,0.0,1.0,0,idle,46.4930168007156,405.2567439891835,40.51199548627169,412.89484486559115,0.12,0.12
1791330782.78883,40,411.5359948256043,-197.61402594153375,-17.61402594153375,0.0,0.0,0.0,1.0,0.0,1.0,0,idle,42.397797548786826,406.60118457652146,40.606285589397444,412.5801618511377,0.12,0.12
1791330782.805321,40,411.50811012494086,-197.61402594153375,-17.61402594153375,0.0,0.0,0.0,1.0,0.0,1.0,0,idle,51.82104309373555,417.7997765590124,41.16702346461435,412.8411425865314,0.12,0.12
1791330782.821829,40,411.4802049064651,-197.61402594153375,-17.61402594153375,0.0,0.0,0.0,1.0,0.0,1.0,0,idle,39.383054527048216,426.9365565194895,41.077825017736046,413.54591328317935,0.12,0.12
1791330782.839361,40,411.4522822419159,-197.61402594153375,-17.614025941533754,0.0,0.0,0.0,1.0,0.0,1.0,0,idle,49.27227442046221,410.7274608935071,41.487547487872355,413.40499066369574,0.12,0.12
1791330782.8559601,40,411.4243447439178,-197.61402594153375,-17.61402594153375,0.0,0.0,0.0,1.0,0.0,1.0,0,idle,36.89395484249838,396.3609620947662,41.257867855603656,412.5527892352493,0.12,0.12
1791330782.8736699,40,411.39639463439113,-197.61402594153375,-17.61402594153375,0.0,0.0,0.0,1.0,0.0,1.0,0,idle,36.23391407481434,391.6705673674972,41.00667016656419,411.5086781418617,0.12,0.12
1791330782.890246,40,411.3684338028276,-197.61402594153375,-17.614025941533754,0.0,0.0,0.0,1.0,0.0,1.0,0,idle,46.81771422087513,419.1463642892093,41.29722236927974,411.8905624492291,0.12,0.12
1791330782.907024,40,411.3404638559161,-197.61402594153375,-17.61402594153375,0.0,0.0,0.0,1.0,0.0,1.0,0,idle,33.21237463309861,406.19353300555275,40.89297998247068,411.6057109770453,0.12,0.12
1791330782.923765,40,411.3124861597907,-197.61402594153375,-17.61402594153375,0.0,0.0,0.0,1.0,0.0,1.0,0,idle,47.46109092935533,411.7532756613077,41.22138552981491,411.6130892112584,0.12,0.12
1791330782.9408891,40,411.28450187598963,-197.61402594153375,-17.61402594153375,0.0,0.0,0.0,1.0,0.0,1.0,0,idle,58.42227378210292,414.4992730284991,42.08142994242931,411.75739840212043,0.12,0.12
1791330782.96006,40,411.2565119920545,-197.61402594153375,-17.61402594153375,0.0,0.0,0.0,1.0,0.0,1.0,0,idle,63.1904546854482,421.24369763787433,43.13688117958026,412.2317133639081,0.12,0.12
1791330782.975976,40,411.22851734756495,-197.61402594153375,-17.61402594153375,0.0,0.0,0.0,1.0,0.0,1.0,0,idle,22.131043968979398,418.2646160859245,42.08658931905021,412.53335850000894,0.12,0.12
1791330782.9931579,40,411.2005186562858,-197.61402594153375,-17.61402594153375,0.0,0.0,0.0,1.0,0.0,1.0,0,idle,41.60181252225098,432.2884995393236,42.06235047921025,413.5211155519747,0.12,0.12
1791330783.0098429,40,411.17251652500556,-197.61402594153375,-17.614025941533754,0.0,0.0,0.0,1.0,0.0,1.0,0,idle,41.78649695066835,431.6992368777133,42.04855780278316,414.4300216182616,0.12,0.12
1791330783.0269,40,411.14451146955827,-197.61402594153375,-17.61402594153375,0.0,0.0,0.0,1.0,0.0,1.0,0,idle,39.418976039287635,409.13608404829097,41.91707871460838,414.1653247397631,0.12,0.12
1791330783.045675,40,411.11650392844894,-197.61402594153375,-17.61402594153375,0.0,0.0,0.0,1.0,0.0,1.0,0,idle,40.00764069808072,403.5604606407244,41.821606813782,413.63508153481115,0.12,0.12
1791330783.061653,40,411.0884942744401,-197.61402594153375,-17.61402594153375,0.0,0.0,0.0,1.0,0.0,1.0,0,idle,56.076900143577106,422.40423815663723,42.53437148027175,414.07353936590243,0.12,0.12
1791330783.077882,40,411.06048282440406,-197.61402594153375,-17.61402594153375,0.0,0.0,0.0,1.0,0.0,1.0,0,idle,36.324174543669145,408.73102484778394,42.22386163344162,413.8064136399965,0.12,0.12
1791330783.095041,40,411.03246984769964,-197.61402594153375,-17.61402594153375,0.0,0.0,0.0,1.0,0.0,1.0,0,idle,74.02547123494688,438.2511383277772,43.81394211351689,415.0286498743855,0.12,0.12
1791330783.113469,40,411.00445557329436,-197.61402594153375,-17.614025941533754,0.0,0.0,0.0,1.0,0.0,1.0,0,idle,64.40398356667629,375.9730312174987,44.84344418617486,413.07586894154116,0.12,0.12
1791330783.1288478,40,410.9764401958197,-197.61402594153375,-17.61402594153375,0.0,0.0,0.0,1.0,0.0,1.0,0,idle,47.875910912038705,434.40321899217076,44.99506752246805,414.14223644407264,0.12,0.12
1791330783.1460202,40,410.948423880719,-197.61402594153375,-17.614025941533754,0.0,0.0,0.0,1.0,0.0,1.0,0,idle,57.560312660130236,410.1393719905455,45.62332977935116,413.9420932213963,0.12,0.12
1791330783.162695,40,410.9204067686239,-197.61402594153375,-17.61402594153375,0.0,0.0,0.0,1.0,0.0,1.0,0,idle,37.176806012885514,418.9297645966666,45.20100359102788,414.1914767901598,0.12,0.12
1791330783.1797729,40,410.89238897907455,-197.61402594153375,-17.61402594153375,0.0,0.0,0.0,1.0,0.0,1.0,0,idle,56.71794402527533,403.7921402413994,45.77685061274025,413.6715099627218,0.12,0.12
1791330783.1972349,40,410.8643706136827,-197.61402594153375,-17.614025941533754,0.0,0.0,0.0,1.0,0.0,1.0,0,idle,44.18191688809793,433.8554224100573,45.697103926508134,414.6807055850886,0.12,0.12
1791330783.213778,40,410.83635175882006,-197.61402594153375,-17.614025941533754,0.0,0.0,0.0,1.0,0.0,1.0,0,idle,48.323367122708575,389.78121842102075,45.828417086318154,413.4357312268852,0.12,0.12
1791330783.231217,40,410.8083324879039,-197.61402594153375,-17.61402594153375,0.0,0.0,0.0,1.0,0.0,1.0,0,idle,31.981275272124215,411.210283728097,45.136059995608456,413.3244588519458,0.12,0.12
1791330783.247777,40,410.7803128633398,-197.61402594153375,-17.61402594153375,0.0,0.0,0.0,1.0,0.0,1.0,0,idle,28.60345731146808,410.31121197397925,44.30942986140143,413.1737965080475,0.12,0.12
1791330783.2653089,40,410.75229293817324,-197.61402594153375,-17.61402594153375,0.0,0.0,0.0,1.0,0.0,1.0,0,idle,30.677595113380914,419.1975485522373,43.627838124000405,413.47498411025697,0.12,0.12
1791330783.282472,40,410.7242727574933,-197.61402594153375,-17.61402594153375,0.0,0.0,0.0,1.0,0.0,1.0,0,idle,63.7508248688368,407.84140377289833,44.63398746124223,413.19330509338903,0.12,0.12
1791330783.29932,40,410.696252359626,-197.61402594153375,-17.61402594153375,0.0,0.0,0.0,1.0,0.0,1.0,0,idle,40.64136922674432,415.31127835539746,44.43435654951733,413.2992037564895,0.12,0.12
1791330783.3158422,40,410.66823177714883,-197.61402594153375,-17.614025941533754,0.0,0.0,0.0,1.0,0.0,1.0,0,idle,34.02309108576936,416.0858200783928,43.91379327632993,413.4385345725847,0.12,0.12
1791330783.333517,40,410.6402110377528,-197.61402594153375,-17.614025941533754,0.0,0.0,0.0,1.0,0.0,1.0,0,idle,25.24086849842458,417.22915569164104,42.98014703743466,413.6280656285375,0.12,0.12
1791330783.350044,40,410.6121901649754,-197.61402594153375,-17.614025941533754,0.0,0.0,0.0,1.0,0.0,1.0,0,idle,36.1067809306187,410.0804867505029,42.63647873209386,413.4506866846358,0.12,0.12
1791330783.3676748,40,410.5841691788236,-197.61402594153375,-17.614025941533754,0.0,0.0,0.0,1.0,0.0,1.0,0,idle,29.756697219103877,404.82636918650513,41.99248965644436,413.0194708097293,0.12,0.12
1791330783.382709,40,410.55614809630333,-197.61402594153375,-17.614025941533754,0.0,0.0,0.0,1.0,0.0,1.0,0,idle,34.534329913372396,427.0808718173834,41.61958166929077,413.72254086011196,0.12,0.12
1791330783.400293,40,410.5281269318698,-197.61402594153375,-17.61402594153375,0.0,0.0,0.0,1.0,0.0,1.0,0,idle,43.74763805199885,400.74001404684464,41.72598448842617,413.0734145194486,0.12,0.12
1791330783.4179819,40,410.50788164056655,-197.61402594153375,-17.61402594153375,0.0,0.0,0.0,0.0,0.0,0.0,0,idle,66.60856500047927,397.92016811704696,42.970113514028824,412.31575219932853,0.12,0.12
1791330783.434143,40,410.4932544176,-197.61402594153375,-17.61402594153375,0.0,0.0,0.0,0.0,0.0,0.0,0,idle,54.6505240400267,421.20183768823216,43.55413404032872,412.7600564737737,0.12,0.12
1791330783.4513412,40,410.48268624900663,-197.61402594153375,-17.614025941533754,0.0,0.0,0.0,0.0,0.0,0.0,0,idle,51.962273592755814,409.4838552729318,43.974541017950074,412.5962464137316,0.12,0.12
1791330783.468547,40,410.47505074719794,-197.61402594153375,-17.61402594153375,0.0,0.0,0.0,0.0,0.0,0.0,0,idle,31.124012995068576,424.71130447357433,43.332014616806,413.20199931672374,0.12,0.12
1791330783.484759,40,410.46953409714115,-197.61402594153375,-17.61402594153375,0.0,0.0,0.0,0.0,0.0,0.0,0,idle,62.317661077644885,415.74510403234046,44.28129693984794,413.3291545525046,0.12,0.12
1791330783.501854,40,410.4655483174751,-197.61402594153375,-17.61402594153375,0.0,0.0,0.0,0.0,0.0,0.0,0,idle,73.87973507783803,412.8206815271335,45.76121884674745,413.303730901236,0.12,0.12
1791330783.518971,40,410.4626685916664,-197.61402594153375,-17.61402594153375,0.0,0.0,0.0,0.0,0.0,0.0,0,idle,45.072702002924274,400.44609500057635,45.726793004556285,412.66084910620305,0.12,0.12
1791330783.536114,40,410.4605879897696,-197.61402594153375,-17.61402594153375,0.0,0.0,0.0,0.0,0.0,0.0,0,idle,56.486163447304996,421.80919704556663,46.26476152669372,413.11826650317124,0.12,0.12
1791330783.552866,40,410.45908475489915,-197.61402594153375,-17.61402594153375,0.0,0.0,0.0,0.0,0.0,0.0,0,idle,31.801207006528408,409.7702770509084,45.54158380068545,412.95086703055813,0.12,0.12
1791330783.571479,40,410.45571317233686,-197.61402594153375,-17.61402594153375,0.0,0.0,0.0,1.0,0.0,1.0,0,idle,59.262202007976725,429.52526554295866,46.227614711050016,413.77958695617815,0.12,0.12
1791330783.587424,40,410.4501681325815,-197.61402594153375,-17.614025941533754,0.0,0.0,0.0,1.0,0.0,1.0,0,idle,45.85479755414479,412.80681267210787,46.20897385320475,413.73094824197466,0.12,0.12
1791330783.60397,40,410.4423527304163,-197.61402594153375,-17.61402594153375,0.0,0.0,0.0,1.0,0.0,1.0,0,idle,66.38096288275344,414.6060442808023,47.21757330468219,413.774703043916,0.12,0.12
1791330783.620965,40,410.43230195776033,-197.61402594153375,-17.61402594153375,0.0,0.0,0.0,1.0,0.0,1.0,0,idle,32.59762499738105,408.7132998011154,46.48657588931713,413.521632881776,0.12,0.12
1791330783.63785,40,410.4201303513226,-197.61402594153375,-17.61402594153375,0.0,0.0,0.0,1.0,0.0,1.0,0,idle,45.623300248002664,410.0528183978267,46.443412107251405,413.3481921575785,0.12,0.12
1791330783.6552918,40,410.4059965306657,-197.61402594153375,-17.614025941533754,0.0,0.0,0.0,1.0,0.0,1.0,0,idle,27.846557767856734,390.4540406564866,45.513569390281674,412.2034845825239,0.12,0.12
1791330783.6717691,40,410.3900795851953,-197.61402594153375,-17.61402594153375,0.0,0.0,0.0,1.0,0.0,1.0,0,idle,37.952251932860484,409.5073130394519,45.13550351741061,412.0686760053703,0.12,0.12
1791330783.689227,40,410.3725637207631,-197.61402594153375,-17.61402594153375,0.0,0.0,0.0,1.0,0.0,1.0,0,idle,31.066849276704218,401.2134298813797,44.43207080537529,411.5259136991708,0.12,0.12
1791330783.705827,40,410.3536286177895,-197.61402594153375,-17.61402594153375,0.0,0.0,0.0,1.0,0.0,1.0,0,idle,55.94298621579823,418.07760741364626,45.007616575896435,411.8534983848946,0.12,0.12
1791330783.722535,40,410.33344369831707,-197.61402594153375,-17.614025941533754,0.0,0.0,0.0,1.0,0.0,1.0,0,idle,41.74445025202558,424.1390005006727,44.84445825970289,412.4677734906835,0.12,0.12
1791330783.7391381,40,410.3121650322694,-197.61402594153375,-17.61402594153375,0.0,0.0,0.0,1.0,0.0,1.0,0,idle,53.42742118528149,410.91884249380666,45.27360640598182,412.39032694083966,0.12,0.12
1791330783.7558231,40,410.2899339932894,-197.61402594153375,-17.61402594153375,0.0,0.0,0.0,1.0,0.0,1.0,0,idle,42.060299546156706,400.10518271640365,45.112941062990565,411.77606972961786,0.12,0.12
1791330783.772795,40,410.26687704498903,-197.61402594153375,-17.61402594153375,0.0,0.0,0.0,1.0,0.0,1.0,0,idle,48.203029770533,424.75699081133723,45.267445498367685,412.4251157837038,0.12,0.12
1791330783.789728,40,410.2431062303093,-197.61402594153375,-17.614025941533754,0.0,0.0,0.0,1.0,0.0,1.0,0,idle,20.53290726815962,391.37683411085146,44.03071858685728,411.37270170006116,0.12,0.12
1791330783.8073301,40,410.2187200723095,-197.61402594153375,-17.614025941533754,0.0,0.0,0.0,1.0,0.0,1.0,0,idle,38.23121216003096,394.7358485515232,43.74074326551597,410.5408590426343,0.12,0.12
1791330783.823935,40,410.193804690129,-197.61402594153375,-17.61402594153375,0.0,0.0,0.0,1.0,0.0,1.0,0,idle,27.92449544319504,416.97154142110105,42.94993087439992,410.86239316155763,0.12,0.12
1791330783.841486,40,410.1684350006409,-197.61402594153375,-17.61402594153375,0.0,0.0,0.0,1.0,0.0,1.0,0,idle,35.54967820159527,398.9897854758146,42.57991824075969,410.26876277727047,0.12,0.12
1791330783.858071,40,410.1426759227115,-197.61402594153375,-17.61402594153375,0.0,0.0,0.0,1.0,0.0,1.0,0,idle,46.82755154710616,427.6292172615316,42.79229990607701,411.13678550148353,0.12,0.12
1791330783.874568,40,410.1165835329334,-197.61402594153375,-17.61402594153375,0.0,0.0,0.0,1.0,0.0,1.0,0,idle,39.14562765039696,400.51090104132476,42.60996629329301,410.6054912784756,0.12,0.12
1791330783.892053,40,410.0902061434499,-197.61402594153375,-17.61402594153375,0.0,0.0,0.0,1.0,0.0,1.0,0,idle,40.23054361750801,416.6996930807692,42.49099515950376,410.91020136859026,0.12,0.12
1791330783.90942,40,410.0635852870686,-197.61402594153375,-17.61402594153375,0.0,0.0,0.0,1.0,0.0,1.0,0,idle,45.02309801084476,413.1153458314528,42.61760030207081,411.0204585917334,0.12,0.12
1791330783.925893,40,410.0367566044346,-197.61402594153375,-17.61402594153375,0.0,0.0,0.0,1.0,0.0,1.0,0,idle,42.01868517900488,401.14935311337314,42.587654545917516,410.5269033178154,0.12,0.12
1791330783.94332,40,410.0097506341268,-197.61402594153375,-17.61402594153375,0.0,0.0,0.0,1.0,0.0,1.0,0,idle,31.78144384850426,418.43635390712194,42.04734401104685,410.92237584728076,0.12,0.12
1791330783.95983,40,409.98259351024956,-197.61402594153375,-17.61402594153375,0.0,0.0,0.0,1.0,0.0,1.0,0,idle,51.00504807090881,417.2131315943994,42.49522921403995,411.2369136346367,0.12,0.12
1791330783.977385,40,409.95530757417686,-197.61402594153375,-17.614025941533754,0.0,0.0,0.0,1.0,0.0,1.0,0,idle,56.269154551943686,390.9552848623676,43.18392548093514,410.22283219602326,0.12,0.12
1791330783.993006,40,409.9279119081127,-197.61402594153375,-17.614025941533754,0.0,0.0,0.0,1.0,0.0,1.0,0,idle,33.8555698985366,431.5696508687374,42.71750770181521,411.29017312965897,0.12,0.12
1791330784.00969,40,409.9004227984266,-197.61402594153375,-17.614025941533754,0.0,0.0,0.0,1.0,0.0,1.0,0,idle,28.460272080318738,409.3846060640385,42.00464592074039,411.19489477637796,0.12,0.12
1791330784.026241,40,409.8728541365758,-197.61402594153375,-17.614025941533754,0.0,0.0,0.0,1.0,0.0,1.0,0,idle,38.4005953792424,423.71517530329845,41.82444339366549,411.820908802724,0.12,0.12
1791330784.0431511,40,409.84521776501055,-197.61402594153375,-17.61402594153375,0.0,0.0,0.0,1.0,0.0,1.0,0,idle,30.825467361130528,416.66310342455,41.27449459203874,412.0630185338153,0.12,0.12
1791330784.059644,40,409.8175237748923,-197.61402594153375,-17.61402594153375,0.0,0.0,0.0,1.0,0.0,1.0,0,idle,31.568108515157167,431.75051422631503,40.78917528819466,413.0473933184403,0.12,0.12
1791330784.077621,40,409.789780761828,-197.61402594153375,-17.614025941533754,0.0,0.0,0.0,1.0,0.0,1.0,0,idle,21.890967579393905,432.8451675902401,39.844264902754624,414.0372820320303,0.12,0.12
1791330784.094105,40,409.7619960451748,-197.61402594153375,-17.61402594153375,0.0,0.0,0.0,1.0,0.0,1.0,0,idle,41.360009352063294,404.7235893135181,39.92005212522006,413.5715973961047,0.12,0.12
1791330784.1105971,40,409.73417585584474,-197.61402594153375,-17.61402594153375,0.0,0.0,0.0,1.0,0.0,1.0,0,idle,48.43985556611095,411.9319528668504,40.3460422972646,413.489615169642,0.12,0.12
1791330784.128177,40,409.706325496947,-197.61402594153375,-17.61402594153375,0.0,0.0,0.0,1.0,0.0,1.0,0,idle,39.00737330777038,413.1235137874098,40.27910884778989,413.4713101005304,0.12,0.12
1791330784.144613,40,409.67844948106165,-197.61402594153375,-17.61402594153375,0.0,0.0,0.0,1.0,0.0,1.0,0,idle,31.6154990725272,399.7368800041238,39.84592835902676,412.78458859571003,0.12,0.12
1791330784.163311,40,409.6505516474491,-197.61402594153375,-17.61402594153375,0.0,0.0,0.0,1.0,0.0,1.0,0,idle,42.8178756395898,420.32415795858896,39.994525723054906,413.16156706385397,0.12,0.12
1791330784.178855,40,409.622635262058,-197.61402594153375,-17.61402594153375,0.0,0.0,0.0,1.0,0.0,1.0,0,idle,44.60323939304651,404.586473141895,40.224961406554485,412.732812367756,0.12,0.12
1791330784.196674,40,409.5947031028069,-197.61402594153375,-17.61402594153375,0.0,0.0,0.0,1.0,0.0,1.0,0,idle,32.553009652215124,411.02856561760535,39.841363818837515,412.6476000302485,0.12,0.12
1791330784.2130408,40,409.5667575322718,-197.61402594153375,-17.614025941533754,0.0,0.0,0.0,1.0,0.0,1.0,0,idle,44.951419286805546,405.14361063250504,40.09686659223592,412.27240056036135,0.12,0.12
1791330784.230012,40,409.53880055961463,-197.61402594153375,-17.61402594153375,0.0,0.0,0.0,1.0,0.0,1.0,0,idle,28.95739380892777,395.89837887898307,39.53989295307051,411.45369947629246,0.12,0.12
1791330784.248173,40,409.51083389332507,-197.61402594153375,-17.61402594153375,0.0,0.0,0.0,1.0,0.0,1.0,0,idle,35.604045163667934,408.9171369827263,39.34310056360039,411.32687135161416,0.12,0.12
1791330784.264257,40,409.4828589861269,-197.61402594153375,-17.61402594153375,0.0,0.0,0.0,1.0,0.0,1.0,0,idle,34.10141426860364,406.2215217021977,39.08101624885055,411.07160386914336,0.12,0.12
1791330784.281355,40,409.45487707320194,-197.61402594153375,-17.61402594153375,0.0,0.0,0.0,1.0,0.0,1.0,0,idle,45.86176323436389,419.5794525781383,39.420053598126216,411.4969963045931,0.12,0.12
1791330784.298581,40,409.42688920471954,-197.61402594153375,-17.614025941533754,0.0,0.0,0.0,1.0,0.0,1.0,0,idle,50.73685359239086,406.68655206159684,39.98589359783945,411.2564740924433,0.12,0.12
1791330784.316525,40,409.3988962735151,-197.61402594153375,-17.61402594153375,0.0,0.0,0.0,1.0,0.0,1.0,0,idle,34.160994071028256,409.9924796913959,39.69464862149889,411.19327437239093,0.12,0.12
1791330784.331645,40,409.37089903863694,-197.61402594153375,-17.61402594153375,0.0,0.0,0.0,1.0,0.0,1.0,0,idle,34.002900865838505,411.92317581724075,39.41006123371587,411.2297694446334,0.12,0.12
1791330784.347907,40,409.34289814537595,-197.61402594153375,-17.614025941533754,0.0,0.0,0.0,1.0,0.0,1.0,0,idle,19.832332813067428,403.48565430213847,38.43117481268345,410.8425636875087,0.12,0.12
1791330784.364896,40,409.31489414230174,-197.61402594153375,-17.61402594153375,0.0,0.0,0.0,1.0,0.0,1.0,0,idle,56.2311183593378,415.76974460069437,39.32117199001617,411.088922733168,0.12,0.12
1791330784.381815,40,409.2868874957505,-197.61402594153375,-17.614025941533754,0.0,0.0,0.0,1.0,0.0,1.0,0,idle,33.84286695079604,410.03117937462133,39.04725673805516,411.03603556524064,0.12,0.12
1791330784.400168,40,409.2588786021456,-197.61402594153375,-17.61402594153375,0.0,0.0,0.0,1.0,0.0,1.0,0,idle,39.16790771838997,398.4693677706854,39.0532892870719,410.4077021755129,0.12,0.12
1791330784.4157262,40,409.2308677984743,-197.61402594153375,-17.61402594153375,0.0,0.0,0.0,1.0,0.0,1.0,0,idle,29.05463049224462,408.76847209363126,38.553356347330535,410.3257406714188,0.12,0.12
1791330784.4329941,40,409.20285537119537,-197.61402594153375,-17.61402594153375,0.0,0.0,0.0,1.0,0.0,1.0,0,idle,47.411802926623146,427.1868062223653,38.99627867629516,411.16879394896614,0.12,0.12
1791330784.45009,40,409.1748415638129,-197.61402594153375,-17.61402594153375,0.0,0.0,0.0,1.0,0.0,1.0,0,idle,34.030671882762825,395.2720788302494,38.747998336618544,410.3739581930303,0.12,0.12
1791330784.467169,40,409.1468265833157,-197.61402594153375,-17.61402594153375,0.0,0.0,0.0,1.0,0.0,1.0,0,idle,62.51291003580622,408.669975590129,39.936243921577926,410.2887590628853,0.12,0.12
1791330784.484114,40,409.11881060565173,-197.61402594153375,-17.614025941533754,0.0,0.0,0.0,1.0,0.0,1.0,0,idle,43.55056645945056,418.2968938149538,40.116960048471555,410.6891658004887,0.12,0.12
1791330784.500562,40,409.090793780382,-197.61402594153375,-17.61402594153375,0.0,0.0,0.0,1.0,0.0,1.0,0,idle,40.95749504635332,402.46954847802454,40.158986798365646,410.27818493436547,0.12,0.12
1791330784.518034,40,409.0627762346373,-197.61402594153375,-17.61402594153375,0.0,0.0,0.0,1.0,0.0,1.0,0,idle,42.26078794268792,412.1120386459598,40.26407685558176,410.3698776199452,0.12,0.12
1791330784.534539,40,409.0347580764815,-197.61402594153375,-17.614025941533754,0.0,0.0,0.0,1.0,0.0,1.0,0,idle,34.387251547422515,427.00061524900894,39.9702355901738,411.2014145013984,0.12,0.12
1791330784.552143,40,409.0067393977712,-197.61402594153375,-17.614025941533754,0.0,0.0,0.0,1.0,0.0,1.0,0,idle,51.23203531886902,399.81383253683276,40.53332557660856,410.6320354031701,0.12,0.12
1791330784.569761,40,408.9787202765856,-197.61402594153375,-17.61402594153375,0.0,0.0,0.0,1.0,0.0,1.0,0,idle,34.38345002244951,413.9933022066217,40.22583179890061,410.8000987433427,0.12,0.12
1791330784.586224,40,408.9507007792933,-197.61402594153375,-17.614025941533754,0.0,0.0,0.0,1.0,0.0,1.0,0,idle,46.136618838880054,425.3927618382626,40.52137115089958,411.5297318980887,0.12,0.12
1791330784.6029272,40,408.92268096230833,-197.61402594153375,-17.61402594153375,0.0,0.0,0.0,1.0,0.0,1.0,0,idle,51.20005169680568,415.67739790616986,41.055305178194885,411.73711519849275,0.12,0.12
1791330784.6206741,40,408.8946608735832,-197.61402594153375,-17.61402594153375,0.0,0.0,0.0,1.0,0.0,1.0,0,idle,16.167665902362128,417.61378676600907,39.810923214403246,412.03094877686857,0.12,0.12
1791330784.636945,40,408.8666405538778,-197.61402594153375,-17.61402594153375,0.0,0.0,0.0,1.0,0.0,1.0,0,idle,43.511103747829935,411.1431299080613,39.995932241074584,411.9865578334282,0.12,0.12
1791330784.655257,40,408.8386200378385,-197.61402594153375,-17.614025941533754,0.0,0.0,0.0,1.0,0.0,1.0,0,idle,28.7050897120326,401.3613094311144,39.43139011462249,411.4552954133125,0.12,0.12
1791330784.6711092,40,408.8105993549148,-197.61402594153375,-17.61402594153375,0.0,0.0,0.0,1.0,0.0,1.0,0,idle,43.50822240055118,429.10374792776247,39.635231728918924,412.337718039035,0.12,0.12
1791330784.687941,40,408.78257853013906,-197.61402594153375,-17.61402594153375,0.0,0.0,0.0,1.0,0.0,1.0,0,idle,21.50245871793772,427.87137794536403,38.72859307836986,413.11440103435143,0.12,0.12
1791330784.705364,40,408.7623334842386,-197.61402594153375,-17.61402594153375,0.0,0.0,0.0,0.0,0.0,0.0,0,idle,11.98778490611772,382.8011079609778,37.39155266975725,411.59873638068274,0.12,0.12
1791330784.7226639,40,408.74770643857545,-197.61402594153375,-17.61402594153375,0.0,0.0,0.0,0.0,0.0,0.0,0,idle,52.82828848217186,385.93910979451755,38.163389460377985,410.3157550513745,0.12,0.12
1791330784.7382321,40,408.73713839808386,-197.61402594153375,-17.614025941533754,0.0,0.0,0.0,0.0,0.0,0.0,0,idle,44.446112276219395,414.13531368321355,38.47752560117006,410.5067329829664,0.12,0.12
1791330784.755454,40,408.7295029888287,-197.61402594153375,-17.614025941533754,0.0,0.0,0.0,0.0,0.0,0.0,0,idle,38.74936959802691,401.23113673880516,38.4911178010129,410.0429531707583,0.12,0.12
1791330784.772605,40,408.7239864056418,-197.61402594153375,-17.61402594153375,0.0,0.0,0.0,0.0,0.0,0.0,0,idle,49.72658792481798,398.15496701498296,39.052891307203154,409.44855386296956,0.12,0.12
1791330784.788779,40,408.72000067428934,-197.61402594153375,-17.614025941533754,0.0,0.0,0.0,0.0,0.0,0.0,0,idle,34.36193048770399,405.58603527799295,38.8183432662282,409.25542793372074,0.12,0.12
1791330784.805975,40,408.71712098338713,-197.61402594153375,-17.614025941533754,0.0,0.0,0.0,0.0,0.0,0.0,0,idle,57.752404888298045,426.7299834549189,39.76504634733169,410.12915570978066,0.12,0.12
1791330784.822182,40,408.71504040671033,-197.61402594153375,-17.61402594153375,0.0,0.0,0.0,0.0,0.0,0.0,0,idle,20.10320413828146,395.1455844370141,38.78195423687918,409.3799771461423,0.12,0.12
1791330784.839273,40,408.71353719006134,-197.61402594153375,-17.61402594153375,0.0,0.0,0.0,0.0,0.0,0.0,0,idle,26.66851536534987,399.5286433030455,38.17628229330271,408.88741045398746,0.12,0.12
1791330784.8563242,40,408.7124511160324,-197.61402594153375,-17.61402594153375,0.0,0.0,0.0,0.0,0.0,0.0,0,idle,43.341677062475526,410.46690232012156,38.434552031761356,408.9663850472942,0.12,0.12
1791330784.872913,40,408.7116664275465,-197.61402594153375,-17.614025941533754,0.0,0.0,0.0,0.0,0.0,0.0,0,idle,40.29950116257912,392.5710560474716,38.52779948830224,408.1466185973031,0.12,0.12
1791330784.890013,40,408.71109949011543,-197.61402594153375,-17.614025941533754,0.0,0.0,0.0,0.0,0.0,0.0,0,idle,41.573305901817925,429.316108940712,38.68007480897803,409.2050931144735,0.12,0.12
1791330784.906008,40,408.7106898778215,-197.61402594153375,-17.61402594153375,0.0,0.0,0.0,0.0,0.0,0.0,0,idle,58.87214835570347,403.69984813900857,39.6896784863143,408.9298308657003,0.12,0.12
1791330784.923504,40,408.7103939329391,-197.61402594153375,-17.614025941533754,0.0,0.0,0.0,0.0,0.0,0.0,0,idle,48.19814172831231,405.42438545205033,40.1151016484142,408.7545585950178,0.12,0.12
1791330784.93999,40,408.7101801127616,-197.61402594153375,-17.614025941533754,0.0,0.0,0.0,0.0,0.0,0.0,0,idle,53.98102890840808,382.0580322005651,40.8083980114139,407.41973227529513,0.12,0.12
1791330784.95651,40,408.7100256276833,-197.61402594153375,-17.61402594153375,0.0,0.0,0.0,0.0,0.0,0.0,0,idle,57.62283458247557,427.23391118776556,41.649119839966986,408.41044122091864,0.12,0.12
1791330784.974056,40,408.70991401221426,-197.61402594153375,-17.614025941533754,0.0,0.0,0.0,0.0,0.0,0.0,0,idle,29.733288276070443,417.8245445072468,41.05332826177216,408.88114638523507,0.12,0.12
1791330784.990731,40,408.70983337003787,-197.61402594153375,-17.61402594153375,0.0,0.0,0.0,0.0,0.0,0.0,0,idle,57.10019152548922,409.28440560760095,41.85567142495801,408.90130934635334,0.12,0.12
1791330785.008214,40,408.7097751060654,-197.61402594153375,-17.61402594153375,0.0,0.0,0.0,0.0,0.0,0.0,0,idle,38.40841641467637,408.2776780686461,41.68330867444393,408.870127782468,0.12,0.12
1791330785.0250702,40,408.70973301034536,-197.61402594153375,-17.614025941533754,0.0,0.0,0.0,0.0,0.0,0.0,0,idle,31.720143824676043,402.06617140912607,41.185150431955535,408.5299299638009,0.12,0.12
1791330785.041815,40,408.7097025961876,-197.61402594153375,-17.614025941533754,0.0,0.0,0.0,0.0,0.0,0.0,0,idle,59.13356376360381,401.8083470932207,42.08257109853795,408.1938508202719,0.12,0.12
1791330785.058796,40,408.7096806219586,-197.61402594153375,-17.61402594153375,0.0,0.0,0.0,0.0,0.0,0.0,0,idle,46.26592583232851,390.65922276198063,42.29173883522748,407.31711941735733,0.12,0.12
1791330785.075944,40,408.7096647455782,-197.61402594153375,-17.61402594153375,0.0,0.0,0.0,0.0,0.0,0.0,0,idle,52.61942221017142,404.4792393386742,42.80812300397467,407.17522541342316,0.12,0.12
1791330785.0931442,40,408.70965327489336,-197.61402594153375,-17.614025941533754,0.0,0.0,0.0,0.0,0.0,0.0,0,idle,35.535001136819254,431.4421142541007,42.4444669106169,408.38856985545704,0.12,0.12
1791330785.110053,40,408.70964498732354,-197.61402594153375,-17.614025941533754,0.0,0.0,0.0,0.0,0.0,0.0,0,idle,38.486626536393906,422.3871436943704,42.24657489190575,409.0884985474027,0.12,0.12
1791330785.126549,40,408.70963899955433,-197.61402594153375,-17.61402594153375,0.0,0.0,0.0,0.0,0.0,0.0,0,idle,33.199309852316404,407.4079576936551,41.79421163992628,409.0044715047153,0.12,0.12
1791330785.143689,40,408.70963467339107,-197.61402594153375,-17.61402594153375,0.0,0.0,0.0,0.0,0.0,0.0,0,idle,36.306356011077156,392.0456715526443,41.51981885848382,408.15653150711177,0.12,0.12
1791330785.161577,40,408.7096315477381,-197.61402594153375,-17.61402594153375,0.0,0.0,0.0,0.0,0.0,0.0,0,idle,30.630503725078597,403.3526793284404,40.97535310181356,407.9163388981782,0.12,0.12
1791330785.177427,40,408.70962928945386,-197.61402594153375,-17.614025941533754,0.0,0.0,0.0,0.0,0.0,0.0,0,idle,30.006014701342444,403.6086517626762,40.42688618179,407.7009545414031,0.12,0.12
1791330785.194379,40,408.7096276578435,-197.61402594153375,-17.61402594153375,0.0,0.0,0.0,0.0,0.0,0.0,0,idle,45.77836764970475,416.03216709780185,40.69446025518574,408.11751516922305,0.12,0.12
1791330785.2113621,40,408.709626479005,-197.61402594153375,-17.614025941533754,0.0,0.0,0.0,0.0,0.0,0.0,0,idle,28.59911919738631,413.21538854328895,40.08969320229577,408.37240883792634,0.12,0.12
1791330785.228224,40,408.7096256272942,-197.61402594153375,-17.61402594153375,0.0,0.0,0.0,0.0,0.0,0.0,0,idle,39.180448755779906,424.334231282498,40.044230979969974,409.1704999601549,0.12,0.12
1791330785.245165,40,408.70962501193316,-197.61402594153375,-17.61402594153375,0.0,0.0,0.0,0.0,0.0,0.0,0,idle,27.00013184029495,399.81133083685063,39.39202602298622,408.7025415039897,0.12,0.12
1791330785.262191,40,408.7096245673348,-197.61402594153375,-17.61402594153375,0.0,0.0,0.0,0.0,0.0,0.0,0,idle,38.081869797264496,405.3201282660388,39.32651821170013,408.5334208420922,0.12,0.12
1791330785.279181,40,408.70962424611247,-197.61402594153375,-17.61402594153375,0.0,0.0,0.0,0.0,0.0,0.0,0,idle,52.71300281495573,404.1085916229109,39.99584244186291,408.31217938113315,0.12,0.12
1791330785.296248,40,408.7089693343857,-197.61402594153375,-17.61402594153375,0.0,0.0,0.0,1.0,0.0,1.0,0,idle,33.675213529877944,408.75163859444984,39.67981099626366,408.334152341799,0.12,0.12
1791330785.3126771,40,408.70677328267504,-197.61402594153375,-17.61402594153375,0.0,0.0,0.0,1.0,0.0,1.0,0,idle,39.19805312292379,409.99421871285665,39.65572310259667,408.41715566035185,0.12,0.12
1791330785.330087,40,408.70255578873326,-197.61402594153375,-17.614025941533747,0.0,0.0,0.0,1.0,0.0,1.0,0,idle,43.92171549201476,386.4508554405509,39.86902272206757,407.3188406493618,0.12,0.12
1791330785.346547,40,408.69610602947574,-197.61402594153375,-17.61402594153375,0.0,0.0,0.0,1.0,0.0,1.0,0,idle,24.821069683292794,411.6249776587629,39.11662507012883,407.5341474998318,0.12,0.12
1791330785.364028,40,408.6873874512193,-197.61402594153375,-17.61402594153375,0.0,0.0,0.0,1.0,0.0,1.0,0,idle,46.087492579421614,407.78747269844484,39.46516844559347,407.5468137597625,0.12,0.12
1791330785.381558,40,408.6764720450242,-197.61402594153375,-17.61402594153375,0.0,0.0,0.0,1.0,0.0,1.0,0,idle,47.508277271280505,398.48397544654654,39.86732388687782,407.09367184410166,0.12,0.12
1791330785.399153,40,408.6634954653631,-197.61402594153375,-17.61402594153375,0.0,0.0,0.0,1.0,0.0,1.0,0,idle,27.676788332322587,416.9755540701092,39.25779710915006,407.58776595540206,0.12,0.12
1791330785.4157262,40,408.6486268173847,-197.61402594153375,-17.61402594153375,0.0,0.0,0.0,1.0,0.0,1.0,0,idle,51.624144261965974,432.04202124188765,39.87611446679086,408.81047871972635,0.12,0.12
1791330785.4334989,40,408.6320487101321,-197.61402594153375,-17.61402594153375,0.0,0.0,0.0,1.0,0.0,1.0,0,idle,50.36986400435601,406.44999594091024,40.400801943669116,408.6924545807855,0.12,0.12
1791330785.4499898,40,408.61394444462616,-197.61402594153375,-17.61402594153375,0.0,0.0,0.0,1.0,0.0,1.0,0,idle,72.71935739320713,416.3053399891866,42.01672971614602,409.0730988512056,0.12,0.12
1791330785.467545,40,408.59449011694363,-197.61402594153375,-17.61402594153375,0.0,0.0,0.0,1.0,0.0,1.0,0,idle,22.77083686186219,415.1712553858063,41.054435073431826,409.3780066779356,0.12,0.12
1791330785.48343,40,408.57385006842577,-197.61402594153375,-17.61402594153375,0.0,0.0,0.0,1.0,0.0,1.0,0,idle,26.313725335800513,418.53446206515594,40.31739958655026,409.83582944729665,0.12,0.12
1791330785.500623,40,408.55217458082853,-197.61402594153375,-17.614025941533754,0.0,0.0,0.0,1.0,0.0,1.0,0,idle,44.31094517109996,427.3453912388955,40.517076865777746,410.7113075368766,0.12,0.12
1791330785.517649,40,408.52959904608696,-197.61402594153375,-17.614025941533754,0.0,0.0,0.0,1.0,0.0,1.0,0,idle,41.29628294775283,414.8972820324389,40.5560371698765,410.9206062616547,0.12,0.12
1791330785.5334342,40,408.50624407623553,-197.61402594153375,-17.61402594153375,0.0,0.0,0.0,1.0,0.0,1.0,0,idle,43.47913188717718,409.95803500987626,40.70219190574153,410.87247769906577,0.12,0.12
1791330785.550563,40,408.4822161861264,-197.61402594153375,-17.61402594153375,0.0,0.0,0.0,1.0,0.0,1.0,0,idle,44.46442834010402,407.88299744805994,40.89030372745965,410.7230036865155,0.12,0.12
1791330785.567704,40,408.4576087994988,-197.61402594153375,-17.61402594153375,0.0,0.0,0.0,1.0,0.0,1.0,0,idle,61.36088242342291,407.9797495961891,41.91383266225782,410.5858409819992,0.12,0.12
1791330785.584864,40,408.43250341174934,-197.61402594153375,-17.61402594153375,0.0,0.0,0.0,1.0,0.0,1.0,0,idle,46.87039015772841,427.8245605273486,42.161660537031345,411.44777695926666,0.12,0.12
1791330785.602048,40,408.40697080053496,-197.61402594153375,-17.614025941533754,0.0,0.0,0.0,1.0,0.0,1.0,0,idle,39.138052135247236,401.81242423649576,42.01048011694214,410.9660093231281,0.12,0.12
1791330785.619325,40,408.3810722153611,-197.61402594153375,-17.61402594153375,0.0,0.0,0.0,1.0,0.0,1.0,0,idle,55.838567366394706,413.5198570524137,42.70188447941477,411.0937017095924,0.12,0.12
1791330785.636411,40,408.3548605047462,-197.61402594153375,-17.61402594153375,0.0,0.0,0.0,1.0,0.0,1.0,0,idle,39.82805080258013,418.9246950679194,42.55819279557304,411.48525137750875,0.12,0.12
1791330785.653501,40,408.32838115813337,-197.61402594153375,-17.614025941533754,0.0,0.0,0.0,1.0,0.0,1.0,0,idle,13.773917907237788,400.7350208364176,41.11897905115628,410.9477398504542,0.12,0.12
1791330785.670198,40,408.30167325207503,-197.61402594153375,-17.61402594153375,0.0,0.0,0.0,1.0,0.0,1.0,0,idle,36.218200974912264,430.1961152044184,40.87394014734408,411.9101586181524,0.12,0.12
1791330785.687372,40,408.274770298246,-197.61402594153375,-17.61402594153375,0.0,0.0,0.0,1.0,0.0,1.0,0,idle,22.97457743300519,387.7088937313523,39.978972011627135,410.7000953738124,0.12,0.12
1791330785.703617,40,408.2477009958669,-197.61402594153375,-17.614025941533754,0.0,0.0,0.0,1.0,0.0,1.0,0,idle,28.63497574825669,427.3285704647246,39.411772198458614,411.531519128358,0.12,0.12
1791330785.719587,40,408.2204898941052,-197.61402594153375,-17.614025941533754,0.0,0.0,0.0,1.0,0.0,1.0,0,idle,55.79357503029463,402.93917890854334,40.230862340050415,411.1019021173673,0.12,0.12
1791330785.737105,40,408.19315797161744,-197.61402594153375,-17.61402594153375,0.0,0.0,0.0,1.0,0.0,1.0,0,idle,42.202715965321744,419.8999377206239,40.32945502131398,411.5418038975301,0.12,0.12
1791330785.753579,40,408.16572314108396,-197.61402594153375,-17.61402594153375,0.0,0.0,0.0,1.0,0.0,1.0,0,idle,65.07924522323549,407.4617676072686,41.56694453141006,411.33780208301704,0.12,0.12
1791330785.7710872,40,408.1382006866769,-197.61402594153375,-17.61402594153375,0.0,0.0,0.0,1.0,0.0,1.0,0,idle,61.96223515514957,421.1825430057207,42.58670906259704,411.8300391291522,0.12,0.12
1791330785.788055,40,408.1106036421323,-197.61402594153375,-17.614025941533754,0.0,0.0,0.0,1.0,0.0,1.0,0,idle,24.22774999647092,412.057748751782,41.668761109290735,411.8414246102837,0.12,0.12
1791330785.8046458,40,408.0829431166076,-197.61402594153375,-17.61402594153375,0.0,0.0,0.0,1.0,0.0,1.0,0,idle,34.452465621290465,421.8853744970847,41.30794633489072,412.34362210462376,0.12,0.12
1791330785.822399,40,408.05522857491013,-197.61402594153375,-17.61402594153375,0.0,0.0,0.0,1.0,0.0,1.0,0,idle,56.35649346856151,414.74506542157104,42.06037369157426,412.46369427047114,0.12,0.12
1791330785.837961,40,408.0274680780377,-197.61402594153375,-17.61402594153375,0.0,0.0,0.0,1.0,0.0,1.0,0,idle,26.685050817561816,403.17324525365467,41.29160754787364,411.9991718196303,0.12,0.12
1791330785.8556402,40,407.99966848933485,-197.61402594153375,-17.61402594153375,0.0,0.0,0.0,1.0,0.0,1.0,0,idle,21.56922582893521,424.00510059715015,40.305488461926714,412.5994682585063,0.12,0.12
1791330785.873535,40,407.9718356509504,-197.61402594153375,-17.61402594153375,0.0,0.0,0.0,1.0,0.0,1.0,0,idle,39.18064521758754,411.99961429899804,40.24924629970975,412.5694755605309,0.12,0.12
1791330785.8899,40,407.9517264252177,-197.61402594153375,-17.61402594153375,0.0,0.0,0.0,0.0,0.0,0.0,0,idle,42.125061360741746,413.80434246619615,40.34303705276135,412.6312189058142,0.12,0.12
1791330785.906112,40,407.93719750962583,-197.61402594153375,-17.61402594153375,0.0,0.0,0.0,0.0,0.0,0.0,0,idle,56.16298846011706,422.03902628772755,41.13403462312914,413.10160927490983,0.12,0.12
1791330785.923222,40,407.9267003681107,-197.61402594153375,-17.614025941533754,0.0,0.0,0.0,0.0,0.0,0.0,0,idle,52.294714261883655,376.58965240977403,41.692068605066865,411.27601143165305,0.12,0.12
1791330785.9403598,40,407.919116183366,-197.61402594153375,-17.61402594153375,0.0,0.0,0.0,0.0,0.0,0.0,0,idle,23.84039313345836,406.44919107653885,40.79948483148644,411.03467041389735,0.12,0.12
1791330785.9566169,40,407.91363660988793,-197.61402594153375,-17.614025941533754,0.0,0.0,0.0,0.0,0.0,0.0,0,idle,64.7372084596467,394.4679871421018,41.99637101289445,410.2063362503076,0.12,0.12
1791330785.9726331,40,407.90967761805007,-197.61402594153375,-17.61402594153375,0.0,0.0,0.0,0.0,0.0,0.0,0,idle,51.30585005296372,412.96278542205454,42.461844964897914,410.3441587088949,0.12,0.12
1791330785.9881039,40,407.9068172464472,-197.61402594153375,-17.61402594153375,0.0,0.0,0.0,0.0,0.0,0.0,0,idle,46.786583943652914,432.4472203462193,42.67808191383566,411.4493117907611,0.12,0.12
1791330786.00497,40,407.9047506279641,-197.61402594153375,-17.61402594153375,0.0,0.0,0.0,0.0,0.0,0.0,0,idle,31.498637159116377,409.1251871608052,42.1191096760997,411.3331055592633,0.12,0.12
1791330786.022111,40,407.9032574961101,-197.61402594153375,-17.61402594153375,0.0,0.0,0.0,0.0,0.0,0.0,0,idle,37.99104752612581,415.9077852278143,41.912706568601,411.56183954269085,0.12,0.12
1791330786.039392,40,407.90217870834556,-197.61402594153375,-17.61402594153375,0.0,0.0,0.0,0.0,0.0,0.0,0,idle,33.59063838302981,408.14235162594247,41.49660315932244,411.39086514685346,0.12,0.12
1791330786.0565052,40,407.9013992841857,-197.61402594153375,-17.61402594153375,0.0,0.0,0.0,0.0,0.0,0.0,0,idle,31.244687109732485,402.6424161515806,40.984007356842945,410.9534426970898,0.12,0.12
1791330786.0750709,40.00000060379177,407.9014011859631,-197.61402594153375,162.38597405846627,6.037917688571543e-07,1.9017774046876325e-06,0.0,-1.0,0.0,-1.0,0,idle,24.608999963052096,415.1113355034456,40.165257560755585,411.16133914409613,0.12,0.12
1791330786.089063,40.00022094597292,407.90209520301175,-197.61402594153375,162.38597405846625,0.00022034218115169886,0.0006940170486375532,0.0,-1.0,0.0,-1.0,0,idle,22.49872897645365,408.93939938122054,39.28214045661258,411.05090147214855,0.12,0.12
1791330786.106116,40.00131648712299,407.90554585522756,-197.61402594153375,162.38597405846627,0.0010955411500687992,0.0034506522158291556,0.0,-1.0,0.0,-1.0,0,idle,39.86189053229196,440.86558119016945,39.31216872448912,412.5449135776546,0.12,0.12
1791330786.1228218,40.004409475850636,407.9152879159488,-197.61402594153375,162.38597405846627,0.0030929887276463135,0.009742060721240007,0.0,-1.0,0.0,-1.0,0,idle,66.99398026682547,417.80152350610507,40.6991976408972,412.8169990317623,0.12,0.12
1791330786.1397069,40.01102452561273,407.93612349671906,-197.61402594153375,162.38597405846627,0.0066150497620945,0.020835580770250432,0.0,-1.0,0.0,-1.0,0,idle,27.347023494787354,391.4384890682408,40.0378732308657,411.767867335318,0.12,0.12
1791330786.157321,40.02298467036438,407.9737946512771,-197.61402594153375,162.38597405846627,0.011960144751647379,0.03767115455801704,0.0,-1.0,0.0,-1.0,0,idle,30.781519210474773,397.8232419416815,39.586417667360216,411.1064236624663,0.12,0.12
1791330786.173835,40.04229952454066,408.034631110371,-197.61402594153375,162.38597405846627,0.019314854176281687,0.06083645909386236,0.0,-1.0,0.0,-1.0,0,idle,58.61767522026282,393.027601678696,40.55632965647281,410.260277199417,0.12,0.12
1791330786.1913369,40.07106228307984,408.12522586026273,-197.61402594153375,162.38597405846627,0.028762758539182958,0.0905947498917387,0.0,-1.0,0.0,-1.0,0,idle,48.326765856832,413.3891878444679,40.972176087102994,410.50278774406667,0.12,0.12
1791330786.207894,40.11136321017672,408.25216265618144,-197.61402594153375,162.38597405846627,0.04030092709688239,0.12693679591870496,0.0,-1.0,0.0,-1.0,0,idle,41.38840180715835,406.0821155937354,41.0312732538478,410.4023440926729,0.12,0.12
1791330786.224515,40.165221931857,408.42180276262206,-197.61402594153375,162.38597405846627,0.053858721680275085,0.1696401064406352,0.0,-1.0,0.0,-1.0,0,idle,64.60975956793982,404.33713438019043,42.26136335514867,410.26024170816737,0.12,0.12
1791330786.242215,40.23453789961029,408.64012892746325,-197.61402594153375,162.38597405846627,0.06931596775328833,0.21832616484118922,0.0,-1.0,0.0,-1.0,0,idle,59.319878440831864,422.32460425362643,43.18013927879845,411.0708696920394,0.12,0.12
1791330786.258723,40.3210569263129,408.91263997936124,-197.61402594153375,162.38597405846627,0.08651902670261391,0.27251105189796665,0.0,-1.0,0.0,-1.0,0,idle,44.63464111187963,413.50059593825955,43.33505744581999,411.45124150365353,0.12,0.12
1791330786.276555,40.426351121224094,409.24428762852665,-197.61402594153375,162.38597405846627,0.10529419491119321,0.3316476491653817,0.0,-1.0,0.0,-1.0,0,idle,32.71294738109736,395.8956798160865,42.90398142774949,410.9885286859823,0.12,0.12
1791330786.2932868,40.55180948820573,409.63944685371166,-197.61402594153375,162.38597405846627,0.12545836698163398,0.3951592251850112,0.0,-1.0,0.0,-1.0,0,idle,42.46176332759876,424.19074181887174,43.001055971374505,412.02404060655255,0.12,0.12
1791330786.310057,40.69863666088604,410.1019119183251,-197.61402594153375,162.38597405846627,0.14682717268031173,0.46246506461343834,0.0,-1.0,0.0,-1.0,0,idle,39.82504627382349,413.07581804269165,42.98174130054325,412.51597128974225,0.12,0.12
1791330786.327316,40.867857582963204,410.63491111209663,-197.61402594153375,162.38597405846627,0.16922092207716616,0.5329991937715497,0.0,-1.0,0.0,-1.0,0,idle,14.11671710591041,426.55143661632457,41.69924996678491,413.72409379015437,0.12,0.12
1791330786.344307,41.060326313948735,411.24113448673785,-197.61402594153375,162.38597405846627,0.19246873098553335,0.6062233746412434,0.0,-1.0,0.0,-1.0,0,idle,39.06332634723763,406.6149501604892,41.7502990802438,413.9445488145803,0.12,0.12
1791330786.361212,41.276737501509146,411.9227699906517,-197.61402594153375,162.38597405846627,0.21641118756041122,0.6816355039138932,0.0,-1.0,0.0,-1.0,0,idle,52.012063511967725,407.4664053554583,42.468977930012386,414.26819537034237,0.12,0.12
1791330786.378016,41.51763938634592,412.6815444307147,-197.61402594153375,162.38597405846627,0.24090188483677052,0.7587744400629947,0.0,-1.0,0.0,-1.0,0,idle,46.23112564743405,411.0076287173872,42.8859421064784,414.8260027557545,0.12,0.12
1791330786.394814,41.783447484048544,413.5187665663372,-197.61402594153375,162.38597405846627,0.2658080977026222,0.8372221356224601,0.0,-1.0,0.0,-1.0,0,idle,45.613189092402635,432.6855825496944,43.27482214859211,416.5143427742928,0.12,0.12
1791330786.411551,42.07445831887267,414.4353703670736,-197.61402594153375,162.38597405846627,0.2910108348241268,0.9166038007363795,0.0,-1.0,0.0,-1.0,0,idle,23.52381104944973,423.51437962507157,42.56373188671791,417.7351182275313,0.12,0.12
1791330786.427844,42.390862769883945,415.4319570492915,-197.61402594153375,162.38597405846627,0.3164044510112749,0.9965866822179148,0.0,-1.0,0.0,-1.0,0,idle,50.59936143526246,421.95732231398216,43.266097592605846,418.8929857799609,0.12,0.12
1791330786.4452,42.73275873554539,416.50883496612613,-197.61402594153375,162.38597405846627,0.34189596566143987,1.0768779168346239,0.0,-1.0,0.0,-1.0,0,idle,60.96687523970391,406.03929480545946,44.47593764233912,419.2733352522287,0.12,0.12
1791330786.462411,43.10016293456998,417.6660567769084,-197.61402594153375,162.38597405846627,0.3674041990245921,1.1572218107823051,0.0,-1.0,0.0,-1.0,0,idle,46.53574985467623,410.01403073882955,44.92796224202934,419.9097307468019,0.12,0.12
1791330786.4795551,43.49302174461948,418.90345358607453,-197.61402594153375,162.38597405846627,0.3928588100495028,1.2373968091661278,0.0,-1.0,0.0,-1.0,0,idle,38.384189385700445,416.0457611299773,44.973989468759925,420.8920592346685,0.12,0.12
1791330786.496661,43.91122104162862,420.220665934321,-197.61402594153375,162.38597405846627,0.418199297009138,1.3172123482464844,0.0,-1.0,0.0,-1.0,0,idle,15.76179978426702,411.94551792598105,43.91066931669396,421.6960839000683,0.12,0.12
1791330786.5123498,44.35459504591284,421.6171716614024,-197.61402594153375,162.38597405846627,0.44337400428421303,1.3965057270813486,0.0,-1.0,0.0,-1.0,0,idle,54.241480526845656,428.9942598502592,44.848415181271555,423.38767313830516,0.12,0.12
1791330786.529449,44.822934210785476,423.0923107530977,-197.61402594153375,162.38597405846627,0.4683391648726366,1.4751390916953246,0.0,-1.0,0.0,-1.0,0,idle,43.68625778029256,417.7095950702984,45.235229517851614,424.5051513720154,0.12,0.12
1791330786.546166,45.31599220846871,424.64530734490177,-197.61402594153375,162.38597405846627,0.49305799768323183,1.5529965918040465,0.0,-1.0,0.0,-1.0,0,idle,42.93838588573608,425.55821020166786,45.588792434044905,426.0331510757119,0.12,0.12
1791330786.563082,45.83349207929593,426.2752890903151,-197.61402594153375,162.38597405846627,0.5174998708272197,1.629981745413311,0.0,-1.0,0.0,-1.0,0,idle,53.015791272687,432.37979721659826,46.45176725326287,427.89896604089887,0.12,0.12
1791330786.579922,46.37513161568422,427.9813041188711,-197.61402594153375,162.38597405846627,0.5416395363882873,1.7060150285560223,0.0,-1.0,0.0,-1.0,0,idle,72.92944833459804,433.09496518020154,48.2902088668985,429.77948027499224,0.12,0.12
1791330786.597408,46.940588053751476,429.76233581343513,-197.61402594153375,162.38597405846627,0.5654564380672601,1.7810316945640237,0.0,-1.0,0.0,-1.0,0,idle,37.4826728536234,413.9862547735209,48.287015682398646,430.6817991097545,0.12,0.12
1791330786.613939,47.529522144030125,431.6173156318287,-197.61402594153375,162.38597405846627,0.5889340902786482,1.8549798183936081,0.0,-1.0,0.0,-1.0,0,idle,43.85493622869036,441.8174506307353,48.62489909547795,433.0008125132774,0.12,0.12
1791330786.631414,48.14158166944559,433.545134187491,-197.61402594153375,162.38597405846627,0.6120595254154656,1.9278185556622733,0.0,-1.0,0.0,-1.0,0,idle,61.94885550573332,422.18372237715823,49.87255346513541,434.2913856343506,0.12,0.12
1791330786.6479201,48.77640447429643,435.54465078992973,-197.61402594153375,162.38597405846627,0.6348228048508352,1.9995166024387576,0.0,-1.0,0.0,-1.0,0,idle,30.915474316374794,421.32005107129953,49.52778117230567,435.54235967851486,0.12,0.12
1791330786.665815,49.43362106291453,437.6147016297839,-197.61402594153375,162.38597405846627,0.6572165886181037,2.070050839854186,0.0,-1.0,0.0,-1.0,0,idle,43.7866994727221,464.7075730273963,49.865082846513694,438.9671686438204,0.12,0.12
1791330786.682204,50.11285682137163,439.75410677658573,-197.61402594153375,162.38597405846627,0.6792357584570984,2.139405146801829,0.0,-1.0,0.0,-1.0,0,idle,64.85358379632495,440.5598768662928,51.259781864538496,441.07923894440574,0.12,0.12
1791330786.698665,50.8137339102911,441.96167614059544,-197.61402594153375,162.38597405846627,0.7008770889194664,2.20756936400971,0.0,-1.0,0.0,-1.0,0,idle,51.365782119069166,436.22078669367727,51.93091511173853,442.93350722767855,0.12,0.12
1791330786.7161,51.53587287169649,444.23621453393065,-197.61402594153375,162.38597405846627,0.7221389614053898,2.274538393335191,0.0,-1.0,0.0,-1.0,0,idle,47.2650327715976,458.71002587028687,52.3836530080666,445.8831446334774,0.12,0.12
1791330786.733939,52.27833519312104,446.57670309089013,-197.5635660869838,162.39965262906992,0.7424623214245484,2.3404885569595106,1.0,-1.0,1.0,-1.0,0,idle,66.59183951225593,444.7817508139,53.79940153862939,448.05153907161,0.12,0.12
1791330786.751426,53.03886127747059,448.9825404235743,-197.38669394212454,162.45736895534327,0.7605260843495497,2.4058373326841513,1.0,-1.0,1.0,-1.0,0,idle,65.97393646199822,448.89001674471024,55.1306280649299,450.37900842131495,0.12,0.12
1791330786.7679842,53.81265288217213,451.4416343563493,-197.25816813412305,162.5330186022638,0.7737916047015414,2.4590939327750307,1.0,-1.0,0.0,0.5,1,braking,60.80959284238384,447.4771349440589,56.14967832826906,452.5700539835884,0.12,0.12
1791330786.784632,54.59423717222088,453.93743378951734,-197.1658165899181,162.6115364134074,0.7815842900487511,2.495799433168016,1.0,-1.0,0.0,0.5,1,braking,81.79404240838907,467.2883548988722,58.17440160782137,455.67697849086227,0.12,0.12
1791330786.802495,55.37843365925154,456.4529224979181,-197.09992008135163,162.68528019940393,0.7841964870306648,2.5154887084007616,1.0,-1.0,0.0,0.5,1,braking,59.84771085751153,459.5313861083401,59.00305373298501,458.25941314471686,0.12,0.12
1791330786.819194,56.16080035523055,458.9727026338934,-197.05309692019483,162.75095053221253,0.782366695979011,2.519780135975306,1.0,-1.0,0.0,0.5,1,braking,39.48649405299882,442.9683871143736,58.77047411016576,459.88865297237624,0.12,0.12
1791330786.8352718,56.937784799717065,461.4839126362115,-197.0199031059827,162.80759795469027,0.7769844444865149,2.5112100023181165,1.0,-1.0,0.0,0.5,1,braking,48.22181391396059,443.467590914101,58.98117632261769,461.4532493716647,0.12,0.12
1791330786.8521621,57.706715002364234,463.97646335155883,-196.99639567768415,162.85546096087444,0.768930202647166,2.492550715347322,1.0,-1.0,0.0,0.5,1,braking,76.01268803862982,445.8164070582152,60.56323560093311,463.03933043557214,0.12,0.12
1791330786.869343,58.465699013641384,466.4428626787518,-196.9797520186901,162.89532057889468,0.7589840112771514,2.466399327192975,1.0,-1.0,0.0,0.5,1,braking,39.37117623936366,464.86681984081474,60.22466744356793,465.47378426666756,0.12,0.12
1791330786.885973,59.21327718639748,468.8771546679792,-196.96797938295754,162.9281250808688,0.7475781727560893,2.4342919892273978,1.0,-1.0,0.0,0.5,1,braking,61.91348765691653,483.29046330167307,61.019307718353645,468.67719560818387,0.12,0.12
1791330786.903083,59.94814972247769,471.2740576443363,-196.95966769427622,162.95485194492312,0.7348725360802089,2.396902976357136,1.0,-1.0,0.0,0.5,1,braking,72.42657207390714,469.2331349572117,62.28779984540752,470.9820504031745,0.12,0.12
1791330786.919968,60.66905151345978,473.628558549584,-196.95381366111573,162.97644387672293,0.7209017909820922,2.3545009052476598,1.0,-1.0,0.0,0.5,1,steering,92.12535444232903,465.65770610298387,64.46453427668658,472.9526090481503,0.12,0.12
1791330786.9368541,61.37562444628586,475.9379276915381,-196.97434790941267,162.98802235143995,0.7065729328260858,2.3093691419541136,1.0,-1.0,-1.0,0.0,1,steering,78.36821433733883,496.1098935761512,65.83096256590397,476.30437395940675,0.12,0.12
1791330786.953836,62.068644462467915,478.2007354344613,-197.08035364619573,162.971979081757,0.6930200161820556,2.26280774292319,1.0,-1.0,-1.0,0.0,1,steering,65.31971845379378,474.97173472820873,66.46376937567142,478.38740935362387,0.12,0.12
1791330786.971004,62.749952704516986,480.4162566830762,-197.30753566296048,162.9064992848815,0.6813082420490677,2.2155212486148868,1.0,-1.0,-1.0,0.0,1,steering,77.91119953336404,486.70443915300393,67.68338371350266,480.908006029777,0.12,0.12
1791330786.987328,63.42219741498611,482.58413259591043,-197.66952237236603,162.77166486894035,0.6722447104691203,2.1678759128342566,1.0,-1.0,-1.0,0.0,1,steering,59.805128082551796,472.9676214781094,67.92810340690077,482.57046891938614,0.12,0.12
1791330787.003316,64.08852650890086,484.70418276899545,-198.16646013412006,162.55213245569007,0.6663290939147488,2.1200501730850325,1.0,-1.0,-1.0,0.0,1,steering,72.07444586759487,494.1713227277234,68.76843316915449,485.1645592742338,0.12,0.12
1791330787.0198212,64.75230038101505,486.77630514912056,-198.7906285682518,162.2379051077539,0.6637738721141948,2.072122380125096,1.0,-1.0,-1.0,0.0,1,steering,66.83519714443112,497.26632268604567,69.30235654642681,487.73816370594324,0.12,0.12
1791330787.037365,65.41685482902787,488.80042704139686,-199.53006852893395,161.82409156070514,0.6645544480128167,2.0241218922763045,1.0,-1.0,-1.0,0.0,1,steering,60.715431541541165,479.48529984264303,69.50433702179471,489.2484363104407,0.12,0.12
1791330787.0539021,66.08532240382499,490.7764857085101,-200.3708959589939,161.31018223851038,0.6684675747971266,1.97605866711327,1.0,-1.0,-1.0,0.0,1,steering,54.83116241108704,510.7641180616646,69.4057224873166,492.2014761317595,0.12,0.12
1791330787.071496,66.76050948813996,492.7044257608271,-201.29875041232887,160.69915077757452,0.6751870843149687,1.9279400523170263,1.0,-1.0,-1.0,0.0,1,steering,78.39105018475071,464.30354452340333,70.49641660228752,492.6381226010428,0.12,0.12
1791330787.0881321,67.44482142867169,494.58420557196314,-202.29967457711717,159.9965538731821,0.68431194053173,1.8797798111360455,1.0,-1.0,-1.0,0.0,1,steering,60.27989441436019,500.61672947447795,70.6356868363963,494.8228437652938,0.12,0.12
1791330787.104602,68.14022641358784,496.41580792926123,-203.36062027588002,159.20971848899345,0.6954049849161468,1.8316023572980926,1.0,-1.0,-1.0,0.0,1,steering,81.9130307706976,489.3625638766063,71.86018876878171,496.2898520102926,0.12,0.12
1791330787.12224,68.84824891773172,498.1992519455056,-204.46971049107393,158.34705475722345,0.7080225041438772,1.7834440162443346,1.0,-1.0,-1.0,0.0,1,steering,68.12156430348473,490.48646447612657,72.34587892445356,497.6939544490164,0.12,0.12
1791330787.1391091,69.5699845175348,499.9346044128938,-205.61634386433238,157.41750334693637,0.721735599803085,1.7353524673882297,1.0,-1.0,-1.0,0.0,1,steering,68.99211720257739,509.65028701005434,72.86383965817268,499.94035592108713,0.12,0.12
1791330787.15576,70.30612918856258,501.62198954173056,-206.79119970012977,156.4301099621106,0.7361446710277749,1.6873851288367774,1.0,-1.0,-1.0,0.0,1,steering,67.15960315495346,498.17346350050843,73.2779652704881,501.45502717245313,0.12,0.12
1791330787.1726542,71.05701755713054,503.2615965407703,-207.98618252692057,155.3937118479606,0.7508883685679604,1.6396069990397473,1.0,-1.0,-1.0,0.0,1,steering,76.45379333868327,488.9758916551112,74.1501006240374,502.3886970456738,0.12,0.12
1791330787.1907892,71.82266583763787,504.85368484547183,-209.1943324243098,154.3167183820842,0.7656482805073356,1.5920883047015129,1.0,-1.0,-1.0,0.0,1,steering,50.315514977246856,492.15750725255816,73.68573720817984,503.38962144548447,0.12,0.12
1791330787.2085052,72.60281628341042,506.3985870332569,-210.40971853524715,153.20696784642837,0.7801504457725464,1.5449021877850313,1.0,-1.0,-1.0,0.0,1,steering,82.55979211287368,514.3004623853267,74.87058287689845,505.4028205708724,0.12,0.12
1791330787.2261481,73.39698089079135,507.8967096127163,-211.62732712717855,152.07164396312825,0.7941646073809359,1.4981225794593922,1.0,-1.0,-1.0,0.0,1,steering,60.37110563374281,518.9868042739766,74.90006539175256,507.50523620651404,0.12,0.12
1791330787.241118,74.20448282881844,509.34853195896767,-212.84295138915485,150.9172379123769,0.8075019380270828,1.4518223462513853,1.0,-1.0,-1.0,0.0,1,steering,63.104271615445874,506.9964804420158,75.07740254406296,508.85902964722794,0.12,0.12
1791330787.258076,75.02449463755084,510.75460370704894,-214.0530872832453,149.74954385822875,0.820011808732402,1.406071748081268,1.0,-1.0,-1.0,0.0,1,steering,74.92264786270549,518.0558841721037,75.84867602829087,510.65464053414894,0.12,0.12
1791330787.274857,75.85607266971633,512.1155409226982,-215.25483781918402,148.5736782285983,0.8315780321654875,1.3609372156492205,1.0,-1.0,-1.0,0.0,1,steering,81.2536825378577,513.35350147669,76.90892548432642,512.0824739361427,0.12,0.12
1791330787.29199,76.69818756664222,513.432021355672,-216.44582681952767,147.39411499945552,0.842114896925894,1.316480432973832,1.0,-1.0,-1.0,0.0,1,steering,86.10323356891362,523.4887047554813,78.16865004063537,513.9034418884347,0.12,0.12
1791330787.309918,77.54975078291226,514.7047790530879,-217.62412239633952,146.21473096812758,0.8515632162700401,1.2727576974159107,1.0,-1.0,-1.0,0.0,1,steering,70.44608764639939,518.2357570990007,78.5915069763801,515.3291774615082,0.12,0.12
1791330787.325985,78.40963732488873,515.9345985753333,-218.7881698319705,145.03885645820276,0.8598865419764741,1.2298195222454094,1.0,-1.0,-1.0,0.0,1,steering,81.69362785894312,499.985107193453,79.5635052353859,515.7303024942386,0.12,0.12
1791330787.342839,79.27670496326708,517.1223090193702,-219.93673324723537,143.86932809389043,0.86706763837835,1.1877104440368838,1.0,-1.0,-1.0,0.0,1,steering,97.99466359725034,523.6121499042939,81.30877740993856,517.2527197865763,0.12,0.12
1791330787.3599942,80.14981023335076,518.268778016894,-221.06884527958564,142.70854124149562,0.8731052700836848,1.1464689975237774,1.0,-1.0,-1.0,0.0,1,steering,68.57318652085691,519.8870923150972,81.50144787206398,518.47358396065,0.12,0.12
1791330787.377141,81.02782156016497,519.3749058397984,-222.18376393155344,141.55850047114814,0.8780113268142032,1.1061278229044593,1.0,-1.0,-1.0,0.0,1,steering,87.05004689052222,532.029436059192,82.61298858346038,520.2021979973363,0.12,0.12
1791330787.395057,81.90962984786228,520.4416197139312,-223.28093575041376,140.42086697481113,0.8818082876973073,1.0667138741328173,1.0,-1.0,-1.0,0.0,1,steering,84.75027611407691,504.4163700119139,83.55757083330366,520.4262847784913,0.12,0.12
1791330787.4113522,82.7941568610425,521.4698684147576,-224.35996453908425,139.29700231686513,0.8845270131802189,1.0282487008263654,1.0,-1.0,-1.0,0.0,1,steering,69.80841714227256,516.22070569042,83.71041381127331,521.1928420898728,0.12,0.12
1791330787.4278998,83.68036170483808,522.4606171954106,-225.42058485892193,138.18800821826488,0.8862048437955843,0.9907487806529695,1.0,-1.0,-1.0,0.0,1,steering,101.29531432933723,507.15142588863307,85.43155343878232,521.4319826214312,0.12,0.12
1791330787.44492,84.56724568475602,523.4148430785383,-226.46263965600664,137.09476230803256,0.8868839799179432,0.9542258831277652,1.0,-1.0,-1.0,0.0,1,steering,106.06856929575773,531.7426638209378,87.30594401255313,522.8540312703778,0.12,0.12
1791330787.462584,85.4538557990797,524.3335305280291,-227.48606141637612,136.01794993678234,0.8866101143236891,0.9186874494908257,1.0,-1.0,-1.0,0.0,1,steering,93.68968807760018,511.9898329010416,88.46741082441298,523.1835744289273,0.12,0.12
1791330787.4797812,86.33928708804156,525.217667504681,-228.4908563278973,134.9580922528129,0.8854312889618555,0.8841369766519341,1.0,-1.0,-1.0,0.0,1,steering,74.04525545653232,512.3534926535654,88.5874627805327,523.4820004679785,0.12,0.12
1791330787.496483,87.2226840362615,526.0682419007285,-229.47709099431083,133.91557080572343,0.883396948219939,0.8505743960474685,1.0,-1.0,-1.0,0.0,1,steering,69.82986063453606,514.8431812135004,88.48880977404181,523.8581051814997,0.12,0.12
1791330787.5132742,88.10324119891348,526.886238341389,-230.44488130903554,132.8906489764695,0.8805571626519828,0.8179964406604849,1.0,-1.0,-1.0,0.0,1,steering,51.73246738550832,524.0456926428618,87.48752195913453,524.6445811731953,0.12,0.12
1791330787.530077,88.98020319819189,527.6726353368263,-231.3943831519718,131.88349054491314,0.8769619992784027,0.7863969954372207,1.0,-1.0,-1.0,0.0,1,steering,96.06938459232128,534.5090939402003,88.74972899010835,525.884883957211,0.12,0.12
1791330787.546904,89.85286421511385,528.4284027647598,-232.32578462173913,130.8941757029348,0.8726610169219625,0.7557674279334738,1.0,-1.0,-1.0,0.0,1,steering,74.9403780945118,513.7169280241084,88.88828941140439,525.9944652170926,0.12,0.12
1791330787.5642729,90.72056708255579,529.1544996620504,-233.23929955879285,129.92271480815307,0.8677028674419407,0.7260968972906453,1.0,-1.0,-1.0,0.0,1,steering,80.05795627260905,532.8362041972713,89.27109047853446,527.0263442185277,0.12,0.12
1791330787.579469,91.58270206861211,529.8518723026731,-234.13516215213903,128.9690601540504,0.862134986056319,0.697372640622649,1.0,-1.0,-1.0,0.0,1,steering,103.64572489894752,530.2578157980093,90.80885043630862,527.8504218060933,0.12,0.12
1791330787.595679,92.43870542474167,530.5214525393112,-235.01362245444906,128.03311600961402,0.8560033561295582,0.6695802366381353,1.0,-1.0,-1.0,0.0,1,steering,89.66379573918113,518.9009304273079,91.56480088977533,528.0390484619603,0.12,0.12
1791330787.612031,93.28805776055314,531.1641563861815,-235.87494265783556,127.1147471574573,0.8493523358114716,0.6427038468702819,1.0,-1.0,-1.0,0.0,1,steering,104.10120663497958,536.8666334624804,92.99850589605644,529.0909963665131,0.12,0.12
1791330787.629111,94.13028229627577,531.780882821458,-236.71939400594758,126.213786135167,0.8422245357226253,0.6167264352765494,1.0,-1.0,-1.0,0.0,1,steering,114.23540703128904,527.8625169585691,94.86046426175456,529.6154625096286,0.12,0.12
1791330787.646657,94.96452599538745,532.3743856796561,-237.11870771831988,125.42904513263628,0.8342436991116771,0.5935028581980776,1.0,-1.0,1.0,-1.0,0,idle,99.6518238558529,501.9744068000836,95.89256375561557,528.7972374394396,0.12,0.12
1791330787.662961,95.79098993848689,532.9485234678683,-237.27748911897737,124.78739465837192,0.8264639430994369,0.5741377882121692,1.0,-1.0,1.0,-1.0,0,idle,89.91901290667941,543.4386818224533,96.37902695911323,530.0747405573919,0.12,0.12
1791330787.6806872,96.61137712650681,533.5077765384024,-237.31905642795184,124.28202179670257,0.820387188019926,0.5592530705340925,1.0,-1.0,1.0,-1.0,0,idle,111.09529832675071,543.1411939586761,97.89420835611404,531.2593536444634,0.12,0.12
1791330787.696769,97.42885051785476,534.0569129819755,-237.32058188383837,123.89116867981987,0.8174733913479437,0.5491364435731514,1.0,-1.0,1.0,-1.0,0,idle,88.89840652773285,525.6344896764656,98.22101798647553,531.4997900674581,0.12,0.12
1791330787.714588,98.24772593063267,534.6008166064273,-237.31004489785514,123.59243177239067,0.8188754127779128,0.5439036244518057,1.0,-1.0,1.0,-1.0,0,idle,93.022651949455,528.1923823532803,98.73903132676352,531.8511281249785,0.12,0.12
1791330787.732739,99.07301248837442,535.1445018341067,-237.25880573623166,123.37623561440088,0.8252865577417466,0.5436852276793863,1.0,-1.0,1.0,-1.0,0,idle,81.798220824873,547.7974779298066,98.67601303152365,533.1649465815152,0.12,0.12
1791330787.7487218,99.91002068720209,535.6930765201062,-237.14591976852853,123.2408102430097,0.8370081988276697,0.5485746859994678,1.0,-1.0,1.0,-1.0,0,idle,103.31062114088284,524.5573535719918,99.70290122587791,533.2557128827385,0.12,0.12
1791330787.764914,100.76404517888709,536.2516884407452,-236.95718130285167,123.18844063441841,0.8540244916850026,0.5586119206389584,1.0,-1.0,1.0,-1.0,0,idle,119.91627679335794,540.1984145332186,101.52489327135265,534.1335292898696,0.12,0.12
1791330787.782202,101.64011636749613,536.8254781861274,-236.68275255710157,123.22311077233303,0.8760711886090483,0.5737897453822153,1.0,-1.0,1.0,-1.0,0,idle,86.7001463146213,547.1910293943904,101.61592355269468,535.3315045532087,0.12,0.12
1791330787.798503,102.54281273688852,537.4195462760507,-236.31577914127422,123.34907448183517,0.90269636939239,0.5940680899232738,1.0,-1.0,1.0,-1.0,0,idle,111.48899590522024,537.3696260522543,102.96713872124373,535.9977753135881,0.12,0.12
1791330787.8158169,103.47612490337013,538.0389347315661,-235.85157448751082,123.57006337694186,0.9333121664816086,0.619388455515399,1.0,-1.0,1.0,-1.0,0,idle,112.56088470355215,546.7155553780501,104.33347257851668,537.1220833495508,0.12,0.12
1791330787.831893,104.44336237084245,538.6886199666243,-235.28711878843652,123.88892417012674,0.9672374674723208,0.649685235058237,1.0,-1.0,1.0,-1.0,0,idle,103.35984255750536,540.6218658841212,105.2036666715648,537.9142734495847,0.12,0.12
1791330787.849581,105.44709454619674,539.3735128286472,-234.6207256727888,124.3075253334913,1.0037321753542807,0.6848928620229905,1.0,-1.0,1.0,-1.0,0,idle,91.7592246341362,531.499584256815,105.48499013627995,538.244187208868,0.12,0.12
1791330787.8661828,106.48911849825816,540.098461786605,-233.8517966949287,124.82681348274507,1.042023952061433,0.7249489579577532,1.0,-1.0,1.0,-1.0,0,idle,88.65202075017719,552.0064079456488,105.63326442143317,539.6209997557669,0.12,0.12
1791330787.8827221,107.57044702514104,540.8682559794096,-232.98062293995946,125.44693769103742,1.081328526882877,0.7697941928046452,1.0,-1.0,1.0,-1.0,0,idle,108.69195701695661,561.7279675426868,106.81346115174807,541.4576526282773,0.12,0.12
1791330787.900806,108.69131170157948,541.6876257204665,-232.00821474581588,126.16739214967184,1.1208646764384467,0.8193697410568855,1.0,-1.0,1.0,-1.0,0,idle,107.59047123867767,551.8283455467664,107.91713309871108,542.7545885282058,0.12,0.12
1791330787.917373,109.85117662641397,542.5612389048384,-230.93615170725056,126.98715140538485,1.1598649248344972,0.8736131843719355,1.0,-1.0,1.0,-1.0,0,idle,117.5038822904854,562.0367235740028,109.49834223689257,544.548627805649,0.12,0.12
1791330787.9340212,111.04875953358696,543.4936924884269,-229.76645028756923,127.90478766124588,1.1975829071729898,0.9324535835884259,1.0,-1.0,1.0,-1.0,0,idle,92.25974127493157,537.1063242923308,109.77411595060886,545.0623435343921,0.12,0.12
1791330787.949833,112.28205774582865,544.4894987713421,-228.5014483194511,128.918568050186,1.2332982122416905,0.9958062829153332,1.0,-1.0,1.0,-1.0,0,idle,98.72232382864746,537.3952817852925,110.39315964614039,545.6250064157066,0.12,0.12
1791330787.966623,113.54837713386245,545.5530666229077,-227.1437060724452,130.02653364500406,1.2663193880337977,1.063567851565563,1.0,-1.0,1.0,-1.0,0,idle,97.36886613430852,541.7567735422929,110.9449483891809,546.4419842310232,0.12,0.12
1791330787.984653,114.8389125606186,546.678054089567,-226.15623471735782,131.07936222210435,1.2905354267561537,1.1249874666593134,1.0,-1.0,0.0,0.5,1,braking,117.20436853698415,539.4474732920735,112.4839280519894,547.160996777402,0.12,0.12
1791330788.000416,116.14326453377538,547.8530438852409,-225.4463102958973,132.01324280731924,1.3043519731567839,1.1749897956739264,1.0,-1.0,0.0,0.5,1,braking,130.5909144745586,553.9278012880376,114.6284117476168,548.6155773088241,0.12,0.12
1791330788.017335,117.45164606880253,549.0650993361676,-224.93970319346636,132.8113345526423,1.308381535027151,1.2120554509266195,1.0,-1.0,0.0,0.5,1,braking,109.68802821513708,552.6926430797319,115.6243550292686,549.9708832757498,0.12,0.12
1791330788.03439,118.75582960074041,550.3018093734137,-224.5798162629631,133.4788665726593,1.3041835319378863,1.2367100372460826,1.0,-1.0,0.0,0.5,1,braking,116.6449982011964,551.3639005221288,116.91436154320597,551.2154086734525,0.12,0.12
1791330788.05138,120.04942634499295,551.5523252401861,-224.32478259893017,134.02987133601388,1.2935967442525358,1.250515866772429,1.0,-1.0,0.0,0.5,1,braking,119.35361576868954,549.350782219126,118.26524116152007,552.31016742417,0.12,0.12
1791330788.069653,121.32782831596798,552.8077635386729,-224.14423007597537,134.48075436664394,1.2784019709750285,1.2554382984868755,1.0,-1.0,0.0,0.5,1,braking,135.85690719988102,557.2358680930671,120.35930633586439,553.7491188411774,0.12,0.12
1791330788.0849621,122.5879243577023,554.0611629031927,-224.01643190690163,134.84734786770068,1.2600960417343288,1.2533993645197883,1.0,-1.0,0.0,0.5,1,braking,114.61530846260362,576.8438364456875,121.26919768184896,556.0945841176966,0.12,0.12
1791330788.101755,123.82725428436646,555.3067128132349,-223.92611425097652,135.1434186259737,1.2393299266641578,1.2455499100422283,1.0,-1.0,0.0,0.5,1,braking,104.45058154873432,556.673976068702,121.60563030552419,557.3068261297869,0.12,0.12
1791330788.1185632,125.04346242256292,556.5392026781635,-223.8624627284998,135.38096183210249,1.21620813819646,1.2324898649287084,1.0,-1.0,0.0,0.5,1,braking,127.08606587852623,562.9218015109435,123.03504981546092,558.758440270527,0.12,0.12
1791330788.135376,126.23407275338714,557.7537593123872,-223.81776355401323,135.57042891745976,1.1906103308242082,1.2145566342236573,1.0,-1.0,0.0,0.5,1,steering,138.37796122435134,551.1749469926464,124.93327520018845,559.5330944091454,0.12,0.12
1791330788.1526248,127.39825804508062,558.9473350328118,-223.8177382517059,135.71417768940435,1.1641852916934792,1.1935757204246011,1.0,-1.0,-1.0,0.0,1,steering,122.8202767150867,567.6763401576704,125.93360130304217,561.074153630975,0.12,0.12
1791330788.168452,128.53613505874944,560,-223.845290918356,135.81729723226664,0.0,0.0,1.0,-1.0,-1.0,0.0,1,steering,132.70193345538362,555.3530723379465,126.27201791065924,560.7880995663236,0.12,0.12
1791330788.18435,128.53614288921958,560,-223.84529089327194,136.15470910672806,0.0,0.0,1.0,-1.0,1.0,-1.0,0,idle,123.22128794159876,553.0237133193207,126.11948141220623,560.3998802539734,0.12,0.12
1791330788.200952,128.53670860794722,560,-223.84520966471356,136.15479033528646,0.0,0.0,1.0,-1.0,1.0,-1.0,0,idle,145.03860202773546,574.5283886094167,127.06543744298268,561.1063056717455,0.12,0.12
1791330788.2177851,128.5384410927129,560,-223.84447101145966,136.15552898854037,0.0,0.0,1.0,-1.0,1.0,-1.0,0,idle,136.3850235606203,544.7742686257066,127.53141674886457,560.2897038194436,0.12,0.12
1791330788.2360818,128.54166557213216,560,-223.8419394350492,136.15806056495083,0.0,0.0,1.0,-1.0,1.0,-1.0,0,idle,112.46622038502754,569.983903410774,126.77815693067272,560.7744137990102,0.12,0.12
1791330788.252148,128.54651932291492,560,-223.83623039013898,136.16376960986105,0.0,0.0,1.0,-1.0,1.0,-1.0,0,idle,123.94904526440078,558.3225284998766,126.63670134735912,560.6518195340535,0.12,0.12
1791330788.268812,128.55301819696749,560,-223.82601594867964,136.1739840513204,0.0,0.0,1.0,-1.0,1.0,-1.0,0,idle,126.32989981751125,549.3731442789609,126.62136127086673,560.0878857712989,0.12,0.12
1791330788.286417,128.5611025250854,560,-223.81021594609695,136.18978405390305,0.0,0.0,1.0,-1.0,1.0,-1.0,0,idle,98.18508959419373,549.9096001288485,125.19954768703307,559.5789714891764,0.12,0.12
1791330788.302911,128.570668486784,560,-223.78807865532838,136.21192134467162,0.0,0.0,1.0,-1.0,1.0,-1.0,0,idle,106.16420608860017,559.9198078195601,124.24778060711142,559.5960133056956,0.12,0.12
1791330788.321014,128.58158926751622,560,-223.75918485871583,136.2408151412842,0.0,0.0,1.0,-1.0,1.0,-1.0,0,idle,118.37208420102816,546.8345097000298,123.95399578680725,558.9579381254123,0.12,0.12
1791330788.3365529,128.59372906502574,560,-223.7234086455354,136.27659135446464,0.0,0.0,1.0,-1.0,1.0,-1.0,0,idle,134.30425503877686,568.0004370322174,124.47150874940573,559.4100630707526,0.12,0.12
1791330788.354186,128.60695211365515,560,-223.68085943865216,136.31914056134787,0.0,0.0,1.0,-1.0,1.0,-1.0,0,idle,111.88692284133386,551.970339323451,123.84227945400214,559.0380768833875,0.12,0.12
1791330788.3714461,128.62113246816753,560,-223.64802715515697,136.35197284484306,0.0,0.0,0.0,-1.0,0.0,-1.0,0,idle,124.53179318517395,568.4494242325649,123.87675514056073,559.5086442508464,0.12,0.12
1791330788.388062,128.63615313002953,560,-223.62294999384474,136.37705000615526,0.0,0.0,0.0,-1.0,0.0,-1.0,0,idle,143.39745647661013,557.0170592732405,124.8527902073632,559.3840650019661,0.12,0.12
1791330788.404795,128.65190742099344,560,-223.60396440012153,136.3960355998785,0.0,0.0,0.0,-1.0,0.0,-1.0,0,idle,120.9915631525036,586.3324784522591,124.65972885462023,560.7314856744807,0.12,0.12
1791330788.4229472,128.66328783020015,560,-223.5940603764691,136.40593962353094,0.0,0.0,0.0,0.0,0.0,0.0,0,idle,130.38991678799655,576.4389963331688,124.94623825128905,561.5168612074151,0.12,0.12
1791330788.439691,128.6715093968277,560,-223.58889220365936,136.41110779634064,0.0,0.0,0.0,0.0,0.0,0.0,0,idle,133.2141894109563,562.2516776148178,125.3596358092724,561.5536020277852,0.12,0.12
1791330788.455879,128.67744918494134,560,-223.5861948724481,136.41380512755194,0.0,0.0,0.0,0.0,0.0,0.0,0,idle,136.22880352071266,568.9815962848697,125.90309419484441,561.9250017406395,0.12,0.12
1791330788.473116,128.6817405710631,560,-223.58478698143736,136.41521301856264,0.0,0.0,0.0,0.0,0.0,0.0,0,idle,127.94102164180659,562.1457845061009,126.00499056719252,561.9360408789125,0.12,0.12
1791330788.490419,128.68484105575286,560,-223.58405208969458,136.41594791030542,0.0,0.0,0.0,0.0,0.0,0.0,0,idle,146.36370804490153,560.6431633855109,127.02292644107797,561.8713970042425,0.12,0.12
1791330788.5074718,128.68708114018295,560,-223.58366848146528,136.41633151853475,0.0,0.0,0.0,0.0,0.0,0.0,0,idle,122.37761334470432,548.6420596887817,126.79066078625928,561.2099301384694,0.12,0.12
1791330788.524746,128.68869959524054,560,-223.5834682382569,136.41653176174307,0.0,0.0,0.0,0.0,0.0,0.0,0,idle,132.66312528549813,559.5800120958805,127.08428401122123,561.12843423634,0.12,0.12
1791330788.5420249,128.6898689267782,560,-223.58336371078218,136.41663628921782,0.0,0.0,0.0,0.0,0.0,0.0,0,idle,136.4815383353421,567.5643374598682,127.55414672742727,561.4502293975164,0.12,0.12
1791330788.558804,128.6907137679688,560,-223.58330914698644,136.41669085301356,0.0,0.0,0.0,0.0,0.0,0.0,0,idle,111.79999196260259,562.0047840998532,126.76643898918603,561.4779571326333,0.12,0.12
1791330788.5750191,128.69132416541015,560,-223.58328066439836,136.41671933560167,0.0,0.0,0.0,0.0,0.0,0.0,0,idle,133.61779511643468,557.4839134027587,127.10900679554847,561.2782549461396,0.12,0.12
1791330788.5922902,128.69176517744128,560,-223.58326579632416,136.41673420367587,0.0,0.0,0.0,0.0,0.0,0.0,0,idle,125.52549700143052,532.7274540542415,127.02983130584256,559.8507149015446,0.12,0.12
1791330788.608994,128.69208380858842,560,-223.58325803510053,136.41674196489947,0.0,0.0,0.0,0.0,0.0,0.0,0,idle,104.78423300613608,573.8643618548703,125.91755139085724,560.5513972492109,0.12,0.12
1791330788.626351,128.69231401957512,560,-223.5832539836944,136.41674601630564,0.0,0.0,0.0,0.0,0.0,0.0,0,idle,117.8426302758304,546.048303125699,125.5138053351059,559.8262425430354,0.12,0.12
1791330788.643231,128.69248034700658,560,-223.58325186883536,136.41674813116467,0.0,0.0,0.0,0.0,0.0,0.0,0,idle,133.38794176327906,564.5519356158559,125.90751215651456,560.0625271966765,0.12,0.12
1791330788.65989,128.69260051857336,560,-223.58325076486582,136.4167492351342,0.0,0.0,0.0,0.0,0.0,0.0,0,idle,128.74493751767525,559.9104522902213,126.0493834245726,560.0549234513537,0.12,0.12
1791330788.676824,128.69268734252944,560,-223.58325018858685,136.41674981141315,0.0,0.0,0.0,0.0,0.0,0.0,0,idle,121.91622276887465,560.572006405918,125.8427253917877,560.0807775990819,0.12,0.12
1791330788.694412,128.69275007283736,560,-223.58324988776562,136.41675011223438,0.0,0.0,0.0,0.0,0.0,0.0,0,idle,110.8885065605401,583.7329512691507,125.09501445022532,561.2633862825853,0.12,0.12
1791330788.710017,128.6927953954847,560,-223.58324973073505,136.41675026926498,0.0,0.0,0.0,0.0,0.0,0.0,0,idle,109.65138200876096,556.0277474649425,124.3228328281521,561.0016043417032,0.12,0.12
1791330788.727464,128.69282814109735,560,-223.5832496487641,136.41675035123592,0.0,0.0,0.0,0.0,0.0,0.0,0,idle,143.57351311037954,548.8497628617257,125.28536684226347,560.3940122677044,0.12,0.12
1791330788.7439518,128.69285179980247,560,-223.58324960597477,136.41675039402523,0.0,0.0,0.0,0.0,0.0,0.0,0,idle,129.03743714402106,547.1864129619328,125.47297035735136,559.7336323024158,0.12,0.12
1791330788.76151,128.6928688932169,560,-223.58324958363846,136.41675041636154,0.0,0.0,0.0,0.0,0.0,0.0,0,idle,136.3437495603823,578.458057756074,126.01650931750291,560.6698535750987,0.12,0.12
1791330788.7781062,128.69288124320886,560,-223.58324957197877,136.41675042802126,0.0,0.0,0.0,0.0,0.0,0.0,0,idle,143.6509078375869,567.3518317257623,126.8982292435071,561.0039524826319,0.12,0.12
1791330788.794851,128.69289016607803,560,-223.58324956589234,136.41675043410768,0.0,0.0,0.0,0.0,0.0,0.0,0,idle,141.5429111081066,558.1494063725297,127.63046333673708,560.8612251771268,0.12,0.12
1791330788.8114078,128.692896612851,560,-223.5832495627152,136.4167504372848,0.0,0.0,0.0,0.0,0.0,0.0,0,idle,100.87795665218175,547.5525389888818,126.29283800250931,560.1957908677145,0.12,0.12
1791330788.8281898,128.69290127064448,560,-223.5832495610567,136.41675043894332,0.0,0.0,0.0,0.0,0.0,0.0,0,idle,152.3508421396216,556.39465358944,127.59573820936492,560.0057340038009,0.12,0.12
1791330788.8449621,128.69290463590028,560,-223.58324956019095,136.41675043980908,0.0,0.0,0.0,0.0,0.0,0.0,0,idle,125.73727659482816,559.0542902173776,127.50281512863809,559.9581618144797,0.12,0.12
1791330788.861822,128.69290706729757,560,-223.58324955973902,136.41675044026096,0.0,0.0,0.0,0.0,0.0,0.0,0,idle,128.30328964916745,543.0357581298512,127.54283885466455,559.1120416302483,0.12,0.12
1791330788.879004,128.69290882398212,560,-223.58324955950312,136.4167504404969,0.0,0.0,0.0,0.0,0.0,0.0,0,idle,156.6996088070285,545.4619335231026,129.00067735228276,558.4295362248911,0.12,0.12
1791330788.896328,128.69291009318673,560,-223.58324955937996,136.41675044062006,0.0,0.0,0.0,0.0,0.0,0.0,0,idle,118.55416630819802,554.2934994315848,128.4783518000785,558.2227343852257,0.12,0.12
1791330788.9126651,128.69291101018703,560,-223.58324955931568,136.41675044068432,0.0,0.0,0.0,0.0,0.0,0.0,0,idle,141.68554863175854,571.9268171198619,129.13871164166252,558.9079385219576,0.12,0.12
1791330788.928292,128.69291167271976,560,-223.5832495592821,136.41675044071792,0.0,0.0,0.0,0.0,0.0,0.0,0,idle,155.1439837090335,569.1739253578336,130.4389752450311,559.4212378637513,0.12,0.12
1791330788.944757,128.69291215139967,560,-223.5832495592646,136.4167504407354,0.0,0.0,0.0,0.0,0.0,0.0,0,idle,102.48808898246176,564.5559396514122,129.04143093190262,559.6779729531344,0.12,0.12
1791330788.962493,128.69291249724589,560,-223.58324955925545,136.41675044074455,0.0,0.0,0.0,0.0,0.0,0.0,0,idle,119.62050558744887,561.4381888741451,128.57038466467995,559.7659837491849,0.12,0.12
1791330788.979508,128.69291274711978,560,-223.58324955925067,136.41675044074933,0.0,0.0,0.0,0.0,0.0,0.0,0,idle,132.79585323702682,554.3023565325316,128.7816580932973,559.4928023883522,0.12,0.12
1791330788.996601,128.69291292765368,560,-223.58324955924817,136.41675044075183,0.0,0.0,0.0,0.0,0.0,0.0,0,idle,132.25246625566726,530.2716442615423,128.9551985014158,558.0317444820117,0.12,0.12
1791330789.01281,128.6929130580894,560,-223.58324955924687,136.41675044075316,0.0,0.0,0.0,0.0,0.0,0.0,0,idle,123.12330693359556,567.4847095704235,128.6636039230248,558.5043927364324,0.12,0.12
1791330789.029996,128.69291315232923,560,-223.58324955924618,136.4167504407538,0.0,0.0,0.0,0.0,0.0,0.0,0,idle,126.10508287067795,568.549811657884,128.53567787040745,559.006663682505,0.12,0.12
1791330789.046688,128.6929132204175,560,-223.58324955924584,136.41675044075416,0.0,0.0,0.0,0.0,0.0,0.0,0,idle,131.66520809669933,554.2357759323082,128.69215438172205,558.7681192949951,0.12,0.12
1791330789.063668,128.69291326961127,560,-223.58324955924564,136.41675044075438,0.0,0.0,0.0,0.0,0.0,0.0,0,idle,141.94057726954966,581.524460200345,129.35457552611342,559.9059363402627,0.12,0.12
1791330789.079838,128.69291330515378,560,-223.58324955924556,136.41675044075447,0.0,0.0,0.0,0.0,0.0,0.0,0,idle,110.52117672908288,551.6708593199478,128.4129055862619,559.4941824892469,0.12,0.12
1791330789.096739,128.69291333083325,560,-223.5832495592455,136.4167504407545,0.0,0.0,0.0,0.0,0.0,0.0,0,idle,128.05814573178318,564.4899109409092,128.39516759353796,559.74396891183,0.12,0.12
1791330789.114433,128.69291334938666,560,-223.58324955924547,136.41675044075453,0.0,0.0,0.0,0.0,0.0,0.0,0,idle,113.58723750948577,572.9794026266834,127.65477108933536,560.4057405975727,0.12,0.12
1791330789.1309812,128.6929133627915,560,-223.58324955924547,136.41675044075453,0.0,0.0,0.0,0.0,0.0,0.0,0,idle,111.1443501324963,571.1294742454849,126.8292500414934,560.9419272799684,0.12,0.12
1791330789.148404,128.69291337247648,560,-223.58324955924547,136.4167504407545,0.0,0.0,0.0,0.0,0.0,0.0,0,idle,137.33231659312293,554.6785913782757,127.35440336907487,560.6287604848837,0.12,0.12
1791330789.164834,128.69291337947388,560,-223.58324955924547,136.4167504407545,0.0,0.0,0.0,0.0,0.0,0.0,0,idle,131.37490827915332,557.0922951514809,127.5554286145788,560.4519372182136,0.12,0.12
1791330789.1823308,128.6929133845295,560,-223.58324955924547,136.41675044075453,0.0,0.0,0.0,0.0,0.0,0.0,0,idle,138.93886499161843,545.8558183747132,128.12460043343077,559.7221312760386,0.12,0.12
1791330789.19891,128.6929133881822,560,-223.58324955924547,136.4167504407545,0.0,0.0,0.0,0.0,0.0,0.0,0,idle,158.9577061268102,582.4091050025697,129.66625571809973,560.8564799623651,0.12,0.12
1791330789.2164512,128.69291339082127,560,-223.58324955924547,136.4167504407545,0.0,0.0,0.0,0.0,0.0,0.0,0,idle,132.60433289500284,558.7835689811794,129.81315957694488,560.7528344133059,0.12,0.12
1791330789.232987,128.692913392728,560,-223.58324955924547,136.41675044075453,0.0,0.0,0.0,0.0,0.0,0.0,0,idle,143.4689208093979,566.7139503630539,130.49594763856754,561.0508902107933,0.12,0.12
1791330789.249624,128.6929133941056,560,-223.58324955924547,136.4167504407545,0.0,0.0,0.0,0.0,0.0,0.0,0,idle,112.31839684820574,551.5471076201854,129.58707009904944,560.575701081263,0.12,0.12
1791330789.26638,128.69291339510093,560,-223.58324955924547,136.41675044075453,0.0,0.0,0.0,0.0,0.0,0.0,0,idle,111.84403405108847,561.9784480975052,128.6999182966514,560.6458384320752,0.12,0.12
1791330789.28283,128.69291339582006,560,-223.58324955924547,136.41675044075453,0.0,0.0,0.0,0.0,0.0,0.0,0,idle,116.95401969432491,565.8046008223724,128.11262336653508,560.90377655159,0.12,0.12
1791330789.300221,128.69291339633963,560,-223.58324955924547,136.41675044075453,0.0,0.0,0.0,0.0,0.0,0.0,0,idle,137.52073249381397,539.8095996372078,128.58302882289902,559.8490677058709,0.12,0.12
1791330789.31667,128.69291339671503,560,-223.58324955924547,136.41675044075453,0.0,0.0,0.0,0.0,0.0,0.0,0,idle,123.3648108994952,555.8538662875625,128.32211792672882,559.6493076349554,0.12,0.12
1791330789.333899,128.69291339698626,560,-223.58324955924547,136.41675044075453,0.0,0.0,0.0,0.0,0.0,0.0,0,idle,114.67900776329951,534.0049817571576,127.63996241855736,558.3670913410656,0.12,0.12
1791330789.351361,128.69291339718222,560,-223.58324955924547,136.41675044075453,0.0,0.0,0.0,0.0,0.0,0.0,0,idle,137.44286196747981,560.7775226787752,128.1301073960035,558.4876129079511,0.12,0.12
1791330789.367859,128.6929133973238,560,-223.58324955924547,136.41675044075453,0.0,0.0,0.0,0.0,0.0,0.0,0,idle,129.5611672515955,543.094832366545,128.2016603887831,557.7179738808808,0.12,0.12
1791330789.385376,128.69291339742608,560,-223.58324955924547,136.41675044075453,0.0,0.0,0.0,0.0,0.0,0.0,0,idle,123.55514313501205,551.1580266539049,127.96933452609454,557.389976519532,0.12,0.12
1791330789.4019022,128.69291339749998,560,-223.58324955924547,136.41675044075453,0.0,0.0,0.0,0.0,0.0,0.0,0,idle,124.25078264323963,544.9561799937029,127.7834069319518,556.7682866932405,0.12,0.12
1791330789.419568,128.69291339755338,560,-223.58324955924547,136.4167504407545,0.0,0.0,0.0,0.0,0.0,0.0,0,idle,118.96709878140292,552.2629018016628,127.34259152442436,556.5430174486617,0.12,0.12
1791330789.43546,128.69291339759195,560,-223.58324955924547,136.4167504407545,0.0,0.0,0.0,0.0,0.0,0.0,0,idle,122.0072892196013,559.7480906185318,127.07582640918321,556.7032711071552,0.12,0.12
1791330789.452074,128.69291339761983,560,-223.58324955924547,136.41675044075453,0.0,0.0,0.0,0.0,0.0,0.0,0,idle,161.47920364170935,562.9895199054425,128.79599527080953,557.0175835470695,0.12,0.12
1791330789.4687738,128.69291339763998,560,-223.58324955924547,136.41675044075453,0.0,0.0,0.0,0.0,0.0,0.0,0,idle,133.31530158100207,562.503682165576,129.02196058631915,557.2918884779949,0.12,0.12
1791330789.486397,128.69291339765454,560,-223.58324955924547,136.41675044075453,0.0,0.0,0.0,0.0,0.0,0.0,0,idle,132.55886989077857,562.041024051533,129.19880605154214,557.5293452566718,0.12,0.12
1791330789.5033212,128.69291339766505,560,-223.58324955924547,136.41675044075453,0.0,0.0,0.0,0.0,0.0,0.0,0,idle,135.6008238077726,566.5792171540041,129.51890693935366,557.9818388515384,0.12,0.12
1791330789.5204952,128.69291339767264,560,-223.58324955924547,136.41675044075453,0.0,0.0,0.0,0.0,0.0,0.0,0,idle,156.57155561413856,578.2789643062243,130.8715393730929,558.9966951242727,0.12,0.12
1791330789.5366368,128.69291339767813,560,-223.58324955924547,136.41675044075453,0.0,0.0,0.0,0.0,0.0,0.0,0,idle,129.43858555002,537.3067822991327,130.79989168193924,557.9121994830157,0.12,0.12
1791330789.554197,128.69291339768208,560,-223.58324955924547,136.41675044075453,0.0,0.0,0.0,0.0,0.0,0.0,0,idle,126.65788329079102,552.7079270014948,130.59279126238184,557.6519858589396,0.12,0.12
1791330789.570648,128.69291339768495,560,-223.58324955924547,136.41675044075453,0.0,0.0,0.0,0.0,0.0,0.0,0,idle,124.77093731954503,564.2252904550165,130.30169856524,557.9806510887435,0.12,0.12
1791330789.588143,128.69291339768702,560,-223.58324955924547,136.4167504407545,0.0,0.0,0.0,0.0,0.0,0.0,0,idle,137.60539853992276,547.4795868466591,130.66688356397415,557.4555978766392,0.12,0.12
1791330789.604647,128.69291339768853,560,-223.58324955924547,136.41675044075453,0.0,0.0,0.0,0.0,0.0,0.0,0,idle,128.62591116810364,550.7090061644426,130.56483494418063,557.1182682910294,0.12,0.12
1791330789.621943,128.6929133976896,560,-223.58324955924547,136.41675044075453,0.0,0.0,0.0,0.0,0.0,0.0,0,idle,121.39227796182175,549.1572248098021,130.1062070950627,556.720216116968,0.12,0.12
1791330789.638742,128.69291339769038,560,-223.58324955924547,136.41675044075453,0.0,0.0,0.0,0.0,0.0,0.0,0,idle,130.21336475363762,552.5444669978626,130.11156497799143,556.5114286610127,0.12,0.12
1791330789.6555169,128.69291339769094,560,-223.58324955924547,136.4167504407545,0.0,0.0,0.0,0.0,0.0,0.0,0,idle,135.6453301944561,566.3215074700853,130.38825323881466,557.0019326014664,0.12,0.12
1791330789.672322,128.69291339769134,560,-223.58324955924547,136.41675044075453,0.0,0.0,0.0,0.0,0.0,0.0,0,idle,109.75413183218315,559.2575211028775,129.35654716848308,557.114712026537,0.12,0.12
1791330789.6890728,128.69291339769163,560,-223.58324955924547,136.41675044075453,0.0,0.0,0.0,0.0,0.0,0.0,0,idle,126.52010746799239,543.9389889695818,129.21472518345854,556.4559258736892,0.12,0.12
1791330789.706232,128.69291339769183,560,-223.58324955924547,136.41675044075453,0.0,0.0,0.0,0.0,0.0,0.0,0,idle,136.12635129738896,555.4462150941935,129.56030648915507,556.4054403347144,0.12,0.12
1791330789.7225301,128.69291339769197,560,-223.58324955924547,136.41675044075453,0.0,0.0,0.0,0.0,0.0,0.0,0,idle,139.7465346825149,544.662803980103,130.06961789882305,555.8183085169838,0.12,0.12
1791330789.739469,128.69291339769208,560,-223.58324955924547,136.41675044075453,0.0,0.0,0.0,0.0,0.0,0.0,0,idle,145.5926781390689,570.2589221029393,130.84577091083534,556.5403391962816,0.12,0.12
1791330789.755799,128.69291339769217,560,-223.58324955924547,136.41675044075453,0.0,0.0,0.0,0.0,0.0,0.0,0,idle,117.53155922945288,570.3180802040042,130.1800603267662,557.2292262466677,0.12,0.12
1791330789.7728891,128.69291339769222,560,-223.58324955924547,136.41675044075453,0.0,0.0,0.0,0.0,0.0,0.0,0,idle,129.1236380214453,543.8281351774455,130.12723921150015,556.5591716932066,0.12,0.12
1791330789.790085,128.69291339769225,560.0,-223.58324955924547,136.41675044075453,4.187335505400744e-14,4.3997103284886084e-14,0.0,0.0,0.0,0.0,0,idle,138.08712022332725,535.4497202061075,130.52523326209155,555.5036991188516,0.12,0.12
1791330789.806973,128.69291339769237,560,-223.58324955924547,136.41675044075453,0.0,0.0,0.0,0.0,0.0,0.0,0,idle,132.26170838573057,561.114970240956,130.6120570182735,555.7842626749568,0.12,0.12
1791330789.824225,128.6929133976924,560.0,-223.58324955924547,136.41675044075453,2.185815304666097e-14,2.2966762896606063e-14,0.0,0.0,0.0,0.0,0,idle,106.63929275764067,554.2666047093027,129.4134188052419,555.7083797766742,0.12,0.12
1791330789.840796,128.69291339769245,560.0,-223.58324955924547,136.4167504407545,5.3607120346936033e-14,5.632598600392637e-14,0.0,0.0,0.0,0.0,0,idle,128.19792491990557,549.4679395188032,129.35264411097512,555.3963577637807,0.12,0.12
1791330789.857992,128.69291339769254,560,-223.58324955924547,136.41675044075453,0.0,0.0,0.0,0.0,0.0,0.0,0,idle,129.9871346886988,570.2028170194791,129.3843686398613,556.1366807265656,0.12,0.12
1791330789.875232,128.69291339769254,560.0,-223.58324955924547,136.41675044075453,8.243791834005304e-15,8.6619035019292e-15,0.0,0.0,0.0,0.0,0,idle,121.80967326341843,571.5126318447916,129.00563387103915,556.9054782824769,0.12,0.12
1791330789.8919559,128.69291339769256,560.0,-223.58324955924547,136.4167504407545,2.021789947289801e-14,2.1243318338481362e-14,0.0,0.0,0.0,0.0,0,idle,139.81174886695476,569.6932312788455,129.54593962083496,557.5448659322954,0.12,0.12
1791330789.909708,128.6929133976926,560.0,-223.58324955924547,136.41675044075453,3.3221089951169386e-14,3.4906009416558726e-14,0.0,0.0,0.0,0.0,0,idle,137.52237557898758,567.6039667572588,129.94476141874262,558.0478209735435,0.12,0.12
1791330789.927518,128.69291339769265,560.0,-223.58324955924547,136.41675044075453,4.572147160005143e-14,4.804039002200588e-14,0.0,0.0,0.0,0.0,0,idle,128.00684718667594,564.9412424149298,129.84786570713933,558.3924920456128,0.12,0.12
1791330789.944505,128.6929133976927,560,-223.58324955924547,136.41675044075453,0.0,0.0,0.0,0.0,0.0,0.0,0,idle,114.91541498585332,562.9131985783014,129.10124317107503,558.6185273722473,0.12,0.12
1791330789.961285,128.6929133976927,560.0,-223.58324955924547,136.41675044075453,1.622991606828707e-15,1.7053070923991302e-15,0.0,0.0,0.0,0.0,0,idle,123.1371528574839,565.0465849286834,128.80303865539548,558.9399302500691,0.12,0.12
1791330789.977765,128.6929133976927,560.0,-223.58324955924547,136.41675044075453,3.9803869157474044e-15,4.182265644108867e-15,0.0,0.0,0.0,0.0,0,idle,130.46451816944062,552.0664203881284,128.88611263109775,558.596254756972,0.12,0.12
1791330789.9944599,128.6929133976927,560.0,-223.58324955924547,136.41675044075453,6.540382295686038e-15,6.872099811796653e-15,0.0,0.0,0.0,0.0,0,idle,144.8610258411817,554.8081722508051,129.68485829160196,558.4068506316637,0.12,0.12
1791330790.010771,128.6929133976927,560.0,-223.58324955924547,136.4167504407545,9.00138748684139e-15,9.4579231698784e-15,0.0,0.0,0.0,0.0,0,idle,106.52224827972516,561.2543909030991,128.5267277910081,558.5492276452354,0.12,0.12
1791330790.027543,128.6929133976927,560.0,-223.58324955924547,136.41675044075453,1.1207469199985114e-14,1.177589374717977e-14,0.0,0.0,0.0,0.0,0,idle,136.32374382879905,543.6217170442889,128.91657859289765,557.8028521151881,0.12,0.12
1791330790.0451689,128.6929133976927,560.0,-223.58324955924547,136.41675044075453,1.309242741899022e-14,1.3756453970794466e-14,0.0,0.0,0.0,0.0,0,idle,122.89927383880409,554.3328718116305,128.61571335519298,557.6293531000102,0.12,0.12
1791330790.062027,128.69291339769273,560.0,-223.58324955924547,136.41675044075453,1.4643266750836595e-14,1.5385949342576923e-14,0.0,0.0,0.0,0.0,0,idle,118.49455617559481,544.7140620874407,128.1096554962131,556.9835885493818,0.12,0.12
1791330790.079658,128.69291339769276,560.0,-223.58324955924547,136.4167504407545,1.5876711637074686e-14,1.6681952540458678e-14,0.0,0.0,0.0,0.0,0,idle,121.72178293177927,561.5341358262673,127.79026186799143,557.2111159132261,0.12,0.12
1791330790.095755,128.6929133976928,560.0,-223.58324955924547,136.41675044075453,1.6824418960033354e-14,1.7677726032176175e-14,0.0,0.0,0.0,0.0,0,idle,127.5229930996896,582.2318339925805,127.77689842957635,558.4621518171938,0.12,0.12
1791330790.112617,128.69291339769282,560.0,-223.58324955924547,136.4167504407545,1.752392942045872e-14,1.8412714521550816e-14,0.0,0.0,0.0,0.0,0,idle,120.14362391489398,551.6899128484285,127.39523470384225,558.1235398687555,0.12,0.12
1791330790.1294,128.69291339769285,560.0,-223.58324955924547,136.4167504407545,1.8013356355403852e-14,1.8926964391889912e-14,0.0,0.0,0.0,0.0,0,idle,138.1432998779193,559.7808229002893,127.93263796254611,558.2064040203322,0.12,0.12
1791330790.1460679,128.69291339769288,560.0,-223.58324955924547,136.41675044075453,1.8328468240212636e-14,1.9258058237232513e-14,0.0,0.0,0.0,0.0,0,idle,125.53339097824981,562.953607763123,127.81267561333131,558.4437642074718,0.12,0.12
1791330790.163254,128.6929133976929,560.0,-223.58324955924547,136.41675044075453,1.8501270664988348e-14,1.9439624918978692e-14,0.0,0.0,0.0,0.0,0,idle,112.82006271946227,556.4437413627777,127.06304496863787,558.343763065237,0.12,0.12
1791330790.180367,128.69291339769293,560.0,-223.58324955924547,136.41675044075453,1.8559499209762627e-14,1.9500806720514737e-14,0.0,0.0,0.0,0.0,0,idle,139.43264062329425,563.519061532058,127.6815247513707,558.602527988578,0.12,0.12
1791330790.197623,128.69291339769296,560.0,-223.58324955924547,136.41675044075453,1.8526641090352767e-14,1.9466282090912974e-14,0.0,0.0,0.0,0.0,0,idle,148.42756103203757,560.558647416704,128.71882656540407,558.7003339599843,0.12,0.12
1791330790.213851,128.692913397693,560.0,-223.58324955924547,136.41675044075453,1.8422241825910827e-14,1.93565878661585e-14,0.0,0.0,0.0,0.0,0,idle,148.0499900835061,538.0287557933184,129.6853847413092,557.666755051651,0.12,0.12
1791330790.230983,128.69291339769302,560.0,-223.58324955924547,136.41675044075453,1.8262345073382157e-14,1.918858141129363e-14,0.0,0.0,0.0,0.0,0,idle,119.92209128229784,558.4971343969314,129.19722006835866,557.708274018915,0.12,0.12
1791330790.247769,128.69291339769305,560.0,-223.58324955924547,136.41675044075453,1.8059974104191902e-14,1.8975946516816166e-14,0.0,0.0,0.0,0.0,0,idle,113.06216911598494,555.6008241934859,128.39046752074,557.6029015276436,0.12,0.12
1791330790.264868,128.69291339769308,560.0,-223.58324955924547,136.41675044075453,1.782560243937468e-14,1.8729687903654785e-14,0.0,0.0,0.0,0.0,0,idle,121.6252543624033,559.6135641192816,128.0522068628232,557.7034346572254,0.12,0.12
1791330790.2818549,128.6929133976931,560.0,-223.58324955924547,136.41675044075453,1.756758595570947e-14,1.845858524502187e-14,0.0,0.0,0.0,0.0,0,idle,130.47723956903073,545.3900219337269,128.1734584981336,557.0877640210505,0.12,0.12
1791330790.298781,128.69291339769313,560.0,-223.58324955924547,136.4167504407545,1.7292544132756497e-14,1.816959374967793e-14,0.0,0.0,0.0,0.0,0,idle,134.66749984192367,539.7167860527188,128.49816056532313,556.2192151226338,0.12,0.12
1791330790.316267,128.69291339769316,560.0,-223.58324955924547,136.41675044075453,1.7005687287848117e-14,1.7868187993747162e-14,0.0,0.0,0.0,0.0,0,idle,118.54354923447339,566.3292225919687,128.00042999878067,556.7247154961005,0.12,0.12
1791330790.33268,128.6929133976932,560.0,-223.58324955924547,136.4167504407545,1.671109183769089e-14,1.7558651143138754e-14,0.0,0.0,0.0,0.0,0,idle,142.95804384502395,556.4655606526787,128.74831069109285,556.7117577539294,0.12,0.12
1791330790.3500988,128.69291339769322,560.0,-223.58324955924547,136.4167504407545,1.6411928297003657e-14,1.7244314515903802e-14,0.0,0.0,0.0,0.0,0,idle,135.6114287640022,547.2242889934704,129.09146659473834,556.2373843159064,0.12,0.12
1791330790.3666391,128.69291339769325,560.0,-223.58324955924547,136.4167504407545,1.6110647845593526e-14,1.692775361168889e-14,0.0,0.0,0.0,0.0,0,idle,112.30406292637132,553.3828052254363,128.25209641132003,556.0946553613829,0.12,0.12
1791330790.3841221,128.69291339769327,560.0,-223.58324955924547,136.41675044075453,1.5809133498145914e-14,1.6610946948611197e-14,0.0,0.0,0.0,0.0,0,idle,135.84081698781307,564.0461936929881,128.6315324401447,556.4922322779632,0.12,0.12
1791330790.4005911,128.6929133976933,560.0,-223.58324955924547,136.4167504407545,1.5508821602308206e-14,1.6295403723526655e-14,0.0,0.0,0.0,0.0,0,idle,114.40523149171642,545.3759772673786,127.92021739272332,555.936419527434,0.12,0.12
1791330790.418046,128.69291339769333,560.0,-223.58324955924547,136.4167504407545,1.5210798826157965e-14,1.5982265718544278e-14,0.0,0.0,0.0,0.0,0,idle,147.1421539028048,582.6594903085906,128.8813142182274,557.2725730664919,0.12,0.12
1791330790.435492,128.69291339769336,560.0,-223.58324955924547,136.41675044075453,1.4915879132212458e-14,1.567238817903182e-14,0.0,0.0,0.0,0.0,0,idle,115.94983719170747,578.7329277236141,128.23474036690143,558.345590799348,0.12,0.12
1791330790.451987,128.6929133976934,560.0,-223.58324955924547,136.41675044075453,1.4624664563375196e-14,1.5366403682526317e-14,0.0,0.0,0.0,0.0,0,idle,138.25849317275166,562.5879732231929,128.73592800719396,558.5577099205402,0.12,0.12
1791330790.469532,128.69291339769342,560.0,-223.58324955924547,136.41675044075453,1.4337593036816716e-14,1.506477235664252e-14,0.0,0.0,0.0,0.0,0,idle,137.05383769453263,578.6577416125224,129.15182349156092,559.5627115051393,0.12,0.12
1791330790.4870799,128.69291339769342,560.0,-223.58324955924547,136.41675044075453,1.4054975779007759e-14,1.4767821212749836e-14,0.0,0.0,0.0,0.0,0,idle,139.76260482297303,544.7239085223484,129.68236255813153,558.8207713559998,0.12,0.12
1791330790.503892,128.69291339769342,560.0,-223.58324955924547,136.41675044075453,1.3777026547486465e-14,1.447577484981989e-14,0.0,0.0,0.0,0.0,0,idle,113.40470279367804,574.2059843176795,128.86847956990886,559.5900320040838,0.12,0.12
1791330790.5214038,128.69291339769342,560.0,-223.58324955924547,136.41675044075453,1.3503884371852135e-14,1.4188779348806366e-14,0.0,0.0,0.0,0.0,0,idle,141.81609695795703,541.4785965913431,129.51586043931127,558.6844602334468,0.12,0.12
1791330790.537288,128.69291339769342,560.0,-223.58324955924547,136.41675044075453,1.3235631202442622e-14,1.3906920816434506e-14,0.0,0.0,0.0,0.0,0,idle,111.26190237779383,543.6557272426891,128.6031625362354,557.9330235839088,0.12,0.12
1791330790.5531142,128.69291339769342,560.0,-223.58324955924547,136.41675044075453,1.2972305572402776e-14,1.363023974018738e-14,0.0,0.0,0.0,0.0,0,idle,130.39586003623268,566.4581099780257,128.69279741123526,558.3592779036147,0.12,0.12
1791330790.5699048,128.69291339769342,560.0,-223.58324955924547,136.41675044075453,1.2713913148926816e-14,1.335874207469005e-14,0.0,0.0,0.0,0.0,0,idle,125.93229016746349,562.8662330751512,128.55477204904668,558.5846256621916,0.12,0.12
1791330790.587285,128.69291339769342,560.0,-223.58324955924547,136.41675044075453,1.2460434864108558e-14,1.3092407784943248e-14,0.0,0.0,0.0,0.0,0,idle,132.73749643168352,574.6283517769305,128.7639082681785,559.3868119679286,0.12,0.12
1791330790.6035478,128.69291339769342,560.0,-223.58324955924547,136.41675044075453,1.2211833167497518e-14,1.2831197415998927e-14,0.0,0.0,0.0,0.0,0,idle,156.1989213048651,553.0772834206447,130.13565892001284,559.0713355405644,0.12,0.12
1791330790.6207502,128.69291339769342,560.0,-223.58324955924547,136.41675044075453,1.1968056824470208e-14,1.2575057134697108e-14,0.0,0.0,0.0,0.0,0,idle,148.94149769915703,561.6572278516693,131.07595085897006,559.2006301561197,0.12,0.12
1791330790.6366851,128.69291339769342,560.0,-223.58324955924547,136.41675044075453,1.1729044591167222e-14,1.2323922590989787e-14,0.0,0.0,0.0,0.0,0,idle,136.9782057641358,564.6176043400376,131.37106360422834,559.4714788653156,0.12,0.12
1791330790.652381,128.69291339769342,560.0,-223.58324955924547,136.41675044075453,1.1494728023211047e-14,1.2077721869112327e-14,0.0,0.0,0.0,0.0,0,idle,112.13990802799046,561.5917188211062,130.40950582541643,559.5774908631051,0.12,0.12
1791330790.669585,128.69291339769342,560.0,-223.58324955924547,136.41675044075453,1.1265033617727095e-14,1.1836377738244294e-14,0.0,0.0,0.0,0.0,0,idle,140.8946008091773,571.2841309802752,130.93376057460446,560.1628228689636,0.12,0.12
1791330790.6858828,128.69291339769342,560.0,-223.58324955924547,136.41675044075453,1.1039884443085475e-14,1.1599809364909085e-14,0.0,0.0,0.0,0.0,0,idle,121.83521924315292,563.3116089411237,130.4788335080319,560.3202621725717,0.12,0.12
1791330790.703038,128.69291339769342,560.0,-223.58324955924547,136.4167504407545,1.081920137562611e-14,1.1367933612423711e-14,0.0,0.0,0.0,0.0,0,idle,107.48214128767651,580.9570787853654,129.32899889701412,561.3521030032114,0.12,0.12
1791330790.720237,128.69291339769342,560.0,-223.58324955924547,136.4167504407545,1.0602904035305351e-14,1.1140666023999893e-14,0.0,0.0,0.0,0.0,0,idle,136.07944571352095,565.3846888452503,129.66652123783945,561.5537322953134,0.12,0.12
1791330790.736911,128.69291339769342,560.0,-223.58324955924547,136.41675044075453,1.0390911491016719e-14,1.091792156383751e-14,0.0,0.0,0.0,0.0,0,idle,119.98693282616304,554.0363848731432,129.18254181725564,561.1778649242049,0.12,0.12
1791330790.753835,128.69291339769342,560.0,-223.58324955924547,136.41675044075453,1.018314278994908e-14,1.0699615173330961e-14,0.0,0.0,0.0,0.0,0,idle,140.73729877331144,555.886294046525,129.76027966505842,560.9132863803209,0.12,0.12
1791330790.770823,128.69291339769342,560.0,-223.58324955924547,136.41675044075453,9.979517352692223e-15,1.0485662186213857e-14,0.0,0.0,0.0,0.0,0,idle,136.3249363885709,590.5640875771188,130.08851250123405,562.3958264401608,0.12,0.12
1791330790.78786,128.69291339769342,560.0,-223.58324955924547,136.41675044075453,9.779955266048792e-15,1.0275978636221888e-14,0.0,0.0,0.0,0.0,0,idle,127.51515247632537,552.0388832313846,129.9598444999886,561.877979279722,0.12,0.12
1791330790.805378,128.69291339769342,560.0,-223.58324955924547,136.41675044075453,9.584377498009634e-15,1.0070481482971379e-14,0.0,0.0,0.0,0.0,0,idle,115.00058157375469,572.9350969931292,129.21188135367692,562.4308351653924,0.12,0.12
1791330790.821866,128.69291339769342,560.0,-223.58324955924547,136.41675044075453,9.392706053587027e-15,9.869088775696118e-15,0.0,0.0,0.0,0.0,0,idle,143.14688322489116,548.8723164748461,129.90863144723764,561.752909230865,0.12,0.12
1791330790.839382,128.69291339769342,560.0,-223.58324955924547,136.41675044075453,9.204864085779794e-15,9.671719769840446e-15,0.0,0.0,0.0,0.0,0,idle,112.43123963429842,562.9253491713691,129.03476185659068,561.8115312278902,0.12,0.12
1791330790.8558872,128.69291339769342,560.0,-223.58324955924547,136.41675044075453,9.020775972558009e-15,9.47829500794849e-15,0.0,0.0,0.0,0.0,0,idle,94.64152519516412,581.0695826452481,127.31510002351935,562.7744337987581,0.12,0.12
1791330790.87347,128.69291339769342,560.0,-223.58324955924547,136.41675044075453,8.840367368163778e-15,9.288736373566853e-15,0.0,0.0,0.0,0.0,0,idle,122.68829619335676,551.7799149578395,127.08375983201124,562.2247078567121,0.12,0.12
1791330790.890072,128.69291339769342,560.0,-223.58324955924547,136.41675044075453,8.66356523504425e-15,9.102967124797195e-15,0.0,0.0,0.0,0.0,0,idle,124.12875572375502,550.074792598761,126.93600962659845,561.6172120938146,0.12,0.12
1791330790.906336,128.69291339769342,560.0,-223.58324955924547,136.4167504407545,8.490297861220807e-15,8.920911912546381e-15,0.0,0.0,0.0,0.0,0,idle,141.40101454295046,575.9507302430653,127.65925987241606,562.3338880012772,0.12,0.12
1791330790.922963,128.69291339769342,560.0,-223.58324955924547,136.41675044075453,8.320494866745094e-15,8.742496787309936e-15,0.0,0.0,0.0,0.0,0,idle,117.1138240560969,570.1004456484122,127.13198808160011,562.7222158836339,0.12,0.12
1791330790.940722,128.69291339769342,560.0,-223.58324955924547,136.41675044075453,8.154087202013444e-15,8.567649197400983e-15,0.0,0.0,0.0,0.0,0,idle,139.23426078925058,542.7935286792997,127.73710171698265,561.7257815234173,0.12,0.12
1791330790.957639,128.69291339769342,560.0,-223.58324955924547,136.41675044075453,7.99100714004201e-15,8.396297980833585e-15,0.0,0.0,0.0,0.0,0,idle,118.05850928373077,572.9220667085839,127.25317209532007,562.2855957826756,0.12,0.12
1791330790.974344,128.69291339769342,560.0,-223.58324955924547,136.41675044075453,7.831188264295642e-15,8.228373352534321e-15,0.0,0.0,0.0,0.0,0,idle,119.15671281045039,537.6360229803586,126.8483491310766,561.0531171425598,0.12,0.12
1791330790.991183,128.69291339769342,560.0,-223.58324955924547,136.41675044075453,7.674565453276389e-15,8.063806888149143e-15,0.0,0.0,0.0,0.0,0,idle,144.94093256235192,561.0610104994363,127.75297830264039,561.0535118104036,0.12,0.12
1791330791.0085251,128.69291339769342,560.0,-223.58324955924547,136.41675044075453,7.521074862783377e-15,7.9025315054035e-15,0.0,0.0,0.0,0.0,0,idle,130.5211586477703,521.058610076341,127.8913873198969,559.0537667237005,0.12,0.12
1791330791.024797,128.69291339769342,560.0,-223.58324955924547,136.4167504407545,7.370653906532493e-15,7.744481443739092e-15,0.0,0.0,0.0,0.0,0,idle,120.52768715759753,557.9521471196183,127.52320231178194,558.9986857434964,0.12,0.12
1791330791.042088,128.69291339769342,560.0,-223.58324955924547,136.41675044075453,7.223241235654902e-15,7.589592242772581e-15,0.0,0.0,0.0,0.0,0,idle,137.86916950965372,548.4394522529501,128.04050067167555,558.470724068969,0.12,0.12
1791330791.0592551,128.69291339769342,560.0,-223.58324955924547,136.41675044075453,7.078776717464969e-15,7.437800719986649e-15,0.0,0.0,0.0,0.0,0,idle,156.60250979329106,567.5737872790426,129.46860112775633,558.9258772294727,0.12,0.12
1791330791.076213,128.69291339769342,560.0,-223.58324955924547,136.41675044075453,6.937201413790777e-15,7.289044947961488e-15,0.0,0.0,0.0,0.0,0,idle,122.3798945356361,568.0619446583258,129.1141657981503,559.3826806009154,0.12,0.12
1791330791.092731,128.69291339769342,560.0,-223.58324955924547,136.41675044075453,6.798457559086818e-15,7.143264231377396e-15,0.0,0.0,0.0,0.0,0,idle,114.99892407307897,546.0335305216202,128.40840371189674,558.7152230969506,0.12,0.12
1791330791.11044,128.69291339769342,560.0,-223.58324955924547,136.41675044075453,6.662488538492567e-15,7.000399083960517e-15,0.0,0.0,0.0,0.0,0,idle,111.85161346446071,531.0349353024313,127.58056419952494,557.3312087072246,0.12,0.12
1791330791.127319,128.69291339769342,560.0,-223.58324955924547,136.41675044075453,6.529238865958537e-15,6.860391205499489e-15,0.0,0.0,0.0,0.0,0,idle,142.14657658207182,547.489271610258,128.3088648186523,556.8391118523763,0.12,0.12
1791330791.143996,128.69291339769342,560.0,-223.58324955924547,136.41675044075453,6.3986541625295196e-15,6.723183459027241e-15,0.0,0.0,0.0,0.0,0,idle,113.35552670589854,542.2143579812093,127.56119791301461,556.1078741588179,0.12,0.12
1791330791.160055,128.69291339769342,560.0,-223.58324955924547,136.41675044075453,6.270681134850645e-15,6.588719848236918e-15,0.0,0.0,0.0,0.0,0,idle,128.5064399559808,549.8734717627423,127.60846001516292,555.7961540390141,0.12,0.12
1791330791.1771362,128.69291339769342,560.0,-223.58324955924547,136.41675044075453,6.1452675539437565e-15,6.456945495181831e-15,0.0,0.0,0.0,0.0,0,idle,131.15006414913623,551.6935576700215,127.78554022186158,555.5910242205645,0.12,0.12
1791330791.1937332,128.69291339769342,560.0,-223.58324955924547,136.41675044075453,6.022362234287916e-15,6.327806618294954e-15,0.0,0.0,0.0,0.0,0,idle,144.92606442919916,564.8767618313403,128.64256643222845,556.0553111011033,0.12,0.12
1791330791.210717,128.69291339769342,560.0,-223.58324955924547,136.41675044075453,5.901915013227552e-15,6.201250510752691e-15,0.0,0.0,0.0,0.0,0,idle,113.25757522666979,550.4560831433699,127.87331687195052,555.7753497032165,0.12,0.12
1791330791.2283049,128.69291339769342,560.0,-223.58324955924547,136.41675044075453,5.783876730724038e-15,6.077225519199485e-15,0.0,0.0,0.0,0.0,0,idle,130.41863169825143,554.086984245982,128.00058261326558,555.6909314303548,0.12,0.12
1791330791.244828,128.69291339769342,560.0,-223.58324955924547,136.41675044075453,5.668199209460673e-15,5.955681022843758e-15,0.0,0.0,0.0,0.0,0,idle,128.22951352380127,568.2567801914496,128.01202915879236,556.3192238684095,0.12,0.12
1791330791.2623732,128.69291339769342,560.0,-223.58324955924547,136.41675044075453,5.5548352353067164e-15,5.836567412931111e-15,0.0,0.0,0.0,0.0,0,idle,127.44458290813458,556.5003323633478,127.98365684625946,556.3282792931564,0.12,0.12
1791330791.278917,128.69291339769342,560.0,-223.58324955924547,136.41675044075453,5.443738538142861e-15,5.7198360725973e-15,0.0,0.0,0.0,0.0,0,idle,121.25203048742425,541.1990666725625,127.6470755283177,555.5718186621267,0.12,0.12
1791330791.296555,128.69291339769342,560.0,-223.58324955924547,136.41675044075453,5.334863773048155e-15,5.605439357100985e-15,0.0,0.0,0.0,0.0,0,idle,119.42391833787256,541.1658287442541,127.23591766879544,554.8515191662331,0.12,0.12
1791330791.313188,128.69291339769342,560.0,-223.58324955924547,136.41675044075453,5.2281665018465725e-15,5.4933305744343745e-15,0.0,0.0,0.0,0.0,0,idle,150.23220931402835,541.5088928672031,128.38573225105708,554.1843878512816,0.12,0.12
1791330791.330038,128.69291339769342,560.0,-223.58324955924547,136.41675044075453,5.123603175010149e-15,5.383463966308519e-15,0.0,0.0,0.0,0.0,0,idle,134.31860760093866,577.8373219268589,128.68237601855117,555.3670345550605,0.12,0.12
1791330791.346825,128.69291339769342,560.0,-223.58324955924547,136.41675044075453,5.021131113914642e-15,5.275794689509007e-15,0.0,0.0,0.0,0.0,0,idle,126.47773497527028,573.9147996811405,128.57214396638713,556.2944228113645,0.12,0.12
1791330791.3655949,128.69177328954024,559.9988020674219,-223.58324955924547,-43.58324955924548,-0.0011401081531694866,-0.0011979325780377844,0.0,1.0,0.0,1.0,0,idle,141.64723770851555,553.675462046537,129.22481555074802,556.162336737174,0.12,0.12
1791330791.381303,128.68824009437355,559.9950896743626,-223.58324955924547,-43.58324955924548,-0.003533195166687077,-0.0037123930593546844,0.0,1.0,0.0,1.0,0,idle,101.82328922537124,546.9373808665299,127.85138269907083,555.6975621702354,0.12,0.12
1791330791.397417,128.67994766308522,559.9863766644926,-223.58324955924547,-43.58324955924548,-0.008292431288338778,-0.008713009870006708,0.0,1.0,0.0,1.0,0,idle,124.31012336101885,598.3446267213757,127.6664419224443,557.8216380384159,0.12,0.12
1791330791.414708,128.66356772812978,559.9691659659683,-223.58324955924547,-43.58324955924548,-0.01637993495543235,-0.017210698524261242,0.0,1.0,0.0,1.0,0,idle,112.68468761026323,580.9765749079756,126.90179326862759,558.9630347182958,0.12,0.12
1791330791.430069,128.63505298337932,559.9392049999002,-223.58324955924547,-43.58324955924548,-0.028514744750459786,-0.029960966068040815,0.0,1.0,0.0,1.0,0,idle,126.75446331464157,558.9618641657873,126.86733776341535,558.9345132729057,0.12,0.12
1791330791.447284,128.5898986753355,559.8917605390444,-223.58324955924547,-43.58324955924547,-0.04515430804382323,-0.047444460855818674,0.0,1.0,0.0,1.0,0,idle,118.85883151749093,564.613863067589,126.4240158584775,559.1734085248269,0.12,0.12
1791330791.46444,128.5233837649283,559.8218721009339,-223.58324955924547,-43.58324955924547,-0.06651491040720225,-0.06988843811049118,0.0,1.0,0.0,1.0,0,idle,126.22151507215396,572.5700724747815,126.35070165427447,559.7768477061196,0.12,0.12
1791330791.4817002,128.4307738292968,559.7245651405069,-223.58324955924547,-43.58324955924548,-0.09260993563149475,-0.09730696042698815,0.0,1.0,0.0,1.0,0,idle,130.02527926697033,569.5732286851348,126.44645109605933,560.1742251426648,0.12,0.12
1791330791.4977422,128.30748027092105,559.5950183340659,-223.58324955924547,-43.58324955924547,-0.1232935583757507,-0.1295468064410541,0.0,1.0,0.0,1.0,0,idle,134.82698370506247,561.0087897407195,126.74834884605252,560.0928839064486,0.12,0.12
1791330791.5139809,128.1491772601357,559.4286864529246,-223.58324955924547,-43.58324955924547,-0.15830301078535045,-0.16633188114132103,0.0,1.0,0.0,1.0,0,idle,146.31088103611955,555.7414155792516,127.5760875953098,559.7172952030045,0.12,0.12
1791330791.531308,127.95188125374307,559.2213839150755,-223.58324955924547,-43.58324955924548,-0.19729600639262995,-0.20730253784909772,0.0,1.0,0.0,1.0,0,idle,134.16214051492545,550.9615305415771,127.71795903521758,559.0825695589765,0.12,0.12
1791330791.547837,127.71199927711744,558.9693355160837,-223.58324955924547,-43.58324955924548,-0.23988197662561922,-0.2520483989918531,0.0,1.0,0.0,1.0,0,idle,122.22390091831029,536.6931023808974,127.21536825157787,557.7236502210303,0.12,0.12
1791330791.564078,127.4263523114276,558.6692010024709,-223.58324955924547,-43.58324955924548,-0.28564696568983594,-0.3001345136127861,0.0,1.0,0.0,1.0,0,idle,101.7573395532039,557.4741389408625,125.67110219925382,557.4260468690898,0.12,0.12
1791330791.581284,127.0921796478465,558.318079646764,-223.58324955924547,-43.58324955924548,-0.3341726635810948,-0.35112135570698244,0.0,1.0,0.0,1.0,0,idle,127.08010350058147,550.4912452345217,125.42408823391816,556.7457414994398,0.12,0.12
1791330791.597923,126.70712929910728,557.9135001727402,-223.58324955924547,-43.58324955924548,-0.3850503487392234,-0.4045794740237727,0.0,1.0,0.0,1.0,0,idle,113.48575595237457,556.3493755732471,124.46137378853871,556.3415727028075,0.12,0.12
1791330791.6155,126.26923869841843,557.4534004754235,-223.58324955924547,-43.58324955924548,-0.43789060068884533,-0.4600996973168051,0.0,1.0,0.0,1.0,0,idle,113.20749720929749,547.8221777889801,123.48268388892224,555.4785082446652,0.12,0.12
1791330791.632399,125.77690908032667,556.9361007025857,-223.58324955924547,-43.58324955924548,-0.49232961809176445,-0.5172997728377352,0.0,1.0,0.0,1.0,0,idle,127.99001311824203,546.7799294582863,123.24033721320106,554.5521445211505,0.12,0.12
1791330791.648582,125.2288761855204,556.3602724737465,-223.58324955924547,-43.58324955924547,-0.548032894806264,-0.5758282288392536,0.0,1.0,0.0,1.0,0,idle,131.1121703500273,551.6493287582206,123.11329761997642,553.8599669156067,0.12,0.12
1791330791.666118,124.62417928572826,555.7249063340643,-223.58324955924547,-43.58324955924547,-0.6046968997921491,-0.6353661396821702,0.0,1.0,0.0,1.0,0,idle,154.26056217031848,549.8025307755703,124.09619879269098,553.0534972759068,0.12,0.12
1791330791.6826189,123.9621299898944,555.0292789784124,-223.58324955924547,-43.58324955924547,-0.6620492958338683,-0.6956273556518161,0.0,1.0,0.0,1.0,0,idle,134.74386734092843,550.8830528536969,123.99963538906069,552.2841290669271,0.12,0.12
1791330791.700118,123.24228186201061,554.272921328277,-223.58324955924547,-43.58324955924548,-0.7198481278837751,-0.7563576501353998,0.0,1.0,0.0,1.0,0,idle,136.55061227299086,531.1539250203233,123.9433285117676,550.5090790969682,0.12,0.12
1791330791.71666,122.46440154245083,553.4555881884125,-223.58324955924547,-43.58324955924548,-0.7778803195597879,-0.817333139864482,0.0,1.0,0.0,1.0,0,idle,128.31937798795784,560.3509380963135,123.42314468199532,550.2247055640643,0.12,0.12
1791330791.73412,121.6284418046461,552.5772299369955,-223.58324955924547,-43.58324955924548,-0.8359597378047317,-0.8783582514169973,0.0,1.0,0.0,1.0,0,idle,120.15252218483256,541.5391137272434,122.46545180622269,548.955985633377,0.12,0.12
1791330791.751554,120.73451678380825,551.6379664979895,-223.58324955924547,-43.58324955924548,-0.8939250208378506,-0.9392634390060133,0.0,1.0,0.0,1.0,0,idle,120.64494026782789,564.737772992694,121.52519745950698,548.8527747342872,0.12,0.12
1791330791.7679439,119.78287947161544,550.6380636943977,-223.58324955924547,-43.58324955924548,-0.9516373121928026,-0.9999028035918287,0.0,1.0,0.0,1.0,0,idle,121.0480583129278,527.7991615286592,120.59728505559487,546.8501864105936,0.12,0.12
1791330791.785397,118.7739014693423,549.5779119745049,-223.58324955924547,-43.58324955924548,-1.0089780022731412,-1.0601517198928372,0.0,1.0,0.0,1.0,0,idle,125.43586761125393,540.7103291621574,119.88068508121833,545.5360494142735,0.12,0.12
1791330791.801789,117.70805492256916,548.4580074303447,-223.58324955924547,-43.58324955924547,-1.0658465467731395,-1.1199045441602138,0.0,1.0,0.0,1.0,0,idle,111.87811856282498,540.3138149582834,118.46800253586417,544.2110283745218,0.12,0.12
1791330791.819242,116.58589651569115,547.2789349804361,-223.58324955924547,-43.58324955924547,-1.1221584068780213,-1.1790724499084644,0.0,1.0,0.0,1.0,0,idle,116.55401409385371,530.7742999177227,117.30625262722954,542.4190731242687,0.12,0.12
1791330791.835708,115.40805337779148,546.0413535608262,-223.58324955924547,-43.583249559245466,-1.177843137899677,-1.2375814196098645,0.0,1.0,0.0,1.0,0,idle,127.12207112543564,551.1407512974905,116.67809257113515,541.6794546843004,0.12,0.12
1791330791.853719,114.17521073814703,544.7459831545025,-223.58324955924547,-43.58324955924547,-1.2328426396444445,-1.295370406323749,0.0,1.0,0.0,1.0,0,idle,104.51413581910512,552.2656596716856,114.89869422587142,540.9781630476621,0.12,0.12
1791330791.870273,112.88810116587328,543.3935934852902,-223.58324955924547,-43.58324955924547,-1.287109572273756,-1.3523896692121968,0.0,1.0,0.0,1.0,0,idle,116.04833349573157,523.3910118345096,113.73342209570437,538.8140353012528,0.12,0.12
1791330791.886949,111.54749523105092,541.9849942053272,-223.58324955924547,-43.58324955924548,-1.3406059348223582,-1.408599279963015,0.0,1.0,0.0,1.0,0,idle,105.0138741129954,533.1157996423572,112.02386905848768,537.1909542023432,0.12,0.12
1791330791.9038029,110.15419343188243,540.5210264127783,-223.58324955924547,-43.58324955924548,-1.3933017991684862,-1.4639677925489452,0.0,1.0,0.0,1.0,0,idle,116.617079640315,546.7405160461834,110.92989287836899,536.2776628916137,0.12,0.12
1791330791.9211378,108.70901924234416,539.0025553468759,-223.58324955924547,-43.58324955924548,-1.4451741895382797,-1.5184710659023737,0.0,1.0,0.0,1.0,0,idle,104.27316065501947,550.930192404666,109.22414078714014,535.567741854659,0.12,0.12
1791330791.938795,107.21281314621622,537.4304641193659,-223.58324955924547,-43.58324955924548,-1.4962060961279402,-1.5720912275100132,0.0,1.0,0.0,1.0,0,idle,112.18109134971986,548.9669366906517,107.95059252394759,534.7442149303241,0.12,0.12
1791330791.955557,105.66642753541883,535.8056483540955,-223.58324955924547,-43.58324955924548,-1.5463856107973921,-1.6248157652703579,0.0,1.0,0.0,1.0,0,idle,94.72240430393914,526.2068120538202,105.82011678268965,532.7737698094921,0.12,0.12
1791330791.9723468,104.07072236265329,534.1290116191636,-223.58324955924547,-43.58324955924548,-1.5957051727655511,-1.6766367349318458,0.0,1.0,0.0,1.0,0,idle,88.41954878559633,527.4480773563894,103.43416846870771,530.9146802886517,0.12,0.12
1791330791.989681,102.42656145003184,532.4014615483303,-223.58324955924547,-43.58324955924548,-1.6441609126214445,-1.7275500708332947,0.0,1.0,0.0,1.0,0,idle,95.53770075759063,514.5673519191403,101.47739221616149,528.4561413028844,0.12,0.12
1791330792.0058692,100.73480936642184,530.6239065599849,-223.58324955924547,-43.58324955924548,-1.6917520836099975,-1.7775549883454311,0.0,1.0,0.0,1.0,0,idle,91.75857093060804,533.6301976641657,99.38428667245432,527.0261668820203,0.12,0.12
1791330792.0240269,98.99632879647342,528.797253092735,-223.58324955924547,-43.58324955924548,-1.738480569948422,-1.8266534672498889,0.0,1.0,0.0,1.0,0,idle,120.37266531533733,525.5970735108612,98.78214906314747,525.219391419575,0.12,0.12
1791330792.039674,97.21197833367202,526.9224032865264,-223.58324955924547,-43.58324955924548,-1.7843504628014015,-1.8748498062085472,0.0,1.0,0.0,1.0,0,idle,99.15441825243803,549.9704178901502,97.10562958295067,524.6758354272057,0.12,0.12
1791330792.0565891,95.38261063823573,525.0002530471121,-223.58324955924547,-43.58324955924548,-1.8293676954362845,-1.9221502394143917,0.0,1.0,0.0,1.0,0,idle,89.43444231920866,513.7664341897382,94.98417090909909,522.3043226378887,0.12,0.12
1791330792.074636,93.50957833811444,523.0312079687614,-223.5281014692854,-43.56848737673201,-1.8730323001212985,-1.9690450783507971,-1.0,1.0,-1.0,1.0,0,steering,76.26047424772769,511.9963458082579,92.2686053909153,519.918330971974,0.12,0.12
1791330792.09119,91.59541340064433,521.014542300424,-223.33549204410576,-43.50628803467933,-1.9141649374701024,-2.0166656683373985,-1.0,1.0,-1.0,1.0,0,idle,102.81271447750694,536.2376577622607,90.97735415464828,518.8184649265678,0.12,0.12
1791330792.107692,89.64409802108605,518.9481722677288,-222.9556376847238,-43.359666271063375,-1.95131537955828,-2.0663700326951964,-1.0,1.0,-1.0,1.0,0,steering,89.37645933642287,535.3245229508553,89.04355980315664,517.6807162967217,0.12,0.12
1791330792.125206,87.66110280035272,516.8286898903257,-222.3614034796596,-43.09450399011631,-1.9829952207333235,-2.1194823774030604,-1.0,1.0,-1.0,1.0,0,idle,83.77255830595432,533.6389043971645,86.89616426859986,516.4651174432109,0.12,0.12
1791330792.14184,85.6533044876959,514.6515521562742,-221.5411563721025,-42.68284536510962,-2.007798312656823,-2.177137734051428,-1.0,1.0,-1.0,1.0,0,steering,78.47717645581554,510.54415129805375,84.56780648093667,514.1007882886041,0.12,0.12
1791330792.1595762,83.62885028702564,512.4113539566031,-220.49366739206087,-42.103939427671435,-2.024454200670256,-2.2401981996710605,-1.0,1.0,-1.0,1.0,0,idle,75.4137256486214,521.6800669191717,82.18687094868417,512.351563930445,0.12,0.12
1791330792.1762292,81.59700567473156,510.10213676991384,-219.22450580609356,-41.34405031800495,-2.0318446122940825,-2.3092171866892404,-1.0,1.0,-1.0,1.0,0,steering,82.86307353512161,520.011558613044,80.29042869632667,510.54080733722014,0.12,0.12
1791330792.192894,79.56800397004592,507.71770174028717,-217.7435010375733,-40.395657876769405,-2.0290017046856383,-2.3844350296266503,-1.0,1.0,-1.0,1.0,0,idle,70.8490619681705,507.3301321803826,77.8908087404675,508.1150603012329,0.12,0.12
1791330792.2100182,77.55290500566284,505.2519074941605,-216.0629642042752,-39.25641707858368,-2.0150989643830863,-2.4657942461266824,-1.0,1.0,-1.0,1.0,0,steering,74.81438060427962,497.34255595293723,75.82264331749418,505.2339305499978,0.12,0.12
1791330792.227371,75.56346441281177,502.698941181979,-214.19645071582082,-37.92808482558408,-1.9894405928510612,-2.5529663121814528,-1.0,1.0,-1.0,1.0,0,idle,58.67784731154199,525.3163513358969,73.07543495398806,503.81273359272035,0.12,0.12
1791330792.24449,73.61201229474034,500.05355680657397,-212.15790995799097,-36.415523697048606,-1.951452118071435,-2.645384375405031,-1.0,1.0,-1.0,1.0,0,steering,81.80835917444605,503.4263164906067,71.6582016528431,501.2802975809799,0.12,0.12
1791330792.260923,71.7113390948105,497.31127863593855,-209.96111308201475,-34.72583259382299,-1.9006731999298458,-2.742278170635428,-1.0,1.0,-1.0,1.0,0,idle,78.48645710137932,501.8305411034445,70.19397488533656,498.7026454949995,0.12,0.12
1791330792.2782688,69.87458642783949,494.4685699191225,-207.6192809356313,-32.86761956540142,-1.8367526669710021,-2.8427087168160505,-1.0,1.0,-1.0,1.0,0,steering,69.9340263919389,503.9520359795445,68.43606242704422,496.2645417382515,0.12,0.12
1791330792.294466,68.11514102644185,491.52296861295133,-205.1448556842396,-30.850413125502754,-1.759445401397639,-2.9456013061711603,-1.0,1.0,-1.0,1.0,0,idle,59.65173649286053,506.77914927750226,66.32537299900727,493.99195087435146,0.12,0.12
1791330792.310828,66.44653046909356,488.4731926630233,-202.5493748252023,-28.68419895467161,-1.6686105573482855,-3.049775949928022,-1.0,1.0,-1.0,1.0,0,steering,80.30688210597552,462.729583440943,65.43926842487481,489.5315453502494,0.12,0.12
1791330792.327863,64.88231985436258,485.3192177683094,-199.84341718740222,-26.379065125929564,-1.5642106147309813,-3.1539748947139667,-1.0,1.0,-1.0,1.0,0,idle,74.41377273922434,483.2134037097197,64.40199355659786,486.2193621182447,0.12,0.12
1791330792.345688,63.436009001346804,482.0623306428748,-197.0365984809668,-23.94493839011502,-1.4463108530157758,-3.256887125434539,-1.0,1.0,-1.0,1.0,0,steering,80.76611448259924,475.8920493946725,63.846204292532946,482.60895371290326,0.12,0.12
1791330792.362411,62.12252588848982,478.71317160958284,-194.16267759333607,-21.414265567405412,-1.313483112856983,-3.3491590332919943,0.0,1.0,-1.0,0.0,1,idle,67.94063174441229,484.53737226076686,62.80311670791278,479.52367355866903,0.12,0.12
1791330792.379508,60.942477728270426,475.29345881708787,-192.11876642534543,-19.03813616568258,-1.1800481602193915,-3.419712792494965,0.0,1.0,0.0,-0.5,1,braking,63.203124956321986,469.7234934136908,61.70207136812481,475.7849373985499,0.12,0.12
1791330792.3966222,59.88776535701577,471.82790742819316,-190.66772897853852,-16.927200447375096,-1.0547123712546496,-3.4655513888947267,0.0,1.0,0.0,-0.5,1,braking,57.47175919746108,493.25013934791957,60.488579006899705,473.3659236765684,0.12,0.12
1791330792.4130828,58.94578853406838,468.34001172726545,-189.63915245551985,-15.11332596981678,-0.9419768229473976,-3.487895700927724,0.0,1.0,0.0,-0.5,1,braking,59.207949726512744,477.9315516829567,59.52966956108033,470.2807041610065,0.12,0.12
1791330792.4306219,58.10227538670266,464.8501055522318,-188.91076407834734,-13.587839484788585,-0.8435131473657177,-3.489906175033628,0.0,0.0,0.0,-0.5,1,braking,57.76318443546785,444.86819326391793,58.640007814802274,465.6946677498701,0.12,0.12
1791330792.447606,57.343021068777404,461.3747125808296,-188.39519326120976,-12.323543546026224,-0.7592543179252509,-3.475392971402189,0.0,0.0,0.0,-0.5,1,braking,59.36990935175311,477.4569296164046,57.95521128962083,462.9811575203648,0.12,0.12
1791330792.463755,56.65485063042404,457.92658807933304,-188.03026629647775,-11.28669205659589,-0.6881704383533592,-3.4481245014965545,0.0,0.0,0.0,-0.5,1,braking,65.10833588981824,460.95157913609097,57.659105603195,459.6039603247293,0.12,0.12
1791330792.479594,56.02613102370689,454.5155597335685,-187.77202863305467,-10.44352326769246,-0.628719606717153,-3.411028345764519,0.0,0.0,0.0,-0.5,1,braking,47.51454497486624,462.27770696937677,56.554593945397265,456.4971707284854,0.12,0.12
1791330792.496832,55.446997094429385,451.1497771738817,-187.58948800370814,-9.763007587830502,-0.5791339292775053,-3.365782559686788,0.0,0.0,0.0,-0.5,1,braking,37.14114765151381,455.4661934536654,55.033744397889464,453.2481284330419,0.12,0.12
1791330792.514317,54.90931878543671,447.83640158496974,-187.46066390577587,-9.21733071266806,-0.5376783089926719,-3.3133755889119745,0.0,0.0,0.0,-0.5,1,braking,42.942961073627615,428.18854573915013,53.91841083813333,448.847442488881,0.12,0.12
1791330792.530912,54.40654076366873,444.58195180103166,-187.36992394150005,-8.78216239172245,-0.50277802176798,-3.25444978393805,0.0,0.0,0.0,-0.5,1,steering,67.44654760453601,477.25162657004415,54.11717855577388,447.17592439819794,0.12,0.12
1791330792.548553,53.93548479126415,441.38956934399306,-187.12721694165012,-8.39378104792348,-0.4710559724045794,-3.1923824570385992,0.0,0.0,-1.0,0.0,1,idle,50.695669344199615,447.75720053055335,53.49859992141082,444.172224870629,0.12,0.12
1791330792.564724,53.49255770266671,438.260585677388,-186.95587253199778,-8.057042236166689,-0.44292708859744034,-3.1289836666050777,0.0,0.0,0.0,0.0,0,idle,47.15565334141742,411.258263379808,52.76067185824358,439.55399231281314,0.12,0.12
1791330792.5823948,53.07422245593005,435.19517109932247,-186.83481274238176,-7.77111435763788,-0.4183352467366621,-3.0654145780655453,0.0,0.0,0.0,0.0,0,idle,30.982265397305053,446.4001334968445,51.27433305079683,436.98415552285246,0.12,0.12
1791330792.599948,52.6772351216306,432.192772775873,-186.74923144169315,-7.532151003592407,-0.39698733429944427,-3.002398323449511,0.0,0.0,0.0,0.0,0,idle,52.12102022838934,443.7946666458487,50.93952944209198,434.47240267172526,0.12,0.12
1791330792.615654,52.2987440808827,429.25240610194777,-186.688705762259,-7.334915582346216,-0.3784910407479043,-2.9403666739251904,0.0,0.0,0.0,0.0,0,idle,57.6430626988586,417.82004434618034,50.915139616219804,430.84643641521905,0.12,0.12
1791330792.6334138,51.93631097057641,426.37284530999125,-186.64588704882317,-7.173754501443943,-0.36243311030629444,-2.879560791956502,0.0,0.0,0.0,0.0,0,idle,62.46388554246985,420.1335878717514,51.14826545774133,427.575211235687,0.12,0.12
1791330792.650051,51.58788979981612,423.5527456833595,-186.61558826075543,-7.043158273219502,-0.3484211707602891,-2.820099626631786,0.0,0.0,0.0,0.0,0,idle,44.330645673757004,410.08252550545006,50.47638435631984,424.02148230387496,0.12,0.12
1791330792.6666958,51.25178612429475,420.7907199014964,-186.59414510528651,-6.938061521404195,-0.3361036755213646,-2.762025781863069,0.0,0.0,0.0,0.0,0,idle,57.48627075522162,439.65853961116386,50.50758018451963,422.1794106764695,0.12,0.12
1791330792.6843688,50.926609064115425,418.0853840370899,-186.57896744111665,-6.853979636019383,-0.3251770601793248,-2.7053358644064893,0.0,0.0,0.0,0.0,0,idle,34.592155693412835,407.28005499683314,49.40289075279393,418.8643738213015,0.12,0.12
1791330792.700264,50.611223304639985,415.4353837917018,-186.56822358821216,-6.7870460537265105,-0.31538575947544195,-2.65000024538813,0.0,0.0,0.0,0.0,0,idle,58.12165031281393,415.88697173327546,49.539212259293265,416.19800348378146,0.12,0.12
1791330792.7168992,50.30470476913141,412.839408117128,-186.56061780762158,-6.733991965829622,-0.306518535508572,-2.5959756745737863,0.0,0.0,0.0,0.0,0,idle,52.39014178665101,410.61732411697693,49.39056612692801,413.45279262459616,0.12,0.12
1791330792.7346618,50.00630159008737,410.2961949934963,-186.5552332674808,-6.692095429827489,-0.2984031790440416,-2.543213123631728,0.0,0.0,0.0,0.0,0,idle,61.941681466201544,436.03244700564164,49.734638873799845,412.1657228761983,0.12,0.12
1791330792.751945,49.71566059739136,407.8067958494869,-186.55143589402178,-6.659218244611214,-0.2906409926960047,-2.4893991440093712,0.0,-1.0,0.0,-1.0,0,idle,45.277525731356164,420.9558652055753,49.23567427361645,410.2403008058582,0.12,0.12
1791330792.76785,49.43296683079424,405.37603482317996,-186.54877847000913,-6.633610830928587,-0.28269376659712053,-2.4307610263069446,0.0,-1.0,0.0,-1.0,0,idle,60.59016651232629,402.39010270732575,49.53483980728468,407.53856792594,0.12,0.12
1791330792.784962,49.15892914652679,403.01258095478164,-186.54693794455147,-6.613796506492499,-0.274037684267453,-2.363453868398337,0.0,-1.0,0.0,-1.0,0,idle,51.05675801585202,392.51614044117946,49.35059991765897,404.5421653767236,0.12,0.12
1791330792.80201,48.89469168878362,400.72833361146144,-186.5456788576848,-6.598540209603273,-0.2642374577431695,-2.2842473433202266,0.0,-1.0,0.0,-1.0,0,idle,61.772633531635975,386.1610672404191,49.72067601350181,401.45307549375417,0.12,0.12
1791330792.819055,48.641718192729236,398.53753777657363,-186.54482970137227,-6.586831895650931,-0.25297349605437963,-2.1907958348878074,0.0,-1.0,0.0,-1.0,0,idle,52.07916791188997,397.0394828052908,49.598275787169555,399.1511398161876,0.12,0.12
1791330792.835928,48.401675363929904,396.45586478096845,-186.54426632805456,-6.577864598280798,-0.24004282879933475,-2.0816729956051487,0.0,-1.0,0.0,-1.0,0,idle,21.89334410020858,407.7101733563824,47.98498851546214,397.6015021473724,0.12,0.12
1791330792.85377,48.17632873679306,394.49958093629465,-186.54389970656914,-6.571006498336242,-0.22534662713684056,-1.9562838446737898,0.0,-1.0,0.0,-1.0,0,idle,46.662737442504906,391.9501561060864,47.70479666603428,395.460465192868,0.12,0.12
1791330792.870662,47.96579427941164,392.6703648868813,-186.54365696797387,-6.565594245000287,-0.21053445738141777,-1.8292160494133118,0.0,0.0,0.0,0.0,0,idle,52.34763437569119,365.96090348424957,47.736930817004776,392.2477318604944,0.12,0.12
1791330792.8859992,47.769282705945635,390.96184283871276,-186.54349389154095,-6.561240227210675,-0.19651157346600476,-1.7085220481685834,0.0,0.0,0.0,0.0,0,idle,59.78152936454636,401.4596147910271,48.15247474958915,391.0852300612609,0.12,0.12
1791330792.9030058,47.585565553776355,389.36368911366594,-186.54338301612415,-6.557700938853669,-0.18371715216928192,-1.5981537250468063,0.0,0.0,0.0,0.0,0,idle,55.265139287668184,381.5768754929339,48.333576681932286,389.0915662940501,0.12,0.12
1791330792.9205918,47.413258219684586,387.8641229186582,-186.54330690723847,-6.554812238845051,-0.17230733409177207,-1.4995661950077395,0.0,0.0,0.0,0.0,0,idle,58.46130374349731,356.92122720355036,48.676271067623354,386.0584614542678,0.12,0.12
1791330792.938123,47.25098420313815,386.4513628347514,-186.5432542693055,-6.552455418777373,-0.16227401654643672,-1.4127600839068084,0.0,0.0,0.0,0.0,0,idle,48.665089429622725,390.5568338307308,48.52155167000421,384.9412579933795,0.12,0.12
1791330792.954682,47.097463596989236,385.11441560195277,-186.54321765202783,-6.5505388823965625,-0.15352060614891583,-1.33694723279863,0.0,0.0,0.0,0.0,0,idle,63.5413432327661,380.2423202199247,49.12669667230083,383.4362112335481,0.12,0.12
1791330792.9722419,46.95155439620561,383.84344944099377,-186.5431920660401,-6.548988248863674,-0.14590920078362998,-1.2709661609589995,0.0,0.0,0.0,0.0,0,idle,47.71625415410781,386.719520580373,48.91756080564674,382.39295884797826,0.12,0.12
1791330792.988826,46.8122653761768,382.62991633495875,-186.54317412782072,-6.547741104314881,-0.13928902002880816,-1.2135331060350094,0.0,0.0,0.0,0.0,0,idle,41.673488687742605,406.27938373693246,48.423032630724165,382.4344236416927,0.12,0.12
1791330793.00659,46.67875267229388,381.4665297837411,-186.5431615195499,-6.546744263918018,-0.13351270388291825,-1.1633865512176418,0.0,0.0,0.0,0.0,0,idle,66.61729300522892,392.2212102108375,49.20590858076063,381.8185457464932,0.12,0.12
1791330793.023198,46.55030776458069,380.34716577494106,-186.5431526407505,-6.545952301551632,-0.1284449077131985,-1.1193640088000414,0.0,0.0,0.0,0.0,0,idle,56.77609629814071,401.1091582195259,49.4623953043021,381.7196805617848,0.12,0.12
1791330793.0400362,46.42634163773679,379.26672900690585,-186.543146379427,-6.545326645037349,-0.12396612684389563,-1.0804367680351952,0.0,0.0,0.0,0.0,0,idle,53.2585460680592,370.3732865592956,49.53443502198825,380.12594593202687,0.12,0.12
1791330793.056042,46.30636796666767,378.2210095528824,-186.54314195930905,-6.544834873050812,-0.11997367106912095,-1.0457194540234447,0.0,0.0,0.0,0.0,0,idle,28.177864432824695,388.9420476361829,48.35263150501441,379.5733175359124,0.12,0.12
1791330793.0728261,46.189986939402274,377.20654427892947,-186.5431388365414,-6.544450054222773,-0.11638102726539976,-1.0144652739529354,0.0,0.0,0.0,0.0,0,idle,46.477566506066566,372.79901935971407,48.14831627916489,378.27086061684724,0.12,0.12
1791330793.08895,46.07687054658962,376.2204904416786,-186.54313662906594,-6.544150081598724,-0.11311639281265569,-0.9860538372508645,0.0,0.0,0.0,0.0,0,idle,34.49226894961036,371.49605411304447,47.35805333951514,376.9953691462688,0.12,0.12
1791330793.106185,45.96674968513805,375.2605146451872,-186.54313506794227,-6.543917008420476,-0.1101208614515733,-0.9599757964913836,0.0,0.0,0.0,0.0,0,idle,42.28936335215147,389.8133594228545,47.000004021767964,376.72429165343124,0.12,0.12
1791330793.123263,45.859403138480815,374.3246978143016,-186.5431339635697,-6.543736408688731,-0.10734654665723287,-0.9358168308855708,0.0,0.0,0.0,0.0,0,idle,49.2595060272838,379.5880567307666,47.010999902719384,375.9784539179567,0.12,0.12
1791330793.140244,45.75464833714699,373.4114554298207,-186.54313318213076,-6.5435967855507045,-0.10475480133382747,-0.9132423844809165,0.0,0.0,0.0,0.0,0,idle,42.831106009497546,367.4662880884157,46.702488146791154,374.6852653612228,0.12,0.12
1791330793.157334,45.65233372395051,372.51947155790737,-186.54313262910026,-6.543489043141211,-0.10231461319647511,-0.8919838719133604,0.0,0.0,0.0,0.0,0,idle,45.79698375191804,352.49191580326743,46.560014044510844,372.72821320500736,0.12,0.12
1791330793.174128,45.552332517294346,371.647644921731,-186.54313223766655,-6.543406029010345,-0.10000120665616358,-0.8718266361763776,0.0,0.0,0.0,0.0,0,idle,22.729783062167858,378.73518305348415,45.27350134907034,372.2003263930637,0.12,0.12
1791330793.1906402,45.45453766371529,370.79504523072194,-186.54313196058476,-6.5433421473112805,-0.09779485357905027,-0.8525996910090774,0.0,0.0,0.0,0.0,0,idle,57.207008281282256,374.58039122185784,45.777271584780834,371.5093599280448,0.12,0.12
1791330793.208124,45.358799194817195,369.960367277393,-186.54313176392046,-6.543292939405235,-0.09573846889809891,-0.8346779533289383,0.0,1.0,0.0,1.0,0,idle,39.10552861669358,363.08834285496516,45.35273289092328,370.2953650187283,0.12,0.12
1791330793.223808,45.264827559448364,369.14108832556747,-186.54313162325533,-6.543254884426446,-0.09397163536882899,-0.8192789518255188,0.0,1.0,0.0,1.0,0,idle,60.40571281963571,351.97786340441115,46.01610883375851,368.6011749337782,0.12,0.12
1791330793.24155,45.17246306952117,368.3358174243132,-186.54313152291775,-6.543225653501598,-0.09236448992719315,-0.8052709012542769,0.0,0.0,0.0,0.0,0,idle,41.803668165564424,400.1777041475491,45.71774053491797,369.4149940382752,0.12,0.12
1791330793.258497,45.081625089126476,367.54385251879904,-186.5431314514876,-6.543203290034588,-0.09083798039469598,-0.7919649055141597,0.0,0.0,0.0,0.0,0,idle,47.921117802910246,389.1222749387115,45.741613316942626,369.6479914230586,0.12,0.12
1791330793.27558,44.99227906505555,366.7648930853182,-186.54313140070994,-6.5431862179010185,-0.08934602407092458,-0.7789594334808597,0.0,0.0,0.0,0.0,0,idle,54.72304085663724,352.0715808036921,46.10580597105998,368.02915943028347,0.12,0.12
1791330793.292713,44.904415511433285,365.99885696855966,-186.5431313646516,-6.543173198635928,-0.08786355362226607,-0.7660361167585256,0.0,0.0,0.0,0.0,0,idle,41.42725843264438,365.62245454088054,45.78840821819805,367.18108987489273,0.12,0.12
1791330793.3094678,44.81803692898712,365.2457663821997,-186.54313133906558,-6.543163273414452,-0.08637858244616657,-0.7530905863599554,0.0,0.0,0.0,0.0,0,idle,51.598371885538135,365.8258576598526,45.9968467482412,366.3978922070988,0.12,0.12
1791330793.326425,44.73314993045203,364.50567928805197,-186.54313132092074,-6.54315570635062,-0.08488699853509309,-0.7400870941477389,0.0,0.0,0.0,0.0,0,idle,32.02594437697769,375.6792633600745,45.21765898106968,366.1588780253072,0.12,0.12
1791330793.343046,44.64976073244855,363.77865011743216,-186.5431313080583,-6.543149935434819,-0.08338919800347765,-0.7270291706197862,0.0,0.0,0.0,0.0,0,idle,38.87787855989478,361.9538419795278,44.82145022190763,365.25794851092945,0.12,0.12
1791330793.359628,44.567872783435504,363.0647091095843,-186.54313129894325,-6.543145532549015,-0.08188794901304162,-0.7139410078478321,0.0,0.0,0.0,0.0,0,idle,32.846678680333284,355.25774393928174,44.144918093266526,364.07969432489165,0.12,0.12
1791330793.377134,44.48748571284276,362.3638531640716,-186.54313129248527,-6.54314217193089,-0.0803870705927388,-0.7008559455127256,0.0,0.0,0.0,0.0,0,idle,30.322970116940304,361.5707426110927,43.37745297738711,363.2884335909646,0.12,0.12
1791330793.393707,44.4085950681735,361.6760435595111,-186.54313128791057,-6.5431396057615485,-0.07889064466926482,-0.6878096045605472,0.0,0.0,0.0,0.0,0,idle,57.838595128378195,353.42320003446014,44.02556397250086,362.14175278880685,0.12,0.12
1791330793.411084,44.33119249649405,361.0012075440182,-186.54313128467032,-6.543137645467265,-0.0774025716794529,-0.674836015492847,0.0,0.0,0.0,0.0,0,idle,44.90281545237387,369.31769291808166,43.99589410339904,361.8594555805524,0.12,0.12
1791330793.427787,44.255266153320186,360.33924190618916,-186.5431312823755,-6.543136147480948,-0.07592634317386124,-0.6619656378290483,0.0,0.0,0.0,0.0,0,idle,41.88468591127256,351.42570787890844,43.818203667777546,360.7089008395326,0.12,0.12
1791330793.4455628,44.180801205558396,359.69001736458375,-186.54313128075034,-6.5431350024308585,-0.07446494776178711,-0.649224541605403,0.0,0.0,0.0,0.0,0,idle,47.47508240099014,372.52820849325155,43.930305904064475,360.6831029076934,0.12,0.12
1791330793.461973,44.10778034973864,359.05338308938707,-186.5431312795995,-6.543134126940877,-0.07302085581975641,-0.6366342751966959,0.0,0.0,0.0,0.0,0,idle,43.985302188464864,367.23995792819755,43.86368590525573,360.40614309728176,0.12,0.12
1791330793.4784498,44.03618430181348,358.42917097531466,-186.54313127878456,-6.543133457411697,-0.071596047925162,-0.6242121140724256,0.0,0.0,0.0,0.0,0,idle,64.02420804594101,372.4202845006921,44.80369576676109,360.4138486590835,0.12,0.12
1791330793.494508,43.96599223681794,357.81719947673406,-186.54313127820748,-6.543132945301873,-0.07019206499553911,-0.6119714985805945,0.0,0.0,0.0,0.0,0,idle,42.381788877224935,371.4075443678189,44.61591796053852,360.3821605208687,0.12,0.12
1791330793.5114398,43.89718217012181,357.2172769330756,-186.54313127779886,-6.543132553543949,-0.06881006669613265,-0.5999225436584594,0.0,0.0,0.0,0.0,0,idle,46.683696693611076,359.57985333042734,44.653937333830825,359.7721187448711,0.12,0.12
1791330793.5285618,43.829731279860724,356.6292043810466,-186.54313127750953,-6.543132253819953,-0.06745089026108177,-0.5880725520290175,0.0,0.0,0.0,0.0,0,idle,48.217769164561226,363.1226677089238,44.76805057961931,359.3809772686461,0.12,0.12
1791330793.545761,43.76361617441715,356.0527778874892,-186.54313127730467,-6.543132024488186,-0.06611510544357038,-0.5764264935573881,0.0,0.0,0.0,0.0,0,idle,60.882426638247196,345.68283103845096,45.510960032379316,358.14846478825683,0.12,0.12
1791330793.5629382,43.698813110875115,355.48779045459787,-186.5431312771596,-6.5431318490041726,-0.06480306354204003,-0.5649874328913241,0.0,0.0,0.0,0.0,0,idle,42.77437681398811,349.87850943919494,45.31256796109482,357.198228959557,0.12,0.12
1791330793.580241,43.63529817107381,354.9340335553082,-186.5431312770569,-6.5431317147169334,-0.06351493980130303,-0.5537568992896823,0.0,0.0,0.0,0.0,0,idle,39.33500821079565,327.9073851837749,44.95335078076862,355.2076177164427,0.12,0.12
1791330793.597419,43.573047401805304,354.3912983559596,-186.54313127698416,-6.543131611950747,-0.06225076926850856,-0.542735199348615,0.0,0.0,0.0,0.0,0,idle,49.95701236550602,361.93854518749936,45.14439562920041,355.0285656506144,0.12,0.12
1791330793.6145291,43.51203692520368,353.85937667898565,-186.54313127693266,-6.543131533304202,-0.06101047660162651,-0.5319216769739317,0.0,0.0,0.0,0.0,0,idle,34.76367870421608,353.1693685030431,44.56739983017965,354.4302802001106,0.12,0.12
1791330793.6317341,43.452243024683746,353.3380617523676,-186.5431312768962,-6.543131473114887,-0.05979390051993233,-0.521314926618062,0.0,0.0,0.0,0.0,0,idle,45.075237655143255,346.4104768738602,44.5359875159339,353.53404085351093,0.12,0.12
1791330793.648792,43.393642211041666,352.8271487860802,-186.54313127687038,-6.543131427050346,-0.05860081364207837,-0.5109129662874057,0.0,0.0,0.0,0.0,0,idle,46.35446030004797,382.7290386942172,44.571240382179624,354.50842342757323,0.12,0.12
1791330793.6667762,43.33621127260566,352.3264354094417,-186.5431312768521,-6.543131391795452,-0.05743093843600834,-0.5007133766385498,0.0,0.0,0.0,0.0,0,idle,33.04158409508045,356.116556754132,43.94019817631046,354.11315238609455,0.12,0.12
1791330793.6839948,43.279927312662494,351.8357219974997,-186.54313127683918,-6.543131364813354,-0.0562839599431627,-0.4907134119419535,0.0,0.0,0.0,0.0,0,idle,44.22714924059224,342.14247603020266,43.90107596757854,353.04844082695513,0.12,0.12
1791330793.701143,43.22476777680252,351.3548119095015,-186.54313127683002,-6.543131344162671,-0.05515953585996859,-0.4809100879982158,0.0,0.0,0.0,0.0,0,idle,38.7914521250733,367.6547351420569,43.59319321638631,353.3218909591119,0.12,0.12
1791330793.7182488,43.17071047232642,350.88351165813805,-186.54313127682354,-6.543131328357678,-0.05405730447610309,-0.4713002513634359,0.0,0.0,0.0,0.0,0,idle,50.72707196891726,350.2719566856151,43.89853271476056,352.72165900664174,0.12,0.12
1791330793.734518,43.11773358143731,350.42163102459494,-186.54313127681894,-6.543131316261308,-0.05297689088911223,-0.46188063354309317,0.0,0.0,0.0,0.0,0,idle,53.32532041437284,364.38872369222645,44.31954405339652,352.866225639055,0.12,0.12
1791330793.751393,43.06581566959475,349.9689831314127,-186.5431312768157,-6.543131307003338,-0.05191791184255714,-0.4526478931822205,0.0,0.0,0.0,0.0,0,idle,32.85651459359178,342.1535047471627,43.69707056415585,351.90057409593726,0.12,0.12
1791330793.768069,43.01493569012322,349.5253844826854,-186.5431312768134,-6.543131299917752,-0.0508799794715291,-0.4435986487272821,0.0,0.0,0.0,0.0,0,idle,43.604038343415155,347.10839753797603,43.644082972620865,351.2395465517483,0.12,0.12
1791330793.784645,42.96507298593785,349.0906549791213,-186.54313127681178,-6.543131294494805,-0.049862704185364426,-0.4347295035640807,0.0,0.0,0.0,0.0,0,idle,48.52381453256826,362.2311378338533,43.84069998164214,351.3761330874676,0.12,0.12
1791330793.8021271,42.91620728906568,348.6646179138797,-186.5431312768106,-6.5431312903443635,-0.04886569687217335,-0.4260370652416609,0.0,0.0,0.0,0.0,0,idle,33.76044395641088,321.5216852432204,43.29026476835202,349.4786754832757,0.12,0.12
1791330793.818669,42.8683187184932,348.24709995381295,-186.5431312768098,-6.54313128716784,-0.047888570572482865,-0.41751796006675457,0.0,0.0,0.0,0.0,0,idle,53.65717819395767,349.43383069977267,43.76311629758844,349.0797911820372,0.12,0.12
1791330793.83537,42.82138777675435,347.8379311097251,-186.54313127680922,-6.543131284736714,-0.046930941738851074,-0.4091688440878222,0.0,0.0,0.0,0.0,0,idle,42.17407219346557,347.180646243755,43.63907969773039,348.5961235332396,0.12,0.12
1791330793.852148,42.77539534558065,347.43694469845195,-186.54313127680882,-6.543131282876072,-0.045992431173703475,-0.40098641127314977,0.0,0.0,0.0,0.0,0,idle,52.52606819384835,345.518847455796,44.03973631292127,348.06132263865794,0.12,0.12
1791330793.869848,42.73050978207767,347.0456085465761,-186.54313127680854,-6.543131281471407,-0.044885563502982215,-0.3913361518758409,0.0,-1.0,0.0,-1.0,0,idle,50.48724567077129,359.4811508454459,44.31947049548594,348.26054470471524,0.12,0.12
1791330793.8863811,42.68730503356715,346.6689266313222,-186.54313127680834,-6.543131280441696,-0.04320474851051729,-0.3766819152538884,0.0,-1.0,0.0,-1.0,0,idle,62.371950171070935,327.7170919173884,45.1810499681802,346.8755242458577,0.12,0.12
1791330793.903018,42.64679629623884,346.31574997160067,-186.54313127680823,-6.543131279714692,-0.04050873732830636,-0.3531766597215327,0.0,-1.0,0.0,-1.0,0,idle,42.11011424156078,355.77605882631366,44.989019881387335,346.985033148145,0.12,0.12
1791330793.9199228,42.610382628683894,345.9982763023527,-186.54313127680817,-6.543131279233211,-0.036413667554942936,-0.3174736692479723,0.0,-1.0,0.0,-1.0,0,idle,33.663563134268855,340.32981840214296,44.388154059854216,346.3506724250593,0.12,0.12
1791330793.937144,42.57975018047997,345.73120637002387,-186.54313127680814,-6.543131278970202,-0.03063244820392193,-0.2670699323287959,0.0,-1.0,0.0,-1.0,0,idle,49.93566471039407,360.7223011099038,44.63642876658748,346.81553742358915,0.12,0.12
1791330793.954122,42.55676678459842,345.5308249332576,-186.54313127680814,-6.5431312789693505,-0.022983395881547283,-0.20038143676631381,0.0,-1.0,0.0,-1.0,0,idle,55.72492445680027,339.799243343389,45.16901932501065,346.27436035465115,0.12,0.12
1791330793.970864,42.54338427324831,345.41414910060683,-186.54313127680817,-6.543131279591915,-0.01338251135011798,-0.11667583265072454,0.0,-1.0,0.0,-1.0,0,idle,49.21579916373792,334.6846293540977,45.358644931164406,345.58403176360525,0.12,0.12
1791330793.988095,42.53889762674355,345.3750321364751,-186.5431312768082,-6.543131283035543,-0.004486646504761979,-0.03911696413170121,0.0,-1.0,0.0,-1.0,0,idle,31.784753202379754,355.1214276984233,44.67568803054565,346.02374044442104,0.12,0.12
1791330794.005226,42.54294909931716,345.41035502350286,-186.54313127680823,173.456868728364,0.004051472573612418,0.03532288702773531,0.0,-1.0,0.0,-1.0,0,idle,41.01722535261479,342.74988980782143,44.496613795594044,345.89360465526744,0.12,0.12
1791330794.022418,42.555416054128884,345.51904854866626,-186.54313127680823,173.45686872445242,0.012466954811719652,0.10869352516338249,0.0,-1.0,0.0,-1.0,0,idle,50.162415962522985,351.473081529537,44.79174751101163,346.2758373478861,0.12,0.12
1791330794.039511,42.57632818995186,345.70137164162503,-186.54313127680823,173.45686872375546,0.020912135822974007,0.1823230929587949,0.0,-1.0,0.0,-1.0,0,idle,32.260170556520265,370.38198039062587,44.185035192318885,347.65435143833395,0.12,0.12
1791330794.056618,42.60580733668875,345.9583864800966,-186.54313127680823,173.45686872349168,0.02947914673688703,0.2570148384715534,0.0,-1.0,0.0,-1.0,0,idle,34.558806274774,326.2036557172884,43.73172893584169,346.82598074882964,0.12,0.12
1791330794.073639,42.64402442095419,346.29158329297627,-186.54313127680823,173.4568687233653,0.03821708426543734,0.33319681287969843,0.0,-1.0,0.0,-1.0,0,idle,71.00922912126072,359.6523450015656,45.131910175164805,347.78383593370216,0.12,0.12
1791330794.0906858,42.6911693695835,346.7026179631618,-186.54313127680823,173.45686872329728,0.047144948629307376,0.4110346701855554,0.0,-1.0,0.0,-1.0,0,idle,43.713923778542544,335.80679527799975,45.10579855653154,347.5754668375933,0.12,0.12
1791330794.107457,42.74743066204135,347.1931337546057,-186.54313127680823,173.45686872325808,0.05626129245785297,0.49051579144390517,0.0,-1.0,0.0,-1.0,0,idle,47.503640540008874,364.1773826405039,45.27913888354037,348.8715526296105,0.12,0.12
1791330794.1245492,42.81298199667337,347.7646450616237,-186.54313127680823,173.45686872323446,0.06555133463201654,0.5715113070180229,0.0,-1.0,0.0,-1.0,0,idle,27.337358480742523,349.21589241685325,44.4443236313009,349.43170536063974,0.12,0.12
1791330794.141731,42.88797413270155,348.4184662830837,-186.54313127680823,173.45686872321977,0.07499213602817925,0.6538212214600416,0.0,-1.0,0.0,-1.0,0,idle,45.18132598000958,337.58906144370053,44.552416277963104,349.4607033251798,0.12,0.12
1791330794.158338,42.972530438448025,349.15567300945906,-186.54313127680823,173.45686872321042,0.08455630574647571,0.7372067263753591,0.0,-1.0,0.0,-1.0,0,idle,36.741000538135694,356.1740593292514,44.24217398143088,350.49671751543997,0.12,0.12
1791330794.175175,43.06674504118618,349.977085892249,-186.54313127680823,173.45686872320434,0.09421460273815346,0.8214128827899841,0.0,-1.0,0.0,-1.0,0,idle,19.019307117226376,358.12814571870376,43.0705345108219,351.6586311642536,0.12,0.12
1791330794.191794,43.170682756082854,350.8832700244595,-186.54313127680823,173.4568687232003,0.10393771489667411,0.9061841322104701,0.0,-1.0,0.0,-1.0,0,idle,50.32168578566585,360.2091485332403,43.53183290371594,352.9470319583029,0.12,0.12
1791330794.209356,43.28438018814301,351.87454454794096,-186.54313127680823,173.45686872319763,0.11369743206015989,0.9912745234814588,0.0,-1.0,0.0,-1.0,0,idle,52.118017543844715,357.85592671252704,44.069154696179524,354.1341874933215,0.12,0.12
1791330794.225875,43.40784756596211,352.95099864101434,-186.54313127680823,173.45686872319584,0.1234673778190942,1.0764540930733986,0.0,-1.0,0.0,-1.0,0,idle,43.251013965032094,352.3028365099294,44.145541668550294,355.0652513325716,0.12,0.12
1791330794.242978,43.54107099077595,354.112511126881,-186.54313127680823,173.45686872319462,0.13322342481384508,1.1615124858666463,0.0,-1.0,0.0,-1.0,0,idle,52.03018366427432,370.78113104020395,44.66633602190964,356.95448217952656,0.12,0.12
1791330794.259347,43.68401487783507,355.35877175881905,-186.54313127680823,173.45686872319376,0.14294388705911726,1.2462606319380571,0.0,-1.0,0.0,-1.0,0,idle,65.72095069671408,350.9928149958396,45.85486344835603,357.8403464206834,0.12,0.12
1791330794.2760162,43.83662443669766,356.68930284469343,-186.54313127680823,173.45686872319317,0.15260955886259608,1.330531085874366,0.0,-1.0,0.0,-1.0,0,idle,47.64681943272504,357.6421818169882,46.08944032849394,359.0944427220793,0.12,0.12
1791330794.2928011,43.99882808827556,358.10348032004424,-186.54313127680823,173.45686872319277,0.162203651577894,1.4141774753508243,0.0,-1.0,0.0,-1.0,0,idle,40.97059994530528,362.5528217764516,45.98759177833351,360.6108302763812,0.12,0.12
1791330794.30989,44.17053975378624,359.6005537043851,-186.54313127680823,173.45686872319249,0.1717116655106804,1.4970733843408919,0.0,-1.0,0.0,-1.0,0,idle,40.07179910281249,378.6818416460438,45.8549282267926,362.93660055998816,0.12,0.12
1791330794.32756,44.35166097758045,361.1796646091401,-186.54313127680823,173.4568687231923,0.1811212237942113,1.5791109047549838,0.0,-1.0,0.0,-1.0,0,idle,53.538061047288494,362.8741428796873,46.4111500304219,364.43363303549035,0.12,0.12
1791330794.3445508,44.542082864764836,362.83986363086564,-186.54313127680823,173.45686872319214,0.19042188718438804,1.6601990217255498,0.0,-1.0,0.0,-1.0,0,idle,32.99859172883059,357.1262787695694,45.9214229081675,365.6454543928335,0.12,0.12
1791330794.361386,44.741687827644824,364.5801255776661,-186.54313127680823,173.45686872319203,0.19960496287998633,1.740261946800419,0.0,-1.0,0.0,-1.0,0,idle,34.55891289155167,367.18908494082365,45.542922122072696,367.37588476969347,0.12,0.12
1791330794.379485,44.95035114381506,366.3993630534526,-186.54313127680823,173.45686872319197,0.20866331617023606,1.8192374757864902,0.0,-1.0,0.0,-1.0,0,idle,28.119678762313853,368.23433133492557,44.86999010444648,369.14708269995225,0.12,0.12
1791330794.39518,45.16794233439123,368.29643847409915,-186.54313127680823,173.45686872319195,0.21759119057616744,1.89707542064658,0.0,-1.0,0.0,-1.0,0,idle,38.06333780070312,388.5810227035232,44.73636912030667,371.92100134974504,0.12,0.12
1791330794.4121711,45.39432637428687,370.27017461927807,-186.54313127680823,173.4568687231919,0.2263840398956421,1.9737361451789133,0.0,-1.0,0.0,-1.0,0,idle,33.69805418260496,352.7232553298561,44.399518211322444,372.8361633866706,0.12,0.12
1791330794.429918,45.62843908393729,372.3112934070504,-186.54313127680823,173.45686872319186,0.2341127096504148,2.0411187877723402,0.0,0.0,0.0,0.0,0,idle,67.29508503214183,374.5282494912637,45.76670362653131,374.85983054028395,0.12,0.12
1791330794.446113,45.868794245830664,374.40683720478444,-186.54313127680823,173.45686872319186,0.24035516189337644,2.095543797734018,0.0,0.0,0.0,0.0,0,idle,56.93328769846714,382.47272948079114,46.553370233926806,377.23124209515663,0.12,0.12
1791330794.463305,46.1137875247574,376.54281856710355,-186.54313127680823,173.45686872319183,0.24499327892673817,2.1359813623191144,0.0,0.0,0.0,0.0,0,idle,43.96676415180976,364.6915306068788,46.65678354480135,378.6334388149459,0.12,0.12
1791330794.480559,46.361869199655,378.70572620373565,-186.54313127680823,173.45686872319183,0.24808167489759725,2.162907636632086,0.0,0.0,0.0,0.0,0,idle,51.380993451537165,385.7641925431275,47.12867163129086,381.0447387561555,0.12,0.12
1791330794.49773,46.611633827451655,380.8833067164638,-186.54313127680823,173.4568687231918,0.24976462779665543,2.177580512728101,0.0,0.0,0.0,0.0,0,idle,36.10899294285704,391.7634295173647,46.81496409327599,383.64937478130764,0.12,0.12
1791330794.513191,46.861858676934894,383.06489968598004,-186.54313127680823,173.4568687231918,0.2502248494832419,2.181592969516262,0.0,0.0,0.0,0.0,0,idle,58.90823902181848,382.5877706935964,47.65734144671219,385.66880789796255,0.12,0.12
1791330794.5298612,47.1115117388967,385.24150750857984,-186.54313127680823,173.4568687231918,0.2496530619618073,2.1766078225998178,0.0,0.0,0.0,0.0,0,idle,49.23923740151978,394.38057246245853,47.97360665331629,388.1721735576572,0.12,0.12
1791330794.5472891,47.359742697531075,387.40571668001667,-186.54313127680823,173.4568687231918,0.2482309586343749,2.1642091714368354,0.0,0.0,0.0,0.0,0,idle,38.06627965327802,389.93042101570785,47.71405971401703,390.3160846434247,0.12,0.12
1791330794.564388,47.6058652980748,389.5515440672411,-186.54313127680823,173.4568687231918,0.24612260054372112,2.145827387224388,0.0,0.0,0.0,0.0,0,idle,30.735286527513196,385.1934727100947,47.09893752520838,392.0984900646214,0.12,0.12
1791330794.581239,47.84933627823248,391.6742532213885,-186.54313127680823,173.4568687231918,0.2434709801576827,2.122709154147401,0.0,0.0,0.0,0.0,0,idle,26.2442901107116,408.27300281391757,46.287502585633334,394.92378939852625,0.12,0.12
1791330794.597847,48.08973390188075,393.7701672232255,-186.54313127680823,173.4568687231918,0.24039762364827305,2.0959140018370217,0.0,0.0,0.0,0.0,0,idle,38.409198666146814,418.207906040206,46.12196513212486,398.0791135323554,0.12,0.12
1791330794.6148381,48.32673776907489,395.8364926560779,-186.54313127680823,173.4568687231918,0.23700386719413763,2.0663254328524365,0.0,0.0,0.0,0.0,0,idle,50.2771655317037,374.92375721284475,46.55487882593824,398.88435487758966,0.12,0.12
1791330794.632381,48.56011072087395,397.8711618424977,-186.54313127680823,173.4568687231918,0.23337295179905956,2.0346691864198005,0.0,0.0,0.0,0.0,0,idle,39.60634263776426,423.90723447426734,46.42915632073865,402.0684345845224,0.12,0.12
1791330794.648854,48.789683137138944,399.8726959441382,-186.54313127680823,173.4568687231918,0.22957241626498975,2.001534101640466,0.0,0.0,0.0,0.0,0,idle,42.612465378284995,386.46465936191424,46.45641556906771,403.1897032199504,0.12,0.12
1791330794.666355,49.01533962280419,401.8400888856055,-186.54313127680823,173.4568687231918,0.22565648566524593,1.967392941467296,0.0,0.0,0.0,0.0,0,idle,34.728821867984294,398.85975151256565,46.08440954539552,404.8422289289751,0.12,0.12
1791330794.681945,49.237007914434415,403.7727106359387,-186.54313127680823,173.4568687231918,0.22166829163022395,1.9326217503332461,0.0,0.0,0.0,0.0,0,idle,73.23293093826757,412.0906462935977,47.652420492087835,407.04064046002276,0.12,0.12
1791330794.6992462,49.45464976185077,405.67022770978895,-186.54313127680823,173.4568687231918,0.21764184741635545,1.8975170738502127,0.0,0.0,0.0,0.0,0,idle,42.406069041410206,419.3222368245807,47.596862674599485,409.4573614984084,0.12,0.12
1791330794.716049,49.66825351488171,407.5325385347808,-186.54313127680823,173.4568687231918,0.2136037530309475,1.8623108249918672,0.0,0.0,0.0,0.0,0,idle,53.4478913522883,404.483530867941,48.09233767386333,410.9778652506273,0.12,0.12
1791330794.732888,49.877828150623785,409.3597213780038,-186.54313127680823,173.4568687231918,0.20957463574207447,1.8271828432230122,0.0,0.0,0.0,0.0,0,idle,50.50392887539547,402.72261486915085,48.4120131378949,412.3009264326153,0.12,0.12
1791330794.751837,50.083512649069355,411.15298794075335,-186.54313127680823,173.4568687231918,0.20568449844556913,1.793266562749528,0.0,-1.0,0.0,-1.0,0,idle,59.14643213821047,420.1907313597677,49.14413436143397,414.399019913585,0.12,0.12
1791330794.7686532,50.28563202973732,412.9151719156017,-186.54313127680823,173.4568687231918,0.20211938066796348,1.7621839748483497,0.0,-1.0,0.0,-1.0,0,idle,62.19310765482624,419.6652630567202,49.98859643773815,416.3364068468477,0.12,0.12
1791330794.784854,50.484693956133135,414.65069938227947,-186.54313127680823,173.4568687231918,0.19906192639581266,1.7355274666777318,0.0,-1.0,0.0,-1.0,0,idle,60.932881871557214,411.75861849364867,50.72491953950513,417.7562685225316,0.12,0.12
1791330794.801982,50.6813565404216,416.3653081117348,-186.54313127680823,173.4568687231918,0.19666258428846728,1.7146087294553538,0.0,-1.0,0.0,-1.0,0,idle,35.43003542506481,383.9817688595851,50.14700478885716,417.69642183236687,0.12,0.12
1791330794.819305,50.87638546897487,418.0656737639183,-186.54313127680823,173.4568687231918,0.19502892855326232,1.700365652183479,0.0,-1.0,0.0,-1.0,0,idle,25.574689264672728,405.2339254622788,49.10366649477354,418.6886443834368,0.12,0.12
1791330794.8365371,51.07061060400159,419.7590315177653,-186.54313127680823,173.4568687231918,0.19422513502672298,1.6933577538469935,0.0,-1.0,0.0,-1.0,0,idle,31.97155027610573,453.76380222947137,48.431574562115536,422.05109214189315,0.12,0.12
1791330794.853748,51.26488725639932,421.45283842738013,-186.54313127680823,173.4568687231918,0.19427665239773176,1.6938069096148272,0.0,-1.0,0.0,-1.0,0,idle,62.5083440296913,397.6822186376744,49.31997585527217,422.44176503081627,0.12,0.12
1791330794.869958,51.46006432844876,423.15449567314596,-186.54313127680823,173.4568687231918,0.1951770720494411,1.7016572457658534,0.0,-1.0,0.0,-1.0,0,idle,73.61159361604136,412.55167156192243,50.71997496175759,423.56383474084913,0.12,0.12
1791330794.8861508,51.656959792578974,424.87113477259277,-186.54313127680823,173.4568687231918,0.19689546413021786,1.7166390994468008,0.0,-1.0,0.0,-1.0,0,idle,54.72689216040831,410.12487799090826,51.10737151261383,424.5226940478266,0.12,0.12
1791330794.903302,51.856343038647374,426.6094636746201,-186.54313127680823,173.4568687231918,0.19938324606840088,1.7383289020273118,0.0,-1.0,0.0,-1.0,0,idle,51.16336833399493,449.3648687767606,51.29958543744787,427.4162152411992,0.12,0.12
1791330794.920456,52.05892318032317,428.3756648083453,-186.54313127680823,173.4568687231918,0.20258014167579252,1.7662011337251877,0.0,-1.0,0.0,-1.0,0,idle,56.47232441910667,424.80276545518393,51.75067352112281,428.96343382893735,0.12,0.12
1791330794.937552,52.265342261770556,430.17533585536404,-186.54313127680823,173.4568687231918,0.2064190814473863,1.7996710470187762,0.0,-1.0,0.0,-1.0,0,idle,26.933716114284458,420.7675683261187,50.70592377815591,430.26332804846425,0.12,0.12
1791330794.954583,52.47617232123526,432.0134641485402,-186.54313127680823,173.4568687231918,0.2108300594647065,1.8381282931761806,0.0,-1.0,0.0,-1.0,0,idle,57.02976812560336,453.914450630338,51.22240455201975,433.1921060560753,0.12,0.12
1791330794.972901,52.692251464128525,433.8943878105602,-186.58146509399572,173.44663055430178,0.2160791428932637,1.8809236620200005,-1.0,-1.0,-1.0,-1.0,0,idle,45.97227321078669,421.08591340381025,51.1651731707067,434.3736739023811,0.12,0.12
1791330794.987486,52.91515698031068,435.8217578714604,-186.7164642696227,173.40289853699093,0.22290551618215332,1.9273700609002329,-1.0,-1.0,-1.0,-1.0,0,idle,67.41103499561349,441.3009486203502,52.189226502325084,436.55103919613475,0.12,0.12
1791330795.0038662,53.147425317561385,437.7985355537239,-186.98511248035723,173.29856107989403,0.23226833725071117,1.9767776822634902,-1.0,-1.0,-1.0,-1.0,0,steering,60.885523878149414,436.84800070900224,52.84469629150448,438.44382606992843,0.12,0.12
1791330795.021374,53.39261565912381,439.8270046216726,-187.40938244169658,173.1078334451339,0.24519034156242658,2.0284690679486816,-1.0,-1.0,-1.0,-1.0,0,idle,52.61087165836077,440.2445665412863,53.065935884331594,440.46090870804755,0.12,0.12
1791330795.038087,53.655279294209194,441.9087862159928,-188.00076273651536,172.80884618074685,0.26266363508537827,2.0817815943201947,-1.0,-1.0,-1.0,-1.0,0,steering,59.48535955928186,449.4185764694228,53.63643752141022,442.8864846107205,0.12,0.12
1791330795.054664,53.9408743819717,444.0448495179142,-188.7634775358547,172.3846258940888,0.28559508776250647,2.136063301921412,-1.0,-1.0,-1.0,-1.0,0,idle,40.502641305371995,436.6448526449182,53.2510630439827,444.60366314925574,0.12,0.12
1791330795.072149,54.255651066869405,446.2355156798355,-189.69677819684983,171.8231417758471,0.3147766848977007,2.1906661619212735,-1.0,-1.0,-1.0,-1.0,0,steering,51.50692809995747,448.5867932033037,53.462894147434255,446.8839525057834,0.12,0.12
1791330795.0886762,54.60652249717972,448.4804550102782,-190.7965811948475,171.11685794436505,0.3508714303103109,2.2449393304427017,-1.0,-1.0,-1.0,-1.0,0,idle,58.3391685365222,439.7889808220959,54.04003572568345,448.6618962855196,0.12,0.12
1791330795.106137,55.000931296439695,450.7786788093525,-192.0566445410325,170.26206640940504,0.39440879925997513,2.298223799074297,-1.0,-1.0,-1.0,-1.0,0,steering,48.564762168610585,459.3398344482732,54.14096040712679,451.37910580277793,0.12,0.12
1791330795.1227589,55.44671722335205,453.1285278758128,-193.46941498664273,169.2581633285914,0.4457859269123585,2.3498490664602643,-1.0,-1.0,-1.0,-1.0,0,idle,73.05356147717632,471.10056396082666,55.510087091196006,454.5975353238176,0.12,0.12
1791330795.140556,55.95198933799236,455.52765983119514,-195.02663709238107,168.1069581049972,0.505272114640304,2.3991319553823613,-1.0,-1.0,-1.0,-1.0,0,steering,49.931004154824926,471.43960969032446,55.71114145328574,457.7188143997562,0.12,0.12
1791330795.1570911,56.52500446428724,457.97303723838627,-196.71978767107362,166.81205906075664,0.5730151262948846,2.4453774071911485,-1.0,-1.0,-1.0,-1.0,0,idle,45.81763263736521,472.8990136400587,55.760830382469855,460.80093289860287,0.12,0.12
1791330795.173791,57.17405277938036,460.4609181765598,-198.54038081988986,165.37835199507452,0.6490483150931159,2.487880938173537,-1.0,-1.0,-1.0,-1.0,0,steering,101.94841172931814,460.1809543130953,58.68680534915073,463.13342086059237,0.12,0.12
1791330795.191767,57.907350766654815,462.98685056804345,-200.48017649996822,163.8115724453283,0.7332979872744552,2.5259323914836456,-1.0,-1.0,-1.0,-1.0,0,idle,56.869182503374596,455.78184400339126,59.29255729477266,465.1654777896418,0.12,0.12
1791330795.208979,58.73294141235913,465.5456711948863,-202.53131720472234,162.1179644520346,0.8255906457043185,2.5588206268428753,-1.0,-1.0,-1.0,-1.0,0,steering,57.860864276288765,481.41243144189207,60.00528375726756,468.408705067755,0.12,0.12
1791330795.226023,59.65860132411284,468.13151002663676,-204.68641128825178,160.30401510488377,0.9256599117537072,2.585838831750413,-1.0,-1.0,-1.0,-1.0,0,idle,64.8105886405304,474.5787867747092,61.12492591759673,471.17375604326566,0.12,0.12
1791330795.242899,60.6917543502617,470.73780022069906,-206.93857714511762,158.37625319982777,1.033153026148861,2.606290194062322,-1.0,-1.0,-1.0,-1.0,0,steering,41.36697977290794,468.19514992021783,61.1185239852037,473.50080142147243,0.12,0.12
1791330795.260406,61.83939124753955,473.35729395522003,-209.28145912420692,156.34110077175805,1.1476368972778555,2.6194937345209994,-1.0,-1.0,-1.0,-1.0,0,idle,65.97043110908626,472.23649766113584,62.45137439381179,475.9261052812505,0.12,0.12
1791330795.2773602,63.10799495769738,475.9820841071981,-211.7092235076624,154.20476736542554,1.2686037101578262,2.6247901519780594,-1.0,-1.0,-1.0,-1.0,0,steering,66.68974333736466,465.38450860451803,63.86846636563937,477.89257609179305,0.12,0.12
1791330795.294241,64.50347109595175,478.60363168713303,-214.2165408938696,151.97317825432754,1.3954761382543754,2.621547579934954,-1.0,-1.0,-1.0,-1.0,0,idle,61.43264562832946,500.3629588020066,65.07237766011554,481.5065654282419,0.12,0.12
1791330795.310739,66.03108331433292,481.21279887639025,-216.7985597613887,149.65192918623404,1.5276122183811691,2.6091671892572226,-1.0,-1.0,-1.0,-1.0,0,steering,53.83535567697856,483.22806965156184,65.96175816842079,484.0713494692023,0.12,0.12
1791330795.328159,67.69539327349966,483.7998874750108,-219.45087476711734,147.24626151001496,1.6643099591667425,2.587088598620542,-1.0,-1.0,-1.0,-1.0,0,idle,67.34708492263047,480.6019556280051,67.61211896733968,486.3556139458319,0.12,0.12
1791330795.3445919,69.50020503171866,486.35468254740596,-222.16949237842644,144.76105267150297,1.8048117582189969,2.5547950723951915,-1.0,-1.0,-1.0,-1.0,0,steering,81.76137486516916,493.6473503221481,70.03415293253921,489.14725608342314,0.12,0.12
1791330795.362036,71.44851373537755,488.8665010440612,-224.95079570175133,142.20081804225703,1.9483087036588782,2.5118184966552497,-1.0,-1.0,-1.0,-1.0,0,idle,70.0342673710686,488.971070177283,71.88505192294161,491.5246743599386,0.12,0.12
1791330795.3795059,73.54245856859917,491.3242451733715,-227.79150980568107,139.56972086896505,2.093944833221621,2.457744129310312,-1.0,-1.0,-1.0,-1.0,0,steering,60.70867819068522,518.6591508574825,73.31548082788935,495.2162551076606,0.12,0.12
1791330795.396032,75.78327998803917,493.7164602948089,-230.688668409408,136.8715878163464,2.2408214194399982,2.392215121437398,-1.0,-1.0,-1.0,-1.0,0,idle,79.03987820347467,503.5359479859878,75.73048104513661,497.90484411694246,0.12,0.12
1791330795.412624,78.17128133117467,496.03139709982315,-233.63958248834342,134.10992813959425,2.3880013431355054,2.314936805014266,-1.0,-1.0,-1.0,-1.0,0,steering,88.53830646850926,507.219820668981,78.63947359228398,500.56978290930795,0.12,0.12
1791330795.430388,80.70579494119094,498.2570778383179,-236.64181111403104,131.2879549808417,2.534513610016283,2.225680738494772,-1.0,-1.0,-1.0,-1.0,0,idle,75.9676532026784,518.2594586971278,80.91367050231916,503.568663400269,0.12,0.12
1791330795.447063,83.38515299816885,500.3813663352028,-239.69313467601157,128.40860765400703,2.679358056977908,2.1242884968848856,-1.0,-1.0,-1.0,-1.0,0,idle,78.23447328590429,502.11115149280164,83.32510079562743,505.5138618769363,0.12,0.12
1791330795.465006,86.2066632841794,502.39204152304467,-242.79153051365756,125.47457407819982,2.8215102860105494,2.0106751878418394,-1.0,-1.0,-1.0,-1.0,0,idle,91.94783763490018,504.06999775811227,86.4366724093011,507.35181009944483,0.12,0.12
1791330795.4824672,89.16659013883903,504.2768741933697,-245.93515090404455,122.4883127543404,2.959926854659633,1.884832670325014,-1.0,-1.0,-1.0,-1.0,0,idle,80.91072035355982,505.10604325545324,88.97230531844068,509.030112794054,0.12,0.12
1791330795.4989629,92.26014088178619,506.0237066411987,-249.12230329812212,119.45207386367686,3.0935507429471567,1.7468324478290116,-1.0,-1.0,-1.0,-1.0,0,idle,100.35402712090598,509.28597904923504,92.48026461436375,510.7023969322506,0.12,0.12
1791330795.5164611,95.48145798946726,507.6205348456642,-252.35143266439007,116.3679192097462,3.2213171076810703,1.5968282044654922,-1.0,-1.0,-1.0,-1.0,0,idle,94.96762623571281,528.6710895148182,95.66488394772821,513.1178183556212,0.12,0.12
1791330795.533014,98.82361731574366,509.0555927949435,-255.62110578128184,113.237740834827,3.3421593262764007,1.4350579492792725,-1.0,-1.0,-1.0,-1.0,0,idle,111.42184887471144,510.08356424384743,99.62778355403995,514.3294107018479,0.12,0.12
1791330795.550178,102.2786326394213,510.3174385272098,-258.929997312173,110.06327822459599,3.455015323677637,1.2618457322663177,-1.0,-1.0,-1.0,-1.0,0,idle,122.63155186080942,503.3119490605907,104.06023652687219,514.9772910654381,0.12,0.12
1791330795.567001,105.83746680720513,511.3950414218462,-262.27687749709906,106.84613407595116,3.558834167783835,1.077602894636425,-1.0,-1.0,-1.0,-1.0,0,idle,111.94634450012596,512.2948704733446,107.83543438492951,515.8668927857381,0.12,0.12
1791330795.584627,109.49004971820442,512.2778702377713,-265.6606013004446,103.58778864726835,3.6525829109992882,0.8828288159251038,-1.0,-1.0,-1.0,-1.0,0,idle,112.60647558057242,520.9601238992424,111.54394021016098,516.9602417165421,0.12,0.12
1791330795.6006908,113.22530336642116,512.9559813593467,-269.0800988622549,100.28961274138653,3.7352536482167413,0.678111121575424,-1.0,-1.0,-1.0,-1.0,0,idle,116.21950205878093,511.2017403327152,115.32620926839789,517.3165222128474,0.12,0.12
1791330795.616905,117.03117412115381,513.4201066758787,-272.53436711110913,96.95287939234855,3.805870754732647,0.46412531653206757,-1.0,-1.0,-1.0,-1.0,0,idle,123.87587561526823,514.2214944349314,119.36926980273742,517.6026898746571,0.12,0.12
1791330795.634612,120.89637230431704,513.6793180830567,-275.02528298309744,93.83667640007991,3.8651981831632334,0.2592114071780368,0.0,-1.0,0.0,-1.0,0,idle,138.591461925824,524.1834802522071,124.00231768289682,518.1779802303537,0.12,0.12
1791330795.65181,124.81179681432978,513.7519603564906,-276.8307255282872,91.06287791465205,3.9154245100127385,0.0726422734338204,0.0,-1.0,0.0,-1.0,0,idle,138.88781844818095,539.8469800245497,128.46624600567313,519.3304403798256,0.12,0.12
1791330795.668967,128.77066369705182,513.6601716709367,-278.1426110350012,88.67180120807501,3.958866882722041,-0.09178868555385156,0.0,-1.0,0.0,-1.0,0,idle,136.5819152661905,489.47123065462347,132.63295300728495,517.7502806422893,0.12,0.12
1791330795.6862662,132.76816383588832,513.4266705615801,-279.09699136631457,86.65704990343069,3.997500138836495,-0.23350110935670862,0.0,-1.0,0.0,-1.0,0,idle,156.73962603779756,510.4247573248511,137.63591179070525,517.1621784225285,0.12,0.12
1791330795.703434,136.80100798011242,513.0729731568383,-279.79164195296335,84.9877442079081,4.032844144224102,-0.35369740474171285,0.0,-1.0,0.0,-1.0,0,idle,141.34816740105626,500.0768960076187,141.6527265082357,515.9719017672784,0.12,0.12
1791330795.720524,140.86700376008642,512.6185026192004,-280.2973269447999,83.62232230737857,4.065995779973992,-0.45447053763794665,0.0,-1.0,0.0,-1.0,0,idle,146.36495766091116,510.10165646407467,145.7510340568448,515.2466424913622,0.12,0.12
1791330795.7376142,144.96471202867383,512.0802428031109,-280.6654437861235,82.5166821090981,4.097708268587417,-0.5382598160895717,0.0,-1.0,0.0,-1.0,0,idle,144.5851298579759,540.4317438502142,149.58556170205938,515.9945507340198,0.12,0.12
1791330795.754791,149.09318762561955,511.47271175595523,-280.9333882461387,81.62864917596545,4.128475596945718,-0.6075310471556313,0.0,-1.0,0.0,-1.0,0,idle,176.4860217874596,511.0921137487519,154.85263652342783,515.1722743899586,0.12,0.12
1791330795.771852,153.2517934472753,510.80811182018874,-281.1283900870622,80.9201613396968,4.158605821655751,-0.6645999357665117,0.0,-1.0,0.0,-1.0,0,idle,153.61006372568488,511.61747195271545,158.74118341411366,514.3631643291183,0.12,0.12
1791330795.788884,157.44007238520362,510.09656644462177,-281.2702824825941,80.35809803030966,4.188278937928327,-0.7115453755669527,0.0,-1.0,0.0,-1.0,0,idle,153.1288678013389,519.6427954288189,162.43943262450682,513.9511777773147,0.12,0.12
1791330795.806124,161.6576624029678,509.3463887712577,-281.3735117777363,79.91434670478752,4.2175900177641585,-0.7501776733640872,0.0,-1.0,0.0,-1.0,0,idle,161.8651610301889,535.6547399733861,166.4174295616669,514.3236870974224,0.12,0.12
1791330795.8232808,165.9042424901211,508.56434978141147,-281.44859966736414,79.56547075018825,4.246580087153308,-0.7820389898462247,0.0,-1.0,0.0,-1.0,0,idle,169.5348770046529,494.2008461175243,170.60755301661186,512.5746080080736,0.12,0.12
1791330795.8405209,170.17949999939768,507.7559283506374,-281.50320825658963,79.29219575708106,4.275257509276561,-0.8084214307740611,0.0,-1.0,0.0,-1.0,0,idle,164.85922042394063,506.7100766811986,174.38163102079105,511.5133810824945,0.12,0.12
1791330795.856797,174.48311234642867,506.92553471784214,-281.5429162393889,79.07883883881819,4.303612347030992,-0.8303936327952754,0.0,-1.0,0.0,-1.0,0,idle,172.5421642701051,498.45907339972564,178.3780894129362,510.07179174720056,0.12,0.12
1791330795.873858,178.81473805149213,506.0767044642112,-281.57178462435087,78.9127493580372,4.331625705063446,-0.8488302536308955,0.0,-1.0,0.0,-1.0,0,idle,172.48593277224245,501.87797047863387,182.19852600071178,508.85571194282284,0.12,0.12
1791330795.891351,183.17401363035074,505.21226336288095,-281.5927690477957,78.78379568247435,4.359275578858615,-0.8644411013302533,0.0,-1.0,0.0,-1.0,0,idle,179.28824483407146,497.10048904760237,186.19432374229544,507.44673175179804,0.12,0.12
1791330795.907813,187.5605539643519,504.3344652326557,-281.6080202330091,78.68391278012068,4.386540334001145,-0.8777981302252246,0.0,-1.0,0.0,-1.0,0,idle,180.24167496477057,501.99010091823214,190.06390462072028,506.3399919864058,0.12,0.12
1791330795.9259121,191.97334984905493,503.4421839775965,-281.7681475344772,78.56874262478391,4.412795884703031,-0.8922812550591731,-1.0,-1.0,-1.0,-1.0,0,idle,189.33399522292746,509.05241996697663,194.2195652412985,505.6279461931281,0.12,0.12
1791330795.941996,196.41046744306593,502.52973507477367,-282.17375135911107,78.37968728301223,4.437117594010989,-0.9124489028228513,-1.0,-1.0,-1.0,-1.0,0,idle,195.50386146107346,505.73076870180535,198.4990417665977,504.7662608608802,0.12,0.12
1791330795.958848,200.86891965671214,501.58689652644057,-282.8786525542229,78.05945859905691,4.4584522136462095,-0.9428385483331005,-1.0,-1.0,-1.0,-1.0,0,idle,205.38486191306117,510.86652451625685,203.07886237688479,504.1755774227326,0.12,0.12
1791330795.9759822,205.34458019241183,500.59955273082204,-283.90560053217433,77.55963549994703,4.475660535699696,-0.9873437956185372,-1.0,-1.0,-1.0,-1.0,0,idle,225.39056062559737,501.84776365303594,208.4463247982351,503.12121012841015,0.12,0.12
1791330795.993613,209.83208801495144,499.55061120840855,-285.25719025886406,76.84350179672887,4.4875078225396035,-1.048941522413502,-1.0,-1.0,-1.0,-1.0,0,idle,211.6094937629324,484.4218634317238,212.8676156778826,501.189748347283,0.12,0.12
1791330796.01155,214.3247354189498,498.4209892885215,-286.92336006276116,75.88624232107091,4.492647403998381,-1.1296219198870223,-1.0,-1.0,-1.0,-1.0,0,idle,214.96046347657233,507.08661754438674,217.24027310161554,500.4114509832455,0.12,0.12
1791330796.028507,218.81435369825178,497.19056058475195,-288.8864977875394,74.67378564960399,4.489618279301975,-1.2304287037695913,-1.0,-1.0,-1.0,-1.0,0,idle,182.4155461477343,484.5168436516862,219.76417411925834,498.44781334808647,0.12,0.12
1791330796.044626,223.291215988205,495.83900736246784,-291.1248913898393,73.20106961119873,4.47686228995322,-1.3515532222840998,-1.0,-1.0,-1.0,-1.0,0,idle,227.9622733313077,476.2380010477562,224.42709825531637,496.05334717190004,0.12,0.12
1791330796.061367,227.75112419085883,494.363255541808,-292.7442662500851,71.69098865382259,4.459908202653821,-1.47575182065987,0.0,-1.0,0.0,-1.0,0,idle,239.83611474276694,493.3043650901561,229.43446187221002,494.51393383818595,0.12,0.12
1791330796.0782359,232.19364760081436,492.76965282603186,-293.9175778209919,70.26629483801852,4.442523409955524,-1.5936027157761103,0.0,-1.0,0.0,-1.0,0,idle,247.13291797422715,477.67003013033394,234.53978191676862,492.15781607280604,0.12,0.12
1791330796.095445,236.62067423439848,491.06916247665976,-294.7683175753049,68.98743451662642,4.427026633584132,-1.700490349372121,0.0,-1.0,0.0,-1.0,0,idle,239.1854103275132,502.6938209675104,238.97773863921077,491.06915048563775,0.12,0.12
1791330796.1125271,241.03534171521827,489.27447893833573,-295.3853718757305,67.87690791024748,4.414667480819794,-1.7946835383240178,0.0,-1.0,0.0,-1.0,0,idle,244.3061963608189,495.61420777299867,243.43809563206997,489.59145398859795,0.12,0.12
1791330796.129629,245.44130518447105,487.39836264573995,-295.83298564499205,66.93506715146813,4.4059634692527805,-1.8761162925957602,0.0,-1.0,0.0,-1.0,0,idle,235.25947612424963,494.75396739334207,247.2148299524691,488.0672691808692,0.12,0.12
1791330796.146698,249.8422689598223,485.4527402208281,-296.1576919144049,66.15025382172729,4.400963775351231,-1.9456224249118645,0.0,-1.0,0.0,-1.0,0,idle,261.33895103276393,489.644847586692,252.10195159306753,486.29780679749405,0.12,0.12
1791330796.162781,254.2417098812076,483.4482768045635,-296.39323023406615,65.5051475376459,4.399440921385309,-2.004463416264633,0.0,-1.0,0.0,-1.0,0,idle,242.11192024151467,484.3973780348401,255.78191890080595,484.29854511390994,0.12,0.12
1791330796.179805,258.6427325367793,481.39423169126815,-296.56407607818977,64.9805991986826,4.401022655571696,-2.054045113295355,0.0,-1.0,0.0,-1.0,0,idle,247.59445043455716,486.75105397934976,259.55351700028666,482.4698276995514,0.12,0.12
1791330796.1968079,263.04801081574607,479.2984766512944,-296.6879881555159,64.5578259188384,4.405278278966739,-2.0957550399737688,0.0,-1.0,0.0,-1.0,0,idle,262.36723112255834,471.2990390731738,263.8792170714187,479.92032098025743,0.12,0.12
1791330796.214818,267.45978295712064,477.16760092576607,-296.7778523814762,64.21956499388615,4.411772141374589,-2.1308757255283135,0.0,-1.0,0.0,-1.0,0,idle,254.38299957939535,490.84646274989893,267.59558973112337,478.4422961294876,0.12,0.12
1791330796.232086,271.87987741808496,475.00705595557963,-296.8430187128829,63.95058606072035,4.420094460964297,-2.1605449701864314,0.0,-1.0,0.0,-1.0,0,idle,273.87413234082516,466.60867492182473,272.1086065995246,475.79809734742736,0.12,0.12
1791330796.24943,276.3097544906956,472.82131174754113,-296.8902710221106,63.7378226564963,4.429877072610633,-2.1857442080385283,0.0,-1.0,0.0,-1.0,0,idle,300.4691144486232,482.3385614661524,277.7350152109596,474.048663555727,0.12,0.12
1791330796.2666292,280.75055404906993,470.61400886123215,-296.92453096625485,63.57029049890809,4.440799558374364,-2.207302886308989,0.0,-1.0,0.0,-1.0,0,idle,287.91588354680425,467.08600846588973,282.46281820820747,471.6035930592416,0.12,0.12
1791330796.283205,285.2031435882311,468.3880976260257,-296.94936886410215,63.438897205386205,4.452589539161159,-2.225911235206457,0.0,-1.0,0.0,-1.0,0,idle,277.29916664134197,467.5888752835537,286.4345956920673,469.28824149701103,0.12,0.12
1791330796.299627,289.6681632550771,466.14596090220573,-296.96737449787656,63.3362071560025,4.465019666846004,-2.242136723819982,0.0,-1.0,0.0,-1.0,0,idle,281.1225975047385,478.1249740619557,290.41076446620457,467.60004823762927,0.12,0.12
1791330796.3171651,294.14606622506875,463.88951950485983,-296.9804262323531,63.25619876855412,4.4779029699916375,-2.2564413973458817,0.0,-1.0,0.0,-1.0,0,idle,299.9253510370138,467.34310481607463,295.1405016162371,465.44358173907295,0.12,0.12
1791330796.333604,298.63715381554584,461.62032099352336,-296.989886319663,63.194034700295084,4.4910875904770995,-2.269198511336496,0.0,-1.0,0.0,-1.0,0,idle,282.8215422502509,484.63628206006086,298.791086858891,464.2474781693527,0.12,0.12
1791330796.351083,303.14160534664666,459.33961334455694,-296.9967426226602,63.14585508788285,4.5044515311008375,-2.2807076489664206,0.0,-1.0,0.0,-1.0,0,idle,296.78121820488667,463.97654285202753,302.96982238073656,462.06725913696835,0.12,0.12
1791330796.36762,307.659503105254,457.0484053631292,-297.0017114468316,63.10859765434725,4.5178977586073215,-2.291207981427747,0.0,-1.0,0.0,-1.0,0,idle,313.19580145735375,459.5882675019667,307.77312420524436,459.76666197286187,0.12,0.12
1791330796.3846421,312.1908529348955,454.7475157504343,-297.0053121459432,63.07984487069486,4.531349829641527,-2.300889612694882,0.0,-1.0,0.0,-1.0,0,idle,309.2322802760249,447.4274144188411,312.1508643469428,456.9638544631007,0.12,0.12
1791330796.402549,316.73560103238657,452.43761264341896,-297.0079212439497,63.05769638749673,4.544748097491088,-2.309903107015306,0.0,-1.0,0.0,-1.0,0,idle,315.03984799658576,430.88365197882183,316.61282422204147,453.4654363872222,0.12,0.12
1791330796.418229,321.29364752517,450.119245266991,-297.009811693419,63.0406640129531,4.558046492783447,-2.318367376427938,0.0,-1.0,0.0,-1.0,0,idle,325.33142084657663,430.59601447200316,321.3788982214125,450.1195162838547,0.12,0.12
1791330796.434929,325.86485736113127,447.79286913038305,-297.0111813497538,63.027586196493175,4.571209835961281,-2.326376136607952,0.0,-1.0,0.0,-1.0,0,idle,326.0519542096203,438.88919364703605,325.95520036498607,447.3479428222362,0.12,0.12
1791330796.45263,330.44906898379463,445.45886598829424,-297.01217362171553,63.017559016678746,4.584211622663371,-2.334003142088836,0.0,-1.0,0.0,-1.0,0,idle,313.3748617029497,437.90704154792735,329.6811844734144,444.6585947735364,0.12,0.12
1791330796.4692988,335.04610120167365,443.1175595892239,-297.0128924465873,63.00988090205044,4.59703221787902,-2.3413063990703407,0.0,-1.0,0.0,-1.0,0,idle,337.9910522198571,451.8264014886835,334.4638584677216,442.7927440301769,0.12,0.12
1791330796.48644,339.65575859782683,440.76922805568296,-297.0134131487855,63.00400863033527,4.609657396153205,-2.348331533540934,0.0,-1.0,0.0,-1.0,0,idle,331.38411817858224,433.18863534708703,338.68904597961017,440.0816236391585,0.12,0.12
1791330796.503465,344.2778357679368,438.41411358649844,-297.01379031286115,62.99952249331076,4.622077170109938,-2.3551144691845134,0.0,-1.0,0.0,-1.0,0,idle,354.8626879771415,416.00546958092536,343.88870139109116,436.6404571905216,0.12,0.12
1791330796.520622,348.9121206241244,436.0524300401542,-297.01406349132384,62.996098846405395,4.634284856187595,-2.361683546344233,0.0,-1.0,0.0,-1.0,0,idle,364.8335481803827,452.8702619072911,349.338514343934,435.20834805733307,0.12,0.12
1791330796.537677,353.55839695768447,433.684368848426,-297.01426134240904,62.99348856544649,4.64627633356009,-2.3680611917282057,0.0,-1.0,0.0,-1.0,0,idle,345.8096569904898,436.3375882430738,353.5760339931438,433.0151519344783,0.12,0.12
1791330796.5538502,358.2164464167549,431.3101036191276,-297.0144046294314,62.99150019985547,4.65804945907041,-2.3742652292984054,0.0,-1.0,0.0,-1.0,0,idle,374.5533142369485,429.72420831609116,359.05004499145093,430.59505278572544,0.12,0.12
1791330796.570934,362.8860500240237,428.9297937129995,-297.0145083947683,62.989986840231694,4.66960360726883,-2.3803099061280673,0.0,-1.0,0.0,-1.0,0,idle,365.6885610088786,424.484923667704,363.8180942192277,428.02825191900274,0.12,0.12
1791330796.589735,367.5658776512146,426.5414115572528,-297.1203778312346,62.9621943828394,4.679827627190866,-2.3883821557467324,-1.0,-1.0,-1.0,-1.0,0,idle,383.4571376783161,424.5696027741022,369.2458826380135,425.5863564137983,0.12,0.12
1791330796.6049511,372.2522437296105,424.1383799368541,-297.4731825693666,62.852574195468286,4.686366078395902,-2.4030316203986994,-1.0,-1.0,-1.0,-1.0,0,idle,375.3837196400153,418.94713027256654,374.0048222625897,422.9715150673579,0.12,0.12
1791330796.622035,376.9387383759863,421.70913762035826,-298.15052025475336,62.60005562602093,4.686494646375824,-2.4292423164958294,-1.0,-1.0,-1.0,-1.0,0,idle,394.06041572158034,424.32031468731526,379.4597718495963,420.73117484768477,0.12,0.12
1791330796.639178,381.6162507867933,419.23775225183306,-299.18780559780384,62.150058945614674,4.677512410806993,-2.471385368525229,-1.0,-1.0,-1.0,-1.0,0,idle,376.8422580058717,410.90532087269673,383.77253294767667,417.8920660488364,0.12,0.12
1791330796.65568,386.2731294346772,416.7050340446688,-300.5931142041157,61.45973167433974,4.656878647883916,-2.5327182071642182,-1.0,-1.0,-1.0,-1.0,0,idle,414.3692770648058,413.0285657230848,389.7264048690228,415.2428087357428,0.12,0.12
1791330796.6718771,390.89536765248977,414.089821670845,-302.35734506520646,60.49928809667171,4.6222382178125825,-2.61521237382382,-1.0,-1.0,-1.0,-1.0,0,idle,378.4046316655328,426.5754584078152,393.5514425157703,413.32498946421384,0.12,0.12
1791330796.688981,395.46678196423403,411.3702521828336,-304.4611086340238,59.25126109173141,4.571414311744283,-2.7195694880114303,-1.0,-1.0,-1.0,-1.0,0,idle,403.0155324042605,413.0631440589731,398.36749060635185,410.72830618034095,0.12,0.12
1791330796.7065978,399.96918667059145,408.5249150829138,-306.87935554047687,57.70877467355795,4.502404706357447,-2.8453370999198144,-1.0,-1.0,-1.0,-1.0,0,idle,399.44011093673294,387.9449575720489,402.6984060939105,406.8860685050025,0.12,0.12
1791330796.7225652,404.3825798551801,405.53384433215064,-309.5844547049475,55.87349075486245,4.413393184588658,-2.9910707507631993,-1.0,-1.0,-1.0,-1.0,0,idle,400.98819942193586,394.88179070283144,406.80561928567096,403.4443374016689,0.12,0.12
1791330796.7391202,408.68535535722776,402.3793334684949,-312.5482075987205,53.753591202657546,4.302775502047653,-3.154510863655712,-1.0,-1.0,-1.0,-1.0,0,idle,422.7782172888063,382.5332839125869,411.691885912773,399.4019994067419,0.12,0.12
1791330796.7556338,412.8545497107556,399.0465764709501,-315.7431316155777,51.36197280238184,4.169194353527839,-3.3327569975448146,-1.0,-1.0,-1.0,-1.0,0,idle,400.0681336957262,397.5815414408265,415.0714329377721,396.14485736077853,0.12,0.12
1791330796.773109,416.8661265754912,395.52414608403194,-319.1432412743462,48.71472285286898,4.011576864735639,-3.5224303869181384,-1.0,-1.0,-1.0,-1.0,0,idle,429.82100408108846,384.4971551039213,419.61990951643673,392.21616338036347,0.12,0.12
1791330796.789674,420.69529567250896,391.80432549890355,-322.7244856382857,45.829881925443345,3.829169097017746,-3.7198205851283737,-1.0,-1.0,-1.0,-1.0,0,idle,432.2674525941363,395.34339540630833,423.8899973124886,388.8386954257887,0.12,0.12
1791330796.807217,424.31685936229366,387.88331070721784,-326.46495256355854,42.726470011187295,3.621563689784721,-3.9210147916857214,-1.0,-1.0,-1.0,-1.0,0,idle,430.90409464079846,391.4839634189791,427.6811876841996,385.2459947733468,0.12,0.12
1791330796.823641,427.7055777942205,383.7613007577207,-330.3449175111764,39.4237403313242,3.3887184319268817,-4.1220099494971425,-1.0,-1.0,-1.0,-1.0,0,idle,433.9180419644691,377.3579936323013,431.2123129085436,380.93568526427225,0.12,0.12
1791330796.841057,430.83654274751495,379.44249227243137,-334.3467916854063,35.940623130453616,3.1309649532944093,-4.3188084852893045,-1.0,-1.0,-1.0,-1.0,0,idle,428.0091869059109,364.3796934582585,434.0265733140417,376.00501761294674,0.12,0.12
1791330796.8576589,433.68555051024885,374.93499331981445,-338.455007990165,32.2953245814473,2.8490077627338755,-4.507498952616889,-1.0,-1.0,-1.0,-1.0,0,idle,420.6806894036186,362.2965158400178,436.06583649311773,371.03746851931425,0.12,0.12
1791330796.875339,436.25788643585605,370.2598890088201,-341.4024085925699,28.820470739395432,2.5723359256071916,-4.675104310994348,0.0,-1.0,0.0,-1.0,0,idle,428.6669962468862,361.8065887837893,438.139613610133,366.13457543709336,0.12,0.12
1791330796.8918211,438.57504991112097,365.44183275314845,-343.5257038285565,25.684448665178003,2.3171634752649313,-4.818056255671632,0.0,-1.0,0.0,-1.0,0,idle,451.7750737351382,348.63382049773526,441.0226919178849,360.6823842472374,0.12,0.12
1791330796.909379,440.6661334273017,360.5046821166972,-345.05853411051004,22.954627845015796,2.0910835161807464,-4.937150636451231,0.0,-1.0,0.0,-1.0,0,idle,438.5052406757541,363.44830878561663,442.88334869615005,356.1303873695277,0.12,0.12
1791330796.925917,442.56248048439,355.4696860959142,-346.1662901989686,20.638043827307758,1.8963470570882655,-5.034996020782984,0.0,-1.0,0.0,-1.0,0,idle,430.07146394159986,356.9742103565169,444.0442841626564,351.3893322991333,0.12,0.12
1791330796.943536,444.2945628237332,350.3549395069623,-346.9672863310433,18.70840320788206,1.7320823393432212,-5.114746588951887,0.0,-1.0,0.0,-1.0,0,idle,444.03586991526964,367.05566739474847,445.68934167266315,347.3136397944097,0.12,0.12
1791330796.960305,445.89031144175766,345.17543874207297,-347.5466263851754,17.123503928331104,1.5957486180244858,-5.179500764889314,0.0,-1.0,0.0,-1.0,0,idle,433.08781899808974,352.3286780572031,446.57522672605774,342.64386598090454,0.12,0.12
1791330796.9768372,447.3743684396621,339.9433958854886,-347.96570122365296,15.835866717158178,1.4840569979044287,-5.232042856584382,0.0,-1.0,0.0,-1.0,0,idle,447.8964024784551,337.27222925777846,448.0511396616868,337.4048434309931,0.12,0.12
1791330796.9943838,448.76789870203993,334.6686379297397,-348.2688615385089,14.798772390584652,1.3935302623778503,-5.274757955748925,0.0,-1.0,0.0,-1.0,0,idle,441.1104671273607,331.9116434507156,449.0279597842295,332.1191633740178,0.12,0.12
1791330797.0111392,450.08872277150937,329.35900714334554,-348.48817192651666,13.969359639516322,1.3208240694694227,-5.309630786394142,0.0,-1.0,0.0,-1.0,0,idle,484.0934587910896,316.3369373190024,452.03601760056847,326.28590282419253,0.12,0.12
1791330797.028026,451.3516171725426,324.0207252772672,-348.6468232115816,13.309941363012905,1.262894401033252,-5.338281866078292,0.0,-1.0,0.0,-1.0,0,idle,454.10605735015724,309.60260489431795,453.3392692690295,320.3803701549244,0.12,0.12
1791330797.0453088,452.5686861136546,318.6587082125784,-348.76159130974025,12.788299597020643,1.2170689411120268,-5.362017064688827,0.0,-1.0,0.0,-1.0,0,idle,459.12760041600166,321.3187458315023,454.7849013204345,315.3333727272989,0.12,0.12
1791330797.0625238,453.7497469362784,313.2768294808614,-348.8446126681475,12.377433715010893,1.1810608226237937,-5.381878731716988,0.0,-1.0,0.0,-1.0,0,idle,455.55014193919834,324.9299843486164,455.9451711328653,310.70041851323367,0.12,0.12
1791330797.079722,454.9026967809122,307.8781365307459,-348.904667581946,12.05504681409898,1.1529498446337776,-5.3986929501155245,0.0,-1.0,0.0,-1.0,0,idle,447.66759476958833,298.9237593100397,456.6265946671036,304.98282725046425,0.12,0.12
1791330797.0960379,456.0338439484593,302.46502573105164,-348.94810829253476,11.802935096012797,1.1311471675471028,-5.413110799694293,0.0,-1.0,0.0,-1.0,0,idle,453.91605617172814,288.78457434694985,457.56565755150456,299.030459345579,0.12,0.12
1791330797.1120791,457.1481973367741,297.03938253832337,-348.97953036730735,11.60637148728324,1.1143533883147978,-5.425643192728258,0.0,-1.0,0.0,-1.0,0,idle,430.66497296313037,281.83653710017546,457.27925904098487,293.016402200217,0.12,0.12
1791330797.128696,458.2497132036795,291.60269289400145,-349.0022584301247,11.453530731481244,1.1015158669053995,-5.436689644321904,0.0,-1.0,0.0,-1.0,0,idle,468.3533482601426,300.3150061998025,458.87940357550286,288.2164772380904,0.12,0.12
1791330797.1456692,459.3415017679611,286.1561312192174,-349.01869759503296,11.334977398876811,1.091788564281629,-5.446561674784077,0.0,-1.0,0.0,-1.0,0,idle,465.11089000106335,287.84619593604947,460.2281770328484,283.02372958194354,0.12,0.12
1791330797.163571,460.4259977681677,280.70062958338525,-349.0305877367562,11.243223526382131,1.0844960002065474,-5.455501635832127,0.0,-1.0,0.0,-1.0,0,idle,454.77434749451015,261.78507823215637,460.9857567561277,276.77907046041366,0.12,0.12
1791330797.180177,461.50509969443254,275.23693185468,-349.03918745963216,11.172354510330491,1.07910192626488,-5.46369772870524,0.0,-1.0,0.0,-1.0,0,idle,467.66512883638353,263.67412048483527,462.34487219009213,270.93331011936476,0.12,0.12
1791330797.1967099,462.58028241007855,269.7656359489987,-349.04540719966315,11.117717743340158,1.0751827156459983,-5.471295905681318,0.0,-1.0,0.0,-1.0,0,idle,464.9940212931573,241.11444199580475,463.4987532251091,264.2446356027895,0.12,0.12
1791330797.2142642,463.6526875572309,264.28722669739665,-349.04990552193146,11.075666687250754,1.0724051471523492,-5.478409251602065,0.0,-1.0,0.0,-1.0,0,idle,472.2849756227802,277.0791113075912,464.9568492347874,259.68187059900765,0.12,0.12
1791330797.231553,464.7250112007692,258.80245375047986,-348.9775687770625,11.062313312238603,1.0723236435383117,-5.484772946916806,1.0,-1.0,1.0,-1.0,0,idle,477.35279376431635,247.42029586716467,466.59535392262524,253.85825756284456,0.12,0.12
1791330797.248266,465.8049322620294,253.313031358899,-348.6696556534754,11.129537867024363,1.079921061260227,-5.489422391580857,1.0,-1.0,1.0,-1.0,0,idle,463.13785883562326,246.14137433359926,467.44840417647237,248.25746212938049,0.12,0.12
1791330797.2651489,466.9061155600544,247.8219663444423,-348.0323142482815,11.339730472696115,1.1011832980249627,-5.491065014456681,1.0,-1.0,1.0,-1.0,0,idle,445.4287833525822,195.9370489899042,467.39354726840156,240.4249297086728,0.12,0.12
1791330797.281813,468.0477499921282,242.33374887228572,-347.0207965641874,11.750836130824531,1.1416344320738079,-5.4882174721565695,1.0,-1.0,1.0,-1.0,0,idle,484.24876383347186,262.8566765576202,469.3208608071252,236.33271045257143,0.12,0.12
1791330797.2988002,469.25338290245446,236.85453846807317,-345.6222428578052,12.409479392213516,1.2056329103262242,-5.479210404212564,1.0,-1.0,1.0,-1.0,0,idle,480.91760134989016,243.62411159328218,471.0460490990734,231.49203062560505,0.12,0.12
1791330797.316531,470.54949586621643,231.3923750827766,-343.84389337130517,13.348790645814105,1.2961129637619693,-5.462163385296579,1.0,-1.0,1.0,-1.0,0,idle,463.72364260646384,239.25201076893575,471.9112360900168,226.69097441673983,0.12,0.12
1791330797.3326788,471.9640679243463,225.95739454396792,-341.70510381447866,14.588801066692005,1.4145720581298826,-5.434980538808669,1.0,-1.0,1.0,-1.0,0,idle,462.1141204337172,216.18736911109582,472.7652237624252,221.0025626395894,0.12,0.12
1791330797.348881,473.52525145717095,220.56201199220868,-339.23198565036904,16.138089855932247,1.5611835328246626,-5.395382551759246,1.0,-1.0,1.0,-1.0,0,idle,477.04660060342763,219.50231974900635,474.46241696065874,215.80193707088898,0.12,0.12
1791330797.365654,475.2602158586166,215.2210398957815,-336.453845085692,17.995899044077817,1.7349644014456622,-5.340972096427185,1.0,-1.0,1.0,-1.0,0,idle,469.6646366490133,208.61558819868736,475.87074412644984,210.36869613567308,0.12,0.12
1791330797.383313,477.194175737318,209.9517180832104,-333.40085309916924,20.15427497965908,1.9339598787013885,-5.269321812571104,1.0,-1.0,1.0,-1.0,0,idle,481.71126381630916,220.14423223002646,478.0000319957091,205.8516172184482,0.12,0.12
1791330797.399881,479.34960067896384,204.77364563941276,-330.10255883225483,22.600013359716534,2.1554249416458346,-5.178072443797648,1.0,-1.0,1.0,-1.0,0,idle,492.81267866348134,200.64185436592894,480.78831802366125,200.6719602542145,0.12,0.12
1791330797.41739,481.74559447609425,199.70861536197458,-326.5869808641019,25.316316671383085,2.3959937971304064,-5.065030277438172,1.0,-1.0,1.0,-1.0,0,idle,491.14316763408755,182.20893047588672,483.58225461145645,194.93703000173184,0.12,0.12
1791330797.43399,484.3974282145453,194.78035957675047,-322.880093229406,28.28414751387128,2.651833738451029,-4.928255785224106,1.0,-1.0,1.0,-1.0,0,idle,509.47018469524744,178.50569388979125,487.3958931671745,189.4336202001719,0.12,0.12
1791330797.4514549,487.3162108586005,190.01422132494213,-319.0055787791559,31.483299002586943,2.918782644055212,-4.766138251808334,1.0,-1.0,1.0,-1.0,0,idle,470.54192221103983,202.79014375605047,489.32603813122023,185.5736150387479,0.12,0.12
1791330797.467371,490.50868146805567,185.4367676204796,-314.9847606750233,34.893218991053736,3.192470609455164,-4.57745370446253,1.0,-1.0,1.0,-1.0,0,idle,502.05655673463656,194.24616666808936,492.99541114037345,181.65866160097556,0.12,0.12
1791330797.482786,493.9771081456055,181.0753621896731,-310.83664936257384,38.49362814558831,3.468426677549798,-4.361405430806526,1.0,-1.0,1.0,-1.0,0,idle,504.5618024996975,180.22894711033487,496.86873605201197,177.44384071717735,0.12,0.12
1791330797.4993339,497.7192799090844,176.9577144160465,-306.578061090595,42.26496929043359,3.74217176347887,-4.117647773626573,1.0,-1.0,1.0,-1.0,0,idle,481.5540581249436,177.9772998716583,499.6580653309635,173.55874828995616,0.12,0.12
1791330797.515268,501.7285787794166,173.11141962856664,-302.2237773850829,46.188720589460935,4.00929887033218,-3.846294787479881,1.0,-1.0,1.0,-1.0,0,idle,524.6665266873877,160.39126918999926,504.7173223256003,169.24639428685242,0.12,0.12
1791330797.5317361,505.9941204356326,169.5635038001131,-297.786724452192,50.24759996421436,4.265541656216057,-3.5479158284535286,1.0,-1.0,1.0,-1.0,0,idle,491.2152741137456,159.07328522998057,508.09448448841283,165.36721879697797,0.12,0.12
1791330797.549282,510.5009528106453,166.33998347144725,-293.27815835274623,54.42568350425433,4.506832375012663,-3.2235203286658383,1.0,-1.0,1.0,-1.0,0,idle,524.7235172429221,165.64469988012075,513.2074268824003,162.31874853890255,0.12,0.12
1791330797.5659509,515.2303029890945,163.46544949741207,-288.7078467065178,58.708456741823774,4.729350178449285,-2.874533974035185,1.0,-1.0,1.0,-1.0,0,idle,519.4702718649079,170.200793223369,518.0134518010525,159.98204349779246,0.12,0.12
1791330797.582519,520.159863720745,160.96268116230178,-284.0842411758481,63.082814490159606,4.92956073165046,-2.502768335110276,1.0,-1.0,1.0,-1.0,0,idle,531.7410359746652,173.42397666620695,523.382913704801,158.27651023785842,0.12,0.12
1791330797.598976,525.2641117734208,158.85229540541766,-279.41463742826727,67.53702233449879,5.104248052675926,-2.1103857568841216,1.0,-1.0,1.0,-1.0,0,idle,510.76299889806717,177.48798334251697,527.6009536145064,157.23221742405144,0.12,0.12
1791330797.616409,530.5146512086401,157.15243436646654,-274.7053209680509,72.06065066477278,5.250539435219211,-1.6998610389511128,1.0,-1.0,1.0,-1.0,0,idle,527.4310910258816,152.44214989155975,532.5804729485334,155.3778460604233,0.12,0.12
1791330797.63285,535.880575460616,155.87849320373846,-269.96169836561313,76.6444902335307,5.365924251975903,-1.273941162728092,1.0,-1.0,1.0,-1.0,0,idle,520.2062437749183,175.07957184062883,537.0593895292297,155.1526882448419,0.12,0.12
1791330797.6503942,541.3288428263724,155.04288913654142,-265.1884141560003,81.28045654022,5.448267365756354,-0.8356040671970513,1.0,-1.0,1.0,-1.0,0,idle,538.5598171807744,149.557628345929,542.3102649092755,154.07911138605905,0.12,0.12
1791330797.666998,546.8246606255349,154.65487188688377,-260.3894541381064,85.96148884794113,5.495817799162571,-0.38801724965764717,1.0,-1.0,1.0,-1.0,0,idle,539.795308197393,153.60868408039065,547.4055439828858,153.68697363360087,0.12,0.12
1791330797.68459,552.3318738606067,154.7203751088519,-255.568236069016,90.68144831833222,5.507213235071811,0.06550322196812386,1.0,-1.0,1.0,-1.0,0,idle,563.5363846940608,142.8690657601555,553.4439385917627,153.2083063007983,0.12,0.12
1791330797.702365,557.8133547032978,155.24190796201748,-250.7276888748494,95.43501860205646,5.481480842691053,0.5215328531655761,1.0,-1.0,1.0,-1.0,0,idle,548.5254807709935,135.871423297606,558.4054225012808,152.836918361146,0.12,0.12
1791330797.719873,563.2313895538101,156.21848567421074,-245.87032153538308,100.21761124592173,5.418034850512274,0.9765777121932484,1.0,-1.0,1.0,-1.0,0,idle,569.3353495149164,139.70785746042972,564.0990519599493,153.10821414269378,0.12,0.12
1791330797.73706,568.5646426899152,157.61480488907583,-242.39685675511365,104.67151528818304,5.333253136105129,1.396319214865086,0.0,-1.0,0.0,-1.0,0,idle,552.8255818517041,157.0741404689949,568.6019689338369,154.63301371313068,0.12,0.12
1791330797.752831,573.804825343619,159.3809885561809,-239.89997751218257,108.62619368368983,5.240182653703804,1.766183667105078,0.0,-1.0,0.0,-1.0,0,idle,585.6122993591366,144.24763955217753,574.4306589761205,155.79161948883285,0.12,0.12
1791330797.769878,578.9526335618968,161.46355119575554,-238.1002949564952,112.02595496723478,5.147808218277849,2.082562639574631,0.0,-1.0,0.0,-1.0,0,idle,585.5925944396363,161.71129912523853,579.8791735566602,158.06603797824903,0.12,0.12
1791330797.787787,584.0142642733613,163.81119792018046,-236.80133978178733,114.8824516003458,5.0616307114644705,2.34764672442492,0.0,-1.0,0.0,-1.0,0,idle,587.9389202138838,153.58197172282317,585.0907100654126,160.0720990536814,0.12,0.12
1791330797.80335,588.9988146623241,166.37760691538307,-235.8631255346592,117.24270305094318,4.984550388962815,2.5664089952026132,0.0,-1.0,0.0,-1.0,0,idle,587.0224279123972,165.4863695250211,589.9226188272766,162.78090112269086,0.12,0.12
1791330797.8205361,593.9165025988596,169.1224824665197,-235.18522016744146,119.16867489609058,4.917687936535458,2.7448755511366416,0.0,-1.0,0.0,-1.0,0,idle,584.830708900922,175.87437841460695,594.3398268706675,166.04320676086647,0.12,0.12
1791330797.838273,598.7826341081068,172.00440533253467,-235.04847163607815,120.63575887766264,4.866131509247263,2.8819228660149783,-1.0,-1.0,-1.0,-1.0,0,idle,594.8237298093858,151.3771601097624,598.9868469513883,168.0477311510255,0.12,0.12
1791330797.854124,603.6106418761472,174.98948603032767,-235.04871948332823,121.72784500126531,4.8280077680403295,2.9850806977930073,-1.0,-1.0,-1.0,-1.0,0,idle,601.8250193170578,156.1939184909479,603.7153629493101,170.29086718092495,0.12,0.12
1791330797.8713658,608.4122814592597,178.04987398959966,-235.16678007364143,122.51193367055465,4.801639583112538,3.0603879592719836,-1.0,-1.0,-1.0,-1.0,0,idle,607.0780647037751,201.53631003887958,608.4450556409903,174.76050788513106,0.12,0.12
1791330797.8879008,613.2001953683601,181.15909786760577,-235.5542268842836,122.99929489821415,4.7879139091004514,3.109223878006109,-1.0,-1.0,-1.0,-1.0,0,idle,615.5360474676719,147.83107595973678,613.3481234459698,176.36779897296714,0.12,0.12
1791330797.905049,617.9887321995664,184.28991636049926,-236.29338647357662,123.17727199555755,4.788536831206187,3.130818492893493,-1.0,-1.0,-1.0,-1.0,0,idle,619.74861726707,173.4715597384998,618.2172581266707,179.19726457949258,0.12,0.12
1791330797.922685,622.7937361926429,187.41353848302813,-237.4208530804264,123.02696502896593,4.805003993076581,3.123622122528862,-1.0,-1.0,-1.0,-1.0,0,idle,634.6099798468163,171.29730557462622,623.6016480061006,181.7697076456517,0.12,0.12
1791330797.9394188,627.6317823064323,190.499543461318,-238.94374887919088,122.53224909704076,4.838046113789491,3.086004978289873,-1.0,-1.0,-1.0,-1.0,0,idle,637.6404562868228,181.79232994790615,628.8997322282368,184.7025434901398,0.12,0.12
1791330797.956473,632.5191715597224,193.51613281689367,-240.85081525409984,121.68367168546143,4.887389253290063,3.0165893555756633,-1.0,-1.0,-1.0,-1.0,0,idle,657.6114171603206,208.078385304164,634.9783362654665,188.73709546863788,0.12,0.12
1791330797.972966,637.4708887058432,196.43052714675568,-243.11990064047828,120.47946507587137,4.951717146120867,2.9143943298619996,-1.0,-1.0,-1.0,-1.0,0,idle,641.5756228082479,187.95950730307604,640.0123318814203,191.4668906737287,0.12,0.12
1791330797.9895942,642.4996449626958,199.20941936947455,-245.7229696244057,118.925053000543,5.028756256852597,2.7788922227188655,-1.0,-1.0,-1.0,-1.0,0,idle,646.6382811785647,199.29272569233822,645.1209477902876,194.4981300362421,0.12,0.12
1791330798.0071402,647.5943946529198,201.83941641481937,-247.58329382126408,117.30355775334407,5.094749690224022,2.6299970453448154,-1.0,-1.0,0.0,0.5,1,braking,658.2432163387957,205.1217487146329,650.6170734234258,197.5278081632392,0.12,0.12
1791330798.023672,652.7335406128948,204.3203153614335,-248.90775688199727,115.76871216743658,5.139145959974961,2.4808989466141216,-1.0,-1.0,0.0,0.5,1,braking,649.8894222242598,197.06711713474485,655.4628795254437,199.8616276110979,0.12,0.12
1791330798.041335,657.8925225782673,206.65974938381441,-249.8482814662132,114.39277850618842,5.158981965372561,2.3394340223809205,-1.0,-1.0,0.0,0.5,1,braking,662.0296124239635,203.89544197377236,660.6922490374735,202.2857806504935,0.12,0.12
1791330798.0579321,663.0478825797513,208.86938427129033,-250.51507771039306,113.20042033331214,5.155360001484034,2.209634887475925,-1.0,-1.0,0.0,0.5,1,braking,670.3830656322411,194.2306603726791,666.0743818686217,203.9821777797049,0.12,0.12
1791330798.0755022,668.1791987774856,210.96242635860744,-250.98737885570634,112.19033884099181,5.1313161977342725,2.0930420873171265,-1.0,-1.0,0.0,0.5,1,braking,677.6141201392132,231.82371623509522,671.5261191699988,207.36264468542566,0.12,0.12
1791330798.0921721,673.2697781370834,212.95210665882283,-251.32178398638547,111.34831042340114,5.090579359597899,1.9896803002153753,-1.0,-1.0,0.0,0.5,1,braking,670.935571613825,218.46281778823206,676.332642183808,209.8078496257706,0.12,0.12
1791330798.108759,678.3066274888841,214.85082574968487,-251.55853976647177,110.6547187347401,5.036849351800751,1.8987190908620377,-1.0,-1.0,0.0,0.5,1,braking,658.5112357771686,209.17998859070522,680.2265787476867,211.58023971033626,0.12,0.12
1791330798.12609,683.2793794309906,216.66950795914119,-251.72608772441222,110.08895824878319,4.97275194210642,1.8186822094563182,-1.0,-1.0,0.0,0.5,1,braking,685.2649072230862,231.9194695622518,685.2026095164579,214.32494930191552,0.12,0.12
1791330798.142686,688.1793273406503,218.41731406222908,-251.84455346851067,109.63126225399472,4.89994790965968,1.7478061030879037,-1.0,-1.0,0.0,0.5,1,braking,697.7835013222478,223.44138965714237,690.486604620924,216.44118711761035,0.12,0.12
1791330798.160251,692.998885002288,220.10165667653249,-251.92821840198576,109.26353771931132,4.819557661637814,1.6843426143034146,-1.0,-1.0,0.0,0.5,1,steering,679.8126562942789,226.66619951421166,694.5314869831476,218.55256322102866,0.12,0.12
1791330798.176401,697.7331231571077,221.7303022134422,-251.92512305955185,108.983948737002,4.7342381548196615,1.6286455369097164,-1.0,-1.0,1.0,0.0,1,steering,681.363883079127,219.97162810668132,698.3706330350252,220.17072972537554,0.12,0.12
1791330798.1929579,702.3787182618942,223.31160922411496,-251.80790409244446,108.79798218670723,4.645595104786459,1.581307010672769,-1.0,-1.0,1.0,0.0,1,steering,699.605388400735,213.68076054749105,702.8456861528579,221.34847292662045,0.12,0.12
1791330798.21057,706.9327393566997,224.85615061917872,-251.47097270326248,108.7348763577934,4.554021094805484,1.544541395063755,-1.0,-1.0,1.0,0.0,1,steering,713.908217979159,210.62485090279222,707.7251327842382,222.2796061507396,0.12,0.12
1791330798.227214,711.3921215579774,226.37672331464051,-250.86591952819066,108.82849419969226,4.459382201277664,1.5205726954617818,-1.0,-1.0,1.0,0.0,1,steering,700.3383295955664,225.6149774794456,711.5922057160184,223.8909187778636,0.12,0.12
1791330798.243925,715.7534679623619,227.88764239601554,-249.98004619357255,109.10782955092799,4.3613464043846,1.510919081375008,-1.0,-1.0,1.0,0.0,1,steering,707.7724452421552,234.9463582025204,715.5444967764905,225.8790638764027,0.12,0.12
1791330798.260902,720.0130022297827,229.40381596147245,-248.822126525324,109.5930954881572,4.259534267420776,1.5161735654569155,-1.0,-1.0,1.0,0.0,1,steering,712.0833806507075,243.1257309702833,719.4179985242512,228.1817621182808,0.12,0.12
1791330798.277631,724.1665926298696,230.9398571108228,-247.41309387717408,110.2949206388529,4.153590400086823,1.536041149350358,-1.0,-1.0,1.0,0.0,1,steering,743.4047394726599,217.05497749311624,724.5632464517541,229.08466197890542,0.12,0.12
1791330798.295579,728.209815147474,232.50934984542434,-245.78003353743034,111.21515009491065,4.043222517604427,1.5694927346015382,-1.0,-1.0,1.0,0.0,1,steering,721.4070526361152,223.0309501833813,728.2464981526964,230.27299448700066,0.12,0.12
1791330798.312481,732.1380421124128,234.1243073496114,-243.95237124774857,112.34835479053687,3.9282269649387205,1.614957504187057,-1.0,-1.0,1.0,0.0,1,steering,720.0032114137585,247.48391030664175,731.5661494324413,232.6677499069604,0.12,0.12
1791330798.329401,735.9465486276144,235.79481972097582,-241.95951390811476,113.68353585601987,3.8085065152016626,1.6705123713644232,-1.0,-1.0,1.0,0.0,1,steering,731.5201113224992,233.68337444048257,735.1819287163858,234.3055178864327,0.12,0.12
1791330798.347136,739.6306299167625,237.52886838303365,-239.82944770728926,115.2057498480976,3.6840812891480317,1.7340486620578355,-1.0,-1.0,1.0,0.0,1,steering,733.5017474036772,249.8751354786756,738.597796875441,236.7313449949998,0.12,0.12
1791330798.36308,743.1857224430205,239.33227679645898,-237.58796476014902,116.89752661134852,3.5550925262580395,1.803408413425317,-1.0,-1.0,1.0,0.0,1,steering,752.3346353408095,237.2908802664086,742.6619766986545,238.4725597513243,0.12,0.12
1791330798.379406,746.607521754259,241.20876610581334,-235.25829868302236,118.74003626588815,3.4217993112384755,1.8764893093543482,-1.0,-1.0,1.0,0.0,1,steering,738.2703373484646,268.0049359859524,745.6931040768216,241.73184340694235,0.12,0.12
1791330798.395536,749.8920908162104,243.16008675969726,-232.8610217802414,120.71400757653593,3.284569061951431,1.95132065388393,-1.0,-1.0,1.0,0.0,1,steering,753.5130065841552,243.92764324427813,749.2044398110421,243.69538801999886,0.12,0.12
1791330798.411655,753.0359539489505,245.1862010577442,-230.41410466667477,122.80042192673665,3.1438631327401194,2.026114298046922,-1.0,-1.0,1.0,0.0,1,steering,736.4188237356449,235.06697030508033,751.5518289833753,245.18877571739753,0.12,0.12
1791330798.429686,756.0361730960636,247.28549596227455,-227.9330716210577,124.98101542066973,3.0002191471131967,2.0992949045303395,-1.0,-1.0,1.0,0.0,1,steering,748.745114090849,251.38526967409362,754.2617014285065,247.49293057453616,0.12,0.12
1791330798.446399,758.8904047662813,249.45500979810691,-225.43120710232463,127.23862268381943,2.854231670217682,2.16951383583236,-1.0,-1.0,1.0,0.0,1,steering,758.1571463537675,272.67038118726146,757.1679937614764,250.81284124921316,0.12,0.12
1791330798.4629672,760,251.69066036076933,-222.91978407327056,129.5573935393939,0.0,0.0,-1.0,-1.0,1.0,0.0,1,steering,751.0509614163487,246.8737501145808,756.86214214422,250.61588669248155,0.12,0.12
1791330798.480492,760,251.69108637791666,-222.91895809616682,137.08104190383318,0.0,0.0,-1.0,-1.0,-1.0,-1.0,0,idle,769.364095568324,236.50171730101331,757.4872398154253,249.91017822290814,0.12,0.12
1791330798.496351,760,251.69265091693075,-222.91780184194263,137.0821981580574,0.0,0.0,-1.0,-1.0,-1.0,-1.0,0,idle,757.0558725789721,240.1736847773132,757.4656714536026,249.4233535506284,0.12,0.12
1791330798.513052,760,251.69574575662662,-222.91728471290915,137.08271528709085,0.0,0.0,-1.0,-1.0,-1.0,-1.0,0,idle,766.8627438383165,244.52324484343723,757.9355250728382,249.17834811526885,0.12,0.12
1791330798.530509,760,251.70054777804518,-222.91728153841157,137.08271846158843,0.0,0.0,-1.0,-1.0,-1.0,-1.0,0,idle,760.9188993167285,264.6820428845479,758.0846937850328,249.9535328537328,0.12,0.12
1791330798.547059,760,251.70709449202832,-222.91787029900502,137.082129700995,0.0,0.0,-1.0,-1.0,-1.0,-1.0,0,idle,761.3355642484121,252.7156337345946,758.2472373082018,250.0916378977759,0.12,0.12
1791330798.563607,760,251.7153360277372,-222.9206112034528,137.0793887965472,0.0,0.0,-1.0,-1.0,-1.0,-1.0,0,idle,738.8250488240628,253.66215946172738,757.2761278839948,250.27016397597347,0.12,0.12
1791330798.5810401,760,251.7251706531503,-222.9270978191451,137.0729021808549,0.0,0.0,-1.0,-1.0,-1.0,-1.0,0,idle,765.9703334410525,249.9327754484469,757.7108381618477,250.25329454959714,0.12,0.12
1791330798.598099,760,251.73646874962927,-222.938682165587,137.061317834413,0.0,0.0,-1.0,-1.0,-1.0,-1.0,0,idle,751.9863119389905,253.48885296573144,757.4246118507049,250.41507247040386,0.12,0.12
1791330798.614107,760,251.74909044167086,-222.9480287401201,137.05197125987993,0.0,0.0,0.0,-1.0,0.0,-1.0,0,idle,756.3383867844466,233.74979351384843,757.370300597392,249.5818085225761,0.12,0.12
1791330798.630026,760,251.76289477489536,-222.9554131808422,137.04458681915781,0.0,0.0,0.0,-1.0,0.0,-1.0,0,idle,759.5047065866202,233.7407537359033,757.4770208968533,248.78975578324247,0.12,0.12
1791330798.647648,760,251.7777459984648,-222.96115274284733,137.03884725715267,0.0,0.0,0.0,-1.0,0.0,-1.0,0,idle,759.0516571070854,261.65710397088293,757.555752707365,249.4331231926245,0.12,0.12
1791330798.664472,760,251.79351720122068,-222.9655564340332,137.03444356596682,0.0,0.0,0.0,-1.0,0.0,-1.0,0,idle,744.2928214837934,255.78153919657868,756.8926061461864,249.7505439928222,0.12,0.12
1791330798.681322,760,251.81009217559955,-222.9689003004986,137.03109969950142,0.0,0.0,0.0,-1.0,0.0,-1.0,0,idle,755.7595634159535,280.27702839426706,756.8359540096748,251.27686821289444,0.12,0.12
1791330798.698636,760,251.8273661175237,-222.97141817477907,137.02858182522095,0.0,0.0,0.0,-1.0,0.0,-1.0,0,idle,754.1552167133381,251.3644380760633,756.7019171448579,251.28124670605288,0.12,0.12
1791330798.715125,760,251.84524558294268,-222.97330114526153,137.0266988547385,0.0,0.0,0.0,-1.0,0.0,-1.0,0,idle,764.5279068566473,243.63351788470362,757.0932166304474,250.89886026498542,0.12,0.12
1791330798.731633,760,251.86364798969868,-222.97470140585727,137.02529859414273,0.0,0.0,0.0,-1.0,0.0,-1.0,0,idle,771.9865151169316,248.00766021289147,757.8378815547716,250.75430026238072,0.12,0.12
1791330798.748648,760,251.88250086068092,-222.97573787317805,137.02426212682198,0.0,0.0,0.0,-1.0,0.0,-1.0,0,idle,758.1769958092733,245.53932219471912,757.8548372674967,250.49355135899765,0.12,0.12
1791330798.764905,760,251.90174093932796,-222.97650210925244,137.0234978907476,0.0,0.0,0.0,-1.0,0.0,-1.0,0,idle,752.2701263754857,272.344157836694,757.5756017228962,251.58608168288248,0.12,0.12
1791330798.782187,760,251.92131326330232,-222.97706380941878,137.02293619058125,0.0,0.0,0.0,-1.0,0.0,-1.0,0,idle,758.4397518455687,243.09586265880134,757.6188092290298,251.1615707316784,0.12,0.12
1791330798.798246,760,251.94117025083463,-222.9774755428153,137.02252445718472,0.0,0.0,0.0,-1.0,0.0,-1.0,0,idle,762.9063361911253,263.8666174829498,757.8831855771346,251.79682306924198,0.12,0.12
1791330798.814927,760,251.96127083272978,-222.9777766708876,137.02222332911242,0.0,0.0,0.0,-1.0,0.0,-1.0,0,idle,746.3455153133077,238.462004778919,757.3063020639432,251.13008215472584,0.12,0.12
1791330798.831409,760,251.98157964843892,-222.9779964905651,137.0220035094349,0.0,0.0,0.0,-1.0,0.0,-1.0,0,idle,788.6249291941905,223.36733641391493,758.8722334204556,249.7419448676853,0.12,0.12
1791330798.848129,760,252.0020663148659,-222.97815670152428,137.02184329847572,0.0,0.0,0.0,-1.0,0.0,-1.0,0,idle,758.996639294046,258.46566540416035,758.878453714135,250.17813089450905,0.12,0.12
1791330798.8647301,760,252.02270477022836,-222.97827331178766,137.0217266882123,0.0,0.0,0.0,-1.0,0.0,-1.0,0,idle,769.8016612125142,241.22967760409017,759.424614089054,249.7307082299881,0.12,0.12
1791330798.882258,760,252.0434726912905,-222.97835809132718,137.02164190867285,0.0,0.0,0.0,-1.0,0.0,-1.0,0,idle,790.5026486220555,247.03785675521613,760.9785158157041,249.5960656562495,0.12,0.12
1791330798.898836,760,252.06435097989214,-222.9784196701253,137.02158032987467,0.0,0.0,0.0,-1.0,0.0,-1.0,0,idle,767.800449100808,255.48190955357816,761.3196124799593,249.89035785111594,0.12,0.12
1791330798.9167202,760,252.07943553552104,-222.97845181464265,137.02154818535737,0.0,0.0,0.0,0.0,0.0,0.0,0,idle,768.8007508335687,251.5372996106275,761.6936693976398,249.97270493909153,0.12,0.12
1791330798.932792,760,252.0903341239888,-222.97846859428157,137.02153140571843,0.0,0.0,0.0,0.0,0.0,0.0,0,idle,760.0442641512494,241.76630115475783,761.6111991353204,249.56238474987484,0.12,0.12
1791330798.950081,760,252.09820835303506,-222.97847735335793,137.0215226466421,0.0,0.0,0.0,0.0,0.0,0.0,0,idle,758.7308506873284,250.46341779311336,761.4671817129208,249.60743640203677,0.12,0.12
1791330798.9677372,760,252.10389748309794,-222.97848192565053,137.02151807434947,0.0,0.0,0.0,0.0,0.0,0.0,0,idle,760.0444794675445,282.95831349026156,761.396046600652,251.274980256448,0.12,0.12
1791330798.9843671,760,252.10800787940883,-222.97848431241584,137.02151568758416,0.0,0.0,0.0,0.0,0.0,0.0,0,idle,757.8306602512968,260.0095814893496,761.2177772831842,251.71171031809308,0.12,0.12
1791330799.00167,760,252.11097764068327,-222.97848555832226,137.02151444167777,0.0,0.0,0.0,0.0,0.0,0.0,0,idle,766.7018691523814,272.65814533458314,761.4919818766441,252.75903206891758,0.12,0.12
1791330799.0188422,760,252.11312329318136,-222.9784862086932,137.02151379130683,0.0,0.0,0.0,0.0,0.0,0.0,0,idle,755.91470032107,265.3414537651282,761.2131177988654,253.3881531537281,0.12,0.12
1791330799.035519,760,252.11467352710267,-222.9784865481909,137.02151345180914,0.0,0.0,0.0,0.0,0.0,0.0,0,idle,748.0379526135061,253.7434851529852,760.5543595395974,253.40591975369097,0.12,0.12
1791330799.051894,760,252.1157935711076,-222.97848672541082,137.02151327458918,0.0,0.0,0.0,0.0,0.0,0.0,0,idle,753.5851207090119,267.7808860722433,760.2058975980681,254.1246680696186,0.12,0.12
1791330799.069301,760,252.11660280289993,-222.97848681792073,137.02151318207927,0.0,0.0,0.0,0.0,0.0,0.0,0,idle,744.4751982742692,250.53647356922744,759.4193626318781,253.94525834459904,0.12,0.12
1791330799.086549,760,252.11718747286943,-222.97848686621148,137.02151313378852,0.0,0.0,0.0,0.0,0.0,0.0,0,idle,765.0975773699948,234.741473142417,759.7032733687839,252.98506908448994,0.12,0.12
1791330799.103692,760,252.11760989692223,-222.97848689141955,137.02151310858045,0.0,0.0,0.0,0.0,0.0,0.0,0,idle,767.7481774671089,254.1386139649451,760.1055185737001,253.0427463285127,0.12,0.12
1791330799.119861,760,252.1179150983003,-222.97848690457832,137.0215130954217,0.0,0.0,0.0,0.0,0.0,0.0,0,idle,742.3082205549913,242.40392276760332,759.2156536727647,252.51080515046723,0.12,0.12
1791330799.1367989,760,252.11813560629594,-222.97848691144728,137.02151308855275,0.0,0.0,0.0,0.0,0.0,0.0,0,idle,744.293215416855,253.53331044236478,758.4695317599692,252.5619304150621,0.12,0.12
1791330799.152771,760,252.11829492332276,-222.97848691503293,137.0215130849671,0.0,0.0,0.0,0.0,0.0,0.0,0,idle,771.4152320050889,236.88144373929237,759.1168167722252,251.7779060812736,0.12,0.12
1791330799.168787,760,252.11841002987464,-222.97848691690467,137.02151308309536,0.0,0.0,0.0,0.0,0.0,0.0,0,idle,746.5813360933491,279.92698436065353,758.4900427382814,253.1853599952426,0.12,0.12
1791330799.185041,760,252.11849319435836,-222.97848691788172,137.02151308211828,0.0,0.0,0.0,0.0,0.0,0.0,0,idle,749.3787038447264,257.6748354477527,758.0344757936036,253.40983376786812,0.12,0.12
1791330799.202143,760,252.11855328069785,-222.97848691839175,137.02151308160828,0.0,0.0,0.0,0.0,0.0,0.0,0,idle,754.7966658131071,261.20013997411405,757.8725852945788,253.79934907818043,0.12,0.12
1791330799.2194188,760,252.11859669307813,-222.97848691865798,137.02151308134205,0.0,0.0,0.0,0.0,0.0,0.0,0,idle,756.5285152914443,253.58848218037403,757.805381794422,253.7888057332901,0.12,0.12
1791330799.2364402,760,252.1186280585229,-222.97848691879696,137.02151308120304,0.0,0.0,0.0,0.0,0.0,0.0,0,idle,776.0745169466403,258.7742834468846,758.7188385520329,254.03807961896982,0.12,0.12
1791330799.253398,760,252.11865072005673,-222.97848691886952,137.02151308113048,0.0,0.0,0.0,0.0,0.0,0.0,0,idle,745.7854810023148,257.43713581175183,758.072170674547,254.20803242860893,0.12,0.12
1791330799.2700438,760,252.11866709301492,-222.97848691890738,137.02151308109265,0.0,0.0,0.0,0.0,0.0,0.0,0,idle,766.7530266826678,247.867498227638,758.506213474953,253.8910057185604,0.12,0.12
1791330799.287541,760,252.11867892247722,-222.97848691892716,137.02151308107284,0.0,0.0,0.0,0.0,0.0,0.0,0,idle,778.4113185904458,235.83728240297128,759.5014687307277,252.98831955278095,0.12,0.12
1791330799.3039732,760,252.11868746926373,-222.97848691893748,137.02151308106252,0.0,0.0,0.0,0.0,0.0,0.0,0,idle,765.361027805205,264.5058952357734,759.7944466844515,253.56419833693056,0.12,0.12
1791330799.321483,760,252.11869364431698,-222.97848691894288,137.02151308105712,0.0,0.0,0.0,0.0,0.0,0.0,0,idle,765.6414428340472,256.5769196498711,760.0867964919313,253.7148344025776,0.12,0.12
1791330799.337897,760,252.11869810579296,-222.9784869189457,137.02151308105434,0.0,0.0,0.0,0.0,0.0,0.0,0,idle,754.1931842659598,254.59225856839726,759.7921158806328,253.7587056108686,0.12,0.12
1791330799.355284,760,252.11870132920936,-222.97848691894717,137.02151308105286,0.0,0.0,0.0,0.0,0.0,0.0,0,idle,746.1500693094026,233.42304006163263,759.1100135520712,252.7419223334068,0.12,0.12
1791330799.3720992,760,252.1187036581277,-222.97848691894794,137.0215130810521,0.0,0.0,0.0,0.0,0.0,0.0,0,idle,744.4336785880539,257.40729491365613,758.3761968038704,252.97519096241925,0.12,0.12
1791330799.388835,760,252.1187053407712,-222.97848691894833,137.0215130810517,0.0,0.0,0.0,0.0,0.0,0.0,0,idle,763.9659209841735,245.8651178244558,758.6556830128856,252.61968730552107,0.12,0.12
1791330799.406524,760,252.11870655648116,-222.97848691894853,137.02151308105147,0.0,0.0,0.0,0.0,0.0,0.0,0,idle,769.6847947590283,258.1006005889586,759.2071386001927,252.89373296969293,0.12,0.12
1791330799.423001,760,252.11870743483158,-222.97848691894865,137.02151308105138,0.0,0.0,0.0,0.0,0.0,0.0,0,idle,752.076427381964,246.4947832661788,758.8506030392813,252.57378548451723,0.12,0.12
1791330799.439926,760,252.11870806943975,-222.9784869189487,137.0215130810513,0.0,0.0,0.0,0.0,0.0,0.0,0,idle,756.7553332435722,262.9976731682898,758.7458395494958,253.09497986870585,0.12,0.12
1791330799.456875,760,252.11870852794416,-222.97848691894873,137.0215130810513,0.0,0.0,0.0,0.0,0.0,0.0,0,idle,758.807622843788,252.560065345339,758.7489287142105,253.0682341425375,0.12,0.12
1791330799.474144,760,252.1187088592136,-222.97848691894876,137.0215130810512,0.0,0.0,0.0,0.0,0.0,0.0,0,idle,756.905072930283,259.9066974234681,758.6567359250141,253.41015730658404,0.12,0.12
1791330799.4912472,760,252.11870909855577,-222.97848691894876,137.0215130810512,0.0,0.0,0.0,0.0,0.0,0.0,0,idle,753.6830509640823,244.41545627497212,758.4080516769675,252.96042225500344,0.12,0.12
1791330799.508447,760,252.1187092714805,-222.97848691894876,137.02151308105124,0.0,0.0,0.0,0.0,0.0,0.0,0,idle,752.1884536932948,278.545075555809,758.0970717777839,254.2396549200437,0.12,0.12
1791330799.525249,760,252.1187093964186,-222.97848691894876,137.02151308105124,0.0,0.0,0.0,0.0,0.0,0.0,0,idle,755.9521199967494,257.0375428540486,757.9898241887322,254.37954931674395,0.12,0.12
1791330799.5421681,760,252.11870948668638,-222.97848691894876,137.02151308105124,0.0,0.0,0.0,0.0,0.0,0.0,0,idle,750.898599764703,249.0071877460124,757.6352629675307,254.11093123820737,0.12,0.12
1791330799.559126,760,252.11870955190486,-222.97848691894876,137.02151308105124,0.0,0.0,0.0,0.0,0.0,0.0,0,idle,746.9181279955379,267.88829444357816,757.0994062189311,254.7997993984759,0.12,0.12
1791330799.576129,760,252.1187095990252,-222.97848691894876,137.02151308105124,0.0,0.0,0.0,0.0,0.0,0.0,0,idle,752.1041192098545,249.30569967006625,756.8496418684773,254.5250944120554,0.12,0.12
1791330799.592708,760,252.11870963306967,-222.97848691894876,137.02151308105124,0.0,0.0,0.0,0.0,0.0,0.0,0,idle,777.5980510252047,272.54395206428427,757.8870623263136,255.42603729466686,0.12,0.12
1791330799.6088068,760,252.11870965766678,-222.97848691894876,137.02151308105124,0.0,0.0,0.0,0.0,0.0,0.0,0,idle,771.120044566056,241.91645428618475,758.5487114383008,254.75055814424275,0.12,0.12
1791330799.626543,760,252.1187096754382,-222.97848691894876,137.02151308105124,0.0,0.0,0.0,0.0,0.0,0.0,0,idle,769.9863402087498,256.85294881059207,759.1205928768233,254.8556776775602,0.12,0.12
1791330799.643477,760,252.11870968827805,-222.97848691894876,137.02151308105124,0.0,0.0,0.0,0.0,0.0,0.0,0,idle,767.6003293307758,235.16104428440224,759.5445796995209,253.87094600790232,0.12,0.12
1791330799.660207,760,252.11870969755483,-222.97848691894876,137.02151308105124,0.0,0.0,0.0,0.0,0.0,0.0,0,idle,743.8982768938347,253.45275948327662,758.7622645592367,253.85003668167104,0.12,0.12
1791330799.677676,760,252.11870970425733,-222.97848691894876,137.02151308105124,0.0,0.0,0.0,0.0,0.0,0.0,0,idle,781.220341595861,244.20590482105388,759.8851684110679,253.36783008864018,0.12,0.12
1791330799.693762,760,252.11870970909987,-222.97848691894876,137.0215130810512,0.0,0.0,0.0,0.0,0.0,0.0,0,idle,766.7892439776947,247.5297486194139,760.2303721893992,253.07592601517885,0.12,0.12
1791330799.71135,760,252.11870971259862,-222.97848691894876,137.02151308105124,0.0,0.0,0.0,0.0,0.0,0.0,0,idle,758.919621111199,227.3780836402677,760.1648346354892,251.7910338964333,0.12,0.12
1791330799.727815,760,252.11870971512644,-222.97848691894876,137.02151308105124,0.0,0.0,0.0,0.0,0.0,0.0,0,idle,754.5085365176536,239.7060947528285,759.8820197295975,251.18678693925307,0.12,0.12
1791330799.745352,760,252.1187097169528,-222.97848691894876,137.02151308105124,0.0,0.0,0.0,0.0,0.0,0.0,0,idle,733.6175550182381,250.23014032234346,758.5687964940295,251.13895460840757,0.12,0.12
1791330799.761867,760,252.11870971827233,-222.97848691894876,137.0215130810512,0.0,0.0,0.0,0.0,0.0,0.0,0,idle,776.7008636958456,264.5597537559267,759.4753998541203,251.80999456578354,0.12,0.12
1791330799.7794719,760,252.1187097192257,-222.97848691894876,137.02151308105124,0.0,0.0,0.0,0.0,0.0,0.0,0,idle,765.6483472387172,266.6186684773456,759.7840472233502,252.55042826136165,0.12,0.12
1791330799.796211,760,252.1187097199145,-222.97848691894876,137.02151308105124,0.0,0.0,0.0,0.0,0.0,0.0,0,idle,752.992211369803,255.60509135189852,759.4444554306729,252.7031614158885,0.12,0.12
1791330799.8137999,760,252.11870972041217,-222.97848691894876,137.02151308105124,0.0,0.0,0.0,0.0,0.0,0.0,0,idle,752.9185322281454,249.19215022424805,759.1181592705465,252.52761085630647,0.12,0.12
1791330799.83132,760,252.11870972077173,-222.97848691894876,137.02151308105124,0.0,0.0,0.0,0.0,0.0,0.0,0,idle,761.8573595334957,257.05610192075767,759.255119283694,252.75403540952902,0.12,0.12
1791330799.847911,760,252.1187097210315,-222.97848691894876,137.0215130810512,0.0,0.0,0.0,0.0,0.0,0.0,0,idle,768.291668633117,253.80584192719968,759.7069467511651,252.80662573541255,0.12,0.12
1791330799.865,760,252.1187097212192,-222.97848691894876,137.02151308105124,0.0,0.0,0.0,0.0,0.0,0.0,0,idle,766.3310309103413,258.5263071499364,760.0381509591239,253.09260980613874,0.12,0.12
1791330799.882088,760,252.1187097213548,-222.97848691894876,137.02151308105124,0.0,0.0,0.0,0.0,0.0,0.0,0,idle,780.102298307192,240.0452525924275,761.0413583265273,252.44024194545318,0.12,0.12
1791330799.8992372,760,252.11870972145277,-222.97848691894876,137.02151308105124,0.0,0.0,0.0,0.0,0.0,0.0,0,idle,751.0890799286035,253.72171140903208,760.5437444066312,252.50431541863213,0.12,0.12
1791330799.9163451,760,252.11870972152357,-222.97848691894876,137.0215130810512,0.0,0.0,0.0,0.0,0.0,0.0,0,idle,753.3855938501179,273.2917990603203,760.1858368788055,253.54368960071653,0.12,0.12
1791330799.933598,760,252.11870972157473,-222.97848691894876,137.02151308105124,0.0,0.0,0.0,0.0,0.0,0.0,0,idle,759.8996698902524,249.03273300392772,760.1715285293778,253.3181417708771,0.12,0.12
1791330799.950707,760,252.11870972161168,-222.97848691894876,137.0215130810512,0.0,0.0,0.0,0.0,0.0,0.0,0,idle,737.772422965606,263.3185105994266,759.0515732511892,253.81816021230458,0.12,0.12
1791330799.967752,760,252.11870972163837,-222.97848691894876,137.02151308105124,0.0,0.0,0.0,0.0,0.0,0.0,0,idle,750.819868022689,240.69502487230207,758.6399879897642,253.16200344530446,0.12,0.12
1791330799.984828,760,252.11870972165767,-222.97848691894876,137.0215130810512,0.0,0.0,0.0,0.0,0.0,0.0,0,idle,755.0150347591631,252.75557555694013,758.4587403282342,253.14168205088626,0.12,0.12
1791330800.002042,760,252.1187097216716,-222.97848691894876,137.02151308105124,0.0,0.0,0.0,0.0,0.0,0.0,0,idle,775.0690189566467,262.8002231369652,759.2892542596549,253.62460910519022,0.12,0.12
1791330800.019212,760,252.11870972168165,-222.97848691894876,137.02151308105124,0.0,0.0,0.0,0.0,0.0,0.0,0,idle,765.9470491562605,261.0653683346231,759.6221440044851,253.99664706666186,0.12,0.12
1791330800.03633,760,252.11870972168893,-222.97848691894876,137.0215130810512,0.0,0.0,0.0,0.0,0.0,0.0,0,idle,746.953480135416,237.63639767007675,758.9887108110316,253.1786345968326,0.12,0.12
1791330800.053459,760,252.1187097216942,-222.97848691894876,137.02151308105124,0.0,0.0,0.0,0.0,0.0,0.0,0,idle,740.1953521797138,262.0283720906004,758.0490428794658,253.621121471521,0.12,0.12
1791330800.070583,760,252.118709721698,-222.97848691894876,137.02151308105124,0.0,0.0,0.0,0.0,0.0,0.0,0,idle,759.1555760351984,254.34880390288365,758.1043695372524,253.65750559308913,0.12,0.12
1791330800.087473,760,252.11870972170075,-222.97848691894876,137.02151308105124,0.0,0.0,0.0,0.0,0.0,0.0,0,idle,751.2711971587006,260.3781769223672,757.7627109183248,253.99353915955302,0.12,0.12
1791330800.1044679,760,252.11870972170274,-222.97848691894876,137.02151308105124,0.0,0.0,0.0,0.0,0.0,0.0,0,idle,780.6048591822207,224.73916155908034,758.9048183315197,252.5308202795294,0.12,0.12
1791330800.121137,760,252.11870972170416,-222.97848691894876,137.0215130810512,0.0,0.0,0.0,0.0,0.0,0.0,0,idle,753.682698216592,245.31714553653583,758.6437123257733,252.1701365423797,0.12,0.12
1791330800.137689,760,252.1187097217052,-222.97848691894876,137.02151308105124,0.0,0.0,0.0,0.0,0.0,0.0,0,idle,777.5927497595447,281.2146242703743,759.5911641974619,253.62236092877944,0.12,0.12
1791330800.155156,760,252.11870972170593,-222.97848691894876,137.02151308105124,0.0,0.0,0.0,0.0,0.0,0.0,0,idle,747.5441667875538,291.4196972340746,758.9888143269665,255.5122277440442,0.12,0.12
1791330800.1716301,760,252.11870972170647,-222.97848691894876,137.02151308105124,0.0,0.0,0.0,0.0,0.0,0.0,0,idle,766.9543810270143,225.6310151522734,759.3870926619688,254.01816711445565,0.12,0.12
1791330800.1891358,760,252.11870972170686,-222.97848691894876,137.02151308105124,0.0,0.0,0.0,0.0,0.0,0.0,0,idle,739.6972169932492,266.4262943691064,758.4025988785329,254.63857347718817,0.12,0.12
1791330800.205776,760,252.11870972170715,-222.97848691894876,137.02151308105124,0.0,0.0,0.0,0.0,0.0,0.0,0,idle,774.039485886769,250.20885244366872,759.1844432289447,254.4170874255122,0.12,0.12
1791330800.2229419,760,252.11870972170735,-222.97848691894876,137.02151308105124,0.0,0.0,0.0,0.0,0.0,0.0,0,idle,773.4957362927981,253.01874367498178,759.9000078821374,254.34717023798567,0.12,0.12
1791330800.240298,760,252.1187097217075,-222.97848691894876,137.02151308105124,0.0,0.0,0.0,0.0,0.0,0.0,0,idle,756.1781909438092,236.25522124467304,759.713917035221,253.44257278832004,0.12,0.12
1791330800.2566452,760,252.1187097217076,-222.97848691894876,137.02151308105124,0.0,0.0,0.0,0.0,0.0,0.0,0,idle,752.1518450812422,258.0351856577077,759.3358134375221,253.67220343178943,0.12,0.12
1791330800.274231,760,252.1187097217077,-222.97848691894876,137.02151308105124,0.0,0.0,0.0,0.0,0.0,0.0,0,idle,764.2782027452591,245.208822823197,759.582932902909,253.2490344013598,0.12,0.12
1791330800.2907252,760.0,252.11870972170775,-222.97848691894876,137.02151308105124,5.172817631840487e-14,5.5513452609710264e-14,0.0,0.0,0.0,0.0,0,idle,777.9824713151745,256.0306675050344,760.5029098235223,253.3881160565436,0.12,0.12
1791330800.308,760,252.1187097217079,-222.97848691894876,137.02151308105124,0.0,0.0,0.0,0.0,0.0,0.0,0,idle,750.3163377241444,246.15596697840272,759.9935812185533,253.02650860263654,0.12,0.12
1791330800.325408,760.0,252.11870972170792,-222.97848691894876,137.0215130810512,2.7002431339309336e-14,2.897836922134757e-14,0.0,0.0,0.0,0.0,0,idle,764.3983864013995,239.85159253440509,760.2138214776957,252.367762799225,0.12,0.12
1791330800.341847,760,252.118709721708,-222.97848691894876,137.02151308105124,0.0,0.0,0.0,0.0,0.0,0.0,0,idle,763.6181310473746,275.31236708554076,760.3840369561796,253.5149930135408,0.12,0.12
1791330800.359274,760.0,252.11870972170803,-222.97848691894876,137.02151308105124,1.4095437924315341e-14,1.5126889848351064e-14,0.0,0.0,0.0,0.0,0,idle,756.3416979615504,262.8531195767439,760.1819200064481,253.98189934170097,0.12,0.12
1791330800.375741,760.0,252.11870972170806,-222.97848691894876,137.02151308105124,3.4569061509383374e-14,3.7098697353080985e-14,0.0,0.0,0.0,0.0,0,idle,747.593300570734,247.35825807336084,759.5524890346624,253.650717278284,0.12,0.12
1791330800.393002,760.0,252.11870972170811,-222.97848691894876,137.02151308105124,5.6802236229841096e-14,6.095881342619288e-14,0.0,0.0,0.0,0.0,0,idle,765.0575356489833,257.5291945828249,759.8277413653784,253.8446411435111,0.12,0.12
1791330800.409643,760,252.1187097217082,-222.97848691894876,137.0215130810512,0.0,0.0,0.0,0.0,0.0,0.0,0,idle,759.8970542843531,263.19815364852764,759.8312070113271,254.31231676876192,0.12,0.12
1791330800.427382,760.0,252.1187097217082,-222.97848691894876,137.02151308105124,3.840873280652202e-15,4.121934156985247e-15,0.0,0.0,0.0,0.0,0,idle,765.5119194469763,261.2143559723906,760.1152426331096,254.65741872894336,0.12,0.12
1791330800.443999,760.0,252.1187097217082,-222.97848691894876,137.02151308105124,9.419741720799525e-15,1.0109043520006318e-14,0.0,0.0,0.0,0.0,0,idle,765.0245838831518,262.3242612737773,760.3607096956117,255.04076085618505,0.12,0.12
1791330800.461625,760.0,252.11870972170823,-222.97848691894876,137.02151308105124,1.5478071173662264e-14,1.6610699076261555e-14,0.0,0.0,0.0,0.0,0,idle,750.9295437741775,239.7769312381372,759.88915139954,254.27756937528267,0.12,0.12
1791330800.478375,760.0,252.11870972170826,-222.97848691894876,137.02151308105124,2.1302136463023046e-14,2.2860947885472975e-14,0.0,0.0,0.0,0.0,0,idle,787.1888457634869,237.5558460110616,761.2541361177373,253.44148320707163,0.12,0.12
1791330800.495543,760.0,252.11870972170829,-222.97848691894876,137.02151308105124,2.6522915345241532e-14,2.846376402342936e-14,0.0,0.0,0.0,0.0,0,idle,751.3746434903887,258.9596382806153,760.7601614863698,253.71739096074884,0.12,0.12
1791330800.512738,760.0,252.1187097217083,-222.97848691894876,137.02151308105124,3.0983742886222515e-14,3.325101839659831e-14,0.0,0.0,0.0,0.0,0,idle,767.5167998264609,241.80676137553195,761.0979934033744,253.12185948148803,0.12,0.12
1791330800.528672,760.0,252.11870972170834,-222.97848691894876,137.02151308105124,3.4653864978789765e-14,3.7189706426183675e-14,0.0,0.0,0.0,0.0,0,idle,762.5655709551967,246.83054349194953,761.1713722809656,252.80729368201114,0.12,0.12
1791330800.544621,760.0,252.11870972170837,-222.97848691894876,137.02151308105124,3.7572860669695375e-14,4.0322303406939446e-14,0.0,0.0,0.0,0.0,0,idle,746.5546655546565,275.28421159565397,760.4405369446501,253.9311395776933,0.12,0.12
1791330800.5621,760.0,252.11870972170843,-222.97848691894876,137.02151308105124,3.981564721234602e-14,4.2729208759309925e-14,0.0,0.0,0.0,0.0,0,idle,774.5020942281816,251.07276373289827,761.1436148088267,253.7882207854536,0.12,0.12
1791330800.579555,760.0,252.11870972170848,-222.97848691894876,137.02151308105124,4.1471066147157593e-14,4.450576511848283e-14,0.0,0.0,0.0,0.0,0,idle,776.4600495527254,253.7395311579653,761.9094365460217,253.78578630407924,0.12,0.12
1791330800.596072,760.0,252.11870972170854,-222.97848691894876,137.02151308105124,4.2629314180821435e-14,4.574876945196849e-14,0.0,0.0,0.0,0.0,0,idle,765.0529336128144,254.45995065380367,762.0666113993612,253.8194945215655,0.12,0.12
1791330800.6135821,760.0,252.1187097217086,-222.97848691894876,137.02151308105124,4.337503881284398e-14,4.654906344967024e-14,0.0,0.0,0.0,0.0,0,idle,760.6968049597724,243.32232107562672,761.9981210773818,253.29463584926862,0.12,0.12
1791330800.631171,760.0,252.11870972170865,-222.97848691894876,137.02151308105124,4.3783982527254074e-14,4.6987932149974036e-14,0.0,0.0,0.0,0.0,0,idle,743.1444321233294,270.3704399861893,761.0554366296792,254.14842605611472,0.12,0.12
1791330800.6478238,760.0,252.1187097217087,-222.97848691894876,137.02151308105124,4.392178266180424e-14,4.713581598782433e-14,0.0,0.0,0.0,0.0,0,idle,757.7482608022333,261.99927141537404,760.8900778383069,254.54096832407774,0.12,0.12
1791330800.6641521,760.0,252.11870972170877,-222.97848691894876,137.02151308105124,4.384402263374074e-14,4.705236576900622e-14,0.0,0.0,0.0,0.0,0,idle,750.139321053165,267.36260392146045,760.3525399990498,255.18205010394692,0.12,0.12
1791330800.681748,760.0,252.11870972170883,-222.97848691894876,137.02151308105124,4.359695768058408e-14,4.678722151794739e-14,0.0,0.0,0.0,0.0,0,idle,753.2278984151504,251.2570430543671,759.9963079198549,254.985799751468,0.12,0.12
1791330800.699449,760.0,252.11870972170888,-222.97848691894876,137.02151308105124,4.321855574562248e-14,4.638112953135556e-14,0.0,0.0,0.0,0.0,0,idle,744.4920427245506,252.5739684935431,759.2210946600896,254.8652081885718,0.12,0.12
1791330800.715615,760.0,252.11870972170894,-222.97848691894876,137.02151308105124,4.273963691137087e-14,4.586716519119642e-14,0.0,0.0,0.0,0.0,0,idle,762.8090579252195,263.91447418101546,759.4004928233461,255.31767148819404,0.12,0.12
1791330800.7327201,760.0,252.118709721709,-222.97848691894876,137.02151308105124,4.2184987176060534e-14,4.527192824322029e-14,0.0,0.0,0.0,0.0,0,idle,762.6006825911084,241.65712057696118,759.5605023117342,254.63464394263244,0.12,0.12
1791330800.748873,760.0,252.11870972170905,-222.97848691894876,137.02151308105124,4.1574381049751633e-14,4.461664022286942e-14,0.0,0.0,0.0,0.0,0,idle,763.3329541447978,244.17418040563152,759.7491249033874,254.11162076578245,0.12,0.12
1791330800.76592,760.0,252.1187097217091,-222.97848691894876,137.02151308105124,4.092348379039603e-14,4.3918112713633195e-14,0.0,0.0,0.0,0.0,0,idle,782.8450396447389,266.81257037099226,760.903920640455,254.746668246043,0.12,0.12
1791330800.78227,760.0,252.11870972170917,-222.97848691894876,137.02151308105124,4.024462581827525e-14,4.318957843026542e-14,0.0,0.0,0.0,0.0,0,idle,764.2783282068395,245.92061263975592,761.0726410187742,254.3053654657287,0.12,0.12
1791330800.79938,760.0,252.1187097217092,-222.97848691894876,137.02151308105124,3.9547454133375695e-14,4.2441390304469597e-14,0.0,0.0,0.0,0.0,0,idle,743.5295648865616,260.072191907402,760.1954872121636,254.59370678781238,0.12,0.12
1791330800.816619,760.0,252.11870972170922,-222.97848691894876,137.02151308105124,3.883947188310632e-14,4.168160053618308e-14,0.0,0.0,0.0,0.0,0,idle,741.731669961084,235.26102012839536,759.2722963496096,253.62707245484157,0.12,0.12
1791330800.833784,760.0,252.11870972170925,-222.97848691894876,137.02151308105124,3.8126479880599844e-14,4.091643442055176e-14,0.0,0.0,0.0,0.0,0,idle,757.2105857633187,271.5761094882347,759.1692108202951,254.52452430651124,0.12,0.12
1791330800.849958,760.0,252.11870972170928,-222.97848691894876,137.02151308105124,3.74129343539488e-14,4.015067427592977e-14,0.0,0.0,0.0,0.0,0,idle,757.9684758354229,246.99025668599648,759.1091740710515,254.14781092548552,0.12,0.12
1791330800.866936,760.0,252.1187097217093,-222.97848691894876,137.02151308105124,3.670223447618486e-14,3.9387968014237383e-14,0.0,0.0,0.0,0.0,0,idle,761.9702238107382,245.82230826827703,759.2522265580358,253.73153579262512,0.12,0.12
1791330800.884046,760.0,252.11870972170934,-222.97848691894876,137.02151308105124,3.5996951889925585e-14,3.863107546137103e-14,0.0,0.0,0.0,0.0,0,idle,771.1066322568157,264.0027774959243,759.8449468429748,254.2450978777901,0.12,0.12
1791330800.9010649,760.0,252.11870972170937,-222.97848691894876,137.02151308105124,3.529901286938635e-14,3.788206384915637e-14,0.0,0.0,0.0,0.0,0,idle,767.105338680464,254.82266492206904,760.2079664348493,254.27397623000408,0.12,0.12
1791330800.91814,760.0,252.1187097217094,-222.97848691894876,137.02151308105124,3.46098421727065e-14,3.714246219425469e-14,0.0,0.0,0.0,0.0,0,idle,788.1942144790434,252.3408959632618,761.607278837059,254.177322216667,0.12,0.12
1791330800.93452,760.0,252.11870972170942,-222.97848691894876,137.02151308105124,3.393047614804235e-14,3.641338268094075e-14,0.0,0.0,0.0,0.0,0,idle,744.3652727734491,251.58005007290873,760.7451785338785,254.04745860947912,0.12,0.12
1791330800.951206,760.0,252.11870972170945,-222.97848691894876,137.02151308105124,3.326165132504116e-14,3.569561573537256e-14,0.0,0.0,0.0,0.0,0,idle,760.9929599520457,264.9874010162648,760.7575676047869,254.59445572981843,0.12,0.12
1791330800.968226,760.0,252.11870972170948,-222.97848691894876,137.02151308105124,3.260387356929912e-14,3.498970424051642e-14,0.0,0.0,0.0,0.0,0,idle,760.7765887541527,245.56447616794412,760.7585186622553,254.14295675172474,0.12,0.12
1791330800.984763,760.0,252.1187097217095,-222.97848691894876,137.02151308105124,3.195747189981481e-14,3.429600129176221e-14,0.0,0.0,0.0,0.0,0,idle,759.2750362191713,252.1350174102318,760.684344540101,254.0425597846501,0.12,0.12
1791330801.0022159,760.0,252.11870972170954,-222.97848691894876,137.02151308105124,3.13226402552763e-14,3.3614715019512675e-14,0.0,0.0,0.0,0.0,0,idle,751.9030948362791,238.8654149129355,760.2452820549099,253.2837025410644,0.12,0.12
1791330801.0187142,760.0,252.11870972170956,-222.97848691894876,137.02151308105124,3.0699469825881907e-14,3.294594328692697e-14,0.0,0.0,0.0,0.0,0,idle,754.9510602941036,242.83623475091628,759.9805709668697,252.76132915155702,0.12,0.12
1791330801.03625,760.0,252.1187097217096,-222.97848691894876,137.02151308105124,3.0087974023268967e-14,3.2289700487056365e-14,0.0,0.0,0.0,0.0,0,idle,752.8243678059098,242.4926835893577,759.6227608088217,252.24789687344708,0.12,0.12
1791330801.052893,760.0,252.11870972170962,-222.97848691894876,137.02151308105124,2.9488107722489786e-14,3.164593819287669e-14,0.0,0.0,0.0,0.0,0,idle,756.1851163548913,260.30997398646423,759.4508785861252,252.65100072909797,0.12,0.12
1791330801.069807,760.0,252.11870972170965,-222.97848691894876,137.02151308105124,2.889978205893081e-14,3.10145610369912e-14,0.0,0.0,0.0,0.0,0,idle,777.0371072819619,258.0348248938231,760.330190020917,252.92019193733427,0.12,0.12
1791330801.087445,760.0,252.11870972170968,-222.97848691894876,137.02151308105124,2.8322875783846466e-14,3.039543889812035e-14,0.0,0.0,0.0,0.0,0,idle,746.9632877426526,260.201452252279,759.6618449070038,253.28425495308153,0.12,0.12
1791330801.104247,760.0,252.1187097217097,-222.97848691894876,137.02151308105124,2.775724396124189e-14,2.978841623439016e-14,0.0,0.0,0.0,0.0,0,idle,748.626128748844,265.4066563931647,759.1100590990958,253.89037502508572,0.12,0.12
1791330801.1210089,760.0,252.11870972170973,-222.97848691894876,137.02151308105124,2.7202724614813756e-14,2.9193319216671536e-14,0.0,0.0,0.0,0.0,0,idle,751.2804505111567,228.1468492070025,758.7185786696988,252.60319873418157,0.12,0.12
1791330801.1378298,760.0,252.11870972170976,-222.97848691894876,137.02151308105124,2.665914379712705e-14,2.860996116870065e-14,0.0,0.0,0.0,0.0,0,idle,756.4166654298602,225.22036332420552,758.6034830077068,251.2340569636828,0.12,0.12
1791330801.155079,760.0,252.1187097217098,-222.97848691894876,137.02151308105124,2.6126319446462883e-14,2.8038146706156553e-14,0.0,0.0,0.0,0.0,0,idle,756.6395162802588,240.2946233560655,758.5052846713344,250.68708528330197,0.12,0.12
1791330801.17229,760.0,252.11870972170982,-222.97848691894876,137.02151308105124,2.560406431357697e-14,2.7477674877589022e-14,0.0,0.0,0.0,0.0,0,idle,759.37253507368,224.92949288126505,758.5486471914517,249.39920566320015,0.12,0.12
1791330801.1891341,760.0,252.11870972170985,-222.97848691894876,137.02151308105124,2.509218817594404e-14,2.6928341540693154e-14,0.0,0.0,0.0,0.0,0,idle,758.6860469155068,246.4702456856162,758.5555171776545,249.25275766432097,0.12,0.12
1791330801.205894,760.0,252.11870972170988,-222.97848691894876,137.02151308105124,2.4590499506927023e-14,2.638994115362218e-14,0.0,0.0,0.0,0.0,0,idle,757.2224296853173,251.23222934096233,758.4888628030376,249.35173124815307,0.12,0.12
1791330801.2236722,760.0,252.1187097217099,-222.97848691894876,137.02151308105124,2.409880672852393e-14,2.5862268119405715e-14,0.0,0.0,0.0,0.0,0,idle,778.6721114096675,241.31506096255495,759.498025233369,248.9498977338732,0.12,0.12
1791330801.239865,760.0,252.11870972170993,-222.97848691894876,137.02151308105124,2.3616919146400698e-14,2.5345117789404853e-14,0.0,0.0,0.0,0.0,0,idle,748.8673928199004,260.66924077071167,758.9664936126956,249.53586488571514,0.12,0.12
1791330801.2572422,760.0,252.11870972170996,-222.97848691894876,137.02151308105124,2.3144647642842114e-14,2.4838287206970653e-14,0.0,0.0,0.0,0.0,0,idle,763.0843232117604,247.84377217239881,759.1723850926488,249.45126025004936,0.12,0.12
1791330801.2743292,760.0,252.11870972171,-222.97848691894876,137.02151308105124,2.26818051854994e-14,2.4341575653420008e-14,0.0,0.0,0.0,0.0,0,idle,782.0225532982809,272.37537475751253,760.3148935029304,250.59746597542255,0.12,0.12
1791330801.291554,760.0,252.11870972171002,-222.97848691894876,137.02151308105124,2.222820719617566e-14,2.3854785043807428e-14,0.0,0.0,0.0,0.0,0,idle,749.2800217519323,261.4784631804416,759.7631499153805,251.14151583567354,0.12,0.12
1791330801.30784,760.0,252.11870972171005,-222.97848691894876,137.0215130810512,2.1783671813429178e-14,2.3377720208744685e-14,0.0,0.0,0.0,0.0,0,idle,743.2852694611729,261.43098547517366,758.9392558926701,251.6559893176486,0.12,0.12
1791330801.324982,760.0,252.11870972171008,-222.97848691894876,137.0215130810512,2.1348020074760725e-14,2.291018908991991e-14,0.0,0.0,0.0,0.0,0,idle,769.8959435940376,252.06800456807687,759.4870902777385,251.67659008017003,0.12,0.12
1791330801.342305,760.0,252.1187097217101,-222.97848691894876,137.02151308105124,2.0921076038018898e-14,2.2452002870386923e-14,0.0,0.0,0.0,0.0,0,idle,756.5775151455302,253.47455205943388,759.3416115211281,251.76648817913326,0.12,0.12
1791330801.359046,760.0,252.11870972171013,-222.97848691894876,137.0215130810512,2.0502666856970816e-14,2.2002976055665905e-14,0.0,0.0,0.0,0.0,0,idle,762.7237776713123,279.41718833644865,759.5107198286373,253.14902318699905,0.12,0.12
1791330801.376683,760.0,252.11870972171016,-222.97848691894876,137.02151308105124,2.0092622822407008e-14,2.1562926517856215e-14,0.0,0.0,0.0,0.0,0,idle,762.2593958732879,259.9720251432182,759.6481536308698,253.49017328481003,0.12,0.12
1791330801.3937159,760.0,252.1187097217102,-222.97848691894876,137.02151308105124,1.9690777377419855e-14,2.1131675512032816e-14,0.0,0.0,0.0,0.0,0,idle,751.4248248747699,269.6108531704624,759.2369871930648,254.29620727909267,0.12,0.12
1791330801.411254,760.0,252.11870972171022,-222.97848691894876,137.02151308105124,1.9296967113414602e-14,2.0709047671965416e-14,0.0,0.0,0.0,0.0,0,idle,761.1203959124857,265.73442512627196,759.3311576290358,254.86811817145167,0.12,0.12
1791330801.4277031,760.0,252.11870972171025,-222.97848691894876,137.02151308105124,1.8911031751828167e-14,2.0294870990499516e-14,0.0,0.0,0.0,0.0,0,idle,775.2160104001897,253.09545156871718,760.1254002675935,254.77948484131497,0.12,0.12
1791330801.445199,760.0,252.11870972171027,-222.97848691894876,137.02151308105124,1.85328141153257e-14,1.9888976788645236e-14,0.0,0.0,0.0,0.0,0,idle,750.2127977620031,251.63100615350106,759.629770142314,254.6220609069243,0.12,0.12
1791330801.461695,760.0,252.1187097217103,-222.97848691894876,137.02151308105124,1.8162160091328656e-14,1.9491199676436522e-14,0.0,0.0,0.0,0.0,0,idle,764.467177925112,252.66690287787347,759.8716405314539,254.52430300547178,0.12,0.12
1791330801.4793432,760.0,252.11870972171033,-222.97848691894876,137.0215130810512,1.7798918590032117e-14,1.9101377507876312e-14,0.0,0.0,0.0,0.0,0,idle,757.882709078355,249.8087796565961,759.7721939587989,254.28852683802802,0.12,0.12
1791330801.496094,760.0,252.11870972171036,-222.97848691894876,137.02151308105124,1.7442941498540506e-14,1.871935133171609e-14,0.0,0.0,0.0,0.0,0,idle,758.1229295780814,248.8911238756983,759.689730739763,254.01865668991155,0.12,0.12
1791330801.5137038,760.0,252.1187097217104,-222.97848691894876,137.02151308105124,1.7094083632350034e-14,1.834496533938798e-14,0.0,0.0,0.0,0.0,0,idle,755.5919536962887,273.50374694023174,759.4848418875894,254.9929112024276,0.12,0.12
1791330801.5304189,760.0,252.11870972171042,-222.97848691894876,137.02151308105124,1.675220268510212e-14,1.7978066811081328e-14,0.0,0.0,0.0,0.0,0,idle,746.2076210181436,252.05311303191462,758.8209808441171,254.84592129390197,0.12,0.12
1791330801.5466912,760.0,252.11870972171045,-222.97848691894876,137.02151308105124,1.641715917730177e-14,1.7618506060708453e-14,0.0,0.0,0.0,0.0,0,idle,767.1073109321613,260.89641603412485,759.2352973485193,255.14844603091314,0.12,0.12
1791330801.56352,760.0,252.11870972171047,-222.97848691894876,137.02151308105124,1.608881640452034e-14,1.7266136380317122e-14,0.0,0.0,0.0,0.0,0,idle,739.109185708136,240.04888890104624,758.2289917665001,254.3934681744198,0.12,0.12
1791330801.5806541,760.0,252.1187097217105,-222.97848691894876,137.02151308105124,1.5767040385470335e-14,1.6920813984365614e-14,0.0,0.0,0.0,0.0,0,idle,769.233719732013,249.14758493325587,758.7792281647758,254.13117401236164,0.12,0.12
1791330801.5967202,760.0,252.11870972171053,-222.97848691894876,137.0215130810512,1.5451699810239853e-14,1.658239795416917e-14,0.0,0.0,0.0,0.0,0,idle,740.6024468773427,255.16373201068137,757.870389100404,254.18280191227765,0.12,0.12
1791330801.613717,760.0,252.11870972171056,-222.97848691894876,137.0215130810512,1.5142665988899003e-14,1.6250750182745628e-14,0.0,0.0,0.0,0.0,0,idle,775.2196999044285,268.32477287800543,758.7378546406053,254.88990046056406,0.12,0.12
1791330801.629864,760.0,252.1187097217106,-222.97848691894876,137.0215130810512,1.483981280063367e-14,1.592573532022697e-14,0.0,0.0,0.0,0.0,0,idle,754.5394903757525,228.72612563604787,758.5279364273626,253.58171171933827,0.12,0.12
1791330801.646199,760.0,252.11870972171062,-222.97848691894876,137.0215130810512,1.4543016643518963e-14,1.5607220719957387e-14,0.0,0.0,0.0,0.0,0,idle,762.8835747397544,267.50469344359465,758.7457183429823,254.27786080555111,0.12,0.12
1791330801.663088,760.0,252.11870972171064,-222.97848691894876,137.0215130810512,1.4252156385012428e-14,1.5295076385363754e-14,0.0,0.0,0.0,0.0,0,idle,759.5959717994069,275.72036362670616,758.7882310158035,255.34998594660888,0.12,0.12
1791330801.6790552,760.0,252.11870972171067,-222.97848691894876,137.02151308105124,1.3967113313222603e-14,1.498917491765822e-14,0.0,0.0,0.0,0.0,0,idle,767.7216955547484,273.37842096291604,759.2349042427508,256.25140769742427,0.12,0.12
1791330801.696088,760.0,252.1187097217107,-222.97848691894876,137.02151308105124,1.368777108899034e-14,1.4689391464413005e-14,0.0,0.0,0.0,0.0,0,idle,785.7651768533982,262.7728630276573,760.5614178732832,256.5774804639359,0.12,0.12
1791330801.713253,760.0,252.11870972171073,-222.97848691894876,137.02151308105124,1.3414015698806473e-14,1.439560366903276e-14,0.0,0.0,0.0,0.0,0,idle,776.1903163516818,247.16501964239686,761.3428627972031,256.1068574228589,0.12,0.12
1791330801.7303722,760.0,252.11870972171073,-222.97848691894876,137.02151308105124,1.3145735408579172e-14,1.4107691621138784e-14,0.0,0.0,0.0,0.0,0,idle,771.7840515079855,252.62290201470222,761.8649222327422,255.9326596524511,0.12,0.12
1791330801.747487,760.0,252.11870972171073,-222.97848691894876,137.02151308105124,1.2882820718256688e-14,1.382553780787124e-14,0.0,0.0,0.0,0.0,0,idle,776.4503450006742,252.47745829792802,762.5941933711388,255.75989958472493,0.12,0.12
1791330801.764683,760.0,252.11870972171073,-222.97848691894876,137.02151308105124,1.2625164317305458e-14,1.3549027066109298e-14,0.0,0.0,0.0,0.0,0,idle,756.3032949926385,257.05585136608397,762.2796484522138,255.82469717379288,0.12,0.12
1791330801.7817972,760.0,252.11870972171073,-222.97848691894876,137.02151308105124,1.237266104103934e-14,1.3278046535604719e-14,0.0,0.0,0.0,0.0,0,idle,758.5288642466769,247.28882280212224,762.0921092419369,255.39790345520936,0.12,0.12
1791330801.799468,760.0,252.11870972171073,-222.97848691894876,137.02151308105124,1.2125207827792681e-14,1.3012485613021e-14,0.0,0.0,0.0,0.0,0,idle,761.7950804607827,259.31517018583725,762.0772578028792,255.59376679174076,0.12,0.12
1791330801.815818,760.0,252.11870972171073,-222.97848691894876,137.02151308105124,1.1882703676927637e-14,1.275223590686782e-14,0.0,0.0,0.0,0.0,0,idle,749.2255132978232,281.6539356363779,761.4346705776264,256.8967752339726,0.12,0.12
1791330801.8333929,760.0,252.11870972171073,-222.97848691894876,137.0215130810512,1.164504960766457e-14,1.2497191193318813e-14,0.0,0.0,0.0,0.0,0,idle,747.9872921149542,248.068167252769,760.7623016544928,256.45534483491247,0.12,0.12
1791330801.849994,760.0,252.11870972171073,-222.97848691894876,137.0215130810512,1.1412148618723224e-14,1.224724737289942e-14,0.0,0.0,0.0,0.0,0,idle,740.6989201373269,262.5381269039049,759.7591325786345,256.7594839383621,0.12,0.12
1791330801.8675048,760.0,252.11870972171073,-222.97848691894876,137.0215130810512,1.1183905648761569e-14,1.2002302428030803e-14,0.0,0.0,0.0,0.0,0,idle,763.2180457636208,254.73512748085318,759.9320782378838,256.65826611548664,0.12,0.12
1791330801.8840802,760.0,252.11870972171073,-222.97848691894876,137.0215130810512,1.0960227537598728e-14,1.17622563814152e-14,0.0,0.0,0.0,0.0,0,idle,765.7722878519846,252.78994806447938,760.2240887185889,256.46485021293626,0.12,0.12
1791330801.9006069,760.0,252.11870972171073,-222.97848691894876,137.02151308105124,1.0741022988208056e-14,1.1527011255247814e-14,0.0,0.0,0.0,0.0,0,idle,787.0197187837094,242.32098044516735,761.5638702218449,255.75765672454781,0.12,0.12
1791330801.918159,760.0,252.11870972171073,-222.97848691894876,137.02151308105124,1.0526202529466324e-14,1.1296471031240106e-14,0.0,0.0,0.0,0.0,0,idle,759.1200953463264,253.38057602816642,761.441681478069,255.63880268972875,0.12,0.12
1791330801.9337249,760.0,252.11870972171073,-222.97848691894876,137.02151308105124,1.031567847964487e-14,1.1070541611439366e-14,0.0,0.0,0.0,0.0,0,idle,748.6101367836712,249.71322160169856,760.8001042433491,255.34252363532724,0.12,0.12
1791330801.9511418,760.0,252.11870972171073,-222.97848691894876,137.02151308105124,1.0109364910628635e-14,1.084913077982944e-14,0.0,0.0,0.0,0.0,0,idle,757.0773657991174,253.0073714767353,760.6139673211375,255.22576602739764,0.12,0.12
1791330801.968556,760.0,252.11870972171073,-222.97848691894876,137.02151308105124,9.907177612849107e-15,1.0632148164697584e-14,0.0,0.0,0.0,0.0,0,idle,747.9108505843864,267.3054876500099,759.9788114843,255.82975210852825,0.12,0.12
1791330801.984929,760.0,252.11870972171073,-222.97848691894876,137.0215130810512,9.709034060917304e-15,1.0419505201752606e-14,0.0,0.0,0.0,0.0,0,idle,755.1460653403983,232.0362802779128,759.7371741771049,254.64007851699748,0.12,0.12
1791330802.002282,760.0,252.11870972171073,-222.97848691894876,137.02151308105124,9.514853379943128e-15,1.0211115097979593e-14,0.0,0.0,0.0,0.0,0,idle,781.2176745140192,257.2688550714913,760.8111991939505,254.77151734472216,0.12,0.12
1791330802.018771,760.0,252.11870972171073,-222.97848691894876,137.0215130810512,9.3245563125276e-15,1.000689279621675e-14,0.0,0.0,0.0,0.0,0,idle,750.0960825769406,255.95500083679667,760.2754433631001,254.83069151932588,0.12,0.12
1791330802.0362098,760.0,252.11870972171073,-222.97848691894876,137.02151308105124,9.138065186414699e-15,9.806754940440139e-15,0.0,0.0,0.0,0.0,0,idle,783.1007664586537,250.74974467409368,761.4167095178777,254.62664417706426,0.12,0.12
1791330802.0527518,760.0,252.11870972171073,-222.97848691894876,137.02151308105124,8.95530388278975e-15,9.610619841742243e-15,0.0,0.0,0.0,0.0,0,idle,765.5040565291453,259.88801426899664,761.6210768684412,254.88971268166088,0.12,0.12
1791330802.070233,760.0,252.11870972171073,-222.97848691894876,137.02151308105124,8.776197805211541e-15,9.418407444990664e-15,0.0,0.0,0.0,0.0,0,idle,763.3034641538244,246.4274262584011,761.7051962327104,254.4665983604979,0.12,0.12
1791330802.086758,760.0,252.11870972171073,-222.97848691894876,137.02151308105124,8.600673849165558e-15,9.23003929615336e-15,0.0,0.0,0.0,0.0,0,idle,762.8742255870643,267.49606719718554,761.763647700428,255.11807180233228,0.12,0.12
1791330802.104377,760.0,252.11870972171073,-222.97848691894876,137.0215130810512,8.428660372225973e-15,9.045438510277218e-15,0.0,0.0,0.0,0.0,0,idle,769.9452148300069,245.3624514561954,762.172726056907,254.63029078502544,0.12,0.12
1791330802.121583,760.0,252.11870972171073,-222.97848691894876,137.0215130810512,8.260087164814277e-15,8.864529740106898e-15,0.0,0.0,0.0,0.0,0,idle,751.8635144239681,244.00889701418131,761.65726547526,254.09922109648323,0.12,0.12
1791330802.1381388,760.0,252.11870972171073,-222.97848691894876,137.0215130810512,8.094885421542631e-15,8.687239145331201e-15,0.0,0.0,0.0,0.0,0,idle,769.3106730170683,252.04212946653146,762.0399358523505,253.99636651498565,0.12,0.12
1791330802.154829,760.0,252.11870972171073,-222.97848691894876,137.0215130810512,7.932987713130273e-15,8.513494362444426e-15,0.0,0.0,0.0,0.0,0,idle,755.340539157229,256.6243382989203,761.7049660175944,254.12776510418237,0.12,0.12
1791330802.1718762,760.0,252.11870972171073,-222.97848691894876,137.0215130810512,7.77432795888155e-15,8.343224475210435e-15,0.0,0.0,0.0,0.0,0,idle,740.8767260851713,244.44619909439206,760.6635540209733,253.64368680369284,0.12,0.12
1791330802.1888928,760.0,252.11870972171073,-222.97848691894876,137.0215130810512,7.618841399714338e-15,8.176359985717408e-15,0.0,0.0,0.0,0.0,0,idle,779.607028594895,253.5673965033023,761.6107277496693,253.6398722886733,0.12,0.12
1791330802.206126,760.0,252.11870972171073,-222.97848691894876,137.0215130810512,7.466464571727871e-15,8.012832786011453e-15,0.0,0.0,0.0,0.0,0,idle,735.4732282926342,253.02298169156984,760.3038527768175,253.60902775881812,0.12,0.12
1791330802.22275,760.0,252.11870972171073,-222.97848691894876,137.02151308105124,7.317135280299182e-15,7.852576130297523e-15,0.0,0.0,0.0,0.0,0,idle,744.2544484569692,266.61336948660414,759.501382560825,254.2592448452074,0.12,0.12
1791330802.2406201,760.0,252.11870972171073,-222.97848691894876,137.02151308105124,7.170792574697604e-15,7.6955246076963e-15,0.0,0.0,0.0,0.0,0,idle,761.4499783379936,236.4537556978795,759.5988123496835,253.36897038784102,0.12,0.12
1791330802.2575219,760.0,252.11870972171073,-222.97848691894876,137.02151308105124,7.027376723206957e-15,7.541614115545921e-15,0.0,0.0,0.0,0.0,0,idle,766.4773888376324,241.9878818130102,759.942741174081,252.79991595909948,0.12,0.12
1791330802.2742999,760.0,252.11870972171073,-222.97848691894876,137.02151308105124,6.886829188745299e-15,7.390781833237665e-15,0.0,0.0,0.0,0.0,0,idle,743.7728593656994,237.31914442279486,759.1342470836619,252.02587738228425,0.12,0.12
1791330802.290976,760.0,252.11870972171073,-222.97848691894876,137.02151308105124,6.749092604972254e-15,7.24296619657491e-15,0.0,0.0,0.0,0.0,0,idle,758.7271563806651,253.5897384410222,759.113892548512,252.10407043522116,0.12,0.12
1791330802.307787,760.0,252.11870972171073,-222.97848691894876,137.02151308105124,6.614110752874206e-15,7.0981068726449104e-15,0.0,0.0,0.0,0.0,0,idle,757.5722988786354,247.7072556419887,759.0368128650182,251.88422969555953,0.12,0.12
1791330802.325643,760.0,252.11870972171073,-222.97848691894876,137.02151308105124,6.4818285378177695e-15,6.956144735193137e-15,0.0,0.0,0.0,0.0,0,idle,763.0476138190214,253.92091225110207,759.2373529127184,251.98606382333665,0.12,0.12
1791330802.3420858,760.0,252.11870972171073,-222.97848691894876,137.02151308105124,6.352191967062201e-15,6.817021840490119e-15,0.0,0.0,0.0,0.0,0,idle,780.4857475895077,242.8318928559925,760.2997726465578,251.52835527496944,0.12,0.12
1791330802.35933,760.0,252.11870972171073,-222.97848691894876,137.02151308105124,6.225148127721547e-15,6.68068140368095e-15,0.0,0.0,0.0,0.0,0,idle,748.2833773076308,267.53949875360837,759.6989528796115,252.32891244890138,0.12,0.12
1791330802.375137,760.0,252.11870972171073,-222.97848691894876,137.02151308105124,6.100645165167559e-15,6.547067775607806e-15,0.0,0.0,0.0,0.0,0,idle,757.9761693107943,232.31345799070144,759.6128137011707,251.32813972599138,0.12,0.12
1791330802.392595,760.0,252.11870972171073,-222.97848691894876,137.02151308105124,5.978632261864541e-15,6.416126420096007e-15,0.0,0.0,0.0,0.0,0,idle,765.2589980707987,256.18713509253007,759.8951229196521,251.5710894943183,0.12,0.12
1791330802.4100952,760.0,252.11870972171073,-222.97848691894876,137.02151308105124,5.859059616627499e-15,6.287803891694354e-15,0.0,0.0,0.0,0.0,0,idle,780.9149140207928,242.05365168686274,760.9461124747091,251.0952176039455,0.12,0.12
1791330802.426341,760.0,252.11870972171073,-222.97848691894876,137.02151308105124,5.741878424295137e-15,6.162047813860668e-15,0.0,0.0,0.0,0.0,0,idle,771.7377522084313,261.51238134804885,761.4856944613953,251.61607579115068,0.12,0.12
1791330802.442914,760.0,252.11870972171073,-222.97848691894876,137.02151308105124,5.627040855809374e-15,6.038806857583606e-15,0.0,0.0,0.0,0.0,0,idle,753.8968831104119,263.4156949455353,761.1062538938461,252.2060567488699,0.12,0.12
1791330802.4607282,760.0,252.11870972171073,-222.97848691894876,137.02151308105124,5.514500038693292e-15,5.918030720432047e-15,0.0,0.0,0.0,0.0,0,idle,759.1926808792358,232.89085203877738,761.0105752431156,251.24029651336528,0.12,0.12
1791330802.477947,760.0,252.11870972171073,-222.97848691894876,137.02151308105124,5.404210037919505e-15,5.79967010602349e-15,0.0,0.0,0.0,0.0,0,idle,749.9826119051448,263.97677287545145,760.459177076217,251.8771203314696,0.12,0.12
1791330802.4956758,760.0,252.11870972171073,-222.97848691894876,137.02151308105124,5.296125837161174e-15,5.683676703903083e-15,0.0,0.0,0.0,0.0,0,idle,748.2387382097229,242.29587217034887,759.8481551328923,251.39805792341357,0.12,0.12
1791330802.51248,760.0,252.11870972171073,-222.97848691894876,137.02151308105124,5.1902033204179945e-15,5.57000316982507e-15,0.0,0.0,0.0,0.0,0,idle,784.5154454963533,253.970018117164,761.0815196510654,251.5266559331011,0.12,0.12
1791330802.52899,760.0,252.11870972171073,-222.97848691894876,137.02151308105124,5.086399254009668e-15,5.458603106428604e-15,0.0,0.0,0.0,0.0,0,idle,761.028204845691,238.77408776728092,761.0788539107966,250.88902752481007,0.12,0.12
1791330802.546321,760.0,252.11870972171073,-222.97848691894876,137.02151308105124,4.9846712689294995e-15,5.349431044300058e-15,0.0,0.0,0.0,0.0,0,idle,759.5368312753434,276.667156248105,761.001752779024,252.17793396097483,0.12,0.12
1791330802.563043,760.0,252.11870972171073,-222.97848691894876,137.02151308105124,4.884977843550928e-15,5.242442423414077e-15,0.0,0.0,0.0,0.0,0,idle,773.0825284190717,259.9659278597651,761.6057915610263,252.56733365591435,0.12,0.12
1791330802.5800781,760.0,252.11870972171073,-222.97848691894876,137.0215130810512,4.787278286679924e-15,5.13759357494581e-15,0.0,0.0,0.0,0.0,0,idle,779.7726624154685,259.6683510441647,762.5141351037485,252.92238452532686,0.12,0.12
1791330802.597263,760.0,252.11870972171073,-222.97848691894876,137.0215130810512,4.691532720946336e-15,5.034841703446905e-15,0.0,0.0,0.0,0.0,0,idle,765.6818061600095,242.33371022180836,762.6725186565615,252.39295081015095,0.12,0.12
1791330802.614395,760.0,252.11870972171073,-222.97848691894876,137.0215130810512,4.597702066527417e-15,4.934144869377975e-15,0.0,0.0,0.0,0.0,0,idle,750.2618847201958,260.6567416548773,762.0519869597432,252.80614035238727,0.12,0.12
1791330802.631403,760.0,252.11870972171073,-222.97848691894876,137.0215130810512,4.505748025196875e-15,4.8354619719904226e-15,0.0,0.0,0.0,0.0,0,idle,770.8151425971527,260.32289213119344,762.4901447416137,253.18197794132757,0.12,0.12
1791330802.648112,760.0,252.11870972171073,-222.97848691894876,137.0215130810512,4.415633064692942e-15,4.738752732550619e-15,0.0,0.0,0.0,0.0,0,idle,761.9996146736585,261.8778058348615,762.4656182382159,253.61676933600427,0.12,0.12
1791330802.664948,760.0,252.11870972171073,-222.97848691894876,137.0215130810512,4.327320403399087e-15,4.64397767789961e-15,0.0,0.0,0.0,0.0,0,idle,767.2594634734556,266.16043270707195,762.7053104999779,254.24395250455765,0.12,0.12
1791330802.6817799,760.0,252.11870972171073,-222.97848691894876,137.0215130810512,4.2407739953311076e-15,4.551098124341621e-15,0.0,0.0,0.0,0.0,0,idle,778.3034927550598,263.0996459931348,763.4852196127321,254.6867371789865,0.12,0.12
1791330802.6993122,760.0,252.11870972171073,-222.97848691894876,137.02151308105124,4.155958515424487e-15,4.460076161854791e-15,0.0,0.0,0.0,0.0,0,idle,761.6281545106613,238.91159328275006,763.3923663576285,253.8979799841747,0.12,0.12
1791330802.715434,760.0,252.11870972171073,-222.97848691894876,137.02151308105124,4.072839345115998e-15,4.370874638617696e-15,0.0,0.0,0.0,0.0,0,idle,754.2047289930028,267.7601031717126,762.9329844893972,254.5910861435516,0.12,0.12
1791330802.732127,760.0,252.11870972171073,-222.97848691894876,137.02151308105124,3.991382558213679e-15,4.2834571458453435e-15,0.0,0.0,0.0,0.0,0,idle,757.1474701416464,248.82908086026615,762.6437087720096,254.3029858793873,0.12,0.12
1791330802.749652,760.0,252.11870972171073,-222.97848691894876,137.02151308105124,3.911554907049406e-15,4.197788002928437e-15,0.0,0.0,0.0,0.0,0,idle,778.5431273557208,247.49732214841484,763.4386797011952,253.9627026928387,0.12,0.12
1791330802.767138,760.0,252.11870972171073,-222.97848691894876,137.02151308105124,3.833323808908419e-15,4.113832242869869e-15,0.0,0.0,0.0,0.0,0,idle,742.0907390195729,227.1588897331349,762.3712826671141,252.6225120448535,0.12,0.12
1791330802.784601,760.0,252.11870972171073,-222.97848691894876,137.02151308105124,3.756657332730251e-15,4.0315555980124724e-15,0.0,0.0,0.0,0.0,0,idle,763.8024293067438,235.4751286771742,762.4428399990956,251.76514287646953,0.12,0.12
1791330802.800695,760.0,252.11870972171073,-222.97848691894876,137.02151308105124,3.6815241860756465e-15,3.9509244860522236e-15,0.0,0.0,0.0,0.0,0,idle,760.7941909649082,255.13020891709817,762.3604075473862,251.93339617850097,0.12,0.12
1791330802.818151,760.0,252.11870972171073,-222.97848691894876,137.02151308105124,3.607893702354134e-15,3.871905996331179e-15,0.0,0.0,0.0,0.0,0,idle,762.2388559653066,241.1163777263865,762.3543299682823,251.39254525589524,0.12,0.12
1791330802.8347268,760.0,252.11870972171073,-222.97848691894876,137.0215130810512,3.5357358283070517e-15,3.794467876404556e-15,0.0,0.0,0.0,0.0,0,idle,740.5144023764076,239.14112871689935,761.2623335886885,250.77997442894545,0.12,0.12
1791330802.852281,760.0,252.11870972171073,-222.97848691894876,137.02151308105124,3.4650211117409106e-15,3.718578518876465e-15,0.0,0.0,0.0,0.0,0,idle,750.4468520998138,256.5339868706918,760.7215595142447,251.06767505103278,0.12,0.12
1791330802.8691132,760.0,252.11870972171073,-222.97848691894876,137.02151308105124,3.3957206895060924e-15,3.644206948498936e-15,0.0,0.0,0.0,0.0,0,idle,737.5516268696656,267.4639121644229,759.5630628820157,251.8874869067023,0.12,0.12
1791330802.886506,760.0,252.11870972171073,-222.97848691894876,137.02151308105124,3.3278062757159704e-15,3.571322809528957e-15,0.0,0.0,0.0,0.0,0,idle,789.2711640053486,262.23634805541826,761.0484679381824,252.4049299641381,0.12,0.12
1791330802.9032588,760.0,252.11870972171073,-222.97848691894876,137.02151308105124,3.261250150201651e-15,3.499896353338378e-15,0.0,0.0,0.0,0.0,0,idle,755.3164212414146,244.94346435182533,760.761865603344,252.03185668352245,0.12,0.12
1791330802.920162,760.0,252.11870972171073,-222.97848691894876,137.02151308105124,3.196025147197618e-15,3.42989842627161e-15,0.0,0.0,0.0,0.0,0,idle,762.1210486846905,235.00026441685714,760.8298247574113,251.1802770701892,0.12,0.12
1791330802.9373498,760.0,252.11870972171073,-222.97848691894876,137.02151308105124,3.1321046442536655e-15,3.3613004577461778e-15,0.0,0.0,0.0,0.0,0,idle,767.9498669022099,250.74577369524636,761.1858268646513,251.15855190144205,0.12,0.12
1791330802.954688,760.0,252.11870972171073,-222.97848691894876,137.02151308105124,3.069462551368592e-15,3.294074448591254e-15,0.0,0.0,0.0,0.0,0,idle,765.8597458165148,237.48981238211297,761.4195228122445,250.4751149254756,0.12,0.12
1791330802.970847,760.0,252.11870972171073,-222.97848691894876,137.02151308105124,3.00807330034122e-15,3.228192959619429e-15,0.0,0.0,0.0,0.0,0,idle,767.7317436407909,247.67307952585855,761.7351338536719,250.33501315549475,0.12,0.12
1791330802.988656,760.0,252.11870972171073,-222.97848691894876,137.02151308105124,2.9479118343343957e-15,3.1636291004270402e-15,0.0,0.0,0.0,0.0,0,idle,763.8100122216922,256.0971479362078,761.8388777720729,250.6231198945304,0.12,0.12
1791330803.0049129,760.0,252.11870972171073,-222.97848691894876,137.02151308105124,2.8889535976477078e-15,3.1003565184184995e-15,0.0,0.0,0.0,0.0,0,idle,772.593939730435,265.53249607165634,762.376630869991,251.36858870338668,0.12,0.12
1791330803.022075,760.0,252.11870972171073,-222.97848691894876,137.02151308105124,2.8311745256947535e-15,3.0383493880501294e-15,0.0,0.0,0.0,0.0,0,idle,755.2031679672215,235.79872594319437,762.0179577248525,250.59009556537706,0.12,0.12
1791330803.039205,760.0,252.11870972171073,-222.97848691894876,137.02151308105124,2.7745510351808585e-15,2.9775824002891267e-15,0.0,0.0,0.0,0.0,0,idle,757.8304329337556,263.04122263872927,761.8085814852976,251.21265191904467,0.12,0.12
1791330803.056413,760.0,252.11870972171073,-222.97848691894876,137.02151308105124,2.7190600144772413e-15,2.918030752283344e-15,0.0,0.0,0.0,0.0,0,idle,748.4628302486528,255.7925703075669,761.1412939234654,251.44164783847077,0.12,0.12
1791330803.073202,760.0,252.11870972171073,-222.97848691894876,137.02151308105124,2.6646788141876965e-15,2.8596701372376775e-15,0.0,0.0,0.0,0.0,0,idle,753.7911487065967,243.31884377518028,760.7737866626219,251.03550763530626,0.12,0.12
1791330803.0902,760.0,252.11870972171073,-222.97848691894876,137.0215130810512,2.6113852379039426e-15,2.8024767344929237e-15,0.0,0.0,0.0,0.0,0,idle,763.7150469034838,241.0288049368845,760.920849674665,250.53517250038516,0.12,0.12
1791330803.107143,760.0,252.11870972171073,-222.97848691894876,137.02151308105124,2.5591575331458637e-15,2.7464271998030653e-15,0.0,0.0,0.0,0.0,0,idle,737.3227953996185,259.6488605279536,759.7409469609127,250.99085690176358,0.12,0.12
1791330803.123734,760.0,252.11870972171073,-222.97848691894876,137.0215130810512,2.5079743824829464e-15,2.691498655807004e-15,0.0,0.0,0.0,0.0,0,idle,741.5384285755879,263.22151965341675,758.8308210416465,251.60239003934623,0.12,0.12
1791330803.1413078,760.0,252.11870972171073,-222.97848691894876,137.0215130810512,2.4578148948332876e-15,2.6376686826908637e-15,0.0,0.0,0.0,0.0,0,idle,760.5578345693781,259.97328987059325,758.917171718033,252.0209350309086,0.12,0.12
1791330803.157832,760.0,252.11870972171073,-222.97848691894876,137.0215130810512,2.4086585969366218e-15,2.5849153090370464e-15,0.0,0.0,0.0,0.0,0,idle,767.6632010676598,248.70524226771562,759.3544731855144,251.85515039274895,0.12,0.12
1791330803.175329,760.0,252.11870972171073,-222.97848691894876,137.02151308105124,2.3604854249978893e-15,2.5332170028563055e-15,0.0,0.0,0.0,0.0,0,idle,765.5923903587283,260.6713177571883,759.6663690441751,252.29595876097093,0.12,0.12
1791330803.191753,760.0,252.11870972171073,-222.97848691894876,137.02151308105124,2.3132757164979313e-15,2.4825526627991794e-15,0.0,0.0,0.0,0.0,0,idle,766.8845743981188,230.05430848345958,760.0272793118722,251.18387624709536,0.12,0.12
1791330803.2092328,760.0,252.11870972171073,-222.97848691894876,137.02151308105124,2.2670102021679725e-15,2.4329016095431958e-15,0.0,0.0,0.0,0.0,0,idle,769.4190273882037,243.30747227931357,760.4968667156888,250.79005604870628,0.12,0.12
1791330803.2257159,760.0,252.11870972171073,-222.97848691894876,137.02151308105124,2.221669998124613e-15,2.384243577352332e-15,0.0,0.0,0.0,0.0,0,idle,775.7189987067796,219.88866618452914,761.2579733152434,249.2449865554974,0.12,0.12
1791330803.243237,760.0,252.11870972171073,-222.97848691894876,137.02151308105124,2.177236598162121e-15,2.3365587058052855e-15,0.0,0.0,0.0,0.0,0,idle,753.8114426382613,240.7000150847756,760.8856467813943,248.81773798196133,0.12,0.12
1791330803.259766,760.0,252.11870972171073,-222.97848691894876,137.02151308105124,2.1336918661988787e-15,2.28982753168918e-15,0.0,0.0,0.0,0.0,0,idle,751.8142157174826,277.1471365078068,760.4320752281986,250.2342079082536,0.12,0.12
1791330803.27745,760.0,252.11870972171073,-222.97848691894876,137.02151308105124,2.091018028874901e-15,2.2440309810553962e-15,0.0,0.0,0.0,0.0,0,idle,761.679313079111,256.35149582972963,760.4944371207442,250.5400723043274,0.12,0.12
1791330803.293191,760.0,252.11870972171073,-222.97848691894876,137.02151308105124,2.049197668297403e-15,2.199150361434288e-15,0.0,0.0,0.0,0.0,0,idle,771.4031584449156,243.77617103607366,761.0398731869528,250.2018772409147,0.12,0.12
1791330803.309831,760.0,252.11870972171073,-222.97848691894876,137.02151308105124,2.0082137149314548e-15,2.1551673542056024e-15,0.0,0.0,0.0,0.0,0,idle,736.109604979817,253.8434873148938,759.793359776596,250.38395774461367,0.12,0.12
1791330803.32752,760.0,252.11870972171073,-222.97848691894876,137.02151308105124,1.968049440632826e-15,2.1120640071214907e-15,0.0,0.0,0.0,0.0,0,idle,765.0446633920959,230.5055281582557,760.0559249573711,249.39003626529578,0.12,0.12
1791330803.34404,760.0,252.11870972171073,-222.97848691894876,137.02151308105124,1.9286884518201696e-15,2.0698227269790608e-15,0.0,0.0,0.0,0.0,0,idle,765.9881157791825,238.5056163026003,760.3525344984616,248.84581526716102,0.12,0.12
1791330803.3611798,760.0,252.11870972171073,-222.97848691894876,137.0215130810512,1.890114682783766e-15,2.0284262724394794e-15,0.0,0.0,0.0,0.0,0,idle,757.5765715020041,240.20394426579264,760.2137363486388,248.41372171709259,0.12,0.12
1791330803.37831,760.0,252.11870972171073,-222.97848691894876,137.02151308105124,1.852312389128091e-15,1.98785774699069e-15,0.0,0.0,0.0,0.0,0,idle,766.8644732417747,273.3889201955833,760.5462731932956,249.6624816410171,0.12,0.12
1791330803.395425,760.0,252.11870972171073,-222.97848691894876,137.02151308105124,1.8152661413455292e-15,1.9481005920508764e-15,0.0,0.0,0.0,0.0,0,idle,764.1456439519602,234.56339125407894,760.7262417312288,248.9075271216702,0.12,0.12
1791330803.412467,760.0,252.11870972171073,-222.97848691894876,137.02151308105124,1.7789608185186185e-15,1.9091385802098587e-15,0.0,0.0,0.0,0.0,0,idle,768.185789466065,235.2477390659659,761.0992191179706,248.224537718885,0.12,0.12
1791330803.429659,760.0,252.11870972171073,-222.97848691894876,137.0215130810512,1.7433816021482462e-15,1.8709558086056614e-15,0.0,0.0,0.0,0.0,0,idle,776.316238998732,238.0658070292061,761.8600701120087,247.71660118440104,0.12,0.12
1791330803.446765,760.0,252.11870972171073,-222.97848691894876,137.02151308105124,1.7085139701052813e-15,1.8335366924335483e-15,0.0,0.0,0.0,0.0,0,idle,773.6376487936557,255.07264191055583,762.448949046091,248.0844032207088,0.12,0.12
1791330803.4628842,760.0,252.11870972171073,-222.97848691894876,137.0215130810512,1.6743436907031757e-15,1.7968659585848773e-15,0.0,0.0,0.0,0.0,0,idle,778.5883926464005,257.84433126677226,763.2559212261065,248.57239962301196,0.12,0.12
1791330803.479844,760.0,252.11870972171073,-222.97848691894876,137.0215130810512,1.6408568168891122e-15,1.7609286394131798e-15,0.0,0.0,0.0,0.0,0,idle,766.744212632028,238.12549816756913,763.4303357964026,248.05005455023982,0.12,0.12
1791330803.497088,760.0,252.11870972171073,-222.97848691894876,137.0215130810512,1.60803968055133e-15,1.7257100666249162e-15,0.0,0.0,0.0,0.0,0,idle,751.4191263990932,238.50240513406462,762.8297753265371,247.57267207943107,0.12,0.12
1791330803.514495,760.0,252.11870972171073,-222.97848691894876,137.02151308105124,1.5758788869403033e-15,1.6911958652924178e-15,0.0,0.0,0.0,0.0,0,idle,749.0482546209524,260.3513345135812,762.1406992912579,248.21160520113858,0.12,0.12
1791330803.53159,760.0,252.11870972171073,-222.97848691894876,137.02151308105124,1.5443613092014971e-15,1.6573719479865694e-15,0.0,0.0,0.0,0.0,0,idle,769.7453664347199,248.10677831854076,762.520932648431,248.20636385700868,0.12,0.12
1791330803.548165,760.0,252.11870972171073,-222.97848691894876,137.0215130810512,1.5134740830174673e-15,1.624224509026838e-15,0.0,0.0,0.0,0.0,0,idle,749.627370566359,261.959818493757,761.8762545443274,248.8940365888461,0.12,0.12
1791330803.564679,760.0,252.11870972171073,-222.97848691894876,137.0215130810512,1.483204601357118e-15,1.5917400188463013e-15,0.0,0.0,0.0,0.0,0,idle,758.2871558341188,273.364269120927,761.696799608817,250.11754821545014,0.12,0.12
1791330803.582197,760.0,252.11870972171073,-222.97848691894876,137.02151308105124,1.4535405093299755e-15,1.5599052184693754e-15,0.0,0.0,0.0,0.0,0,idle,755.998070495265,262.6639407515736,761.4118631531394,250.74486784225633,0.12,0.12
1791330803.5987341,760.0,252.11870972171073,-222.97848691894876,137.02151308105124,1.424469699143376e-15,1.5287071140999879e-15,0.0,0.0,0.0,0.0,0,idle,729.03985736013,262.0288320481952,759.793262863489,251.30906605255328,0.12,0.12
1791330803.6163762,760.0,252.11870972171073,-222.97848691894876,137.02151308105124,1.3959803051605085e-15,1.4981329718179881e-15,0.0,0.0,0.0,0.0,0,idle,751.3787178020572,257.39867311294955,759.3725356104173,251.6135464055731,0.12,0.12
1791330803.6330419,760.0,252.11870972171073,-222.97848691894876,137.02151308105124,1.3680606990572985e-15,1.4681703123816284e-15,0.0,0.0,0.0,0.0,0,idle,742.759333161333,264.5743912046349,758.5418754879631,252.2615886455262,0.12,0.12
1791330803.649933,760.0,252.11870972171073,-222.97848691894876,137.02151308105124,1.3406994850761525e-15,1.4388069061339958e-15,0.0,0.0,0.0,0.0,0,idle,772.9250061326882,240.51154395677614,759.2610320201994,251.6740864110887,0.12,0.12
1791330803.667555,760.0,252.11870972171073,-222.97848691894876,137.02151308105124,1.3138854953746294e-15,1.410030768011316e-15,0.0,0.0,0.0,0.0,0,idle,754.5591909836189,245.25987132136643,759.0259399683704,251.3533756566026,0.12,0.12
1791330803.684244,760.0,252.11870972171073,-222.97848691894876,137.02151308105124,1.2876077854671368e-15,1.3818301526510897e-15,0.0,0.0,0.0,0.0,0,idle,769.049455236593,253.54171728199054,759.5271157317815,251.46279273787198,0.12,0.12
1791330803.700192,760.0,252.11870972171073,-222.97848691894876,137.02151308105124,1.2618556297577942e-15,1.354193549598068e-15,0.0,0.0,0.0,0.0,0,idle,753.4585185748143,236.17901536663405,759.2236858739332,250.6986038693101,0.12,0.12
1791330803.717314,760.0,252.11870972171073,-222.97848691894876,137.02151308105124,1.2366185171626383e-15,1.3271096786061067e-15,0.0,0.0,0.0,0.0,0,idle,763.893218379263,278.0235612881404,759.4571624991996,252.0648517402516,0.12,0.12
1791330803.734209,760.0,252.11870972171073,-222.97848691894876,137.02151308105124,1.2118861468193856e-15,1.3005674850339845e-15,0.0,0.0,0.0,0.0,0,idle,736.5438994986808,244.74688317721777,758.3114993491737,251.69895331209992,0.12,0.12
1791330803.751464,760.0,252.11870972171073,-222.97848691894876,137.02151308105124,1.187648423882998e-15,1.2745561353333048e-15,0.0,0.0,0.0,0.0,0,idle,777.2201544543071,258.30023690486144,759.2569321044303,252.029017491738,0.12,0.12
1791330803.768607,760.0,252.11870972171073,-222.97848691894876,137.02151308105124,1.163895455405338e-15,1.2490650126266387e-15,0.0,0.0,0.0,0.0,0,idle,749.4925189065525,263.2789489177924,758.7687114445365,252.5915140630407,0.12,0.12
1791330803.7857149,760.0,252.11870972171073,-222.97848691894876,137.02151308105124,1.1406175462972311e-15,1.224083712374106e-15,0.0,0.0,0.0,0.0,0,idle,732.1520343012527,240.53001220521458,757.4378775873723,251.9884389701494,0.12,0.12
1791330803.801825,760.0,252.11870972171073,-222.97848691894876,137.02151308105124,1.1178051953712864e-15,1.1996020381266238e-15,0.0,0.0,0.0,0.0,0,idle,727.4879995127285,251.21754138937447,755.9403836836401,251.94989409111065,0.12,0.12
1791330803.8190022,760.0,252.11870972171073,-222.97848691894876,137.02151308105124,1.0954490914638606e-15,1.1756099973640913e-15,0.0,0.0,0.0,0.0,0,idle,753.6316874291877,225.7322426456334,755.8249488709175,250.63901151883678,0.12,0.12
1791330803.836231,760.0,252.11870972171073,-222.97848691894876,137.02151308105124,1.0735401096345835e-15,1.1520977974168094e-15,0.0,0.0,0.0,0.0,0,idle,762.0038308637105,255.9592752845611,756.1338929705572,250.905024707123,0.12,0.12
1791330803.853296,760.0,252.11870972171073,-222.97848691894876,137.02151308105124,1.0520693074418918e-15,1.1290558414684733e-15,0.0,0.0,0.0,0.0,0,idle,769.3695982965651,262.26716670067333,756.7956782368576,251.47313180680052,0.12,0.12
1791330803.870492,760.0,252.11870972171073,-222.97848691894876,137.02151308105124,1.031027921293054e-15,1.1064747246391038e-15,0.0,0.0,0.0,0.0,0,idle,764.2583818525078,248.64959381405995,757.1688134176401,251.3319549071635,0.12,0.12
1791330803.88751,760.0,252.11870972171073,-222.97848691894876,137.02151308105124,1.010407362867193e-15,1.0843452301463217e-15,0.0,0.0,0.0,0.0,0,idle,754.3419084848329,251.7110914031671,757.0274681709997,251.35091173196366,0.12,0.12
1791330803.9046452,760.0,252.11870972171073,-222.97848691894876,137.02151308105124,9.90199215609849e-16,1.0626583255433953e-15,0.0,0.0,0.0,0.0,0,idle,757.5108698454651,229.93499428059343,757.0516382547229,250.28011585939515,0.12,0.12
1791330803.920578,760.0,252.11870972171073,-222.97848691894876,137.02151308105124,9.70395231297652e-16,1.0414051590325274e-15,0.0,0.0,0.0,0.0,0,idle,773.4507007273494,243.82772687306394,757.8715913783542,249.9574964100786,0.12,0.12
1791330803.9369652,760.0,252.11870972171073,-222.97848691894876,137.02151308105124,9.50987326671699e-16,1.020577055851877e-15,0.0,0.0,0.0,0.0,0,idle,745.4608477953014,245.33728876755035,757.2510541992016,249.72648602795218,0.12,0.12
1791330803.954001,760.0,252.11870972171073,-222.97848691894876,137.02151308105124,9.319675801382651e-16,1.0001655147348395e-15,0.0,0.0,0.0,0.0,0,idle,757.0141186068203,242.09221824282426,757.2392074195825,249.3447726386958,0.12,0.12
1791330803.9715369,760.0,252.11870972171073,-222.97848691894876,137.02151308105124,9.133282285354998e-16,9.801622044401428e-16,0.0,0.0,0.0,0.0,0,idle,775.6016328843195,246.83141550625118,758.1573286928193,249.21910478207354,0.12,0.12
1791330803.987999,760.0,252.11870972171073,-222.97848691894876,137.02151308105124,8.950616639647898e-16,9.605589603513399e-16,0.0,0.0,0.0,0.0,0,idle,747.3425547744828,251.41201117989561,757.6165899969025,249.32875010196466,0.12,0.12
1791330804.0054982,760.0,252.11870972171073,-222.97848691894876,137.02151308105124,8.771604306854941e-16,9.413477811443132e-16,0.0,0.0,0.0,0.0,0,idle,748.2029934807615,246.64202706145974,757.1459101710955,249.19441394993942,0.12,0.12
1791330804.021976,760.0,252.11870972171073,-222.97848691894876,137.02151308105124,8.596172220717842e-16,9.225208255214269e-16,0.0,0.0,0.0,0.0,0,idle,754.8509437062329,248.64989333899445,757.0311618478523,249.16718791939218,0.12,0.12
1791330804.038015,760.0,252.11870972171073,-222.97848691894876,137.02151308105124,8.424248776303485e-16,9.040704090109984e-16,0.0,0.0,0.0,0.0,0,idle,762.3002157351933,251.41711576539552,757.2946145422194,249.27968431169234,0.12,0.12
1791330804.054775,760.0,252.11870972171073,-222.97848691894876,137.02151308105124,8.255763800777416e-16,8.859890008307784e-16,0.0,0.0,0.0,0.0,0,idle,749.248105023952,235.19283863960914,756.892289066306,248.5753420280882,0.12,0.12
1791330804.072434,760.0,252.11870972171073,-222.97848691894876,137.02151308105124,8.090648524761867e-16,8.682692208141628e-16,0.0,0.0,0.0,0.0,0,idle,761.4245290044381,272.359293960608,757.1189010632127,249.7645396247142,0.12,0.12
1791330804.089092,760.0,252.11870972171073,-222.97848691894876,137.02151308105124,7.92883555426663e-16,8.509038363978795e-16,0.0,0.0,0.0,0.0,0,idle,741.3830905223203,259.74810559813767,756.3321105361681,250.26371792338537,0.12,0.12
1791330804.105793,760.0,252.11870972171073,-222.97848691894876,137.02151308105124,7.770258843181298e-16,8.338857596699219e-16,0.0,0.0,0.0,0.0,0,idle,755.7744535249608,250.84877815105006,756.3042276856078,250.29297093476862,0.12,0.12
1791330804.1238542,760.0,252.11870972171073,-222.97848691894876,137.02151308105124,7.614853666317672e-16,8.172080444765234e-16,0.0,0.0,0.0,0.0,0,idle,751.964804581154,243.14893108957827,756.087256530385,249.9357689425091,0.12,0.12
1791330804.140994,760.0,252.11870972171073,-222.97848691894876,137.02151308105124,7.462556592991318e-16,8.00863883586993e-16,0.0,0.0,0.0,0.0,0,idle,775.3720593951658,244.51295378280685,757.0514966736241,249.664628184524,0.12,0.12
1791330804.158156,760.0,252.11870972171073,-222.97848691894876,137.02151308105124,7.313305461131492e-16,7.848466059152531e-16,0.0,0.0,0.0,0.0,0,idle,746.9286584348837,253.97583425990297,756.5453547616871,249.88018848829293,0.12,0.12
1791330804.1754172,760.0,252.11870972171073,-222.97848691894876,137.02151308105124,7.167039351908862e-16,7.69149673796948e-16,0.0,0.0,0.0,0.0,0,idle,762.9145060780386,240.56494700676376,756.8638123275047,249.41442641421648,0.12,0.12
1791330804.192632,760.0,252.11870972171073,-222.97848691894876,137.02151308105124,7.023698564870684e-16,7.53766680321009e-16,0.0,0.0,0.0,0.0,0,idle,753.3598064541517,253.96162220504337,756.688612033837,249.64178620375782,0.12,0.12
1791330804.208912,760.0,252.11870972171073,-222.97848691894876,137.0215130810512,6.883224593573271e-16,7.386913467145888e-16,0.0,0.0,0.0,0.0,0,idle,767.3871677950486,246.481116397774,757.2235398218976,249.4837527134586,0.12,0.12
1791330804.2259,760.0,252.11870972171073,-222.97848691894876,137.0215130810512,6.745560101701806e-16,7.23917519780297e-16,0.0,0.0,0.0,0.0,0,idle,756.3303329712812,242.94731620150793,757.1788794793667,249.15693088786108,0.12,0.12
1791330804.24272,760.0,252.11870972171073,-222.97848691894876,137.0215130810512,6.61064889966777e-16,7.094391693846911e-16,0.0,0.0,0.0,0.0,0,idle,755.3301167966284,271.4893053716247,757.0864413452298,250.27354961204927,0.12,0.12
1791330804.259512,760.0,252.11870972171073,-222.97848691894876,137.0215130810512,6.478435921674414e-16,6.952503859969973e-16,0.0,0.0,0.0,0.0,0,idle,775.5359736236223,223.3165798445608,758.0089179591494,248.92570112367486,0.12,0.12
1791330804.2762291,760.0,252.11870972171073,-222.97848691894876,137.0215130810512,6.348867203240926e-16,6.813453782770573e-16,0.0,0.0,0.0,0.0,0,idle,774.2565364219116,263.98301700654787,758.8212988822875,249.6785669178185,0.12,0.12
1791330804.2926111,760.0,252.11870972171073,-222.97848691894876,137.0215130810512,6.221889859176107e-16,6.677184707115162e-16,0.0,0.0,0.0,0.0,0,idle,758.5846355840971,235.4521776849105,758.809465717378,248.9672474561731,0.12,0.12
1791330804.309526,760.0,252.11870972171073,-222.97848691894876,137.0215130810512,6.097452061992585e-16,6.543641012972858e-16,0.0,0.0,0.0,0.0,0,idle,759.3911376866739,261.21825323931637,758.8385493158428,249.57979774533027,0.12,0.12
1791330804.325706,760.0,252.11870972171073,-222.97848691894876,137.02151308105124,5.975503020752733e-16,6.412768192713401e-16,0.0,0.0,0.0,0.0,0,idle,727.8755188320007,242.58276288970467,757.2903977916507,249.22994600254899,0.12,0.12
1791330804.34186,760.0,252.11870972171073,-222.97848691894876,137.0215130810512,5.855992960337679e-16,6.284512828859134e-16,0.0,0.0,0.0,0.0,0,idle,758.3166884626457,246.17836232863309,757.3417123252004,249.0773668188532,0.12,0.12
1791330804.359539,760.0,252.11870972171073,-222.97848691894876,137.0215130810512,5.738873101130925e-16,6.158822572281951e-16,0.0,0.0,0.0,0.0,0,idle,759.4671799728021,241.2785474244533,757.4479857075805,248.6874258491332,0.12,0.12
1791330804.3763452,760.0,252.11870972171073,-222.97848691894876,137.0215130810512,5.624095639108307e-16,6.035646120836312e-16,0.0,0.0,0.0,0.0,0,idle,751.5347537621217,265.89014173007047,757.1523241103076,249.54756164318007,0.12,0.12
1791330804.392958,760.0,252.11870972171073,-222.97848691894876,137.02151308105124,5.51161372632614e-16,5.914933198419586e-16,0.0,0.0,0.0,0.0,0,idle,768.8620422870326,264.51866038961845,757.7378100191439,250.296116580502,0.12,0.12
1791330804.410671,760.0,252.11870972171073,-222.97848691894876,137.02151308105124,5.401381451799617e-16,5.796634534451195e-16,0.0,0.0,0.0,0.0,0,idle,766.3851718623787,265.9496119878661,758.1701781113056,251.0787913508702,0.12,0.12
1791330804.4272199,760.0,252.11870972171073,-222.97848691894876,137.02151308105124,5.2933538227636255e-16,5.680701843762171e-16,0.0,0.0,0.0,0.0,0,idle,782.7287286751049,249.15558685681103,759.3981056394956,250.98263112616723,0.12,0.12
1791330804.443765,760.0,252.11870972171073,-222.97848691894876,137.02151308105124,5.187486746308353e-16,5.567087806886927e-16,0.0,0.0,0.0,0.0,0,idle,755.1197304767264,245.35734897389347,759.1841868813572,250.70136701855355,0.12,0.12
1791330804.4614131,760.0,252.11870972171073,-222.97848691894876,137.0215130810512,5.083737011382186e-16,5.455746050749189e-16,0.0,0.0,0.0,0.0,0,idle,788.4757263424627,246.84848469510015,760.6487638544124,250.5087229023809,0.12,0.12
1791330804.478063,760.0,252.11870972171073,-222.97848691894876,137.0215130810512,4.982062271154543e-16,5.346631129734205e-16,0.0,0.0,0.0,0.0,0,idle,750.9027421126758,247.04058311399928,760.1614627673256,250.33531591296182,0.12,0.12
1791330804.494406,760.0,252.11870972171073,-222.97848691894876,137.02151308105124,4.882421025731452e-16,5.239698507139521e-16,0.0,0.0,0.0,0.0,0,idle,757.9316262042755,233.7986160327732,760.0499709391731,249.5084809189524,0.12,0.12
1791330804.510567,760.0,252.11870972171073,-222.97848691894876,137.0215130810512,4.784772605216823e-16,5.13490453699673e-16,0.0,0.0,0.0,0.0,0,idle,760.6583663214926,238.90073222005455,760.0803907082891,248.9780934840075,0.12,0.12
1791330804.529556,760.0,252.11870972171073,-222.97848691894876,137.0215130810512,4.689077153112487e-16,5.032206446256796e-16,0.0,0.0,0.0,0.0,0,idle,753.7840571204863,257.2223862128681,759.765574028899,249.39030812045053,0.12,0.12
1791330804.544524,760.0,252.11870972171073,-222.97848691894876,137.0215130810512,4.595295610050237e-16,4.93156231733166e-16,0.0,0.0,0.0,0.0,0,idle,759.1884478741579,254.28829501101205,759.7367177211619,249.6352074649786,0.12,0.12
1791330804.56051,760.0,252.11870972171073,-222.97848691894876,137.0215130810512,4.503389697849232e-16,4.832931070985027e-16,0.0,0.0,0.0,0.0,0,idle,774.8008300569097,273.77842283202017,760.4899233379492,250.8423682333307,0.12,0.12
1791330804.5771132,760.0,252.11870972171073,-222.97848691894876,137.0215130810512,4.4133219038922477e-16,4.7362724495653265e-16,0.0,0.0,0.0,0.0,0,idle,781.7927215342717,249.58832653844777,761.5550632477654,250.77966614858656,0.12,0.12
1791330804.594327,760.0,252.11870972171073,-222.97848691894876,137.02151308105124,4.3250554658144027e-16,4.641547000574021e-16,0.0,0.0,0.0,0.0,0,idle,749.5519563913895,253.63676907989856,760.9549079049466,250.92252129515217,0.12,0.12
1791330804.610444,760.0,252.11870972171073,-222.97848691894876,137.02151308105124,4.238554356498115e-16,4.54871606056254e-16,0.0,0.0,0.0,0.0,0,idle,766.8478553390947,269.065462480284,761.249555276654,251.82966835440877,0.12,0.12
1791330804.6274529,760.0,252.11870972171073,-222.97848691894876,137.02151308105124,4.1537832693681525e-16,4.45774173935129e-16,0.0,0.0,0.0,0.0,0,idle,770.2596182326805,258.72133006369654,761.7000584244553,252.17425143987316,0.12,0.12
1791330804.644608,760.0,252.11870972171073,-222.97848691894876,137.02151308105124,4.070707603980789e-16,4.368586904564264e-16,0.0,0.0,0.0,0.0,0,idle,751.0564651327845,251.31929687387998,761.1678787598718,252.1315037115735,0.12,0.12
1791330804.661493,760.0,252.11870972171073,-222.97848691894876,137.02151308105124,3.9892934519011733e-16,4.2812151664729783e-16,0.0,0.0,0.0,0.0,0,idle,758.4365384140185,258.29371078723824,761.0313117425791,252.43961406535672,0.12,0.12
1791330804.6785128,760.0,252.11870972171073,-222.97848691894876,137.02151308105124,3.90950758286315e-16,4.1955908631435185e-16,0.0,0.0,0.0,0.0,0,idle,728.5611124907585,224.04883390639836,759.4078017799881,251.0200750574088,0.12,0.12
1791330804.69546,760.0,252.11870972171073,-222.97848691894876,137.02151308105124,3.8313174312058865e-16,4.111679045880648e-16,0.0,0.0,0.0,0.0,0,idle,771.8864799871134,237.11034040604815,760.0317356903444,250.32458832484076,0.12,0.12
1791330804.7124422,760.0,252.11870972171073,-222.97848691894876,137.02151308105124,3.7546910825817686e-16,4.029445464963035e-16,0.0,0.0,0.0,0.0,0,idle,759.0240280552271,256.45771813822165,759.9813503085885,250.6312448155098,0.12,0.12
1791330804.72931,760.0,252.11870972171073,-222.97848691894876,137.02151308105124,3.6795972609301334e-16,3.948856555663774e-16,0.0,0.0,0.0,0.0,0,idle,773.804032899947,260.57390219989963,760.6724844381564,251.1283776847293,0.12,0.12
1791330804.746156,760.0,252.11870972171073,-222.97848691894876,137.02151308105124,3.6060053157115305e-16,3.8698794245504985e-16,0.0,0.0,0.0,0.0,0,idle,769.0040364024263,251.16142579576052,761.0890620363699,251.13003009028085,0.12,0.12
1791330804.763094,760.0,252.11870972171073,-222.97848691894876,137.02151308105124,3.5338852093973e-16,3.792481836059488e-16,0.0,0.0,0.0,0.0,0,idle,773.178710858517,255.12803543669443,761.6935444774773,251.32993035760154,0.12,0.12
1791330804.7799869,760.0,252.11870972171073,-222.97848691894876,137.02151308105124,3.463207505209354e-16,3.7166321993382983e-16,0.0,0.0,0.0,0.0,0,idle,771.7471512993505,271.49554760701375,762.196224818571,252.33821122007214,0.12,0.12
1791330804.797241,760.0,252.11870972171073,-222.97848691894876,137.02151308105124,3.3939433551051665e-16,3.642299555351532e-16,0.0,0.0,0.0,0.0,0,idle,750.5879933937075,240.61361224396728,761.6158132473278,251.75198127126689,0.12,0.12
1791330804.813277,760.0,252.11870972171073,-222.97848691894876,137.02151308105124,3.326064488003063e-16,3.5694535642445014e-16,0.0,0.0,0.0,0.0,0,idle,774.8180328658344,232.73985782499244,762.2759242282531,250.80137509895317,0.12,0.12
1791330804.829791,760.0,252.11870972171073,-222.97848691894876,137.02151308105124,3.259543198243002e-16,3.498064492959611e-16,0.0,0.0,0.0,0.0,0,idle,758.8764968184569,254.20084894547796,762.1059528577632,250.9713487912794,0.12,0.12
1791330804.847191,760.0,252.11870972171073,-222.97848691894876,137.02151308105124,3.1943523342781416e-16,3.428103203100419e-16,0.0,0.0,0.0,0.0,0,idle,755.9908680630157,265.2056043406147,761.8001986180259,251.68306156874618,0.12,0.12
1791330804.863662,760.0,252.11870972171073,-222.97848691894876,137.02151308105124,3.130465287592579e-16,3.3595411390384106e-16,0.0,0.0,0.0,0.0,0,idle,751.7122393705082,245.2974327255157,761.29580065565,251.36378012658466,0.12,0.12
1791330804.880883,760.0,252.11870972171073,-222.97848691894876,137.02151308105124,3.067855981840727e-16,3.2923503162576424e-16,0.0,0.0,0.0,0.0,0,idle,744.8021113526918,236.18824435150617,760.4711161905021,250.60500333783074,0.12,0.12
1791330804.898222,760.0,252.11870972171073,-222.97848691894876,137.02151308105124,3.0064988622039127e-16,3.2265033099324896e-16,0.0,0.0,0.0,0.0,0,idle,749.5620218803698,249.1517901449658,759.9256614749955,250.5323426781875,0.12,0.12
1791330804.9148228,760.0,252.11870972171073,-222.97848691894876,137.02151308105124,2.9463688849598345e-16,3.16197324373384e-16,0.0,0.0,0.0,0.0,0,idle,768.6474947361498,245.8404174116376,760.3617531380532,250.29774641486,0.12,0.12
1791330804.932492,760.0,252.11870972171073,-222.97848691894876,137.02151308105124,2.8874415072606376e-16,3.098733778859163e-16,0.0,0.0,0.0,0.0,0,idle,756.3493940488027,247.88654440222004,760.1611351835907,250.177186314228,0.12,0.12
1791330804.949034,760.0,252.11870972171073,-222.97848691894876,137.02151308105124,2.829692677115425e-16,3.0367591032819797e-16,0.0,0.0,0.0,0.0,0,idle,758.964514000087,235.47107185422027,760.1013041244155,249.44188059122763,0.12,0.12
1791330804.96476,760.0,252.11870972171073,-222.97848691894876,137.02151308105124,2.773098823573116e-16,2.97602392121634e-16,0.0,0.0,0.0,0.0,0,idle,742.9646246935728,263.79171524061405,759.2444701528733,250.15937232369694,0.12,0.12
1791330804.982301,760.0,252.11870972171073,-222.97848691894876,137.02151308105124,2.717636847101654e-16,2.9165034427920133e-16,0.0,0.0,0.0,0.0,0,idle,760.0228757712454,240.67193141952188,759.283390433792,249.6850002784882,0.12,0.12
1791330804.9989812,760.0,252.11870972171073,-222.97848691894876,137.02151308105124,2.6632841101596205e-16,2.858173373936173e-16,0.0,0.0,0.0,0.0,0,idle,768.680646913801,272.3146107218864,759.7532532577924,250.8164808006581,0.12,0.12
1791330805.016696,760.0,252.11870972171073,-222.97848691894876,137.02151308105124,2.6100184279564285e-16,2.8010099064574495e-16,0.0,0.0,0.0,0.0,0,idle,764.2924364308955,239.70267580946262,759.9802124164476,250.26079055109832,0.12,0.12
1791330805.033201,760.0,252.11870972171073,-222.97848691894876,137.02151308105124,2.5578180593973e-16,2.7449897083283005e-16,0.0,0.0,0.0,0.0,0,idle,758.8109959853721,268.3530589150516,759.9217515948937,251.165403969296,0.12,0.12
1791330805.04981,760.0,252.11870972171073,-222.97848691894876,137.0215130810512,2.506661698209354e-16,2.6900899141617344e-16,0.0,0.0,0.0,0.0,0,idle,758.6566618351675,279.88391262174036,759.8584971069074,252.6013294019182,0.12,0.12
1791330805.067364,760.0,252.11870972171073,-222.97848691894876,137.02151308105124,2.456528464245167e-16,2.6362881158784997e-16,0.0,0.0,0.0,0.0,0,idle,753.7128169916392,265.2431943038159,759.551213101144,253.2334226470131,0.12,0.12
1791330805.0836549,760.0,252.11870972171073,-222.97848691894876,137.02151308105124,2.4073978949602633e-16,2.5835623535609296e-16,0.0,0.0,0.0,0.0,0,idle,760.2368773071124,234.50046655098194,759.5854963114424,252.29677484221153,0.12,0.12
1791330805.099374,760.0,252.11870972171073,-222.97848691894876,137.02151308105124,2.359249937061058e-16,2.531891106489711e-16,0.0,0.0,0.0,0.0,0,idle,748.5495116357542,265.86772715011307,759.033697077658,252.9753224576066,0.12,0.12
1791330805.116128,760.0,252.11870972171073,-222.97848691894876,137.02151308105124,2.312064938319837e-16,2.481253284359917e-16,0.0,0.0,0.0,0.0,0,idle,778.913536054761,265.27277968742845,760.0276890265131,253.5901953190977,0.12,0.12
1791330805.133097,760.0,252.11870972171073,-222.97848691894876,137.02151308105124,2.2658236395534404e-16,2.4316282186727185e-16,0.0,0.0,0.0,0.0,0,idle,759.426789244989,260.96110902602163,759.9976440374369,253.95874100444388,0.12,0.12
1791330805.1498759,760.0,252.11870972171073,-222.97848691894876,137.0215130810512,2.2205071667623717e-16,2.382995654299264e-16,0.0,0.0,0.0,0.0,0,idle,765.4438802260895,260.51774646403373,760.2699558468695,254.28669127742336,0.12,0.12
1791330805.167572,760.0,252.11870972171073,-222.97848691894876,137.0215130810512,2.1760970234271243e-16,2.335335741213279e-16,0.0,0.0,0.0,0.0,0,idle,771.0403270969099,232.85274037283267,760.8084744093715,253.21499373219382,0.12,0.12
1791330805.184493,760.0,252.11870972171073,-222.97848691894876,137.0215130810512,2.132575082958582e-16,2.2886290263890135e-16,0.0,0.0,0.0,0.0,0,idle,779.5126717623948,259.8786308339297,761.7436842770226,253.5481755872806,0.12,0.12
1791330805.201113,760.0,252.11870972171073,-222.97848691894876,137.02151308105124,2.0899235812994102e-16,2.242856445861233e-16,0.0,0.0,0.0,0.0,0,idle,756.9434868600986,262.31128758305493,761.5036744061764,253.98633118706934,0.12,0.12
1791330805.2186172,760.0,252.11870972171073,-222.97848691894876,137.0215130810512,2.048125109673422e-16,2.1979993169440085e-16,0.0,0.0,0.0,0.0,0,idle,755.5056857026415,241.39343591589807,761.2037749709997,253.35668642351078,0.12,0.12
1791330805.235106,760.0,252.11870972171073,-222.97848691894876,137.0215130810512,2.0071626074799536e-16,2.1540393306051283e-16,0.0,0.0,0.0,0.0,0,idle,761.8116310837211,249.17013600970566,761.2341677766358,253.1473589028205,0.12,0.12
1791330805.252613,760.0,252.11870972171073,-222.97848691894876,137.02151308105124,1.9670193553303545e-16,2.1109585439930259e-16,0.0,0.0,0.0,0.0,0,idle,785.1060638555696,259.162869331136,762.4277625805825,253.4481344242363,0.12,0.12
1791330805.269116,760.0,252.11870972171073,-222.97848691894876,137.0215130810512,1.9276789682237475e-16,2.0687393731131653e-16,0.0,0.0,0.0,0.0,0,idle,754.9037062124594,258.7904815051796,762.0515597621763,253.71525177828346,0.12,0.12
1791330805.286561,760.0,252.11870972171073,-222.97848691894876,137.02151308105124,1.8891253888592725e-16,2.027364585650902e-16,0.0,0.0,0.0,0.0,0,idle,749.7751160452981,274.1553369331904,761.4377375763324,254.7372560360288,0.12,0.12
1791330805.3031921,760.0,252.11870972171073,-222.97848691894876,137.0215130810512,1.851342881082087e-16,1.986817293937884e-16,0.0,0.0,0.0,0.0,0,idle,766.8100861564712,258.5343289903918,761.7063550053393,254.92710968374695,0.12,0.12
1791330805.319792,760.0,252.11870972171073,-222.97848691894876,137.0215130810512,1.8143160234604453e-16,1.9470809480591262e-16,0.0,0.0,0.0,0.0,0,idle,755.2334833326378,248.94443058250687,761.3827114217042,254.62797572868493,0.12,0.12
1791330805.337321,760.0,252.11870972171073,-222.97848691894876,137.02151308105124,1.7780297029912364e-16,1.9081393290979438e-16,0.0,0.0,0.0,0.0,0,idle,741.2507193321918,243.96736762692953,760.3761118172287,254.09494532359716,0.12,0.12
1791330805.3538802,760.0,252.11870972171073,-222.97848691894876,137.02151308105124,1.7424691089314115e-16,1.869976542515985e-16,0.0,0.0,0.0,0.0,0,idle,749.5053529332031,244.8273741470969,759.8325738730274,253.63156676477215,0.12,0.12
1791330805.371388,760.0,252.11870972171073,-222.97848691894876,137.02151308105124,1.7076197267527834e-16,1.8325770116656653e-16,0.0,0.0,0.0,0.0,0,idle,754.2050390638083,274.6725125421749,759.5511971325665,254.6836140536423,0.12,0.12
1791330805.3880908,760.0,252.11870972171073,-222.97848691894876,137.02151308105124,1.6734673322177277e-16,1.795925471432352e-16,0.0,0.0,0.0,0.0,0,idle,762.034145151804,279.3137000866883,759.6753445335283,255.9151183552946,0.12,0.12
1791330805.404737,760.0,252.11870972171073,-222.97848691894876,137.02151308105124,1.6399979855733733e-16,1.7600069620037052e-16,0.0,0.0,0.0,0.0,0,idle,747.4882565987438,243.9417437192924,759.0659901367891,255.3164496234945,0.12,0.12
1791330805.4224498,760.0,252.11870972171073,-222.97848691894876,137.02151308105124,1.6071980258619059e-16,1.724806822763631e-16,0.0,0.0,0.0,0.0,0,idle,754.110421886912,256.39499210769986,758.8182117242952,255.37037674770477,0.12,0.12
1791330805.4390788,760.0,252.11870972171073,-222.97848691894876,137.02151308105124,1.5750540653446678e-16,1.6903106863083584e-16,0.0,0.0,0.0,0.0,0,idle,751.8567274759009,252.81980736754988,758.4701375118755,255.242848278697,0.12,0.12
1791330805.4557939,760.0,252.11870972171073,-222.97848691894876,137.02151308105124,1.5435529840377744e-16,1.6565044725821912e-16,0.0,0.0,0.0,0.0,0,idle,770.5216229683643,242.4355957441843,759.0727117846999,254.60248565197136,0.12,0.12
1791330805.473398,760.0,252.11870972171073,-222.97848691894876,137.02151308105124,1.512681924357019e-16,1.6233743831305474e-16,0.0,0.0,0.0,0.0,0,idle,765.0925357456974,236.0346115796815,759.3737029827498,253.67409194835687,0.12,0.12
1791330805.489944,760.0,252.11870972171073,-222.97848691894876,137.02151308105124,1.4824282858698786e-16,1.5909068954679365e-16,0.0,0.0,0.0,0.0,0,idle,757.2107357900541,239.5466519480878,759.265554623115,252.96771994834342,0.12,0.12
1791330805.507561,760.0,252.11870972171073,-222.97848691894876,137.0215130810512,1.4527797201524812e-16,1.5590887575585778e-16,0.0,0.0,0.0,0.0,0,idle,769.212717831178,249.84343647321154,759.7629127835181,252.81150577458683,0.12,0.12
1791330805.524114,760.0,252.11870972171073,-222.97848691894876,137.0215130810512,1.4237241257494316e-16,1.5279069824074062e-16,0.0,0.0,0.0,0.0,0,idle,761.4760275745273,268.0989894949918,759.8485685230686,253.5758799606071,0.12,0.12
1791330805.540763,760.0,252.11870972171073,-222.97848691894876,137.02151308105124,1.3952496432344428e-16,1.497348842759258e-16,0.0,0.0,0.0,0.0,0,idle,742.8701817056607,262.82729700215475,758.9996491821983,254.0384508126845,0.12,0.12
1791330805.558472,760.0,252.11870972171073,-222.97848691894876,137.02151308105124,1.3673446503697538e-16,1.467401865904073e-16,0.0,0.0,0.0,0.0,0,idle,752.2421370819654,249.98407250892774,758.6617735771866,253.83573189749666,0.12,0.12
1791330805.5757241,760.0,252.11870972171073,-222.97848691894876,137.02151308105124,1.3399977573623587e-16,1.4380538285859914e-16,0.0,0.0,0.0,0.0,0,idle,762.27948804058,264.283047246013,758.8426593003563,254.35809766492247,0.12,0.12
1791330805.5921412,760.0,252.11870972171073,-222.97848691894876,137.0215130810512,1.3131978022151115e-16,1.4092927520142714e-16,0.0,0.0,0.0,0.0,0,idle,763.0609770618029,277.51698821804587,759.0535751884287,255.51604219257865,0.12,0.12
1791330805.608862,760.0,252.11870972171073,-222.97848691894876,137.0215130810512,1.2869338461708093e-16,1.381106896973986e-16,0.0,0.0,0.0,0.0,0,idle,778.1656210156335,243.76704952787955,760.009177479789,254.92859255934368,0.12,0.12
1791330805.625851,760.0,252.11870972171073,-222.97848691894876,137.0215130810512,1.261195169247393e-16,1.3534847590345062e-16,0.0,0.0,0.0,0.0,0,idle,764.8317487191853,263.47355724876314,760.2503060417588,255.35584079381465,0.12,0.12
1791330805.643327,760.0,252.11870972171073,-222.97848691894876,137.0215130810512,1.2359712658624452e-16,1.326415063853816e-16,0.0,0.0,0.0,0.0,0,idle,766.1515831424846,252.8041188553604,760.5453698967951,255.22825469689195,0.12,0.12
1791330805.6597178,760.0,252.11870972171073,-222.97848691894876,137.0215130810512,1.2112518405451962e-16,1.2998867625767395e-16,0.0,0.0,0.0,0.0,0,idle,727.5559040780834,244.85044710678133,758.8958966058595,254.70936431738642,0.12,0.12
1791330805.676914,760.0,252.11870972171073,-222.97848691894876,137.0215130810512,1.1870268037342925e-16,1.2738890273252048e-16,0.0,0.0,0.0,0.0,0,idle,777.0361698132276,240.35423859586803,759.802910266228,253.9916080313105,0.12,0.12
1791330805.694407,760.0,252.11870972171073,-222.97848691894876,137.0215130810512,1.1632862676596065e-16,1.2484112467787007e-16,0.0,0.0,0.0,0.0,0,idle,743.8340733798162,265.16759002191367,759.0044684219074,254.55040713084065,0.12,0.12
1791330805.710895,760.0,252.11870972171073,-222.97848691894876,137.0215130810512,1.1400205423064144e-16,1.2234430218431268e-16,0.0,0.0,0.0,0.0,0,idle,749.3600257813288,265.7927882384958,758.5222462898785,255.11252618622342,0.12,0.12
1791330805.728478,760.0,252.11870972171073,-222.97848691894876,137.0215130810512,1.1172201314602862e-16,1.1989741614062642e-16,0.0,0.0,0.0,0.0,0,idle,767.7708891724552,244.54696989528006,758.9846784340073,254.58424837167624,0.12,0.12
1791330805.744908,760.0,252.11870972171073,-222.97848691894876,137.0215130810512,1.0948757288310804e-16,1.174994678178139e-16,0.0,0.0,0.0,0.0,0,idle,751.0493290741794,251.46831819716542,758.5879109660159,254.4284518629507,0.12,0.12
1791330805.7623732,760.0,252.11870972171073,-222.97848691894876,137.02151308105124,1.0729782142544588e-16,1.1514947846145763e-16,0.0,0.0,0.0,0.0,0,idle,751.4849813457389,262.7369955171018,758.232764485002,254.84387904565827,0.12,0.12
1791330805.778914,760.0,252.11870972171073,-222.97848691894876,137.02151308105124,1.0515186499693697e-16,1.1284648889222848e-16,0.0,0.0,0.0,0.0,0,idle,759.7507067251931,269.80271284305104,758.3086615970116,255.5918207355279,0.12,0.12
1791330805.796493,760.0,252.11870972171073,-222.97848691894876,137.02151308105124,1.0304882769699822e-16,1.1058955911438392e-16,0.0,0.0,0.0,0.0,0,idle,774.7986831804308,248.59918856134857,759.1331626761826,255.24218912681894,0.12,0.12
1791330805.813438,760.0,252.11870972171073,-222.97848691894876,137.02151308105124,1.0098785114305826e-16,1.0837776793209625e-16,0.0,0.0,0.0,0.0,0,idle,769.0603772763494,260.26982608497167,759.6295234061909,255.49357097472657,0.12,0.12
1791330805.8302531,760.0,252.11870972171073,-222.97848691894876,137.02151308105124,9.89680941201971e-17,1.0621021257345432e-16,0.0,0.0,0.0,0.0,0,idle,776.2639307463405,272.3954254400852,760.4612437731984,256.3386636979945,0.12,0.12
1791330805.8466282,760.0,252.11870972171073,-222.97848691894876,137.02151308105124,9.698873223779315e-17,1.0408600832198523e-16,0.0,0.0,0.0,0.0,0,idle,765.4098306908908,241.56783496545646,760.708673119083,255.6001222613676,0.12,0.12
1791330805.86353,760.0,252.11870972171073,-222.97848691894876,137.02151308105124,9.50489575930373e-17,1.0200428815554553e-16,0.0,0.0,0.0,0.0,0,idle,771.9738824176616,269.06457010667236,761.2719335840119,256.2733446536328,0.12,0.12
1791330805.880281,760.0,252.11870972171073,-222.97848691894876,137.02151308105124,9.314797844117655e-17,9.996420239243462e-17,0.0,0.0,0.0,0.0,0,idle,779.0084493458671,252.9974536657651,762.1587593721047,256.1095501042394,0.12,0.12
1791330805.89727,760.0,252.11870972171073,-222.97848691894876,137.02151308105124,9.128501887235301e-17,9.796491834458592e-17,0.0,0.0,0.0,0.0,0,idle,753.8393413528815,256.5809000943414,761.7427884711435,256.1331176037445,0.12,0.12
1791330805.914369,760.0,252.11870972171073,-222.97848691894876,137.02151308105124,8.945931849490595e-17,9.60056199776942e-17,0.0,0.0,0.0,0.0,0,idle,756.9032041721699,275.71032535035715,761.5008092561949,257.11197799107515,0.12,0.12
1791330805.931492,760.0,252.11870972171073,-222.97848691894876,137.02151308105124,8.767013212500784e-17,9.408550757814031e-17,0.0,0.0,0.0,0.0,0,idle,746.5461064875017,254.57975392399433,760.7530741177602,256.9853667877211,0.12,0.12
1791330805.94881,760.0,252.11870972171073,-222.97848691894876,137.0215130810512,8.591672948250767e-17,9.220379742657749e-17,0.0,0.0,0.0,0.0,0,idle,776.7862258142814,257.4090996661159,761.5547317025863,257.00655343164084,0.12,0.12
1791330805.965326,760.0,252.11870972171073,-222.97848691894876,137.0215130810512,8.419839489285751e-17,9.035972147804594e-17,0.0,0.0,0.0,0.0,0,idle,746.3112659593974,231.87651039051838,760.7925584154268,255.7500512795847,0.12,0.12
1791330805.982572,760.0,252.11870972171073,-222.97848691894876,137.0215130810512,8.251442699500036e-17,8.855252704848501e-17,0.0,0.0,0.0,0.0,0,idle,747.0856702649835,254.00430740551727,760.1072140079046,255.66276408588135,0.12,0.12
1791330806.0000892,760.0,252.11870972171073,-222.97848691894876,137.02151308105124,8.086413845510035e-17,8.678147650751532e-17,0.0,0.0,0.0,0.0,0,idle,756.7972282584218,256.8883509044302,759.9417147204305,255.7240434268088,0.12,0.12
1791330806.016524,760.0,252.11870972171073,-222.97848691894876,137.02151308105124,7.924685568599834e-17,8.504584697736501e-17,0.0,0.0,0.0,0.0,0,idle,746.1064566777758,254.2930707892285,759.2499518182977,255.6524947949298,0.12,0.12
1791330806.033403,760.0,252.11870972171073,-222.97848691894876,137.0215130810512,7.766191857227838e-17,8.334493003781771e-17,0.0,0.0,0.0,0.0,0,idle,781.8711756752118,244.17845238161874,760.3810130111434,255.07879267426424,0.12,0.12
1791330806.0504608,760.0,252.11870972171073,-222.97848691894876,137.02151308105124,7.61086802008328e-17,8.167803143706135e-17,0.0,0.0,0.0,0.0,0,idle,751.3294884862337,266.2364563385922,759.9284367848979,255.63667585748064,0.12,0.12
1791330806.067054,760.0,252.11870972171073,-222.97848691894876,137.02151308105124,7.458650659681615e-17,8.004447080832013e-17,0.0,0.0,0.0,0.0,0,idle,757.2863325807928,256.3784200110836,759.7963315746927,255.67376306516078,0.12,0.12
1791330806.083793,760.0,252.11870972171073,-222.97848691894876,137.02151308105124,7.309477646487983e-17,7.844358139215373e-17,0.0,0.0,0.0,0.0,0,idle,759.734455298228,259.23701696796485,759.7932377608694,255.851925760301,0.12,0.12
1791330806.1013792,760.0,252.11870972171073,-222.97848691894876,137.02151308105124,7.163288093558223e-17,7.687470976431065e-17,0.0,0.0,0.0,0.0,0,idle,754.2296767432377,261.488154584724,759.5150597099878,256.13373720152214,0.12,0.12
1791330806.117999,760.0,252.11870972171073,-222.97848691894876,137.02151308105124,7.020022331687059e-17,7.533721556902444e-17,0.0,0.0,0.0,0.0,0,idle,756.441961541249,245.54931768635922,759.3614048015509,255.604516225764,0.12,0.12
1791330806.139394,760.0,252.11870972171073,-222.97848691894876,137.0215130810512,6.879621885053318e-17,7.383047125764395e-17,0.0,0.0,0.0,0.0,0,idle,776.8742107727169,270.3454666645944,760.2370451001092,256.34156374770555,0.12,0.12
1791330806.152131,760.0,252.11870972171073,-222.97848691894876,137.02151308105124,6.742029447352252e-17,7.235386183249107e-17,0.0,0.0,0.0,0.0,0,idle,767.7188697478869,247.81120397640052,760.6111363324981,255.9150457591403,0.12,0.12
1791330806.168892,760.0,252.11870972171073,-222.97848691894876,137.02151308105124,6.607188858405206e-17,7.090678459584126e-17,0.0,0.0,0.0,0.0,0,idle,767.8085031778064,267.76175443133286,760.9710046747634,256.5073811927499,0.12,0.12
1791330806.186558,760.0,252.11870972171073,-222.97848691894876,137.02151308105124,6.475045081237102e-17,6.948864890392443e-17,0.0,0.0,0.0,0.0,0,idle,778.7590079384998,238.77258473198407,761.8604048379502,255.62064136971162,0.12,0.12
1791330806.203248,760.0,252.11870972171073,-222.97848691894876,137.02151308105124,6.345544179612359e-17,6.809887592584594e-17,0.0,0.0,0.0,0.0,0,idle,748.1880098685161,252.30695757806154,761.1767850894785,255.45495718012913,0.12,0.12
1791330806.218976,760.0,252.11870972171073,-222.97848691894876,137.02151308105124,6.218633296020111e-17,6.673689840732902e-17,0.0,0.0,0.0,0.0,0,idle,741.9429984364464,231.2962179503378,760.2150957568268,254.24702021863956,0.12,0.12
1791330806.2361479,760.0,252.11870972171073,-222.97848691894876,137.02151308105124,6.094260630099709e-17,6.540216043918244e-17,0.0,0.0,0.0,0.0,0,idle,746.552071823776,235.09981562999374,759.5319445601743,253.28965998920728,0.12,0.12
1791330806.253241,760.0,252.11870972171073,-222.97848691894876,137.02151308105124,5.972375417497715e-17,6.409411723039879e-17,0.0,0.0,0.0,0.0,0,idle,764.6939210116234,239.85789841955898,759.7900433827468,252.61807191072486,0.12,0.12
1791330806.270407,760.0,252.11870972171073,-222.97848691894876,137.02151308105124,5.85292790914776e-17,6.281223488579081e-17,0.0,0.0,0.0,0.0,0,idle,759.5600663771403,247.84118008754035,759.7785445324665,252.37922731956564,0.12,0.12
1791330806.287155,760.0,252.11870972171073,-222.97848691894876,137.02151308105124,5.735869350964806e-17,6.1555990188075e-17,0.0,0.0,0.0,0.0,0,idle,764.5892492691372,246.1978082009315,760.0190797693001,252.07015636363394,0.12,0.12
1791330806.3040798,760.0,252.11870972171073,-222.97848691894876,137.02151308105124,5.62115196394551e-17,6.03248703843135e-17,0.0,0.0,0.0,0.0,0,idle,756.2903338449144,247.3379938032399,759.8326424730808,251.83354823561424,0.12,0.12
1791330806.322416,760.0,252.11870972171073,-222.97848691894876,137.02151308105124,5.5087289246665994e-17,5.911837297662723e-17,0.0,0.0,0.0,0.0,0,idle,758.7308620219442,257.3799091236056,759.777553450524,252.11086628001382,0.12,0.12
1791330806.338885,760.0,252.11870972171073,-222.97848691894876,137.02151308105124,5.398554346173268e-17,5.793600551709469e-17,0.0,0.0,0.0,0.0,0,idle,774.4186224856617,228.10033346740033,760.5096069022809,250.91033963938315,0.12,0.12
1791330806.3561149,760.0,252.11870972171073,-222.97848691894876,137.02151308105124,5.2905832592498025e-17,5.67772854067528e-17,0.0,0.0,0.0,0.0,0,idle,756.4602302590449,252.88549347559874,760.3071380701191,251.00909733119394,0.12,0.12
1791330806.371784,760.0,252.11870972171073,-222.97848691894876,137.02151308105124,5.1847715940648066e-17,5.564173969861773e-17,0.0,0.0,0.0,0.0,0,idle,770.6609775383844,248.71413722465795,760.8248300435323,250.89434932586715,0.12,0.12
1791330806.388543,760.0,252.11870972171073,-222.97848691894876,137.02151308105124,5.08107616218351e-17,5.452890490464538e-17,0.0,0.0,0.0,0.0,0,idle,740.2799388045163,240.367298046447,759.7975854815815,250.36799676189614,0.12,0.12
1791330806.406344,760.0,252.11870972171073,-222.97848691894876,137.02151308105124,4.97945463893984e-17,5.343832680655247e-17,0.0,0.0,0.0,0.0,0,idle,752.2251070901823,277.9683815258498,759.4189615620115,251.74801600009383,0.12,0.12
1791330806.4231339,760.0,252.11870972171073,-222.97848691894876,137.02151308105124,4.8798655461610434e-17,5.2369560270421426e-17,0.0,0.0,0.0,0.0,0,idle,742.3075293948093,263.04759448964546,758.5633899536514,252.3129949245714,0.12,0.12
1791330806.439299,760.0,252.11870972171073,-222.97848691894876,137.02151308105124,4.7822682352378225e-17,5.1322169065012995e-17,0.0,0.0,0.0,0.0,0,idle,778.5587536985578,258.21617630662877,759.5631581408967,252.60815399367428,0.12,0.12
1791330806.456482,760.0,252.11870972171073,-222.97848691894876,137.02151308105124,4.6866228705330664e-17,5.0295725683712734e-17,0.0,0.0,0.0,0.0,0,idle,747.3615155427923,248.20182816681682,758.9530760109915,252.3878377023314,0.12,0.12
1791330806.473679,760.0,252.11870972171073,-222.97848691894876,137.02151308105124,4.592890413122405e-17,4.9289811170038475e-17,0.0,0.0,0.0,0.0,0,idle,777.1362902111515,259.81507918477496,759.8622367209995,252.75919977645358,0.12,0.12
1791330806.490316,760.0,252.11870972171073,-222.97848691894876,137.02151308105124,4.5010326048599565e-17,4.83040149466377e-17,0.0,0.0,0.0,0.0,0,idle,754.5513064304071,242.41584302237425,759.5966902064698,252.24203193874962,0.12,0.12
1791330806.5067918,760.0,252.11870972171073,-222.97848691894876,137.02151308105124,4.411011952762757e-17,4.733793464770495e-17,0.0,0.0,0.0,0.0,0,idle,763.9430470348151,256.9852624538305,759.8140080478871,252.47919346450365,0.12,0.12
1791330806.52432,760.0,252.11870972171073,-222.97848691894876,137.02151308105124,4.322791713707502e-17,4.6391175954750846e-17,0.0,0.0,0.0,0.0,0,idle,766.1956553853208,268.7414492802362,760.1330904147588,253.29230625529027,0.12,0.12
1791330806.5408242,760.0,252.11870972171073,-222.97848691894876,137.0215130810512,4.236335879433352e-17,4.5463352435655824e-17,0.0,0.0,0.0,0.0,0,idle,767.8499504429595,266.2670303787411,760.5189334161689,253.9410424614628,0.12,0.12
1791330806.726901,760.0,252.11870972171073,-222.97848691894876,137.0215130810512,4.151609161844685e-17,4.4554085386942704e-17,0.0,0.0,0.0,0.0,0,idle,754.823399897862,248.4606920293717,760.2341567402535,253.66702493985827,0.12,0.12
